"movieID","X1","X2","X3","X4"
1,-0.0308720916819921,0.0169575513654439,-0.0238029610988502,0.00670224157490087
2,-0.0214881481035751,0.0207895037986162,-0.00201424883973013,-7.04174503186343e-06
3,-0.0160526119515343,0.0159125482116266,0.0193212535302722,0.00767559121838528
4,-0.0121458425454859,0.00156688254531236,0.023423058131686,0.0348152706678058
5,-0.0160076715643914,0.0153681893445206,0.012987608333117,0.0347279806343628
6,-0.0287353431765699,0.0177296840087472,-0.0211543141275198,-0.00796614949860939
7,-0.0192650078938467,0.0128445332527469,0.00720805643205713,0.0337107678538686
8,-0.0137288185133498,0.000243722543800619,0.0256629117222443,-0.00748648905599148
9,-0.00968933938739951,0.0188107229247603,0.0249001371418359,-0.0355572331298803
10,-0.0238920360156267,0.0219078701744155,-0.00626243839245381,-0.00958199061121153
11,-0.0272726784789156,0.0207453933553624,-0.0159324915247418,0.0102692235981697
12,-0.0100543845046402,0.00294136069771665,0.0275037399264192,-0.00484313108919101
13,-0.016199668338369,-0.000901640304493083,0.0279198936187197,0.0158371260290016
14,-0.0161974334173069,-0.0155781221329051,0.017053770702696,0.015167068537031
15,-0.0136507802121587,0.0168911964509215,0.0245478236640148,-0.0113900560473317
16,-0.0272432950087952,0.0152680746000073,-0.0109360986418419,0.00171956214663599
17,-0.0279834634045194,0.00536782873440934,-0.0226815103214938,0.0221198557852782
18,-0.0169502797261235,0.00507808371983228,0.0258578719316152,-0.0329686471739917
19,-0.0150640829652458,0.0197235891443998,0.0122192969225247,-0.0100703523410709
20,-0.0110192953924432,0.0102615092487451,0.0321389462589604,-0.0142211448939476
21,-0.0275862630714723,0.011284429078999,-0.0262374726562676,-0.000540613711220104
22,-0.0211215794092046,0.0223827397682006,0.0075665797402312,0.00217250552861791
23,-0.0133078339225057,0.0159925819744669,0.0263673188439954,-0.0237151651993372
24,-0.0223646495825741,0.0205422224845122,-0.00428128536936075,0.0136215108449288
25,-0.0268666736447338,0.00518937677543446,-0.0228751407816281,-0.00249926343123768
26,-0.0169194262399048,-0.00826300466889926,0.0285174384525427,0.0200025730295048
27,-0.0107525071410324,0.00317111397771302,0.0306542802193522,0.0297339379442766
28,-0.0203943905118755,-0.0267827422592013,-0.0021874974385969,0.0156757333458701
29,-0.0266299510871187,0.0030186861135191,-0.0151998635432037,-0.0268235578862901
30,-0.0136531678858259,-0.0363386934078501,-0.0014187402787457,0.00474495606646004
31,-0.0136425018045633,0.0126196251273907,0.0316078184280657,0.0226559938813508
32,-0.0290159862159796,0.0125333786399637,-0.0235789367113938,-0.0089667262667781
33,-0.00132294904520744,0.00138864049291797,0.00670364722766442,-0.00717171022427056
34,-0.0283576497324319,0.00641075970561097,-0.023667137797766,0.0107246041861622
35,-0.0116033479949847,-0.016054439459978,0.0184466685428527,0.00631996313881428
36,-0.0278362876522207,0.00564441364679451,-0.02326186561639,0.0173528379192501
37,-0.00160428630060743,4.63334591136339e-05,0.00805528614179536,0.00406280028106378
38,-0.00508261222267592,0.0138791312663347,0.0304769145980693,0.0105287986768911
39,-0.0261023037604219,0.00849993996956049,-0.0165705090994381,0.0137358562309598
40,-0.00926943740182652,-0.0167094822779429,0.0139631917601777,0.0222354962633831
41,-0.0233055777961035,-0.0162988706985044,-0.0130070430795255,-0.00834646827635735
42,-0.015882562017508,0.00638205732799422,0.0199236611546842,-0.0230335096341499
43,-0.0173976947614001,-0.0130245796015969,-0.00604839352214513,0.0347499536526568
44,-0.012847043434793,0.0142553678737109,0.0258048420341514,-0.0257687996188564
45,-0.0220001323615739,-0.00726340641451807,-0.00962919068543532,0.00745589516027265
46,-0.0144775903602746,0.00866099562817439,0.026639581705294,0.0266247713357363
47,-0.0307992144915691,0.0191390826685716,-0.0215173384413974,-0.00260509551315849
48,-0.0163361211224945,0.012952195760763,0.0167775823417473,0.0120497735393669
49,-0.0118893274868409,-0.0214453757723074,0.0251284730487363,0.0184068175909495
50,-0.0337345208170594,0.0168696257419813,-0.029358958144418,-0.00124682003599527
51,-0.0215223157797245,-0.00666377736104417,-0.000761911145753117,0.0205448905753017
52,-0.00656144740417999,-0.0270881177299244,-0.0100072613538607,0.00172886098002046
53,-0.00559848629580936,0.0138390710313263,0.0278168115671988,0.017297691346696
54,-0.0108115001823465,-0.0244068849069903,0.015452590323226,0.0304157605190808
55,-0.00116089286662863,0.00797424995919627,0.00778608092111435,0.00372698360765376
56,-0.0135853046829245,-0.00885348981018815,0.0289723437563785,0.0361707923433025
57,-0.0259679237981741,-0.00439287025018417,-0.0187948783978558,0.0280687289939764
58,-0.0023836738933314,-0.00330600237004429,0.00194925726695663,-0.00147674897458698
59,-0.0199008055822661,0.0121637246525663,0.00465541836915578,0.0109571925633728
60,-0.011530932120229,0.0124618775663258,0.0354842370676658,0.00177496673383575
61,-0.0237335823279523,0.0162898286200515,-0.00391512131526505,0.0271924215817002
62,-0.0123086112919084,0.0156073379507997,0.0317511457386463,-0.0186032952719033
63,-0.00900831479808085,0.00336735299768499,0.027342184857418,0.00919669534094855
64,-0.00748337714691388,0.0084576301980894,0.0324086760007587,-0.00811686936096269
65,-0.00866337348625781,0.0103027022732437,0.0161242855782865,-0.00252309999252742
66,-0.00125562781268184,-0.00289195210918485,0.00258777500800406,0.00169507884596036
67,-0.0122562063477803,-0.0256706357602662,0.018968652779065,0.021958434794404
68,-0.0249386791577028,0.0174899171346841,-0.00214182480395433,-0.0142042884055502
69,-0.0190051640038918,0.0172519953486698,0.00629600699410192,-0.0245672279507064
70,-0.00906562419566295,0.011671057021395,0.0271696218999116,-0.0258244765124493
71,-0.0150360896423329,-0.0304626442216751,0.017803177663104,-0.000445491771494429
72,-0.0208651579114777,0.00148000982752199,0.0111205551591068,0.0369145624635124
73,-0.0124673847051916,0.0119542226243181,0.0300195323266162,0.0286556262613952
74,-0.00322901819334422,0.00157510831796741,0.0085956251124894,0.000486357512266937
75,-0.0148288892671538,0.0143656422524268,0.0192163575201982,-0.0273301493312194
76,-0.0123832302666923,-0.0314863852842698,0.0120817821755527,-0.00819402314276914
77,-0.0127321783158767,-0.0259803393144272,0.0174625616117423,0.00349491481240526
78,-0.0128762499028521,0.0124244099680983,0.0251339256089499,0.00894985136221393
79,-0.0136344444481263,-0.0344545382685386,-0.0104492174284026,0.0162545546876212
80,-0.0163037658896758,-0.00115639441581325,0.0194435571590958,-0.0244147116530959
81,-0.0152172412275781,-0.0286088817037012,-0.000269512078429484,0.0482064714087094
82,-0.0124687657732306,-0.0224643355067594,0.0131167801958184,0.0165865644360934
83,-0.00796591706639931,-0.0183340486844114,0.011672417332499,0.0084163573013492
84,-0.0156759259206292,-0.0233163684220088,0.0061684688488853,0.0198393451281487
85,-0.0219523341701175,0.0167544924899857,0.000853714621380722,0.0141358126668866
86,-0.00821248339051994,0.00603644123657495,0.0277357724256033,0.007008714048972
87,-0.013731719758948,0.0210495792350578,0.0318535263118396,-0.00274823616879933
88,-0.0156334988933539,0.0117347621610742,0.0281861252474266,-0.0146554027230597
89,-0.00436412159245768,-0.00895641080755501,0.00940424452255329,0.0198181370815402
90,-0.0109692620611451,-0.000965592713044214,0.0199170073324558,-0.00392612312091529
91,-0.00933916056747842,0.00331724228438115,0.0268585698232285,-0.00704156479196742
92,-0.0175244209756309,-0.0049146927477292,0.0283060273478269,0.0286288974601349
93,-0.0165590880513194,0.0152804759086848,0.0153651947997025,-0.019566255338964
94,-0.00635409797922822,-0.0187328911191625,0.00257373723336397,0.00152919356299121
95,-0.0170147497784466,-0.0283364745348347,0.00432481291223496,0.000268856654292936
97,-0.0110998998944097,-0.0337649082553458,0.014066487958924,-0.00176056126674352
98,-0.014840092997585,-0.0052990923481147,0.0225780281331893,0.00877143321120648
99,-0.022803365983404,-0.00886256770502098,-0.00166667087588952,-0.0280232492079727
100,-0.00515912820721992,-0.0017447124281759,0.0170161613037091,0.00944611144355189
101,-0.0104613808202686,-0.00936436082219287,0.0290953173056175,-0.00645954882523668
102,-0.0242217905835313,0.0301379051523705,-0.00217373930228476,-0.00770760663747983
103,-0.0193488636036153,0.00526929080350249,-0.00257176292973475,0.0310551899357866
104,-0.00497181984148999,-0.0151956126989872,-0.00551533727127828,0.00534576420406212
105,-0.0158565197503367,0.0116408432658345,0.028759542698076,-0.0158267391102921
106,-0.00123138243991768,-0.00415081320794474,0.0010507933016526,0.000102320202597389
107,-0.0315519321032376,0.0253228828919367,-0.0206714387309998,-0.000289902322192881
108,-0.0295986026160847,0.00237230886242273,-0.0264676998986864,-0.0119364953824397
109,-0.0223999770484238,0.0120367234057836,-0.00531063145439511,-0.0180112049849553
110,-0.00929232190742355,0.00360045383289209,0.0287393635871874,0.0111777619965187
111,-0.00475988892466127,-0.00862003647459542,0.00661140098829018,0.0166457208639545
112,-0.0117432661281762,-0.0256510939953739,0.00773857536391395,0.0297870785660533
113,-0.0146575909093548,-0.0214404426310157,0.0191476265455889,-0.0188239812777196
114,-0.0116379098688221,-0.00820861654530874,0.0296782465842163,0.0141307425072714
115,-0.00304266362705187,-0.00156343727754135,0.00996696485563251,0.0112392174068682
116,-0.000248011429319789,0.0037406273876167,0.000131661882162414,0.00247770239627984
117,-0.0118461966240164,-0.0323407001649163,0.00122455266233597,0.0276917675502497
118,-0.0155578069094598,0.00877198023206077,0.0202003737191865,-0.00672724224003025
119,-0.0177285133459695,-0.0332922081699448,0.000960165315657735,0.00600150415249984
120,-0.00430191277236567,-0.0103611885633229,0.00766688442220951,0.00538876807122715
121,-0.0221018284461474,-0.0137196151865546,-0.00679220631708186,0.0188062326235779
122,-0.00930815393754568,0.00759163392678487,0.0245690745986794,0.00188315139095548
123,-8.98487235295634e-05,1.93393311643623e-05,8.0794186761169e-05,0.000677343669035228
124,-0.00802546757735665,-0.02999618959683,0.00270849811581847,0.00992908719808961
125,-0.00238553212482221,-0.00446190197586703,0.000165338021468182,0.00242390846031664
126,-0.00140333993204024,-0.0083955713363086,0.00108579053335096,-0.00490350892104472
127,-0.0077639010801561,-0.0177022944766932,0.0170769273074526,0.00863918520717932
128,-0.0115713971231668,0.00492286109547232,0.0303831323647985,-0.0129353130257371
129,4.19585086824298e-05,0.000181022278133437,0.000290533006578489,0.000106986840004022
130,-0.000747817248958484,-0.00785752090709466,-0.00376593958795438,0.00013140869564173
131,-0.0105852315374396,0.00616790647705543,0.0366018095218225,-0.00480046868767577
132,-0.000370202170642717,-0.000103263801687335,0.000495742818643879,0.0020545535225648
133,-0.00203495318550095,0.000115605995494774,0.0046061541404277,0.0164633406426532
134,-0.000349768717539811,-0.000910420596007012,0.0002936492645288,-0.00068553807964981
136,-0.0143472816857573,0.0142279827429582,0.0256086812085051,0.0178721322116698
137,-0.0235247828892207,0.0111929702702694,-0.00584099847397648,0.020855172993315
139,-0.0198684322554143,-0.00351911935057951,0.00762524784668626,0.0191829439236127
140,-0.0199966675366264,0.0233132694538546,0.0047532522275413,-0.0209550733599433
141,-0.00546337510659438,0.00252567321027275,0.0256788163240032,0.0104010124240335
142,-0.0204657429543059,0.00324926442474668,0.0202870362171204,0.0307509941975358
143,-0.00480862607070663,-0.0120342448964027,0.00763644965477139,0.00207870858586005
144,-0.0142172843513848,-0.0258705771193452,0.0168956311966471,-0.0149180771583045
145,-0.0302338684046519,0.0213254160508425,-0.0247008921818553,0.00852426192033142
146,-0.0254852314450788,0.0154121762581615,-0.0102855205682023,-0.00276450908182168
147,-0.0122480245319818,-0.0114638516530547,0.0218989069532561,-0.025754719885351
148,-0.0164157834550555,0.0197219310641655,0.00765834572937652,0.0021879829034235
149,-0.0149350662971449,-0.0386014279255212,-0.00747356847672238,0.00159828298091472
150,-0.0167254183825635,-0.0207475222326093,0.00970171399776626,0.00186140552943678
151,-0.0162048469357804,-0.0206601309375473,0.0187889578562869,-0.00645845885408018
152,-0.0137187221798446,-0.00255413404323214,0.0228769527135125,-0.0111050337900527
153,-0.0140140883036138,0.0141118979701859,0.0262434126640564,0.00351184015958264
154,-0.0162026653301492,-0.0143193077236675,0.0164960083244782,0.00389325936371993
155,-0.0129166047322334,0.0208151640009234,0.0146120512734997,-0.00887565136621386
156,-0.0268736766232411,0.0229702363868287,-0.0162624431198473,0.00204336831959936
157,-0.0217009380828005,-0.0261390235256875,-0.0199117016694533,-0.0113704628044457
158,-0.0217457468065513,0.0168463364915487,0.00288653895172185,-0.0152695342371419
159,-0.0229436447539974,-0.00835788992675351,-0.0184964583475216,-0.00976140214625121
160,-0.0223038300184064,0.0220545307158561,0.00284334187039429,-0.0117704697606027
161,-0.00758451168398545,-0.00733643526017407,0.0226617183342609,-0.0007663250669644
162,-0.00192983249117013,-0.00475413892793729,0.00706929546254482,0.000272859192600166
163,-0.0145365279223576,0.0247898437693057,0.0270193145899226,0.0140076432096076
164,-0.00931740959339778,0.0109186241466167,0.018448419949325,0.0214925903848222
165,-0.0160554415235204,0.0208428566984089,0.0257498399330895,-0.0164575747379651
166,-0.0144154329941765,-0.0109100849443581,0.0413364263778739,0.0191054688455907
167,-0.0153847584790354,0.0180241456402228,0.0111449225911566,-0.00689486263466779
168,-0.0133231308209664,0.0201211758618294,0.0139996104467203,-0.00696285720500512
169,-0.00791443589809851,0.00604123754983995,0.0340487081649403,-0.0143322781321155
170,-0.019682170209117,-0.00527131405653311,0.0094405201087383,0.0120994513111279
171,-0.0192531351988937,-0.0278940201563027,-0.00544388023901636,-0.00561564042564883
172,-0.0115969806815591,0.00348188630240421,0.0332419133034243,-0.0226677951421705
173,-0.00642747613811787,-0.0181867194561851,0.0088001177889323,-0.000178436286435259
174,-0.00751325125934307,-0.00524323278253185,0.0209233432979237,0.0110560342208553
175,-0.0237014882833669,0.0222738019886375,0.00162296071052497,-0.00848529783923189
176,-0.0063153293378884,0.00273026774066098,0.0243828079704669,0.00140387647444522
177,-0.0101080152501036,-0.00735117813373491,0.0304894949041654,0.0290591318941978
178,-0.0110559511253695,-0.0163493374555536,0.0206859077039905,-0.0065705927724227
179,-0.00662002709298629,-0.0143476248321862,0.0120436029410828,-0.00196983692800243
180,-0.0182688733356211,0.0218216777700288,0.00929709156629766,0.00372382058727371
181,-0.0123727303619384,0.00936263469475997,0.0292045675658623,0.015265262146345
182,-0.0145438252819803,-0.0184707657530805,0.0262353675731472,0.0144706918246696
183,-0.0162154154837067,0.00934234302270316,0.0257810696958944,-0.0239606900883629
184,-0.00611834101366672,-0.00510320867275721,0.0187812569080154,0.00609781363097968
185,-0.0143731355637291,-0.0363014163824628,-0.00138777460885409,-0.00697099336667154
186,-0.0114638233024253,0.00451533424529416,0.0245631568231666,0.0227776693124647
188,-0.0121801170403505,0.0080472728294459,0.0138348543646452,-0.00483895363146451
189,-0.0178681433705594,-0.0227716752319105,0.00548670060698883,0.0258108475098257
190,-0.0119302944487264,0.00120850908746289,0.0297195821292718,0.0189282749746411
191,-0.0163207895804522,0.0176920457724238,0.0124351266322127,-0.0123159767692053
192,-0.00695313391758715,-0.0173294429516363,0.0110917281876973,0.00265638202202593
193,-0.0225943139824267,0.0148615579924483,-0.00747845617030533,-0.0162025006713915
194,-0.0168558039178387,-0.0304113053468818,0.00123725151458445,0.0126108714224399
195,-0.00352090824734726,-0.000912992860774409,0.0120631603912923,0.00576127697671682
196,-0.00666939752741404,-0.00964229039562695,0.0220746351488607,0.00592734424564413
197,-0.00460761495196436,0.000738489588367388,0.00499466400714581,0.00581982259397152
198,-0.0143409522265066,-0.00450647709176457,0.0266322814717185,0.0343806528068578
199,-0.0124280251156593,0.0171067420728897,0.0289725379339932,-0.0256352315094313
200,-0.016082525460454,-0.0207793025660805,0.0205020417563288,0.0209847667589207
201,-0.0137642470515966,-0.0388306007210214,0.018651427135684,0.0012662268102999
202,-0.0135048067458662,0.0117493824403031,0.0297180256922111,0.0228303877369173
203,-0.0160406437904787,0.0190700672647115,0.00646033755670872,-0.00547570978884878
204,-0.0103695370060671,-0.00365550785256435,0.0219034015212014,-0.00320791723535302
205,-0.0111062835710756,-0.00753033990910671,0.00949704476441965,-0.00978201487858103
206,-0.00976130983591611,-0.02214308717905,0.00930182964266709,0.0255586435174932
207,-0.000608812598406506,-0.00165710919715091,0.00126189334401492,0.00124944099743725
208,-0.0196491852839548,-0.0317379023418439,-0.0157159906507358,0.0159541186336771
209,-0.00699709686535026,-0.0238980773965822,0.00863769909689225,0.00967629135654188
210,-0.0178594856328526,-0.0173554393086888,0.0135587851460008,0.0296745513455347
211,-0.0174141315778343,0.0275355578412738,0.0226274639369285,-0.0185378361700267
212,-0.0115332064806078,0.0157529065890683,0.0316460533708845,-0.0144021997731771
213,-0.0153936853564219,0.00606631824827515,0.0252521020780222,0.0225872061998146
214,-0.00897208175775598,-0.00775347795429473,0.0198558321334789,0.0199590331054649
215,-0.00487267380796015,-0.00456160826876976,0.0124580526689713,-0.0106253301705124
216,-0.0201214074525895,0.00496985775875113,0.00634498579976823,0.0338597966648827
217,-0.0295816360213322,0.0174529491317743,-0.0243958061035096,-0.00691129711004041
218,-0.0189647327874134,0.00225353642960475,0.0119381597673425,0.00871027710521491
219,-0.0194398097597722,0.0213530013751562,0.0119245496608604,0.0212718317595509
220,-0.000149623708959313,0.00233718520346518,0.000541004118455702,7.99108717910634e-05
221,-0.0115469761744935,0.0118254356858729,0.0285001271245828,-0.0298970943929509
222,-0.00213763908496305,-0.00535558238228939,0.00460837082949715,-0.0039460046690507
223,-0.0166068914306648,-0.0170741587268798,0.0186618724685106,-0.000994947550790509
224,-0.0213910557736477,0.00406355414486221,0.00167765425526268,0.00906287420203413
225,-0.0222326634505396,0.0274399700969461,-0.00454063377205345,-0.00112478207790167
226,-0.023180488359684,-0.0115504827504447,-0.00666312201549768,0.0254750127011917
227,-0.0217293023018116,-0.0098480195258461,-0.0161014069036891,0.0241812112177921
228,-0.0108749230590811,0.00887796797127068,0.0257090561175452,-0.00233312832897287
229,-0.0251275410310037,-0.00260285492569172,-0.0229601482486216,-0.0156505160673365
230,-0.0180084847058818,0.0122051600215728,0.0154826835686796,0.0215013335360029
231,-0.0159887564250235,0.0125833831947357,0.0206688441265638,0.0130421545907185
232,-0.00861426730099189,0.00268978031039176,0.0292522331722656,0.0155859965261592
233,-0.0125565563511437,0.0109909509519177,0.0301668992444294,-0.00258621954902504
234,-0.00543731068411474,-0.00474576333484756,0.0188261926483818,-0.0193842088719323
235,-0.0107907211486292,-0.00664284301048159,0.0327194761752602,0.0140943796821775
236,-0.0115276113165462,-0.0320785074165758,0.00123394237552644,0.000891233678258739
237,-0.00212501284221561,0.00034859059020802,0.00938402120393504,0.00266384858794848
238,-0.00165751595566914,-0.00137689489348698,0.00529283242433262,0.000533787731792074
239,-0.00013404861003055,0.00182258811942491,-0.00504814009273189,0.00345654889441747
240,-0.0290848961376877,-0.00119349614390547,-0.0248424831501654,0.0137850257840384
241,-0.0244469447502342,-0.0101790905786703,-0.0208213668442258,-0.00647232210090476
242,-0.0132438465309001,0.00178420447445973,0.0311857628498466,0.00783704699117988
243,-0.0223333868534818,0.00768253701591103,0.00570169814405562,0.0225224836140174
244,-0.00477327589683821,0.00673936437446125,0.0327482986163553,0.00476036492373372
245,-0.00709810571329878,0.00143765288283572,0.0154356576773169,-0.0182943601111856
246,-0.0170562170991796,0.0137709688104454,0.0222388209519397,0.0113699785235139
247,-0.0241441762542843,0.0233454578368071,-0.00599695079554783,-0.00164120795010074
248,-0.0110185171833615,-0.0166303447662973,0.0178446599101632,0.0253722817443696
249,-0.00695232721708734,0.00748681764753861,0.0190484983974885,-0.0141744981823114
250,-0.0116342690138103,0.00840228090399118,0.0351000835784036,0.00338363472659576
251,-0.0146498609449174,0.0102722200620256,0.0372493121961943,-0.00494066196389324
252,-0.0103163766499286,0.0137006171080003,0.0301156778889764,0.00316756013902569
253,-0.0130888306815883,-0.0085402422813497,0.0199486921642013,-0.0156491044595134
254,-0.0329480194528903,0.0185041630625054,-0.024966820859569,-0.00309720274371544
255,-0.0210546433960367,0.00242576604148573,0.00191105275962241,0.034904129999092
256,-0.0210445360661886,-0.00716218226044821,0.00733630929476936,0.0265680310923114
257,-0.00953331830636901,-0.0282006099229379,0.00889134228337383,0.013383791878115
258,-0.000967236106141348,-0.00482698764221173,-0.00173329581009295,0.00463130016544202
259,-0.0277553078167267,0.00752539404917495,-0.0239159548302431,0.0221795135875059
260,-0.0245756944812032,0.018941123468925,-0.00768240656941997,0.0116120820365516
261,-0.0126260700580258,0.0212839516820135,0.0289732090379408,-0.000324583110332336
262,-0.0118999609038374,-0.0212270203312024,0.0207533368468584,-0.000687637331836865
263,-0.013138201777354,-0.0198685776684098,0.0238611499684448,0.0265257515157968
264,-0.0112135706665115,0.00367057248243742,0.0263821726781131,0.0377768337563447
265,-0.00992640655431387,-0.00932393194084648,0.0294741539423683,0.0203756485898884
266,-0.0228007332861974,-0.011179931509684,-0.0142401220083413,0.0100319462599139
267,-0.0156456474441132,0.0146694287041841,0.0240503960537097,-0.00184197791458606
268,-0.00146301627556647,0.0108855895087065,0.0139583656972524,0.0129058895639497
269,-0.00897810637748112,-0.00536747310767886,0.0335492234316008,-0.00203331739642771
270,-0.0109056934795712,0.0109884630556506,0.0350265906457554,0.00661629024384817
271,-0.0142837660130708,0.00980585473623292,0.0200206998335147,0.026420430433154
272,-0.00871011338351006,-0.0171374975412682,0.0252780736527451,0.000803778173068164
273,-0.0100199679527367,-0.00810860183735304,0.00771336481765336,0.0363433021031069
274,-0.01974572209863,0.00990748631639091,0.0213456237824649,0.00857163040340646
275,-0.0177255816413967,-0.0186585983549177,0.014070380599086,0.0283973652841243
276,-0.0155871187985198,0.00148507710516396,0.0213879827178938,0.0362323162817431
277,-0.0069617496676317,-0.00287831417607903,0.00832308430107136,-0.0146567018080511
278,-0.000910468641810931,-0.0014409523068488,0.00315591521953588,0.00111928590041026
279,-0.00519172297356557,-0.00796533772769616,0.0142190365624142,0.0142779637783412
280,-0.0219243334639744,0.00452753667286308,-0.0119266739250008,-0.0212385548738381
281,-0.0155501392530122,0.00910927356828291,0.0224451867796722,0.0264929266476265
282,-0.0221852735797652,-0.0192890487928634,-0.0207490342735016,0.00741131537174788
283,-0.00813924507969075,0.00228841035023726,0.0221352059765165,-0.00843670322602605
284,-0.0210806844834224,0.0242007001414713,0.0035215625682738,-0.00294592533580189
285,-0.0297289773228324,0.0144971036961202,-0.0201580989098175,-0.0060522208772962
286,-0.0108672934047326,-0.0168878721901503,0.0193147102536475,0.0147226544099415
287,-0.0054410088682741,-0.0105913693976113,0.0163224222717912,-0.00600719627254914
288,-0.0317159101503354,0.0121990867132338,-0.0286925546687129,-0.00709851379146214
289,-0.00952247545066415,-0.0146280919511656,0.0166388244006556,-0.00569837210517326
290,-0.00882169842231145,-0.0225113863738633,0.00981422579031952,0.013984595988565
291,-0.0174840619496671,-0.0174123325593526,0.000955734931973887,0.0375033405086924
292,-0.0249515117997704,0.00143431194715451,-0.0129262272098315,0.021913735476049
293,-0.0113654750762662,-0.0245598086168202,0.0239194785402887,0.0291641485441234
294,-0.015755135165539,-0.021379741188681,0.0183712038880394,0.0121188178034496
295,-0.0180204533964181,0.0130211889549168,0.00491436710809905,-0.0237161631298612
296,-0.0123522887763323,-0.00575049041334268,0.0207059886156884,0.019011782015092
297,-0.0120828777489374,-0.0130319350909315,0.0100249588176913,0.00983179093807779
298,-0.0233494876854117,-0.0229728310263864,-0.0202628842797018,0.0130720949254284
299,-0.020724232280613,-0.0261742405545859,-0.00323133180883614,0.0258033376231663
300,-0.0186879149636782,-0.0267858161649585,-0.00395703992386527,0.0237933592376848
301,-0.0128703679507709,-0.0242373416614512,-0.00808864479693186,0.0425042590805061
302,-0.00153079668945242,0.00307133603847366,0.00858802674581826,0.00878484865179129
303,-0.000802409337785366,-0.00133909809932272,0.00374124205593916,0.00147012767959822
304,-0.00841298062715853,-0.00537392278150697,0.0292616154960158,-0.012237599400301
305,-0.0103082252834788,0.00377298233920589,0.0328026717255223,0.00448099215790836
306,-0.0253337439932214,0.00219534932782958,-0.0187274910308266,0.0214558009627669
307,-0.0115565611547076,0.01687639306737,0.0329326459574874,-0.020724577830347
308,-0.0235448220906435,0.0241897083357779,-0.0045524270253563,-0.00512116545623084
309,-0.021049575486384,0.021328550179204,0.000330306791750292,0.00212876688463248
310,-0.0340953448484244,0.0223219763319704,-0.0267733100181401,0.00568183198795966
311,-0.0234467806257766,-0.00955474214267347,-0.0111292060655665,-0.00922733990261198
312,-0.00831676804292691,-0.0250032164352973,0.0137845841899641,-0.0244608196246289
313,-0.0128795463597149,-0.0320147699175635,0.014811591458047,0.0217495097282312
314,-0.0190994057148592,-0.01520557513354,0.0152575103520808,0.000491029824570141
315,-0.011613165670193,-0.0196606216625104,0.0177347342808125,0.0226852629781436
316,-0.00748508140376353,0.011975810028023,0.0266759418457945,-0.0215219860348245
317,-0.0140067020211762,-0.0448378142878671,-0.00498060699895065,0.0283107501877186
318,-0.0154727007831167,0.00951437591172397,0.0161322324135263,-0.0148062549441557
319,-0.0129360849006521,0.0127512712751873,0.0355931111027001,-0.0211282943798896
320,-0.0244103956683459,0.0201447665426838,-0.0138980280410336,9.93040805997623e-05
321,-0.0107833046164929,0.00537416138817878,0.0367568530371737,-0.00475966460088446
322,-0.00648337409074972,-0.0182363941292328,0.0079750005358494,0.0235761290711824
323,-0.0129569582178518,0.00834119849267909,0.0221531818398015,-0.0201728119400939
324,-0.0193858881201165,0.0255866094044083,0.0179718170908771,-0.00550430093411504
325,-0.015487484704012,-0.0404581801300456,-0.00806320378091748,-0.00185277752557068
326,-0.0105269734235043,-0.0254880746906437,0.0114481352102734,-0.0234909044675889
327,-0.00621593431993746,0.00571966737718996,0.0165246406155306,-0.0115610130858028
328,-0.0247993959577059,-0.000490390899988386,-0.0126393577272529,0.0257206650687385
329,-0.0152742573555255,0.016941280259296,0.0259250327890099,-0.0141731790539699
330,-0.0207871428554404,0.0148272884213264,0.00666185052469927,0.0234306211837298
331,-0.0146788795093493,0.00321504407913215,0.0273538364896193,-0.00955032091267291
332,-0.00945182814501406,-0.0199300492049447,0.0111784474519016,0.0144814619828616
333,-0.0233028868385172,-0.00450501282182603,-0.00953266042048137,0.0228973608352223
334,-0.00807234836370198,-0.00501376202064287,0.023978184742596,0.00722521177658594
335,-0.0220507611261295,0.0226139370648133,-0.0035447020956844,-0.00729388870903764
336,-0.0266481574956902,0.00303792587577841,-0.0155788795972225,0.017992909854903
337,-0.016458886781099,-0.0137326040280801,0.0200514545332942,0.0111628860724522
338,-0.010781651016274,-0.0247320944149738,0.0132685837658571,0.00945424334385017
339,-0.0216670267958099,-0.00956648065053551,-0.0075673488264428,0.0233532519697998
340,-0.026702728777522,0.0226625257752889,-0.0141004741623259,-0.00242505360610925
341,-0.0243331497500366,0.0194142175887256,-0.0111586576390368,0.00812156672985792
342,-0.0154505406328961,0.00199425158442531,0.0254582769929676,0.0316168133869756
343,-0.0160108018265136,-0.0199105302813502,0.0110965482561626,0.0262608134973131
344,-0.0212209728801217,0.0183619045205654,0.00654372197799167,-0.0237895481013742
345,-0.0116955147077519,-0.00648492332269558,0.0350858115367047,0.0193026282362368
346,-0.0112943952143492,0.0117593810615398,0.0247041318907137,0.0105295256172844
347,-0.0298877109494147,0.0249394668459727,-0.0193260365496372,0.011896565430784
348,-0.0267995147128638,0.00741368800732555,-0.0205525934117239,0.0167570730688152
349,-0.0191875119284633,0.00878575219193759,0.0179225582180468,0.0143300265574466
350,-0.00621905318969781,-0.00852751346451438,0.0195092428197777,-0.00332796006794708
351,-0.0103143937783485,0.0114513517853584,0.0310970915987243,-0.00171057348224849
352,-0.0165895146458756,0.00603007934518742,0.0252739399831511,0.0202693481335478
353,-0.0170144797963211,0.00757681776090003,0.0204376384462166,0.0161121820092992
354,-0.0131387133436499,-0.0511402039800858,-0.00299317649375604,0.00915373592805026
355,-0.0283395978549332,0.0223943354748671,-0.0173742980815545,0.00996203146902437
356,-0.0122368733399323,-0.0127922898786356,0.0244998932208957,0.0119512451300661
357,-0.01322665062785,0.0111038532339932,0.0324983591775272,-0.00947771353711255
358,-0.0239344799761806,0.0196687887727797,-0.0117224130930856,-0.000341291062139438
359,-0.023478889235142,0.0220104457646847,-0.00151583539836129,-0.00344776313182622
360,-0.0129127868183417,-0.0230542240642776,0.0202316961964218,0.0208844234968979
361,-0.0187058193069803,0.0166753855745255,0.00673812916244903,-0.0122170350601011
362,-0.0158304310471619,0.000372724621238881,0.022795570208241,0.0177532713385211
363,-0.0191716950951253,0.00581410072189803,0.00613212599410938,0.0179120790182273
364,-0.0210635814379915,-0.0200619287767669,-0.0133804310475113,-0.0192819059463849
365,-0.00786233171168136,0.00826820529421899,0.0291439509467037,0.0110119520832902
366,-0.00145454256319102,0.00106163208203713,0.00719991345006198,0.00587333417571361
367,-0.0191019767375466,0.0170323872081954,0.0129898447237527,-0.000576976218429887
368,-0.0257289892430059,0.0221424712076037,-0.01421023634327,0.00566611977432564
369,-0.0131282970870963,0.00897440747955474,0.0311208314398467,0.00886468054015238
370,-0.0169548028413436,0.0174673492424343,0.012491843295251,-0.0106032154443581
371,-0.0253257635717306,0.0240816736685476,-0.00774935044208739,0.00122477971689787
372,-0.0172318097199785,0.0135643651166099,0.0119664647634336,0.0284150605710079
373,-0.0144388330553025,0.0112494111800921,0.0298812210440391,-0.00733031441504255
374,-0.0209725131956969,0.0116490668776483,0.00292338155457296,-0.0162818540008852
375,-0.00946119105780554,-0.00469632255155062,0.0242113814662445,-0.0201621754163169
376,-0.00319414441640373,-0.00470516684977104,0.00808688906723316,-0.00594673838214629
377,-0.0102226631862411,-0.00481996879698658,0.0176757947427551,-0.00581058182197542
378,-0.013681952808483,0.00890309468984782,0.0237600780476837,-0.0188927249846034
379,-0.0160152229503779,-0.0229340075504456,0.0156784028510929,0.0311291105158615
380,-0.00833543174456744,-0.0274454430581556,0.0115623562577774,0.0104361907860665
381,-0.013011347975668,-0.0282364233222747,0.0119819892861876,-0.0214419752535917
382,-0.0116640928627799,0.0126225153041687,0.0313366553929391,0.016709404224972
383,-0.00658955893689592,-0.019414914394189,0.00834907093674042,-0.00457483000721604
384,-0.00736231368606751,0.0150651640934074,0.02298954694391,-0.0173297469399207
385,-0.0100342269399378,-0.00968362251869779,0.0215264483209763,-0.0178485254806668
387,-0.00121737179868102,0.00517934977049422,0.00438432698642886,-0.00586542787084321
391,-0.00294212235164396,0.00478859335276777,0.00977818433368363,0.00879903465407133
392,-0.0102752516428955,0.0241292027509368,0.0229624774795016,-0.0195065893017829
393,-0.00129794780485226,-0.00511097187302426,0.00294101345140779,0.00471830824049713
394,-0.0148168153057169,0.0192583284322294,0.0267963892952743,-0.0254839811597693
395,-0.0146068541985588,0.0170747873091227,0.0289966268500858,0.0149645553001702
396,-0.0108882607978242,0.00937880278435465,0.0231645864581107,0.0132339941929958
397,-0.0190341686267813,0.00886609082350459,0.0018182849710046,-0.00872623668420752
398,-0.00617132665597398,-0.00834118951892182,0.021834636297752,-0.00317446454307971
399,-0.0207798016521456,-0.0110617073236408,-0.0133076589262603,0.0262208547232636
400,-0.0129789106412785,0.00790501241032851,0.0232346640373795,-0.0135936484011331
401,-0.0100073040777869,0.0020565709714321,0.0323450383047463,0.0171181594973759
402,-0.0116885289087198,0.0112373583100273,0.0277842196079489,0.00615222199454162
403,-0.0110382478705384,0.00164908436257106,0.0245227198911603,-0.0212074613158871
404,-0.0164165712305953,-0.0248564607153887,0.00419973207112809,0.0166000576833324
405,-0.00787738695961705,-0.00588668988681441,0.0114514188780362,0.00831533577455924
406,-0.0115460189847816,0.0134346284310577,0.0195780887112463,-0.00646828295160913
407,-0.0127686472698501,0.0197556165747689,0.021989342707286,-0.0057573959636536
408,-0.0161761009614255,-0.00369105082723071,0.0251264344584349,0.013913606376523
409,-0.0130522920646978,-0.00590917712097015,0.0272663060228051,-0.00704946804008332
410,-0.0140593506099677,0.0145911083034855,0.0299979738286023,-0.0243004523732426
411,-0.0102280072503314,0.00108191070705697,0.0315659742484258,0.018221411511903
412,-0.0138264837377299,-0.0270548471149562,0.0158370369376866,0.0375212605360759
413,-0.0193768196235738,0.00769845180369724,0.00348446843533789,-0.0138945640651287
414,-0.0129695492937506,0.00788086992827142,0.0183223468328993,0.00984003041597281
415,-0.0247054656954993,0.00124503810684274,-0.00385185896746016,0.027706312844545
416,-0.0116711329809581,0.00116931791480297,0.0213177479584824,-0.015082376252082
417,-0.00550179180035971,-0.00347356181562369,0.0140764983285244,0.00347681080087669
418,-0.0252515215214459,0.0100671427854956,-0.00950251150777204,-0.00185384055709969
419,-0.0164398289863544,0.0201412720091684,0.00700881482316095,0.000126779128772463
420,-0.00858082741616547,0.00177536373965265,0.0297691330549474,-0.000909325591612181
421,-0.0196277409008379,0.0228778327426203,0.00232612461707214,-0.0106296003253029
422,-0.0156750491196704,0.0136470735379977,0.0109386861108522,-0.0106819628764729
423,-0.0120385601872535,0.00352050921413673,0.0351004619607111,-0.00897158288195398
424,-0.00629955490550434,-0.000396329546269467,0.0188707183715893,0.00390958207256366
425,-0.011084868138834,0.00623002749077955,0.0337464701619133,-0.0189531042209431
426,-0.00253265860012406,-0.00640658945523497,0.00598756906629603,0.000366715828647353
427,-0.0264088372439092,0.0176547905667952,-0.0115064560799622,0.0148234502846374
428,-0.0270234349486081,0.0149163524942368,-0.0172094595164655,0.00170793594969506
429,-0.0167775909865964,0.0199154152037082,0.0103507416376133,-0.0157460925029905
430,-0.0102995021629227,-0.0200019006629275,0.0123339832215783,-0.00484784915764593
431,-0.00937174022867965,-0.0138955244952971,0.0231441201010112,0.00702250004832167
432,-0.0133726033390904,0.00243287480347357,0.018313370692946,-0.00354023745332187
433,-0.0230564215883509,-0.0183187891316764,-0.0186415743704025,0.0261640054165678
434,-0.00644040994135488,-0.00757154538637461,0.0189543559151907,-0.00278105089756076
435,-0.0195535357406951,-0.0170507680883613,-0.00127279664005343,0.0119730684320996
436,-0.0148559520955415,-0.0198789227369643,0.0302381002718379,-0.0278121900209988
437,-0.0156265257409674,0.0157912929057326,0.0310612886425693,0.00860544461301438
438,-0.0151658221033026,-0.0122933214254965,0.0169059194669973,0.00111421733846891
439,-0.0111452566705489,-0.02124970330105,0.0127435556929188,0.0268868132472873
440,-0.0133677536449245,0.00515597790028343,0.0380777637578131,0.00949568694436979
441,-0.0258921689926968,0.0224117827453587,-0.0149611799302124,0.00888700387464049
442,-0.0125014917978534,0.0089050858789394,0.0218579339588127,0.0284291107125286
443,-0.0191390184228517,-0.0226799521078972,0.00759520874228373,0.0199967407394923
444,-0.0307933812830916,0.0211956886563631,-0.0235180992598142,0.00410177351940446
445,-0.014667959989596,0.00437130252760098,0.0168279156892923,-0.0264613968021578
446,-0.0135253742440496,0.010468639415236,0.0249575267858576,-0.0193921132552551
447,-0.00573738694933715,0.00276165037137435,0.0269350619731002,0.0111184296816327
448,-0.0145816334581289,-0.0221410366941739,0.0173025775373561,0.0249874162687952
449,-0.0094207003514254,-0.00197459598606195,0.0168208307124018,-0.0116220152734272
450,-0.0109552830032879,0.0043069112447921,0.0285485132896272,0.00149447261427854
451,-0.0119631413108017,0.0126758618592397,0.0227959491633548,-0.0428516416442301
452,-0.0183393011519423,-0.0151669646409499,0.0064550185596724,0.00910738748320816
453,-0.0172156267827103,0.0143769796200119,0.00380731836268322,-0.0235353489170442
454,-0.0122079324122997,-0.00928291061008677,0.0270650912269082,0.00995764112084651
455,-0.0177760855236907,0.0049465240267803,0.0135283158296742,0.0165279157220792
456,-0.0120820406739359,-0.00790878963966504,0.0180935536621106,0.0476480339117933
457,-0.0063911930709348,-0.000493697331829003,0.0188997330088465,-0.003293299843218
458,-0.0244883017364339,0.00573919225846391,-0.00802866154997764,-0.0130650798517689
459,-0.00821884603562325,-0.014009485663873,0.0259658100335905,-0.00211831638387909
460,-0.00797676012950659,0.0105787465808227,0.0351444763629568,-0.0133875816554392
461,-0.0278772978797766,0.018924641853246,-0.0155189757595614,-7.12867652785422e-05
462,-0.0207304703934239,-0.0160505085421271,-0.00253218155399449,0.0356799085902905
463,-0.00441792262092081,-0.0110422984921701,0.0113514974125013,0.0137368405558847
464,-0.0150328366248711,-0.016526342181101,0.0230528610261417,0.0297478325256931
465,-0.00590514856374489,-0.0105294792574954,0.0157702932882129,-0.000400020415490938
466,-0.0132603199235175,0.0103753846153358,0.0296876841622979,-0.0125277959346046
467,-0.0270033967764787,0.0237167269644814,-0.0129040399975746,-0.000853084364051864
468,-0.0210410322889189,0.00880527467363466,0.00605061253677436,-0.000632464115791337
469,-0.0197529454520472,-6.97439861262871e-05,0.0136483038162179,-0.0293667950625547
470,-0.0127904685504656,-0.0293174418038426,0.0134241284955586,0.0374981099237168
471,-0.00685381399067622,0.00375438426698658,0.0191008319464943,-0.00634302963226899
472,-0.0145574929866098,0.0165644573624752,0.011265455747833,-0.0117358054459645
473,-0.00910213460952056,0.0082147988060541,0.0326525298801396,0.0164139750894341
474,-0.00841122364153954,0.0022928256237184,0.0277496891602065,-0.0214484668179115
475,-0.0116339837924196,-0.0141069734340526,0.0222976774493402,0.0234132596340642
476,-0.0102665371432367,-0.00212701485910791,0.023277003429356,0.00642913053417011
477,-0.018131497967843,0.00514525118124053,0.0185332440221204,0.00260038278602596
478,-0.0179444803078086,0.0127578240419688,0.0227722832313744,0.00842291870117264
479,-0.0202831010619695,-0.0157652772945894,-0.000515724939595994,0.0191147386726838
480,-0.0249435931861486,0.0118935537515266,-0.00522983277922196,-0.00919211924360067
481,-0.0193485989183691,0.0161134676638487,0.0106610754631764,-0.0133788314171797
482,-0.0114565882035925,-0.0272524160357245,-0.00250948109647752,-0.0130359242861903
483,-0.00736835438711652,-0.0254293339085656,0.0069410897503618,-0.000923376756190091
484,-0.0280889551997654,0.010894121098673,-0.0164434683270197,0.0213293205206869
485,-0.0105065856011887,0.000758430628893434,0.0249007989473751,0.0111805074187212
486,-0.00956738886585345,-0.00231552659354848,0.02725995195924,0.0107055562216627
487,-0.0229364848793176,0.0186322997631509,-0.00610745239688889,0.0258883781404822
488,-0.0128183215828861,-0.0425317150213094,-0.00513178955675416,0.00672758851619408
489,-0.00726301243360114,0.00849738592362507,0.0291231196152001,-0.0112532868565141
490,-0.00436672682684558,-0.0120609677210966,0.00982127557602127,0.00274472783138648
491,-0.0130980786050599,0.0145468139295639,0.0322731789890124,-0.0407218730231564
492,-0.00952591887976159,-0.00481494977244612,0.0284724733006507,0.00768057681310249
493,-0.0143036178176426,-0.0249281393510189,0.0157543308201936,0.0264356259940177
494,-0.0217986502837761,0.00844173891734754,0.00973333129573881,-0.0110195505030193
495,-0.0270881731378518,0.0142447561051909,-0.0158799708273607,0.0231247615077975
496,-0.0228828688238235,-0.00858252968300559,-0.0174064328880409,0.0267245822064245
497,-0.00788493183747134,0.0040252288510759,0.0324240871740368,0.0105655442512266
498,-0.013284515211257,0.02205688043313,0.0344904472838618,-0.0177790340490275
499,-0.0157807872005449,0.0133918794455192,0.0160496362874429,-0.0252847627428896
500,-0.0101366490620476,-0.00945970733693757,0.0279096553083414,-0.0158738593640398
501,-0.0239170243654912,0.0149307881909463,0.00107158464483166,0.00544557994685989
502,-0.0230119003840737,-0.0102751900883389,-0.0173233900848215,0.0275094959115615
503,-0.014082425132614,0.00574580421100693,0.027385557337919,-0.000164029277873724
504,-0.0201182536236131,0.019473359554942,0.00860016756436624,-0.0110585244291473
505,-0.0109781029144921,-0.00501788435950225,0.0247922814353527,0.00600654890604964
506,-0.0100199007329866,0.0163614716435377,0.0166848396754681,-0.0123955048489421
507,-0.0144964168835571,0.0180504166752668,0.0216557304385867,-0.0091223513850736
508,-0.0161293518229721,-0.00511160113831674,0.022181271588084,-0.0228107454742317
509,-0.0155644283943902,-0.01776596654121,0.0191827139790453,-0.023198469086388
510,-0.0152238091315722,-0.0285589958132222,0.00615673302150026,0.0359062847624638
511,-0.0216930432757006,0.0139999961526146,0.00486382085331993,0.0205008791020213
512,-0.00428920203701298,-0.00747083274015281,0.0150187882174748,0.00871566644077478
513,-0.00400046726047268,-0.00850592357515543,0.00781277479009341,-0.000645003344394096
514,-0.0334387985385037,0.0154899696687206,-0.0282277716065614,0.0100073253294465
515,-0.0118763520663095,-0.00501272220265026,0.0265658084369705,0.000953535049798408
516,-0.0285349696489002,0.0120703135425925,-0.0204118967555072,0.0148554184940218
517,-0.000338428540140165,0.000972939083322998,8.84137722194852e-05,-0.00541076440404152
518,-0.0226199074022338,-0.000932280572978111,-0.00601708392556301,0.0291073981118359
519,-0.0171652218176669,-0.00340661674736744,0.0114937245066681,0.000501315413281991
520,-0.0130797415327194,0.00465502406563047,0.0245209273860462,-0.0289015939012134
521,-0.0237827964687716,-2.21649619245694e-05,-0.00990879290947048,0.0287173290765154
522,-0.0189883244149816,-0.0288303268754611,-0.00661663724900561,0.0077403922328267
523,-0.0108650127868872,-0.00699606227122025,0.032410072280507,0.00530145762482085
524,-0.0154015025516941,-0.0065223079475902,0.0104732797573726,0.0256355741322625
525,-0.0235308302886806,-0.00639932526105631,-0.0140255394049145,0.0184411842336351
526,-0.0243314762304062,0.0148148655441194,-0.00777369383445553,0.0340987800048417
527,-0.011675495981932,0.00758310400738059,0.0150799220433372,-0.0122284073136904
528,-0.0311619566727856,0.00984910876993942,-0.0272296151401917,-0.0135319153470142
529,-0.0120381554125609,0.0163748641066135,0.0301846386095479,0.00275583561164359
530,-0.0233192023147006,0.0148183164769955,-0.00467460515534901,0.00464616636237203
531,-0.011052403394821,0.0104529238022885,0.0310065257529652,-0.0312955954176297
533,-0.00897585414567869,0.0128129128517318,0.0147310667675971,-0.011662865262759
534,-0.0117017570303756,0.013246739628469,0.0310040714719074,-0.0206252739652987
535,-0.009909777487925,0.0145350156887618,0.0334275993598525,-0.0276428035026642
536,-0.0168540222733118,-0.0377087134659776,-0.0118817010951757,0.00117276326390476
537,-0.014464646874055,0.00801659215662251,0.0273546527099344,0.0176339580468792
538,-0.0263820094101213,0.00824659854700531,-0.0155755391835564,-0.0213020420531229
539,-0.0196223361695946,0.0251930122733428,0.00939256514173905,0.00183902650868366
540,-0.0283281867341664,0.0256680702222887,-0.0152170659591868,-0.00629577758482612
541,-0.00929031055821197,-0.00675829595267249,0.0149498392161091,-0.00719333259475867
542,-0.0279473351643609,0.0115901166980607,-0.0158778251148609,-0.0125704793756168
543,-0.0210817646286009,-0.0292960137748202,-0.00305259372887508,0.00875633411114626
544,-0.000132094241568314,-0.00302636582675568,-0.00529264445648104,0.00424372869926982
545,-0.0129336398874639,0.0116313892307161,0.0261090823866749,0.0108438152995406
546,-4.95178332181709e-05,-8.34693105007895e-05,-0.000397312463294326,0.00117752413733108
547,-0.00450507709280144,-0.0108955192133013,0.0107216273000358,0.00994395061306913
548,-0.00767271511734389,-0.0110645569239527,0.013377901258936,-0.0138365598158285
549,-0.0243661289627556,-0.00512153384876755,-0.0128665857789891,0.0118160617122327
550,-0.00504093835055106,-0.0191468359616022,-0.00122298484723418,0.006993588705059
551,-0.00686690832196511,-0.00145370877982338,0.0269829548543688,-0.00897187711047921
552,-0.0112143019733918,-0.0165333625422642,0.0211624023101962,-0.0280290699015393
553,-0.00592927209706277,-0.0158762424854607,0.0145136922180108,0.0144748147070404
554,-0.00447322955370975,-0.0223734163896541,-0.00226150310505788,0.022569075368661
555,-0.0104036041445564,-0.0254385862095073,0.008273526579263,0.0103667830602331
556,-0.010278582667249,0.00510818502558175,0.0350102755404589,0.0108481249747741
557,-0.00693593770205745,-0.0146637947833603,0.0136220045993885,0.0167718268651779
558,-0.00951663214093594,-0.0166182048128406,0.0211874300653165,0.0292155586272913
559,-0.0013802705750174,-0.00212907251024837,0.00611426370908042,0.00306353417594369
560,-0.00876094688140543,-0.0253960922725436,0.00323700445787874,0.0177527523789446
561,-0.0171623801818447,-0.0197965784354731,0.00664764309101941,0.0254697120061147
562,-0.0124940531747879,0.0135771654489302,0.0373767592261571,0.0154832613465349
564,-0.00960255785792087,0.0103729135873273,0.0309585702236456,0.022738858016939
567,-0.0127300837108946,-0.0144954853548659,0.0219909403372018,0.0234682421789492
568,-0.0165067109765799,-0.0428313749347107,0.00577076292023387,0.0115323063677291
569,-0.000822921069598483,-0.00220000398315964,0.00321373476933324,-0.000366693138869929
570,-0.00697973598100801,-0.0216453310367565,0.00267099084222649,-0.0114166848059413
572,-0.0160980777806393,-0.00143922223759466,0.0124314787565579,-0.00309463068879775
573,-0.0193271043217183,0.0194953656356121,0.00585259908041817,0.0178511799248168
574,-0.025061168460279,0.0223553520483781,-0.0123439614536524,0.0195483110448719
575,-0.0282312899884492,0.0178764132546584,-0.0211198413913799,0.00929855377965188
576,-0.0295058095152474,0.0208396900867259,-0.0190812750093295,-0.00442274035668188
577,-0.0290938805084172,0.0203648250380818,-0.0206659475106247,0.0125152932328634
578,-0.000906864494570573,0.00280080012209994,0.00391658372166514,-0.00454028022972753
579,-0.0256794349323288,0.0197778127764161,-0.0115600371099998,-0.007967499349778
580,-0.0326578382110734,0.0184217195600128,-0.0274797224226326,0.00204308321388842
581,-0.0266708616522978,0.00583197003928587,-0.0112030070240887,-0.0097329026122845
582,-0.028447699937631,0.0163431744905934,-0.021142060918693,0.0133006181555223
583,-0.0237378171109087,0.000346641585582874,-0.000827142158437422,-0.0231746196761854
584,-0.0245200214191068,0.0227729610408946,-0.00687745069762718,0.0251832040043434
585,-0.00526253291717331,-0.00980785686739075,0.00241386292493469,0.0181545085954755
586,-0.022249641738486,-0.0233368455590907,-0.0166155743495697,-0.0411283892173634
587,-0.0103726336721678,-0.00908418659735918,0.0240748601686593,-0.0229418839563682
589,-0.01194445953294,-0.0416171171265448,-0.00419418251703089,-0.0161560162643494
590,-0.0117805984562659,-0.00505663091146902,0.0303080692293207,0.0126726477063332
591,-0.0144605529710127,0.0105566795635496,0.0311014580039802,0.0296183969635023
592,-0.00738783008430257,0.011409607446414,0.0317937081716749,-0.0169642815896502
593,4.19585086824298e-05,0.000181022278133437,0.000290533006578489,0.000106986840004022
594,-0.0308429743666775,0.00450562621964278,-0.0286805852257958,-0.00254002750425085
595,-0.00959302710491421,0.00297601917903656,0.0269523587199107,0.0197770818220287
596,-0.0242746469091529,0.018413676288,-0.0109231750633969,-0.0175552645798966
597,-0.0104548336759552,0.0149915948109696,0.0267868581732929,-0.0306795132789198
598,-0.0102357117041297,-0.00275662801902037,0.0267567516598298,0.0177470294602446
599,-0.0139648561412841,-0.00599928667584843,0.0317771578036565,0.0403558136385664
600,-0.00249825731898183,-0.00375413623624612,0.00505594787878262,0.0012176241546419
601,-0.0125648435682065,-0.0391943909082646,-0.0285586048640634,-0.000334615484936487
602,-0.0203535483144645,0.00648019830090341,0.0095226366880547,0.00537087873019653
603,-0.00597959594516528,-0.0186350852623442,0.00925909921042766,0.0106366517349808
604,-0.000701800089224079,0.00431731080943812,0.0062005757764201,0.00467381320842027
605,-0.00596251581673575,-0.010818672265915,0.0140364415257182,0.00554694265352844
606,-0.0125854025466486,-0.0302355116489969,-5.03737407605564e-05,0.0101361882470029
607,-0.000396727340232901,-0.00243055977025015,-0.0009573062280185,0.0137978013988388
608,0.000227599544071467,-0.00203557245382547,-0.00610120496285573,-0.00745377642846813
609,-0.00476089734004558,-0.000919721405086316,0.0190323096821111,0.00331501513222534
610,-0.0169262834971295,-0.00324509483838192,0.0353467951353031,0.00265339186583631
611,-0.0283399571506983,0.022544638060887,-0.013859834439176,0.00912245433102207
612,-0.000637600807996224,0.000583177876986422,-0.00392178379608309,0.00402873371217442
613,-0.00804675083984956,-0.000762108719928955,0.0285836330636082,-0.00193964969716914
614,-0.00696585407029355,-0.0189944480156697,0.00226764177777453,-0.0115162953654419
615,-0.0102826215807122,-0.0236585283213195,0.0157866359992431,0.00964946385402069
617,-0.0153629457115434,-0.018119520583611,0.0231942916901755,0.0332282456835562
618,-0.0116462876361425,0.00972420313032064,0.026317454216253,-0.0168057630378231
619,-0.007928514850913,-0.0112098266181056,0.0261132514050837,0.0127446772419047
620,-0.0116958311209219,-0.0215595039343442,0.0181264129308956,0.016757944958778
621,-0.0106850178843076,0.00100738172455482,0.0324699963887407,0.00227546791214734
626,-0.0047155753021651,-0.0151504532963336,0.00638069408324909,0.00702863956000711
627,-0.0241636563365281,0.0181555660335225,-0.00242434653692122,0.00466301367433323
628,-0.0243376702971071,0.0235101885219989,-0.0104856004724349,0.000543359849030101
629,-0.0101829102497055,-0.0261067157743335,0.0065807270869442,0.00338047449991538
630,-0.0155394856742646,-0.0132624298253805,0.0197466310500062,0.0364206132999097
632,-0.00271491468328493,-0.00818158915421274,0.00155137286208952,0.0031512939526737
633,-0.0207461880438373,0.0244943390667654,0.00350233141317665,0.000905428583352813
635,-0.00726000086494764,0.00128537856772656,0.0285949255086942,0.0200267384956991
636,-0.00026954617058869,5.80179934930871e-05,0.000242382560283506,0.00203203100710568
638,-0.00949353236673559,-0.0288982765551932,0.00851828803759198,-0.0148185700258788
640,-0.0226491307970566,0.00821056147432714,-7.84463912072495e-05,-0.0136124025971284
641,-0.0136048438171183,0.0067782683716376,0.0369268021768352,-0.0102618081729753
642,-0.0158867877820411,-0.00381150917857933,0.0267373790634326,-0.0221942884411966
643,-0.00391579531719187,0.00244564523769556,0.0125825222030783,0.00765073807213489
644,-0.0097826992503153,-0.0273440670876754,0.004455503045172,0.00447880944328982
646,-0.00679770240738565,0.0155264058059913,0.0190454903517394,-0.0242073476018326
647,-0.0105005936482552,-0.0492000688741475,-0.00174584300551574,-0.0374906293204329
648,-0.00598031023554311,-0.0326854425166962,-0.0061398697509271,-0.00257285567166725
649,-0.0124572530514774,-0.0520941479355962,-0.0140749549418235,-0.0170139080701834
650,-0.0250140008354159,0.0108885960272016,-0.0189161985292093,-0.0154312261044833
652,-0.0157461867424397,0.0177173370606527,0.0093764922344177,0.00202526096587253
653,-0.0209283965261267,0.0127011733469025,-0.00508593264724399,-0.0183486221305543
654,-0.0291638365976826,0.00322483756384255,-0.0197148057924395,0.0192275834456305
655,-0.00152817636435654,-0.0046647402137295,0.00135746619493557,0.00529438046499193
656,-0.0113733370940493,-0.0223082670352634,0.00859665986638981,-0.02464107705039
657,-0.00698498572682592,-0.0225234847986834,-0.00132901315421211,-0.00747026306236374
658,-0.000542749416970638,-0.00309681229002892,-0.000227002684577203,-0.00900758635343455
660,-0.00622568233599024,-0.0137430648964931,0.00509746316363339,0.0285646911110294
662,-0.0111115289584412,0.0104441286396542,0.0234705793438533,-0.00511973014265225
663,-0.000331803653508089,0.00306035658420223,0.00390589550546245,-0.00261439304720468
664,-0.0123514160314504,0.00233292874925647,0.036903124123553,0.0287495916789347
665,-0.00929637737820188,0.017078601851597,0.0187561153564283,-0.0245512687762313
666,-0.0117295667440609,0.0123266956281067,0.0266006926181337,-0.0237595649661846
667,-0.0159935602253733,0.00221627082345212,0.0189062890161846,-0.0204836334336252
668,-0.000926393168657457,-0.00213564175586895,-0.00268204120242171,-0.00610091965108
669,-0.0105322700962521,-0.0104162471945669,0.0284371613048918,0.0105129716376389
670,-0.00106671748351799,-0.00293809439326996,0.00234592193045585,0.00257312083152601
671,-0.0166120551043958,0.00219154556671299,0.0293449255311416,-0.000620624805010115
673,-0.00879846661970169,-0.0345706291562511,-0.00446085100602173,-0.00362993373746433
674,-0.00100704393003377,-0.00207840891142613,0.00202516090526933,0.000512570904045545
675,-0.00641074471028242,0.00971185767488547,0.026471201309667,-0.0123166407503833
676,-0.00931172234976503,-0.0229938269923746,0.0226736529405528,0.00185162249767123
678,-0.0189500669767286,-0.000944769716248568,0.000946727912372356,-0.0213574195423837
679,-0.0217422553172511,0.00692881211516914,0.000305441906828905,0.0202750919703642
680,-0.0138866744517496,0.00560861615818663,0.0298946057364994,-0.00698120523780288
681,-0.00757035421269582,0.00403742125791509,0.0312825848348243,0.00062156702320765
682,-0.0109268103908586,0.000176033547787618,0.0253836385517452,0.0233226958764919
684,-0.0188375195790117,-0.0241630738214052,-0.00319086811175867,-0.035417660695373
685,-0.0131036670200283,-0.0249187769448827,0.0129465157075167,0.0129927310661413
686,-0.00866172796088147,-0.00436531270913617,0.0228875652004745,-0.0217450545568261
688,-0.00945130875144578,-0.00180630178989749,0.0124004585704893,-0.00808603159634848
689,-0.0132864014487985,0.0111959593681939,0.0297100017933126,-0.00376170376011984
690,-0.0299393902235211,0.00289033081907231,-0.0248625308974079,-0.0241033668558422
691,-0.0122330189360431,-0.0274577883254302,-0.0104894100540484,0.00260557330085638
692,-0.0167757815655286,0.0184161288068751,0.0196906725869092,-0.00696232642537297
693,-0.0117575027535213,-0.00426358823725791,0.0231663501845145,-0.00294354355373287
694,-0.00174295752957292,-0.00448173876804855,0.00505681293683235,0.00337515761748088
695,-0.0182928954576527,-0.0221911592729731,0.00797195370168211,0.00489251057513008
696,-0.00069996000641359,-0.00213650163121154,0.00039892152756534,-0.00141729975874491
698,-0.0119128952767366,-0.0127459249664876,0.0208488349370231,-0.00163667680104796
699,-0.00307468933730043,-0.000647301466202486,0.0123575816527778,-0.0045190630572673
700,-0.0252115463122718,0.0273196076825357,-0.00413219236849233,-0.00264876278249294
702,-0.0145801713230644,-0.00846897440272614,0.0124757867137756,-0.0431140133566799
703,-0.0216072084290812,0.0259880168458163,-0.00349129160073611,0.000552632000819827
704,-0.011396471668032,0.0123001041342037,0.0119618330707694,-0.0171329887509436
705,-0.0234102961866035,0.00709571630425363,0.00111862907126701,-0.0462262221863382
706,-0.0120676323988128,0.0147284376836966,0.0298045427938742,-0.00391654455313782
707,-0.0099059697862706,0.00561432239385632,0.0356365694832826,-0.0122355127075819
708,4.19585086824298e-05,0.000181022278133437,0.000290533006578489,0.000106986840004022
709,-0.0326016249325054,0.0099460153106619,-0.0237462582835565,-0.0112072210589961
710,-0.0104622714686581,-0.0348119898418621,0.000412273725123731,-0.0348065109956628
711,-0.00758983524561937,0.00059667072937083,0.0228442444483075,-0.00714307430569576
712,-0.0178219630988062,0.0156587874231096,0.0116539172276502,-0.0176409499437367
713,-0.000334361428090547,-8.40413680688545e-05,-0.00282718521069867,-0.00253225488641561
714,-0.0308946228970791,0.00158062025671857,-0.0298953830122795,-0.00930411510660013
715,-0.00380937545886809,-0.0135378841874855,0.00178671020376885,-0.00928438035432886
716,-0.00920921113412008,-0.00698982203304474,0.0165053363682507,0.0131088708942695
717,-0.00267368978757199,0.00721620679850261,0.014462398466173,0.00117762485191519
718,-0.00339487049384033,-0.0119385314758284,0.00805562116983067,-0.0133899371994569
719,-0.000350636656017208,-0.0042267630025845,-0.000723387756088126,0.00336849766747697
720,-0.00185524953720806,-0.00573875128752205,0.00241674706605358,-0.00139146901936221
722,-0.0153926839816921,-0.0382538100897504,-0.00589924111830272,0.00517454808373289
723,-0.0106337117499576,-0.0222621197058168,0.00332489076572064,-0.00992467627021469
724,-0.0126681802023702,0.00630954540556844,0.0269320894808554,-0.0164213496553565
725,-0.0125823123401447,0.0125547238644735,0.0169436795538858,-0.00364336308046173
727,-0.011884686300242,-0.0189113176602584,0.0219246182040657,0.0243017066110091
728,-0.01059768148925,0.0082280220727712,0.03542074478614,0.0211045495473829
729,-0.0121572336754822,-0.0287882135533592,0.0205283991484561,0.0253327789618111
730,-0.00632001920933983,-0.00913502687074413,0.0118953404942838,0.0170379647485693
731,-0.00350268400709303,-0.0105195118877352,0.00266111191709972,-0.00314041215008739
732,-0.00783722998643537,-0.0112491512476726,-0.012533409514062,-0.0194497551794629
734,-0.00482796814074357,-0.0127627202132684,0.00921025002728782,-0.00803523527471177
735,-0.000948403645157439,-0.00403968697716429,0.00167569181650164,0.00264375435010992
736,-0.0293079234674279,0.0107058740528609,-0.0262101057150482,-0.00773938310255426
737,-0.00898741302734708,-0.00469035213085556,0.0262056803582159,0.0116498382690187
738,-0.0243725020924192,0.029831692146219,-0.00636299763931137,-0.00101939117901785
739,-0.0156132095513224,-0.0158305577623619,0.0198540609420787,0.0282422434885237
740,-0.0123979331345207,0.00881551402680575,0.0266879186423976,-0.0136814908116228
741,-0.0167688210110147,0.00760910800136877,0.0223845512756606,0.00529975802631256
742,-0.0153286211429937,0.0121397116276128,0.0199276443099418,-0.00171336789268349
743,-0.025801819234102,0.0193368672392845,-0.0180800413893749,-0.0144244021798261
744,-0.0158448413967587,0.0216631361651289,0.0248400934756455,-0.01205317111517
745,-0.00348597365937754,-0.00933892517169077,0.00655701238023679,0.00442759535698348
746,-0.0209931990806658,0.0206367218133968,-0.00607524919883944,0.0013897157817496
747,-0.00011024935876575,0.00130171675907433,-0.0023283570985742,-0.00191778664829462
749,-0.00113112116809893,-0.00315670171156483,7.43610457718909e-05,-0.00595178686106591
751,-0.0024987056853804,-0.0116251164715991,-0.000955684118189907,-0.00728339855352403
753,-0.0123751244401862,0.0125864431090515,0.0293782403714883,-0.0205801307075937
754,-0.0183225771285274,0.0140000659553978,0.0149487069221669,-0.0137098915385483
755,-0.0275901124060677,-0.0036594550036135,-0.0251010175091093,0.00564211996394854
756,-0.0132619843998428,-0.00622648634025083,0.0329920720874892,0.0069892455611776
757,-0.0213238647002185,0.0154973069980388,0.0068159992924434,0.0154703171995427
758,-0.0129461318544599,-0.0248571486977057,0.0257200307835686,0.0117457404962177
759,-0.0135440646066041,0.000369137072914626,0.0306116957101613,0.00144383463841809
760,-0.0207367546500921,0.0194277034793664,0.0172816320500432,0.0224530590559357
761,-0.0122511088933924,-0.024666889944298,0.0120471539819698,-0.00934915873577075
762,-0.00448067736229305,-0.0136652842732233,-0.00239402993418156,-0.0115917302817663
763,-0.0104028635252241,0.0108448825874124,0.0314983300443179,0.0108668629074396
764,-0.0100000565388372,0.0160404979881803,0.0320183147671456,-0.0136652459534439
765,-0.00668277937775841,0.0034503156859616,0.0212965442932952,-0.00115311184165999
766,-0.00442880236418295,-0.0111263869173818,0.00763320351439033,0.00432210625790644
767,-0.00931182143798982,-0.00588794822698098,0.0274255446536911,0.0032702901168958
769,-0.00131638462214163,0.00179055402282792,0.00680687975254213,-0.00783485160251124
770,-0.0111283489878522,-0.00782865034735976,0.0267709854628203,-0.00426524150233498
771,-0.00230859961591146,-0.00696282336570409,-0.00355264951354844,-0.00303555106580411
772,-0.000346053474671427,0.000214946522922308,0.000792558565606295,0.00167204134593689
773,-0.0013036434192524,-0.0081288471155675,-0.00355886904774657,0.00329971210945207
774,-0.00809393172739235,-0.0395883484131929,-0.0110982999588525,-0.00605640380006101
776,-0.00049728581150582,-0.0034305316838569,-4.85100808229861e-05,-0.00502020080571822
777,-0.00872437312490641,0.00673683780392951,0.02107897354479,-0.00821190178706442
778,-0.0107636794463183,-0.000503205725055646,0.0204238279063721,-0.0145602588833915
779,-0.0157522323529628,0.00799469381361401,0.0178481998466846,0.021905192049666
780,-0.00750905180296662,-0.0130395231020774,0.0152235248768187,0.0278438560618382
781,-0.0228995228399239,0.024196893442012,0.00198832488370756,0.00557899370626918
782,-0.00884945219166939,0.00400423019283247,0.0307899419318022,0.00208027088511876
784,-0.0168344281370548,0.0104072171730356,0.0165537698453301,-0.013301561275554
785,-0.0133012071617629,0.020358024413868,0.0243663367516904,-0.0117237179409268
786,-0.020212105284185,-0.000764989979932171,0.00819480143537252,0.0230917607247673
787,-0.0240031968714443,0.0039303581159493,-0.00581805247595192,0.0342601054720872
788,-0.0109853466571736,0.0152460440377143,0.0205364681506064,-0.0123900406700081
789,-0.00675840542078419,0.0109691062217647,0.0301549820301824,0.01269395212482
790,-0.00771047126578252,-0.0224077048001127,0.00678250277317573,-0.0222158158511189
791,-0.0105858231920197,0.00897850920236637,0.0258590648893634,-0.0260516922865851
792,-0.000182545063088752,-0.000430052967571368,0.000298527323139622,-0.000389637090769863
793,-0.00329742604844893,-0.00518085831341749,0.00744206493416384,-0.000115302804175855
794,-0.011853552973571,-0.0335776100214623,0.00513078163753686,0.0126585907282226
795,-0.00280222682458145,-0.00370549150996883,0.0102665893878243,-0.000734761192670097
796,-0.0187776093060638,-0.00336208478175162,0.0117543650218234,0.0235548260793157
797,-0.0140440433373045,0.0148975663250633,0.0129731029847362,-0.0193750099012873
798,-0.0103988017204398,-0.0344736770509691,0.00163826891151453,0.000298637078093949
799,-0.0166659383757814,-0.0199169416824971,0.00812525884054117,0.0209282930604162
800,-0.0219070020201651,0.0212846717773742,-0.00139153006442537,0.00552783479492833
801,-0.00219786588925547,-0.00451013515883046,0.00461031429767213,0.0030633987819535
802,-0.00533169552778077,-0.0189318480542304,0.00397200049722209,-0.00174954245052697
803,-0.0332897378638968,0.0105275529827535,-0.0296694014065079,-0.00283381700189703
805,-0.00460512302754256,-0.00585613899488323,0.0115379062187572,0.00980448517860544
806,-0.017280929096556,0.00676208775448229,0.0160332960261627,-0.043376314178684
807,-0.00912501140134712,-0.0259688120350285,0.014584868261743,0.0304801308172409
808,-0.00343761867554611,-0.00872555090006076,0.000277986373554663,-0.0135239725251578
809,-0.00575751192310423,-0.0162381224383359,-0.00484342527727182,-0.00698420974747049
811,-0.026704805407055,0.00652831472583393,-0.0176106315223179,-0.00322534034760248
812,-0.00513016999614977,0.00152580702885159,0.0185677138788557,-0.00676454003523892
813,-0.000335194708667953,-0.000159225340679681,-0.0015487654910218,-0.00211981070884142
814,-0.0104882551086945,-0.0186524283368462,0.0209949266428362,0.00101697264337114
815,-0.00734781000311814,0.0025017569997853,0.0257888086546623,0.000629636657075838
816,-0.000892617523280384,-0.00226843055819648,-0.00177913065328993,-0.00138854437317417
817,-0.00474784495331339,-0.00298827120801691,0.0142338589940583,-0.0076027774063736
818,-0.00892178281900177,0.0132304794335579,0.0297946783314018,0.0225644608817178
819,-0.00391552922229143,-0.00142472117245171,0.00372983469806459,-0.0189152503949981
820,-0.00775414697560026,-0.0179443593882289,0.0171341165545987,0.0091862647312455
821,-0.00179590487871148,-0.00391580348731903,0.00230864862772771,0.00257078033311551
822,-0.0128506059495732,0.0155519120962813,0.0302911891568113,-0.00920788187092828
823,-0.0118117553216785,0.00804740542006472,0.016013632660206,-0.0207979938320986
824,-0.00996485669237257,0.00179907482827376,0.0296960649536911,0.017077596886993
825,-0.0102994902811452,-0.00413426761615343,0.0272293120682323,-0.0170173755996778
827,-0.00854461665873651,-0.00325447896273694,0.0204852579600282,0.0180722239028047
828,-0.0112236618559459,0.0142203456441885,0.0330545468082227,-0.0159346196304358
829,-0.0013585342908222,-0.00441671193013514,0.0021363505118486,0.00267575907031771
830,-0.00687431540856409,0.00219619016947089,0.0306502767248266,0.0143988338236771
831,-0.00017538119920855,-0.00161137931739216,-0.00064923026021673,-0.00236404384978408
832,-0.0118619466948256,0.0118120003820381,0.0284967301690639,-0.0155586047313135
833,-0.0194328349129283,-0.0179468403281057,0.018989951926737,0.0103853041018386
834,-0.0143735365139776,-0.0207134382620938,0.0290277339937661,-0.0118743524479625
836,-0.012362450573938,-0.0317132165618536,0.00839391728903066,-0.000684179091983861
837,-0.0176016230909492,-0.029034204606121,-0.00670491479372773,-0.0164319399065325
838,-0.0265380307680505,-0.0146477454424007,-0.0235454228089564,-0.00459396696771313
839,-0.03019751727976,0.00465449789153557,-0.0247389193938567,-0.0099737831859991
840,-0.0225225773754703,-0.0166623350780878,-0.00604691970540622,-0.0151563151615575
841,-0.0173264822462508,-0.0208705951317744,0.00742963482133884,-0.00825581440015347
842,-0.0280326749614189,0.00432545810522663,-0.0253733759066482,0.00987120592474188
843,-0.0289663347489036,0.00117745139990052,-0.0254743230721648,-0.0150952805710749
844,-0.0316884653285395,0.00524430692488188,-0.0279275264299627,-0.00555839962360412
845,-0.0224168626965267,-0.029621603694935,-0.0145224344685074,-0.000429891508677406
846,-0.0185835551640037,-0.0307743117840743,-0.00844271789525853,-0.0372138469865535
847,-0.0142113389581807,-0.0457122393464469,0.00405526789256245,-0.0357960603587754
848,-0.0309828205463194,0.0042959370449833,-0.0280669740561823,-0.00881856668723115
849,-0.0222645375246404,-0.0259555874821429,-0.0149272201895083,-0.00338835769379518
850,-0.0282492665382565,-0.00640416779759789,-0.0251222739224543,-0.00684165596355563
851,-0.0249082486358355,-0.0145820816817484,-0.0108703551878453,-0.0113118685011546
852,-0.0319595932155325,0.00524394347613902,-0.0308320884197772,0.00206476091459981
853,-0.0314673203989934,0.0075726061084697,-0.0313828229452972,-0.0054898685948653
854,-0.0302711228508003,0.0126050604771573,-0.0228108653727271,0.0117581680032701
855,-0.0232787659414352,-0.00818483821689362,-0.0051341859608436,0.0213844777691376
856,-0.0260980647011933,-0.0112711756016192,-0.0184715754724326,0.00964777797744765
857,-0.0147563482287632,-0.00758014612383118,0.0286570187150123,0.0369511284507482
858,-0.0202784494585632,-0.0183614833901041,0.00677685027070859,-0.0162933245623613
859,-0.0313855370754926,0.0109487236807095,-0.0266716977065377,0.00375571795648895
860,-0.0292389730681819,0.0115937691420966,-0.025254489995593,0.0136376820190101
861,-0.0208958180845296,-0.0245374453264894,-0.0114351304479012,0.000840486136111971
862,-0.0230673972844559,-0.0281609830400209,-0.0167301816586477,-0.0228985700456077
863,-0.0299885916188982,-0.00185725788164566,-0.0292058460058578,-0.0101737834334352
864,-0.029244719516761,0.00662128481570233,-0.0284638100561134,-0.0133386824999423
865,-0.00337034026667877,-0.0135532147666461,0.0018801112139983,-0.00475566033650432
866,-0.0237801422923568,-0.0236049755863577,-0.0174377268027465,-0.011236822500549
867,-0.0128348368633434,-0.0482557561920271,0.0114814875050799,0.000715355423498025
868,-0.024026519062171,-0.0199222698705955,-0.0157321475324623,-0.0162869591186092
869,-0.0143220858842027,-0.0361566015048877,0.000153228869684514,-0.0374636638510638
870,-0.0218546721122124,-0.0265704537721461,-0.0100287226248415,-0.0306977912712987
871,-0.0175110424571947,-0.037601050367545,-0.00601346853019105,-0.0285099603338815
872,-0.0226539731632343,-0.00388898431912704,-0.00259676302370891,0.0352923415817576
873,-0.0250881043798062,-0.0119689709788872,-0.014257227784652,-0.00729295715123905
874,-0.0253489616449814,0.00904734194089155,-0.0145616690277042,0.0142751148268512
875,-0.0137092022390973,-0.0344590170302146,0.0107808256027035,-0.0160721499014026
876,-0.0149798690891009,-0.0493885824720938,-0.00306571702330729,-0.0180436500547762
877,-0.0121871468480017,-0.034449156694058,0.00532158580347466,0.00975045985475427
878,-0.0174149499224853,-0.0191132314226453,0.00861266937512525,-0.0218681094976174
879,-0.00577046250727935,-0.0143610264211245,0.0137800771380976,-0.00553313084070583
880,-0.0271735743605212,0.00159394847993584,-0.0131362566335626,-0.0218305884425958
881,-0.0209042782912662,-0.00676166158948649,0.0055230946340999,-0.0303449339136259
882,-0.0205040141462923,-0.0308284292305193,-0.0139895690049803,-0.0253167930708918
883,-0.0214332832419995,-0.0189152611328688,-3.01049884740737e-05,-0.00510237888238547
884,-0.0139338556414171,-0.0377044119822048,0.00805205709925557,-4.76140951386695e-05
885,-0.0194229801129032,-0.0359472337113378,-0.00770870266976435,-0.0312708459811021
886,-0.0164553771187655,-0.0363300357671355,0.000955274748860148,-0.00839522904589313
887,-0.0183925382577411,-0.0370078664315224,-0.00695440270190399,-0.0289963670293571
888,-0.0166783765131109,-0.0289512001618251,0.00840923047273919,0.0220393886839496
889,-0.0194650629300481,-0.0352199844910655,-0.0156540721240581,-0.00977083087862397
890,-0.0224214698665322,-0.0269184906597099,-0.0132353844738399,-0.0254460755837042
891,-0.0216295917376404,-0.0299032830999774,-0.0127198434427656,-0.0253902099063114
892,-0.022035478933633,-0.00919553143231222,-0.0103339740748981,-0.0139728639737559
893,-0.031655321377939,0.0110973526796479,-0.0268361530606141,0.00870797926485346
894,-0.0272300499056067,-0.00658846840813228,-0.0174048316492764,-0.00177648475097128
895,-0.0235564215381699,-0.0214055385775373,-0.0163807381347807,-0.0177201421722324
896,-0.0105503116525093,-0.0286887317333566,0.00563771759663164,0.00381644557210132
897,-0.00998718157277264,-0.00843399221510599,0.00763849841121704,-0.0085467050635052
898,-0.00319889528827524,-0.0141062449583013,0.00456248491473146,-0.00994586904321269
899,-0.0128351031725253,-0.0398065951057345,0.00645342810570567,-0.00545369818334185
900,-0.00649760695963918,-0.0156797850525617,0.00276992020652261,-0.0309742960820578
901,-0.00786813303255067,-0.0149787825214372,0.0137514328461886,0.0117003992465965
902,-0.00307511113173033,-0.00839407883581173,0.0053442807868361,-0.0123338534947023
903,-0.0127528187484856,-0.0221145352037376,0.0210138533515437,-0.0207236226435216
904,-0.0128113821127975,-0.0255133916969934,0.0190906306987831,-0.0188601843198476
905,-0.0221430141609312,-0.0209833234235852,-0.0130969337433975,-0.0350013108406337
906,-0.00353435243486002,-0.00679361661023414,0.00840500351575386,0.00357677240278434
907,-0.0100141156454425,-0.0186958115066303,0.00581865324109329,-0.0188098120343136
908,-0.0258265001190645,0.0115148907655697,-0.0174560875724678,-0.0245861602157036
909,-0.0305248305285653,0.00498436999890003,-0.0305497156088964,-0.00147284373286645
910,-0.00951203477204613,-0.0362126996124665,0.0125061412003582,-0.0119807211326864
911,-0.021516281160612,-0.0252530902250134,-0.0125826964565372,0.00604973505724521
912,-0.00231309902411164,-0.00825497914145087,-0.00147439596336091,-0.00254398627703078
913,-0.0162061961042136,-0.0407649124695914,0.000840453335050552,0.0026154122557387
914,-0.00282437424548685,-0.0139371609279022,-0.00319770476668899,-0.00980879672766959
915,-0.000136314748595935,-0.000258612070530005,-0.0023130366347398,-0.00250775017024282
916,-0.0128757510221116,-0.0336705859772302,0.0123599711806061,-0.00182299480724378
917,-0.000460401159585413,0.00119063791767284,-0.000485616437213241,-0.00244713411315514
918,-0.0141677555390588,-0.0499795008062664,-0.0122430375012581,-0.00617448505701967
919,-0.000625599017131819,0.00265248334411799,5.59352045077749e-05,-0.003109964870449
920,-0.00286102066615325,0.00182702716832434,0.0147280765165204,0.00910969406589941
921,-0.0155310004051423,-0.0385741691192369,-0.00247976346491595,0.0106616024891071
922,-0.00749211520316075,-0.0162799471258537,0.0253736895789546,-0.00739148363358625
923,-0.00354316570636664,-0.00522419077155733,0.00698424617820674,0.0172943227736786
924,-0.022758287254511,0.00604309823008565,-0.00254724399350515,0.0370463335469104
925,-0.00623367213953663,-0.0146193877452548,0.0161856939895028,0.00929479628330452
926,-0.0122355652130114,-0.0217230928191578,0.0273437261056435,0.0163738126277203
928,-0.00922091718246587,0.00350814976969066,0.0298537521416956,-0.0231130444377505
929,-0.0188572958157354,-0.00538718312007116,0.0148808939806125,0.00571757011310566
930,-0.00765369415064289,-0.00732570252632785,0.0209323499821644,0.0025479786722847
931,-0.00346136534462242,-0.00784875602310719,0.011296000027625,-0.00133751644823648
932,-0.0229664798971706,-0.0191298494160951,-0.0130362715317815,0.0247938291165634
933,-0.0140923616925921,0.0140552069596437,0.0192740661563317,-0.0430967248260689
934,-0.00917244083600605,-0.0241149340496997,0.0160004206563296,0.0128237100596014
935,-0.0147058543338816,0.00125147767338273,0.0289831022896623,-0.0105556943989634
936,-0.0203682575076446,0.00828430469801067,0.00527739337473143,-0.014006202018132
937,-0.010423873170652,-0.0116283950762201,0.0209965743076244,0.00119552723639735
938,-0.00435125947148261,-0.0136779687807066,0.00183441695056978,0.00698498723244963
939,-0.0130315360961787,0.00617913655604272,0.0308089604619451,0.000816437894612585
940,-0.0102426234810013,0.0114359304427575,0.0316421145629671,-0.0284351795853079
941,-0.00906812654216674,0.0129283432814423,0.0340903714239836,0.0171141127933091
942,-0.0132849615671936,0.00753347956579214,0.0337168253366202,0.0128160088745235
943,-0.016708233918705,0.00331968166015296,0.0132878206980509,-0.00172911001043792
944,-0.0164474892478095,-0.0127112410159643,0.0136601701426848,-0.0129390429183859
945,-0.0182094577353475,0.00782015849593465,0.0110408382117289,-0.00862682749596877
946,-0.0175365110849625,0.00318443053252366,0.0154084422271033,-0.0013493854009513
947,-0.0142678944967767,0.00400448275341551,0.0147541865638563,0.00513558860311135
948,-0.0238631141786361,0.00203757808893784,-0.00480291871755165,0.0196031650525651
949,-0.0198318549532843,0.00511439195672133,0.0101862257123902,0.0177630112482415
950,-0.0161000258709168,-0.0102729758355264,0.012912251764888,0.0271045925628335
951,-0.017457913248932,0.0121657967449799,0.020357167584503,0.01812281201253
952,-0.0143279442556642,-0.0073512136142043,0.0244206986134958,0.0136908965020491
953,-0.0212737990248638,0.00591988845178323,0.00549516507008282,-0.00796935425662261
954,-0.0146033537445581,-0.00448423652357114,0.0255134886136469,0.012157275622412
955,-0.0261726038197805,0.0116812214951104,-0.016897803233409,-0.0136457796401014
956,-0.0170028157579381,0.00861680765164942,0.0203619339284378,0.0189337017072957
957,-0.0145116989265794,0.0131916568082549,0.0172107149392572,0.0187737755826158
958,-0.0243826777268717,0.00864121011711064,0.000496301517068977,-0.000463314098650806
959,-0.0230443681749586,-0.00310634082537308,0.0109382240654065,-0.0242309379116316
960,-0.0154948085918699,-0.00998842657765831,0.024105834499018,-0.0193575785161654
961,-0.0191982861236623,0.00975765981220489,0.0213570918892671,-0.0142945034353426
962,-0.00344092036383294,-0.00631791330528673,0.0118095368157587,0.00831838207591234
963,-0.0192791673954544,0.0202209419183184,0.00892692968382658,0.0169020078424727
964,-0.0288845967151128,0.015607377885084,-0.0198668805303042,0.00826471755975591
965,-0.0244298835048345,0.00595111549403915,-0.00139064359763563,-0.0122866279360654
966,-0.0147066334899885,0.0039204670600225,0.0269710849121642,-0.00427614105292791
967,-0.0211570949383976,0.0112732157409148,0.00775917850422366,-0.0111224816740689
968,-0.0251372480691069,0.00819044707824702,-0.00752740709485668,-0.0130987822365468
969,-0.02050467199023,0.015928488281861,0.00959420752009719,0.0034139622497825
970,-0.0195954737943151,-0.0185133712536529,0.00556260714557157,-0.0167833960366776
971,-0.0294401159518666,0.0156623793131588,-0.0197409233098932,0.0203664024386758
972,-0.0300193810675756,0.0233063291904103,-0.0177511909769084,-0.00546470820190009
973,-0.0172333249228288,0.0197596184770571,0.00580681188834274,-0.00627570339836906
974,-0.00220944658026983,-0.00683679637580176,-0.000217577818753565,-0.00126139533696425
975,-0.00104978528871345,-0.00253521316491493,-0.000160391297971971,0.00244036605989777
977,-0.0219021749388181,-0.0223082896606653,-0.0212872142733701,0.0211952196669413
978,-0.0222193583869088,0.0110588632308721,-0.00119458840737912,0.0156141467422144
979,-0.011648308817793,0.0073762254275961,0.0335512212127672,0.0200808091540409
980,-0.0120508916540529,-0.0197768041858074,0.0184985864746477,0.0175054063446904
981,-0.0176907784399233,-0.0275023050521503,0.00921006330776425,0.00797839488744615
982,-0.0225380762134877,0.0184732064421219,0.0016399106305233,-0.0180639568075142
983,-0.0200359691669323,0.0244823689396064,0.00992895250836261,-0.0134514997650797
984,-0.0167580057527765,-0.0307699122467919,0.0026849774779598,-0.0153247040116076
985,-0.0134995256118333,-0.0221103088963595,0.0153936825897495,0.0138548579878066
986,-0.010265117101119,-0.0200238020171236,0.0111590008359857,-0.0157136267985282
987,-0.0141446855451094,-0.0241946387114298,0.0127589237878496,0.0136437404313594
988,-0.00736517966831197,-0.00411392396973239,0.0271073998062206,-0.00826687947614656
989,-0.0135315039095419,-0.0158560867915606,0.0186523697918411,0.0155557241379186
990,-0.0173943237093231,-0.0193811384364935,0.00829941107961244,0.0199125921084129
991,-0.00119245273684779,-0.00757668909776767,-0.00152435731675978,0.00202623254502276
992,-0.0228228011706624,0.0112149592204893,-0.0042183201959346,0.0172409566278863
993,-0.0297831096347211,0.0182223461516254,-0.0242389474487403,0.00902151520583402
994,-0.0232354882838174,0.0164080312953105,0.00219858613140462,0.00412008707323275
996,-0.0064427184737101,-0.0143354704390563,0.0167434548815661,0.010807040868227
997,-0.0170021133537926,0.00682115509733071,0.0167362258940355,0.0173355239142696
998,-0.0210102841942355,-0.0314641266633091,-0.0111900947255031,-0.011368139026609
999,-0.00850939355328838,-0.0299025719832552,0.0114934703799503,-0.0223905410413393
1000,-0.00947949961281372,-0.0363826743602923,0.00990815274166622,-0.0219802235156186
1001,-0.0154565323581899,-0.0358706330801348,0.00251046986818117,-0.045969424163087
1002,-0.00119441758704477,-0.00882125648895329,0.000350743672488215,-0.00142551986208472
1003,-0.00103829575132168,-0.000647120672708333,-0.00336801746608325,-0.000798672750725708
1004,-0.0286621981537017,0.0127316416344319,-0.0222558689249733,0.0007993806398873
1005,-0.0104735423869132,-0.0297945480919075,0.00143580565602196,-0.0255162441423398
1006,-0.0286735876926087,0.00325351593023917,-0.0276740252550258,-0.00326810568867984
1007,-0.0224938768131245,-0.0150174202823637,-0.0145381424695018,-0.018462376517033
1008,-0.0295272249934251,0.0119001973147945,-0.024396616127568,-0.0047475166895768
1009,-0.0280046243802277,0.00370699098808759,-0.0217035755898845,-0.00960530960630138
1010,-0.0236184415736421,-0.00442685672003571,-0.0137801449050951,0.014996251957509
1011,-0.0154433478267254,-0.0358249976009453,-0.00200757479000567,0.0215138850027488
1012,-0.0174913425563278,-0.00867776192877472,0.0159279123753889,-0.00257870180489364
1013,-0.0271285004100914,-0.00479591048219617,-0.0213326779161724,-0.00628067011233388
1014,-0.0201567510776907,-0.0141305824776545,-0.00127047225455962,-0.02616722253738
1015,-0.0259526571856039,-0.0058881338351116,-0.0191490049489352,-0.0147072512931262
1016,-0.00682600707937372,-0.0110391968976009,0.00413785017318723,-0.000544228761360936
1017,-0.0228362397356916,0.0220340009439958,-0.00353738410266897,0.0273439162812209
1018,-0.0298448925938014,0.00970705581879249,-0.0211787636480588,-0.0131495076798975
1019,-0.0304961484643441,0.0142109479139686,-0.0260662547827792,-0.00196418032604967
1020,-0.0166226544179877,0.0136070378309171,0.0104510036865492,0.014970133373502
1021,-0.0262896386269961,0.0208342825520273,-0.0155239075653064,-0.00242498740832649
1022,-0.0253066751234518,0.0191221339840964,-0.0161530382169774,-0.0035978378744829
1023,-0.0256058831457601,-0.00100800452704916,-0.0236408856518688,0.0155024664350605
1024,-0.0252656889758112,-0.0111813882982213,-0.0277447403582969,0.00124540405182249
1025,-0.0222401473116956,-0.0148175147104515,-0.00985714279496406,0.0341560651508589
1026,-0.0294073719912762,0.0155880047214307,-0.0214845746588939,0.0124912090817782
1027,-0.00108449785669531,-0.00294296079306159,0.00244539261070159,0.000377731335858277
1028,-0.0234276988650951,-0.0127239270537326,-0.00808803714241748,0.0167267323553484
1029,-0.0159939092672681,0.0237459282200301,0.0165694918054536,-0.00189376952147745
1030,-0.027257049118808,0.0305477476041847,-0.0156307859524906,0.0111771912125168
1031,-0.000383523051227636,0.00145641306451174,0.00249598488877342,0.00135362877422007
1032,-0.0224821093853082,-0.0183860184416714,-0.010950094006594,0.00925583451531376
1033,-0.0266903085424049,-0.0123506903927406,-0.0232040834846084,-0.00348498283054125
1034,-0.00525299455879122,0.00793873000820855,0.029074498692143,0.00570903851401203
1035,-0.000489943415896552,0.00113759181129622,-0.000601541489022415,0.00683006651863059
1036,-0.0182878791838552,-0.0364570822568882,0.000880865403984431,0.00154557110547426
1037,-0.00915440373077225,-0.0230260159437853,0.0140091256726233,-0.00872973744196689
1038,-0.00999308071543787,0.00308588992102513,0.03509485772803,0.0136918728834121
1039,-0.00952726485298359,-0.0128311807226473,0.0226481459839744,-0.0038531073643813
1041,-0.00617128223566125,-0.0183409189453342,-6.66107450366716e-05,-0.00224473658661147
1042,-0.00620946472641271,-0.0105914573032514,0.00429013684675775,-0.00163924898765918
1044,-0.0115296010682341,-0.0176932925063342,0.0160638263725956,0.0102108957786996
1045,-0.022646688570842,0.0022143194265286,0.00271671062728182,0.00536308652318185
1046,-0.00829726272187412,-0.0108099874598354,0.0170201910854429,-0.00088601642731416
1047,-0.00958014240774128,-0.0342482875579424,0.00367829811042124,0.00365740791498145
1048,-0.0232924582834307,0.00217938584543568,-0.0106840340724302,0.0401943800431295
1049,-0.0243362795157807,0.002233494222321,-0.00810694345213416,-0.00116626926954933
1050,-0.0138563776252226,0.0160010913042196,0.0121333122475357,-0.00346405304600211
1051,-0.0266367310653055,0.0218057380017061,-0.016034515679487,-8.07124812036579e-05
1052,-0.013496606888609,0.00320557873737413,0.0292190186616729,-0.0172400105879094
1053,-0.0246637200338253,0.016737660853166,-0.0144646755466022,-0.00998247515032017
1054,-0.0166208149025933,0.00219236672974406,0.0232770343297109,-0.0172708393681085
1055,-0.0235068531441352,-0.0230981445310579,-0.0138525432589743,0.0202959872971662
1056,-0.0245290332331141,-0.015662343435103,-0.014825198596882,0.0278222387537501
1057,-0.000435369536600166,-0.00124636334034797,0.0006050086227318,0.000617051878583901
1058,-0.000865770454525279,-0.00335099951875762,0.0010493260904541,-0.00125924855163226
1059,-0.0203505730881174,0.00880308846110092,-0.000974874769611164,0.016213346679551
1060,-0.0322087988011084,0.0154803684159588,-0.0265267777812343,-0.0112830629853519
1061,-0.00461913188315022,-0.0082365320142137,0.0109368746960393,0.00452487895852117
1062,-0.00297541963472341,-0.0080509810201596,0.00302222271630521,0.00453318021576688
1063,-4.43664215706262e-05,0.000108849489664063,-0.000116055437621872,0.000633145516926088
1064,-0.0068430076025038,-0.0134838287750598,0.00125256277938209,-0.00206055235854233
1065,-0.00121423043285446,-0.000488372597425391,-0.000428213537451117,0.00066987917984509
1066,-0.022956146605452,-0.0299452645580332,-0.0152430679879149,0.0010474192737163
1067,-0.0328005615798256,0.0108253362013075,-0.0296514084180077,-0.00903749865795686
1069,-0.0158488265546027,-0.0427760265426085,-0.00749534887272236,0.0117886791736286
1070,-0.0102164467447238,-0.0255893053910115,0.0086475550481422,-0.0251756313228847
1071,-0.00872882104737926,-0.0229644776958325,0.00985432287949433,-0.0251890480071783
1072,-0.0046096231561265,-0.00316426883726497,0.0122950907015282,-0.0183775557080601
1073,-0.0063454787756223,-0.0224931745017192,0.003616835721892,-0.0249871323214661
1074,-0.00122869550547295,-0.00233538060346501,0.00506064817859521,-0.000954387268596111
1075,-0.015731240099651,-0.042932350314512,-0.00444667337897363,0.0061373738228733
1076,-0.0136409153278772,-0.0482504379424067,-0.00351183390517075,-0.0173442416392789
1077,-0.00433972382686379,-0.0081773368631114,-0.0073574962386068,-0.00215074846788284
1078,-0.0022811528245181,-0.00807430931227736,-0.00371502676705005,-0.00308590418841279
1080,-0.0126313321382061,0.00424369022300674,0.0255726679397209,0.0126617506037207
1081,-0.00201398511883397,-0.00171582627150474,0.00516878406640598,-0.00139265131649417
1082,-0.00949422806801949,-0.0278653963595858,0.00295044578514859,-0.016365764552906
1083,-0.00341248940140489,0.00405868918316373,0.0125770697060598,-0.00479054008833343
1084,-0.0197973024182497,-0.023483159150752,-0.00669345819298678,0.00360909832112477
1085,-0.0289481336052758,0.00269589202425683,-0.0222864547073696,0.0170893511555052
1086,-0.018357969829026,-0.0153199855184102,-0.00299923082597676,-0.0121309288152439
1087,-0.00135514779909567,-0.00725932959647962,-0.00296807126605692,-0.00513723998368242
1088,-0.0263878466124675,-0.00244790653340539,-0.026927500960293,-0.0197231639583811
1089,-0.0161588344857394,-0.0425303448432759,-0.0128322001357458,0.0214160795345733
1090,-0.0172548306083918,-0.0235167506192784,0.00611804527532012,0.0431395664646641
1091,-0.0194321356581345,-0.0410507468480102,-0.0116215187210661,-0.0295053034226937
1092,-0.0262735574202992,-1.93758625958824e-06,-0.0232013960093687,-0.00569078382556245
1093,-0.0140435027051032,-0.0275253228846621,0.0183502845959446,0.0148103199846777
1094,-0.00536625467305518,-0.00473689145312866,0.0161749886511471,-0.0247704669231559
1095,-0.0262392659956504,0.00426792490984989,-0.0274554081322107,0.0206431595357386
1096,-0.0166953509865008,-0.0310239200647567,0.0140396327510143,-0.00819662269897123
1097,-0.0229871370542713,-0.0172755559363886,-0.0182289936067176,0.0220229234551067
1098,-0.0212784348357645,-0.016523148228019,-0.0141777281010943,0.0161760921120473
1099,-0.0149796627164672,-0.0222925178477727,0.0161647799235707,0.0309153204680954
1100,-0.027317100766533,0.00126293712485717,-0.0228324229618156,0.0138228973754972
1101,-0.0203774679030346,-0.0337136447258409,-0.0153536317741645,-0.00693143419346426
1102,-0.0150346904740082,-0.0297131462067597,0.00844537603811711,0.0238639736135431
1103,-0.0155937734609241,-0.0147033430682412,0.00982351354417922,0.0178227800350634
1104,-0.0179960056349274,-0.0355411936884961,-0.000427112398487607,0.00994079039743748
1105,-0.0326192333745033,0.0102460220934813,-0.0290740373068224,0.00142796449344391
1106,-0.0202470940236043,-0.00446424051968884,0.00494595159090955,0.00338440878005156
1107,-0.0314801511277224,0.0181574848178945,-0.0225175375535499,-0.00571341138173625
1108,-0.0323232951047248,0.0181379128104398,-0.0260690772554438,0.00147067530071008
1109,-0.0328846267954845,0.0181614595389966,-0.0236835423083,-0.00466436026808069
1110,-0.028625727916945,0.00238792042473653,-0.0288038960396184,-0.0121100724019141
1111,-0.0298956179925708,0.0167547904256561,-0.0209723192187388,-0.00829953029780827
1112,-0.0292470308542128,0.00866045025988612,-0.02340132394033,-0.0165450285931816
1113,-0.0158888495980873,-0.0347164039665662,0.00293581784140435,0.00341011373794471
1114,-0.0309540901776512,0.00856358171470306,-0.0274402027585384,-0.00138158369578625
1115,-0.0302429900726138,0.00113250663901477,-0.0272076841784003,-0.0118188330494654
1116,-0.0159282702135536,0.0223935900615753,0.0190236282945786,-0.042665249442007
1117,-0.0289120398262597,0.00284627609030256,-0.0294647969344148,-0.0206560469081961
1118,-0.0315533467218127,0.00473249938049189,-0.026493693119302,0.00383838754069119
1119,-0.0308384812665998,0.00818393892596439,-0.0274836998039981,-0.0160546599477489
1120,-0.0217413829921002,-0.0230422376927426,-0.0170500547031269,-0.0340816529529516
1121,-0.029652628621215,0.0227385504346985,-0.0188653283885881,-0.00230308302988993
1122,-0.0210966712403186,-0.0269567439821296,-0.0141712982218578,-0.00236256924617955
1123,-0.0218083660072867,-0.0300840587524346,-0.0149841918337322,-0.0333907407959205
1124,-0.0319458471892466,0.0137651924370178,-0.0287136973213316,-0.00459808738405359
1125,-0.0301672730463602,0.013540983853631,-0.0232527384575784,-0.0107868653541418
1126,-0.0263531926798317,0.0162106362966312,-0.0181942298158752,-0.0205577856211199
1127,-0.0184477633135052,-0.00511782874482904,0.0240545770827552,-0.0203174761533378
1128,-0.0245615871755221,-0.0181271965321969,-0.0185654195660761,-0.0195299541046287
1129,-0.0210628049791756,-0.0163007267293715,-0.000700612220283237,-0.061657827378399
1130,-0.0294233295599476,0.00389830006469192,-0.0236079087336577,-0.0157650068164524
1131,-0.029829554565079,0.0179963809382806,-0.0252808678849492,-0.00522449194632388
1132,-0.0317557297032878,0.00847992891607339,-0.0261188387328452,-0.00614012244668361
1133,-0.0304223198851057,0.0123361305625546,-0.0259427482480058,-0.00511515493689069
1134,-0.0292157527254062,0.000212294846550022,-0.0210510277468092,-0.0239400484888633
1135,-0.0293755066796127,0.00200902637271918,-0.0226869134549974,-0.0109151442758242
1136,-0.0306719069505088,0.00781792084621365,-0.0272912973912366,0.00618833150653592
1137,-0.0245862374255903,-0.0151905864176429,-0.00871979711127602,-0.0174315036103543
1138,-0.021040581051923,-0.0199386942405833,-0.0106918171679869,-0.0153176471597503
1139,-0.0262189222748072,-0.010909401992555,-0.0236754538515999,-0.0102738816322399
1140,-0.0279577832311382,-0.00463509466856319,-0.0295710429640244,0.000897997088259285
1141,-0.0293051008455546,0.0108996747057841,-0.0231043084419827,0.00719489587141512
1142,-0.013531826760321,-0.0274550769561143,-0.000327029542564648,-0.0390899369478604
1143,-0.0308163773095396,0.00611466409137311,-0.0255607511129612,-0.00484897177036358
1144,-0.0317581234018748,0.0124039350996605,-0.0271325747386375,-0.00169821247158813
1145,-0.0289518189580188,0.00311775534596873,-0.0238279874714827,0.00448412714902431
1146,-0.0164590961389563,-0.04028795544038,0.00437163721465229,0.0115563572445311
1147,-0.0206729640875923,-0.0329556028370185,-0.0146166867313196,-0.0377921545214304
1148,-0.0212225631317773,-0.0264890267546838,-0.0167757749569584,0.0117052398125882
1149,-0.0302669575654209,0.0192005114001922,-0.0209836448514215,-0.00468866621865948
1150,-0.0159389676757578,-0.00310566303930494,0.0235710937817265,-0.0309681950875327
1151,-0.0312916508938406,0.0179070982918864,-0.0242202685693924,0.00330174815504393
1152,-0.0263460640610268,-0.000135105528555249,-0.0140173754419021,-0.00944630036960808
1153,-0.0244291144784856,-0.015900885973393,-0.0252876506569677,0.000360909533893509
1154,-0.0248535412076442,-0.00825887967896138,-0.0160349909230284,-0.000799551046537233
1155,-0.0295782386724517,0.0168699089981806,-0.0224156786601548,0.0223749168001294
1156,-0.0295693429716265,0.000969573112894943,-0.0274311829569621,0.0027783511822912
1157,-0.0202827627986873,-0.0277305195786201,-0.00804681122367509,-0.0393427444145933
1158,-0.0286986234616003,0.00979767501467118,-0.0184986393332059,-0.00637388072292538
1159,-0.0315341065896181,0.00837189191271155,-0.0271467750667634,-0.00421631356181561
1160,-0.0165544949086331,-0.0419121458659813,-0.0147917913914029,-0.0225469414782558
1161,-0.0280700775891488,-0.00643654131867034,-0.025785279391441,-0.0159565638113248
1162,-0.0292605077459978,0.0103415990084303,-0.0229401637111637,-0.0130870273972341
1163,-0.0241230813645145,-0.0195284510502583,-0.0190112952292946,-0.0306416084592595
1164,-0.0137200721329039,-0.00897941218733441,0.00682758187853329,-0.0386126536009891
1165,-0.0244187271496564,-0.0175239092833361,-0.0177939305695322,-0.0252631435914876
1166,-0.0273218620782415,0.0144613547987751,-0.00972378827252922,0.000843728617952978
1167,-0.0313494936257381,0.0167078886913979,-0.0279264756868083,-0.00588456973178118
1168,-0.0306276629802323,0.0160333708443155,-0.0248357489885742,0.0070447819557771
1169,-0.0173005356228896,-0.0423718890116114,-0.00790609440937163,-0.0419836758026162
1170,-0.0241290443616053,0.00872376080401003,-0.00878031961980098,-0.033475814781393
1171,-0.0305023102965663,0.00779611624930419,-0.021502094228659,-0.0182032606014422
1172,-0.0291879242943432,0.00501531453818141,-0.024678924011171,-0.0115610271025227
1173,-0.0202229786014649,-0.0315155423651739,-0.0163585858300557,-0.0160007993893167
1174,-0.0293587836136699,0.0137500286193626,-0.0233042894369067,-0.000549164645615554
1175,-0.0301943313033498,0.0106348210994599,-0.0283790071600849,-0.0108588491540245
1176,-0.0268748850430717,-0.00904195955006305,-0.0211557726840933,-0.0196568991022914
1177,-0.020682519882029,0.0117088419577646,0.0151426526108347,0.0144314194886766
1178,-0.0288588956998678,0.00429602510673869,-0.0202951111653738,-0.012045508492374
1179,-0.0292610517404058,0.0201533566938057,-0.0185677238715271,0.00589134834776348
1180,-0.0240840125043849,0.00571132408076263,-0.00469175211178145,0.0310683710313012
1181,-0.030237883660343,0.0075066635947463,-0.0264137963442908,-0.00919893399351226
1182,-0.0152062550752471,-0.0447621139290714,-0.0162248113585553,-0.0141463994615891
1183,-0.0255168910517572,0.00810280300993713,-0.0123285388292724,-0.0241315225339653
1184,-0.0260251939417424,0.0213526647970816,-0.00878733581918558,-0.0165760136645735
1185,-0.0306233797627351,0.00668631746328454,-0.0285545088327533,-0.00486651235436262
1186,-0.026459260707318,-0.00231065233534217,-0.0205557683841392,0.00634527784172737
1187,-0.0306567129637472,0.00960578075325478,-0.0250624945295941,-0.00669019038219248
1188,-0.0194578131967116,-0.0206605292835821,-0.00456579117734469,0.0210818773455711
1189,-0.0212232948584374,-0.0254718371591395,-0.013810852222325,0.0246093600954196
1190,-0.0222686403354458,-0.026741822172257,-0.0173153273787067,-0.0118816497481797
1191,-0.0277007163482103,0.00245596042895881,-0.0176092137965208,-0.0210144732224995
1192,-0.0243881143529277,-0.0176940471942993,-0.0191693323893872,-0.0330143535452441
1193,-0.0228992707387173,-0.0209354814335985,-0.0149713516217682,-0.0328027181203162
1194,-0.0279668513979749,0.00799623229603328,-0.0228604478726545,0.00176331188653566
1195,-0.019084831718295,0.00799225639549921,0.014609731423563,0.0418692618402003
1196,-0.029635180960793,0.0149651455929706,-0.0223249306691018,-0.00908493916798695
1197,-0.0289344783990922,-0.000159941302855248,-0.0290393872522039,-0.00972768932078854
1198,-0.0212356839384606,-0.0268034663201656,-0.0034890036172564,-0.00415427466310301
1199,-0.0202809784292767,0.00864405745845257,0.0102369400111859,0.0291438597913655
1200,-0.0305197506317415,0.0228598309357334,-0.0201252154459693,-0.000853239749781442
1201,-0.0251800389085189,-0.0129834456012683,-0.0225177165652228,0.00322027074746561
1202,-0.0284139818322988,0.00349664033826606,-0.022120135939216,0.0171460505290108
1203,-0.0292340895938825,0.00368088119448073,-0.0255930662393867,-0.00260370213692359
1204,-0.0171979806975584,-0.0276000744843839,-0.00846956185367316,0.0239312156704912
1205,-0.0253071082645498,-0.00844841793408191,-0.0224005966675632,0.0151572658409862
1206,-0.0237417640362145,0.0144445443413888,0.00416433196108895,0.00278438060560962
1207,-0.0239478910630535,0.00767926630333795,-0.00747451703927573,-0.00443225172898334
1208,-0.0299427780427601,0.00474994034963302,-0.0263908126398436,0.00459277061524486
1209,-0.0238330433614668,-0.0221178492785841,-0.0201781353738293,0.00457405963437306
1210,-0.0275090821532061,0.0134304208713059,-0.0172202074079825,-0.020945066831087
1211,-0.0281242896314946,0.0178353617731111,-0.0173965706615385,0.0201710831816481
1212,-0.0255515442385781,-0.0103580349178419,-0.0194303686163416,-0.0209159802642752
1213,-0.0311434745661228,0.0113690219272361,-0.0275111384664505,-0.000923765243739172
1214,-0.01677953849633,-0.0310158879335067,-0.0019215900990432,0.00891795946360397
1215,-0.0198435495254275,-0.0118194344020405,0.00305873731218981,-0.0276460050813133
1216,-0.0300677289220079,0.0153616551999096,-0.0246353327620431,0.0163330402258543
1217,-0.0136770445300601,-0.0200842783884942,0.0218321764040853,-0.0100377287347309
1218,-0.000494953924271848,-0.00123704635150827,0.000793658589530427,-0.000486673384625983
1219,-0.00826299179981515,-0.0115557490535181,0.012830228300018,0.00896711682209138
1220,-0.00300899615757821,-0.00543102924753035,0.0062963322728497,-0.000981768788908794
1221,-0.00103749974207726,-0.00339467613776623,0.00169191788869588,0.00017620059794594
1223,-0.0101402566161912,-0.00990715245121173,0.010440869994984,0.0060897301486284
1224,-0.0210466878201844,0.0151299586414674,-0.0056786922079592,-0.00772747056138947
1225,-0.0259820121821536,0.0160577538034449,-0.00974771280508975,-0.0188866691718855
1226,-0.00511921107463363,0.00658121880190711,0.0143947137406448,-0.00638422684234023
1227,-0.00483053004278414,0.00127989441488737,0.0185300209320584,-0.00125559878751408
1228,-0.00382379251048045,0.00355304307088009,0.0198946277531286,-0.00169024896172959
1229,-0.00465576250234561,0.00336886326455396,0.0196937426407406,-0.00911207808533639
1230,-0.00814179009747569,0.00697655882588353,0.0273512458357698,0.00335591492579668
1231,-0.0181977806133391,0.0133498723059969,0.0123367022912126,-0.00801861646980068
1232,-0.00371990722552327,0.00520680759854562,0.0168032553869701,-0.00260783639345173
1233,-0.00731408309065579,-0.0136155294727404,0.0201351211796916,-0.0102523868495505
1234,-0.0124626497285519,0.00742405967004986,0.0332115152450867,0.00581472568371036
1235,-0.0116020727232821,-0.0116745519839758,0.0206098604844274,0.012443494934263
1236,-0.0132278084693647,-0.00508440817410808,0.0231456454651583,-0.0130458728936909
1237,-0.0292081566924183,0.0135947238918156,-0.0231295172026854,-0.00364331097729598
1238,-0.0201485322858468,0.00942271799657877,-0.00573884929062525,-0.0301035728888702
1239,-0.00398723253787484,-0.00130476290718835,0.0109299421935522,0.00231438769411378
1240,-0.00929523004694954,-0.00345972907458044,0.0234233700015355,-0.0121214206259434
1241,-0.0153735934990217,-0.00741032595797373,0.0155917864238531,-0.0279339213329609
1242,-0.0217716923951841,0.0193249569319354,0.0018449212208932,-0.0119173413072905
1243,-0.0225751516725046,-0.010449357159129,-0.00639610990885617,-0.0320712544514458
1244,-0.0105553343667095,-0.00878597433299068,0.0253333716349234,-0.0190087381105556
1245,-0.0141694421155119,0.00631863023325782,0.0279875839959274,-0.0187725387478023
1246,-0.0266949275652835,0.0153412704110227,-0.0159672521087204,0.00364662333206421
1247,-0.0234406982139963,-0.00951226613194606,-0.0101293240720538,-0.0253719692489566
1248,-0.0252621853779304,0.010782536206536,-0.0111742336682463,-0.0118259731969398
1249,-0.016016226266306,0.00491560447068635,0.0214849889216558,-0.017477847355822
1250,-0.0221286135292809,0.0167513530726481,0.006537945464332,-0.0137094444108263
1251,-0.0211367379043906,-0.0118079367682361,-0.00480415426542796,-0.0452845939190481
1252,-0.00800401475763128,-0.00688199996016371,0.0192213461703981,-0.00682023412360868
1253,-0.0238347119720105,0.00951436093455335,-0.00641206032801189,-0.0240166385223203
1254,-0.00890852609044922,-0.0184135935621944,0.0196248944831443,0.00804148311745578
1255,-0.0116067104230359,-0.0139113407214762,0.0255851690870914,-0.0131825142581004
1256,-0.0120528215460151,0.0113670890708034,0.0326766670304046,0.0373600749587024
1257,-0.0192628759215555,-0.0246320991075179,-0.0110165319228384,0.0174949947500092
1258,-0.0127335956005078,-0.00207547799591904,0.0275826823871816,-0.0173546068634057
1259,-0.0268248074576251,0.0205881214020493,-0.016356464950671,0.000279232686385649
1260,-0.0255716448132549,0.00361490669783376,-0.017155057005967,0.0191025063101752
1261,-0.0314130527353295,0.0139095867777043,-0.0261666850310272,0.00807814111958426
1262,-0.0108927314464406,0.0147839268542713,0.0269668108969024,0.0142865488630155
1264,-0.0207947610365964,-0.0321960714882768,0.00109642784267047,-0.0108435437195865
1265,-0.0142164246181312,-0.0507498467506003,-0.00931734472009882,0.00684129733736818
1266,-0.0138389080814833,0.0028464460981919,0.0172745973370599,0.0329607263745707
1268,-0.0123847371642925,-0.0292445294551414,0.0209969379708577,0.0104831253932242
1269,-0.0168820724542469,-0.0138881508379391,0.00644445703679315,0.0167611153109025
1270,-0.0185775435591486,0.0134541092585289,0.00778108600349724,0.0181683593604262
1271,-0.00263920239462001,-0.00789555541525838,0.00250477163105015,0.00264567766634604
1272,-0.0236433744236309,0.023201276938704,-0.00317206811945987,-0.00539967411310623
1273,-0.022271837870742,0.0203182406309514,-0.00655256548437602,-0.00537234760573325
1274,-0.0234060167204235,0.0184790088603597,-0.00569634490141439,-0.00378290472704582
1275,-0.0187394353170334,0.0232452320078744,0.000753794793348157,-0.00561349359171995
1276,-0.0279209387853407,0.0176394872343837,-0.0186433452782483,-0.00489182696501365
1277,-0.0243265818331344,0.0184084820571832,-0.0123598902615683,-0.00337380490789828
1278,-0.0263182092517101,0.018544198260674,-0.0132868491605214,0.00383567711249337
1279,-0.0192377870665225,0.0138083185228899,0.00118541890909058,-0.00786961939998726
1280,-0.0229828635244256,0.0273949064016913,-0.00133303640693042,-0.00991160506242633
1281,-0.0170913627529039,0.0224473832094094,0.00986181218517766,-0.0135533373260791
1282,-0.0259002438141966,0.0205344202719028,-0.0119346473430437,0.0199556525095577
1283,-0.0100206090303503,0.0114036765202539,0.0150927991799102,0.0102164910299672
1284,-0.0111145205777394,0.0143196250756617,0.0327223144999874,-0.0287080411370762
1285,-0.000148564600547411,0.000878816911715735,0.00130866354284227,-0.000993802934437517
1286,-0.00436014398067256,-0.00148123441385107,0.0167486977244961,0.00817539385385144
1287,-0.0190101489659309,0.01833157189401,0.0144258662184176,-0.0152265615364387
1289,-0.029627050600193,0.0137032597969109,-0.0224964131002624,-0.00464288488669258
1290,-0.0150819003037523,0.0158946489032211,0.0120073629049495,-0.00859723930357039
1291,-0.0087739655227557,0.0150375362674322,0.0222816780544691,0.00134765381088537
1292,-0.0126324523169787,0.00380450302533314,0.0387606296097917,0.0152236807406682
1293,-0.0197678732388611,0.00850597538349098,-0.00485597277680749,-0.0117563608219055
1294,-0.0191864437714238,-0.0196171497657892,0.0023120145145508,0.0212679490285564
1295,-0.027251553628723,0.0199101178274313,-0.01781517058402,0.00914771612122565
1296,-0.0288306921391478,0.00580193101559248,-0.0236117243578245,-0.0102903699483777
1297,-0.0201060549472527,-0.0118229500401627,-0.0113014081434063,0.0145096307203026
1298,-0.0272439306089163,0.0211682252717427,-0.0143341363574497,-0.00157586051950096
1299,-0.0172362174638521,-0.0159830952586181,0.0122531712449419,0.0283874947723375
1300,-0.00956527422786929,0.0127766083664921,0.0284199977220209,0.032349642221981
1301,-0.013966849546312,-0.01046185729057,0.0216938443950822,0.0289407650590599
1302,-0.018455052223892,-2.35788433066093e-05,0.0161225816550937,0.030287526944771
1303,-0.0144278298095443,-0.00992924571371935,0.0194891928133016,0.0153439357351336
1304,-0.0182639704278325,0.00680289502468952,0.007306538832337,-0.0271308568300373
1305,-0.00470525013016558,-0.0182476944040641,-0.00267237826737131,0.00271337230571872
1306,-0.0248910701547271,0.020093731121631,-0.00721586829115162,-0.00236729809499613
1307,-0.0286444130929689,0.0213692974448957,-0.0209429527448791,0.00403262447805741
1308,-0.0176934064416482,0.00932722939094143,0.0117105354879764,0.0218735358112898
1309,-0.0115309968202823,-0.000341402135393373,0.03030005687339,0.0329074590194133
1310,-0.0275028645797767,0.0050326253061201,-0.013066821662858,0.0114433933663988
1311,-0.00897933150153714,-0.0221500274152764,0.0208202352709466,0.00327629823921991
1312,-0.0110800653327109,-0.0292415013152429,0.00899530362337554,0.0165929398208577
1313,-0.0178881889795031,-0.0108284898516038,0.0171860145498892,0.02461748321796
1314,-0.0110920513925717,-0.0240837982018432,0.00150750662582383,-0.0131072639183182
1315,-0.0180095859466647,0.00391022681873516,0.00859198871373818,0.0217526657847649
1316,-0.009805374347308,-0.0179437952611332,0.017993191384744,0.0281910816471786
1317,-0.0176494749505322,-0.0342669412074157,-0.0107460027222869,0.00476451723348969
1318,-0.00570439164091325,-0.0155102242838034,0.00300318202738127,-0.0118960118962812
1319,-0.00973631901441949,-0.0109817262685082,0.0163207268440104,-2.01323687395021e-05
1320,-0.0183185202839173,0.0176926962158603,0.010070364479486,-0.00952696980556394
1321,-0.00533176897502525,-0.022585088984182,-0.0141541375098277,0.00701368440242153
1322,-0.0163527830413624,-0.00462001776827903,0.0195502305456421,-0.0275571625292855
1323,-0.00421410245923679,-0.00355141933092883,0.0132214553230296,0.00821373579210409
1324,-0.00872581987568365,-0.00124753111164725,0.0297630714400498,-0.00978980485706914
1325,-0.0115705581584601,-0.0303471044877718,-0.00211295678936789,0.00454144240615233
1326,-0.0176571909901328,0.00800114022054277,0.00838300334948965,-0.0433216484026948
1327,-0.000468764905675744,-0.000552888629674405,0.00135450992426157,-0.000161447089088346
1328,-0.0123809779278982,0.018179649787462,0.023981624538731,-0.0131518694803258
1329,-0.0108305142378684,0.00543327212612048,0.0342840292678689,-0.0295912605770896
1330,-0.000485587456457053,0.00233478715584068,-5.36342372491405e-05,-0.00328960424785134
1331,-0.000967429521946531,0.00311259992223701,0.00194797709353776,-0.0116092146171188
1332,-0.00538501705278774,-0.0137700906795817,0.010160667348554,0.00615708677721992
1333,-0.00880776534340919,-0.0181581292310092,0.0115871764373213,-0.00221898914169814
1334,-0.0150934168243185,0.0191503781685836,0.0175365828149452,-0.0132810076246113
1335,-0.00850538033515475,0.0042915212445723,0.0314364370980351,-0.00471217199287056
1336,-0.0131159127831926,-0.00852175749325467,0.0230261494987951,0.00492300833186432
1337,-0.0193996142386187,0.0033265170395631,0.0140404824066354,0.008567591575439
1338,-0.00961280977274873,-0.00563466280062958,0.0186953151578501,0.00572050458995686
1339,-0.00435436556566272,-0.00695809956510803,0.0111566612868627,0.00390845293445388
1340,-0.00908248956024013,0.0154472120975919,0.031440538211406,-0.0123849873048444
1341,-0.0206981751361922,-0.0206181934203808,-0.0062823258806691,0.0399725033665917
1342,-0.013387346577714,-0.0185714697537798,0.0216099080899952,0.00379287863177476
1343,-0.0249245108150942,-0.0108365389057183,-0.0108963309982711,0.0094592519390736
1344,-0.00350401080467087,-0.0072571897710806,-0.00108223920870964,0.0011883030384417
1345,-0.00927789863483507,0.00335717919770389,0.0276342868865907,0.0197941673589881
1346,-0.0138177873552433,-0.0102574670168646,0.0187372139466669,0.000370769666376923
1347,-0.00617603114757467,-0.0106537089641027,0.0147261038820725,0.0133020718751526
1348,-0.00955279902193591,0.0101396566238411,0.0243133096084614,0.0055853553789938
1349,-0.0144983736936741,0.0109610649528465,0.0284623994880165,0.0153756458806852
1350,-0.00557683119299823,-0.00768718946970174,0.0150825365733118,-0.000872206787696434
1351,-0.0226749324356943,0.0202518581021827,-4.92449895334678e-05,-0.0122184165677641
1352,-0.0126200062026507,-0.00351718886360981,0.0240375521903307,0.00385296707055503
1353,-0.0124425878023813,0.0128927919173626,0.0268850925109466,0.0133486236369981
1354,-0.00706742629588166,-0.00410344197768115,0.0220439922933298,0.0102464164963881
1355,-0.016819260655872,-0.00979665838737393,0.0183098839062918,-0.0120283757021394
1356,-0.0200608502667448,-0.00370963534131844,0.0140627248706332,0.0228562972375159
1357,-0.0277248747586106,0.0139667891981122,-0.0193131272444257,-0.00345425375429651
1358,-0.0130535857176074,0.00501275048318512,0.0239485059784725,0.00159516429394578
1359,-0.00145323450952949,-0.00109662942411578,0.00905893984752209,0.004128387353343
1361,-0.0121678594435861,-0.0162458650376243,0.0232932825699875,-0.0337569782072442
1362,-0.0116434612279795,-0.00774602395430578,0.0107730583803496,0.00248570882503603
1363,-0.00901448686557669,0.0118456331556437,0.0296633727813651,0.0126956809150118
1364,-0.0148394824350492,0.00340525505910896,0.024324844569323,0.0208642536520612
1365,-0.0228175627696367,0.0100871727416178,3.06672004600735e-05,0.00106681820888369
1366,-0.00849769379928153,0.0010247078413452,0.0234838201690119,0.0375616162083433
1367,-0.0188760504108313,0.0254096985325679,0.0141869314740919,-0.00885810006421489
1368,-0.0197518688761218,0.00133390279150147,0.00504838143309443,-0.00336116919079165
1369,-0.0163211333864041,-0.0178727533613124,0.0138812845794848,0.0025974556697732
1370,-0.0137813328792627,-0.00431270676512326,0.0173753564756471,-0.0160019026856227
1371,-0.0169400053754447,-0.0343080534752896,-0.00102022395752087,0.0195381979586626
1372,-0.0222343987102069,0.0220623893709487,0.00401818795579633,0.00547068456872824
1373,-0.0049935051457373,-0.0124448931901963,0.00987229459762634,0.00105735553723905
1374,-0.0161193580776382,0.00338994800266363,0.0212951012821045,0.0250733839136113
1375,-0.0159246821156198,0.0182772260333985,0.0227622029185815,-0.00566114221591428
1376,-0.00798881233450951,-0.0082968255268859,0.02618761023877,0.00717282993440599
1377,-0.00399565358928166,-0.00351484904526763,0.0141996858789144,0.00641938589477208
1378,-0.0075961800223168,-0.0150704643667361,0.0217423623598354,0.0128665877591705
1379,-0.00525917386322991,0.00440925486328215,0.0183522239757302,-0.00144233663528525
1380,-0.00501093917549419,-0.00105670312154114,0.0162116840615741,-0.000187224392515633
1381,-0.00662961643432967,-0.00596398198466961,0.0163175910355525,0.00445659050421342
1382,-0.00709666760969426,0.0154799053657674,0.0290834371599675,-0.0230762476356182
1383,-0.0151901967796834,-0.00139849123174035,0.0239040946401956,0.0278081266862073
1384,-0.0129175359057899,0.0129907650229189,0.0108390313128299,-0.00488622127173625
1385,-0.0283445241876072,0.0153213281954231,-0.0228270908006976,-1.66941358739416e-05
1386,-0.00671579918338852,-0.00710093001727549,0.0211516237903045,-0.000808375417777609
1387,-0.00442133797396728,-0.0108678687547622,0.00720798984019256,-0.0117826646320865
1388,-0.0137369673357397,0.00781182240140579,0.0124582932838575,-0.00399319888936443
1389,-0.0042466205417202,-0.0178937020147056,0.00523085300966504,0.00392148076887496
1390,-0.0114391607773776,-0.0221245563355302,0.015748367533357,0.0289306013688082
1391,-0.0128282318479427,-0.0197446961850493,0.0200581259725293,0.00326969644733934
1392,-0.00915671691480886,-0.0141761642820817,0.00806977039733014,0.0167533414828598
1394,-0.00777448854430273,-0.0256760474002988,0.00369962776761972,0.00864714909764895
1395,-0.0220098528156599,0.00908811499493602,-0.012510986917875,0.0118679978623214
1396,-0.00401552537291372,-0.00845643540888863,0.0072012539733241,0.00429139201709937
1397,-0.0121304584302805,0.0155052551557083,0.0314022426036825,-0.00150855264629537
1398,-0.0132951099885508,-0.0331741628942153,0.0148790223765747,0.0123123240670597
1399,-0.0276988019482845,0.0216499572678152,-0.0215984890803121,-0.01596897515213
1400,-0.0200888541598033,0.0117999374036913,0.0149761444534289,-0.0138222324976633
1401,-0.00477540784689594,-0.010478121805224,0.00957248834885521,0.000459352479884673
1402,-0.00456552512847894,-0.0035344222553547,0.0121837247199743,0.00238760712270522
1403,-0.00101623320705913,-0.0016902419749188,0.00202599436928027,-0.000829159088837911
1404,-0.0112216180652113,-0.00586519875238072,0.0228156936395419,-0.0358341160425099
1405,-0.00708846290235484,0.00533238693601665,0.0179744296719142,-0.0231801766998129
1406,-0.00955398604830414,-0.00414373300427272,0.0270800771106452,0.00720340415924036
1407,-0.0261062630920368,0.0197300276297054,-0.0151510674294382,-0.0105485011365044
1409,-0.00486070343457291,-0.00654822405078799,0.0182193664446879,-0.00417985142834495
1410,-0.00293251751571822,-0.00663229964017606,0.00626914469656144,0.0136402902459598
1411,-0.00313250261550888,-0.000529057347992512,0.0116896304956891,-0.0018548676423249
1412,-0.00687342295361306,-0.0220722010566428,0.00639299556737724,0.00761750710728791
1413,-0.00244896101841984,-0.0131695105003109,0.00277356682751393,0.00392227071893632
1414,-0.0142370029676448,-0.0227287409183905,0.022621449013848,0.0214015166202392
1415,-0.0243390745845349,-0.0118092112642154,-0.0109619044324019,0.0239870743746255
1416,-0.00111402894511068,-0.000819294381305187,-0.00111433934495475,-0.0065220148211236
1417,-0.00380869272894217,-0.0115743481797275,0.00523912663680475,-0.00629866930493575
1418,-0.0159065699131109,0.00947204779342844,0.0248431017148459,-0.00598218831912001
1419,-0.0177528069543283,-0.0179913741255165,0.0026756360599686,0.013011597965498
1421,-0.0201459588246552,0.0220807120668838,-0.000320142860075853,-0.00459285034474848
1422,-0.0146899406103125,-0.0214474144004971,0.00137757597994451,0.0538218897355711
1423,-0.0124687145139013,-0.0361486537594083,0.00309574412344641,-0.0118017244526279
1424,-0.00868982865035121,-0.00462750300284512,0.0216577165711097,0.019271267029069
1426,-0.00646575213333254,-0.013920598738024,0.0116034260118324,0.00364225295074177
1427,-0.00925705184245191,-0.0029841472539504,0.0339818962861853,-0.00746933213255369
1428,-0.010518580905165,0.00116618669987184,0.0300913670003653,0.0163880412814856
1429,-0.0209380250569803,0.0246038149907164,0.00425259263163581,-0.00629274696196313
1430,-0.00305855325565441,-0.00532336433323721,0.00871780840341099,-0.00524469199634548
1431,-0.0161186718694702,-0.0174729431034356,0.0155537658014687,0.0162017392467974
1432,-0.00256574161124999,-0.00367458315234951,0.00629657974812097,-0.00175423018981463
1433,-0.0106088425534358,0.0168908570574627,0.0115361863219384,-0.00364614282810362
1435,-0.00198935967590534,-0.0034372433060943,0.00821185172184246,-0.00234384539385681
1436,-0.0127927090319908,0.0190584801186388,0.0200082974864508,-0.000461653446846504
1437,-0.012347292505471,-0.0224296196152346,0.0199277486313413,-0.0109787573531817
1438,-0.00976524851852296,-0.0211793103644539,0.0269362350259481,0.0165823571432885
1439,-0.00491839358528883,0.00207989761207063,0.00935854851521669,-0.00585718354115488
1440,-0.0204680160610701,0.0160853575643432,0.00693582855753663,-0.00469091267565237
1441,-0.00465082002591611,-0.0105212329583123,0.0121450362835548,-0.00491583135996424
1442,-0.021336423974674,0.0147951198360416,0.000824285018742435,0.0250668016091835
1443,-0.00493209682796444,-0.00553878999353177,0.00999308168953049,-0.0161907265505592
1444,-0.0134572429988864,-0.0403463181512986,0.0125723862092422,-0.00735651339547297
1445,-0.00663572146037541,-0.0311387786779363,-0.00149801442859589,-0.0163322076281568
1446,-0.0235872998759869,0.0214966826403416,-0.00798456250738548,-0.00517608733222915
1447,-0.00478267599567176,-0.0102200199911469,0.00994186169970048,0.00875518894712302
1448,-0.0040936164149711,-0.0110609246355311,-0.00121407512577472,0.00732485561225302
1450,-0.0274377193755544,0.0195729150317275,-0.0158502496247657,0.00018908195227145
1451,-0.00951204949671223,0.00184207024583814,0.0318179795432796,-0.0100530470090111
1452,-0.0102000798587848,0.00593600584914435,0.0263940148363477,0.023869088512932
1453,-0.00798829480860879,0.00478286417130189,0.0123614735065829,0.0168467265804383
1454,-0.0276352945616429,0.018578707577291,-0.0173774575782822,0.00828766843058892
1455,-0.010780363933702,-0.0198688098323944,0.0184774861854023,-0.00369287687983622
1456,-0.019297922292554,0.0187593916685363,0.00806785967459402,-0.00219172355389311
1457,-0.0225995632821471,0.0173625465685215,-0.00637350826806831,-0.0212397142547136
1458,-0.0143118100944757,0.0149309377805145,0.026662167199396,0.00763171162918141
1459,-0.0227882029146701,0.00563470917245337,-0.00844024817196513,-0.0154355578503479
1460,-0.0144387886465288,0.0135808046829435,0.0145428580086025,-0.019295438957799
1461,-0.0161363759616176,0.0163171958566086,0.00683633584602358,-0.0118218253777885
1462,-0.0109602701424757,0.00581415593920291,0.0233849022458348,0.0201228203652393
1463,-0.0128087636342787,0.00916550796284558,0.0280746296037768,0.0225217558633218
1464,-0.019005955980919,-0.0273405707435818,-0.00867608975765571,0.00537489959188522
1465,-0.00705697909961597,0.00400601993167232,0.0212089567320006,0.0170220840443877
1466,-0.0102045760607377,-0.0202451483340833,0.0234468103379222,0.0112478824661878
1467,-0.0230704725195332,0.0241261633560581,-0.000427760657913232,-0.00315774235850844
1468,-0.012836543879234,0.0111161185162888,0.0281382602714717,-0.0175316112234014
1469,-0.00767211298870916,0.00358987197621684,0.0244276467176453,-0.00368310118503662
1470,-0.0111919531745219,-0.0221246037823694,0.0196801407703542,0.00745892033361618
1471,-0.0121800728878851,0.00696377766022169,0.0275649486273875,-0.0161234379595239
1472,-0.00636798102175082,0.00488268221689009,0.0293198789992226,0.00585819724953635
1473,-0.0145696289921284,0.00953930162494761,0.0197934541454621,-0.0245339179746675
1474,-0.00890509453671143,0.0135765579591528,0.0355245884136795,-0.0189045369964124
1475,-0.011012923291669,0.00736439039176886,0.0303680294070599,0.00131029118261784
1476,-0.00948638819373978,0.0100637074696129,0.0279663975563729,-0.0157908108766684
1477,-0.025199228134519,0.0248244321578739,-0.00885040091543937,0.00204294103884326
1478,-0.0130821317572854,-0.00432369526077927,0.0105615709624948,-0.0196913604171167
1479,-0.0297513332912571,0.0222066508460067,-0.020049089779453,0.00255787994642909
1480,-0.017586633317926,-0.013188309930635,0.002359741159073,0.0129998689695161
1481,-0.0120044638155614,-0.0107830912757093,0.0271723787315744,0.0394578411524647
1482,-0.00781571389795673,-0.0158637524138702,0.0128946040178853,0.0132938650681177
1483,-0.0178154967950939,0.00806798284396403,0.0143759290817529,0.0201091311501102
1484,-0.0201721663789685,0.0143841201662395,0.0191539014329606,-0.00883543601468894
1485,-0.0185206744944919,0.0189796846828478,0.0104127109485516,-0.013716998428764
1486,-0.0307933063804749,0.00894212261247682,-0.0252230509025902,-0.00534546782992561
1487,-0.0221534268068795,0.0146960690170552,0.0011658272516521,0.0158369585788434
1488,-0.0213962761173257,0.0257395163871386,0.00663031057830869,0.0114336754467577
1489,-0.0131615321700596,-0.00209198349023641,0.0315051647081426,0.0261451752635419
1491,-0.00840909342486785,0.0203693707860076,0.0271307046503133,-7.29579742823667e-05
1492,-0.00898734909648012,-0.00896565135996067,0.0137145853514023,0.0500196529746606
1493,-0.0289894765035445,0.0211259716744293,-0.0188164485298322,-0.00235320970842301
1494,-0.00875968330059046,0.0132049901549893,0.0320806733162048,-0.0245756939969981
1495,-0.0183954080036172,-0.00326724576048579,0.00373804042201268,-0.0228816626687444
1496,-0.0106143936037297,-0.00275552571849044,0.0427029395992169,0.0256102356035242
1498,-0.0135305845211104,-0.0132725649787285,0.0200370331852413,-0.0257965502675882
1499,-0.00220258633949439,-0.0004818059776911,0.00653146264870803,0.00365990172632227
1500,-0.0184255880807442,-0.0180606414618063,0.00549104714232003,0.0270871493851686
1501,-0.0208678076464182,-0.0159023093062092,-0.00531371530904005,0.017289851636701
1503,-0.0285044906547634,0.0165943233388685,-0.0216000235104352,-0.00184400036788348
1504,-0.0113884376597121,-0.000442458028319927,0.0200120875578159,-0.0115630901142383
1505,-0.0285103682066297,0.0093786317487237,-0.0238645792239025,0.0139683175635407
1506,-0.0112262093444211,-0.00115367330415505,0.0412356059510721,0.00282845677111024
1507,-0.0193082634663128,-0.0161130332123455,0.00117761992457511,0.0388723514139492
1508,-0.0151926744132158,0.0190300872311231,0.0141686600759263,-0.00120710669798865
1509,-0.0235173498575229,0.0225794465423798,-0.00110549566035639,-0.00521757533318239
1510,-0.0123497880924025,0.00666211210534825,0.0238949643260996,0.000309756542970237
1511,-0.0126332912774764,-0.00418557097274234,0.0286408488184745,-0.0179666759750524
1512,-0.0199468203611919,-0.00164336428178733,0.0114091714694994,-0.00403701315394249
1513,-0.0168212726930572,-0.0345310567115857,-0.00836023233147188,-0.0155598353955267
1514,-0.00991193048002196,-0.018806270092266,0.0209383786487543,0.0355428242438303
1515,-0.0042148909115996,-0.0106071451447891,0.00442365683070669,0.00497937831835983
1517,-0.0273872540939818,0.0161062091742131,-0.022035078720459,0.00679493474433303
1518,-0.0160983534456463,-0.00496688634217839,0.0308187741049606,0.00307306007015166
1519,-0.00964482228034669,0.00236872887727268,0.0304260852506266,-0.0137187392026198
1520,-0.00384167245352202,-0.0123857572157312,0.00146375580304257,0.0136588107116225
1521,-0.00893907345681454,-0.0158606711037804,0.00928362284405866,0.0153285819887708
1522,-0.0160079250936531,0.00258869640408078,0.031291402202954,0.00665194300204862
1523,-0.000600256110441149,-8.05254802443114e-05,-0.00450788312506046,0.00481107380397373
1524,-0.0158599250086149,-0.0229448994172504,0.0147971431961741,0.023308408202867
1525,-0.0153310271885272,0.00688080197775255,0.0232167904614518,-0.0238045380202642
1526,-0.00681858079347907,-0.0122246034475713,0.0114527584368025,-0.00984256094065764
1527,-0.0283352886907076,0.0208633716649574,-0.015879460447739,0.00598170927949232
1528,-0.00403877307013916,-0.00491290097291891,0.0113824548370687,0.00513703188936247
1529,-0.0142064698888397,0.0143292315543503,0.0199479385184767,-0.00312396399063104
1530,-0.00436654052217676,-0.00843507400385914,0.00852669368553192,0.00396368391207594
1531,-0.0127660033681437,0.00373813882028078,0.0250031250560881,-0.0309868112481077
1532,-0.00934667974295446,-0.0106113885351317,0.0216492446312834,0.00333418446500454
1533,-0.0124117468660446,-0.0192737840763826,0.0118965970940702,0.018801813375783
1534,-0.0167123405991476,-0.0183967260517836,0.0126643696089812,0.0132974358750879
1535,-0.00988713538611197,-0.00722819027963467,0.0320507035583584,-0.013712727682191
1536,-0.0206096097445912,0.0141557389182491,0.00857055095547021,0.0258067991798757
1537,-0.0271742961221553,0.00161209413712971,-0.0221352191437957,0.00188283743267972
1538,-0.0294613459667597,0.011328180191726,-0.0246706985392663,0.00720707749383576
1539,-0.00555390091879385,-0.00920295869150048,0.0239407172421416,-0.00268105084778811
1540,-0.0202390085326619,0.0196864755354167,-0.00247266435292804,-0.0209007031233057
1541,-0.00757430859892656,-0.0110423194801506,0.0190422282586656,0.00653526538816026
1542,-0.0227377408932467,0.000764629685444612,-0.00604112806261305,0.0310636710669802
1543,-0.0060542409511118,0.0059658456480277,0.0164962789272396,-0.0101488843035756
1544,-0.0233571243251972,0.00966019274919631,0.00153258310894796,0.026886265297856
1545,-0.00835517881989767,0.0153868411195646,0.0296596020555709,-0.0245172946489673
1546,-0.0286859257213595,0.0173287918889578,-0.0224252845569695,0.00995561695232172
1547,-0.0177713609633292,-0.0186033230559399,0.000214765177750475,0.0367964893791326
1548,-0.0124117464340238,-0.0332085762440039,0.00284183516001401,0.0216361880834919
1549,-0.00108101130265025,-0.00167397315218535,0.00266189032436049,0.00221238712058866
1550,-0.0153340407184503,0.00444127692439397,0.0262630722342507,-0.0088907969467121
1551,-0.0159672101853926,0.021970106220993,0.0221157200382605,-0.0117317093771567
1552,-0.0176339271619158,0.0169467846181521,0.0265757782470487,0.00258742826875525
1553,-0.0165841181253997,0.00595801477132968,0.0240634691181932,0.0141667845486199
1554,-0.0203838712164954,0.0170121128462345,-0.00109684140371351,-0.00719367134868233
1555,-0.00662703673280743,0.00764794288820941,0.011619981765344,-0.00127468405833497
1556,-0.0239852401929022,0.0120887469052189,2.00747032817491e-06,0.0239365527173786
1557,-0.0236920221386766,-0.0106563530597883,-0.0185465637504901,0.0163144576526907
1558,-0.0102546608727053,-0.0217586400761207,0.0207403718741577,0.0208504981772537
1559,-0.00985140244808187,-0.0198056285899876,0.0154746125150597,0.00611827234938081
1560,-0.016376406129927,-0.0300051853099382,0.000592441353313803,0.0124944102055048
1561,-0.0167915007483541,-0.0196341752931804,0.00911460893205579,0.00221202469039065
1562,-0.0129534898732822,0.0144066064089413,0.0220691666232848,-0.00414137172073658
1563,-0.00880181069546868,0.007179666525798,0.0360500575302828,0.00591916012347036
1564,-0.0307672092770408,0.021125083833614,-0.020736157484686,0.0117473119350436
1565,-0.00679363826609023,0.00881758575659513,0.0257495278241898,0.0145225574947238
1566,2.02329729368829e-05,0.000666228158271048,-0.00191581292809243,-0.00300175691997497
1567,-0.0233308620651289,0.0103100404391255,-0.00863503289084486,0.00709592692329999
1568,-0.0152739133580476,0.00501210259614708,0.0200355589347399,0.00563533943917062
1570,-0.00587910940002973,-0.0117188054338775,0.0159121903963211,-0.00147295580719007
1571,-0.0177061845060758,0.0156355408878149,0.010510166649112,0.00586344791878022
1572,-0.00354756773173415,5.05788204501496e-05,0.0118644950466233,-0.0015046529487982
1573,-0.0214545011508457,-0.0248820254578977,-0.017632195930027,0.0208720040122331
1574,-0.000527505370732697,0.000310697582462151,0.00136296409715713,-0.00334618627487499
1575,-0.0251650725792212,0.0215580167014166,-0.0121874535921615,0.0206711811489451
1576,-0.0234367741688007,0.0223832493387855,-0.00367441092665693,-0.00573862886149975
1577,-0.000635463280739416,-0.00060772650161193,-0.00179499557508296,-0.00483164276591493
1578,-0.00703994250437043,-0.00839067288742408,0.0105223808681607,0.0249461785381101
1579,-0.0151995267672107,0.00614205181689628,0.0110264415108967,0.0130408809587253
1580,-0.0162815630078945,0.00318298033590723,0.0176252572883562,0.0293924316317827
1581,-0.00409669286874675,-0.0117656127980091,0.00269110755873537,0.0161731454549786
1582,-0.0263925827530311,0.00787648210266105,-0.0190736122530242,-0.00783517932261984
1583,-0.021610371066591,-0.014310160615702,-0.00939129242103033,0.0247016167384625
1584,-0.00714805744084824,0.00908945451454554,0.0205789830039737,-0.000470507784415486
1585,-0.0276925053965213,0.00904190588036299,-0.0266315159704415,-0.00997623398691511
1586,-0.0103788992435742,-0.0274277282586199,0.0147605851790044,0.0353087245774813
1587,-0.0194121103262546,-0.0240050166168806,0.000112616916289505,0.0292329877355977
1588,-0.0165781847201305,-0.00159385546306757,0.0130013837231403,0.03227681287384
1589,-0.00444757416576883,0.00223847832702847,0.0175240287229975,-0.00283263903589794
1590,-0.00153647864381538,-0.00297669962060581,-0.00905994931319567,0.00137228580637424
1591,-0.00469569011796501,-0.0160993739937573,0.00740721244907892,-0.00327369233579023
1592,-0.0102167958175445,0.00976664805235392,0.0306848178408351,-0.0278511077443426
1593,-0.0101619146478471,0.013035820593447,0.0307757999953084,0.00259770901032482
1594,-0.0249790326365575,0.00649338118957891,-0.0163193971420784,0.00793827687381465
1595,-0.0259819727548315,0.00966203993200906,-0.0151017924415942,-0.0190172656697588
1596,-0.00549033419350546,-0.0109856834706853,0.00854410101041044,0.00541693283033965
1597,-0.011189176679504,0.00840014315234831,0.027769782507711,-0.00695335132787177
1598,-0.0128545276574421,0.0162484639540255,0.0293235262250539,-0.0142845459611187
1599,-0.0167134851669947,0.0232109009796343,0.0284749412669467,-0.0143067418355407
1600,-0.0210886225395158,0.0127993153834324,0.00778859673101283,-0.0201854186498827
1601,-0.012657297570429,-0.00842356170207583,0.0327922325989527,0.00847514443969314
1602,-0.00820725324660495,0.00474996096270956,0.0269834711494115,-0.0177124848350721
1603,-0.0153267038870421,-0.00521408066300118,0.0200363867619542,0.0494979242276922
1604,-0.0145818263293019,-0.0330962546939164,0.00644643850638265,0.0136665156165791
1605,-0.00925836359017526,0.000801877221293603,0.0207535994643896,0.0052318795115939
1606,-0.0127531006189673,0.011223019433907,0.0261231720048851,-0.0207017213170135
1608,-0.00786317487764055,-0.0157045465667749,0.0196159085814802,0.0108921609154986
1609,-0.0173555857207826,0.0122917157637969,0.0129004315162969,-0.0372865131422038
1610,-0.00987556951187478,-0.00961260447398629,0.00967105114359534,-3.97429272136335e-05
1611,-0.00802076925526089,0.0110559056297857,0.0299191650407051,-0.00703022955581812
1612,-0.013446488858761,0.0105787833576215,0.0187513486971386,-0.014230614457619
1614,-0.0237746790698614,0.0206168728457908,-0.00197656038299637,0.00488614426938861
1615,-0.0157543479361262,0.0192980040073126,0.0130500307270305,-0.00493776595642709
1616,-7.27548121493411e-05,0.00108775513298103,-0.00187057227093123,-0.00192179552044032
1617,-0.00299262256000633,-0.00464187768690672,0.00672513843494691,0.00520773461697721
1618,-0.0196363997245894,0.00963232069989188,0.00227060109956003,-0.0209356465659439
1619,-0.0289487123369167,0.0162748786986336,-0.0204601168479034,0.0118008482680052
1620,-0.0174742879755931,-0.00841905021506831,0.00872929265929141,-0.0402293110737921
1621,7.3245571303617e-05,0.000588203975092059,-0.00607127492553622,0.00303387007236431
1622,-0.017392367112564,-0.0335003445549342,-0.00494678796947958,0.00291110468323146
1623,-0.0101064475460794,-0.0159520394433105,0.0280521968948499,0.000452340119484871
1624,-0.0178702283798241,0.0171161448416883,0.0180855225667724,-0.0184008707361255
1625,-0.00284173157556495,-0.00151179101158854,0.00572551441768934,-0.00478839627489521
1626,-0.0157804331485492,-0.024580717633147,0.0123123595408955,0.0222190843317076
1628,-8.60900676638407e-05,0.000429089126834249,-0.000278810718752742,-0.00228127347563445
1629,-0.0232857332766201,-0.0057534001397017,0.00492774902237864,0.00351042785386061
1630,-0.00799812335640959,-0.00267783329002512,0.0242934140761368,-0.010577377621708
1631,-0.018654033904529,0.0119388867259888,0.0234339247573481,-0.0293371608647553
1632,-0.0156832675175794,0.0206383388341435,0.0239040968878152,-0.00500465863865943
1633,-0.0137265266353144,0.0011942608585104,0.0295580432898889,-0.0160287874738395
1634,-0.0241294766192606,0.0175145127974841,-0.0041193401241138,-0.00852922696146648
1635,-0.016049396075634,0.0114936884028959,0.0154097171150505,0.0117494219903439
1636,-0.00616274918866249,-0.000805323193472154,0.0167231295024428,0.00899091480902763
1637,-0.0127527893860233,-0.031763893306747,0.00615298433221215,-0.0120459047726417
1638,-0.0198593761119568,-0.00697107754746987,0.00400455662259415,0.0289403910962935
1639,-0.00589544864972515,-0.00960988543516225,0.0163430462130705,0.001610459045961
1640,-0.0111736109977089,-0.0130872469088046,0.0221369894953482,0.0271491878660638
1641,-0.00947510031466064,-0.0110956100878952,0.00052372618990042,0.0283189208735577
1643,-0.0132281240325094,-0.00583822857197364,0.0207269933924971,0.0153681013841501
1644,-0.00397776017793729,-0.00291732890569218,0.00888863363486691,0.00247866580427128
1646,-0.0128567470370539,0.00270087339949037,0.0350675474444013,0.0335749956505624
1647,-0.00373038388965022,-0.00230971575378849,0.0127411869489662,0.0019297768257997
1648,-0.0189788524863061,0.00185312981060705,0.0118009799643512,-0.00852576114126407
1649,-0.00757187196484151,-0.00147925795208837,0.0252552886110865,-0.00695043551389708
1650,-0.00527967040190295,0.00142778025733081,0.0164439443650912,0.00901670333539365
1651,-0.0173826746526558,-0.0313212552575532,0.021702251687012,-0.016516610808612
1652,-0.0105454372152173,-0.0238033297696692,0.0131163395671843,0.0149340004395199
1653,-0.00117332105557227,0.00402467489863731,-0.00309961841845494,-0.00338497643607571
1654,-0.0151852083519084,0.0200866097541808,0.0126927256676142,-0.0142241981452871
1655,-0.000645385756659905,0.00184741154280464,-0.0026534600665133,0.00428115140840658
1656,-0.013681526649867,0.0164752020124141,0.0275774785212773,-0.0214816220480537
1657,-0.026598144098368,0.000620688076631771,-0.0189245162974124,0.00609584902851584
1658,-0.0187936962680645,0.0171695604253769,0.0155816127448486,0.012647972223317
1659,-0.0160126332670751,-0.0155611980044465,0.0173414525780323,-0.00448390099617547
1660,-0.0102135157208043,-0.000999564414684676,0.0290494941148254,-0.00574876669047238
1661,-0.00931380154868278,0.00385677702891415,0.0284529727422422,0.0131578083352429
1662,-0.0168368870816417,-0.011618937046781,0.0224075621912279,0.0026447691763616
1663,-0.0124386283738177,-0.0133264863112118,0.0220042588997044,-0.017675419099193
1664,-0.0011868530746579,6.6586519075909e-05,-0.0023589166989551,0.00804973387589216
1665,-0.000577746507301528,0.00150809279254975,0.00330156900986474,0.00195337880296561
1666,-0.00944887783450841,-0.0331920918789205,0.00855537706050951,0.0142589603791377
1667,-0.0205016244823074,-0.00492547776047675,0.00991410762621277,-0.0203414822596861
1668,-0.00823931298818403,-0.0142104957395795,0.00923505895235893,0.00500412209026866
1669,-0.017622887910425,0.00352950293032037,0.0125819273855168,0.0133259665188353
1670,-0.00306331697743945,0.0028301936684866,0.00825936220728146,-0.0144518370917578
1671,-0.00504639729332749,-0.0117083004089076,0.00718645792492024,0.0108445449518335
1672,-0.00130306843610891,-0.00447436107633989,0.000452481215636464,0.00376898156527222
1674,-0.00496459314944795,-0.00526422400449556,0.00746593001060945,-0.00721202045903147
1675,-0.00823962853910019,0.00153238051152149,0.0244462283064399,0.0188960245877068
1676,-0.00926983419555217,0.00878024918947807,0.0277413797096528,0.00630296804877044
1677,-0.0108787792445416,-0.0256169206056105,0.0196822916742364,-0.00284336445546514
1678,-0.00811410638196411,-0.0207891199690721,0.00814626957843352,-0.00946280987958548
1679,-0.0157318885978578,0.00843855704991358,0.0203898365547737,-0.0323978364112944
1680,-0.00793130272093617,-0.0248484784456702,-0.00177402932485654,-0.00892362228579929
1681,-0.0108494872443808,-0.0290304528129171,0.0112552875655244,0.00684233789678986
1682,-0.00109033344238318,-0.00234474050231099,0.00235271228477193,0.00272220303496639
1683,-0.00994268578579894,0.0142452788170622,0.0185473198879831,-0.0128832960137761
1684,-0.011244733145217,0.0200203542456493,0.0225167254013811,0.00489760976174863
1685,-0.00196386900749031,-0.00293254816737559,0.00481366632815472,-0.000181185094522059
1686,-0.0121898586917392,-0.037231101855863,-0.000677532553494675,0.000157230043492322
1687,-0.012792772900105,0.0110523269196654,0.0293622736363242,-0.0371128394893031
1688,-0.00835366291235764,0.00880088118877532,0.0273331332186931,-0.0204739994559302
1689,-0.00143938482351869,-0.0037012059917699,0.000993873827542858,-0.00135160263379365
1690,-0.00617105537104083,0.00923587900452664,0.0297190822211986,-0.0242563359524148
1691,-0.0161025912629938,-0.0119285696397122,0.0156290327002058,0.0358425135419353
1693,-0.00112442509767619,-0.00309320055479127,0.00279780443197627,-0.000502329143376868
1694,-0.0220444957621634,0.00821130968094988,-0.00115295101460077,0.0402048279950671
1695,-0.00551916041314897,-0.00905643263088546,0.00763632524396806,0.0103431949410699
1696,-0.0147278306025121,-0.0238138195372794,0.0102956867990956,0.0214874293562219
1697,-0.0206098392376292,0.0220011113799544,0.00377061017734422,0.00185898985730357
1698,-0.000248099976348675,0.00224967463160361,-0.00159557091123492,0.00114253992396978
1699,-0.000886649772350512,0.00155958747894268,0.00118306170089746,0.00284668237083943
1700,-0.00456505162993989,-0.00198306083432725,-0.000180457675350871,0.035651271928349
1701,-0.00705081026258667,-0.00525321813938019,0.0158290945318228,0.0112942071441404
1702,-0.00985489463333231,0.0140415729142389,0.0340450508744094,-0.00416120500936578
1703,-0.0136322375202125,0.0220553698441562,0.0167697645709812,-0.0117858518855767
1704,-0.0231699852216925,0.0023951491474511,-0.00909471462972013,0.00527624240833331
1705,-0.017353966045584,-0.00259025591357364,0.0150540900855632,-0.0216563742115351
1706,-0.0248702632632348,-0.00165893843729755,-0.0174474802054173,0.0118295525152667
1707,-0.00277340416959501,0.00207488793245991,0.00898338448944027,0.00761086889025011
1708,-0.00662381490111842,0.00995992404307858,0.0255179379360158,-0.00133297586048495
1709,-0.0136725248912261,0.0100882220273617,0.0218985211501829,0.0369932098852814
1710,-0.0139455042116265,-0.0266627423099174,0.015705864756402,-0.0243291696052395
1711,-0.000360517829544353,-0.00143683724232181,-0.00303925965521616,0.0017540895536883
1712,-0.00221299690322656,-0.00337077642535077,0.00548585503983019,-0.000684234330341033
1713,-0.0228489377027723,0.0179201564892635,-0.000446955180624855,0.00177551379469561
1714,-0.00637802281658843,-0.0202437716482833,0.00146813765074205,0.0086851565970225
1715,-0.0168983714672398,0.0158596175114252,0.0135386938909594,0.00455379968327863
1716,-0.0164863216364854,0.0100071880002737,0.0311459299739985,0.0135608051392682
1717,-0.0110927904260964,-0.0194599272857665,0.0173694197906771,0.00802269354683007
1718,-0.0165979593931558,-0.0220881911132051,0.0152225969137158,0.022388778249871
1719,-0.00808160089733566,-0.0170588674359636,0.0194200164440951,0.00206159987520818
1720,-0.0036167941832701,-0.00208239938267278,0.00324074380241024,-0.0115343451962483
1721,-0.0120049860688463,-0.0337259993837567,-0.00608212610907601,0.046656559032785
1722,-0.00131833009944808,-0.00642158442499793,-0.0111703278823022,0.00829455107558092
1723,-0.00992164001968611,-0.004879713562419,0.025562952272487,0.0154307396893837
1724,-0.00266722398522877,-0.00430404446045767,0.00845639638732467,0.00019834496729025
1725,-0.0143757507359528,-0.0336088552029558,0.00394097292098767,-0.00264144000706846
1726,6.81911803982276e-06,0.000518084093695707,0.00216245915892374,0.000328127060040534
1727,-0.00942651560418982,-0.024524409055706,0.0155858643629169,0.0014012282536436
1728,-0.0254661816436285,0.0153050983995783,-0.00205020677463083,0.0112565021874906
1730,-0.0255607226405941,0.0202790123462546,-0.0113796506365874,0.00129343564301048
1731,-0.0136030756645757,-0.0284851632419529,0.0138118873273939,-0.0139603868264531
1732,-0.0201840694161262,0.0210644423106707,-0.00312442841990279,0.00515053068719013
1733,-0.028015878596095,0.00738432134769585,-0.0226124357100904,-0.00542063261370018
1734,-0.0188338193318259,-0.0304756604534755,-0.0102054058885435,-0.0091567859500014
1735,-0.022963565900473,-0.00818892449544192,-0.0128108890020977,0.0268374302799069
1737,-0.0229597716525996,-0.00618968243369625,-0.0173026082387163,0.0097482162896782
1738,-0.0208826864194075,0.0276693142657439,0.00362773187323336,0.00187853206065614
1739,-0.0187502966262587,0.0261421577355148,0.0116796042293928,-0.00733394321370126
1740,-0.0156663687712055,-0.00724230339300218,0.023199920681589,0.0246881891244516
1741,-0.0146939905042027,0.0145611769336718,0.0227136576153272,-0.0147807678926089
1742,-0.0258473999521076,0.00554700445264391,-0.0115313252818653,-0.0266415072633617
1743,-0.0140939901924749,-0.0284815534748086,0.01108840482171,0.00215267750678187
1744,-0.0289659175358529,0.0217388312205224,-0.0174886347673782,-0.000923137942604724
1745,-0.0136865712145135,-0.00924263291384383,-0.00147560740535403,-0.0435811182795255
1746,-0.0109662189332163,-0.0240518663130054,0.00987496013687611,-0.0166156615293177
1747,-0.00949833334269581,-0.0206534641780389,0.00609774090375492,-0.00532014165921255
1748,-0.025099380742716,-0.0124244355409615,-0.0200581633278084,-0.0288754389234517
1749,-0.00929014613268178,-0.0213432424069106,0.0209773822341885,-0.0114976834200444
1750,-0.0111094143152964,-0.047463531857181,-0.00878263963057629,-0.00521847012705063
1752,-0.0243937047745867,-0.00707637689639702,-0.0149780919896799,-0.0247051208648443
1753,-0.00867108326319462,-0.023285383856904,0.0157968270389281,-0.00916500734193812
1754,-0.00320588676346034,-0.0176262991218354,0.00537578823266442,0.000700515413136796
1755,-0.0155741250029916,-0.0348342752945443,0.00799097004887154,-0.0211989815666114
1756,-0.0160650150245376,-0.0466620897158618,-0.0108554459615781,0.00994582232326843
1757,-0.0163767745592893,-0.0367587411513765,-0.00537041578383051,-0.0107298612858115
1758,-0.0139307435212121,-0.035604344580713,0.0191824077263407,0.0109843431222993
1759,-0.014248414459435,-0.0468606354925402,-0.00593028622670098,-0.000947284560064398
1760,-0.0205309359318662,-0.0331501353221972,-0.0140036674670593,-0.00195231316346034
1761,-0.0151614443829519,-0.0399335228665494,-0.000484609774825246,-0.00263841590559418
1762,-0.017465084182944,-0.0349677243967501,-0.00927583712165083,-0.0255626957654143
1763,-0.0169210200305358,-0.043941053241083,-0.00784130899651754,-0.000326915957700316
1764,-0.0121536084735159,-0.0246011948045001,0.0158959811527666,0.00454431172356952
1765,-0.0241469055332712,-0.0184748375279782,-0.0191955289518885,-0.00454631879064334
1766,-0.0241076832131399,-0.021371354371617,-0.0175299777990275,-0.0123797857536346
1767,-0.0196115812856219,-0.0273874406399513,-0.0100206713338918,-0.00201414548881644
1768,-0.0301946008209908,0.00931479008725868,-0.030055190096978,0.010204255219428
1769,-0.0173102264385455,-0.0407321615575454,-0.0100302605994227,-0.00232590841859401
1770,-0.0223331867412054,-0.0308073162604316,-0.0100428578086524,0.00533036818472413
1771,-0.0250533710273398,-0.016112709692803,-0.0185675403707183,-0.00799573391236357
1772,-0.0211536379158791,-0.00268872505183778,0.00708634742241102,0.00433748955580976
1773,-0.0250348125211144,-0.0149489962908944,-0.0236967487507895,-0.00117677283564629
1774,-0.0282849586767083,0.0020551872985164,-0.0241225026465949,-0.010960046617414
1775,-0.0292891567161021,0.0182701535850729,-0.0214227791495371,-0.00101084861408983
1776,-0.024114544713759,0.00125248059380597,-0.0128783357432839,0.0301268557984169
1777,-0.0238512822119059,-0.0111180491123127,-0.0152160565877198,0.0277924223977373
1778,-0.0260440963827304,0.00369324851165566,-0.021228620705916,0.0255460157439152
1779,-0.0215815018175126,-0.00232734438290066,-0.00733688262620812,0.0419982765563309
1780,-0.0251963216987533,0.00579240833285416,-0.0222298621359307,0.0290415191777897
1781,-0.0277326637881506,0.000571660522704825,-0.0232662281749216,0.011797236092564
1782,-0.0298102562468984,0.0171320159842843,-0.0208799261321454,0.0131041060053572
1783,-0.0260674200126555,0.00604142566936995,-0.0155886603111115,0.0311925322770597
1784,-0.018854638628836,-0.0385056257196127,-0.00761275107767444,-0.00078867877324777
1785,-0.019176640147793,-0.0290141051138693,-0.0100442401612894,-0.0117599402798381
1786,-0.0260079731480146,0.000780423023101014,-0.0281232969229052,-0.0105333561444381
1787,-0.0167498552770169,-0.02812861519641,0.000480021043567643,0.00518579623911916
1788,-0.0244394440407638,0.020085139285261,-0.00268389671781344,-0.00761374460678524
1789,-0.0289707658201718,0.0187055632851721,-0.0193130632859667,0.00786584188441447
1790,-0.0116853828737067,0.00949279374083124,0.0282149983501911,0.0019757963517842
1791,-0.0115687083382289,0.00797663854004009,0.0330888034090861,-0.00849453941684391
1792,-0.0107828976398242,0.00558634118697141,0.0258361531437474,-0.00212523856820929
1793,-0.00896252562492312,0.00665803290333995,0.0301654157023065,-0.00256556957818949
1794,-0.00987124919327017,0.00878662162231529,0.0298336740202465,-0.00778866972794522
1795,-0.0167075687785106,0.013493092778735,0.0208663238453788,-0.00778982412527906
1796,-0.0113549230359884,0.0156527126316503,0.0258043004916763,-0.00170042538302565
1797,-0.00889200844560166,0.0135541224897185,0.0296511705531757,-0.00183618333068461
1798,-0.00951085169098794,0.0128380870269992,0.0303940980101942,-0.0106418292653995
1799,-0.00862850277544556,0.0171411574765059,0.0292929796397466,-0.00840273849752252
1800,-0.00753991719273507,0.0104065604126778,0.0314773947271686,-0.0129414409849528
1801,-0.00699656972647965,0.0146501431067221,0.0311196017599253,-0.0144996335551586
1802,-0.00585919332731095,0.00928239770040914,0.0280821054873777,-0.0090472571391888
1803,-0.0250031791888427,0.0140347250002827,-0.0101240953181576,-0.0229965471200776
1804,-0.0137644883596799,0.0126240500199969,0.0272199949912944,-0.010493229435629
1805,-0.00825509862963569,-0.00142759121497618,0.02533612116551,-0.0108996641109708
1806,-0.00908982470338457,0.015438230578276,0.0306840984273349,-0.0106295375894729
1807,-0.00850765401768172,0.0117409631545859,0.0307246226180819,-0.0100722314234436
1808,-0.00882824574123785,0.00853769741996835,0.0349923135765798,-0.000741891453855868
1809,-0.00633826328654121,-8.20048158961487e-05,0.0273455912813213,-0.0104909059099125
1810,-0.00300303452152799,-0.00145739821980089,0.011988109277149,-0.00801147377388308
1811,-0.00250775611742472,-0.0028402790106668,0.0067154006099901,-0.00549434297947745
1812,-0.011180099484279,0.00828755342042523,0.0321152355827479,-0.015534178253779
1813,-0.00787559792211482,0.0103224687390364,0.0339031233565249,-0.0018300554704326
1814,-0.00629483506836009,0.0150605540644157,0.0290511006654964,-0.00804238852426691
1815,-0.0266708574577282,0.0174166175316663,-0.0142260128756817,-0.00614513396647193
1816,-0.011382958006131,0.0169607479107309,0.0278887668102695,0.00123676336231387
1817,-0.0069649398593881,0.0113567344207084,0.0295501924190552,0.00256734684776263
1818,-0.0285168348197144,0.0118131703843993,-0.0223217422213681,-0.0223257341717167
1819,-0.00712577294536285,0.000113417352367791,0.0230433869565428,-0.0110635988394072
1820,-0.0115217044400426,0.00632186927143185,0.0353568467773906,-0.0229894270680155
1821,-0.0284060818974143,0.0244032194655966,-0.0148215195861928,0.00065698816072726
1822,-0.025816930047079,0.025697008529009,-0.0129154861896658,0.000921623334129129
1823,-0.0215702639566341,0.0251052850580457,-0.000641790533430824,-0.00478928859502595
1824,-0.021850641324954,0.0154160523704544,-0.00343231118869251,-0.014070859323101
1825,-0.0122891835048806,0.0132897797963933,0.0242281183842137,-0.0129441864288856
1826,-0.0239155295191582,0.023260149426216,-0.00351431242548242,-0.000815899747397513
1827,-0.0248664008090305,0.0234747600896633,-0.00623327849617761,0.00485886427225668
1828,-0.0107587747160903,-0.0065209190493226,0.0219199228862569,0.0119146337349648
1829,-0.00309584476155612,-0.00236329903082949,0.00261451260666339,-0.00391204457517609
1830,-0.0255494096586037,0.0159596411889803,-0.0174425081490356,-0.0132165405386591
1831,-0.0237443388335031,-0.015104903250418,-0.0212094334714574,-0.0275478821899076
1832,-0.0239926656258194,0.0220037067976409,-0.0096822268965468,0.00310117890494894
1833,-0.0219446737505642,0.02062837334138,-0.00301994651690465,0.00158235920975022
1834,-0.0250297288250063,0.0204632586890394,-0.015001316743775,0.00335548215298232
1835,-0.0140979504557282,-0.0113968526307269,0.0227220027358504,0.0232484915078287
1836,-0.0228021584329047,0.0118718592111286,-0.00271991265628182,-0.00732825462096873
1837,-0.0129544118348039,0.00274130714219471,0.0246917650827094,0.0050831677222239
1838,-0.0140924167687535,0.00772479844034776,0.025049684100028,0.00662939127324308
1839,-0.0253357332398237,0.00391711469787912,-0.00855087373808014,-0.00241450022828264
1840,-0.0295785011076074,-0.00193234299830874,-0.0249262425257621,-0.0235146858937189
1841,-0.0281098943170405,0.00665373270713355,-0.0231207030687082,0.00485748533397236
1842,-0.0250397649567682,0.0221641113857797,-0.0157498416898934,-0.00814865578885225
1843,-0.0214059612238232,-0.0179144593925067,-0.0219311646139689,-0.0138892351704134
1844,-0.0254504392192747,0.0216854590975685,-0.0161481270635318,0.00255566784393548
1845,-0.016879834376177,-0.0129616458572677,0.0117339191179095,-0.0117951402610256
1846,-0.0198827191943196,-0.0105153017703516,-0.00707010157545151,0.0275040882943431
1847,-0.0121405215616702,0.0132767569929678,0.0319477797319386,0.000431347372702764
1848,-0.0107851521408225,0.00308559218028941,0.0278752938026348,-0.0246540621616545
1849,-0.0322621875504474,0.0209493440608232,-0.0252345529979207,0.00305240204142296
1850,-0.0153276246363466,-0.0177408547595329,0.0203790044364987,0.0278223629006374
1851,-0.00759256719192242,-0.0107381954287274,0.0184581607716169,0.0144793979167329
1852,-0.0101065835850706,-0.00945490125341721,0.0238787359224241,0.00963455470695115
1853,-0.016932755026095,0.0018113515208778,0.0229901382460632,-0.0264911399744522
1854,-0.0164874068120741,0.0188101125391647,0.0156552405531731,-0.00228310395812697
1855,-0.0103769986039585,-0.00992277388575507,0.0284763324427855,0.00948034128686994
1856,-0.00712143367648693,0.00790490426818891,0.0332872573651874,0.0113828445779252
1857,-0.0148775934573503,-0.00315001166622357,0.0164621953927636,0.00363735270186569
1858,-0.0175439161552083,0.0236091251711035,0.00881146193239181,0.00504858995152163
1860,-0.0143978275770858,-0.00147807651345273,0.0209012361805494,0.00898671965467883
1861,-0.015511249400957,0.0192608013202491,0.0112632748905488,0.0120719828785971
1862,-0.0107268380080423,0.0163317049539872,0.0334566127481267,0.0120277453248348
1863,-0.0185413186717107,0.00181154813117558,0.00902689812366434,-0.00112835473882582
1864,-0.00916143175893615,-0.00647723058365527,0.0275229526216509,0.00987298503118252
1865,-0.0108972272374937,0.00632832842510203,0.0384343984282455,0.0248831053091473
1866,-0.0213198291167327,0.0190609235858532,0.0102773100116633,0.00119278662675835
1867,-0.00461699875401269,-0.00615019051804185,0.0158292988275605,0.0077684286966898
1868,-0.0142948551531352,0.00415928952632594,0.0394922467069128,-0.00138992451570399
1869,-0.00843277894995883,-0.00983921807494316,0.00735145167228695,0.00724520485582809
1870,-0.0108998609080863,0.00489514004916095,0.0261940942650563,0.0180566833639613
1871,-0.0126983411523884,-0.00241331437470198,0.0201901343418293,-0.00574961225824558
1872,-0.0122144638337272,0.00196108631294306,0.0322452580423403,0.0174277384917338
1873,-0.0123053719210558,0.0124668669759024,0.0130560142332567,0.00862958068581549
1874,-0.0203394769972271,0.0154186605578093,-0.00532198894880551,0.00263694414476243
1875,-0.0109537900704896,-0.00939454507405744,0.0238038910953067,-0.00840480103245107
1876,-0.00290239835006098,0.00132451453819774,0.00891761043622301,-0.00616842501380343
1877,-0.0153203143107214,-0.00604008610568226,0.0263826203188165,0.00787361381013629
1878,-0.0252272266657354,0.0222649591704569,-0.00604639336981689,-0.00150470246602384
1879,-0.0186447013836829,0.0130251562540156,0.0120074245728325,0.0226495605081688
1880,-0.0124862200004855,0.00627187466662315,0.0345813686465933,-0.0150373606277396
1882,-0.00923081387024452,-0.0260771522032956,0.0137847165713474,0.0336468199444286
1883,-0.00197987458444223,0.000728861751936717,0.00464101850930225,0.0109436632888192
1884,-0.0278018912241019,-0.00273439203283963,-0.0250039236336947,-0.00488475120905435
1885,-0.0212739518571106,-0.00918340608185284,-0.012128459626894,0.0227419452903528
1886,-0.015346596471293,-0.0452574352746342,-0.00586880654003449,-0.0370674810071522
1887,-0.0286764773943621,0.00550980485370359,-0.0278484979680474,0.0204511627247237
1888,-0.0152709601174195,-0.046868546763978,-0.0155337662888835,0.0154833619903715
1889,-0.0172436306751897,-0.0274561972310456,-0.00795557429357497,0.0452103226038715
1890,-0.0222720636146943,-0.0181125848118428,-0.0196528203103904,0.032884289409778
1891,-0.0210109757198719,0.00150187030832212,0.0178335881252893,0.0278308100639758
1892,-0.0188355364391844,0.0150894502269081,0.00436422904405889,-0.0055092633459987
1893,-0.0140906003441875,-0.0270091416086711,-0.0018442151655973,-0.0145531951101328
1894,-0.00581840800952193,-0.0271183986260537,0.00296839157619251,0.00105893509128406
1895,-0.0137519344021438,-0.043905579817321,-0.00898352868318671,0.00247619920471881
1896,-0.0254713788925345,-0.00311969361060604,-0.0239060359232569,-0.00359288919900652
1897,-0.0169706400638547,0.00378164975607098,0.0232941959530829,0.00546808149384979
1898,-0.0277042744710378,0.0140560925007289,-0.0146530131606198,-2.90763420684156e-05
1899,-0.00696388423021036,-0.0148448252303115,0.0118811552751509,0.00286612416172972
1900,-0.0270727988245537,0.0115953922831255,-0.0138529887628831,0.00383104744806548
1901,-0.0274637984740751,0.0184435851255629,-0.0190175399442915,0.0116533217957767
1902,-0.0159196071433872,0.0191977386492987,0.0165656446294329,0.0100522656657045
1903,-0.0175272327294894,0.00557674292543071,0.0309972993408301,-0.0102054281734591
1904,-0.0134714371666517,0.0162339360197146,0.0389628690711591,-0.00312992387767135
1905,-0.026495271624726,0.0147857701010865,-0.0110835838713916,-0.000175921524907677
1906,-0.00846976280083729,-0.00431571166804795,0.0130647070961083,0.0199987145449041
1907,-0.02527568965427,0.0102210583461125,-0.00667406623231173,-0.00330308001287709
1908,-0.0156252560236689,0.00771110370187166,0.0074880823274503,-0.00367027881875444
1909,-0.016220501388003,0.00792659461204386,0.029056974885045,-0.0025809708107165
1910,-0.0186978438001187,0.00478557985693102,0.0201414844933081,-0.0017301377889824
1911,-0.0159629334580492,0.0122813188259242,0.0202151869795381,0.00173643067644425
1912,-0.0112297481403106,0.00785862898704399,0.0273646762189852,0.00704329875914195
1913,-0.0158805382261728,0.00887819286199926,0.0133057653118268,-0.00112361490308219
1914,-0.0205695356991364,0.0160049024696336,-0.00185527220800111,-0.00278825055348602
1915,-0.0135097137637391,-0.00839738385671857,0.0201426675960276,0.0199230115880774
1916,-0.0241566294224281,0.00977324545902093,0.000119828563247291,-0.00840698314681948
1917,-0.0198890291833527,0.00868356988794476,0.0135101442722965,-0.0120479652326445
1918,-0.0126300364815271,-0.0132578874508419,0.0239836005215053,0.00880186046070071
1919,-0.0203030694713211,-0.00120316271257056,0.0102407727747147,-0.0230783160992579
1920,-0.0249508862748603,0.013006057988431,-0.0162853708606124,0.00526754129758048
1921,-0.00631662843001682,-0.00691964721624149,0.0137332677440065,-0.00297626757074096
1922,-0.0189434449071051,-0.00638561863410122,0.00626171677312182,-0.00988109912824489
1923,-0.00717115360784796,0.00520008181120798,0.0271716108977592,0.00781434002989697
1924,-0.0113438467329531,-0.0156128266976786,0.0230109679608931,0.0246090882325423
1925,-0.0240084381137261,0.0195688396908136,-0.0140984008250678,-0.00633158091437778
1926,-0.01781129806929,0.00819764215097511,0.0175413157933901,0.0144543386368091
1927,-0.011287599730636,0.0145849739034288,0.032163751849267,-0.00758486669964971
1928,-0.0258718164013832,0.00856880908020753,-0.0159630939731179,0.0110485307279481
1929,-0.0250983925350499,0.00681198142783075,-0.0097991159178797,0.00113971013008233
1930,-0.0196862078260123,0.0014235045439962,3.19987084015713e-06,-0.0153311519694877
1931,-0.0174814912550001,-0.0031840929534545,0.0102293779145773,0.0126550400365449
1932,-0.0190956776853859,-0.00402484453994581,0.00616130623555547,0.0258156852363398
1933,-0.00855983465457883,0.0100844885319956,0.0361368046401934,-0.00827631432143313
1934,-0.0214734073499621,0.00289198942772485,0.00687397501906468,0.030694035191241
1935,-0.0269087831545272,0.0237351746799255,-0.0156844973410043,0.00135093202636589
1936,-0.0222094188989993,0.0166826021868489,-0.0034428915091659,-0.0122143315677884
1937,-0.0248796313137985,0.00161520303718619,-0.0149546837422194,-0.0193878214632541
1938,-0.0225374782728683,0.00855555582289982,0.000884412882635091,-0.0195100044001972
1939,-0.00906409336150358,0.0132162885753712,0.0345843138109288,-0.00438322581533909
1940,-0.0157365847776472,0.0137654546845497,0.0237111380798433,-0.00383811687879237
1941,-0.014488494530601,0.018732936426997,0.0256171209528938,0.0024060055589597
1942,-0.0128327550744367,0.0200703258347551,0.025128424646026,-0.0021024163102399
1943,-0.0149969831366694,0.0106888392808898,0.0184081967804711,0.0013646514156354
1944,-0.0226401816706628,0.0146130030436962,-0.00851867158553992,-0.0074554667672554
1945,-0.021797319461855,0.0203074796206947,0.00919696566097195,0.0242130789282336
1946,-0.0164356936658769,0.0181047168134693,0.0112376760365679,-0.00227861013786618
1947,-0.00353712945750504,-0.00549165505240296,0.0104895183696306,0.00742708344720079
1948,-0.00859185490551214,-0.0136457075802309,0.02597326997714,0.00429468976035238
1949,-0.00260511673891808,-0.0150644496062151,-0.00396374971149901,-0.00232907523534599
1950,-0.019436609295621,-0.0325009384376715,-0.0159509591598744,-0.000450457463389717
1951,-0.0104737744028196,-0.0321514975616215,0.00683543678225359,0.00528269337646039
1952,-0.0215545141733312,-0.0259606639040773,-0.0193909915879731,0.00339962253916648
1953,-0.0222585028080395,0.0169178895797344,-0.00344283901068515,0.000447648305812285
1954,-0.0224087492848762,0.0154729620890843,0.00122800280816233,0.00298981708026733
1955,-0.0158230957349743,0.000198562359820303,0.0216770648276834,-0.0109517811770989
1956,-0.0193944289873821,0.0110451268225671,0.00947258606761577,0.0142195562373528
1957,-0.0265444848133674,0.00942637835090122,-0.00927880460339996,0.00115605901500422
1958,-0.0258467200498693,0.00175155259778365,-0.0108139348559629,-0.0165146046780969
1959,-0.0233788399723548,0.0130046629046618,0.00951248088010926,-0.0171559779805576
1960,-0.0254500425116395,0.016242789689913,-0.0107269945062144,-0.00950697073847376
1961,-0.0191110742536053,0.00999796037232504,0.0155025192411805,0.0113596389443368
1962,-0.0136289785842441,0.00717040675388091,0.0268022082760133,0.0106823619197759
1963,-0.0189283747982073,0.0164174546367389,0.0123420452730283,-0.0164723909848243
1964,-0.0256323175930642,0.0110718796722217,-0.010421779480986,0.018880497313228
1965,-0.0225899202849165,0.0099173270452435,-0.00716872918756921,0.0242095788087128
1966,-0.0191952170383819,0.00715784820008871,0.00169920036552881,0.0224334435096692
1967,-0.0181062936052949,0.0218853669922458,-0.00217659167560701,0.00874432568436649
1968,-0.0126222190745728,0.00794218286470821,0.0355039991933209,-0.012910103075178
1969,-0.00755381459900972,0.00877089834688064,0.0355418867648146,-0.00746690588360783
1970,-0.0274753124743085,0.00878622378336305,-0.0220135191501347,0.0103837184580727
1971,-0.01657166042701,-0.00182029834276093,0.0118857713218432,0.00645722273321571
1972,-0.00868097578768195,0.00149499262904945,0.0154584240962579,0.0126614468160304
1973,-0.0118889920130121,0.00896621326840953,0.00928157896241638,-0.00573575951226569
1974,-0.0136799874350782,0.0109058175309827,0.016937052690601,0.0201738254164757
1975,-0.0196787218584958,-0.0125105978646425,0.00128050945070117,0.0145840973817156
1976,-0.00460920390669968,-0.00517758998957693,0.0187216376546778,0.021639647242845
1977,-0.00793501011014048,-0.0108571252748826,0.0110136989614609,0.0107627504399448
1978,-0.00341879238383411,-0.00329500520234806,0.00516437952010695,-0.0128704390814852
1979,-0.0192099180413371,-0.0030783109500226,0.00772560195715909,-0.0289352226111846
1980,-0.025899305309543,0.00259130802704129,-0.01792561245146,-0.0182791924552276
1981,-0.0246970215818554,0.0213774185379832,-0.00446688405817997,-0.00255742949220189
1982,-0.0104400635090616,0.0122695426176258,0.0280603014060653,0.000745563490661618
1983,-0.0138586839754178,-0.000808017626557425,0.0143105233013053,-0.000258936114766555
1984,-0.00295685027128385,-0.00420821598749423,0.00577713500644711,-0.00750844098833719
1985,-0.0139963397152887,-0.018247974014116,0.0236607817852641,0.00775947946563715
1986,-0.0178577490664102,0.00818643913241219,0.0227911408293702,0.028642953875108
1987,-0.0217052732735911,0.0211696660680908,0.00181808566422739,-0.0137438977401208
1988,-0.0129163698271632,0.00431087085728028,0.0259675759215206,0.0343472060500289
1989,-0.00978225174965094,0.0144971168321693,0.0391215412207243,-0.00502998030939159
1990,-0.0111297430796928,0.0142891296798865,0.0285554348772194,-0.0247878002375884
1991,-0.0177436988830637,-0.0211426839054311,0.00757574534492601,0.0292965973067611
1992,-0.000907452105632188,0.00506812838156877,0.00823744551859913,0.0114206592252118
1993,-0.0193550587616299,-0.0163821045312645,-0.00231905967697004,-0.0155070044469427
1994,-0.0266232107431449,0.0127101247534703,-0.0202125349062604,-0.00528842908840098
1995,-0.00674586799196022,-0.00443924273558564,0.01780606085456,0.0142064073803523
1996,-0.0168526383958886,-0.0271942281512215,0.00982872696497216,-0.0275491996452347
1997,-0.0126995923726049,-0.0315154626743049,0.011344044368905,-0.00234609224686104
1998,-0.0141564138035703,-0.0351834201196454,0.00947524136204981,-0.015849022422834
1999,-0.00923499540661705,-0.0233479955534432,0.01487706363657,-0.0140851128712088
2000,-0.0128376406111232,-0.0244704373821013,0.0209851887239036,0.00111096557302955
2001,-0.0170357928730139,-0.027427922435537,-0.00623792106922148,-0.0111469415867452
2002,-0.0119060686107975,-0.0344478365334241,0.0051651964618725,-0.0376602855241821
2003,-0.0189523020574785,-0.0270213741333575,-0.00215055886298125,-0.031228278577536
2004,-0.0166910981587573,-0.0251245331689654,0.00665819329048427,-0.0205349457740919
2005,-0.00703507905477159,-0.0191671511599772,0.0180931295792381,-0.00958622803680689
2006,-0.0216149493825424,-0.0279622293533634,-0.00804346590692022,-0.0370381414825939
2007,-0.00715185695969894,-0.0273645755879837,0.00924941588745019,-0.0172664760396192
2008,-0.0177624271355443,0.0219549615014692,0.00830735202145085,0.0204495128251941
2009,-0.00822091698932853,-0.00706266930101914,0.0142160717026148,-0.0223513378646972
2010,-0.0105229598519981,-0.00174631156016651,0.0260131332531386,0.0251927673522137
2011,-0.00365441907407018,-0.0108558869462655,0.00522726164293176,-0.00585099924564992
2012,-0.00453649038459564,-0.00835885992568345,0.0111099968485479,0.0045395713557013
2013,-0.024034923102082,0.0224497513190235,-0.00578871303591382,-0.0065357593604147
2014,-0.0298531905093111,0.0184226290904391,-0.0197903748211478,0.00170369292134603
2015,-0.0128310317500172,0.00707960914143057,0.0380921050858029,-0.010895063994566
2016,-0.0066293614965101,0.00865509263387164,0.0148674000689196,-0.0292291031927432
2017,-0.0044149334897437,-0.00360695783128882,0.00591197265734294,0.0230485901256624
2018,-0.000838304233763992,-0.00335131206024667,0.00322676844075567,0.00273865658904497
2019,-0.00128465276430974,-0.000121680779966604,-0.00035860806984416,-0.00147192493208888
2020,-0.00634535650156484,-0.0210857652749567,0.00226082059464503,-0.0116861592495147
2021,-0.0179520129853038,-0.0334426078085747,-0.00125440185531176,-0.0287805726753893
2022,-0.017716352948445,-0.0417731708068619,-0.00061913681176168,-0.0375269206237841
2023,-0.0134884113120689,-0.0358665638491026,0.00900189513387373,-0.042659511396725
2024,-0.0116902360017864,-0.0294481354609384,0.00752520317014811,-0.0263818045038152
2025,-0.0179077263871837,-0.0309989314301265,0.00351156021067534,-0.0407749675428743
2026,-8.98487235295634e-05,1.93393311643623e-05,8.0794186761169e-05,0.000677343669035228
2027,-0.0165503218546871,-0.0422225924366403,-0.00883584124297022,-0.0403577072208621
2028,-0.00340874518216081,-0.0102670460679849,0.00538884586743812,-0.00375610917847716
2029,-0.0115610032826,-0.0321715147672816,0.0161713866943969,-0.0160283545170334
2030,-0.00662097349690946,-0.0226032849491173,0.0106485862917076,-0.00796172801141452
2031,-0.0174789294222913,-0.0310747468975186,0.00335887283241894,-0.0214209365488894
2034,-0.00466037221515573,-0.0190314713968092,0.00825928766777982,-0.0153748599920311
2037,-0.00226402002379828,-0.00667149175889546,0.000549492247811143,0.00185198931811575
2038,-0.00488678067361607,-0.01202034438524,0.0066559783313572,-0.00954077969435608
2039,-0.00220837987913267,-0.0074271536912406,0.00347571774310862,-0.00502198509610471
2041,-0.00693123755317753,-0.019024524258092,0.0124487899789231,-0.0130267308817079
2042,-0.0229655205745985,0.00948724098519538,0.00425165890144648,0.00343828495806079
2043,-0.0182865889775054,0.00958889875297185,0.0149559048901916,-0.0304045149941467
2044,-0.000417108475290194,-0.000246997992877917,0.00181252342284456,0.000714153319990121
2045,-0.00359052613864752,-0.00153463590463031,0.00830502085564269,0.00292645737676761
2047,-0.0183705070434042,0.0122254967734694,0.0176115015091535,0.0368953206153012
2048,-0.0115321932990449,-0.0149649722303523,0.0226411837162065,0.0113497578849656
2049,-0.0135221554221977,-0.0479584447256507,-0.01333979793003,-0.0156215448653991
2050,-0.0138436731391894,-0.0461986964504712,-0.011503593965223,-0.0220626000949917
2051,-0.0195411840934257,-0.00736544588399487,0.00134792436428138,0.029792337016453
2052,-0.0126604104370107,-0.00491572443989378,0.0193824737839785,0.0145820390374806
2053,-0.000886983523790548,-0.000751896776180243,0.00364143443609812,0.00120725985227505
2054,-0.0247232856843353,-0.0016538342206626,-0.020807882159361,0.0140727693886241
2055,-0.00182828684337198,-8.32458070398662e-05,0.00552270919988521,0.00198131999526564
2056,-0.021521037700201,0.00941536719236763,-0.000426139762894586,0.0237206052615883
2057,-0.00666339096663687,-0.00934024458279561,0.0105465797700811,0.00553635756834677
2058,-0.0208999689366434,-0.00185711598502647,-0.0128626842542738,0.0199459987349604
2059,-0.0281942780623671,0.00672106520057329,-0.0211443261085658,0.014735699092607
2060,-0.0145939729989533,0.00803277395455781,0.0345573101047242,-0.0059745889100266
2061,-0.0109565835860326,-0.0138833389670419,0.0253773861152281,0.0217476675588717
2063,-0.013138169255232,0.00197056426950253,0.0321636103541077,0.00931547974898779
2064,-0.0163860756719795,0.0144108451231325,0.00853983113185078,-0.00582628289533378
2066,-0.0111542574059048,-0.00660559084127172,0.0212954316478758,0.00804070482542804
2067,-0.00572641140595382,-0.00427344946963156,0.0193516331273079,-0.00744255705980922
2068,-0.00544537344368652,-0.0111449909334254,0.0137818908635512,0.00323998235899368
2069,-0.00204936685363586,0.000127956639169306,0.00390808501951007,0.0029454957867035
2070,-0.0136858906312705,0.000794307116026911,0.0151024340440138,0.0276816947383998
2071,-0.0121961426475014,-0.00271816646016678,0.0239539782384464,-0.0223183811105158
2072,-0.0170701426960532,0.00713698559723849,0.0280784449874945,0.000732746053573528
2073,-0.0191036306017817,0.00627071729086009,0.00073092915440283,0.0278017603356391
2074,-0.0170414247973599,0.011324980764331,0.0170601637371856,-0.00677168713396149
2075,-0.0115045618993605,-0.00952284004963961,0.0199909727991392,0.0252956756632258
2076,-0.00902892711238993,-0.00161099832291693,0.0210491393696933,0.00552073926931362
2077,-0.0140976616067661,-0.000778024786724108,0.0231172497857117,0.0144718846966969
2078,-0.0122153382417038,-0.0127430387909439,0.0231741376586338,0.0149130618733451
2079,-0.0287075245969976,0.0232071887832965,-0.0161744761047072,0.0107576013709492
2080,-0.0153272978544986,0.0106755760237293,0.0114760132671491,0.0331704529299133
2081,-0.01324183722496,-0.0139008063480539,0.0279170122942677,0.0131184453507504
2082,-0.0146262359416879,-0.00689019140796616,0.0229498248636613,0.0407835793759664
2083,-0.0226733689381138,0.0165265109673295,0.00136024688962012,-0.0182892697344805
2084,-0.0147574523599815,-0.00732851269373065,0.0201369119181756,-0.0504803374928575
2085,-0.0125987890567404,-0.0166131499699773,0.0228312472229804,0.0454057810064454
2087,-0.0246614655305662,0.0132977408453869,-0.00998958250256694,-0.0136077013510177
2088,-0.0117584682275848,0.0123814228213024,0.0326098151820974,-0.0115624192659993
2089,-0.0176791012351249,-0.00971349300468478,0.0202512480442867,-0.0201899158932897
2090,-0.00681298496246986,-0.00753150915301945,0.00561457870069191,0.00147508738591146
2091,-0.0229413545022382,-0.0062964754981396,-0.0141608004132362,0.0135968458882861
2092,-0.00981187983299116,-0.0248577719470976,0.00998101460209951,0.0173485051391092
2093,-0.0143289357974268,-0.0293618849772873,-0.00396809069997495,0.00510412381611457
2094,-0.0118255039518151,-0.0389876263850848,0.0138724756483535,-0.0266516865993838
2095,-0.009690283546518,-0.0105583053625121,0.0188248899067401,-0.0192274992361766
2096,-0.0215299565588943,0.00225736142021971,-0.0107013044107354,-0.0278308785215954
2097,-0.0269973744083782,0.0175957205615246,-0.0149817183995948,-0.0110170409230352
2098,-0.0267630205381401,-0.00285169704550681,-0.0250833417196232,0.00980067958455039
2099,-0.0173156123016978,-0.0190777634130651,-0.00734598717035569,0.00555245610758545
2100,-0.0257726433086939,0.00633282249736205,-0.0177266764661707,-0.00218872507521843
2101,-0.0052004745858199,-0.0046479125427192,0.0159130569487414,-0.00366773821608684
2102,-0.00772881094592746,-0.0192451383663521,0.00733635257521365,0.0247729148884753
2103,-0.0243801043732985,0.0123682368469616,-0.0102287524993439,0.000605578399979564
2104,-0.0150096583349701,-0.0274409864315926,0.020063716908828,-0.00185057379673351
2105,-0.0100573367920155,0.0131206712601697,0.0272260186595063,0.00194661970454146
2106,-0.0190203395156796,0.0156474706651957,0.00990846127118584,-0.00157146976275668
2107,-0.000444150276258788,0.000321913855318227,0.00168050717470016,-0.000795641474669144
2109,-0.0245281409850769,-0.0158451706478469,-0.0221463185770407,-0.0151896231312958
2110,-0.0243214550992642,0.0108144851940142,-0.0059582712947979,-0.00153325050600393
2111,-0.0283145229422962,0.0190927528008631,-0.0219169192512724,0.0118882501129832
2112,-0.0182770231268854,-0.0350477963081217,-0.0188702452737571,-0.00923120208559506
2113,-0.00334735784911409,-0.00974174025460364,0.00563480633888099,0.0118425982573866
2114,-0.00994676049719808,-0.0288131249888335,0.0101429207398158,0.00343175450007888
2115,-0.0107378187400062,0.00135484539799795,0.0271021425367856,0.00451825079819824
2116,-0.00919976062592973,-0.00381288615841774,0.0201491038680287,-0.0139159366826014
2117,-0.000721908158151769,-0.000407251894858164,0.00113003490224913,-0.00558595194140019
2118,-0.00320374902474707,-0.00731586209763079,0.00838966262453033,0.00514361996254046
2119,-0.0192083393790889,0.00392208874610763,0.0157870366091717,0.0485946522753289
2120,-0.0244227504190093,0.0201118339163796,-0.00979915530163855,-0.00839678789770754
2121,-0.0231622339510959,-0.00414945644242527,-0.0063193322729069,0.0288846053300866
2122,-0.0246121618252908,-0.0142647798478542,-0.0157025432323056,0.0095391797660299
2123,-0.0142669442286243,-0.0150649617150233,0.010064051959471,0.0331871774304741
2124,-0.00793935052042861,0.00946193263508798,0.0347232095715089,-0.0134417688288112
2125,-0.013888571149527,0.0114831156899902,0.0302433093713441,0.00996791356166553
2126,-0.00273927014700516,-0.00643741670651405,0.00850567539245606,0.0011241878513336
2127,-0.022797022826373,-0.0165091912631763,-0.0226504964139847,0.0213589053929648
2128,-0.0160883413032473,0.0105880770603593,0.0258483994215263,-0.0106555773258841
2129,-0.0262964918191253,0.012474784985288,-0.0153137467692493,0.0097285606690943
2130,-0.0146688314891998,0.0153740953448402,0.0206787546680414,-0.029951598299221
2131,-0.0100607432972196,-0.0318885491094465,-0.00389786212669658,-0.0118120908121024
2132,-0.032184239837997,0.0193344979037025,-0.0250847887388775,0.0147685711404349
2133,-0.0143583728102491,-0.000212271626436636,0.0310695444453658,-0.0279305023018023
2134,-0.00639689660897225,-0.00580748484011545,0.0111348408293488,-0.0182902023118312
2135,-0.0114575099427782,0.0112981898752378,0.0355616963033854,-0.00976996566340788
2136,-0.012341640949366,0.0115600363162325,0.0260739261472892,-0.022908029475527
2137,-0.0306099745152758,0.0169992019200284,-0.016775845589447,0.0135939697616826
2138,-0.0174369113211949,-0.0412635337779956,0.00161474789953645,0.00209398077591106
2139,-0.0149075653807267,-0.0165996269280558,0.0155421817681514,0.0308139737328747
2140,-0.00111723155105879,-0.000773661950315489,0.00578778420687422,0.00325504936806835
2141,-0.0265412632109166,-7.4223587380174e-05,-0.0277802555551458,0.0151597009056878
2142,-0.0169560845023058,0.012121663522534,0.0193755404398682,-0.0250466878209415
2143,-0.016715272049254,0.0252590109373871,0.0195655661177581,-0.00874932774226444
2144,-0.0293590214848416,0.0115033183178454,-0.0223963574461399,0.0142136142496349
2145,-0.016638265391965,-0.00811258251526464,0.000380731229502225,0.0394023769600154
2146,-0.0115066970635766,0.0181471075536037,0.0209946164793577,-0.00482548027499688
2147,-0.00432006387880447,0.00274667108980338,0.0170646027197554,0.0120202558014006
2148,-0.0199716176601737,0.0183293260735791,0.0114364995321312,0.00960901983376141
2149,-0.010217407016573,-0.0264961708197852,0.00914896121671046,0.0223163470096659
2150,-0.00422661974390743,-0.00813462594998488,0.007078701300336,-0.00538951316957286
2152,-0.0191028136144895,-0.0118944350638967,-0.00393207903904432,-0.026142573975015
2153,-0.0116552230603892,-0.0307262780690364,0.00727308961709364,0.0207636762157418
2154,-0.0211656352332039,7.23526121622882e-05,-0.00592687681203613,-0.00937296114273354
2155,-0.017412060892411,-0.0198236971627392,0.0108706558702739,-0.0334632527894579
2156,-0.0196856505357856,-0.0185846898226213,-0.00917262263926762,0.0117163935776734
2157,-0.0151474782495633,-0.03553780492572,-0.00715384418482124,-0.00262368295696546
2158,-0.00633917182413794,-0.00678224514507438,0.0257829001135982,0.00713399371606234
2159,-0.0147394709961833,-0.0513454885216319,-0.0123736563728534,-0.0195526074255645
2160,-0.0276760773080625,0.00890023093636238,-0.0195149737506367,0.0190419519325433
2161,-0.0259546138476627,0.0246658147558421,-0.00992019645290048,0.00305596548367029
2162,-0.0120062199500696,0.00929746943158402,0.0276071280144602,0.0121489716502936
2163,-0.0283308979684966,0.0167857873901435,-0.0190253630139752,0.00754954121649418
2164,-0.0115337034371453,-0.016539997381124,0.0242426146833574,0.0132255679758073
2165,-0.0193893046364996,-0.033063676704035,-0.00744105802964701,0.0344983254427216
2166,-0.00368215295237934,-0.00444136637030423,0.0149331074248586,0.00270904351534912
2167,-0.0273730291378993,0.00605409289515254,-0.0192542660008559,0.0152600663425202
2168,-0.0192675554613027,-0.0400127249888539,-0.00955304122783672,0.00467931385847532
2169,-0.0161423292737567,-0.0210208381124225,-0.00667996172123481,-0.0320549259135066
2170,-0.010560533617619,-0.0301810262051444,0.00101806818134297,-0.0289788840519737
2171,-0.0204102873163732,0.00419292763804062,-0.00357248444711842,-0.0299079725225061
2172,-0.0137311930209857,0.00537960570871361,0.017871799872376,-0.0276462527670975
2173,-0.0146503955874136,0.0118905589592181,0.0114792823178378,-0.0357924609684738
2174,-0.0247523171376366,0.00100411098360931,-0.0189146377831269,-0.0213772493194881
2175,-0.0162723512324082,0.0118031410225579,0.011615055373897,-0.0109740182607753
2176,-0.00536125310886184,0.00356738709377589,0.0249893831163814,-0.00424221621044446
2177,-0.0207978979684893,0.0011281596231143,-0.0179934995614105,0.0137306631987618
2178,-0.0189473781651581,0.00350562340377371,0.015025690240999,-0.00607254226397155
2179,-0.0260847358208141,0.0183202797753017,-0.0128529757047722,-0.00432912855682029
2180,-0.0164180269780631,0.0165739174470759,0.0199532999997165,0.00896200729831229
2181,-0.0124765066079378,0.0143522312316787,0.0206597769380961,-0.0217657843850852
2182,-0.0147029559015455,-0.00121075284971714,0.0165087208419456,0.0126863222423949
2183,-0.0176462493798993,0.0148662080795692,0.0112106445870791,0.00977783955533353
2184,-0.0169422092939321,0.0194569328558654,0.0252755691036984,-0.0198374317380898
2185,-0.0163768829522714,0.0173133233114037,0.021335591525728,-0.0154320791568535
2186,-0.0171639508479211,0.0133897222020021,0.0153079142103959,0.00303463729975721
2187,-0.0116944549897413,0.0130515013274883,0.0221960686069246,0.000629109352858632
2188,-0.0107798098791775,0.00984067311149068,0.0199012668798201,0.000421306499016306
2189,-0.00864312985736848,0.0116158146796122,0.0247837348933429,-0.00158722685343329
2190,-0.00817632816016988,0.00898731192020054,0.0222219777401619,-0.00791538094072965
2191,-0.00783344737421763,0.0115963318906845,0.0227211481643202,-0.0108832736240464
2192,-0.0212311547930657,-0.00374288015762456,-0.011512647976332,0.00965472449426304
2193,-0.010448331154511,-0.00201802050800016,0.0284968616601902,0.0119726969661999
2194,-0.0083520582453766,-0.000191082598755832,0.0229147805236338,-0.007117525836875
2195,-0.0168866406629672,0.00748911330701169,0.0149225591082228,-0.0173436316823256
2196,-0.00551704298835588,-0.0177028419666226,-0.00129626931944373,0.0247089457712703
2197,-0.0158804274075967,0.0110616626202845,0.0115870997388651,-0.00957288655844069
2198,-0.022987729317281,-0.00383545612765867,-0.012347746953065,0.0218655957024489
2199,-0.0271544779825576,0.00808385317281002,-0.0191115288834299,-0.00388020875173286
2200,-0.0119883624718235,0.021930624274691,0.0109496986743868,0.0284890714282813
2201,-0.0232657420528574,0.0216182810726088,-0.00653777346048142,-0.00176589693453713
2202,-0.0253571563649094,0.018888042663066,-0.0127752173110373,0.00784558143842018
2203,-0.0286720757985688,0.00369989987362906,-0.0306455336723474,-0.00576488047521769
2204,-0.0304359061038726,0.0133643542107227,-0.0251392349022137,0.00932392832804619
2205,-0.0122738943487352,-0.0197686277297363,0.0108152365771256,0.0140898005336421
2206,-0.0237069199082763,-0.00168070095795141,-0.00071369941361051,0.00196935682669513
2207,-0.013677360551234,0.0142999082639085,0.0230855418709584,0.0138508107451581
2208,-0.00944822659779169,-0.00352923673514742,0.0195840959539648,0.0248457419280928
2209,-0.0244934225228288,0.00713989493871688,-0.00794049289761365,-0.0198590347277763
2210,-0.0174840693850393,0.0224255574244643,0.0129625590863114,-0.00490753225203777
2211,-0.0228868442271789,0.0130708334712166,0.00113490983071979,-0.0127606896068995
2212,-0.0134758654479167,0.0225621294684001,0.0181767025731864,-0.0120044920099138
2213,-0.0217389034390396,0.0208057440717697,-0.0010092660749622,0.00034383068290917
2214,-0.0270806225658855,0.0201531184036018,-0.0164097619419636,0.00662522679000679
2215,-0.0263469784682312,0.0148242882720724,-0.0177372399931755,0.0101770799681204
2216,-0.0138455581678208,0.00936962056675629,0.0205292556236463,0.00659329653946404
2217,-0.021635624222211,0.0214157531833986,-0.00137707997190508,0.000301493349387334
2218,-0.0169743541415686,0.0166792340758149,0.0124083230621801,0.000690366996439554
2219,-0.0155175725113771,0.0224677887232051,0.0138760724863426,0.00455640592467821
2220,-0.0101241171563346,0.0156250645023577,0.0260451816789225,-0.00566235569608947
2221,-0.0210173399507093,0.0194516637885679,0.00487946127653093,-0.00288965583346252
2222,-0.0206573417668013,0.013084550549872,0.00779644439031,-0.0164674693608386
2223,-0.00323293691043439,-0.00587651062369483,0.00897355946080414,0.00172856343369457
2224,-0.0196271535098691,0.00931321387568325,0.0054315026290358,0.00584572417056839
2225,-0.0122790812009421,-0.0220709576146958,0.0105493133004355,0.0189206401042053
2226,-0.0139367041565161,-0.0167988109076026,0.0205442809485967,0.0216847235765965
2227,-0.0128660786505802,-0.0163218922667628,0.0263631803075287,0.013690373673411
2228,-0.0218125013755367,0.0145168010489606,0.00183323067128913,0.021006537506702
2229,-0.0157610637961467,0.0200218834081407,0.0115559124429087,0.00424838199603456
2230,-0.0107421453338521,0.0145218900953206,0.0206785046105849,0.00243952130375003
2231,-0.023561560573182,0.0201158960303343,-8.48267030930434e-05,0.00484048100256943
2232,-0.0219160277099259,0.0197949489435979,-0.00366001052151868,0.0220805945225716
2233,-0.0158092644684287,-0.0122481416110357,0.0207493747286126,0.0018006039478968
2234,-0.00675561728204376,-0.0161442623247442,0.0102417569855087,0.0181899148796507
2235,-0.0253368803225473,0.000591364177958245,-0.0286590670847966,-0.00933009531822161
2236,-0.0189336544408174,0.0189326870809598,-0.000794216451155053,0.00176866562365662
2237,-0.0130329432369024,0.006035624648707,0.0270446142694367,0.016310012099042
2238,-0.0161895138431731,-0.000332498862858469,0.0142723055808019,0.00409636089787799
2239,-0.0209336751794716,0.0266801404314965,-0.000417695755533494,0.0100275236826731
2240,-0.0112522641733261,0.0123914685253243,0.0252835318826158,0.0425452454011859
2241,-0.0239810758057405,0.0153312673825378,-0.01339779173289,0.0144381480082603
2242,-0.00965136709907767,0.000396547855664187,-0.00899604396769001,0.0346449378324605
2243,-0.0155829539433688,-0.0185360649425454,0.00260434811695417,0.00100351852346202
2244,-0.0157803177821438,-0.0168040950880432,0.019861733795453,0.0345613077588951
2245,-0.0146232629588993,-0.0196816950786809,0.0153646502168581,0.0160277175774834
2246,-0.000564991887148428,-0.00239392498943633,-0.00185969378119054,0.00701326639618393
2247,-0.0182818505259921,-0.0217229846843039,-0.000706467307986006,0.0203916398102497
2248,-0.0119947758217882,-0.0197918305337732,0.00950553759313139,0.0128745547827885
2249,-0.00801572834339161,-0.0189786931876619,0.00653348059649805,-0.000904458923793393
2250,-0.0150712788795783,-0.0231910207566126,0.00441229534959877,0.0535450594324755
2251,-0.0166744995727383,0.00120177357816762,0.0245400802169696,0.0435232625760914
2252,-0.000730426298775408,-0.000890255135729397,-0.00464226837577697,-0.0163514031787473
2253,-0.0107212556758475,0.00365747665184082,0.033228356566039,0.00789200424881129
2254,-0.0104841256334692,0.00464306865972776,0.0336787007334986,-0.012142506296233
2255,-0.0154620093315127,0.0137597053577072,0.0244706869782426,0.00203410202511902
2256,-0.0116238786526371,0.0179069192130614,0.0230596601927095,-0.0135003983732397
2257,-0.00430986690031724,-0.00183469206725381,0.0132870221544827,0.00563839121498531
2258,-0.0120023183986689,0.0153628956174802,0.0192110007599564,0.00109775659093517
2259,-0.00999731586951921,0.00684748313962542,0.0337758618907136,-0.0221936899288759
2260,-0.00418633502085507,0.00345582689237797,0.0118563410854925,-0.0108404949389994
2261,-0.0175647965334542,0.00973109240714983,0.0158815718424384,0.0170973571242079
2262,-0.0236639496207536,0.0128258107944477,-0.0123507603186387,-0.0137864085702636
2263,-0.0241227231146029,0.0144201247282437,-0.0110135634879745,-0.0126899553724758
2264,-0.0125022018838316,0.0151614781170941,0.0187031223729501,-0.00523189196029721
2265,-0.0209183712939649,0.0114075552612345,0.00663764407682309,-0.0111899673427914
2266,-0.0122393272812434,0.0080974391363945,0.0248791655191747,-0.00477117243585056
2267,-0.0166690795290531,0.00707502677540936,0.00954507435983125,-0.0436877139311042
2268,-0.0107542870556976,0.0102497547472458,0.0201430211768814,-0.0291822908591932
2269,-0.00512981573196279,0.00807243224553573,0.0268632662598613,-0.0106686890699885
2270,-0.00683161091468035,0.0056228595631601,0.0119364343489477,-0.00656367602158317
2271,-0.021928735903669,0.00302391969395809,-0.00227155932531757,0.0113033307133557
2273,-0.00535511094362869,-8.94881052905948e-05,0.0167737816393954,-0.00472947085406309
2274,-0.00600071573219166,-0.012375700830186,0.00844686299707284,0.0233948867601107
2275,-0.0254830735284668,-0.00278470817812475,-0.0133941636181141,-0.00605265159650983
2276,-0.0180859573631828,0.0177741573681351,0.0091304335257525,0.00445378976590198
2277,-0.019884950485424,-0.000173393130947432,-0.00257759137259688,0.0242601972696691
2278,-0.0246478913829301,0.019510371597898,-0.00908740190653741,-0.000733346768498466
2279,-0.0152526934982592,0.0174961947353692,0.0148865362103224,0.00235349660619015
2280,-0.0127839615237556,-0.00894108974762994,0.0241822278759189,0.00983180999085108
2281,-0.011302494938576,0.00497640260922486,0.0233043247079942,0.0159103549160331
2282,-0.0226880382342139,0.00471545602172042,-0.00673953930170612,0.0206081821287289
2283,-0.0174547938523855,-0.00880092805341636,0.00181327490031172,-0.0231516983821774
2284,-0.019547361159793,0.0067831951586086,0.0108616842322127,-0.0185741909469945
2285,-0.0073043138029275,0.0033404278616498,0.0267174529536347,-0.000443419243004073
2286,-0.0209679794730601,0.0202719507487477,0.000864733070800676,-0.0109455001669106
2287,-0.00752209228633823,-0.00957149410425278,0.016091792382188,0.00208329998036732
2288,-0.000862159819433393,-0.00513250667321391,-0.0070384133822201,0.0149237677091464
2289,-0.00951037629236828,-0.0233773257903468,0.00765174661177101,0.020424179473729
2290,-0.00726148437902766,-0.020643358143266,0.00094441859315165,0.0198241403753435
2291,-0.0066505185617957,-0.0107222854745595,0.0131894030592269,-0.00675845397669094
2293,-0.0200040606500766,0.0193403446490789,0.00271137016781294,0.0136187779982348
2294,-0.00174775918181817,-0.00225022650370073,0.00576274610150821,0.00349622912381163
2295,-0.000802159854259069,-0.00280153069187694,9.62332028172236e-05,-0.00661186404231005
2296,-0.0125086510302096,-0.0411713263766185,2.31927646348004e-05,-0.0368423464371012
2297,-0.0249750858839617,0.0168430753939655,-0.0121341138916127,-0.0109648499786541
2298,-0.0120640350387116,0.0171162083476896,0.0297635704657099,0.00866580398806273
2299,-0.0170521290565152,0.00402411269141806,-0.00654842016624682,0.0182116606362416
2300,-0.00829436145368335,-0.0220211619826018,0.00504300895898677,-0.00108683930255355
2301,-0.011547572700261,-0.0127138117269766,0.0132089070822185,-0.0174308272348537
2302,-0.0176095668195608,-0.0104136121371969,0.00112654963918487,-0.0432975512878004
2303,-0.0184067953511903,0.0147355442833434,0.0186267674581064,0.00520384413978208
2304,-0.0139764062618302,0.0130022103361618,0.0212200942730303,0.0177730773619768
2305,-0.011034303180291,0.0144845679730147,0.027652413250956,0.000641717077551566
2306,-0.0122652814083021,-0.0165235842081616,0.0146019425246234,0.00641012896438767
2307,-0.0128590934548597,0.00710375778008169,0.0285090302619572,0.0030090297729553
2308,-0.0290256543247437,0.0174114338511679,-0.0173562688080189,0.0212419837621922
2309,-0.0280500818763887,0.0180141482964838,-0.0174456243635678,-0.00770110885104859
2310,-0.00762115789567111,-0.025047004478521,0.00637041948617474,0.00531124199010808
2311,-0.0166960095683756,0.00676903268273584,0.020024301194165,-0.0106585600243561
2312,-0.0187462644978584,0.0190512829972609,0.00501325992261459,-0.00429388235053311
2313,-0.0152647738115848,0.00697752931912546,0.0255795809137579,0.0354975269719407
2314,-0.013186996854367,-0.0154044021936666,0.0108793742392827,-0.0222956889651288
2315,-0.00474890704796873,-0.00840837608479491,0.01429383980356,0.00145907002374335
2316,-0.00106360633370414,-0.000210817961360783,0.00592834939185469,0.00544754543333045
2317,-0.016184179795644,-0.0350563045494069,-0.00246105725433183,-0.0213981864357891
2318,-0.00991616939824996,-0.0310991756182667,-0.00321440568406193,-0.00921522782778937
2319,-0.0143077756859674,0.0170787496161667,0.0278222281552032,-0.0194644221618455
2320,-0.00855805046537246,0.0126470493470439,0.0301708909323441,-0.00505404501124698
2321,-0.00587392330773245,0.00590620059015821,0.0253713505007432,-0.00129918053850569
2322,-0.00532479909359259,0.0145893225786316,0.0249171565142692,-0.00708480437254559
2323,-0.0178366145997918,0.0150453509380333,0.012538010853717,-0.0101583596189222
2324,-0.0197322857326309,-0.0010937122347105,0.00710632805546721,0.0130553170256016
2325,-0.0157113853670961,0.00331063070875016,0.0251372760499575,-0.0265445136304955
2326,-0.0180137802936892,-0.00389220848301415,0.00704602774702326,0.0198602016530115
2327,-0.0131264785188646,-0.00603002285581491,0.00826495350442351,0.0142358897805928
2328,-0.0120170640798088,0.00142383138017275,0.0110583438571262,0.00866596296787822
2329,-0.00820798152279853,-0.0130378918342415,0.0137264738077746,0.0014993151162479
2330,-0.0178639784591029,0.0134565873294626,0.00856659824916268,-0.0198529978988122
2331,-0.0109400152675857,-0.00058443067066018,0.0265217985688894,-0.0156429905797491
2332,-0.0141031991037139,0.0158725454990677,0.00996147354484873,-0.00480760935834218
2333,-0.024516427114026,0.0132939928272271,-0.0101994820174495,-0.00778314155911327
2334,-0.0247457312863916,0.0158545565620402,-0.0145557193291892,-0.0131238201420501
2335,-0.0265096977207351,0.0118074893621288,-0.0196560577296926,-0.00954900306517153
2336,-0.018415130910316,0.0120777164123182,0.00490001319859601,-0.015654133971994
2337,-0.0180124159194037,0.0183920343017343,0.00308483158552198,-0.0120718299316736
2338,-0.0179665080051108,0.0134876517727824,0.0028252184901048,-0.0208248245853956
2339,-0.0197953073107838,0.0154395061372056,0.000785002537800369,-0.0102752627448406
2340,-0.00212006820051696,0.00555687309477994,0.000973303366265396,0.000693686254687341
2341,-0.0150909708290185,0.00434842744439664,0.0164533869348788,-0.0169236960449421
2342,-0.00603443630732249,-0.00747765139825911,0.00470064710391516,0.0054266577405296
2343,-0.00582259671705225,-0.00602354475366754,0.0108096885782932,0.00954972855902014
2344,-0.000886153075052204,-0.00588738104040271,-4.36894406214729e-05,0.00174815923883996
2345,-0.0236117872890884,0.0166054334888466,-0.00781253221114571,0.0101560379860015
2346,-0.0152410134628638,0.00398952274918386,0.0157940617424217,-0.0347991943367681
2347,-0.0221515552367423,0.023424539112745,-0.00340762891848937,0.00314131016678878
2348,-0.0282548749163229,0.0154479575038076,-0.0146512365098767,-0.0169649687799048
2349,-0.00255047421025462,-0.0063680621132824,0.00410570745103015,0.00337824063210077
2350,-0.00378523602298969,-0.0114418807557306,0.00589593759405113,0.00949968288819551
2351,-0.0027763462703301,-0.00428357524884962,0.008170849448442,0.00574366398972269
2352,-0.0135004002520619,0.0113661995463157,0.00260085482360283,0.0443768476685861
2353,-0.00695398039295741,0.0122755232361796,0.0314236405693054,-0.0132640349952421
2354,-0.0102260578448602,0.0159658733093623,0.025850051858271,-0.0137348478727252
2355,-0.0197199183436516,-0.00730643062963306,0.00517737188659604,-0.0360522599466646
2356,-0.0166632417988542,-0.0221810714048947,0.00132067872418408,-0.00721064109066907
2357,-0.00632787679063652,0.00314861641409173,0.0304121713272314,0.00312241784695892
2358,-0.0206602218230357,0.00439678530192417,0.00134599855735701,-0.0276294403468914
2359,-0.0184160067711801,0.00574680730963055,0.0124380323835157,-0.0248064488153421
2360,-0.010603877427468,0.0121312491291445,0.00803599521807721,0.0137972404473023
2362,-0.000529050219267545,-0.000517236527224762,0.00306289605244414,0.00251465082918596
2363,-0.0109571584768707,0.00966963066854234,0.0335118321771086,0.0126926331983323
2364,-0.00690485842586056,-0.00311220764086924,0.019599225560735,0.00978743450847029
2365,-0.0178244388540992,0.0143013057931757,0.0135386331408159,-0.011433384963164
2366,-0.0144227577675975,0.00329540945784258,0.0270493770586613,-0.015067128203411
2367,-0.00383998861230995,-0.00812424502796912,0.00833613273672523,0.00116089471598
2369,-0.0266174875761904,0.00766571091636006,-0.00847354659424852,-0.00689279842988508
2370,-0.00848857741231715,-0.00060777553695611,0.0232762434894709,0.0197779214525435
2371,-0.0181162907039237,0.0067841161283308,0.013111906073597,0.0119947701247155
2372,-0.0129309631286072,0.0197181745625295,0.0090631425001375,-0.00863163967680458
2373,-0.00498931115436114,-0.0101464037226264,0.00456581391919571,-0.00014166326926633
2374,-0.0138383054961223,-0.0279650995884965,0.0203906852285831,0.0400792137115476
2375,-0.0315499196866226,0.0229864906241862,-0.0221047056663128,-0.00444771447096157
2376,-0.023485099247591,0.0197271158356439,-0.00473695632747695,0.00957326735570768
2377,-0.0099120279279664,-0.0237079396893818,0.0111891735408847,0.0297843873687297
2378,-0.0140759135773041,0.0182495847087094,0.0137690576223547,0.0200291826558439
2379,-0.0168257745528308,-0.03851290939892,-0.0176775606773277,0.0443446778623918
2380,-0.000671363086861595,-0.00221693439746686,0.000747321876100496,-0.00141748145918563
2381,-0.00725658509056676,-0.0162442676036546,0.00615994082016538,0.0125373816309197
2383,-4.95178332181709e-05,-8.34693105007895e-05,-0.000397312463294326,0.00117752413733108
2384,-0.0288738336790052,0.0164565437997205,-0.0207588298130826,0.00557377711538176
2385,-0.020396587075576,0.0195495067363298,4.82196152098387e-05,0.0170287868978735
2386,-0.0104317228536579,-0.000365057457886596,0.0330218960547805,-0.0190284994588213
2387,-0.0182672279988547,-0.0245060880158258,-0.000325658806714567,0.0182733047280283
2389,-0.0135115024116767,-0.0223995694488638,-0.00331545402045277,0.0304700575145831
2390,-0.00726434292281845,-0.00631933276946976,0.0205788224524336,-0.00781770563114482
2391,-0.0131794236416066,0.00608392956966757,0.0268636110755868,-0.0135056142721431
2392,-0.00983279672224547,-0.0194622960055296,0.0216275767088249,0.00194921848385647
2393,-0.00932273500884431,-0.0134456474313972,0.0206252045126623,0.0030424853281836
2394,4.19585086824298e-05,0.000181022278133437,0.000290533006578489,0.000106986840004022
2396,-0.00961755793434154,-0.0290342211395412,-0.00803818169837939,-0.00758937679517158
2397,-0.0124278234809733,-0.0276699401699793,-0.00261649058561875,-0.00457941945753719
2398,-0.0213804901769801,-0.00306493611412416,0.013996704955823,-0.00877482477150777
2399,-0.0103514784854082,0.00798624122959265,0.034871849436684,-0.00367974755464877
2400,-0.0215925208620643,0.0137527895811157,-0.00827988788945277,0.00988524870560867
2401,-0.0287484855627933,0.004410701526436,-0.0266357553477482,0.00440162935579595
2402,-0.0220891480713678,0.00445349499940311,-0.0167712678923443,-0.00919989331249755
2403,-0.00024038124141106,0.000578991600145491,-0.00206596681080773,-0.000844645279618609
2404,-0.0221204382887869,0.0248377323009167,-0.00298763836200024,0.0017354963410986
2405,-0.01450015039248,0.0177052001593761,0.01447303414052,-0.0204908218077397
2406,-0.0145502766250908,-0.0198003231606008,0.0147856695575805,0.0221148470727683
2407,-0.00022443556343897,0.00350577780519776,0.000811506177683552,0.000119866307686595
2408,-0.0147882913844729,-0.0362801787084416,-0.00703921754243005,0.039973738089728
2409,-0.00870713752066304,-0.0316119072759001,0.00806609415065671,0.0322549540156329
2410,-0.0169581758406207,-0.029923676746685,0.00353895923176094,0.0319242064032132
2411,-0.0169168656431083,-0.0407939804336158,-0.00626400952924688,-0.00156049729746657
2412,-0.0173780288629195,0.00978520223331034,0.0131788566163957,-0.010102362044468
2413,-0.0060866852330237,0.00525362580913948,0.021078685389721,-0.012932248666963
2414,-0.0151199467614499,0.0214797911228857,0.0246838303523064,-0.0136163284674762
2415,-0.0162962827861268,0.0116360396449703,0.00870971238023856,-0.00703039340211048
2416,-0.0214141062186514,0.0186300165908729,-0.000512632759538626,-0.0126480950391348
2417,-0.0138587689320079,-0.022274324893219,0.0165203648502746,0.030101511400105
2419,-0.00976880501870699,-0.0189592171442671,0.0151714906870861,0.0256208312674875
2420,-0.0122884551832649,-0.0203977028893681,0.0154450441349099,0.049400510601321
2421,-0.0228003019543023,0.00669521379427846,-0.00957960756028754,0.0120798473392022
2422,-0.00183670334668571,-0.00297627439577011,0.000727154727372948,-0.00569410148600095
2423,-0.0147663049250196,-0.0410268990400718,0.00796935086120934,0.0136108855870848
2424,-0.0117716058917934,-0.00132404406237258,0.0271744971191685,-0.0385904137045823
2425,-0.00798853956592093,-0.019149387581409,-0.00770782346457926,0.0140212750079896
2426,-0.0016587804169155,6.6796383181916e-05,0.00153739993500094,0.00709668798968818
2427,-0.0247230515645914,0.0253195951359315,-0.012476335655249,0.00143687577844997
2428,-0.0146485325697915,0.00227813096409055,0.0152910840829111,0.0326578872247755
2429,-0.0102616607421965,-0.0289315195028438,-0.0104544152882337,0.023478675232343
2430,-0.000902149547724999,-0.00374960958979351,0.00032933309405643,0.00240659828920916
2431,-0.00319257133379703,-0.0196623843083032,-0.00726347603251423,0.0022509948887989
2432,-0.0192131023299774,-0.0044659468447651,0.0140529542942786,-0.00576049756613448
2433,-0.0155504094338335,0.00548660010077543,0.0274179931564257,-0.0180283705732224
2434,-0.00762630580686,-0.00397933418318011,0.00653337980017835,-0.0187902147422953
2435,-0.00414942404844156,-0.00701550329893224,0.00521766158281832,-0.00731869832182431
2436,-0.00685011582036534,-0.0175925584306227,0.0136170575683757,-0.0179065067995725
2437,-0.00759671789201107,-0.00976275578320207,0.0223114269995308,-0.00809585288041882
2438,-0.0154299201486852,-0.00933514004124502,0.0147982613818735,0.0352956063959866
2439,-0.025594117088135,0.0181166112115628,-0.0137275093268119,0.00300547028441939
2440,-0.0219969023232575,0.0168101721418402,-0.00631749401988587,-0.00290317369583385
2441,-0.0139082121553578,0.01851033456546,0.0161148954876565,0.00677613139119024
2442,-0.00992856527345755,0.0169685754932185,0.0226622809276251,0.000625508313978279
2443,-0.0227278736902201,-0.00607761549011473,-0.00179392198298674,-0.026852658668351
2444,-0.0163703270860087,-0.0108762184193262,0.0151829005009557,-0.0268670793605429
2445,-0.0101242038127825,-0.0150375838157545,0.0230874887220305,-0.0219092673279253
2446,-0.0118126393382012,-0.0143942048073503,0.0201035131246334,-0.0228732652784162
2447,-0.0253476325231239,-0.00477167266495288,-0.0164385105755436,-0.0229052881127842
2448,-0.0139770731279155,-0.0228359745647972,0.0173518928387996,-0.0311476826970617
2449,-0.00938545606001684,-0.0139709123844463,0.0202840611355176,-0.0123604616991891
2450,-0.0152767720719466,-0.00758215322491508,0.0205699007069653,-0.0129742434760266
2451,-0.0127915799420609,-0.0138024889646799,0.0164264952667647,-0.0275644905815102
2452,-0.00992390654821878,-0.0182123481048397,0.00945994159759203,-0.0286790424170318
2453,-0.0204670257656673,-0.00580822532379688,0.00776514052559062,-0.0250354103637764
2454,-0.00574691530264391,0.00373144488098697,0.0268993358961786,-0.00991569501947736
2455,-0.00922247915385587,-0.00501206569789415,0.019741109834346,-0.0277220935675159
2456,-0.0253591834650161,0.0090002437352768,-0.0245802135795331,-0.0041392128479903
2457,-0.0049354477593761,-0.0121330473392559,0.0128287507461583,-0.00788177146914673
2458,-0.00947227425275439,-0.0160673460171249,0.0113746703470021,0.00304518019138625
2459,-0.0184209592485044,-0.0195975461541555,0.000423404180348504,-0.0437439947600236
2460,-0.0153786408793481,-0.00925673904551629,0.0101505955535959,-0.039123414155828
2461,-0.0279811788260412,0.0133877346786543,-0.0212467821789242,-0.0104876013347135
2462,-0.0111224163842362,-0.0103263317984152,0.0151632208286316,-0.028717300600676
2463,-0.0264459940332409,0.00448785835425185,-0.0180197857982155,-0.0220122594928879
2464,-0.0139255717031893,-0.00535683011703871,0.0205472133029777,-0.0310556382772555
2465,-0.00465932876957343,-0.00787049758755909,0.00825179537752981,-0.0202238852265743
2466,-0.0100903117180677,-0.00657706418118538,0.0219145536870046,-0.0282786254235142
2467,-0.0139528889163084,0.0122743358728038,0.0158537659414142,-0.00574186818110341
2468,-0.0212385370458762,-0.0101681466574622,-0.0065774918253497,-0.0179996578860763
2469,-0.0250579965022613,-0.00812100988076382,-0.0182085119391113,-0.00974035515599151
2470,-0.022444458235399,0.0124300044501794,0.000954496876703059,0.0298793906445615
2471,-0.0223336608230255,0.0220086265258366,-0.00529618260333462,0.000644055339992232
2472,-0.00298350630282454,-0.0129410787950941,0.00325054103648504,0.00337886348974431
2473,-0.00803241273172828,-0.0152285217582534,0.0102208898806736,0.0108771862824464
2474,-0.00483995348236587,-0.00731436793618388,0.0132023326994233,0.0028558828748047
2475,-0.0189939786896108,0.0276294060990526,0.00810876575439407,0.0152441435801564
2476,-0.0198798287789317,-0.031788039877158,-0.017029115439325,0.0125948226091739
2477,-0.00609559010282646,-0.00976033659196388,0.0112278842956996,0.0199217131744282
2478,-0.000746430590441062,0.00296218832012844,-0.00382379987995058,-0.000699019901372204
2479,-0.00919053923707028,-0.0123132447218361,0.0102690780826225,-0.0218999399659629
2480,-0.0142142503100921,-0.0288092167169046,0.0204677554847707,0.00708934543301469
2481,-0.0249139811231481,0.0226368717373801,-0.0131895294128911,-0.0050773875882738
2482,-0.00132095536987543,-0.00535896874069245,0.000504337736068865,0.00297930121431628
2483,-0.0282363586231392,0.00917721808497977,-0.0196603087745525,0.0173509870620037
2484,-0.0261753424446775,0.021643813481436,-0.0104926191442593,0.0146674465414717
2485,-0.0222567515031059,0.0244007733668227,-0.00554939113108663,0.0112049696238763
2486,-0.0109608029885732,-0.0219934625887088,0.0055377702121826,0.0172317290416512
2487,-0.0236140322227643,0.00278526602406311,-0.00446272800619524,0.029404538620359
2488,-0.00673911841492775,-0.0126588187934569,0.00403097734629446,0.00418050626088031
2489,-0.0310833410903021,0.0105874896356439,-0.0256677843864421,-0.000688061498080187
2490,-0.0201895461522588,-0.0172973530985186,0.00739412827239211,0.0154411119833984
2491,-0.021358981096393,0.0275265398071108,-0.00156067007461177,0.00342574517511182
2492,-0.00168408157559142,0.00078140402612026,0.00142557256476249,-0.00305564832300758
2493,-0.0181298631477593,-0.0168044397586995,-0.00460801408260851,0.01798582687767
2494,-0.0121736699336029,-0.0304684446093039,0.00166994001357012,0.00201254910552906
2495,-0.0216846961218306,0.0142681810960276,-0.0116204333104707,-0.00507186670854476
2496,-0.0281783703240172,0.013771733415599,-0.0256565535351588,-0.0113865773187268
2497,-0.0137305767662813,0.0195694120734844,0.00639290841326818,0.000750604818669998
2498,-0.0228481462608197,0.0046901567160767,-0.0116624341093091,0.0103200356468732
2500,-0.00913756810801348,-0.0230173874767668,0.00484304644618523,0.0129386161069032
2501,-0.000529050219267545,-0.000517236527224762,0.00306289605244414,0.00251465082918596
2502,-0.0272533335691042,0.0270649065806572,-0.0136676198758988,-0.00238285218894701
2503,-0.0255537884236089,0.0233092166467481,-0.0107459168733789,0.00976188899919325
2504,-0.0100985621869572,-0.0284825838743094,0.000586155784953333,0.0301739797104276
2505,-0.0195583589914831,0.0212518239102991,0.0142072629591929,0.00101423145886842
2506,-0.0230227619231939,0.00967141883209362,-0.0125253769024605,-0.00329345679149074
2507,-0.0108283823222836,-0.0267496804763431,0.0129269667368378,0.0264184469529205
2508,-0.0240254445153304,0.00604257746795729,-0.023014896220348,-0.00384014825297987
2509,-0.0163337861577741,0.0204908095979331,0.00453608597905823,-0.00577284943852678
2510,-0.0148808149063197,0.0141378343041733,0.0150123625540497,0.0172157214174724
2511,-0.00236922788587588,0.00287539279018365,0.00158377068516887,0.00755893084743519
2512,-0.0288903889863099,0.0185825884728194,-0.0198390015966475,-0.0045008387386919
2513,-0.0177041855741248,0.0148443447255199,0.00595368894879423,-0.00576007176837597
2514,-0.0222931789639597,0.0109849370759617,-0.00477928910811464,0.00486642869707651
2515,-0.0152209811910164,0.0204777361614125,0.00684776627586733,0.0101622662167395
2516,-0.0146084965686908,0.0154375490510861,0.00236936605852716,0.00749536020663748
2517,-0.0184145038702194,-0.0117700930930169,-0.00197592249085612,0.0369449178493994
2518,-0.0181579866027445,0.0229489297588294,0.004748699497638,0.00183632114797648
2519,-0.0225659297457364,0.0119996911867029,-0.015964015071532,-0.00824585298082181
2520,-0.0201539748127326,0.0203752843589623,-0.000505235604357796,0.0183999840368735
2521,-0.013992480245308,-0.026424769751811,0.012318008871515,0.0352805454602131
2522,-0.0153618679586913,-0.0415038259426451,-6.18052466697142e-05,-0.0452628769631917
2523,-0.00732447426731249,-0.0328907202943781,-0.0019261778337507,-0.0243579776205059
2524,-0.0267764682956051,-0.00542907336094956,-0.0181666762558486,-0.013114889051123
2525,-0.0186791024343091,-0.0334353469085528,-0.0134343299947558,-0.00408790454836873
2526,-0.0150171524778324,-0.0384990385339769,-0.0125119486646923,-0.0109165725005882
2527,-0.0144815632796831,-0.0543784656841612,-0.0137068399057418,-0.0127561614406547
2528,-0.0121195780843797,-0.0559513313483431,-0.00378140406057404,-0.00976482103705647
2529,-0.00869707544508305,-0.000560712669712777,0.0253730868854707,-0.00539139345944444
2530,-0.0242272084194945,0.00727536278526792,-0.0205231232058473,0.000139043236947301
2531,-0.0165659007557456,0.0175485043710025,0.0142711325026054,-0.00705473697585206
2532,-0.0184626307461485,-0.010240188301161,0.00452453717953138,0.0143580471611845
2533,-0.00669503921916317,0.00701338162724891,0.0214048108396721,-0.0314523780936316
2534,-0.0135171174642095,-0.0293198812532668,0.0115017535680703,0.0294867410699991
2535,-0.0239674972859934,0.00383371079935908,-0.00782500991777458,0.0385924707009303
2536,-0.00410783379381003,0.0046483735967882,0.016883926559112,-0.0184403330150347
2537,-0.0105466930872439,0.00164670438483006,0.0336081712810127,-0.0114055273409783
2539,-0.00930544538138321,-0.0200684251778238,0.00784039641117262,-0.00266302847482178
2540,-0.012560433278539,-0.0211863406014999,0.00851089698091811,-0.0125757186649489
2541,-0.0207617595940646,-0.00953231316207023,0.00348159362467636,0.0295211915992051
2542,-0.0245038246985371,0.00911424389619742,-0.0177033341395821,-0.000540289242178713
2543,-0.0220777532810326,0.00706770969533253,-0.00193771038235436,0.00509706287124468
2544,-0.00994183036530696,0.0119918510572858,0.0166592194100706,-0.0292348380083911
2545,-0.0149224372666123,-0.0188904896536771,0.0132393950249642,0.00968202135138469
2546,-0.0186270580323117,-0.0219385632590055,-0.00120294031677862,0.0278037351774328
2547,-0.0115877804269668,-0.00710928535532607,0.0188358621281861,0.00901732979811442
2548,-0.0164856401523798,0.000108532329120942,0.0131983244772682,0.0157358797142808
2549,-0.0153849655913208,-0.0109584215906582,0.0174801352869456,-0.00451013098339227
2550,-0.00207488300489056,-0.00168080431492948,0.00608944483865309,-0.00079387766671575
2551,-0.00714220976768387,-0.0089990883813105,0.0210928292653149,0.0180829030126277
2552,-0.00997836799597528,-0.00181946923759401,0.0294235894190336,-0.0243959974632457
2553,-0.0181823634255679,-0.0271100202485306,-0.00576688665513592,0.034483856446787
2554,-0.00892787347046629,-0.0167169604607748,0.00674819456839685,0.0178068623162078
2555,-0.022568213596718,0.0080297420335038,-0.00582745449456344,0.0191141935602474
2556,-0.00217599864589002,0.00215309532915877,0.00189619125744132,0.00893326628417459
2557,-0.0297148826994265,0.0093159092715095,-0.0245494116692704,-0.00291737370516765
2558,-0.0325731968730669,0.0210855709877387,-0.0238062255280432,0.00537129056470325
2559,-0.026812801312328,0.0210193841530276,-0.0131791330488877,0.00244684592443399
2560,-0.0229078138237934,0.0076522056453144,0.00286359510359194,-0.0236597513460844
2561,-0.000763104260065846,0.00145658661732556,0.00134403638967915,-0.00115761770541504
2562,-0.00930745528673086,-0.0118508186054096,0.0185826377737147,0.0173790669657982
2563,-0.0078973861613333,-0.0200829892224287,0.0166682231620675,0.00311379677915224
2564,-9.13406912830571e-05,0.000787263794386938,0.000302581347448384,0.0015599233416317
2565,-0.000325634954219316,-0.00585456965170553,-0.00515603456413026,0.00494929227481997
2566,-0.023594287362906,0.0125806792853807,-0.0152168518030316,0.00269209599904441
2567,-0.014880469331624,0.022653934807041,0.00934575895786229,0.0448400349716376
2568,-0.0183600917326316,0.02284187921982,0.0153544328802687,-0.00417084013125401
2569,-0.00276381398624635,-0.0108977496686667,-0.0050997683933267,0.00802894345378051
2570,-0.0160717338672448,-0.0156974948071346,0.0202088145446598,0.027032405421817
2571,-0.000906570182519241,-0.00332596966300505,-0.000710985701225493,-0.00122036313512107
2572,-0.00801562115200698,-0.0271145669676247,0.000135856296182419,-0.0110413552842711
2573,-0.00263792215406047,-0.000145024613087536,0.0116982044010231,-0.000544710411177319
2574,-0.00737484629484268,-0.00505590775453549,0.0283215268896494,-0.00338497024147428
2575,-0.02143751715451,-0.00492457169539272,-0.00342013749254419,0.0209454984070671
2576,-0.0140501212883309,-0.0119594883037906,0.0237912635195485,-0.0189543242278988
2577,-0.0127784643650405,-0.010244568732236,0.0251184270433903,-0.0255905152558925
2578,-0.0153673712918109,-0.00231302386134539,0.026326422535378,-0.024951689629941
2579,-0.00450234679954896,-0.00433557054879376,0.00871786275120266,-0.00937804535928192
2580,-0.0140333055173493,-0.00340654493695403,0.0190486250389999,-0.0289579056502266
2581,-0.00187245305429951,-0.00193826431968981,-0.0046551044067305,-0.00720064956252863
2582,-0.00987050729116921,-0.00230887747592259,0.0272246074885469,0.00569960009450552
2583,-0.0138111132092935,0.00757510028713197,0.0273912066232601,-0.00742624330473837
2584,-0.0266915742048301,0.000704933907441142,-0.0147102858388742,-0.0299295455275443
2585,-0.0134851113504621,0.00131252998514754,0.0272270183305468,-0.0185265314764188
2586,-0.0103661317670793,-0.00301568074516727,0.0279991420202525,-0.0202826755827563
2587,-0.0295348069250424,0.0142092284482818,-0.023220108785514,-0.0132112832937946
2588,-0.0205171842700305,0.0160925278023659,-0.00522955173282197,-0.00194642483818919
2589,-0.0135682262847282,0.0124782989863008,0.0265404183202718,-0.0063132739836838
2590,-0.0177649913866482,0.0143847176498947,0.0111829935787059,0.0126891434091622
2591,-0.0269110245133976,0.0200098487162032,-0.0122803013004974,0.0101879980606913
2592,-0.0156910225662421,0.0104317058704414,0.019533712049867,0.0133944538991811
2593,-0.0285255763395286,0.0158588529857965,-0.0204976299737134,0.0127358155143584
2594,-0.00806729647188044,0.0106597778893229,0.024995179156331,0.00164999751671915
2595,-0.00612606146252732,0.00665144528896143,0.023613100644809,0.00497912820659768
2596,-0.00350218073843801,0.0069861588473898,0.0164867755648525,-0.00979232587772642
2597,-0.0145601918342402,-0.0173565685897806,0.0253027252202041,0.0289728311538821
2598,-0.0183081698633645,0.00948107714003263,0.00773230319569057,-0.0131846214673554
2599,-0.0200707557012552,0.0230801709710132,0.0119066669475576,0.00846129148158781
2600,-0.0316395513296104,0.0160823277437229,-0.0259591407647136,0.00312615621101694
2601,-0.0190668681825029,0.0214975015557335,-0.000850518773769961,0.00867240300845377
2602,-0.0144888457031535,0.0208120055837325,0.023396991670285,0.00089790470937329
2603,-0.00665518133369176,0.0101561718934866,0.0223982551049337,-0.0250677891776656
2604,-0.0124744021845618,0.0179130725525128,0.0225340314376664,-0.0179203480153767
2605,-0.00334395890932297,0.00171633733884868,0.00634239316814607,0.00310322976043985
2606,-0.0104198911911307,-0.00375041669553728,0.0273289673366135,-0.0383237101603352
2607,-0.000821650984873988,9.08853308346367e-06,0.00387104966126802,0.00228070938428381
2608,-0.0131647171529544,0.00993873686907214,0.0257508314152973,-0.00858406626591116
2609,-0.0131486767214981,-0.0313974624834466,0.0124375451378423,-0.000361616069598797
2610,-0.00219041441569202,-0.0015952283127428,0.00688767678781088,-0.0125979826162598
2611,-0.0133398315711604,0.0220545960407046,0.0217455029032539,-0.0149455308937857
2612,-0.00989379926916897,0.0119624531303943,0.0154154682700752,-0.00794662633322939
2613,-0.00787156824361439,0.00845697821652551,0.0138582420317703,-0.0185032212554717
2614,-0.00407712280934761,0.0130851361736341,0.0105896657137423,-0.0187422448458249
2615,-0.0239988839147176,-0.0135262482470207,-0.0139208865834381,-0.0136061751759166
2616,-0.0155279709818545,-0.0288890385597936,0.00602246160817239,0.013884714044915
2617,-0.000514029640571544,0.0011631392519673,0.00146987186341925,0.000855252709865904
2618,-0.0166784633917668,0.0200228033656832,0.0211764116514547,-0.00645284651221434
2619,-0.00248669959488167,-0.00429655413261788,0.0102648146523031,-0.00292980674232101
2620,-0.00427919502348741,-0.0148222361219514,-0.000557627380977556,0.00454581700989509
2621,-0.000176241570546185,-0.000617475277103947,-0.00119662145373468,-0.0018934425402678
2622,-0.0216892290130361,0.0219638335198059,-0.00623088967738745,-0.0106188034145663
2623,-0.0166621679770655,0.0188722038390198,0.00720558295257443,0.0140851926848678
2624,-0.0103140602429734,0.011290149585539,0.0203803871982549,0.0132585606319765
2625,-0.0165759132614309,-0.00707847511500658,0.00618812999395493,0.0180428330896986
2626,-0.00136789792469772,-0.00706939619858998,-0.000188834231596625,0.0044484199669422
2627,-0.002243201729158,0.00824791110432998,0.00776347666961591,0.00228013381417358
2628,-0.00389553140602195,-0.0113499812502715,0.00491342355820901,-0.00224862347881543
2629,-0.0083357456865114,-0.00639910995593711,0.0238606286776072,0.0133124018672636
2630,-0.00858742768453167,0.00327802012907829,0.0262788560390245,-0.0165252076650833
2631,-0.0193275901249578,-0.00261389249792747,0.00689876936499338,0.0140258488640862
2632,-0.00185894283933738,-0.00315856686246401,0.0058548948964775,-0.000461359107518246
2633,-0.00502229781383019,-0.00858016116232217,0.00817008575285864,0.00242176550738389
2634,-0.0207681231039775,0.0247424673059096,-0.00247528956056554,0.00262100183894065
2635,-0.0254954656481311,0.022792909190693,-0.00815360578950628,3.21576005464049e-05
2636,-0.0105935983012638,-0.0059764926279083,0.0212822718010901,0.0360758903841581
2637,-0.00757868814133905,-0.020430385200722,0.0063181723450083,0.00555117472497385
2638,-0.0132297750412778,-0.0148481391074189,0.0127463642921506,0.00769168122621096
2639,-0.000379910665339428,0.000872844357651332,0.00149631221800101,-0.000832083945160154
2640,-0.0193266179199056,0.001324748066851,0.011020143765643,0.00357210935912038
2641,-0.0076874684313612,-0.0380219332422711,-0.0067399543312342,-0.0165978201301121
2642,-0.0141743795950586,-0.0281419455206071,0.000500668577691261,-0.0359531021756108
2643,-0.00812211481398478,-0.0184941621240021,0.019577153962984,0.0037537273201102
2644,-0.00140410237731739,-0.00272490982264573,0.00485959569196534,-0.00250007675441751
2645,-0.0135458166919609,0.00636516483015417,0.0106556057858445,-0.00931945517773987
2646,-0.0197833693843952,-0.016050643804784,0.0046556616244768,0.0225918165810144
2647,-0.00472803182800026,-0.000530218978871554,0.0133630184964203,0.00859426826496043
2648,-0.00420570870838346,-0.00127544103644289,0.0134317312947978,0.00695686217993051
2649,-0.00292829845888661,-0.00108459193216012,0.00915198672216218,-0.00168216272356394
2650,-0.0136166825268464,0.0138319655734997,0.0118735023611697,0.0211264114505893
2651,-0.0229607336627247,-0.00279341928236152,-0.0096562908862447,-0.0181764468050965
2652,-0.0324920815917806,0.0140010226077331,-0.0282290890911861,0.00321528920375708
2653,-0.0179613352680972,-0.0423555707111421,-0.0193553741120889,-0.0095847303429924
2654,-0.0164899017451864,0.0204278800475514,0.0226370867873778,-0.00453296027539212
2655,-0.0217182512528993,0.0226725105846377,-0.00489726123440151,0.0196405727624152
2656,-0.013450469938109,-0.0125629614865365,0.012014517313204,-0.0086795276454078
2657,-0.0236056028017156,-0.00971380649181589,-0.0179210454759826,-0.0179009092120453
2658,-0.00683430955286893,-0.0113919402672233,0.0182755578760276,-0.012159089539925
2659,-0.0049707021939485,-0.0176567587214586,0.000308914958899298,0.00945419687004837
2660,-0.0197819254517559,-0.0187211850131592,-0.00718537761812332,0.0275107383206572
2661,-0.0201499706302875,0.0144509646321457,0.00961180536101874,-0.0193482047861069
2662,-0.00814384925698558,-0.00104056640553435,0.0332046272808176,-0.00883303221853804
2663,4.19585086824298e-05,0.000181022278133437,0.000290533006578489,0.000106986840004022
2664,-0.0195430616663654,-0.010518487936667,0.00284804575379304,0.0232693615096815
2665,-0.0283469098975639,0.00534086266828374,-0.0255469240399906,-0.00888109313285902
2666,-0.0279576597496579,0.018031213412566,-0.0209030156091013,-0.00292498181040244
2667,-0.00538454291410267,-0.012165505603262,0.00674979991126823,-0.00745148050152579
2668,-0.0139299017407711,-0.0192915465410456,0.0153208203783775,0.00823353817156856
2669,-0.0186628145724189,0.0128347084453638,0.0137110968319001,0.0156316813920545
2670,-0.00965707701500381,-0.00199436110416915,0.033379039821297,0.00954800477820181
2671,-0.0174760074275619,-0.00727723899193647,-0.00245846318363518,0.000237105042384331
2672,-0.0059776076099386,0.00380804360156955,0.0282944640830468,-0.00839790761537539
2673,-0.0168522436944666,0.0115408130829602,0.0252096338684577,-0.0251092390277848
2674,-0.0149462256784343,0.0125612990045897,0.0273867519843164,-0.0267901432843839
2675,-0.022862267052202,0.0245261177474453,-0.0058521536198768,0.00859955269640215
2676,-0.0175042363441456,0.0153777779141979,-0.00522132642640202,0.0294650520682064
2677,-0.022292429242175,-0.00429813420222639,-0.00943431026020594,0.0193819163868073
2678,-0.00950163838045715,-0.00777517261437875,0.023889577670607,0.00654629249612574
2679,-0.0116657617086827,-0.0264054731130799,0.0139686514680545,0.030866464630225
2680,-0.00733847950644616,0.000972871324325042,0.0183478651320616,-0.00480291068511596
2682,-0.0120385453801103,0.0197552700618373,0.0226006267544286,0.0185561970946936
2683,-0.0247948140886039,0.022407058394067,-0.00973418373019428,0.00418380268139983
2684,-0.0283800003881909,0.0103942530668765,-0.0249110216415303,0.00170078364647024
2685,-0.0217808979132575,-0.00782461193407481,-0.0091236794685572,0.0309427056159897
2686,-0.0023755640808992,0.000585829268467486,0.00809858847007194,-0.00492151679126204
2687,-0.0112888196486326,-0.00759226267382361,0.0039725206982455,0.00437508968778344
2688,-0.00706309899510684,-0.0150315023016396,0.00555770399097207,-0.00245105485847675
2689,-0.000331803653508089,0.00306035658420223,0.00390589550546245,-0.00261439304720468
2690,-0.00870906815215791,-0.014564642061275,0.00782928234205721,-0.014244992264367
2691,-0.00368430712496705,-0.0178503888118876,-0.00170798369430581,0.00505279471017525
2692,-0.0116233000594442,0.00558688901605472,0.0326344044089673,-0.0158424565117413
2693,-0.0161754964881938,-0.0103471676737066,0.0223150052751049,-0.0361173052572737
2694,-0.0142059851274858,0.0159022817785137,0.018384266821224,-0.0210242592810672
2695,-0.0209872317256014,0.0144321631624545,-0.00400553940882256,-0.0154520434955953
2696,-0.0120748060625685,0.00562819907871022,0.0212526637797046,-0.012637856648909
2697,-0.00920163940946414,0.00389200747089033,0.0181438047705871,-0.0082885589845641
2698,-0.00511136441142076,-0.0282779502025731,0.00501747865977898,-0.0048959469370954
2699,-0.0168192016196368,-0.0279174117394537,-0.00119028089577337,-0.0539263990842654
2700,-0.0144397274309672,0.0162531400640223,-5.35235276938253e-05,0.0202260640317761
2701,-0.0137183476443897,0.0124750744936805,0.0136793201323132,0.0268065037900535
2702,-0.0275658002728601,-0.00186518860438568,-0.0249831975776014,0.0210449549858113
2703,-0.000617888842866197,-0.00212911626253549,-0.00359254120190608,-0.000950235732792688
2704,-0.00207372538740124,-0.00422989992688537,0.0112019337848979,0.0091190056395259
2705,-0.0246112278055592,-0.00597364220665546,-0.0261927787640159,-0.00269202023118618
2706,-0.00345995095476931,0.000990916398058126,0.0149037462654052,0.00651549221178091
2707,-0.00179391448332474,-0.000306544358353816,0.00301809816562713,0.00434327218440388
2708,-0.0268014736671306,0.0147146058035999,-0.0186397274138715,0.0126864957005641
2709,-0.0261762754454671,0.0195220004577387,-0.0146060453169286,-0.00535870481661769
2710,-0.0269017565852138,-0.00349730295617908,-0.0220137485326138,0.00262054035280262
2711,-0.0307192920960099,0.0196297269185731,-0.0237921731787258,0.00224139058219773
2712,-0.0222902041640756,-0.0185512662646274,-0.0151204182962366,0.0102690543435075
2713,-0.0157854828726706,-0.0496445078209342,-0.0106740361483365,-0.00851213823045158
2714,-0.0253404125431633,-0.0032756011525902,-0.0197334106799077,-0.025232137408678
2715,-0.0233394478501623,0.003888081137909,-0.00864774488274827,-0.0316241965726487
2716,-0.00253022081280545,-0.0107056608431093,0.00283227225845897,-0.0075873113474001
2717,-0.0165440451910309,-0.0204538345354379,-0.00652586659642088,-0.0716322107433566
2718,-0.0111730334505473,-0.0510861373151119,-0.0114255192949358,-0.0204384370351578
2719,-0.0209829629951389,-0.00983687894676614,-0.0132022526028396,0.0154062709055915
2720,-0.0165092962552473,-0.0384473616733279,-0.0150750907683608,-0.0156422006697416
2721,-0.0139101722218482,-0.0175114648197534,0.0187999945165327,0.0161593795185601
2722,-0.017542900192687,-0.0258976030898612,-0.0032247276982276,0.0242678726469651
2723,-0.00173484748533081,-0.00832849478334676,0.00107159875984805,-0.00319335021598453
2724,-0.00727840024929701,-0.0105835091009358,0.00272897511562398,-0.00476238880138435
2725,-0.0142822405527272,-0.0448061313468732,-0.00861738541546916,-0.00183462464683067
2726,-0.00352658034599534,-0.00697260184408788,0.00404088922446334,0.000209282094900122
2727,-0.000337512132380193,0.00108056267308547,0.000349940080516474,0.00303840391159339
2728,-0.0150033277440302,-0.0486366473592019,-0.00712326764577509,-0.0331136330038957
2729,-0.0146031549777645,-0.0509236161944137,-0.00587638086418192,-0.0282857297475569
2730,-0.0144805744650211,-0.0488356858306515,-0.00642681231796664,-0.035647806943434
2731,-0.0124831885759924,-0.0271613515482599,0.0150700620495627,0.00561831535877123
2732,-0.0114475312737161,-0.0355858722883787,0.0117011318210754,-0.0172051264006597
2733,-0.0130895548531919,-0.0494928602709576,0.000624649899602275,-0.0389950827606744
2734,-0.021695969139494,-0.00585966260577123,-0.00259496997854428,0.00187105716201886
2735,-0.0184569902539195,0.0123666271214395,0.0059148671248074,0.0331919138269529
2736,-0.0160725680437273,-0.0287405159552437,-0.00123721281264646,0.0368774056502089
2737,-0.0283387744787849,0.0116939227173872,-0.0181626105841349,-0.0144800459721783
2738,-0.00784661811869039,-0.0149859714595717,0.0111343219541957,0.00512558332114076
2739,-0.0208513194860107,-0.0175064998396829,-0.00502702018202391,-0.0166235155895446
2740,-0.0283307898328565,0.0142882710951985,-0.0192529652018207,-0.013297646730084
2741,-0.0265376752622426,0.0104138318899017,-0.012473345619759,-0.0230074802276949
2742,-0.0278178910735579,0.0134755313240559,-0.017890058441336,-0.0101700100453852
2743,-0.0144356325921944,0.0142918756737006,0.00866315430146911,0.0149390220760829
2744,-0.0258659309875973,0.00321856586358697,-0.0168234539735279,-0.0290619543409896
2745,-0.0186696804540462,-0.0230669632323491,-0.00196939302378679,-0.0276982042938126
2746,-0.01054516722463,0.0114556961352543,0.0230031223430644,0.0237262454517264
2747,-0.00219534732497287,-0.0020529893909207,0.0114210729311134,0.00150558188226424
2748,-0.0173721360350915,0.00117746884329507,0.012039244518442,-0.00875116875889923
2749,-0.0307629041954758,0.013647410123064,-0.0242290656531877,-0.00293006846026088
2750,-0.00225557468332171,-0.00425971995354943,0.00573885623032607,0.00150943182086253
2751,-0.0174062745067973,0.0186694736471785,0.0077435993036284,0.0232733605190983
2752,-0.00215405992641509,-0.00081582416028225,0.0037245801100423,-0.00336243692995855
2753,-0.00464730091389928,-0.0061134811188196,0.00506258225239859,0.00856613268300397
2754,-0.00231590867958228,-0.00601622500997099,0.00227725605611237,-0.00411177841995949
2755,-0.00867230583726127,0.00712017006086503,0.00956851846666497,0.00172972868511318
2756,-0.0256035066473397,-0.00563133304523626,-0.0251065249986365,0.0213747134860187
2757,-0.0182370868007784,-0.0227333610586852,0.00557420324956465,-0.00820097617583612
2758,-0.0266156284283821,0.00761894117789188,-0.0222492235295069,-0.0120315575780106
2759,-0.0141374579691477,-0.0474265009755434,-0.00958571656974458,0.00418551832023904
2760,-0.0159613692685662,-0.0417792218414883,-0.00480028474099165,-0.00673451302580281
2761,-0.0249149718049813,-0.00765468836929297,-0.0219853219620658,-0.00468677523820157
2762,-0.0149880191182526,-0.0410475938778737,-0.00346394704504465,0.000281114495255246
2763,-0.021400111750613,-0.0244477115601996,-0.0144316533760005,0.00380300014029963
2764,-0.0076658161937491,0.00342045288296758,0.0232132011349189,-0.00143422751583782
2765,-0.0119064090266415,0.0141993283805527,0.0173929084855153,0.0498928798029663
2766,-0.0231951975629319,0.00903234349625796,-0.021472519076583,-0.00491517395414371
2767,-0.00983285831687732,0.00448449883915942,0.0133305940946659,0.0436971400902091
2768,-0.0107429393505244,0.0094986363928218,0.0166710211030017,0.00782078938701826
2769,-0.00489022046699601,-0.00217181433047907,0.00622494281146564,0.0107687375191312
2770,-0.00486520444120551,-0.0116327722727393,0.00599796227937337,-0.0220838157285553
2771,-0.00627126118624507,-0.00404481053928353,0.0254172148721658,-0.0127160851455683
2772,-0.0163667485494687,-0.0371761944943515,-0.000796314458517149,-0.023208496294009
2773,-0.00263327818274427,-0.00496846270333554,0.00306650016144784,-0.0166273885469956
2774,-0.0243657929345054,0.0133950343279479,-0.015044280004968,-0.0109572136912685
2775,-0.014799854531633,0.0129868161361707,0.00802910283264422,-0.0151988064349059
2776,-0.027298281251478,0.0135724047574747,-0.0221806196156337,-0.00208985665302547
2777,-0.0139307940085907,-0.039702493269366,0.000523044122965822,0.0189726720290363
2778,-0.0217012723255567,0.0194242073708306,0.00719318015357449,-0.00968968318242991
2779,-0.0187386882000124,0.020136811256462,0.0134797165396021,-0.0140605192642328
2780,-0.0232645409647554,0.0171923196676608,-0.00182656750669856,-0.0193661577269623
2781,-0.00770032882861782,0.0013307917581621,0.0254661322597049,-0.00914485516356684
2782,-0.0230669266100517,0.0110582402878197,-0.000257964115524213,-0.0299028920003292
2783,-0.00372381254757025,-0.00729870678934809,0.00834977272419448,0.00489940219236545
2784,-0.0140881111928585,0.0211720190288623,0.00423768207559112,-0.011428151440461
2785,-0.0143919567527541,0.00207998150579601,0.0118304192002922,0.0688751045517607
2786,-0.0306946362993157,0.00727118358271284,-0.0310725198748517,-0.00200909171443827
2787,-0.00369500452671005,-0.00995882788340293,0.00119453424034795,0.00587434939308362
2788,-0.00107197366001754,-0.00201606421610831,0.0028222342220043,0.0038767759005377
2789,-0.0250571563294882,0.00235562986172547,-6.21517686610425e-05,-0.0411746791261889
2790,-0.000708817397754367,-0.000394022554433129,0.00138359045768445,-0.00147872841280717
2791,-0.00573797400141754,-0.0187291949070846,0.00606261325522667,-0.00571258454663587
2792,-0.00215522955228244,6.81650883598006e-05,-0.000802020639461065,0.0146519807987004
2793,-0.0146153749102072,0.0159523215298042,0.00848641055607654,0.0273767165682538
2794,-0.0240049836095731,0.0264888903747565,-0.00780659360779766,0.00930314644452408
2795,-0.0297646372737815,0.00821516231752368,-0.0270476537941919,0.00699913761426762
2796,-0.0255174769476931,-0.0117584104494794,-0.0258960217549076,0.00183207789004743
2797,-0.0117567223809191,-0.0312114410439396,-0.000104898265883812,0.0153730141698781
2798,-0.00723793624409355,-0.0254411129683829,0.0002776133174163,0.0034210693087538
2799,-0.0149388388260342,-0.0391266936110383,-0.00816580391057616,0.0100947786527885
2800,-0.00425897009278061,-0.0110104804360924,-0.00623383251569365,-0.00611767385296259
2801,-0.011871352592683,-0.00709835447969081,0.0309970436512061,-0.021259590049082
2802,-0.0114052848743567,-0.00800685830747995,0.0313720313262572,0.00377324653878678
2803,-0.0185112933389017,0.00307520534880681,0.00977463513761059,-0.0047663441191644
2804,-0.0218234334298158,0.0210346875504347,-0.00123848571830601,-0.00561873983466215
2805,-0.00997012182368723,0.00831382251714341,0.0382619362560525,-0.0151168166293757
2806,-0.0204380529488573,0.00449853174492372,0.00216904851342322,-0.0312776567726375
2807,-0.0223044242150645,-0.0207043822971096,-0.0177203761018321,0.00145161280059184
2808,-0.0226698635551003,0.0116835206006022,-0.00295534818904413,-0.0126359637547564
2809,-0.00774908502385198,0.000977364233558856,0.0354620925916275,-0.0153359960515412
2810,-0.0196476328175589,-0.0421060612780736,-0.0157014049920564,-0.0320820124318464
2811,-0.0110057071230084,0.000104550756344205,0.0218527097790867,-0.0210045472431057
2812,-0.00791067505364618,-0.0160277817106155,0.01261683482749,-0.00151085261859045
2813,-0.00125722436150338,0.00184164993361227,0.00643508010494911,-0.00224997696659165
2814,-0.000946573394138156,-0.00103698376103336,0.000615883413595062,0.00117752436497456
2815,-0.0176491248675804,-0.0264852654549144,0.00797651741410677,-0.0248158019239132
2816,-0.0173910172045781,0.000205023053141491,0.0138561664456186,-0.0206614509824924
2817,-0.0180918100726843,-0.0393868543896934,-0.00477633354438228,-0.0476082914545477
2818,-0.00818423900792685,-0.00152471495411189,0.0286407499927352,-0.0106933319379618
2819,-0.0209760366127962,0.00892500587700318,-0.000174840633956172,-0.0268128828353964
2820,-0.0233523847978123,0.0243443850335003,-0.00873335875868468,-0.0093749000910313
2821,-0.0220594523141231,0.00740931937207577,0.0105583392047976,-0.0207255186549974
2822,-0.0258589756878366,-0.0128592391036979,-0.0180802862800268,-0.0148613620157461
2823,-0.0173636050415857,-0.00551469020713783,0.00973795948130377,-0.00797777022468627
2824,-0.0289078464556112,0.00385387135144175,-0.0257360654948284,-0.00290328549760377
2825,-0.0162769588897197,-0.0468424590066001,-0.00718477851056643,-0.00529271966028998
2826,-0.0283314478868857,0.0198350079225512,-0.0179871883502163,0.00362331216998901
2827,-0.0196159608230679,-0.000490095342074734,0.00421587399855447,0.0102602184166612
2828,-0.00793669989032238,0.00362892285856014,0.0214889441653966,0.00699178057353035
2829,-0.00591969726887322,-0.00322505048206273,0.0181825219615399,0.00886610255789789
2830,-0.00567666814735048,0.00521710465316022,0.0234505946302889,-0.01022899857072
2831,-0.0280460061758034,0.0131243402866636,-0.0173337438560775,0.0160575008857758
2832,-0.0125645797919947,-0.0142215874219111,0.0274918636187006,0.0101947499803097
2833,-0.0152313452844057,-0.0230527150471235,0.0187801996789146,0.00515933423079831
2834,-0.00423323171654868,-0.0130805660697099,0.00558172433866439,0.00113722805023622
2835,-0.00940419438043054,-0.00465828601883906,0.0240922839999176,0.00834678330720927
2836,-0.01130756786073,-0.0306463510366015,0.0101876521302624,-0.0156316265320544
2837,-0.00652090104538081,0.000334584006741666,0.0170040676718483,0.00693954180053995
2838,-0.0173915374456099,0.000709802440880901,0.000255375107174855,0.0396578810048119
2839,-0.0273739789540365,0.0214459756480536,-0.0146327963895722,-0.00576075741240988
2840,-0.0217943214285927,0.0214481498415927,-0.00680547979999714,0.00603663491996286
2841,-0.0106110249471639,0.00916478325758489,0.00969885713145647,-0.00110580329022207
2842,-0.015582595906006,-0.0285910187518129,-0.0101840569164232,0.013337722053948
2843,-0.00261948390081261,-0.0032459060294468,0.0123905959395945,0.00087470991818403
2844,-0.00153106507993698,-0.00451544064258656,0.00269467142166029,0.000443488700193688
2845,-0.00282613519954819,-0.00782464479456145,0.00759365275503492,-0.00867746700621145
2846,-0.0266304588413434,0.0060633208168854,-0.0210292883633674,0.0166851186592176
2847,-0.0230012020534515,-0.00861696227705329,-0.00253464837877134,-0.021513282849968
2848,-0.0250670784444531,-0.00358812349473805,-0.015180991969177,-0.0365190770754077
2849,-0.012634478993127,0.00677881261522077,0.026836623654944,-0.0138626249850096
2850,-0.00933848860927772,0.00539471288293369,0.027204005523449,-0.0175175181511253
2851,-0.00147857574171973,-0.00428094967676761,0.0031727742861915,6.47243499680833e-05
2852,-0.0207893758839833,-0.00739208077301342,-0.000972933493945902,-0.0245589418062057
2853,-0.0188706711572478,-0.0305701514293119,-0.0133502175334689,0.00645029472501351
2854,-0.0238880433463432,-0.00995211614510656,-0.0166563527764519,0.0211416879315152
2855,-0.0151100451234816,-0.0327452556562638,0.0076954937855699,0.00975338837653889
2856,-0.0239228216275907,0.00711314656256516,-0.0173110833444608,-0.018054504024191
2857,-0.0218289259993644,-0.00245771428095793,0.00124846986358504,0.0393120938136343
2858,-0.0272825302521377,0.00675271753701762,-0.0233165837757284,0.0160002501579299
2859,-0.00924181275326601,-0.0127756352360323,0.0159095687585776,0.0224792885073839
2860,-0.0240900337972097,-0.00856438835613656,-0.0160051097042606,-0.0179735672144458
2861,-0.0128118281413009,-0.0466908606209209,0.000532812998395784,-0.0292354713766954
2862,-0.0164405151949514,-0.0262041220162989,0.00739331377977233,0.0116706962281544
2863,-0.0147609423238504,-0.0467981655353739,-0.00591576902097681,0.00187372452929369
2864,-0.020488368256999,-0.0081131028422595,-0.00682255579629101,0.0459827672536952
2865,-0.0203564176991584,-0.0121885368442953,-0.00359310307024959,0.0516014394005266
2866,-0.0260214164378677,0.0190650957379663,-0.0157583282613633,-0.00748368908978474
2867,-0.023986010856688,0.0245532044863867,-0.0105717365712311,-0.00173662999801597
2868,-0.0245700596994659,-0.0130558919153881,-0.0252540994571546,0.0205453139470486
2869,-0.00106024557469416,-0.00581837246851153,-0.00312596980440205,-0.00290159803086709
2870,-0.000217242828286729,-0.000113817017797891,0.000622969222664514,-0.000290214940460228
2871,-0.0172129727959088,-0.0236527429683452,0.00904438633177937,-0.0230071917980766
2872,-0.022066428271936,0.0138896482705467,0.00293901463704002,0.00838363296116698
2873,-0.0246471620366873,-0.0114969718603383,-0.0167576349442575,-0.00973692556307975
2874,-0.0208681747394848,-0.0357951112800309,-0.0160834068359444,-0.0225142951457958
2875,-0.0181812477376277,-0.0399520199266965,-0.00686323747104074,0.0127183045852692
2876,-0.0195882710355157,-0.0343539651471682,-0.0173672718686885,-0.0432415416000066
2877,-0.00714501705945828,-0.0176779928988579,-0.00264064971208508,-0.0130976254923382
2878,-0.0166561473148514,-0.0389678519912666,-0.012224082414537,-0.00673895674359948
2879,-0.0173704466074374,-0.0285828701871663,-0.00288301492716161,0.0247936422718094
2880,-0.0272449127036014,-0.00865215739195772,-0.0247253698005663,-0.00166719171778396
2881,-0.0175551686050407,-0.0385428751113427,-0.00223338627393435,-0.0142569432576581
2882,-0.0183672127973788,-0.0367137944976583,-0.012035397059154,-0.00788622976221917
2883,-0.0269053462284764,0.0112105805350729,-0.0160763083864535,0.0188603768191685
2884,-0.0173949065627552,-0.0222225694128588,-0.00918554248511649,0.0135988165886379
2885,-0.0252300634537815,0.00514370795107921,-0.013777928223622,0.0276588982478437
2886,-0.027588678381561,0.0199601366394785,-0.0201243623090621,0.00515772563064999
2887,-0.0246239580427346,0.0103472448367928,-0.00763640648664094,0.00882152516563867
2888,-0.0109150145765017,-0.00910289161364771,0.0272833652542852,0.0163829325314787
2889,-0.027663942550322,0.00914141399695101,-0.0234765028959977,-0.00636332698257989
2890,-0.0265266892516403,0.0152568294249932,-0.0137613167941821,0.0207306311162677
2891,-0.00974396295869567,-0.0202058205730623,0.0115056191712305,0.0130964326274912
2892,-0.0233127740429664,0.0252249592374517,-0.00212323161017127,0.00325520171834222
2893,-0.0267481336936956,0.00961364438437099,-0.0216799378965415,0.00282436341369627
2894,-0.0131473524755305,-0.0126706256516819,0.0264211019097449,0.0309213488461208
2895,-0.0102437054775805,-0.0314747563710725,0.0168404281361316,0.0197421784113544
2896,-0.0191749540808363,-0.0158263344332604,4.9613449546985e-05,0.0382626346398813
2897,-0.0148963675741454,-0.0199913329203857,0.0131264010978828,0.027249079783773
2898,-0.0181241793148946,0.0237087270286712,-0.000501971513121438,-0.00227417248967495
2899,-0.031461406996204,0.0172636679573688,-0.0246168463058654,0.00347026917023365
2900,-0.0136599801040141,-0.00554016591971583,-0.00682438488326887,0.0312840012325209
2901,-0.00219841665691373,-0.0086943739988862,-0.00554914244802508,-0.000827696135884457
2902,-0.0155798763790728,-0.0191114042203303,0.00510410485692098,0.00398975760484397
2903,-0.0140711856190748,-0.0192965506821328,-0.00177498746000423,0.0500361488586538
2904,-0.00018698364804739,-0.000248259258079615,5.0963402908841e-06,-0.00118089140574732
2905,-0.0115212348663946,0.0076517460417126,0.0391542124316214,-6.3214422302898e-05
2906,-0.00262806004247614,-0.00194482345911144,0.00023555967844125,-0.00856550450173539
2907,-0.0089752140599145,-0.0167055184469425,0.0167441601319314,-0.0280117873531106
2908,-0.000347520519875783,-0.000529688868852248,0.000672345924574657,0.000765630380301441
2909,-0.00268569275077895,-0.00781137734046427,-0.00424966998116146,0.0117439707604614
2910,-0.019330751381812,-0.0166862967742406,-0.0185785223724051,0.0390248952006401
2912,-0.014356233442957,-0.0219166051944784,0.0111364418096109,0.0109590559627586
2913,-0.00649745115711645,-0.020197495552719,0.00373022057720942,-6.19658003502241e-05
2914,-0.0229858589341302,-0.00976728571896373,-0.0218038470574682,0.00737968800367102
2915,-0.0113107706891779,-0.00257509657634103,0.0202039237211252,0.00637481664150991
2917,-0.01284188234162,-0.0317347223723016,0.0119913400629526,0.00431336799915808
2918,-0.0125542805524247,-0.0286506967622857,-0.00249112483114026,-0.0376204745660002
2919,-0.0154798367897989,-0.0506348180397904,-0.00977625845378641,-0.0332777810364464
2920,-0.0199991720228772,-0.0236125864440923,-0.0051360415264395,0.0240188106309403
2922,-0.00855329889610335,-0.00870158898314772,0.0162724089973012,-0.0222495772514292
2923,-0.0129082621999511,-0.00924469662097881,0.0242744668675874,0.0229346651932585
2924,-0.005539415359932,-0.0133540636637284,0.0139759603297146,0.003306840970785
2925,-0.00286411464243174,-0.0124261357694171,-0.000938394643354606,-0.00842330737283971
2926,-0.011293337231056,-0.0203210750145603,0.021092104056124,0.0071277496076259
2927,-0.0173278493399293,-0.0109370739080476,0.0132565832516807,0.00728807853756267
2928,-0.00816717973010694,-0.0292975105214815,8.25252587150395e-05,-0.0276428686742099
2929,-0.0093180387868399,-0.0193896243008607,0.0201850593250254,0.0109906715761769
2930,-0.0228676559244667,0.00222351164110723,-0.0133879891638965,0.0131779718447152
2931,-0.0187300538688186,0.0254194737203273,0.00208117639587157,-0.0121916261513326
2932,-0.0306791515626081,0.0260732818306004,-0.0202097206801959,0.00617011554102695
2933,-0.0283469427763431,0.0128775856373899,-0.0244118239435286,0.0196103291873065
2934,-0.00339588825199557,-0.00114831930177619,-0.00414484488759815,-0.00482767656389043
2935,-0.00971626132285712,-0.0229822927599297,0.000816080439734327,-0.00792283946404953
2937,-0.0209128035959082,-0.0292390322633379,-0.014855152820193,0.00826117161114183
2938,-0.0223759964432687,0.0108671624157346,-0.00552550043892444,-0.0284751573517472
2940,-0.0230943277952731,0.0151909344483434,-0.00744038408563769,0.023432600399065
2941,-0.0198031333160463,0.0265515314055751,-0.00463679478432248,0.00372543304529903
2942,-0.0222843411723635,0.0114605870541343,-0.0102449252349971,0.0177673769254891
2943,-0.0138813936550134,-0.0259797585524993,0.0111480176113415,-0.00191795126303941
2944,-0.0264557072649576,0.0216439507260278,-0.00589989358162111,0.00761538711646126
2945,-0.0287264015868712,0.00316219989419018,-0.0322755931386154,0.00193384393212226
2946,-0.00530274710508594,-0.00794608359623079,0.0079782491046782,0.0254360863795573
2947,-0.0016580434629969,-0.000501498616229436,0.00202071679234822,-0.00568801730297337
2948,-0.0222445217963547,-0.0127297717668388,-0.0240507398941925,0.0120801519582616
2949,-0.000915498891470122,0.00302882298222891,0.00791158739803535,0.00385449486932425
2950,-0.0106020294416005,0.00154276501498226,0.0306764327693908,-0.0173551010238079
2951,-0.00139128646338756,-0.00113440248978388,0.00341340066495734,0.00475254451857965
2952,-0.0163627451734484,-0.0329475199691056,-0.00235255665499587,0.0200696622764217
2953,-0.0256617190099308,-0.0017640946335428,-0.0209312567240404,-0.0101464302274488
2954,-0.0201946659759731,-0.0158823909640266,-0.00963538823441828,0.00980746100437396
2955,-0.0100753650036719,-0.0324661059561404,-0.000699050832223298,-0.00726587268214809
2956,-0.00107963158217699,-0.00255006058742784,-0.00616578447384414,-0.00422670608630644
2957,-0.020598699598341,0.017248149155575,0.00570155469249242,-0.00809849660957119
2958,-0.0256782776470332,0.0126277545099362,-0.0177285792272749,0.00366716799187062
2959,-0.0277696178941519,0.0132288705867245,-0.0208074152646479,-0.00116465456070694
2960,-0.0255470522334529,0.00541033459459429,-0.0212567089400546,0.0108874925145544
2961,-0.0165149458707867,0.0170965241749944,0.00638799683176074,-0.0100199103003152
2962,-0.0264333391983332,0.0188725199097019,-0.00617850946104399,0.0131529347354923
2963,-0.0197814693558755,-0.000788273343159762,-0.00752038732599676,0.0465610849065894
2964,-0.0108099383733421,0.0163328593775681,0.0152211460100426,-0.00721018447423394
2965,-0.0191121956795669,-0.0152461323043741,0.0101388289563306,-0.0213121549142574
2966,-0.0143502733813514,-0.043216456968889,-0.0125891624853885,-0.0176250655701391
2967,-0.0147356144853464,-0.0172189102380101,-0.00489041176794988,0.0183581184392245
2969,-0.022638786746113,0.00451767351855998,-0.0147650196153575,0.0319945297600129
2970,-0.0256676699161501,0.0166683204812867,-0.0183352103848325,0.00902240093771084
2971,-0.000739907464738261,-0.000461362025218469,0.00150224174630268,-0.00134107420244964
2972,-0.0101810086242905,-0.0213922935718559,-0.00953481524181141,0.0091986704645718
2973,-0.0242885142384562,0.00874233640931828,-0.0118450141529236,0.0171772054468766
2974,-0.0100332634514377,0.015042683017554,0.0115143978403311,-0.0208651237816559
2975,-0.00431424542025558,-0.0129431913846448,0.00730520570149597,-0.00537242779134323
2976,-0.0175160777417301,-0.0140786534245677,-0.00387455040359719,0.0382149195125029
2977,-0.0255003884709464,-0.0136928531705678,-0.0169203220456354,-0.0216924006105261
2978,-0.0183595492010234,0.012160910980791,0.0176498251525845,-0.0111353734694533
2979,-0.024988268079061,-0.0097374136304702,-0.0147302081131721,0.0124524471762668
2980,-0.0144708859736738,-0.0325683908829456,-9.25314011856312e-05,-0.00528865903825181
2981,-0.0170458598985457,-0.0408422359956405,-0.00904779683029487,-0.00367654920512208
2982,-0.0206160854760623,-0.0260564523648029,-0.0167290870050486,0.000110658833470524
2984,-0.0270720857014046,0.0166042895669143,-0.0179230481072887,0.00858986802465701
2985,-0.0212433245161775,-0.0119373695471434,-0.00519261230791515,-0.00796684484048709
2986,-0.000487191417819985,-0.00197134884918141,0.00107144645660188,0.00186374864007333
2987,-0.0181305453619061,0.00677314871403622,0.00864021828936397,0.0281242731685758
2988,-0.000569634267861422,-0.00378950495332314,-0.00421674155241121,0.00112935740972213
2989,-0.0138022990417901,0.0126875659420139,0.0159124196426906,-0.0372745181088322
2991,-0.0282593594870624,0.0153653483418654,-0.0203827277381189,-0.000884829036369041
2992,-0.0134512022726035,-0.0271821207877714,0.0126095333819606,0.0151228229591119
2994,-0.020165204269156,0.00576173038286541,0.0141934030988364,-0.0254018852791563
2995,-0.0176892154884776,-0.00317891977494218,0.00664599495853804,0.0224261642758876
2996,-0.00558773101378512,-0.0196479166335794,-0.0102435963968433,-0.000883253357016407
2997,-0.00135945689848405,-0.00281365444629115,0.00135967665818308,-0.00738053714171239
2998,-0.013632681213859,-0.0273227378266886,0.00687077362666351,0.013765467675259
2999,-0.0105335475665725,-0.00989730077903369,0.020471522639639,-0.000314109044433254
3000,-0.0228198143018756,0.0191442881074948,-0.00551257428337383,0.0125749497562726
3002,-0.00962817791860457,-0.0305425764736279,0.00411725228024365,-0.00748391491965094
3003,-0.0085466638821587,-0.0166728021438008,0.0131897095169963,-0.0111840634644005
3004,-0.00788352696752655,-0.0281128605641828,-4.36004339654421e-05,-0.00456221819916015
3005,-0.014519689869148,-0.045882708366436,-0.0158175723403785,-0.0176891660901788
3006,-0.0140183477920094,0.0174053170920135,0.0148206111209515,0.00951986817330134
3007,4.19585086824298e-05,0.000181022278133437,0.000290533006578489,0.000106986840004022
3009,-0.0149158773924895,-0.0297642017953973,0.0116879265311185,-0.0150795043636975
3010,-0.00124687534290895,-0.00407649408403916,0.00261002544307006,-0.00203700771006029
3011,-0.00291161289417271,-0.000231171138453691,-0.00183699868519871,0.0136951499531606
3012,-0.0109744483541794,-0.0169406139072041,0.0313842445418258,-0.00710976973193016
3013,-0.00102037181009369,0.00392682505175733,0.0030460971863411,-0.00670994038948963
3014,-0.000297979790341204,-0.00110858000302199,0.000355155894054218,0.0011763384885523
3015,-0.0171810448978159,0.0096607437833286,-0.00777252604238148,0.0115189824987585
3016,-0.00615843658647735,-0.00224413166889651,0.000219529955989865,0.0047127300204278
3017,-0.0094138011918972,-0.0121692895615402,0.0050715868418388,0.0088919246252044
3018,-0.00896557695495979,-0.0184901872834008,0.00353983398475296,0.0108402407371913
3019,-0.00261327951921269,-0.00760536177003377,0.00358888108837519,0.00197620752171184
3020,-0.0111014196946373,0.013191347953149,0.0305710423554842,-0.00250320562379857
3021,-0.021298124138349,-0.0056137081676632,-0.00381918556036325,0.0296400754591815
3023,-0.0272311574631374,0.00532409191647916,-0.0172307033978805,0.0165823646153891
3024,-0.0199803605888728,0.0158030251197624,0.0038891827158108,0.0244993940217219
3025,-0.0112892300640321,0.010858226862217,0.022189007797236,0.0246423694593072
3026,-0.0187717582618532,0.0201859014899236,0.0150733136559169,0.00292983218886295
3027,-0.0239554394413175,0.0142202421108049,-0.0128198288435643,0.0143038799701293
3028,-0.0206873538326489,-0.00784527619918505,-0.0101379556573317,0.0182145894654043
3029,-0.0253087779606776,0.0205065186214752,-0.00661513479185316,0.0232028239942671
3030,-0.0264056861667332,0.0173011820501773,-0.0180617789038966,-0.0115776770058796
3031,-0.0160342664816333,0.0109132852449378,0.0166191846737067,-0.0122418403463263
3032,-0.0256271958534761,0.0163725289034546,-0.0114718617214391,0.0181133242063855
3033,-0.0271888476340308,0.0229662886183129,-0.0161432298834267,0.000991493370147809
3034,-0.0182502893274054,0.0223459154791914,0.00663915189426276,0.0110269464864434
3035,-0.0145891887426774,0.00172372206059632,0.0159496839536052,0.00989320825510548
3036,-0.0198495201967275,0.0194100188693434,0.00979337380890809,0.0146211825009731
3037,-0.0211620385751879,-0.0129570267962805,-0.013039285995325,0.0325001862464154
3038,-0.0206050899087572,0.00538714972758823,0.0101605683502516,0.016349187444589
3039,-0.0170757826351245,-0.00653279640651571,0.0117041060822633,-0.00647073826832247
3040,-0.0236129026105252,0.0144909917412633,-0.0152293446203918,-0.00423574503700274
3041,-0.0174969560118898,0.00511624326471077,0.0159563195615879,-0.00755454977379523
3042,-0.0237089707856736,-0.00434373571968405,-0.0049987057228187,-0.0463727126315176
3043,-0.0189076119679899,-0.023982920872067,-0.00608491940711972,-0.0292459935610409
3044,-0.0245964125207807,0.00615999002264847,-0.0168456417630811,-0.0262685271957249
3045,-0.0063867632144433,0.0112518867233709,0.0276411472923871,0.001919598931885
3046,-0.0191488693756969,0.019025521569507,0.00860211289233288,0.0123060755463924
3047,-0.0169758979523618,0.0155670334097649,0.0205313661749579,0.022212277022512
3048,-0.0246678527798875,0.0100016469971386,-0.00228425065377181,0.0273307040480664
3049,-0.0153938272728606,-0.020540645127808,0.00816168834051608,-0.0185476058694694
3050,-0.0185622637305281,0.0210860869031621,0.000743958066560345,-0.00195701316662294
3051,-0.0203169400091262,0.014228539995933,0.00201690143521558,-0.00394723068805615
3052,-0.0141840211306697,0.00259968231977479,0.0223622625020204,-0.0464386857091945
3053,-0.0119853725211066,0.00517016193060552,0.00488936442356133,-0.0160224208872474
3056,-0.0117989376951419,-0.0369640063066358,-0.000749643307363956,0.0213481186807575
3057,-0.00469835568644038,-0.0137991229328695,-0.00190318055573645,0.00840665179305584
3058,-0.00647606077615327,-0.0225001428171292,0.00711052111152163,0.00198186844435815
3059,-0.0120510474879749,-0.0327456207007689,0.00419117795686345,-0.0214195635301174
3060,-0.0194595423990781,0.019989027039963,0.00143385945828241,-0.000898514155767844
3061,-0.00708839577394974,0.0101461919868899,0.0176893458155606,0.018766741484925
3062,-0.014560506625183,0.00381401076506263,0.001938105814508,0.00526589037067957
3063,-0.000888222180284709,-0.00685207940415837,-0.00239350394517212,0.010388873446709
3064,-0.00876537978425235,-0.0269207022414705,-0.0108023808796457,0.0109408129643934
3065,3.03494594053242e-05,0.00099934223740657,-0.00287371939213864,-0.00450263537996246
3067,-0.000331803653508089,0.00306035658420223,0.00390589550546245,-0.00261439304720468
3068,-0.003646086295587,-0.00907701998837864,0.00943000250151872,-0.0042043729622165
3071,-0.0216201439422276,-0.00799394313304885,-0.00467413957893293,0.0330056203250877
3073,-0.0257018975016497,0.0128603025229472,-0.0170332338223636,-9.0638463136052e-06
3074,-0.0120684872430665,0.00778304688400334,0.0114842906705193,0.0318493011452104
3075,-0.0209913334359414,0.0228039452969571,0.00241381357713272,-0.0215923097728046
3076,-0.0242889576882786,0.0251198707126069,-0.0105432624468965,0.00282593523464936
3077,-0.0128779382188534,-0.0189403976772348,-0.0108892357890281,0.010790413806032
3078,-0.00136407901061244,0.00211320004941366,-0.00246830105321254,-0.00320500549176919
3079,-0.01221201796295,-0.0326980041276399,-0.000315944787172266,-0.00283520283819034
3080,-0.00203732826828183,-0.00436389107460426,0.00501022976618642,-0.00126789550060547
3081,-0.00971322208581235,-0.037763878365809,0.00264204762059407,-0.00428105208281854
3082,-0.0225932771456787,-0.0305134262646307,-0.0198532710428648,-0.00828540604782971
3083,-0.0172405743441568,-0.0100866166066997,-0.000276737603661031,0.0210178705981667
3084,-0.0109658601447093,-0.0229507288834677,0.00176182576600228,0.0021136758753211
3085,-0.0159916688959725,-0.0285762845802753,0.00607386071852055,-0.0283038946389356
3086,-0.012978958896358,-0.0284781380131255,0.0127466675542356,-0.0237316741287147
3088,-0.00530513161483269,-0.00575800167159825,0.0154484635008513,0.00327260105394687
3089,-0.000255649733955436,-0.000662177135817389,1.04826030577394e-05,-0.00103585758800489
3091,-0.0181159792702955,0.0241077148526887,0.00398177010987614,-0.00305609972830512
3092,-0.0243929808102147,-0.0108899921750866,-0.0154913047798089,0.0194481608844833
3093,-0.00241239059044065,-0.0080309675710379,-0.00685348764329152,0.0028940625484629
3094,-0.00720990122975329,-0.0209397932697366,-0.000822507151144411,-0.00356717722863545
3095,-0.00896527632130892,-0.0132870834651593,-0.00138716248823122,0.011713587377659
3097,-0.00054987727754485,0.00377750137523973,-0.0042542440430239,-0.00821055268436697
3098,-0.00026954617058869,5.80179934930871e-05,0.000242382560283506,0.00203203100710568
3099,-0.0172867331153955,0.0150890463392394,0.00562473619595005,0.0020190503298927
3100,-0.0109093831815358,0.00716244040630804,0.0165706690675706,0.0313364609326334
3101,-0.019096414967529,0.0188199176763831,0.00409497367185945,0.00363901347711949
3102,-0.013156391249207,-0.0136293496533076,0.012716754895087,-0.0130596335713648
3103,-0.0245819872969534,-0.00896201611043812,-0.0159653428557064,-0.0304876841477046
3104,-0.0106632917313431,-0.0328786511386944,0.0153258065888322,-0.00173469081691672
3105,-0.0168033337408207,-0.0299573755381192,0.00374265600059069,0.0134324386299882
3106,-0.00788579870715909,-0.00360561486716259,0.0174936318321101,0.00283727042514597
3107,-0.00631228842936655,-0.0192046266912557,0.00563293843266032,0.0062862535483194
3108,-0.0231520742298115,-0.0174232166476955,-0.013176187989782,-0.0252392350007146
3109,-0.00396463020264048,-0.00461841388770379,-0.00871139459495669,-0.0159385429164757
3111,-0.000293427036522036,0.00243774874271848,-0.00177759932356212,-0.00156618083940887
3112,-0.0116683633256063,-0.0303708771149718,0.00705710434832604,-0.0140400448112711
3113,-0.0156573088547956,-0.024614666754857,0.00589870199697894,-0.0188508129734079
3114,-0.0117560633046424,-0.0145503825898098,0.000966412316614497,-0.0403660028327128
3115,-0.0177349505180211,-0.0419915992704208,-0.00808093291090606,-0.00403694152391375
3116,-0.0216798581578771,-0.0201688831082437,-0.0146625807178889,0.0183442194936043
3117,-0.00791060657543277,-0.00224596348256608,0.0233838224006161,0.0194481316705886
3118,-0.00746251664481756,-0.00276070144518025,0.0187748464821679,-0.0170959482669997
3119,-0.00718920285104985,-0.000173629655883064,0.0119500445051844,-0.00150797730835478
3120,-0.0016261089814096,-0.00299335666394891,0.00479376597002071,0.000949364946412188
3121,-0.0243925269492977,-0.00898733319877542,-0.0148433114808447,0.0112732747265943
3122,-0.00912460046161208,-0.0229142853567472,0.00134750080542482,-0.0196541462729079
3123,-0.0220642867265116,-0.0213381741413982,-0.00872705771948444,0.00311628200284296
3124,-0.00492105097731976,-0.00340284231370951,0.0144898685475761,-0.0225845827194781
3125,-0.00189114803184784,-0.00378382743889969,0.00640982347797959,0.00375609032455569
3126,-0.00098071172904698,-0.00361206790720198,-0.000219411620437484,-0.00453621111088501
3127,-0.0176483065347317,0.0213678090466749,-7.67548606341038e-05,-0.00122184216353945
3128,-0.0205000903297905,0.0125343510502921,-0.00768334256934534,-0.00246999574155495
3129,-0.0139419397345688,-0.0339800233951457,-0.0185972894502819,0.0216384978206671
3130,-0.0216549651011558,-0.0057725402641333,7.69211248637615e-05,0.0287397757178647
3131,-0.0256109745336502,-0.00937472974252697,-0.0228621747807166,0.012130373791836
3132,-0.0277241562583195,0.0120405059558242,-0.0183930577596568,0.019579545898027
3133,-0.028480914267402,0.0133656708825823,-0.0251044959583534,0.00837050492763608
3134,-0.0268343573518581,-0.00121130825798312,-0.023375072471515,-0.00889607941945679
3135,-0.0291459927472226,0.00861300219715956,-0.0233497072863379,0.00709683944912287
3136,-0.01712304786128,-0.0319809038329599,-0.0007753452588941,-0.0312542933656498
3137,-0.0234562939296114,-0.024017777109163,-0.0151625564344182,-0.0234365431384973
3138,-0.0223429657659425,-0.00179961624114302,-0.00894501356380501,-0.045191125468498
3139,-0.0129731318822937,-0.0153288633315096,-0.001973702954084,-0.0376530860715532
3140,-0.0155814042655303,-0.0287046644562276,0.00694940896017509,-0.0139751735736755
3141,-0.0166686914512746,-0.00726152729964985,0.0203831781798755,0.00273589023400204
3142,-0.0134545256804014,-0.0390202814794775,-0.00834442810293587,0.000383456546288756
3143,-0.0139730175867482,-0.01349404244738,0.00588084903952639,-0.0385622948330293
3144,-0.00232009161298078,-0.00301813092006073,0.00327357525914695,0.00105216427528698
3145,-0.00478661334126253,-0.0146218949185394,0.00457441484695529,0.00299156162634104
3146,-0.0125463691608143,-0.0154017062913912,0.012480012365248,-0.0289431644131599
3149,-0.00106049622877335,-0.00364727594590919,0.00428090099099992,-0.00117553989987047
3150,-0.0155291669900821,-0.039295115024817,-0.00682790929814307,-0.000811098902368301
3152,-0.00189412153184577,0.000872137544468809,-0.00227900396881085,0.00716315732997465
3153,-0.000449243617647817,9.66966558218119e-05,0.000403970933805845,0.00338671834517614
3154,-0.0255687472188354,0.00277525488833159,-0.0198391599690731,-0.0174269462927148
3155,-0.0126176914646861,-0.000211077256512621,0.0188996656707499,0.0110806222529117
3156,-0.0262764125992639,0.0137630796331267,-0.01091202525072,0.00647014886996593
3157,-0.0144155540914936,0.00339491973474664,0.016738600175719,0.0240004489916008
3158,-0.0142140255083809,0.00790993133368402,0.0130622627430017,0.0260835337711714
3159,-0.00964559439805469,-0.00555279324520263,0.0222871600967281,-0.0129997094492215
3160,-0.00537483198532731,-0.000187497292533881,0.014508512026336,-0.0109883593619148
3161,-0.00990056299215078,0.00186441979452679,0.0200764969247603,0.0121284497997331
3162,-0.00858297147069353,0.00280298776356922,0.0206498796588348,0.0149802019898092
3163,-0.00705088490484622,-4.38420944007867e-05,0.0280260335075327,0.00448491760581118
3164,-0.0138537273638913,-3.55550038443378e-05,0.0178608279100461,0.0215974419722737
3165,-0.0119306453660071,-0.0134593407284427,0.0222197527096387,0.00571724406800081
3166,-0.0272957997103879,0.00987235016279008,-0.0174834238762489,-0.00409878003732124
3167,-0.0231186752134161,0.0081131986705513,0.00306267715361399,0.00794315865652425
3168,-0.0193844771578245,0.00562214312063412,0.0163237678347018,0.00446919471926868
3169,-0.0125646315876046,-0.00151282689971854,0.0327317685666548,-0.00129151653667104
3170,-0.00739315288926752,-0.0034431282084335,0.0287820028936954,0.00684380622615605
3171,-0.00994664763126971,0.00563814555770828,0.0243588835130913,-0.0089402056148309
3172,-0.00958573265158626,-0.0279622061325857,0.00174690795271328,0.0121175856247036
3173,-0.00644200815982846,-0.00408247637342689,0.01916071584333,0.00187480793923961
3174,-0.0235321772364439,0.0151684378926778,-0.00407161220090604,-0.00398707925692089
3175,-0.0213342771172107,-0.0155779885117983,-0.0094383512735039,-0.025116592403897
3176,-0.0167140709409728,-0.0218965208801408,-0.0148146012734774,-0.0483536848680907
3177,4.19585086824298e-05,0.000181022278133437,0.000290533006578489,0.000106986840004022
3178,-0.028551854499442,0.0173688858067167,-0.0221215453692796,0.0165988390531995
3179,-0.0194148839897673,0.0308670076349672,0.00843589996607435,-0.00656928235430011
3180,-0.00398441830343013,-0.00852739431359107,-0.00387498047756242,0.00543820552728466
3181,-0.0206985144125242,0.00466259503857879,0.00359010843390245,0.00040538819718588
3182,-0.00224462366690122,-0.00219556341773298,0.00451567510108593,0.00271051089328454
3183,-0.0107010961177412,-0.0223224657210763,0.0156636761050668,0.00184221750206911
3184,-0.00718489731924851,-0.0241370767152505,-0.00785152286938498,-0.0350953197070066
3185,-0.0145900463863877,-0.0377877176269032,0.005657965569303,-0.0404094729190605
3186,-0.0140357201600521,-0.0206432534405817,0.0112943318806608,-0.0224797119227219
3187,-0.0275565855314862,0.010201388217208,-0.0231730760019377,0.0113295333556945
3188,-0.0045958131755608,-0.0204424198922098,0.00470917135956065,-0.00131718241746181
3189,-0.0241083967839383,0.000692165863401451,-0.0106223925824999,-0.00425911390331158
3190,-0.0307907965254092,0.0187051779365796,-0.0275990609899482,-0.00588201805627668
3191,-0.016112822864952,-0.0239651956721212,-9.86206082689202e-05,0.0177550169609121
3192,-0.0122854700342936,-0.0178195429841925,0.0197323982475143,0.00671593429617044
3193,-0.0251419208280201,-0.00731450183274409,-0.0205264527447442,0.0060850102696894
3194,-0.0163487084947164,-0.0134956942222844,0.0160696129531552,0.0233359992237069
3195,-0.0174693981215022,-0.00533235477331611,0.00772155209928657,0.0269570236248783
3196,-0.0144435794103628,-0.0177542688828392,0.0196265277904633,-0.0253342847617404
3197,-0.0122971355614176,-0.0158262247431085,0.00991808041739569,0.0304750570237537
3198,-0.0243168319751026,-0.022404652651768,-0.0140564280050178,-0.0347629151392357
3199,-0.0191475747900016,0.00931483358543028,0.00946895904624366,-0.0244201088752942
3200,-0.0106666590449929,0.00452407175220773,0.035971120283379,-0.0229742926878681
3201,-0.00878960979001536,0.00281342163340171,0.0307297698961907,-0.0285820646088654
3202,-0.00854782587548986,-0.000103514594401212,0.0247780683510592,-0.0241856975709776
3203,-0.00752795620420189,0.00701609100875337,0.0257022559127734,-0.0239790826483704
3204,-0.0247398728410481,-0.0184606974693021,-0.0158178882367904,-0.0283613374348861
3205,-0.0124505533863679,0.0165567188336024,0.0220052824690891,0.0310197360968971
3206,-0.00328599505147704,-0.000173802141713781,0.0121399707433416,-0.00330669866844931
3207,-0.0152854270694535,0.0137105530425395,0.01058440335649,-0.0120856316780147
3208,-0.00979094060180257,0.0166955187803458,0.0225375456276554,-0.016361571015193
3209,-0.00821395316675427,0.0111108919725361,0.0216774950865899,-0.0194629966973883
3210,-0.0211179528925975,0.0249316270541292,0.00559646654046409,-0.0066763322874518
3211,-0.00850047756290861,-0.00403275226375589,0.0253180944117516,-0.00443434234921528
3212,-0.00490416409147274,0.00447844937679814,0.0113804246453482,-0.0196101644009745
3213,-0.015301570401911,0.0176561433254424,0.0301879309350714,-0.0204918322782678
3214,-0.0187029534641795,-0.0116461817567247,-0.00250345607748065,-0.0181440168302642
3215,-0.0113124607788516,-0.0275587521255875,0.014313247186566,-0.0131474114093413
3216,-0.016304866804308,-0.033005308962662,0.00131022219267445,-0.00204814164141516
3217,-0.0279068033453481,0.019446933569399,-0.017513898859171,0.0101321387247779
3218,-0.00999780931672449,-0.0192540322181481,0.00987352004256156,0.0144656210495178
3219,-0.0240089206084986,0.0191042748620355,-0.00767205138752693,0.00689175553829108
3220,-0.023404492015118,-0.0104228681137805,-0.00680065003842278,0.033131651354692
3221,-0.0214377280142623,0.0244229470760211,-0.00486182502727574,-0.00877405162564662
3222,-0.00905027959779153,0.0111666298563217,0.011962930596861,0.0174472834730462
3223,-0.0048532927889606,0.00758476724855143,0.0174666975555251,0.0166180120746258
3224,-0.0126267399499407,-0.0369737841414239,-0.00776988083557526,0.0257408396115696
3225,-0.0134952783077562,-0.003600612054257,0.00375954950177613,0.00246054687368499
3227,-0.0106179986500835,-0.0153858974146567,0.0173542165746856,-0.0150992503537425
3228,-0.000450041515981372,-0.000977826068897932,0.000747508557631572,-0.000869581899849049
3229,-0.0260844763874331,0.00497090296255039,-0.0160336259060618,-0.00755678954096567
3230,-0.0208819905407756,-0.0330547761508056,-0.018869703692778,-0.0120418256467178
3231,-0.00219783043435408,0.000570978730083309,0.00803450596065803,-0.0055207062397131
3232,-0.00590556408425506,0.0120092601062022,0.0163010640281694,-0.0172985842923684
3233,-0.00623639621459565,-0.0146134591607614,0.0127371535338391,0.0195308922743453
3234,-0.0202679769980096,0.00884696477791315,0.0100981480394325,0.0159159699192034
3235,-0.0229354609177368,-0.0224496111960198,-0.0194592955943187,-0.0128856477576448
3236,-0.0255012021600465,-0.0156708176167951,-0.0213358200466294,-0.013221269220618
3237,-0.0228545798045361,-0.0275277243409648,-0.0193819597472166,-0.00228218654468378
3238,-0.0136713014315817,-0.0440701761104234,-0.0197947656772111,-0.0248516489600605
3239,-0.029532621570956,0.0145881556390442,-0.0227750927699482,0.00227272375644139
3240,-0.00189708399084526,-0.00391825042248165,0.00668693037894418,-0.000413715251275545
3241,-0.00617494183041625,-0.0271626869850958,-0.0192724303332932,-0.0137636829581981
3242,-0.00242056326679925,0.00383857800515245,0.00900462456372224,-0.00623619574943536
3243,-0.0193014971995598,-0.0306036988087098,-0.00137330139146945,0.00937642126352527
3244,-0.0266097617175228,0.0142114043724359,-0.0188299179638967,-0.00305295725727318
3245,-0.0186846447517905,0.0216851880262705,0.0127895753079967,0.00460419365304152
3246,-0.0201811286697415,0.00554144890199141,0.00280525842974263,0.0320129225243095
3247,-0.0259144744039554,0.017829509166051,-0.00992243519599644,-0.00149550457325316
3248,-0.017709338226969,-0.0021319624259253,0.0179860635106701,0.0311268612528959
3249,-0.0298974260294634,0.00833212444588647,-0.0300262402956359,-0.00103828739037471
3251,-0.017455964766994,0.0120103259958528,0.01386350419525,0.00464497369270228
3252,-0.0141918495691308,0.032124313544203,0.0059817516857854,0.00244264268704127
3253,-0.000570843249128963,-0.000109879229063212,-0.000770747952565422,0.00353867219251977
3254,-0.00223159372987299,-0.00607964518078001,0.00510727409693995,-0.0169034259859494
3255,-0.0174560355766033,-0.0196510937792242,0.0123666366388012,-0.0290024457434181
3256,-0.00437255000076453,-0.00958842551490091,0.00924868464613194,-0.0170121515138594
3257,-0.0211361507830002,0.0244486406604021,-0.00521261091115322,0.00586865647787827
3258,-0.00385159938886966,-0.00515712492116882,0.00877354538176427,-0.00347098495368938
3259,-0.0132447077640641,-0.00855064336753442,0.0193813131040383,0.00564029483216548
3260,-0.0077326797506365,-0.0175861264937836,0.0145762931940974,-0.00293025692216286
3261,-0.00018698364804739,-0.000248259258079615,5.0963402908841e-06,-0.00118089140574732
3262,-0.0264448020012304,0.00550479189274938,-0.0164288195889452,-0.00954652279750165
3263,-0.00655367380299748,-0.00937355136810715,0.0161087755643227,-0.0111888532014191
3264,-0.0130231202095014,-0.0189909916038802,0.0160788228506094,0.0116287512059313
3265,-0.0136277738750902,-0.00617593229154963,0.0221270158384161,0.0128124166238848
3266,-0.0240643385728598,-0.0118059190005283,-0.0122136202672846,0.00869039848634901
3267,-0.0280189113129252,0.0185383788692115,-0.0181152241510859,0.000201033120366842
3268,-0.0138287513060557,-0.0101339535073085,0.0125980936777693,0.0104126419890061
3269,-0.0218221860998981,0.000301310547353761,-0.000475868672157926,0.0305178854779034
3270,-0.0138268860234571,0.000975606223156099,0.0261987761874871,0.0354960281285662
3271,-0.0167183795414241,-0.0230597021823767,-0.0113731085268474,-0.0336583565009282
3272,-0.0236144933837422,-0.0165388326871617,-0.0166343671644077,0.0012160368949458
3273,-0.0265574580366466,0.00655080769507066,-0.014008567779949,0.00926699346542643
3274,-0.0178527834664593,-0.0119631187349065,0.00379802639544158,0.0221029989039884
3275,-0.0224645964166278,-0.0204401219923383,-0.0110414509157155,0.00816103174007407
3276,-0.0274498061235492,0.00756407292370086,-0.0158333570623063,-0.0212519594827543
3277,-0.00862903597908611,-0.0206429892022196,0.00104199459049724,0.000133453993480805
3278,-0.0265280811005977,0.0230469789924736,-0.00942159787563947,0.0113423702505637
3279,-0.00919802503107844,0.0147242103723668,0.0212440655352092,-0.0120796580718063
3280,-0.0245090661134442,0.0167071309300732,-0.00152776515514872,0.0236083646245552
3281,-0.0229041133489197,0.0253779937692821,-0.00434966441532961,0.00797638686076492
3282,-0.00241910805172402,-0.00652890055662566,0.00179515518841157,0.0103451735507739
3283,-0.0162490515331077,0.00832175354176713,-0.00550166112245361,-0.00908414333258212
3284,-0.0240994835625384,-0.00523712594134412,-0.0178229087059137,0.0149393510225884
3285,-0.0012479731645497,-0.00707482602118468,0.00322613984937366,0.000563844079869379
3286,-0.0114296505067562,-0.0150608107633917,0.0171355924501862,-0.0208709648227574
3287,-0.0194498290614969,0.00608601238014195,0.00328082299177584,-0.0336592218443242
3288,-0.00913794522564403,-0.0135719414584658,0.0191553841000351,-0.0112476414840806
3289,-0.0162005776581296,-0.0380765546233349,-0.00915560763153132,-0.0152712362393048
3290,-0.000634492911195086,-0.00367788432415905,-0.00555638155485969,0.00405147166825791
3291,-0.00191167487881978,-0.00116436902115625,0.000665857880554613,-0.00676421400577067
3292,-0.0237922078914734,0.00813734165218855,-0.0133841784643597,0.0192009815049337
3293,-0.0204295331741323,0.0140995245805614,0.00420246747902864,-0.000167791042371844
3294,-0.0275389796667274,0.0138897106353106,-0.0190187997560124,0.0146237001787408
3295,-0.0261340289581698,0.0224525536866736,-0.0147206041637683,-0.00840148209058396
3296,-0.0159796945902906,-0.00202360137037536,0.00698751583051239,0.0372992402856365
3297,-0.019323122692865,-0.0124471947701186,0.000449466544482224,0.00300187631498135
3298,-0.00052115052534012,-0.00218992305314673,-0.00510010023090643,-0.00345423629101621
3299,-0.00696255246258225,-0.023530687103584,-0.00972853639743448,-0.00155709492017019
3300,-0.00640776023602874,-0.0374138652093599,0.000133795096354573,-0.023901444889368
3301,-0.0049095804612455,-0.0179859213672503,0.00261501455186174,-0.002529199512738
3302,-0.018661729686987,0.0144297670879419,-0.00693882178372731,0.0331023662935201
3303,-0.0240880913210282,0.0131445039036694,-0.00845425516483061,-0.00909841143965534
3304,-0.0274067528553596,0.0169749814173515,-0.0126995029948504,0.0212930846387527
3305,-0.00649551563110759,-0.00767688285740646,0.000669003429095051,0.0367251932534294
3306,-0.0179823666759538,-0.0209241959165341,-0.00469998584100936,0.022085515443888
3307,-0.00962377751583763,-0.0290332264943716,0.00795036595929696,-0.0169654222327657
3308,-0.00223861397438961,-6.65371319338053e-06,-0.00326124363918204,0.00724842824135353
3310,-0.0275280366618583,0.00309892730551956,-0.0253435052246977,0.0113937421021154
3311,-0.0159965318705651,-0.00794845008421022,0.00844217267075189,-0.0173192007460131
3312,-0.0250067203463382,-0.0118169440052297,-0.0225687931361562,-0.00109282391619006
3313,-0.0207841686184864,-0.0175366740660255,-0.00382162366316051,0.0119547174763737
3314,-0.0160217965785572,-0.0364414111083082,-0.0024203458905266,-0.00116271966105108
3315,-0.0223324113323254,-0.0171962177572299,-0.0166752401830177,0.0121990823330457
3316,-0.0243456901943051,-0.000502177188843396,-0.00874084521378292,0.00728941956362054
3317,-0.0175468060977546,-0.0101131888912917,0.012962330651348,-0.0100039068108391
3318,-0.0248474042912459,-0.00800732076033724,-0.0165746772441693,-0.0112350914707344
3319,-0.0295827853238169,0.0242800439943606,-0.0224367734458935,-0.009214477609529
3320,-0.00579586409105299,0.00695881622460467,0.0107512327980452,0.0176752037076833
3321,-0.0148238723976493,-0.00113119893234703,0.00700015333435771,0.0232924542699524
3322,-0.0259688211901956,0.0232242325345473,-0.0171522527216881,2.28758874602789e-05
3323,-0.0226589595452928,-0.0153677408410745,-0.0163582639543281,0.0226078952548805
3324,-0.0149150201807744,0.00295543055399235,0.0231833209421597,-0.0118103290576888
3325,-0.0100353905084125,-0.0329704460599789,0.00332811558391121,-0.0132974394144696
3326,-0.00234613791037348,-0.00646963585463147,0.00354646365008772,0.000430169383254123
3327,-0.00252446808811325,-0.00277505722829988,0.00209743531495797,-0.00293258280262544
3328,-0.00803499691915199,0.0120447805095646,0.000942908993891204,0.0162523278037363
3329,-0.0196515587219737,0.0159169494202354,0.00339579451741572,0.0362588338252589
3330,-0.0207172927114637,-0.0102796457375919,-0.000171339877982163,0.00462454183055439
3331,-0.0088991016329429,-0.0170671481265023,0.00249617020325462,0.0280883271264851
3332,-0.00271493467272197,-0.00603271849488797,0.000913168873765922,-0.000375458622800096
3333,-0.0084207796969659,-0.0269921294855704,0.00216711456184725,-0.0130403832283621
3334,-0.0015761151719191,-0.000679255052400967,-0.00262373162379017,0.0100102041979614
3335,-0.0184095693689491,-0.0213892428041113,-0.0153371977950672,-0.0061290942336399
3336,-0.00623223563947963,0.00891170141834559,0.0182115906081622,-0.0142901903116318
3337,-0.00256262240473438,0.000304975169038195,0.00891656627609831,-0.00530966997634192
3338,-0.00189028690447854,-0.00244877278580815,0.00439795672462203,-0.00223025760175353
3340,-0.0230909389057534,0.00800240538302745,-0.0085296783533578,-0.0241760974642348
3341,-0.0110241425691384,-0.00976445396235482,0.0208855213872154,0.0265209042360613
3342,-0.0311593772576243,0.0241997750385002,-0.0197754127002585,0.00254185932553792
3343,-0.00657686885406319,-0.00190269046828289,-0.00230903580426069,0.0159913658058698
3344,-0.00793744416089709,-0.0206056249300857,-0.0125581611167854,0.0103131711667548
3345,-0.00347701065044793,-0.00534222537926769,0.00444557237314451,-0.00345008660921325
3346,-0.0139002555836842,0.00453395420560659,0.0130186808045408,0.00434826238511277
3347,-0.00908525586019571,-0.0130081987631143,-0.00375427372433256,-0.0128951549923483
3348,-0.0105010237733608,-0.0170319580453337,0.00958580594601032,0.0341480625159539
3349,-0.00786117022858007,0.00487483060331172,0.0317813224254106,-0.000400772148289129
3350,-0.012170627914346,-0.0355123567875841,-0.00381349307673207,-0.00967345012747138
3351,-0.0134982832390087,-0.0131195239846618,0.0166584887916209,0.00293385784180952
3352,-0.024017098033306,0.0189739673822019,-0.0079054265480912,0.0136401722754498
3353,-0.00212326490300301,-0.00631960601770168,0.00423815357771917,-0.00926882519331467
3354,-0.0105703333512916,0.0187725735723988,0.00248427442222049,-0.00684223214860422
3355,-0.0148262081367624,0.00910718783249721,0.0168344461542109,0.0217299499105532
3356,-0.000956887273385264,-0.000428051513807058,-0.00503308493378961,0.00844094135665883
3357,-0.00447763815090052,0.00167491476392086,0.00222974123954009,0.00921798597021798
3358,-0.00196381796303665,-0.000685648165177081,-0.000817585726683915,0.01148277216873
3359,-0.02333903938776,-0.0110581169227017,-0.0256415337775584,-0.00124669798260301
3360,-0.0188722852333814,-0.0110741015485241,0.0140607070325585,-0.0138099088753188
3361,-0.0153655627518163,-0.00383758166871815,0.0108191307068717,0.00307140160966571
3362,0.000381208265933469,0.00761220810871261,0.00532598680645562,0.0060316040571457
3363,-0.0128425545642294,-0.0139178542786989,0.00987107321410475,-9.08356499974807e-05
3364,-0.00229688824350813,0.00186855424322186,-0.00220659981047654,-0.00427630777639216
3365,-0.0205188235082136,-0.00839333343796078,0.00123631370496808,0.000100465251230893
3366,-0.0130647313637603,-0.0206722644201026,0.0168960968173584,-0.00256528461070527
3367,-0.0197674997777102,-0.0310575635088919,-0.0192380310872745,-0.0290958016437835
3368,-0.000829644637097364,0.00295819220428263,0.00585163814297111,-0.00319519847874151
3369,-0.0242185561166292,0.00155844715033228,-0.0186167650891963,-0.0180260317169499
3370,-0.00198509852779493,-0.013439146756811,-0.0098765509811363,0.0115463290950945
3371,-0.00885190766781676,-0.0148701641766311,0.0152810792720009,-0.00233141020217032
3372,-0.00167778506379669,-0.00360389163029924,0.0044927983567261,-0.00445240175150874
3373,-0.00839807316690651,-0.00896556337584377,0.0220366473538654,-0.00775408333375171
3374,-0.0154813981332602,-0.0371704698406903,0.00198664103498799,-0.00322692181285531
3375,-0.0227928181347737,0.0115204774530772,-0.00991064705399827,-0.00136088556882991
3376,-0.0236327631805959,0.0245082815558979,-0.00810906919578756,-0.000269661075814157
3377,-0.0129302612407153,0.005497704689982,0.00684898428414743,0.00984284977429346
3378,-0.0231721331970947,0.0286660253609436,-0.0063256081577191,-0.00701336407394228
3379,-0.0239636866747321,0.000271674056086479,-0.0173536610391383,0.00853612403366426
3380,-0.0180701304393823,-0.00562694986334534,0.00103198870815286,-0.0217041261726243
3381,-0.0108378391991377,-0.0187426153307592,0.0197720290325807,0.0216663313225961
3382,-7.67443464553744e-05,0.0010396312881777,-0.00269071245385152,0.00331878322939037
3383,-0.0166139459059983,-0.0354898949253666,-0.00367147151613123,-0.0264750112493751
3384,-0.022988997255691,0.0256487480408072,-0.00976549449488069,0.00293732379444079
3385,-0.0274647281441946,0.0204908826822905,-0.0200443558159466,-0.00583842754870792
3386,-0.0029599862976553,-0.00270415660311494,-0.00272433295648884,-0.0054392254495616
3387,-0.00707630085503753,-0.0117024840305874,0.00523747748988678,0.000807532755965784
3388,-0.014848807459823,-0.0223170635526766,0.00688160143280241,-0.0475993002782493
3389,-0.0181609964629583,-0.0131436752448415,-0.00350078037878082,-0.0410372994899138
3390,-0.0213564546581662,-0.029050421302689,-0.0184648273523235,-0.0204526366141731
3392,-0.0119833241399169,-0.0345674213466634,-0.00888671148956876,-0.0262644195002636
3393,-0.0224651573142542,0.00621939822074864,-0.00502821201724147,-0.0231131914864716
3394,-0.0228676552888822,-0.0251326980430083,-0.0193916478872692,-0.0346158414258816
3395,-0.0250130666274988,0.0206862836477128,-0.00836103625095444,-0.00716566111758409
3396,-0.00305531842799037,-0.00742485724120585,-0.00374231703080399,0.00760353263446131
3397,-0.0107465852391451,-0.0167501587085758,0.0238103990398773,-0.00541211777212346
3398,-0.0220325314831867,0.0240778388988324,-0.00091784993634916,-0.00547521131411331
3399,-0.0247026267191719,0.0190614070983657,-0.00779011185024956,-0.0142606181777462
3400,-0.0042055964028409,-0.0123957514427877,-0.0060466358913773,-0.0184658086209001
3401,-0.00259591533534384,-0.00893823035404986,-0.00144319496406615,-0.0148447319584003
3402,-0.00607143051453118,-0.0154613866257427,0.00811682686131958,-0.0143657055650046
3403,-0.0192133945414363,-0.00420281328955343,-0.0002640901550523,-0.0359999299556918
3404,-0.00654116185691966,-0.0136926548289251,0.0027484687253851,-0.0202119284028394
3405,-0.00805186099813007,-0.0277956613204944,0.00407535365246426,-0.00459976534729979
3406,-0.0112807575548368,0.0253136969453617,0.0143150167061847,-0.0167153302124823
3408,-0.003330828145883,-0.00389057604489038,0.00909405557709566,-0.00918168171707542
3409,-0.0230945511889122,0.00358576275353371,-0.0231531595547973,0.0113224405552788
3410,4.19585086824298e-05,0.000181022278133437,0.000290533006578489,0.000106986840004022
3411,-0.00108691539970961,0.00303408962365802,-0.000469995620421581,-0.0139329593570464
3412,-0.0229827377102491,-0.0132261925037428,-0.0185267538008752,-0.0216869989054347
3413,-0.0271673663625256,0.00679709333657574,-0.0173170580397948,-0.0192609295541922
3414,-0.013683826665255,-0.0385880245827216,-0.00499561329429045,-0.0143933728175549
3415,-0.000781369998558205,-0.00721599431475868,-0.00170582379172389,0.00173140380332707
3416,-0.00262612496697869,-0.0116537561724411,0.000639993576268463,-6.36593018637517e-05
3417,-0.0142464169275824,-0.00328612182826266,0.0117481060878599,-0.0477049295079231
3418,-0.00826250314623763,-0.00849578869849374,0.0081781676481108,-0.0396950515886041
3419,-0.0146217218172479,0.0168790820101161,0.0228378722012426,-0.0191948751381368
3420,-0.00891349198185076,0.0103303867376621,0.0281360354102199,-0.022949824934209
3421,-0.00740675145142789,0.0040214175198844,0.0217714095434487,-0.0296803363260739
3422,-0.00717921100157469,0.0106721959002662,0.017404307544855,-0.0208411819456906
3423,-0.00464146165564178,0.00796871550080572,0.0178972401792734,-0.0229229645775099
3424,-0.00339077863401144,0.0040876338485016,0.00749189940213546,-0.0116715345501193
3425,-0.000487687128488403,0.000101075048098741,-0.00221364161268514,0.00630353119613461
3426,-0.00649324955698748,0.000237008496526327,0.0183835583835885,-0.0041309245887209
3427,-0.0268363096854965,0.000414279452632652,-0.0179453583209643,0.0192240440508437
3428,-0.0100722990856988,0.00323836023918385,0.0274866164434218,0.00249536080676735
3429,-0.00663779098096604,-0.0146443535437997,-0.0104036740993333,-0.0189080204031977
3430,-0.029861960308327,0.0134397853447003,-0.0239575945685268,-0.00526970000163589
3431,-0.0151736346259889,-0.000474175203712336,0.0184097912821664,0.0154906170011779
3432,-0.00749529438811437,0.00272269547509016,0.022074526731457,0.0157419151083716
3433,-0.0103670297026929,-0.00845527101965898,0.0200220364079823,0.0137414889562969
3434,-0.023125667266384,0.00729228318295796,0.00690136783138863,-0.00797064527237464
3435,-0.0188201379310581,-0.0173010450262623,-0.0136428799707615,-0.0218654448085539
3436,-0.0130183959656433,-0.0244624755784627,0.0181333692707144,-0.00056602037954149
3437,-0.0151077322014982,-0.0381030182631696,-0.00586224198370215,-0.0117952606935124
3438,-0.0165770725318423,-0.0320374671100966,0.010969477969759,-0.0108670262973157
3439,-0.0137204331823008,-0.0345970457955082,0.0052014160378964,-0.0138459296383648
3440,-0.0248818589729321,-0.00386177241253128,-0.0174916565190589,-0.0273566625536956
3441,-0.02197656592297,-0.00779168907525482,-0.00470795257337558,-0.0163014298128646
3442,-0.0245156301532355,-0.0151507903286072,-0.0200970814781425,-0.0167901113263593
3443,-0.0207904023640387,-0.0102978634231986,-0.0130551642741861,0.0206164510108697
3444,-0.0236570562093703,-0.00572880253583853,-0.0212049424235642,0.0136757756595062
3445,-0.0220335190048201,0.0199010314007872,0.00047177996618573,-0.00353578677791405
3447,-0.0176268381235666,0.0168682222524537,0.00565394309304746,0.00350305888827981
3448,-0.0101675458892302,0.00425781527037413,0.0153413462577983,0.0107619164120647
3449,-0.00929555571560146,0.00880542469611955,0.0207752918310208,0.00844627975062562
3450,-0.00945648404099813,-0.00585350235884341,0.0197025906556667,0.0191822834971818
3451,-0.0102876050797627,-0.00639206985175326,0.0172180242360658,-0.00464670488730247
3452,-0.0142367515436583,7.72176098461781e-05,0.00608472688798011,-0.042467464661525
3453,-0.0072822170974141,-0.0033356102468965,0.0199527315079167,-0.0124182153347776
3454,-0.00749905104118129,-0.00428760343516676,0.0189776622104128,-0.010842312824129
3455,-0.00777341039800503,0.0091407695107635,0.0266495068043543,-0.0253864075792625
3456,-0.0181655987981788,0.0190637617287706,0.00311411203241543,-0.0114944038385168
3457,-0.0223772984220259,0.0172646573156747,-0.00739824372537628,0.000725157499802935
3458,-0.0255847086139775,0.0132586856209913,-0.0155444961535719,0.00744933120387455
3459,-0.0200284972961536,-0.0218559151060427,-0.0144902065911331,-0.0125674142683677
3460,-0.0226490459817481,0.0153477236080311,-0.00895866904944515,-0.011174574226282
3461,-0.0261409396509646,0.0105267928196601,-0.0200112942095438,-0.0149639080882701
3462,-0.0261187807106371,0.0119064681715271,-0.0222227467035414,-0.0127596715613554
3463,-0.0231426398844849,0.0126462580957154,-0.0172138722737306,-0.00818441322185723
3464,-0.0157549370792299,0.0218318690493868,0.0122545596396525,0.000154714932592097
3465,-0.0228693547869555,0.0021588894474761,-0.0133814335862776,-0.0200518323117715
3466,-0.0198532389158149,-0.00274790141376098,-0.0089738469091006,0.0209706007032215
3467,-0.0158166528831057,0.0134463310305258,0.0196497070776448,-0.000477069997913688
3468,-0.00941635051111107,0.00310210148765185,0.0332545395978784,-0.00937921996146714
3469,-0.012641286910669,0.0133494084299865,0.0143193909159509,-0.00968506476288683
3470,-0.0119626927810677,-0.00566431085537899,0.00474547219536621,0.0297316997022021
3471,-0.0214472360596026,0.00177588531492403,-0.00676948524897196,0.0120532387278884
3472,-0.0151690184487289,-0.0149540453456849,0.00825245454028178,0.0424056255299426
3473,-0.014517264862098,-0.0106036108754423,0.0108005612425559,0.0259371573228824
3474,-0.0112926612534689,0.00341297100543722,0.0243390254901142,0.00768695151912279
3475,-0.0109862527747663,-0.000428405792863214,0.0241196818386105,-0.00143784966495151
3476,-0.0203555788048325,0.0294084909366993,-0.00236806384559513,0.00129899083967343
3477,-0.00838361810241147,-0.0152746210598351,-0.00966746737357853,-0.0223889226580405
3478,-0.00889680116099027,-0.0108469175343979,-0.00115129007190061,0.0232131948941528
3479,-0.0129309715113658,-0.0268140878354471,0.00225887446960479,0.0363237518227589
3480,-0.00273041185313728,-0.00659818378435304,-0.00379467745814883,-0.0101772962744537
3482,-0.0255698980272372,0.00813892649867733,-0.010795800305138,0.0165620214040381
3483,-0.0203654916238966,-0.0253021114412912,-0.0151888851269022,0.0158186231314156
3484,-0.0158206092148401,-0.0178273345883066,0.0119956060209567,-0.00690723802459055
3485,-0.0170615261873873,-0.0127355610659013,0.012186392949635,-0.0418898877231171
3486,-0.0191807689415704,-0.00922416710352328,0.0120937177329821,-0.0287443995814985
3487,-0.0172718716253127,-0.0375913678089643,-0.00342571388862074,-0.0136088086432679
3488,-0.0217340220642411,0.00396549511373468,-0.00712030379699625,-0.0201040200586208
3489,-0.0217928327756292,-0.0316362717188656,-0.0183159082182001,-0.0135664515242017
3490,-0.0124792930387929,-0.0258410164492122,0.0100306252297373,0.00142003647334248
3491,-0.0133390794874059,-0.0210066237554321,0.00974677146307597,-0.0165637233035231
3492,-0.0221974276889954,-0.0175725537976481,-0.0175809017337905,0.022369661741522
3493,-0.0152172267206946,-0.0337087016717616,0.00450329221814457,-0.00580283258546998
3494,-0.026754248456098,-0.00415222986370763,-0.0198142475725459,-0.00506332238201219
3495,-0.0100150507347975,-0.0386005149562007,0.0051735833076728,-0.0179413989935632
3496,-0.0152757984675149,-0.0376365213865611,-0.00476471931765337,-0.0101784679942283
3497,-0.0141048926884671,-0.0372402159482894,-0.00387414597230772,0.00407373538881941
3498,-0.0105340930683935,-0.0318494485320666,0.00545473414585738,-0.0313382947789764
3499,-0.0224865268804003,0.0185215810289985,-0.00481231725420184,-0.0210362956664002
3500,-0.019440293574536,-0.0335896402777034,-0.0149418732677729,-0.0270509902351376
3501,-0.0161861848057151,-0.0426442366071739,-0.0166381552687927,-0.022850067946562
3502,-0.00578915659270268,0.0168458926931677,0.005837573150843,0.00617137065249953
3503,-0.0239636017681978,0.0263365413353281,-0.0100010690480447,-0.000449742392107958
3504,-0.0220215328936289,0.0196831037683215,0.00112352041989608,-0.0109417642263158
3505,-0.0128218632302241,-0.021899518292267,-0.0179432014527102,0.0241492508779944
3506,-0.0150765251033151,-0.0336910251700283,-0.0233779943367067,0.00106881505378944
3508,-0.00314610115741616,-0.00524415909645326,0.000903477941481335,-0.000554168666829276
3509,-0.0296909223223084,0.0124853365428777,-0.0268650373864504,-0.003339439579693
3510,-0.0220759402170594,0.0225373270094813,-0.00714179089972137,-0.00195016841368132
3511,-0.0272519352706954,0.0312514086862237,-0.0147425410223193,0.00698134173899809
3512,-0.0187111731580759,0.0114996961152543,0.00292944194977143,-0.0091524559976863
3513,-0.0255977212323321,0.0227753821032435,-0.0156530084157593,0.00337732868860637
3515,-0.00561774504064758,-0.0160028253720042,0.00474624432895932,-0.0199508709840798
3516,-0.0160110524192222,0.000279807432139632,0.0157475201465941,-0.00673389423085707
3517,-0.00919907311049794,-0.00327995520448177,0.0296406021840015,-0.00838886769464185
3518,-0.0222076909989607,0.00500500373650225,-0.0133280804038484,-0.0321887185336689
3519,-0.00833964149188671,-0.00109836537224405,0.0118242160031608,-0.014729846330367
3520,-0.000125317539868077,0.000385017576417215,-0.00245854866646854,-0.000167649556354135
3521,-0.0266003935633007,0.015235252853837,-0.0205302305983594,-0.00223286086529614
3522,-0.0164429185916666,0.0136046035752566,0.00239428703495943,-0.019238920212948
3523,-0.0109656703969597,-0.0138807615050166,0.00776585858259449,-0.00548310778860782
3524,-0.0154185391240111,0.0138450343108279,0.0112472745273786,-0.0217852276931748
3525,-0.0108375936971826,0.00619975141381775,0.0134484987659979,-0.0279300226523865
3526,-0.00864083636927769,0.0112572528056524,0.0180995517751443,-0.0321153161807816
3527,-0.0209574195451071,-0.00516126158490591,-0.00890071379132067,-0.0345220476304993
3528,-0.0237703462718777,0.0174670288942167,-0.00442774918169211,-0.0147618127434559
3529,-0.0187147841955325,0.00679005669809412,0.0011641218560377,-0.0417740161646291
3530,-0.000297979790341204,-0.00110858000302199,0.000355155894054218,0.0011763384885523
3531,-0.0159723684175028,0.00923407894633787,0.0106900618853326,-0.0141763138692997
3532,-0.00844158230427727,0.00762828149139594,0.0214398067517352,-0.0130050869243396
3533,-0.00652843783115848,-0.00787272204890769,0.0122549316817399,-0.0051357677113555
3534,-0.00722497842340648,-0.00453785169390326,0.0193635117472637,-0.00278774394213498
3535,-0.00293694794792743,-0.00617425251750287,0.00257120552076414,-0.017345560374022
3536,-0.00369148757639709,-0.0128049879944011,0.00138177128060282,0.00587558508705231
3537,-0.000214224924904397,-2.69829663649796e-05,-0.00396375021814939,0.00277751766699901
3538,-0.0112629518181001,-0.00320680278955626,0.0144963551479078,-0.0347000732041054
3539,-0.00854086810358778,-0.00142203192267977,0.0037311843248944,-0.0216445478001708
3540,-0.0120135245258512,0.00235438491668421,0.00458297713879728,-0.0303371053425863
3541,-0.0181395422351475,-0.0376881382456372,-0.0215884033763785,0.0044310904718396
3542,-0.0168571212488905,0.0120312777270473,0.0116902190457126,-0.00170914643199339
3543,-0.0215690708762795,0.0237398477381191,-0.0131051404596943,-0.0114185639515633
3544,-0.0163874355755073,-0.018413240758333,0.00597040863822626,0.0047537516890631
3545,-0.0094247696999381,-0.0208967568509643,-0.0159994576622143,0.0062043052495482
3546,-0.0196765009357021,-0.0261528317444824,-0.0175529745454357,-0.0120600632412101
3547,-0.0199746901297661,-0.0406549130629712,-0.0204633867084144,-0.000738485772643382
3548,-0.00869862530817539,-0.011955603166791,-0.00365574403593666,0.00934870801636298
3549,-0.0224098285145311,0.0216528972947359,-0.0101466980547463,0.00988175558086032
3550,-0.0190931118854187,-0.0175602259239344,-0.0134715050865807,-0.028526779010533
3551,-0.0284052143182373,0.0236816755759076,-0.0162056870375888,-0.00534954747898821
3552,-0.0106737546188944,-0.0252398536270727,-0.00624587397614053,0.00772454088627088
3553,-0.0100523933752784,-0.00911614996239456,-0.0192080222073702,-0.00311363672487613
3554,-0.00125965498031262,-0.000440109365088512,-0.00686827839004589,0.00227718833109742
3555,-0.00387210830424043,-0.0031393792646001,0.00716526385485269,-0.00503522892835218
3556,-0.0246115376618471,0.0283544666414285,-0.0116909965851145,0.00325617323185606
3557,-0.00703877264280272,0.00715337436398017,0.00556137857467551,-0.0178661162244881
3558,-0.000165800662172423,0.00054346432572882,0.000202064198155859,-0.00281142345816488
3559,-0.0261496190262944,-0.0183859818740924,-0.0238284819532646,-0.00882659464001047
3560,-0.0143938324572308,0.0163773766714603,0.0120702511114459,-0.0103910174874722
3561,-0.00405700085461694,-0.019843699412384,0.00235992708039112,-0.0141728339786443
3562,-0.0105291322291508,0.0106775578651736,0.0213825141011782,-0.00677988251704089
3563,-0.0101397349412033,-0.00877612797629814,0.0187462304596896,-0.0263806433415998
3564,-0.0158008436102369,0.00201074508085242,0.0122851291860879,-0.0248577587875693
3565,-0.0147753899367228,0.00537252964965622,0.0185708132107614,-0.0400061810134823
3566,-0.0135095071886637,-0.038861226783464,-0.0200966324504279,0.00573080973859119
3567,-0.0251197773124571,0.0178113740438791,-0.0175883699612747,0.00539842071299274
3568,-0.0163632112732581,0.000944493096914398,0.010555000087214,-0.0137390537255725
3569,-0.0241172272359986,-0.0175305418035483,-0.0248891911901006,-0.0129811795004037
3570,-0.0239150444582132,-0.000103695216327626,-0.0208829324625263,-0.0167577951737072
3571,-0.013903737318156,-0.0350850694683927,-0.012011129955315,0.00730025882034295
3572,-0.0225021881392393,-0.0243759368722385,-0.0213759684993778,-0.0149430920830988
3573,-0.0104102914400199,-0.0290522626587084,0.00142473044417468,0.00135768675248656
3574,-0.00613665738817535,-0.00809936226553212,0.0132869076071037,0.0096814887787333
3575,-0.00104166981460329,-0.00298025738879065,-0.00628976107842371,-0.00397048653588956
3576,-0.0218499821755938,-0.0265097301106042,-0.0174640456028669,-0.0196483931767005
3577,-0.00461947278366015,0.00761864612655916,0.0183903440392213,0.00492505414234527
3578,-0.0153317998851632,0.0191816700799672,0.00747069800505749,-0.0108824723027516
3579,-0.00853340855382359,-0.026682925587341,-0.00765953473950659,-0.0124435023660497
3580,-0.00764063085535122,-0.0172144381042028,-0.00131511285308506,0.0188424674116589
3581,-0.00801110050886099,0.0148293722376344,-0.00346477256679398,0.0226286476501426
3582,-0.0159764013962213,0.0308430922330903,0.0100495180336643,0.00403562077076349
3583,-0.0169334062791751,0.0230360182070636,0.00575490403022988,-0.011818842242352
3584,-0.0251625923914142,0.0149253740180304,-0.0103180136811134,0.00130795885846008
3585,-0.00155425300700511,-0.00384964264628524,0.00559584784576686,-0.00507535993468012
3586,-0.00105063701897891,-0.00239877994656859,0.000613671936937316,0.000635076677570141
3587,-0.0165014565563622,-0.018378403882085,-0.0137626381747447,0.0325500741119214
3588,-0.00692069268700609,-0.0134670808272738,0.0191088763446365,-0.017531595248035
3589,-0.00972668330944005,-0.00213613984782908,0.0156590415981843,-0.0398921988643019
3590,-0.0178463511804163,0.0010799250302069,-0.00441230125520058,-0.0204111043861937
3591,-0.0163161356078966,0.0177162908281784,0.0144606262954688,-0.0150698877260767
3592,-0.0263168879528282,0.00931729591051115,-0.0179351493009668,-0.0235767642108062
3593,-0.0111433758183264,0.00845811588519469,0.0285489488739043,-0.0244989445918198
3594,-0.00788384722064662,0.00627945917691353,0.0267920341334034,-0.0130680819457462
3595,-0.00825354700318947,0.0129177805923089,0.0258193256137479,-0.0237181529912095
3596,-0.0105050161808829,0.00778041458535313,0.0277049190666389,-0.0246248998021182
3597,-0.0177677647714387,0.0172829238998208,-0.00427985363593734,-0.0153872971400075
3598,-0.000792794777845374,0.00225996909720266,0.00122958572163962,-0.000303349056216449
3599,-0.00707364716314031,0.00637667981896568,0.0302017369007805,-0.000927496527233713
3600,-0.0266555667651731,0.0204614361413637,-0.019038447204762,0.0235393888111749
3601,-0.00998906517133328,-0.0192134007166697,-0.00932370499471392,-0.0145523656768946
3602,-0.017964262419828,0.00753775827159779,0.00690567090588976,-0.0267290645910303
3603,-0.00831345023153457,-0.0144868230000527,0.0188341772858099,-0.0307988845541378
3604,-0.00874202920446546,-0.0103260706235247,0.030170366656256,-0.00237337957353863
3605,-0.013026120296326,-0.0267213352404849,-0.00913527191023193,-0.0410519435064846
3606,-0.00366216152918066,-0.00650603235725247,0.000391589788473293,-0.0192063573545093
3607,-0.00579840892708619,-0.0126389399159842,0.00529278577191956,0.0178120987017977
3608,-0.0187951446886002,-0.0195053996873403,-0.0127334532240212,0.0198663305765921
3609,-0.00237964715188018,-0.00784160998878797,0.00735682090593518,1.71303731145329e-06
3610,-0.000963154244425282,-0.00195343853694776,0.00124850050217847,-0.000489496878470692
3611,-0.00503331668405697,-0.014108864372592,-0.00158249987963247,0.010772382688525
3612,-0.00762501971453391,0.0113311273313097,0.0156018350949115,-0.0244550449999422
3613,-0.00972683882971049,-0.0148832579887968,0.00414526259502988,-0.018574788802425
3614,-0.0108407907105014,-0.0277273258982238,-0.0123589369174585,0.00650449670023546
3615,-0.00176654493297324,-0.00454285395809082,-7.95635320731642e-05,-0.00184737719069191
3616,-0.0163846696275207,0.0241228073307653,0.00333753817298373,-0.0150950060377984
3618,-0.0228325099344593,0.0121059137215082,-0.00519943025362762,-0.0107227141490059
3619,-0.012537500106648,0.00825539495640732,0.013485827038686,-0.0292307379018168
3620,-0.00613154605896675,-0.00409844300671,-0.000491766609801689,0.00487665428124152
3621,-0.00264007440801716,-0.00835899229968826,-0.00136869273609999,-0.0171891966561967
3622,-0.00206970131570701,0.0012566855682793,-0.00245309125249948,0.00242873231823026
3623,-0.0261319889319531,0.0157850976542526,-0.0170033435865881,-0.0129569558429698
3624,-0.0212411614780034,0.0129117717680115,-0.00560292765794359,-0.00382915857781395
3625,-0.0112772133408091,-0.0251629888576243,-0.00439885747119906,0.00941142456174769
3626,-0.0250356347306585,-0.00824540925051467,-0.0217435252134467,-0.00701063008525933
3627,-0.0136385770993354,-0.0431172929552636,-0.0215548743888252,0.00363560115127185
3628,-0.0234126884050886,-0.0111900802578184,-0.0168566727121288,-0.0123368181848671
3629,-0.00361899537911163,-0.0134723266818882,0.00271877031813688,0.00436297465107688
3630,-0.000666168648445435,-0.00212692142855718,0.0013734239476862,-0.00879257599915676
3631,-0.00070507624825947,0.00328316837590959,0.00047540213994112,-0.00351451791192451
3632,-0.0099574481118155,0.0103756883511785,0.0147271429802769,-0.0113376780570047
3633,-0.00291694758384131,-0.0115664851804758,0.00962839100908692,-0.00616880571546964
3634,-0.0122737077179009,0.0232341821498861,0.00302787012430486,-0.020078839648599
3635,-0.00106516202245673,-0.004496950129453,0.00115548662639123,-0.00100149034439979
3636,-0.0020219266577966,0.000180284010316426,0.00561754916112905,0.00425727512767304
3637,-0.014412449937781,0.00214974661038852,0.00798369258920203,0.0245466472151706
3638,-0.00180485519305976,-0.00302869882683764,0.00490550311694065,0.00760230356545499
3639,-0.00523570737408006,-0.00349337606022316,0.0149109383876223,-0.00602851323127483
3640,-0.00139489035699724,0.0001559245659823,-0.000876978237019538,0.00479279828655823
3641,-0.00295122587266792,-0.00215597021094466,-0.00335872681033286,-0.00169904139517456
3644,-0.00742784494908321,0.00995131177480832,0.0192697823059363,-0.00753818504427419
3648,-0.019709508648835,-0.00984984889028667,0.00232130131158,0.0192837561093209
3649,-0.00209227738480094,-0.00624010622711996,0.00194859853349532,-0.000786289600622004
3650,-0.00413340787578507,0.00179532909914205,0.0112336460521667,0.0142096068173238
3651,-0.0131202296745285,-0.0105521594755106,0.017034990977037,-0.0240247095157241
3652,-0.0270919130727964,0.000520704318949789,-0.0126826005175914,0.0390159240682833
3653,-0.00349037218881027,-9.92057183037901e-05,0.0103055866375252,-0.00364525342825516
3656,-0.00665684772549633,0.000117963257670632,0.00469566929563031,0.00991913825745397
3658,-0.00290905169485106,-0.00953421993129005,0.000865921697917858,0.00857051788363562
3662,-0.00434593802041873,0.00548213385117419,0.00588144980753148,0.00111610427594958
3663,-0.00201540132849065,-0.00255819949262609,-0.00250740013388209,0.00550453446860424
3664,-0.0080936492852322,-0.0243717089224392,-0.00492909549895457,0.0143355146562673
3665,-0.0187364984803009,-0.0247424843117678,0.00739155943325317,-0.0140174664789783
3667,-0.000425263241280331,-8.94648803922173e-05,0.000665248700561919,0.00153130071841516
3668,-0.00240158908317419,-0.00248879420615325,0.00183216120573079,-0.000395189167507532
3669,-0.00858237610434001,-0.0143384188028959,0.00950717693649082,-0.00306707968271648
3670,-0.0148147979943826,0.0162096098117182,0.00461025678037327,0.0314569234419102
3671,-0.0134357904884872,0.0129111291865826,0.0311059816672178,-0.0282741546824823
3672,-0.00960987087843029,0.00112053374003874,0.024496884764979,-0.0248415297921549
3673,-0.00750901468278437,0.00544494214229559,0.0234255326522439,-0.0126448631114895
3674,-0.00918297933215986,-0.0275830861028502,0.0184244614580436,-0.0143602717265876
3675,-0.0041981925142753,-0.0100471343166447,0.0142954620138465,0.00121001386566656
3676,-0.00383426946734349,-0.00400540259865178,0.009573723733303,-0.00600024045150245
3677,-0.00543159001012767,-0.0037327192006508,0.0177958367692832,0.00488880389877916
3678,-0.0011107845474351,-0.0042534025977922,0.0032749611557604,0.00150884642699122
3679,-0.0129326212348228,-0.0326272938919672,0.00593183115520731,-0.000964406115327711
3680,-0.012750970628298,-0.0131468486663638,0.0208026925606387,-0.0199681866560021
3681,-0.0191189458901756,0.000915313857923951,0.01706194057577,-0.0206782549340725
3682,-0.0126418578770784,-0.0126341110933886,0.0257562383580519,-0.0128579898745486
3683,-0.0110341351261096,-0.0296060981379407,0.00570706208875961,-0.0241816202638032
3684,-0.01148596256762,-0.0170654960117229,0.0179143074211975,-0.0166744702225111
3685,-0.00255627692022986,-0.00158621410986433,0.00644452448574437,-0.00698108954500371
3686,-0.0133273249726446,-0.0216955129321683,0.0154762922634964,-0.0380806015017561
3687,-0.00124813716107237,0.00139635734612842,0.00303559165438526,-0.00111847882553644
3688,-0.00272286823483264,-0.00636024048366458,0.0100893269608017,-0.0128682916921912
3689,-0.000441784656898909,-0.00257713250094137,0.0022173584496764,0.00143327915583267
3690,-0.0102984559212326,-0.0152712833415138,0.013794743960056,-0.00692513597916832
3691,-0.00681641043046471,-0.0136140735327006,0.024713953068573,-0.0122357324654872
3692,-0.000342757593448958,-0.000580865423929491,0.000269945358701437,-0.00140790587759831
3693,-0.000342757593448958,-0.000580865423929491,0.000269945358701437,-0.00140790587759831
3694,-0.000342757593448958,-0.000580865423929491,0.000269945358701437,-0.00140790587759831
3695,-0.000342757593448958,-0.000580865423929491,0.000269945358701437,-0.00140790587759831
3696,-0.00088660521089726,-0.000585428085616967,0.00295582529632587,-0.00318244998208964
3697,-0.00150096581224207,-0.00487552301886041,0.00151516747712154,-0.0111881035689082
3699,-0.000691565385982708,0.001321747100169,0.00172369850646879,-0.00118351994397681
3700,-0.00143427449139284,-0.00112262352805974,0.000106935069584456,-0.00143739088177312
3701,-0.00307891956052786,-0.00857699429358976,0.00798666483582184,-0.0115868658577825
3702,-0.0224544998173211,0.0127655495427986,-0.00906236179511839,0.0244656871731726
3706,-0.00897927081781779,-0.00920932387099692,-0.000416999001646625,0.00547628162084906
