"row","prediction","warm"
99,1.74652132042539,TRUE
238,4.44414525125683,TRUE
283,3.39976798826091,TRUE
363,4.53846054162735,TRUE
417,3.542245856634,TRUE
438,4.18495467540221,TRUE
529,4.67836230076667,TRUE
560,4.02083505692357,TRUE
861,4.15179425279352,TRUE
908,4.37980053194971,TRUE
1223,3.19976740620178,TRUE
1230,4.04869455237952,TRUE
1297,1.8722226916191,TRUE
1305,1.90496775810377,TRUE
1383,3.72770640020165,TRUE
1393,2.29316383565577,TRUE
1782,3.27020825308041,TRUE
1901,3.80919316490746,TRUE
1911,4.72732135040624,TRUE
1918,3.23451166280301,TRUE
1940,4.24911992341244,TRUE
2005,3.93135396247128,TRUE
2153,4.26482848613743,TRUE
2210,3.61328444321425,TRUE
2471,3.25245160180163,TRUE
2528,2.8922170382434,TRUE
2665,3.86945013160954,TRUE
2723,4.04401586262013,TRUE
2806,3.80486471271537,TRUE
3112,2.36774231148994,TRUE
3137,1.97759851929432,TRUE
3140,3.77653781310949,TRUE
3186,4.55023937753453,TRUE
3285,4.74011013296015,TRUE
3291,3.77544805283548,TRUE
3303,2.67860120410063,TRUE
3396,3.16562556104766,TRUE
3416,2.91600986298437,TRUE
3897,3.44571461280779,TRUE
4015,4.4401981211836,TRUE
4024,4.63481660458065,TRUE
4158,3.64890351265644,TRUE
4227,3.98975365470164,TRUE
4323,3.07822169718838,TRUE
4425,3.41033871074355,TRUE
4460,3.72618670932861,TRUE
4525,3.72198238175474,TRUE
4548,4.17341364272076,TRUE
4567,2.72255670736339,TRUE
4666,4.2967480793648,TRUE
4800,4.55499663178115,TRUE
4882,2.77375875544262,TRUE
5049,4.30408929141877,TRUE
5061,4.67013281077701,TRUE
5115,4.55410777365389,TRUE
5117,3.69017026976193,TRUE
5165,4.06809108277903,TRUE
5304,4.31279449401945,TRUE
5379,4.37759203861785,TRUE
5394,1,TRUE
5566,3.3591688433653,TRUE
5667,1,TRUE
5668,2.8547875752826,TRUE
5869,4.31911667680959,TRUE
5979,4.21081168710445,TRUE
6024,4.36376573693576,TRUE
6149,3.04963841599002,TRUE
6212,2.91588720320501,TRUE
6230,3.33680746524078,TRUE
6299,2.44334253660964,TRUE
6303,2.76755294921996,TRUE
6376,2.92032261363561,TRUE
6389,3.93184987789401,TRUE
6449,1.4011478242795,TRUE
6491,4.4782256541544,TRUE
6521,2.74855355716152,TRUE
6547,3.35451634661902,TRUE
6906,2.78988276807794,TRUE
6981,3.1658390186643,TRUE
7029,3.55378944132329,TRUE
7046,2.44388096343893,TRUE
7073,3.9597046593853,TRUE
7163,2.86256009540845,TRUE
7189,3.08304616818986,TRUE
7243,1.24373208795566,TRUE
7289,2.27113736801011,TRUE
7370,4.71776187835951,TRUE
7453,4.07425859076447,TRUE
7681,3.86588468127705,TRUE
7710,4.25313475799541,TRUE
7715,4.61259262721644,TRUE
7849,4.65449484529805,TRUE
7899,3.99058648465847,TRUE
7906,4.02612459365158,TRUE
7912,4.15737706783389,TRUE
8113,4.40805597886355,TRUE
8153,4.3314425833609,TRUE
8229,1,TRUE
8410,2.67358312239889,TRUE
8623,4.91485452291205,TRUE
8846,3.3642285813785,TRUE
8962,3.80159024180867,TRUE
9248,2.65827879691652,TRUE
9359,3.48303895230258,TRUE
9585,1.96532061068415,TRUE
9639,4.42827319598665,TRUE
9824,5,TRUE
9862,3.42757095470055,TRUE
9987,3.89720838451879,TRUE
9988,2.39623187991575,TRUE
10101,4.5389852019502,TRUE
10186,2.48711011869601,TRUE
10238,2.21008524220579,TRUE
10296,3.05305997548333,TRUE
10311,3.04180084217197,TRUE
10488,4.83246060578108,TRUE
10615,1.81569344099634,TRUE
10883,3.80976427112312,TRUE
11084,4.90164924648585,TRUE
11133,4.12314055034437,TRUE
11156,3.26698108611502,TRUE
11182,2.46106860721131,TRUE
11285,3.11250636411121,TRUE
11481,3.69208945852407,TRUE
11512,2.71145838372647,TRUE
12458,3.78591647741332,TRUE
12568,3.26938468891297,TRUE
12655,5,TRUE
12744,3.5234880053126,TRUE
12772,3.89348545170932,TRUE
12885,3.98035836588333,TRUE
12895,3.71221882205479,TRUE
12923,2.47411400360117,TRUE
12926,1.77830785239824,TRUE
12974,3.37736466144116,TRUE
13147,1.00148559369896,TRUE
13402,3.9038947353992,TRUE
13409,2.87919496591094,TRUE
13425,4.46000448497099,TRUE
13624,1.89366403380544,TRUE
13847,3.53063049919906,TRUE
14115,3.82312088909126,TRUE
14140,4.99860944415481,TRUE
14270,4.06914465767788,TRUE
14336,3.37757546615879,TRUE
14628,3.136592418294,TRUE
14717,4.17871554242182,TRUE
14883,2.82480912790498,TRUE
14930,4.02659541142166,TRUE
14967,3.93222579295373,TRUE
15150,2.47412235924579,TRUE
15366,3.89074781224385,TRUE
15673,3.80246409828151,TRUE
15813,3.40532855875888,TRUE
15835,2.91402997083001,TRUE
15910,4.30074481552486,TRUE
15943,4.68749326606257,TRUE
16113,3.68004288300779,TRUE
16147,4.5284115418233,TRUE
16175,2.15074758170344,TRUE
16257,4.36083120141799,TRUE
16309,4.46385885270815,TRUE
16506,4.30845377472928,TRUE
16574,3.14615476978521,TRUE
16632,4.26728695355117,TRUE
16667,3.01735032119718,TRUE
16778,3.58285883355455,TRUE
16909,2.94981771526745,TRUE
16927,2.65634658606874,TRUE
17084,1.09756230020132,TRUE
17174,2.91033508131573,TRUE
17227,2.83198998604769,TRUE
17261,4.58811092953544,TRUE
17379,2.55637692924792,TRUE
17472,2.31204622051874,TRUE
17516,3.09501898957681,TRUE
17556,3.54450613521177,TRUE
17785,4.35022117439174,TRUE
17871,3.97949981967746,TRUE
17879,2.36874727109072,TRUE
17971,3.81039822294832,TRUE
18013,4.4879728952828,TRUE
18202,3.76021641997118,TRUE
18241,3.43363960701013,TRUE
18696,4.51523223739123,TRUE
18714,3.16325955329672,TRUE
18867,3.74988862497962,TRUE
18950,3.88707902749396,TRUE
19084,4.41551354705004,TRUE
19086,4.2752111959181,TRUE
19098,4.3350340297105,TRUE
19121,3.63359130625899,TRUE
19167,3.73863427948635,TRUE
19190,3.71668338874963,TRUE
19360,3.1518320210242,TRUE
19426,4.3027175144037,TRUE
19559,4.02097552561609,TRUE
19656,3.64787002512873,TRUE
19881,3.79318090359369,TRUE
19882,4.32246368866488,TRUE
19895,3.9404226956027,TRUE
19945,3.37220708629993,TRUE
20017,3.32558346590535,TRUE
20215,4.11922387091071,TRUE
20273,4.28343574201804,TRUE
20587,3.18520386614367,TRUE
20757,2.46548905478326,TRUE
21029,1.94302369862829,TRUE
21133,1.8665359729468,TRUE
21245,4.58138087666209,TRUE
21255,4.15735560110452,TRUE
21307,4.56190102033609,TRUE
21465,3.71604047355276,TRUE
21622,3.67710208019446,TRUE
21768,3.65062294637389,TRUE
21889,4.18200946670526,TRUE
21901,4.14795286669358,TRUE
22014,4.97300550938092,TRUE
22094,4.80657538516774,TRUE
22230,2.77418209743028,TRUE
22283,3.33908471607343,TRUE
22301,1.55825400512733,TRUE
22331,2.31994238337101,TRUE
22385,1.23345877591006,TRUE
22412,1,TRUE
22444,1.76009559161516,TRUE
22510,2.68858003216542,TRUE
22512,1.83616629590075,TRUE
22532,2.42269937758154,TRUE
22581,1.68620163905616,TRUE
22722,1.5356556483741,TRUE
22825,4.51089698023853,TRUE
22880,3.64969981385637,TRUE
22925,3.19400338121737,TRUE
22977,3.04209299617697,TRUE
22981,3.90850785270848,TRUE
23007,3.25618482769809,TRUE
23105,4.03880553785701,TRUE
23136,2.84159569539748,TRUE
23157,4.61092412426752,TRUE
23309,2.49826829411992,TRUE
23602,3.21566098301155,TRUE
23962,4.48878419567124,TRUE
24159,3.38121329401531,TRUE
24560,4.44147936332216,TRUE
24578,4.13977661948265,TRUE
24582,4.13232234066175,TRUE
24610,3.88504136396806,TRUE
24868,3.8624604934978,TRUE
24980,2.41332195327824,TRUE
25039,3.21046409798354,TRUE
25055,4.04382760085361,TRUE
25200,4.14185569306518,TRUE
25255,2.80741122830797,TRUE
25353,1.71631824435162,TRUE
25549,3.25149177604722,TRUE
25697,3.44443951754542,TRUE
25759,4.47477114073449,TRUE
25939,3.577955548496,TRUE
26025,3.89960910220903,TRUE
26026,4.64634469607338,TRUE
26055,3.47339418926654,TRUE
26156,1.20233417011539,TRUE
26204,4.23626650222479,TRUE
26308,3.49018640384939,TRUE
26444,4.24595742767254,TRUE
26452,3.53876425440831,TRUE
26458,4.17964059266762,TRUE
26736,3.24053413725891,TRUE
27005,3.64748848285317,TRUE
27042,4.39263900048029,TRUE
27152,3.56144982313206,TRUE
27275,1.61450919646648,TRUE
27287,3.59214522217261,TRUE
27292,3.46711060072566,TRUE
27386,4.21328027422103,TRUE
27545,3.90272259410737,TRUE
27567,3.87761108213181,TRUE
27672,4.19366517465156,TRUE
27690,4.57614792595057,TRUE
27729,3.75486370076183,TRUE
27734,4.11398512912441,TRUE
27858,4.23006542617905,TRUE
27930,4.8509478152401,TRUE
27944,3.64413691508607,TRUE
27975,2.49354563812619,TRUE
28007,4.30053941375454,TRUE
28195,4.61261483928117,TRUE
28207,4.09983419374566,TRUE
28223,3.97497849484501,TRUE
28398,3.96720529276932,TRUE
28444,3.42766665603698,TRUE
28487,2.73796127756991,TRUE
28580,2.78052797399822,TRUE
28612,3.71912003696809,TRUE
28787,4.20652793764607,TRUE
28976,4.32819310232375,TRUE
29128,3.44100987076946,TRUE
29401,3.7744858399159,TRUE
29525,4.13284283991104,TRUE
29766,3.3123720592631,TRUE
30002,3.64847492111824,TRUE
30068,3.94047604850776,TRUE
30129,3.90097268875031,TRUE
30131,1.51390068659477,TRUE
30268,2.53477016805558,TRUE
30372,3.21060688177201,TRUE
30602,3.85533768395209,TRUE
30742,4.25952078450498,TRUE
30806,2.43107375670152,TRUE
31240,3.74142510523635,TRUE
31255,4.43262511807142,TRUE
31441,1,TRUE
31627,4.88276531088317,TRUE
31682,3.2467558121947,TRUE
31691,3.63600139620133,TRUE
32212,2.642875997899,TRUE
32461,3.77806714438485,TRUE
32536,2.64943857901363,TRUE
32757,1.8337303211588,TRUE
32843,2.16533791864175,TRUE
32945,3.50034181851309,TRUE
33221,3.73523893028409,TRUE
33917,2.97093899053044,TRUE
34074,4.76020044762163,TRUE
34315,4.29296250299696,TRUE
34322,2.85803741852023,TRUE
34328,3.69925138735489,TRUE
34370,4.42308744415622,TRUE
34381,1.96960357830579,TRUE
34382,1.51777420314339,TRUE
34564,3.06310414993246,TRUE
34638,3.750233893308,TRUE
34691,4.39680607774013,TRUE
34705,4.53334400043946,TRUE
34941,4.31367679116328,TRUE
35217,3.78259575821473,TRUE
35329,2.54298757281665,TRUE
35626,3.72560311155051,TRUE
35684,3.78655828988865,TRUE
35838,2.49852808543919,TRUE
35947,3.72024317295689,TRUE
35952,3.06853317801288,TRUE
36186,3.67964356756767,TRUE
36278,2.97715589890818,TRUE
36364,2.57086261356637,TRUE
36523,1.72071942740518,TRUE
36669,2.83690675059966,TRUE
37196,4.28807144949665,TRUE
37364,3.81479744470566,TRUE
37385,3.36452574670104,TRUE
37499,2.57504049359125,TRUE
37632,1.67881876450202,TRUE
37644,1.13206568141076,TRUE
37647,4.30781035530195,TRUE
37690,4.14300024447531,TRUE
37899,4.52233909970529,TRUE
37935,3.75936682899546,TRUE
37945,4.63137301966337,TRUE
37949,4.19951087252901,TRUE
37953,3.72249713682692,TRUE
38002,3.04505500539103,TRUE
38087,3.0289061492996,TRUE
38120,3.20757387974233,TRUE
38177,2.3578929966318,TRUE
38353,3.46889717953771,TRUE
38376,4.37894024181135,TRUE
38398,4.13876878019205,TRUE
38417,3.20757020742546,TRUE
38420,3.25502699307211,TRUE
38440,3.30298851510193,TRUE
38560,2.72113189444479,TRUE
38563,3.63245060079482,TRUE
38642,2.97767580167704,TRUE
38770,3.02436845603275,TRUE
38911,2.28648113726368,TRUE
39042,3.14815741552406,TRUE
39095,3.71188720498128,TRUE
39156,5,TRUE
39240,1,TRUE
39298,3.84979259989059,TRUE
39348,3.01159129213152,TRUE
39351,2.95000995967028,TRUE
39437,4.23388814742074,TRUE
39457,4.02805800591657,TRUE
39500,4.04729560448462,TRUE
39790,3.97844316518079,TRUE
39933,4.65133090000385,TRUE
39992,4.20621520549021,TRUE
40018,4.14737102691754,TRUE
40046,4.09088449514033,TRUE
40145,2.22646443637394,TRUE
40171,4.12532524158357,TRUE
40254,1.6375959134458,TRUE
40308,3.00245166778584,TRUE
40313,3.28575778625629,TRUE
40340,3.42736378600516,TRUE
40343,2.45916077357244,TRUE
40393,2.99731178787096,TRUE
40801,3.45506864297129,TRUE
40825,4.42685232921302,TRUE
40830,5,TRUE
41001,4.17819142505459,TRUE
41121,4.73338212532233,TRUE
41127,4.76092075657613,TRUE
41162,1.89426971162393,TRUE
41182,4.15615678094628,TRUE
41524,3.78676964560935,TRUE
41622,3.70858378020468,TRUE
41814,2.79997057461922,TRUE
41928,2.92033716288703,TRUE
41988,3.09984684831316,TRUE
42038,4.7772607541158,TRUE
42068,2.91193612300384,TRUE
42071,4.65280103408138,TRUE
42075,2.99757758042352,TRUE
42153,4.93490175154156,TRUE
42234,3.41871730545212,TRUE
42315,2.312406021108,TRUE
42376,4.23196148579503,TRUE
42408,2.62614697042555,TRUE
42495,2.92618940776137,TRUE
42661,3.21667087801293,TRUE
42755,2.85602348169309,TRUE
42773,3.72020079849597,TRUE
42806,3.30948191653871,TRUE
42947,3.97025586809443,TRUE
42966,3.22222209984974,TRUE
43011,3.57552784257521,TRUE
43116,3.34193312127536,TRUE
43526,4.1345723988114,TRUE
43668,3.93843575088046,TRUE
43688,4.16704832906916,TRUE
43909,3.8814586977838,TRUE
44105,3.17302321989324,TRUE
44195,4.3963173691173,TRUE
44252,2.77039280139344,TRUE
44348,3.99413929445851,TRUE
44381,2.30567119289041,TRUE
44550,3.33020502534277,TRUE
44624,2.16464719027697,TRUE
44655,1.89265358508817,TRUE
44831,1.51709704930121,TRUE
44854,4.22994461724508,TRUE
44857,3.38815837837993,TRUE
44865,2.94285235808916,TRUE
45268,2.81354587370283,TRUE
45561,5,TRUE
45676,3.11526752918317,TRUE
45916,2.59871675808961,TRUE
45946,4.02695708628913,TRUE
45947,2.95749749182397,TRUE
45993,3.99074662102365,TRUE
46050,3.04385455042735,TRUE
46088,4.1735166636899,TRUE
46101,2.7738779326757,TRUE
46131,3.76304348356712,TRUE
46288,4.27056042134906,TRUE
46603,3.76961658786797,TRUE
46817,3.62310875155637,TRUE
46832,4.01065947778762,TRUE
46936,3.39958494285676,TRUE
47008,4.25150897077871,TRUE
47029,3.08295043439254,TRUE
47045,4.97659210484318,TRUE
47181,3.01549722843175,TRUE
47242,4.34618118234358,TRUE
47312,2.77014625342766,TRUE
47409,2.47972838620969,TRUE
47443,3.55577472991613,TRUE
47526,3.28135997251009,TRUE
47624,3.02308981194163,TRUE
47686,3.62846533417923,TRUE
47723,4.35421116422014,TRUE
48000,4.06234534308835,TRUE
48045,3.88826066256368,TRUE
48741,3.63931727207618,TRUE
48837,4.83566407021188,TRUE
48909,2.67227025380468,TRUE
49029,2.63237509494415,TRUE
49071,3.57764103810393,TRUE
49231,2.65351475334808,TRUE
49566,3.10045112525728,TRUE
49632,3.21567493373956,TRUE
49662,2.7000157968174,TRUE
49704,1.1884049609191,TRUE
49727,3.48060962801275,TRUE
49790,2.72536088894826,TRUE
49943,3.50772983211331,TRUE
49965,3.21969269755353,TRUE
50092,4.17307051125071,TRUE
50265,3.5843923614897,TRUE
50335,4.01176715240297,TRUE
50441,2.11628470661851,TRUE
50480,5,TRUE
50506,3.41722350865911,TRUE
50646,2.62386867478789,TRUE
50724,3.79400782575019,TRUE
50760,4.3291619346175,TRUE
50938,3.85298930595302,TRUE
51075,2.16209109119407,TRUE
51163,1,TRUE
51170,3.36601588094208,TRUE
51175,3.95462289757746,TRUE
51179,3.799962921618,TRUE
51355,4.01942496531389,TRUE
51408,3.5011472619652,TRUE
51424,3.39260478518514,TRUE
51483,4.25673066836102,TRUE
51505,3.12664335874905,TRUE
51583,3.65429828504933,TRUE
51595,4.70457588590208,TRUE
51696,3.98723399645713,TRUE
51786,4.27307503261583,TRUE
51955,3.670761916186,TRUE
52021,4.45389797906874,TRUE
52041,2.45362580169315,TRUE
52064,3.91950216269034,TRUE
52084,3.68319655259803,TRUE
52113,3.54177298828366,TRUE
52149,2.98183632633437,TRUE
52365,1.90972285332619,TRUE
52574,4.51064101260903,TRUE
52580,4.78733153804416,TRUE
52582,4.09266630460291,TRUE
52664,4.32196781174389,TRUE
52724,3.88450399325323,TRUE
52799,2.58668496319263,TRUE
53002,3.12872335884867,TRUE
53097,3.12738204890546,TRUE
53203,4.59864569853235,TRUE
53386,3.07784646582983,TRUE
53486,4.46999321946667,TRUE
53573,4.22077037880594,TRUE
53775,2.8028508052346,TRUE
53811,2.43257242580717,TRUE
54031,3.39543710913913,TRUE
54079,3.79572129846739,TRUE
54227,4.06142571232447,TRUE
54414,2.97836369523042,TRUE
54479,3.68907369472417,TRUE
54512,4.05521181250753,TRUE
54598,3.04507554605115,TRUE
54677,4.06793908006107,TRUE
54689,2.55857863059585,TRUE
54743,2.77647684680196,TRUE
54943,3.83192306946345,TRUE
54978,3.92363666203379,TRUE
55084,1.99132527324272,TRUE
55341,3.70752423753087,TRUE
55385,2.85961480754481,TRUE
55550,3.55252202507193,TRUE
55594,2.81440662929127,TRUE
55646,4.38093836150454,TRUE
55816,2.83311112962996,TRUE
55850,3.36626150684781,TRUE
55863,2.80635455341037,TRUE
55891,3.25293922125538,TRUE
56056,4.30744485296468,TRUE
56502,2.53791820366371,TRUE
56663,4.29333018428451,TRUE
56700,3.67202914040883,TRUE
56758,4.02108506596712,TRUE
56785,3.73806681428903,TRUE
56980,4.41490947161263,TRUE
57259,3.7530273336622,TRUE
57265,3.44754941423095,TRUE
57444,4.12784372687778,TRUE
57450,4.18811412558373,TRUE
57689,1.78591559414805,TRUE
57923,2.72520302465842,TRUE
58024,3.47482485230563,TRUE
58239,1.85232843688491,TRUE
58387,3.43093334692744,TRUE
58424,2.63971674640913,TRUE
58779,3.67747914314162,TRUE
59188,3.85710087254109,TRUE
59313,4.71663579961577,TRUE
59449,1.67989452336725,TRUE
59466,3.24183317275513,TRUE
59493,2.64988402478898,TRUE
59598,4.25021602939109,TRUE
59685,3.2835634755198,TRUE
59719,4.02511990100282,TRUE
59766,4.08248882535233,TRUE
59791,3.20048650007904,TRUE
59800,2.77912064254041,TRUE
59915,4.48562052772567,TRUE
59987,4.43903934127711,TRUE
60084,4.40699642229438,TRUE
60126,4.03253876969726,TRUE
60138,3.45479123991997,TRUE
60191,3.16975240594723,TRUE
60270,3.82114496617772,TRUE
60322,3.58420306468716,TRUE
60480,3.55481822499811,TRUE
60554,2.30576434389859,TRUE
60608,3.59636849035457,TRUE
60625,2.54563398917903,TRUE
60778,3.44913216580478,TRUE
60867,3.25634354958228,TRUE
60878,3.3073193477846,TRUE
61223,3.89667528752968,TRUE
61224,4.27702573868506,TRUE
61300,4.49566746197198,TRUE
61367,4.60890403673074,TRUE
61399,4.71837649183365,TRUE
61413,4.7568682603506,TRUE
61461,4.56815157826578,TRUE
61901,4.42430017781041,TRUE
61996,4.10124593240803,TRUE
62058,3.73105617474607,TRUE
62124,4.65756724236821,TRUE
62284,3.1457318324219,TRUE
62466,2.72838638633703,TRUE
62671,3.68670296328679,TRUE
62800,3.75608608740121,TRUE
62858,4.43371182640014,TRUE
62940,3.11005516657791,TRUE
63028,4.31585212380778,TRUE
63135,4.11003074244673,TRUE
63235,4.67659399868256,TRUE
63278,4.39681445498986,TRUE
63471,4.41073723562419,TRUE
63721,3.04233995688715,TRUE
63734,3.19558555683674,TRUE
63738,3.74807493906119,TRUE
63775,4.01929610142367,TRUE
63962,3.49760793770594,TRUE
63996,3.71691954244018,TRUE
64202,2.31037752840405,TRUE
64325,2.89997587205388,TRUE
64379,3.90508989277519,TRUE
64383,3.50293494364257,TRUE
64462,2.87172756414431,TRUE
64618,3.12020462978547,TRUE
64638,3.11348471162462,TRUE
64685,4.41916474706335,TRUE
64731,3.68388882534456,TRUE
64814,3.64075852349882,TRUE
64831,3.23091665888562,TRUE
64957,5,TRUE
65027,3.5293322186196,TRUE
65124,3.5651569446387,TRUE
65179,3.97358354041844,TRUE
65302,3.54732723673469,TRUE
65512,3.98321783906628,TRUE
65527,4.21184641691372,TRUE
65574,3.30639151180333,TRUE
65822,4.62606990291548,TRUE
65830,3.837133673351,TRUE
65871,4.55070003607852,TRUE
66102,3.25645649005411,TRUE
66201,4.79739437685395,TRUE
66359,4.39141399271718,TRUE
66457,3.35615286289959,TRUE
66472,3.73915361472279,TRUE
66839,4.27482969399774,TRUE
66857,2.41981227313853,TRUE
67094,4.77290770971214,TRUE
67129,2.61621682823001,TRUE
67220,4.50159646426575,TRUE
67355,4.05001894670604,TRUE
67370,3.50716855315248,TRUE
67402,2.06662848206046,TRUE
67451,4.52529510484758,TRUE
67457,4.17804401888951,TRUE
67459,4.19430309535443,TRUE
67460,4.22788793143587,TRUE
67541,4.28932796663758,TRUE
67564,4.33944283365926,TRUE
67898,5,TRUE
67940,4.43214304306003,TRUE
68006,3.40548092283216,TRUE
68124,3.79492360538522,TRUE
68228,2.734245241314,TRUE
68274,4.79940912546068,TRUE
68319,2.87801005767784,TRUE
68503,3.19455025339923,TRUE
68589,2.87294370812074,TRUE
68782,3.30504903315258,TRUE
69041,3.20989993792558,TRUE
69099,3.60007827527904,TRUE
69103,3.23166017652405,TRUE
69263,1.39520288743867,TRUE
69543,4.32930835173747,TRUE
69660,2.7539979034884,TRUE
69855,4.76365371867189,TRUE
70023,4.00580511707317,TRUE
70129,3.87838396378403,TRUE
70148,3.756859845656,TRUE
70276,3.37004536594566,TRUE
70388,3.00764490626337,TRUE
70439,4.26616515172441,TRUE
70465,3.72942705507907,TRUE
70609,3.81710103744413,TRUE
71012,3.96233923932919,TRUE
71060,3.56060418047395,TRUE
71149,4.13799530905395,TRUE
71245,4.2458652618807,TRUE
71326,3.47053247397856,TRUE
71489,4.05481680794592,TRUE
71586,2.90663319523162,TRUE
71659,3.77816876831002,TRUE
71934,2.39113957800542,TRUE
72090,2.77224446834013,TRUE
72093,2.92063087395901,TRUE
72244,3.15373672699363,TRUE
72306,3.12432165684534,TRUE
72699,3.91631816868713,TRUE
72798,3.45842256589477,TRUE
72847,3.68017041510849,TRUE
73082,3.50153909536105,TRUE
73091,3.82377257882237,TRUE
73176,4.78970159663561,TRUE
73329,4.016190042927,TRUE
73335,4.6248746456166,TRUE
73363,4.35069751498706,TRUE
73483,3.57414289578744,TRUE
73501,3.30283005663155,TRUE
73607,4.55169323571762,TRUE
73682,4.62191192139767,TRUE
73726,2.52921972578085,TRUE
73739,4.16688108092005,TRUE
73846,4.07285347002052,TRUE
73857,3.99329639676405,TRUE
73896,4.11006943502401,TRUE
74065,3.67632478737167,TRUE
74079,1.96558858869766,TRUE
74217,3.78242388052868,TRUE
74256,3.08428863143344,TRUE
74323,3.37382377071504,TRUE
74326,4.04150559553173,TRUE
74609,3.21113844214646,TRUE
74628,3.53668192764025,TRUE
74891,3.46347634117424,TRUE
75146,3.70011049476762,TRUE
75199,3.92442853406867,TRUE
75236,4.53992735034298,TRUE
75237,4.72057724362235,TRUE
75273,3.95044954196889,TRUE
75308,4.46254760289605,TRUE
75345,3.57606198034169,TRUE
75661,3.41581735951954,TRUE
75674,4.43530442241713,TRUE
75764,3.44844769465064,TRUE
75780,3.28861928133445,TRUE
75914,1.79467763189985,TRUE
75978,3.19726351064824,TRUE
76441,4.94032856563136,TRUE
76517,2.82366201518518,TRUE
76622,3.36189159775487,TRUE
76664,4.41457748396291,TRUE
76722,3.32013507052574,TRUE
76784,3.99013116687741,TRUE
76940,4.16948492794064,TRUE
77157,4.5967699821237,TRUE
77226,3.72825436190332,TRUE
77352,2.19201176450759,TRUE
77448,4.54236809902669,TRUE
77461,2.46745969765527,TRUE
77700,4.43873408323536,TRUE
77763,4.18194860414711,TRUE
77986,3.18667357882691,TRUE
78297,3.88906823484744,TRUE
78429,2.35435660872292,TRUE
78515,2.41059014914197,TRUE
78654,2.7839001798684,TRUE
78702,2.35176153971214,TRUE
78708,4.06330806064509,TRUE
79008,3.52794814566264,TRUE
79028,3.62113010027887,TRUE
79146,3.60486571443515,TRUE
79149,3.56674582735374,TRUE
79291,3.48481280162836,TRUE
79412,3.25692719887095,TRUE
79527,3.33621569243643,TRUE
79584,3.4275735738644,TRUE
79655,1.65762635745082,TRUE
79664,2.40828813045325,TRUE
79737,3.6911383173065,TRUE
79760,3.61545693564992,TRUE
79927,2.68299657471027,TRUE
80036,4.13631394915258,TRUE
80100,3.45494146486885,TRUE
80107,3.38802432494553,TRUE
80156,2.36386923457319,TRUE
80280,2.37519834034445,TRUE
80350,2.32346320650526,TRUE
80472,4.31631125438595,TRUE
80562,2.98296076457739,TRUE
80700,2.17600040659762,TRUE
80722,2.99769344054869,TRUE
80838,4.7843998582906,TRUE
80839,4.98332555336592,TRUE
80919,4.24467961062435,TRUE
80944,3.74046447875931,TRUE
81017,3.45913524939794,TRUE
81055,3.10923364565523,TRUE
81133,3.09976362755955,TRUE
81162,4.07478297688522,TRUE
81272,3.48122982530206,TRUE
81302,4.17320954643862,TRUE
81325,3.4498076966425,TRUE
81348,3.94997170049641,TRUE
81501,4.27094420667897,TRUE
81505,3.9508754395951,TRUE
81571,3.87662138332399,TRUE
81646,4.85063823692898,TRUE
81690,3.9772266219667,TRUE
81748,4.32707435449085,TRUE
81922,3.14518165145304,TRUE
81974,4.31254996918052,TRUE
81975,5,TRUE
81977,4.62833031086428,TRUE
82039,4.39869430211668,TRUE
82040,3.66945304401468,TRUE
82182,4.01717752060246,TRUE
82210,3.5493346868788,TRUE
82293,1.24148853130614,TRUE
82440,4.47910297078962,TRUE
82594,3.95095603486072,TRUE
82827,3.49588442433659,TRUE
82865,4.15999948168581,TRUE
82997,3.37928394541474,TRUE
83027,4.86854819568436,TRUE
83114,2.61215098982331,TRUE
83187,3.82253872978544,TRUE
83265,4.34258591728398,TRUE
83492,3.58916696978295,TRUE
83493,2.37276043837715,TRUE
83585,3.83796719436508,TRUE
83797,4.00152909617033,TRUE
83813,3.20116810133652,TRUE
83839,2.61344396890291,TRUE
83890,3.62789529275077,TRUE
83953,4.20381018718811,TRUE
83956,3.38355829947438,TRUE
84127,3.82010441873799,TRUE
84229,4.06537413981514,TRUE
84268,4.22711332858782,TRUE
84393,2.68270300123703,TRUE
84399,4.25082055427641,TRUE
84486,3.82380581785108,TRUE
84666,3.87876799856268,TRUE
84991,3.83564328448753,TRUE
85011,4.31363790544332,TRUE
85036,1,TRUE
85037,3.56786665179269,TRUE
85132,4.33734531775468,TRUE
85192,3.81650723697553,TRUE
85342,4.12393270737276,TRUE
85531,3.88433308941476,TRUE
85711,4.30800945598935,TRUE
85737,4.19915052322186,TRUE
85821,4.0828870754197,TRUE
86116,2.49895205293705,TRUE
86344,4.02247946990611,TRUE
86435,2.77327389889163,TRUE
86576,3.66974712304815,TRUE
86629,3.50241981346521,TRUE
86772,2.82208302069052,TRUE
86776,2.3648123959632,TRUE
86780,2.44682287928279,TRUE
86839,2.38829632510616,TRUE
86878,3.07431431186332,TRUE
87004,4.45240194914374,TRUE
87105,2.92854990634367,TRUE
87190,3.65352666234387,TRUE
87222,3.14133377620986,TRUE
87226,3.55849615832327,TRUE
87253,3.31568841846708,TRUE
87275,3.84036191418498,TRUE
87455,2.19820004004137,TRUE
87480,4.34440410724034,TRUE
87548,3.2621611306239,TRUE
87614,4.03901326927009,TRUE
87644,3.51720430818923,TRUE
87719,3.30148231799162,TRUE
87830,3.27494051927242,TRUE
87878,4.02436392996548,TRUE
87964,4.84144196612099,TRUE
88081,4.80028818712291,TRUE
88185,4.38285623193235,TRUE
88206,4.81559666092523,TRUE
88244,3.66088815091592,TRUE
88302,4.13978237982824,TRUE
88306,2.89862028084481,TRUE
88487,3.24954534422709,TRUE
88489,3.84950269509541,TRUE
88694,2.82956201990716,TRUE
88746,2.03394159752935,TRUE
88785,1.48351289936626,TRUE
88838,2.51572285440308,TRUE
89086,4.42119214700447,TRUE
89121,3.87857257157533,TRUE
89136,3.70379457307972,TRUE
89230,3.48073992882981,TRUE
89383,3.69788216760265,TRUE
89482,4.35279859749912,TRUE
89580,4.67968700960082,TRUE
89617,3.49819406373352,TRUE
89693,3.83317880709803,TRUE
89787,3.3702237531016,TRUE
89798,3.31326874238927,TRUE
89834,4.29666407833785,TRUE
90056,4.93898314150724,TRUE
90089,5,TRUE
90184,4.52770521120754,TRUE
90242,4.04239622183925,TRUE
90290,4.11705178993648,TRUE
90420,2.47317585274585,TRUE
90447,2.83256144944701,TRUE
90687,3.43312720646532,TRUE
90726,2.90692831064368,TRUE
90785,3.69618534079171,TRUE
90836,3.94492003728271,TRUE
90932,4.33898650003251,TRUE
90974,3.40364127248325,TRUE
90976,2.8422292741227,TRUE
91047,3.34766266997192,TRUE
91424,2.72842393856966,TRUE
91425,4.04770662965601,TRUE
91746,3.48088656298823,TRUE
91781,4.4309565071884,TRUE
91882,4.2222817073659,TRUE
92044,2.75002542433953,TRUE
92066,3.68442880503528,TRUE
92177,4.47087919030602,TRUE
92286,5,TRUE
92302,4.47304250134306,TRUE
92456,4.5809474256829,TRUE
92517,3.41888088496804,TRUE
92538,2.31886029671911,TRUE
92607,3.44718929000638,TRUE
92629,3.32949218239294,TRUE
92639,2.17530267792018,TRUE
92935,4.6278711232877,TRUE
93153,3.73321211060339,TRUE
93191,3.80655179407646,TRUE
93211,3.15907696588494,TRUE
93287,4.38335051268424,TRUE
93461,4.2421813952116,TRUE
93509,3.74133521716992,TRUE
93574,4.54361291698289,TRUE
93651,1.25067533004768,TRUE
93945,5,TRUE
94005,4.53478098625403,TRUE
94177,3.58077361153949,TRUE
94209,2.8832315787992,TRUE
94311,3.43770378023942,TRUE
94334,3.83478458577639,TRUE
94431,2.77174057862775,TRUE
94611,3.78444650027096,TRUE
94641,4.43440237772782,TRUE
94645,4.15090318868346,TRUE
94653,4.65419406444273,TRUE
94661,4.57968504425225,TRUE
94696,4.19426228482504,TRUE
94702,4.90269335783396,TRUE
94906,4.01974651110249,TRUE
94990,3.29604287974832,TRUE
95173,3.89614072583393,TRUE
95228,4.21674209864281,TRUE
95285,4.06119492428815,TRUE
95449,2.44605804511891,TRUE
95500,3.81574321354426,TRUE
95587,4.01861343715543,TRUE
95599,4.13413207019097,TRUE
95730,4.83942272446316,TRUE
95822,4.18930756567383,TRUE
96056,4.85644751586967,TRUE
96068,3.10117092154141,TRUE
96113,4.20474834293607,TRUE
96151,3.09667921319595,TRUE
96214,4.86685354065905,TRUE
96291,3.25111879104156,TRUE
96455,3.79389928935895,TRUE
96650,1.6412352053322,TRUE
96734,5,TRUE
96808,2.88298991836902,TRUE
96875,3.04548563654363,TRUE
97068,3.23121546604621,TRUE
97085,3.88458314214438,TRUE
97298,3.29641821532208,TRUE
97335,2.74096318875255,TRUE
97427,2.25280118249594,TRUE
97460,3.14688485531412,TRUE
97626,3.90107666660229,TRUE
97640,1.88466248988515,TRUE
97749,3.17103052220913,TRUE
97813,2.31440250440739,TRUE
97993,3.29050119260682,TRUE
98171,4.17722012531768,TRUE
98174,4.13929479388898,TRUE
98299,3.54861672225255,TRUE
98386,4.25007568844158,TRUE
98432,3.65410347371222,TRUE
98480,3.5633658431537,TRUE
98528,1.67073689246411,TRUE
98846,3.33182060872717,TRUE
98901,2.78618288920697,TRUE
98914,2.7194448005938,TRUE
99202,4.43451596242974,TRUE
99253,5,TRUE
99311,2.59430310601085,TRUE
99396,2.98971727149994,TRUE
99561,4.08735307994276,TRUE
99670,1.26722527877645,TRUE
99730,4.14846597332596,TRUE
100069,2.88030503244839,TRUE
100212,2.9799042927996,TRUE
100334,4.56492422066712,TRUE
100373,3.61558885361779,TRUE
100405,2.52082465140328,TRUE
100510,4.26860592284974,TRUE
100806,3.14944222569679,TRUE
100943,2.36477524420737,TRUE
100967,3.10236806816576,TRUE
100974,1.26579157656804,TRUE
101086,4.78633293489891,TRUE
101293,2.75862881486754,TRUE
101305,1.84664059297077,TRUE
101317,3.98014944925434,TRUE
101492,2.25292217502149,TRUE
101497,2.82790506312886,TRUE
101602,4.33162370628501,TRUE
101661,4.93310467006786,TRUE
101709,2.86119009403441,TRUE
101860,4.06053954944971,TRUE
101931,3.71494425672323,TRUE
102058,3.95856066905621,TRUE
102082,3.7897933892418,TRUE
102110,3.72679258799229,TRUE
102258,3.78152325086223,TRUE
102262,4.41694337322065,TRUE
102500,4.027795282861,TRUE
102593,3.84516933804101,TRUE
102620,3.00601852717897,TRUE
102914,2.21226257456134,TRUE
102976,4.73966778836957,TRUE
103033,1,TRUE
103072,3.64314056860585,TRUE
103303,3.22333826861655,TRUE
103366,2.05885421342093,TRUE
103594,3.43172562623254,TRUE
103766,4.72524330499788,TRUE
103896,4.55581632868215,TRUE
104005,4.08226733400865,TRUE
104086,3.68740797787324,TRUE
104103,4.48949783495269,TRUE
104173,3.28992681997939,TRUE
104211,3.20171669879511,TRUE
104221,3.27825269012021,TRUE
104257,2.89703167902237,TRUE
104261,4.76938760285146,TRUE
104547,3.01218199292279,TRUE
104629,4.22826807848119,TRUE
104673,4.58150244300383,TRUE
104695,1,TRUE
104702,4.26822847811269,TRUE
105069,4.10924865690935,TRUE
105121,3.4391422437828,TRUE
105150,4.00759522596049,TRUE
105209,3.90188780264707,TRUE
105264,4.18726421166425,TRUE
105462,2.13497462857622,TRUE
105480,4.55713281976811,TRUE
105483,4.21841611491427,TRUE
105737,2.3829077626729,TRUE
105763,2.11766100291661,TRUE
105875,3.00979750641368,TRUE
105879,3.24902210157308,TRUE
106148,1.76839642333482,TRUE
106407,4.16976632467413,TRUE
106501,2.61861009081795,TRUE
106538,4.30351989759781,TRUE
106774,3.28430544340103,TRUE
106780,4.03916989214459,TRUE
106865,3.80485061456283,TRUE
107012,2.40638792349745,TRUE
107040,3.54390049445417,TRUE
107094,3.30455730476345,TRUE
107478,1,TRUE
107585,4.36907374184365,TRUE
107709,3.58407046201791,TRUE
107711,3.13670397017226,TRUE
107934,3.24875948972913,TRUE
108204,3.45796391320186,TRUE
108301,3.88854182278428,TRUE
108526,3.96220763805029,TRUE
108700,3.73959441053475,TRUE
109020,2.72643640698587,TRUE
109233,4.58016046202403,TRUE
109239,5,TRUE
109312,4.48163807330655,TRUE
109377,4.43415435869924,TRUE
109415,4.42959660432749,TRUE
109484,3.71778730565609,TRUE
109681,4.41673430359373,TRUE
109776,3.94918382912121,TRUE
109922,4.29826042822816,TRUE
110008,4.94616935339159,TRUE
110087,3.62563900805954,TRUE
110093,3.99084099098945,TRUE
110133,4.29505508811736,TRUE
110185,3.69235732261089,TRUE
110258,3.58231920309478,TRUE
110315,3.25227119618801,TRUE
110443,3.15958572314501,TRUE
110509,3.56970820956253,TRUE
110519,4.13040121840137,TRUE
110852,3.73886307258823,TRUE
110906,3.18182524825009,TRUE
110937,3.85115897640083,TRUE
110981,3.43849443667319,TRUE
111142,4.56295214204588,TRUE
111266,3.74390512786959,TRUE
111309,4.1972624552223,TRUE
111462,3.50186825650709,TRUE
111465,3.08349245477552,TRUE
111523,3.61408283288787,TRUE
111528,3.57575472192714,TRUE
111584,2.66132807042414,TRUE
111680,3.59640301679204,TRUE
111707,3.45242945869901,TRUE
111838,3.13992916529076,TRUE
112286,4.64452395687153,TRUE
112294,3.78521499698658,TRUE
112306,3.26211293617748,TRUE
112329,3.75187641802197,TRUE
112331,3.08578038587179,TRUE
112700,4.23466813453304,TRUE
112814,2.5321390804418,TRUE
112929,4.93678547909624,TRUE
112948,2.20741331870552,TRUE
112995,4.58950493358012,TRUE
113015,3.90601654187521,TRUE
113062,3.4196594650467,TRUE
113077,4.46817725461385,TRUE
113313,2.80636551339408,TRUE
113373,3.34473086230092,TRUE
113508,4.09406080513328,TRUE
113588,4.17592590956633,TRUE
113673,4.10856901423485,TRUE
113773,3.1737312137166,TRUE
113801,3.88025732917868,TRUE
113830,3.66453371406372,TRUE
113907,4.27043408495235,TRUE
114139,3.87140651833276,TRUE
114267,3.81973671310875,TRUE
114414,2.45754947881573,TRUE
114426,4.52568874512222,TRUE
114427,3.44590742157507,TRUE
114621,4.13687815761168,TRUE
114649,2.75558377406181,TRUE
114677,1.90573862653658,TRUE
114791,1.59796692237497,TRUE
114798,1.27181452901701,TRUE
114915,2.84334788965745,TRUE
115053,2.3537889549463,TRUE
115075,1.12684539252996,TRUE
115115,4.70573274788453,TRUE
115247,3.51176863518007,TRUE
115269,3.39155468193962,TRUE
115355,3.44987701196577,TRUE
115360,3.15547131449269,TRUE
115399,3.79871444909165,TRUE
115580,3.40334479249525,TRUE
115651,4.83057022372903,TRUE
115672,3.89792159102598,TRUE
115796,3.93299682301626,TRUE
115815,3.67644580310089,TRUE
116225,3.72657297631494,TRUE
116311,2.23523929732831,TRUE
116494,2.46833302177836,TRUE
116539,4.21785789454467,TRUE
116824,2.95696954786986,TRUE
116840,2.12129400356002,TRUE
116938,2.72816985971119,TRUE
116965,3.73492560242163,TRUE
117219,4.22477808389964,TRUE
117284,4.37255700883723,TRUE
117423,3.57244165894396,TRUE
117445,3.21244619961321,TRUE
117487,2.28048190848157,TRUE
117641,3.06273579976592,TRUE
117964,3.31704703789606,TRUE
117987,3.97838512266077,TRUE
118131,4.44150769994991,TRUE
118228,2.99993638194071,TRUE
118234,3.07813628684596,TRUE
118242,3.46594327258561,TRUE
118301,2.69982442997458,TRUE
118488,2.9983761412463,TRUE
118794,3.33606266171269,TRUE
118835,5,TRUE
119144,3.83394291203784,TRUE
119294,3.20702173546316,TRUE
119338,3.73295762741232,TRUE
119348,2.74552551627328,TRUE
119356,3.04577459942428,TRUE
119517,2.98145314988358,TRUE
119634,3.12398558583604,TRUE
119979,3.3012009688728,TRUE
119985,3.37690418578965,TRUE
120356,2.18312895845712,TRUE
120650,2.933976690103,TRUE
120725,2.19461801021553,TRUE
120767,3.42924408968857,TRUE
120906,2.65995321407615,TRUE
120967,2.24246979964762,TRUE
121141,3.96967201017433,TRUE
121267,3.0308826246402,TRUE
121338,2.98156175800334,TRUE
121472,1,TRUE
121540,3.12976483987536,TRUE
121698,2.8802226108833,TRUE
121790,3.70329732984789,TRUE
121836,4.31768899166967,TRUE
121970,3.45240552990794,TRUE
121976,3.69072191696161,TRUE
122020,3.36992966246099,TRUE
122074,2.59563235591955,TRUE
122139,3.14187810535792,TRUE
122168,4.18005962430863,TRUE
122174,3.20079685610178,TRUE
122280,3.5707131311149,TRUE
122327,2.15378277874878,TRUE
122464,4.76489613472115,TRUE
122525,4.26485884826716,TRUE
122665,3.80715775941382,TRUE
122744,4.0369484808435,TRUE
122834,3.78136733766346,TRUE
122920,3.42756365748542,TRUE
122976,2.86533409346524,TRUE
123064,3.98936761995069,TRUE
123085,3.80573342160094,TRUE
123118,4.1750755294076,TRUE
123207,2.24402287855939,TRUE
123247,3.56353913470424,TRUE
123846,4.57570967287419,TRUE
123971,4.34205753701232,TRUE
124038,2.23961646499641,TRUE
124039,3.36973198774956,TRUE
124309,4.86906880942407,TRUE
124634,4.09646553117483,TRUE
124665,4.50825752944001,TRUE
124722,3.4254807613701,TRUE
124896,3.85556914257741,TRUE
125024,3.5904408109017,TRUE
125027,3.20545674700283,TRUE
125125,4.60606710155652,TRUE
125137,3.98807847942862,TRUE
125159,4.62933260456417,TRUE
125210,4.26653386219378,TRUE
125319,2.57476316348653,TRUE
125353,4.80369758614407,TRUE
125437,3.51912522861163,TRUE
125602,2.87323507538944,TRUE
125925,4.54419638717719,TRUE
126014,4.39287254150088,TRUE
126137,3.20238518748543,TRUE
126197,4.32751702060966,TRUE
126277,2.81150216533605,TRUE
126372,4.1849179173122,TRUE
126440,2.92926227146653,TRUE
126604,4.32617978580763,TRUE
126681,4.14750868063155,TRUE
126795,4.97343762878855,TRUE
126797,4.53207282374829,TRUE
126961,2.96844915500552,TRUE
127148,3.2084583565162,TRUE
127499,3.9241723502807,TRUE
127640,3.34661280363852,TRUE
127703,4.42806417490035,TRUE
127726,3.98956192818573,TRUE
127733,3.94307121095273,TRUE
127967,3.5305432093157,TRUE
128096,3.14466552792835,TRUE
128216,3.85580301265331,TRUE
128217,4.89480757595206,TRUE
128236,4.00471065837082,TRUE
128250,3.93929332220497,TRUE
128459,1,TRUE
128580,4.00872359892384,TRUE
128642,4.38902365216421,TRUE
128713,2.04705781204141,TRUE
128785,1.69814144595385,TRUE
128893,4.83813589069795,TRUE
128897,4.8665899913798,TRUE
128967,4.2009730894554,TRUE
129036,3.19066509888378,TRUE
129117,2.96547560182486,TRUE
129266,3.45103850648926,TRUE
129408,3.8611629813084,TRUE
129534,4.11103956115225,TRUE
129610,4.6983131112411,TRUE
129726,4.51494922525012,TRUE
129834,2.71965573688475,TRUE
129993,4.45314181284861,TRUE
130065,4.58868587661642,TRUE
130072,4.04249523658851,TRUE
130215,4.50069143703217,TRUE
130554,4.22181578137326,TRUE
130568,3.67579589405231,TRUE
130640,4.61921736677879,TRUE
130651,3.83605955281326,TRUE
130699,3.57944637446169,TRUE
130757,4.51878223398231,TRUE
130923,3.00713819067895,TRUE
131116,2.47438766642565,TRUE
131203,4.71532551694286,TRUE
131211,3.04368001720594,TRUE
131228,2.39487856158713,TRUE
131239,2.4187451804566,TRUE
131256,2.13801380206443,TRUE
131348,2.4796184516051,TRUE
131689,3.14939986789209,TRUE
131701,2.40264405625463,TRUE
131736,2.44496264345608,TRUE
131739,2.23926448590237,TRUE
131819,2.75905300831776,TRUE
132048,3.15660368468811,TRUE
132071,3.32121560993925,TRUE
132112,3.79934559211494,TRUE
132195,3.01370547547865,TRUE
132226,2.88125630821409,TRUE
132474,3.55312257608535,TRUE
132645,3.83369784017281,TRUE
132768,3.84593899370513,TRUE
133530,2.93390420109245,TRUE
133650,3.34579804666522,TRUE
133841,4.19623395904072,TRUE
133872,4.05086470609123,TRUE
133874,3.31658128642237,TRUE
133907,2.56083161604896,TRUE
133930,3.35673637336705,TRUE
134042,3.69582448125783,TRUE
134082,3.30767994434404,TRUE
134137,3.33011653606187,TRUE
134160,3.5585011441887,TRUE
134343,3.1360441606447,TRUE
134461,3.21591183328021,TRUE
134476,3.3999388245856,TRUE
134556,2.32564779774975,TRUE
134656,3.15907954598007,TRUE
134717,4.23079549384292,TRUE
134793,4.42445978147518,TRUE
134843,2.53968657602133,TRUE
134854,3.44493014749154,TRUE
135030,4.22738637989523,TRUE
135156,4.48447987425034,TRUE
135271,4.21376105137136,TRUE
135532,2.5081091427533,TRUE
135633,4.65032738918286,TRUE
136249,4.12322263249468,TRUE
136315,2.1895770071485,TRUE
136388,2.37860817095193,TRUE
136472,2.81701542646932,TRUE
136581,2.9695762144846,TRUE
136603,2.09649420334376,TRUE
136695,3.14538987594123,TRUE
136848,2.63257999210869,TRUE
136881,3.09692946362011,TRUE
137016,2.97806809269412,TRUE
137031,2.21436058971849,TRUE
137237,3.14574624321147,TRUE
137294,4.81324138967766,TRUE
137358,3.60422729711375,TRUE
137396,3.77829667214887,TRUE
137542,3.33788029956413,TRUE
137696,3.92830151200122,TRUE
137705,3.85114165928549,TRUE
137756,3.99254610229984,TRUE
137757,3.7237730692601,TRUE
137787,2.43369451846105,TRUE
137795,3.88243146836893,TRUE
137902,2.89965873524151,TRUE
137941,3.76716853052672,TRUE
137983,3.70871026892803,TRUE
138013,2.65608322159837,TRUE
138037,2.35656693863287,TRUE
138185,2.16751799744945,TRUE
138226,1.96480903667851,TRUE
138342,2.23926178182395,TRUE
138345,2.84482777660289,TRUE
138647,2.94531418436208,TRUE
138657,3.66840332497823,TRUE
138764,3.1922677072442,TRUE
138771,2.91030562726063,TRUE
138774,3.67811928311673,TRUE
138963,1,TRUE
138976,2.81810900509489,TRUE
139066,2.073302882121,TRUE
139175,4.82253982461228,TRUE
139223,4.24868868930947,TRUE
139530,3.55219575917262,TRUE
139553,3.78035732668965,TRUE
139928,2.83154865989037,TRUE
140013,4.80192798629494,TRUE
140067,4.12746518501572,TRUE
140132,3.30035243433835,TRUE
140363,4.27235643628215,TRUE
140465,2.95229299156818,TRUE
140603,3.47945202812777,TRUE
140703,3.43083382939723,TRUE
140757,3.55708550865009,TRUE
140830,4.39690916635699,TRUE
141257,3.28010754529261,TRUE
141373,4.09985919579291,TRUE
141702,3.92861612355635,TRUE
141712,4.06244792518194,TRUE
141753,3.82407399461534,TRUE
141784,3.54747964972424,TRUE
141841,2.04370531509717,TRUE
141894,2.92009337192403,TRUE
142091,4.61350200761759,TRUE
142129,4.00207643093999,TRUE
142143,2.65870773590902,TRUE
142153,3.2390411912438,TRUE
142179,2.67434488339772,TRUE
142240,3.3615418634154,TRUE
142251,4.10557120587707,TRUE
142265,3.14799105739575,TRUE
142309,3.64871671316755,TRUE
142370,4.4113178175681,TRUE
142478,4.71792652121107,TRUE
142525,3.76626605372854,TRUE
142613,3.47102100719143,TRUE
142755,3.46232768340102,TRUE
142814,3.42088523209101,TRUE
142867,4.63825837714794,TRUE
142941,4.11113890437483,TRUE
143028,3.50676665435878,TRUE
143090,4.37045690601159,TRUE
143195,4.716745189257,TRUE
143312,3.90487539186661,TRUE
143329,3.87443979568432,TRUE
143467,3.02649809480966,TRUE
143481,4.84654966989291,TRUE
143571,3.88719387948393,TRUE
143688,2.32532864436276,TRUE
143691,2.8136972671336,TRUE
143774,4.78487271803035,TRUE
143906,4.12717801531846,TRUE
143970,4.30722150194275,TRUE
144133,4.38995890505882,TRUE
144137,3.79326872107709,TRUE
144244,4.52589127502175,TRUE
144286,3.70465529117356,TRUE
144340,3.54333750165379,TRUE
144430,3.42756975045334,TRUE
144673,3.60734417513103,TRUE
144689,4.0669989006398,TRUE
144769,2.87845426569358,TRUE
144865,3.23596618404333,TRUE
144873,2.76437195902212,TRUE
145032,2.79638527741952,TRUE
145085,2.12147830793221,TRUE
145129,3.89262813941895,TRUE
145186,3.45382080805225,TRUE
145299,2.4599040368395,TRUE
145493,2.71441914142804,TRUE
145731,3.84923570165265,TRUE
145873,4.78284413206691,TRUE
146001,4.05366180681566,TRUE
146109,4.17684067857826,TRUE
146259,4.17773764437813,TRUE
146278,3.8481628813092,TRUE
146433,4.8135630184186,TRUE
146460,3.92723220197226,TRUE
146792,3.50929477391395,TRUE
146884,4.95890863451409,TRUE
147021,4.88774143221098,TRUE
147027,3.61911494219249,TRUE
147065,3.52981354519007,TRUE
147072,3.57579690662642,TRUE
147235,2.77118923285054,TRUE
147378,4.31996678983826,TRUE
147423,4.29232532030414,TRUE
147449,3.66542547729129,TRUE
147501,3.67204441650341,TRUE
147655,3.21500069815513,TRUE
147714,4.0124017779529,TRUE
147735,3.6521199924664,TRUE
147958,4.2432311540811,TRUE
148083,3.60560420508008,TRUE
148257,3.20311342797777,TRUE
148272,4.10653964554945,TRUE
148340,4.19781102129761,TRUE
148398,3.1425998857771,TRUE
148556,3.82140956606319,TRUE
148608,4.62740253090081,TRUE
148719,4.85612465885744,TRUE
148746,4.38238164511648,TRUE
148760,4.21587031992311,TRUE
148884,4.52036305443979,TRUE
148909,4.7008193769743,TRUE
149262,2.77368475777559,TRUE
149264,4.15095656079879,TRUE
149344,4.36888231284774,TRUE
149459,3.43249638039063,TRUE
149631,2.20851952138154,TRUE
149689,3.98293274790962,TRUE
149886,3.80056714197685,TRUE
149971,4.32021951622111,TRUE
149981,3.85039263922145,TRUE
150006,3.42347925992365,TRUE
150152,3.93359213581977,TRUE
150155,3.61192176007526,TRUE
150305,2.82320162061829,TRUE
150393,2.66496219318356,TRUE
150484,3.48443897278337,TRUE
150493,2.8749826739366,TRUE
150539,2.55559620501574,TRUE
150785,3.79302399720391,TRUE
150952,4.58235674229414,TRUE
151043,3.79250933042145,TRUE
151084,3.73882078237153,TRUE
151250,3.89473858702594,TRUE
151264,3.59284488855208,TRUE
151395,1.82715048966362,TRUE
151522,3.96877018653177,TRUE
151562,3.692839549075,TRUE
151586,3.16331627221953,TRUE
152021,3.78589390210688,TRUE
152034,3.5436480927179,TRUE
152069,4.11784736702188,TRUE
152314,3.31648769621323,TRUE
152321,1,TRUE
152348,1.75371697329663,TRUE
152351,3.19976046748546,TRUE
152387,3.8136528518767,TRUE
152392,4.12836552833899,TRUE
152622,4.27586317725744,TRUE
152664,5,TRUE
152779,3.71492745497633,TRUE
152881,3.22327705135096,TRUE
152909,2.20577987181506,TRUE
152998,4.03924481257027,TRUE
153099,4.25873885422176,TRUE
153345,4.024073356522,TRUE
153654,4.7144369544168,TRUE
153813,4.78191422929272,TRUE
153973,3.4234481761628,TRUE
154199,2.89203963021378,TRUE
154231,4.11182270835987,TRUE
154283,3.8793375649431,TRUE
154623,4.72245410951109,TRUE
154796,2.73731830797471,TRUE
154813,3.07422644328487,TRUE
154835,3.77856745299546,TRUE
154887,3.00336842892339,TRUE
154918,3.22354089707226,TRUE
155166,4.2742194854981,TRUE
155295,4.53798388558317,TRUE
155707,3.0450943284432,TRUE
155770,3.02964402260443,TRUE
156148,3.16396927742799,TRUE
156173,3.7980986731629,TRUE
156213,4.23119530996943,TRUE
156239,3.89041516900767,TRUE
156281,2.62905775722299,TRUE
156294,1,TRUE
156384,4.29358243210283,TRUE
156452,2.8899530025269,TRUE
156558,2.12200661809014,TRUE
156711,1.01118608604762,TRUE
156736,2.93249058271849,TRUE
156882,2.00009412839705,TRUE
157067,2.85527586744838,TRUE
157069,2.85838186609193,TRUE
157181,3.4032216622265,TRUE
157200,3.36633138209501,TRUE
157247,1.5802708370446,TRUE
157278,2.44821530548352,TRUE
157586,3.64230504937456,TRUE
157653,4.42578140472736,TRUE
157722,3.47806194393912,TRUE
157820,4.74169565999314,TRUE
158042,4.04207195094552,TRUE
158050,2.20363910445567,TRUE
158169,3.35205662598318,TRUE
158292,3.13858191486668,TRUE
158354,2.82017328641415,TRUE
158570,4.08748864601676,TRUE
158622,4.39451246474647,TRUE
158863,3.78198178140666,TRUE
159063,3.71364556169851,TRUE
159343,4.02347193193653,TRUE
159544,4.64729546178727,TRUE
159605,5,TRUE
159716,1,TRUE
159820,3.61996659444175,TRUE
159865,3.36455218082862,TRUE
159913,3.81091978716887,TRUE
160017,3.6677552326026,TRUE
160036,4.07528552906071,TRUE
160191,3.34824706480772,TRUE
160920,3.81789171581547,TRUE
160990,1.34320774145366,TRUE
161059,3.97796685056484,TRUE
161104,3.23709154069472,TRUE
161325,3.39369526196322,TRUE
161412,1.83356952963187,TRUE
161509,3.66601679735006,TRUE
161539,3.47811404182598,TRUE
161619,2.48117706164819,TRUE
161697,3.96489960687969,TRUE
162044,4.1713012682313,TRUE
162187,3.4630179860363,TRUE
162375,2.90039641807453,TRUE
162576,3.67500714224089,TRUE
162759,3.09565865403663,TRUE
162836,4.69740841180162,TRUE
162953,4.57634716563253,TRUE
163026,4.51326332987604,TRUE
163080,4.9733712191842,TRUE
163106,1,TRUE
163159,3.13728089987586,TRUE
163232,2.43438342837293,TRUE
163237,3.62683352222502,TRUE
163620,2.66679520528094,TRUE
163830,3.04984834382234,TRUE
163854,3.19837770614844,TRUE
163918,3.39529701680374,TRUE
164243,3.1234292807899,TRUE
164283,2.95677733082015,TRUE
164298,4.82548893833698,TRUE
164312,3.67326442440827,TRUE
164384,3.17923698446768,TRUE
164599,2.69368655558314,TRUE
164758,3.46573452276472,TRUE
164991,4.06247519067011,TRUE
165051,5,TRUE
165099,3.07592529638255,TRUE
165122,3.67422312504669,TRUE
165157,2.31830688362451,TRUE
165195,1.55859080974994,TRUE
165219,3.25073279651957,TRUE
165243,3.33023508042775,TRUE
165327,3.09412990683393,TRUE
165372,3.685399934288,TRUE
165380,3.4415361451575,TRUE
165471,4.225005389786,TRUE
165523,5,TRUE
165633,2.0680607798069,TRUE
165909,4.2151751542257,TRUE
165996,3.52951982909299,TRUE
166080,3.67825214072519,TRUE
166090,3.90356592394413,TRUE
166134,3.76761454059121,TRUE
166156,3.23748806546758,TRUE
166393,3.37225927264165,TRUE
166524,3.19879751936662,TRUE
166755,2.94080586904349,TRUE
166777,4.46208387097044,TRUE
166810,3.90623824669283,TRUE
166928,5,TRUE
167016,3.42789839818815,TRUE
167106,4.3195737569055,TRUE
167160,1,TRUE
167312,3.52488021611281,TRUE
167361,3.14315176672363,TRUE
167605,4.79686536905386,TRUE
167621,4.31770899229978,TRUE
167636,3.73764798509334,TRUE
167879,4.41837377331606,TRUE
168052,4.49983378139826,TRUE
168587,2.88557148598584,TRUE
168671,1.58511401596643,TRUE
168739,4.38255378315592,TRUE
168776,1.88968242318847,TRUE
168783,3.11441692042902,TRUE
168949,4.81274068270603,TRUE
169408,1.7920470775683,TRUE
169552,4.77050684581114,TRUE
169566,5,TRUE
169634,4.47358672977456,TRUE
169798,4.07624410844164,TRUE
169818,3.27847318793773,TRUE
169851,4.53837850974619,TRUE
169955,3.8240826262885,TRUE
170038,2.5780303529756,TRUE
170164,3.68314443170312,TRUE
170178,3.25261152444242,TRUE
170189,2.50534448386138,TRUE
170278,3.66010442504867,TRUE
170370,4.09747264831441,TRUE
170644,4.80539344359552,TRUE
170672,4.32927201498514,TRUE
170724,4.78268938246497,TRUE
170751,3.86541125448313,TRUE
170789,2.40277972158059,TRUE
170818,4.04325840547087,TRUE
170953,3.20442827880897,TRUE
171031,3.51132658647174,TRUE
171110,2.86211914814932,TRUE
171127,2.742477921365,TRUE
171244,3.45882676752611,TRUE
171513,4.0687332166402,TRUE
171530,2.01579134133132,TRUE
171911,3.97911679749159,TRUE
171921,3.08577977978339,TRUE
172007,4.24508281699328,TRUE
172034,2.86591677084396,TRUE
172090,3.22303868772112,TRUE
172273,3.41966084425817,TRUE
172314,2.85975680762925,TRUE
172328,4.69729705662447,TRUE
172462,2.85200136794192,TRUE
172561,3.23544673115976,TRUE
172785,1.71366929794751,TRUE
172807,1.92237521435432,TRUE
173072,3.94499282635716,TRUE
173452,2.27196772544516,TRUE
173565,1,TRUE
173619,1.20494111664531,TRUE
173647,2.98292159766302,TRUE
173696,2.6294905194738,TRUE
173703,1,TRUE
173736,1.32673084189822,TRUE
173751,3.64934539431353,TRUE
173776,2.14737748098018,TRUE
174012,3.72786848122801,TRUE
174096,2.53135848934577,TRUE
174132,3.74515563325332,TRUE
174147,2.71697775495214,TRUE
174168,3.18045496185552,TRUE
174592,4.45135023281626,TRUE
174691,2.31924510613259,TRUE
174694,4.83263311193944,TRUE
174717,3.33210657643607,TRUE
174894,3.75811806615264,TRUE
175068,1.88065914055779,TRUE
175136,3.58975806375611,TRUE
175212,1.32963422641446,TRUE
175213,3.84462587806943,TRUE
175249,4.20978671448144,TRUE
175302,2.47408498413508,TRUE
175525,4.42024903092027,TRUE
175588,4.39418109786854,TRUE
175698,2.03999529644238,TRUE
175756,3.80361693194675,TRUE
175849,4.54181935893182,TRUE
175868,4.11631393258211,TRUE
175934,4.39014860799504,TRUE
176343,3.88246160433442,TRUE
176468,3.72801582548302,TRUE
176487,3.57888208756887,TRUE
176522,3.90713757297076,TRUE
176530,4.36998644232834,TRUE
176648,3.65520164832296,TRUE
176804,3.30596046820935,TRUE
176896,4.9322997717934,TRUE
176956,4.95132700652045,TRUE
177030,3.25897580759823,TRUE
177141,2.90170177364264,TRUE
177162,4.08467090187145,TRUE
177283,3.6343709792228,TRUE
177691,4.1952806378252,TRUE
177695,4.18499541431874,TRUE
177842,3.50220152226879,TRUE
178080,4.28681984931698,TRUE
178148,4.06345010280063,TRUE
178577,3.97834279545416,TRUE
178739,3.4185831720957,TRUE
178745,2.62970790623787,TRUE
178752,4.17852109902593,TRUE
178768,3.79954769116875,TRUE
178784,3.7483473463015,TRUE
178801,3.71046363275491,TRUE
178838,2.16013794277888,TRUE
178844,2.20615563807442,TRUE
178911,2.36345590625061,TRUE
178928,1.85877105693556,TRUE
179302,4.45597045280311,TRUE
179562,3.86279198674486,TRUE
179721,2.49892775469802,TRUE
179765,2.91371031121381,TRUE
179806,3.15991291080466,TRUE
179826,3.33469696545805,TRUE
179859,3.39633600231057,TRUE
179981,3.84829813423269,TRUE
180069,3.98691906642121,TRUE
180377,3.5792763934318,TRUE
180463,3.47031136768866,TRUE
180804,3.93369164944688,TRUE
181008,4.65954770691227,TRUE
181042,4.42597239383899,TRUE
181128,4.2748126546202,TRUE
181216,3.81867227210587,TRUE
181251,2.87785127210702,TRUE
181295,3.60961191495935,TRUE
181338,2.57499644883374,TRUE
181392,4.45204957415003,TRUE
181440,5,TRUE
181507,4.25267218261289,TRUE
181605,2.71221926150272,TRUE
181652,4.36960365761667,TRUE
181729,2.95761821067367,TRUE
181743,2.70883146846384,TRUE
181774,3.75868452570773,TRUE
181956,4.38804907136546,TRUE
182050,3.94587185743122,TRUE
182101,3.82806952285585,TRUE
182134,3.80605583482456,TRUE
182223,4.13595393050589,TRUE
182241,4.37204787885773,TRUE
182257,3.64250780458209,TRUE
182317,4.00637368937861,TRUE
182381,4.28140631336796,TRUE
182636,4.0432923315011,TRUE
182901,3.20751412082552,TRUE
183002,3.42461066116453,TRUE
183018,2.42112963469453,TRUE
183263,4.19741961219303,TRUE
183513,4.47588957785708,TRUE
183538,4.01127634733412,TRUE
183582,4.04371669980921,TRUE
183771,3.47041691228041,TRUE
183796,1.78471737576397,TRUE
183798,4.18946112320038,TRUE
183896,2.44978689173626,TRUE
183899,1.99135950379088,TRUE
184235,4.29448862228171,TRUE
184260,3.64223850763642,TRUE
184325,4.13078065955562,TRUE
184390,3.15467864822457,TRUE
184427,3.82797605781974,TRUE
184717,2.27018743128902,TRUE
184739,2.08352705233633,TRUE
184791,3.20742186363441,TRUE
184799,2.3907133884037,TRUE
184810,3.50911282638963,TRUE
184893,2.52383290944414,TRUE
184941,1.62967223856616,TRUE
185009,1.72340590550292,TRUE
185028,3.26379261602903,TRUE
185338,2.64125856081907,TRUE
185339,2.64298867921165,TRUE
185425,2.97547998274064,TRUE
185755,2.84424531399844,TRUE
185785,2.99042189724597,TRUE
185800,1.6646287705448,TRUE
185919,2.95538037662728,TRUE
185926,2.89272503265162,TRUE
186153,1.30520251002226,TRUE
186385,3.43239087667658,TRUE
186418,3.63996340449004,TRUE
186456,2.27908609132529,TRUE
186481,2.62052537383363,TRUE
186555,2.46197064925509,TRUE
186768,2.69170480655232,TRUE
186772,4.53804599014575,TRUE
186841,4.12569309195844,TRUE
186963,2.92420475898781,TRUE
187064,3.39104981496274,TRUE
187083,2.69626066071999,TRUE
187135,4.79746747185252,TRUE
187377,3.64744397364739,TRUE
187454,4.07909177357617,TRUE
187473,3.98536757318933,TRUE
187558,4.37052395210332,TRUE
187560,3.0086377625569,TRUE
187594,3.86586589936664,TRUE
187729,3.75397224473174,TRUE
187784,3.62905582568245,TRUE
187830,3.38917083554271,TRUE
187887,4.440121050228,TRUE
187898,3.65901007723355,TRUE
187920,1.787663027447,TRUE
188041,3.5148245515854,TRUE
188086,3.64409662860922,TRUE
188088,3.69150239242886,TRUE
188556,4.08133769080952,TRUE
188559,4.33519648954971,TRUE
188599,3.69656535700885,TRUE
188868,2.79847049268066,TRUE
188870,3.55860057891329,TRUE
188969,2.97349868988126,TRUE
189175,2.51654863550895,TRUE
189441,3.63694438088439,TRUE
189564,2.9044389110925,TRUE
189714,4.06712640811821,TRUE
189771,4.95920460046508,TRUE
189971,3.09520816990366,TRUE
190117,3.14664168072964,TRUE
190126,4.43268476025153,TRUE
190254,3.71771393163907,TRUE
190371,1.78064187455,TRUE
190378,3.37776688441043,TRUE
190506,3.22924309076728,TRUE
190539,3.04308843481483,TRUE
190737,2.29323784902592,TRUE
190738,1.99838978993134,TRUE
190740,1.91203090611302,TRUE
190946,2.66379834676656,TRUE
190958,2.48783219351392,TRUE
191185,3.09277571047226,TRUE
191195,3.22743508155013,TRUE
191261,2.56563823624442,TRUE
191274,2.99749084895531,TRUE
191278,2.75864968310081,TRUE
191364,3.20775937907589,TRUE
191485,2.22223360754193,TRUE
191843,4.44755666260869,TRUE
191905,4.43131817526952,TRUE
191921,3.65842655657501,TRUE
191926,3.97285338684138,TRUE
191932,2.65190974126997,TRUE
192227,4.70344975085165,TRUE
192230,3.78044983573293,TRUE
192297,3.86864245537495,TRUE
192325,2.7126156745582,TRUE
192816,3.51730579073042,TRUE
192836,2.15097826705096,TRUE
192948,4.98565951769685,TRUE
192969,4.64971443974077,TRUE
193158,2.56778081460218,TRUE
193270,2.95552546485256,TRUE
193345,2.53917022275064,TRUE
193543,2.64669176267222,TRUE
193546,3.57622527583279,TRUE
193591,4.0741743820205,TRUE
193912,3.05993922299052,TRUE
193932,4.28684452310706,TRUE
194032,3.33205777329541,TRUE
194087,4.4954569512442,TRUE
194220,3.71118098743619,TRUE
194284,1.8327733799995,TRUE
194289,2.37063391011452,TRUE
194420,3.580273024679,TRUE
194441,4.05941754805316,TRUE
194482,4.49491938500459,TRUE
194513,2.91144305515517,TRUE
194547,4.39887961144358,TRUE
194824,2.20496952085868,TRUE
194917,2.08784816299404,TRUE
195011,2.86844747566953,TRUE
195089,3.46643175549677,TRUE
195122,4.30060927771709,TRUE
195244,4.34917834454715,TRUE
195281,3.58038710012763,TRUE
195299,4.29270035863602,TRUE
195315,2.58884995851998,TRUE
195388,3.66758576962911,TRUE
195425,3.93429019002291,TRUE
195548,3.47515008565463,TRUE
195918,4.18704450023296,TRUE
196020,4.52600360281456,TRUE
196054,4.11119123615804,TRUE
196150,3.65772632172606,TRUE
196158,4.16402584938455,TRUE
196251,3.02637840573471,TRUE
196617,2.67253773224969,TRUE
196734,2.49683149799778,TRUE
197062,2.73597252812368,TRUE
197090,2.96123561120472,TRUE
197157,3.59575344354663,TRUE
197419,4.91599811305776,TRUE
197470,4.45462579097634,TRUE
197550,3.53210668385896,TRUE
197568,3.13468727536968,TRUE
197645,4.03948088637955,TRUE
197660,2.19034800252572,TRUE
197786,5,TRUE
197847,2.14234044154617,TRUE
197974,3.41251098338239,TRUE
198036,2.56297862720313,TRUE
198116,3.36048434508283,TRUE
198281,4.25748397146013,TRUE
198593,4.27131991708345,TRUE
198700,4.31585664667422,TRUE
198797,3.25377043515511,TRUE
198883,4.4017983033742,TRUE
198944,4.42953445694048,TRUE
198952,1.8488550265603,TRUE
199117,4.07584761157009,TRUE
199204,3.88895388372965,TRUE
199223,4.1072863321307,TRUE
199368,3.46886697017603,TRUE
199376,4.12165534442626,TRUE
199472,4.72920025703155,TRUE
199516,3.05331273681244,TRUE
199558,4.24944926265902,TRUE
199571,3.31942820101386,TRUE
199591,4.88059945601903,TRUE
199627,3.83645348675084,TRUE
199672,3.11943264879741,TRUE
199814,4.27800500651589,TRUE
199898,4.24968324017435,TRUE
199986,2.78742489141979,TRUE
199989,3.77126136828923,TRUE
200021,4.34975312181771,TRUE
200066,4.37311540378661,TRUE
200116,3.55829522505631,TRUE
200153,3.66083778642245,TRUE
200241,4.45045351055431,TRUE
200492,4.51071832294204,TRUE
200524,2.77599598104359,TRUE
200560,4.8363662092765,TRUE
201008,4.60442988876046,TRUE
201114,3.95196438033428,TRUE
201119,3.62281984508125,TRUE
201249,4.56838148189722,TRUE
201356,3.52465388539972,TRUE
201403,3.49260385193239,TRUE
201450,1.70872604179377,TRUE
201460,3.1057948730676,TRUE
201521,3.53817777584909,TRUE
201604,4.36033498145069,TRUE
201608,4.63739368833955,TRUE
201641,3.2902676112732,TRUE
201647,3.22281185282236,TRUE
201728,2.66243348253839,TRUE
201850,4.66394945271124,TRUE
202034,4.5250466780396,TRUE
202228,3.61464937201415,TRUE
202477,2.26898612422965,TRUE
202484,2.967666815269,TRUE
202567,2.45375020531658,TRUE
202581,3.15074777587683,TRUE
202653,4.40071103843717,TRUE
202663,4.06139280843428,TRUE
202844,3.40671831232579,TRUE
203034,4.04549041580056,TRUE
203205,4.04335697375123,TRUE
203222,3.05038913816992,TRUE
203266,3.75872735064642,TRUE
203386,3.28067480214811,TRUE
203421,2.6634963139596,TRUE
203531,4.18704524161741,TRUE
203644,4.75504797547034,TRUE
203946,4.58764606853404,TRUE
204016,4.5846456852091,TRUE
204188,4.92984165888505,TRUE
204231,1.64467930329992,TRUE
204345,3.65589212236167,TRUE
204425,3.84958364426734,TRUE
204518,3.85959477571366,TRUE
204786,4.20424604227674,TRUE
204849,4.1688612106246,TRUE
204902,3.07931752621448,TRUE
205021,3.08539913380162,TRUE
205114,2.8027192289378,TRUE
205152,3.1938290536445,TRUE
205351,2.62326834154853,TRUE
205567,3.94058003513429,TRUE
205762,4.67268045917882,TRUE
205840,3.92267831599435,TRUE
205932,3.12153829044532,TRUE
206040,3.82195025798433,TRUE
206080,3.98794626554414,TRUE
206096,3.39272111568909,TRUE
206223,3.44638760116857,TRUE
206234,2.54962808073545,TRUE
206738,4.51135789352371,TRUE
206936,3.98102588532439,TRUE
206955,3.13164090045528,TRUE
206977,3.38001112282532,TRUE
207058,2.62409331474509,TRUE
207185,3.48835535457362,TRUE
207558,4.99515897716094,TRUE
207563,3.89730561640589,TRUE
207617,4.05614790266383,TRUE
207643,5,TRUE
207752,4.756706244256,TRUE
207799,4.80625128279022,TRUE
207823,4.0299990271714,TRUE
207925,4.49559143718634,TRUE
207988,4.56549241745245,TRUE
207990,2.8887133362589,TRUE
208037,3.21512240843003,TRUE
208070,4.41482208788343,TRUE
208098,4.29636860876465,TRUE
208290,1.46137261944035,TRUE
208571,3.61052123531996,TRUE
208588,3.52334013894046,TRUE
208615,4.04545477346062,TRUE
208908,3.54599860235701,TRUE
209118,4.79623157407343,TRUE
209155,3.98225222962865,TRUE
209191,1.27032756721603,TRUE
209340,2.59605333531124,TRUE
209375,3.41045200954986,TRUE
209380,1.17364232639935,TRUE
209997,3.78202331920289,TRUE
210019,3.25076653530782,TRUE
210040,4.61978227013095,TRUE
210050,4.31907379016231,TRUE
210319,3.9574768309596,TRUE
210371,2.40958962702458,TRUE
210470,4.24430156390913,TRUE
210546,4.97727769883437,TRUE
210548,4.4276605836709,TRUE
210576,2.70408326515708,TRUE
210864,4.68406657229474,TRUE
210935,3.62528869316197,TRUE
211315,4.43036334426651,TRUE
211334,4.3088699033706,TRUE
211491,4.43213141246189,TRUE
211633,3.89716726116623,TRUE
211823,4.29501371625548,TRUE
211911,5,TRUE
212157,3.56815509170771,TRUE
212255,2.97341526422296,TRUE
212471,4.13939577161648,TRUE
212574,4.26621026445768,TRUE
212597,4.11800009780113,TRUE
212603,3.98887480249461,TRUE
212614,3.52781509701865,TRUE
212671,3.25711621707511,TRUE
212716,3.14682230481644,TRUE
212798,3.30648196335098,TRUE
212955,3.26615011104987,TRUE
213064,4.09481196843278,TRUE
213337,4.18133629458304,TRUE
213491,2.91762064691523,TRUE
213548,3.17421670740852,TRUE
213679,2.98087224773253,TRUE
213706,3.71185298013333,TRUE
213714,2.66828632368561,TRUE
213764,3.66151272404312,TRUE
213986,4.01049791411019,TRUE
214064,2.91109686276987,TRUE
214142,3.01064261029977,TRUE
214161,3.10360592302758,TRUE
214296,2.20513761082043,TRUE
214331,4.3876183465988,TRUE
214378,3.92733431879316,TRUE
214413,3.42300527929903,TRUE
214439,4.1470083984544,TRUE
214512,4.15861593463501,TRUE
214524,2.75094204335554,TRUE
214568,2.35958984022313,TRUE
215082,2.9397583578674,TRUE
215387,4.87327131974757,TRUE
215416,3.99931951343143,TRUE
215436,4.29589407190523,TRUE
215449,4.53278555750493,TRUE
215629,3.44659772873152,TRUE
215658,3.67654492336185,TRUE
215784,3.41430590188045,TRUE
215806,3.17547190741455,TRUE
216014,4.0116867299168,TRUE
216035,2.36531420379077,TRUE
216067,3.51823604080321,TRUE
216126,1.8105962086032,TRUE
216441,2.51488765185902,TRUE
216528,2.68906341799776,TRUE
216630,4.7654095716984,TRUE
216632,4.31432334644028,TRUE
216665,3.8054029446629,TRUE
216821,3.94138679532156,TRUE
216853,3.56117358959353,TRUE
216854,3.76115541891091,TRUE
216884,4.47250443633738,TRUE
217192,4.31805505573131,TRUE
217386,4.27769268168556,TRUE
217546,2.56216434953783,TRUE
217656,2.54564453243485,TRUE
217738,3.49854213026435,TRUE
217782,3.87981402989408,TRUE
217898,4.49685396873636,TRUE
217937,4.17357588098188,TRUE
218208,1.84953356943355,TRUE
218348,4.25560630853012,TRUE
218433,4.71317824224731,TRUE
218693,4.08721382195022,TRUE
218832,3.03119571120233,TRUE
219090,3.20694312062826,TRUE
219140,3.69379997149835,TRUE
219289,4.52386123657831,TRUE
219341,3.05545130956173,TRUE
219359,3.50182245781146,TRUE
219626,3.99627767085762,TRUE
219678,4.95337978222415,TRUE
219906,3.94490779252121,TRUE
219912,2.90144540466334,TRUE
219945,3.7217752524716,TRUE
220089,4.61629699945985,TRUE
220141,5,TRUE
220356,2.91674507471031,TRUE
220375,2.44352295423077,TRUE
220520,3.82786693641878,TRUE
220540,1,TRUE
220581,3.59857532085573,TRUE
220595,3.6578677666597,TRUE
220644,1.57593717385828,TRUE
220654,3.27072124389095,TRUE
220793,3.82038052869393,TRUE
220812,1.78997920817552,TRUE
220977,3.28820673728697,TRUE
221059,3.48806529837417,TRUE
221129,3.1965298750056,TRUE
221258,1.00258724788487,TRUE
221268,1.50688021469719,TRUE
221408,1.56841233596182,TRUE
221418,1.57991589479838,TRUE
221426,2.84544953919519,TRUE
221566,2.30208982645162,TRUE
221577,1.85243897933898,TRUE
221635,2.57959809201253,TRUE
221688,1.76097384805467,TRUE
221690,2.34949521617456,TRUE
221745,2.61954125899086,TRUE
221770,2.91688228325906,TRUE
221790,2.26102851309648,TRUE
221848,2.72745441599054,TRUE
221882,3.49950577813819,TRUE
221942,2.41454309946564,TRUE
221943,1.43543077267537,TRUE
221947,3.41045514451939,TRUE
221982,4.59732447963861,TRUE
222102,4.67817176689691,TRUE
222189,4.23404138160083,TRUE
222278,3.68118591108023,TRUE
222294,4.26726004305518,TRUE
222711,4.21276830072664,TRUE
222870,3.24034031637197,TRUE
222931,4.53863380896367,TRUE
223155,3.4308867867218,TRUE
223213,2.11441339159311,TRUE
223368,3.56155115131544,TRUE
223524,3.78257776998386,TRUE
223554,3.24564663614824,TRUE
223555,2.01695157662427,TRUE
223690,3.53850567950112,TRUE
223705,3.26830972135215,TRUE
223783,3.629777117424,TRUE
223869,3.91256310050871,TRUE
224181,3.27359346640416,TRUE
224256,1.02651400701139,TRUE
224279,1.4211677959979,TRUE
224316,2.04985151167695,TRUE
224389,1.77716338585236,TRUE
224510,1.62499204585549,TRUE
224544,1.86453953808167,TRUE
224556,1.71228093657551,TRUE
224673,3.95557133734172,TRUE
224781,3.97338342416458,TRUE
224812,4.38260467094697,TRUE
224975,1.8096521182925,TRUE
225205,4.1904381131956,TRUE
225397,4.31401554329566,TRUE
225419,3.59428479728146,TRUE
225423,5,TRUE
225463,4.30029275293497,TRUE
225489,3.23451455939752,TRUE
225528,3.43843732111095,TRUE
225732,3.01530331424769,TRUE
225917,3.69747511437218,TRUE
226115,3.6034007430282,TRUE
226127,3.79057953818914,TRUE
226129,3.54405713349946,TRUE
226145,2.97749897515909,TRUE
226168,4.17532286565045,TRUE
226245,2.48724477929593,TRUE
226253,3.24297428842383,TRUE
226453,3.55515621247701,TRUE
226522,2.32452535663197,TRUE
226566,2.80528217455158,TRUE
226582,3.79034835063078,TRUE
226836,3.31486762201007,TRUE
226891,3.54911916296054,TRUE
226973,2.01058410626815,TRUE
227053,1.1195361451395,TRUE
227127,3.53531899345721,TRUE
227201,3.1094547700229,TRUE
227349,2.81604191413608,TRUE
227524,3.24423292100994,TRUE
227964,3.86633197694994,TRUE
228040,3.03081422075266,TRUE
228109,2.766179759082,TRUE
228114,3.674754944696,TRUE
228219,2.74592497046048,TRUE
228298,3.66941626491866,TRUE
228402,3.91813908169337,TRUE
228502,3.7677415553351,TRUE
228536,3.37490605403653,TRUE
228580,2.18134032925402,TRUE
228666,2.09863918175151,TRUE
228671,4.02446458112607,TRUE
228734,3.49775400843326,TRUE
228768,5,TRUE
229004,4.20938799185875,TRUE
229079,4.0660148797468,TRUE
229338,3.64790369323584,TRUE
229441,3.72781825145437,TRUE
229502,3.63091114520972,TRUE
229562,3.50891442192156,TRUE
229701,4.26788610804418,TRUE
229737,3.51111791869403,TRUE
229748,3.84595509864166,TRUE
229849,3.51973936185408,TRUE
230231,2.87956877483511,TRUE
230304,4.25522447782282,TRUE
230332,4.41791326906691,TRUE
230412,5,TRUE
230434,2.64768154057502,TRUE
230528,3.808993160073,TRUE
230707,3.79708899832093,TRUE
230870,3.9794576631153,TRUE
231024,4.07133933795783,TRUE
231097,3.43538436852846,TRUE
231222,3.85463775147692,TRUE
231439,4.38622665328058,TRUE
231524,2.40685456585531,TRUE
231594,2.33916527998341,TRUE
231608,3.13021616668513,TRUE
231632,1.7698082199566,TRUE
231636,2.98675463369379,TRUE
231684,2.16509023442925,TRUE
231687,3.15493816854556,TRUE
231700,2.90306630263387,TRUE
231704,1.79038080327455,TRUE
232103,3.13622484020017,TRUE
232118,3.22869339081023,TRUE
232274,3.53732402304588,TRUE
232348,3.08063378475033,TRUE
232378,3.38552483654938,TRUE
232513,2.1072090802914,TRUE
232533,4.21845384844942,TRUE
232538,2.93171565739851,TRUE
232568,3.9689627771957,TRUE
232627,5,TRUE
232643,3.68475839724047,TRUE
232756,3.13850930866621,TRUE
232766,3.57522414926552,TRUE
232768,4.0474304534868,TRUE
232823,4.03169369187165,TRUE
232883,4.26653528875938,TRUE
233379,3.38209544014779,TRUE
233502,4.05585466690943,TRUE
233574,2.73263960605038,TRUE
233622,2.95003091481998,TRUE
233819,3.59513546223981,TRUE
233931,3.64230918245552,TRUE
234210,2.9933470746058,TRUE
234216,2.92222729502532,TRUE
234492,5,TRUE
234686,3.68827564851439,TRUE
234905,3.37985094947627,TRUE
235170,2.74655858660632,TRUE
235216,4.17429148304371,TRUE
235568,3.19073483599146,TRUE
235650,3.05992608276691,TRUE
235833,1.9822101113964,TRUE
235884,2.77582460508514,TRUE
236039,2.96615132545999,TRUE
236304,2.40353773924987,TRUE
236445,2.54110225748475,TRUE
236498,1.71218880522731,TRUE
236555,4.43784539427459,TRUE
236597,3.75939492627671,TRUE
236615,4.38104210467938,TRUE
236674,4.66250539210821,TRUE
236837,4.47060433711435,TRUE
237035,3.6002423891706,TRUE
237108,3.64740732529002,TRUE
237191,3.05840724466148,TRUE
237223,2.7407593572396,TRUE
237586,3.98257683396076,TRUE
237610,3.52273773337776,TRUE
237867,3.72784286115029,TRUE
237936,3.68942411583184,TRUE
237966,2.03675679678396,TRUE
238320,2.47674704139902,TRUE
238321,2.44627998242112,TRUE
238335,2.47486996352296,TRUE
238395,2.84729702487255,TRUE
238456,3.9649146683391,TRUE
238459,4.33045024180947,TRUE
238503,3.87810908865561,TRUE
238535,4.23871134152,TRUE
238585,3.96552564363828,TRUE
238808,4.66769206466585,TRUE
238953,3.71408972982809,TRUE
239308,3.71390026429262,TRUE
239317,3.71664409738071,TRUE
239337,3.49539242641557,TRUE
239394,3.72039538621778,TRUE
239396,4.53350107050735,TRUE
239404,3.46751243481776,TRUE
239428,3.72277722999994,TRUE
239514,2.11509407888117,TRUE
239561,3.33319105010467,TRUE
239563,3.86628156666427,TRUE
239601,3.1038150053867,TRUE
239767,1.37912689102495,TRUE
239785,3.21323362638647,TRUE
239887,2.54563494131786,TRUE
239978,2.46482353609021,TRUE
240147,2.52390343587459,TRUE
240242,2.96192464311986,TRUE
240257,2.58119814236836,TRUE
240299,3.56494247825095,TRUE
240391,3.17599810997727,TRUE
240427,2.28259059412453,TRUE
241065,3.30379387004147,TRUE
241095,3.89276792799261,TRUE
241166,3.92621266443096,TRUE
241213,2.13858732940324,TRUE
241264,3.33198050695166,TRUE
241314,3.15419923143265,TRUE
241389,4.22483910314009,TRUE
241455,3.91572707074853,TRUE
241542,3.55404857584752,TRUE
241681,3.73406932549564,TRUE
241967,4.3279978441296,TRUE
242000,3.40487551040877,TRUE
242116,4.01896019644061,TRUE
242202,3.83303762278203,TRUE
242285,3.08139485419045,TRUE
242304,4.49502144947327,TRUE
242368,2.45007014321806,TRUE
242660,3.0317367132716,TRUE
242787,4.32547019243584,TRUE
242805,3.72726697693606,TRUE
242813,2.84509380819959,TRUE
242882,2.4604234440883,TRUE
242968,3.834115058007,TRUE
242975,4.27093150058994,TRUE
243272,3.36925584869899,TRUE
243516,3.15511603132525,TRUE
243606,2.37458642522396,TRUE
243719,3.42883168073781,TRUE
243804,3.41953204392932,TRUE
243830,3.03439260117756,TRUE
243882,2.01956990324193,TRUE
243918,4.28184580654628,TRUE
244073,1.92847998794859,TRUE
244169,2.95335052052867,TRUE
244274,4.59393905119196,TRUE
244357,3.75219124198013,TRUE
244363,4.532521293376,TRUE
244373,2.5758938415637,TRUE
244399,4.05956251121981,TRUE
244451,3.25961682550015,TRUE
244460,4.32929449391957,TRUE
244482,3.61477236210486,TRUE
244492,3.06552650067391,TRUE
244593,1.54220626343062,TRUE
244684,1.83568113352635,TRUE
244720,2.81733379633715,TRUE
244724,2.99916351938855,TRUE
244745,3.60564374659991,TRUE
244941,4.15418022674481,TRUE
244955,3.99238214072628,TRUE
244988,1.44530642156092,TRUE
245142,4.0818916720251,TRUE
245157,4.54702004030699,TRUE
245214,2.65862573609413,TRUE
245382,3.65474638427169,TRUE
245541,3.08919957236969,TRUE
245653,4.01127785615984,TRUE
245669,3.13849591211916,TRUE
245692,2.19385787272863,TRUE
245697,3.80940522110473,TRUE
245748,3.91342979641551,TRUE
245773,3.99729558424197,TRUE
245834,3.58030719458079,TRUE
245946,3.78572598297829,TRUE
246062,1,TRUE
246073,3.99019754096997,TRUE
246207,3.70822713721877,TRUE
246374,2.05702613877232,TRUE
246463,3.1613836101527,TRUE
246474,2.58313019085036,TRUE
246594,4.67407332184208,TRUE
246647,2.57472808653337,TRUE
247193,5,TRUE
247215,4.69200924983324,TRUE
247283,3.30130984976237,TRUE
247287,1,TRUE
247288,3.74500287189763,TRUE
247497,2.6405062506801,TRUE
247548,1.70271824598294,TRUE
247577,2.99940794332661,TRUE
247751,2.15245001049432,TRUE
247905,1.95460345942064,TRUE
248269,2.31333706033054,TRUE
248447,4.20548518685738,TRUE
248522,4.79660193552001,TRUE
248525,3.62502215042501,TRUE
248672,4.00420312255247,TRUE
248718,3.07940934772921,TRUE
248779,3.7476872834161,TRUE
248823,3.91499266561749,TRUE
248876,4.28097891992033,TRUE
248904,3.52862267298077,TRUE
248972,3.92945901245809,TRUE
249166,4.4511793945521,TRUE
249214,3.07581965045532,TRUE
249338,2.98707175844568,TRUE
249371,3.88777480864361,TRUE
249537,3.67994056536199,TRUE
249739,3.92631199874101,TRUE
249840,4.47075552749376,TRUE
249863,3.8522143492333,TRUE
249867,4.02500088278895,TRUE
250143,4.63197051511229,TRUE
250472,4.10601370673665,TRUE
250670,3.82725982671284,TRUE
250764,4.40820795957254,TRUE
250784,3.89263794711907,TRUE
251295,3.60547817522755,TRUE
251418,3.6293270096663,TRUE
251495,3.75899680066362,TRUE
251578,2.91910050059598,TRUE
251783,4.68912755834592,TRUE
252281,3.26660491742946,TRUE
252320,4.39855762771803,TRUE
252369,3.93442065834308,TRUE
252708,3.21942280726163,TRUE
252717,4.28054885306082,TRUE
253051,5,TRUE
253067,4.46715916808661,TRUE
253126,4.47035642111116,TRUE
253149,2.95075002912694,TRUE
253209,3.77613568400808,TRUE
253234,3.84980918416052,TRUE
253552,3.42770920012324,TRUE
253580,3.8819387127888,TRUE
253582,2.86188562653914,TRUE
253615,4.06307454567677,TRUE
253654,3.03530963537192,TRUE
253719,4.03656859685009,TRUE
253786,2.92512279495181,TRUE
253838,4.76296285292677,TRUE
253951,2.83346783808945,TRUE
253957,2.77747083092237,TRUE
254080,3.20278707422102,TRUE
254213,3.34320623738773,TRUE
254336,2.78357010461383,TRUE
254406,3.07159748473161,TRUE
254742,2.95403389041317,TRUE
255019,4.6302015751762,TRUE
255317,5,TRUE
255347,4.12878718449904,TRUE
255463,4.30602608470731,TRUE
255625,3.49247018233525,TRUE
255752,4.13279365703259,TRUE
255826,2.61037918905185,TRUE
255959,2.9384109330261,TRUE
255987,2.81694215901416,TRUE
256101,3.40811806082011,TRUE
256153,4.31272144453802,TRUE
256166,4.22693478544543,TRUE
256185,3.32122724417145,TRUE
256197,1.25938651312817,TRUE
256385,3.26302621969397,TRUE
256402,3.47523236964942,TRUE
256447,3.37239422605685,TRUE
256642,4.41378130759097,TRUE
256714,3.88160604659151,TRUE
256725,4.235122842429,TRUE
256966,2.71339477188199,TRUE
257004,3.79635742455077,TRUE
257168,3.74138461630994,TRUE
257270,4.41934171951529,TRUE
257295,3.58296026151979,TRUE
257571,3.46843594357248,TRUE
257716,2.90030615412783,TRUE
257914,3.64736390523054,TRUE
258039,4.22985326105303,TRUE
258048,2.71518987182021,TRUE
258117,1.64027023202346,TRUE
258155,2.28131968696845,TRUE
258193,4.66243186074292,TRUE
258223,2.57381240383925,TRUE
258329,3.23603960614651,TRUE
258547,2.58489020989651,TRUE
258577,3.02380923098626,TRUE
258763,3.91118892914475,TRUE
258831,4.67322679823368,TRUE
258954,4.27888782996899,TRUE
259056,2.79239563524964,TRUE
259108,4.09566966169337,TRUE
259191,4.21828602694198,TRUE
259378,3.63584033396285,TRUE
259581,3.98619016542657,TRUE
259666,3.53983090481166,TRUE
259712,4.2690928712531,TRUE
259851,4.03736190761069,TRUE
259867,2.47539845451484,TRUE
259966,3.06651964742091,TRUE
260159,4.13115610799721,TRUE
260215,4.30493299698962,TRUE
260232,4.8496584833501,TRUE
260315,4.0549048397441,TRUE
260339,3.52458202492243,TRUE
260383,3.9367710370761,TRUE
260514,3.55321759367036,TRUE
260637,3.98140850051846,TRUE
260773,3.18301406828296,TRUE
260815,3.45410046083179,TRUE
260983,4.56755052554715,TRUE
261150,3.78954211717053,TRUE
261256,3.609462654972,TRUE
261533,2.97296842539865,TRUE
261761,3.5833353947319,TRUE
262050,3.47417483936579,TRUE
262216,3.73730855533859,TRUE
262609,4.56982399835632,TRUE
262656,4.93074130014786,TRUE
262755,4.54845028100931,TRUE
262797,4.47045676014019,TRUE
262923,4.14764718117133,TRUE
263077,3.27326579597297,TRUE
263299,2.46730700195292,TRUE
263339,4.03013014055512,TRUE
263385,3.17800923558155,TRUE
263528,3.35347957990135,TRUE
263600,3.05425741776485,TRUE
263624,3.29385902194275,TRUE
263873,3.72890083828109,TRUE
263896,4.75936787571951,TRUE
264054,3.4724015999533,TRUE
264139,2.89068408676024,TRUE
264688,4.30418125364007,TRUE
264705,2.84857848726527,TRUE
264708,2.39922366169198,TRUE
264762,2.98827454157107,TRUE
264816,2.90101917823382,TRUE
264857,3.23728364320479,TRUE
264887,4.59240970899862,TRUE
264888,4.61077293563366,TRUE
264961,3.76503228742106,TRUE
265152,3.68648098757604,TRUE
265424,3.09341679127692,TRUE
265518,3.09515304465833,TRUE
265661,1.67304241432836,TRUE
265704,3.62512335851735,TRUE
265771,4.01065443212455,TRUE
265863,4.22187820312984,TRUE
265864,2.80245044636192,TRUE
265870,2.3133441532692,TRUE
265896,1.9549549667594,TRUE
265957,2.06471454293972,TRUE
265997,2.64459614621529,TRUE
266083,3.24386861790621,TRUE
266375,2.74343140491469,TRUE
266415,3.21875156956829,TRUE
266535,3.41110632273838,TRUE
266625,2.43826807819681,TRUE
266634,1.52313584710748,TRUE
266871,4.35323064013231,TRUE
266873,4.36507334938827,TRUE
266880,4.01911821044564,TRUE
267133,1.47055652119392,TRUE
267138,2.76537408513444,TRUE
267357,3.68306512022717,TRUE
267467,3.59099710883699,TRUE
267567,3.59859119116897,TRUE
267750,3.07659896067767,TRUE
267905,2.87653386129027,TRUE
267994,2.98930323560221,TRUE
268047,3.0975669957394,TRUE
268064,3.93365104646412,TRUE
268137,3.17437074476866,TRUE
268222,3.36288174189483,TRUE
268257,3.37740702285044,TRUE
268392,2.07477905255958,TRUE
268650,4.01691756913668,TRUE
268667,2.0120708557236,TRUE
268910,2.99635466654643,TRUE
268923,2.03740306339424,TRUE
268943,2.7324048146581,TRUE
268946,3.86859784936073,TRUE
268969,2.29081837964116,TRUE
269130,3.9722592247244,TRUE
269165,2.48693067062156,TRUE
269296,2.54997538698525,TRUE
269336,2.69621014522408,TRUE
269632,3.89328100219987,TRUE
269658,5,TRUE
270186,3.78698939197201,TRUE
270318,2.78693074407914,TRUE
270323,4.78348657444111,TRUE
270339,4.50759331570893,TRUE
270398,4.03169766440803,TRUE
270418,2.94511282589366,TRUE
270476,4.01282362573982,TRUE
270478,2.30385567659139,TRUE
270605,4.09204361842175,TRUE
270690,4.35048849309539,TRUE
270755,3.60264334281452,TRUE
270904,3.25202926873096,TRUE
270911,4.13199151983274,TRUE
271025,3.51056710238782,TRUE
271032,3.81242671746366,TRUE
271211,2.88657082522742,TRUE
271275,3.20104702367696,TRUE
271346,3.82140544078261,TRUE
271372,4.20600676455085,TRUE
271388,2.63324236417932,TRUE
271422,3.38827500517722,TRUE
271482,1.97306597666174,TRUE
271554,2.46751291976606,TRUE
271622,4.32064219742642,TRUE
271663,3.79759193162617,TRUE
271736,4.43446125765202,TRUE
271770,4.87000368092182,TRUE
271817,5,TRUE
271850,4.04056241782027,TRUE
271853,3.42210597855217,TRUE
271887,2.92443370379464,TRUE
271904,4.92932251387773,TRUE
271944,4.52870573195573,TRUE
272081,3.53655965147313,TRUE
272328,3.71229825300788,TRUE
272371,5,TRUE
272472,3.58156064085481,TRUE
272590,3.57591922724057,TRUE
272604,3.34294651816373,TRUE
272649,3.65652160514,TRUE
272724,2.84949584477734,TRUE
272741,2.44570772888314,TRUE
273042,2.80997752915895,TRUE
273200,2.15287688471002,TRUE
273249,3.98459484489615,TRUE
273264,2.95274205551031,TRUE
273303,4.18233516401421,TRUE
273472,3.52464122060794,TRUE
273634,4.0389024754438,TRUE
273671,2.53906312061583,TRUE
273741,2.57621143010089,TRUE
273816,3.69141133457232,TRUE
273932,5,TRUE
273998,2.68511415818451,TRUE
274014,2.93789018420665,TRUE
274129,3.44178670002999,TRUE
274139,2.46213477879728,TRUE
274252,3.40432781553969,TRUE
274317,3.3203667921137,TRUE
274320,3.0189321304122,TRUE
274407,3.60755803718947,TRUE
274515,3.0684819729177,TRUE
274586,3.39998972996844,TRUE
274874,3.77047842189738,TRUE
275034,3.02876017663483,TRUE
275155,3.80357552897704,TRUE
275171,3.1717539426841,TRUE
275396,4.33440031820741,TRUE
275412,3.20525390884555,TRUE
275477,3.683470615437,TRUE
275504,4.19639814210552,TRUE
275518,4.14628624018322,TRUE
275720,4.23248855370632,TRUE
275843,3.70063474096146,TRUE
275877,3.53898121184746,TRUE
275893,4.99595493111578,TRUE
275904,5,TRUE
275930,5,TRUE
276031,4.54862080732045,TRUE
276487,4.08028072571161,TRUE
276657,4.20589202223994,TRUE
276806,4.04345517842016,TRUE
276914,3.54051824668542,TRUE
277019,2.89036807179941,TRUE
277045,1.93895779845295,TRUE
277242,4.64481993720188,TRUE
277411,2.84645968277889,TRUE
277500,4.16080197101217,TRUE
277700,4.27037099253583,TRUE
277841,3.48033775436955,TRUE
277866,4.46361032482826,TRUE
277906,3.37004601725629,TRUE
278060,3.93046369559531,TRUE
278076,3.61083738032382,TRUE
278780,2.5418164256676,TRUE
279016,3.00747403497122,TRUE
279143,4.05084663206808,TRUE
279198,3.59488741628186,TRUE
279247,3.82820723503874,TRUE
279271,4.31893553429211,TRUE
279303,4.14321251471315,TRUE
279314,2.63326128420534,TRUE
279454,2.65703646875026,TRUE
279581,3.27880060862278,TRUE
279646,3.50197140379913,TRUE
279767,4.17680754017872,TRUE
279821,3.63722872076609,TRUE
279990,3.13406375359062,TRUE
280170,1.99168754567484,TRUE
280227,2.48955021124377,TRUE
280431,4.60585819992852,TRUE
280745,3.13213005118054,TRUE
280781,3.81302518073126,TRUE
280830,3.30345951634076,TRUE
280949,3.68336284046975,TRUE
280950,3.41755114697023,TRUE
281117,2.45826571429124,TRUE
281219,4.00509766445883,TRUE
281236,4.03359058056057,TRUE
281301,3.72458063796183,TRUE
281418,1.53672676300384,TRUE
281435,4.34118813002814,TRUE
281668,3.58733925369489,TRUE
281683,4.22371005156862,TRUE
281708,4.22297440389384,TRUE
281906,4.41376571197857,TRUE
281991,4.73435620436329,TRUE
282017,3.85018526714502,TRUE
282062,4.47493618940485,TRUE
282111,4.61308599699813,TRUE
282187,4.17103359859611,TRUE
282296,3.1292554465827,TRUE
282327,3.58152678047991,TRUE
282365,1.99983555152269,TRUE
282368,4.02584133522361,TRUE
282411,3.88838964304202,TRUE
282429,4.92134368574704,TRUE
282439,3.56228195372992,TRUE
282807,3.7289751913624,TRUE
282907,3.32749016924867,TRUE
283114,3.6952692836575,TRUE
283135,4.11658850646943,TRUE
283141,3.51630674962841,TRUE
283599,2.53028670873993,TRUE
283778,4.22621574435771,TRUE
283856,4.49308269039615,TRUE
283951,4.67034764324053,TRUE
284138,4.54222642627888,TRUE
284200,4.02146999936989,TRUE
284230,3.89192272979653,TRUE
284458,3.23044068717556,TRUE
284550,4.04187379733117,TRUE
284770,2.23390043203804,TRUE
284923,4.09678960249496,TRUE
284971,4.87446646853542,TRUE
284999,4.23834549342681,TRUE
285121,3.70122852262828,TRUE
285150,3.97741161907631,TRUE
285171,3.47015452451495,TRUE
285425,3.99482671593391,TRUE
285429,3.94724654192683,TRUE
285472,3.63901344962051,TRUE
285508,3.75043228652389,TRUE
285791,3.9967588050374,TRUE
286127,4.90876134367263,TRUE
286167,3.72896866194637,TRUE
286186,3.14914061379753,TRUE
286336,3.18885141800734,TRUE
286577,2.6241317303561,TRUE
286607,3.83999192095331,TRUE
286662,4.12472554144927,TRUE
286714,3.92630331037076,TRUE
286850,3.91613287184539,TRUE
286991,3.18287967363227,TRUE
287253,2.61232674218033,TRUE
287555,2.47618997245354,TRUE
287863,4.0053930098642,TRUE
288016,4.17264073063887,TRUE
288270,4.60451023688434,TRUE
288404,4.25649421516153,TRUE
288470,3.28755989167715,TRUE
288495,4.38639256993708,TRUE
288525,4.01865474710025,TRUE
288553,3.42824079893034,TRUE
288670,5,TRUE
288678,4.40420867668312,TRUE
288749,1.69442356564125,TRUE
288841,2.51920809839662,TRUE
288914,1.46444378762323,TRUE
289002,1.66549439277961,TRUE
289028,2.46859280804057,TRUE
289141,3.0642923822876,TRUE
289308,4.30394540737557,TRUE
289331,4.43463830936084,TRUE
289528,4.17913326810018,TRUE
289585,4.53448493566045,TRUE
289604,4.21675569408753,TRUE
289657,4.26319400181396,TRUE
289839,4.2207519072535,TRUE
290027,1.9785281661188,TRUE
290655,4.35656508826311,TRUE
290792,2.78318855110279,TRUE
290858,3.11232328553543,TRUE
291028,3.14393434570655,TRUE
291062,3.9613017068762,TRUE
291065,4.04990878098121,TRUE
291219,4.0114411471961,TRUE
291405,3.88530093129233,TRUE
291408,4.04574713558229,TRUE
291547,1.93804781352922,TRUE
291565,4.13695803438945,TRUE
291635,2.84369994305711,TRUE
291710,3.7579549099337,TRUE
291895,1.60523522771229,TRUE
291896,2.78180740426539,TRUE
291937,3.51616471273673,TRUE
292110,2.37663013445934,TRUE
292119,4.58991692912005,TRUE
292130,4.54849884914703,TRUE
292151,4.51864845324249,TRUE
292206,4.55242129547284,TRUE
292292,3.75409557887551,TRUE
292350,3.73469701145215,TRUE
292657,5,TRUE
292933,4.48680873664542,TRUE
292952,4.4505704245684,TRUE
293081,5,TRUE
293098,3.47349634719018,TRUE
293220,4.49796793309608,TRUE
293233,4.6761892538309,TRUE
293330,5,TRUE
293484,4.14680489217061,TRUE
293814,3.43051686827987,TRUE
293873,4.19505993870909,TRUE
293970,3.10405338373554,TRUE
294000,3.71922535307672,TRUE
294188,2.50298091384537,TRUE
294335,2.72965268453083,TRUE
294351,1.40025660749829,TRUE
294594,3.4199505438104,TRUE
294600,1.95669241078236,TRUE
294627,2.48531597803797,TRUE
294658,3.78944492073237,TRUE
294659,1,TRUE
294660,1.9913428756091,TRUE
295114,4.49176897086942,TRUE
295190,4.20910937722907,TRUE
295429,2.36041404677489,TRUE
295576,3.75766915813694,TRUE
295582,3.87800091062214,TRUE
295725,2.97466266862594,TRUE
295829,2.20233629519995,TRUE
295830,3.15776650764341,TRUE
295876,4.63462837567265,TRUE
295912,5,TRUE
295966,3.39322717915598,TRUE
296046,4.67648501673279,TRUE
296287,4.89933275992869,TRUE
296484,3.52591251336516,TRUE
296606,3.59994977980669,TRUE
296762,3.00772647887484,TRUE
297009,2.38600868453655,TRUE
297133,3.46747057265075,TRUE
297336,3.65410752884163,TRUE
297338,3.67499053540021,TRUE
297431,4.69327504175867,TRUE
297499,5,TRUE
297814,5,TRUE
298056,2.79775735681496,TRUE
298124,3.76237269582512,TRUE
298735,3.04975952555545,TRUE
298815,3.39998723748844,TRUE
298827,3.2932608295579,TRUE
298862,2.89369913829886,TRUE
298930,3.45092833721703,TRUE
298951,2.71076966174775,TRUE
299013,3.61183484370559,TRUE
299062,3.74213678450462,TRUE
299142,3.42085699670503,TRUE
299179,3.40028515248736,TRUE
299296,3.68999492680577,TRUE
299302,3.26755928553952,TRUE
299306,2.88007895216716,TRUE
299357,1.70563109080981,TRUE
299572,3.17081579037409,TRUE
299759,3.27245336816013,TRUE
299836,3.60686705264913,TRUE
299844,3.85003626678879,TRUE
300182,3.08351011802518,TRUE
300237,3.02859387573245,TRUE
300244,2.38290608352881,TRUE
300253,2.19056075942601,TRUE
300283,3.04184731216839,TRUE
300456,2.37087391325933,TRUE
300475,3.20828960292173,TRUE
300609,3.42864347677683,TRUE
300634,2.89394377606301,TRUE
300715,2.52290254349194,TRUE
300949,3.77458231601793,TRUE
301030,3.27454753865747,TRUE
301257,3.53685762542741,TRUE
301293,3.89517581184673,TRUE
301311,4.22724711930761,TRUE
301320,4.21934325480564,TRUE
301342,3.00492328000925,TRUE
301596,3.46036666217365,TRUE
301963,2.18058937724938,TRUE
302196,2.51812635859429,TRUE
302312,1.5433917003335,TRUE
302430,4.46979104321514,TRUE
302529,4.19217998800202,TRUE
302796,1.85639769285097,TRUE
302900,3.42541676118127,TRUE
302914,3.34027386278314,TRUE
302929,4.45716268934954,TRUE
303142,5,TRUE
303158,3.3619359227554,TRUE
303172,4.86715821146536,TRUE
303197,4.55224413429986,TRUE
303293,5,TRUE
303307,3.01727266524769,TRUE
303392,3.25417153789242,TRUE
303561,4.15436870380284,TRUE
303628,4.10305661144843,TRUE
303648,3.12466958634849,TRUE
303683,2.25333505845112,TRUE
303894,4.43219022248517,TRUE
304024,3.3928286434357,TRUE
304109,3.13960777065116,TRUE
304224,2.68913727353749,TRUE
304292,2.51118317648019,TRUE
304299,3.85152972120402,TRUE
304304,4.70811804158738,TRUE
304323,3.39290631091886,TRUE
304394,3.58827784415999,TRUE
304418,4.37096827633998,TRUE
304568,4.28583199848096,TRUE
304619,4.69373599230448,TRUE
304737,4.0686806596195,TRUE
304882,4.23687952928131,TRUE
304982,3.86080240589487,TRUE
305155,2.30582126563725,TRUE
305374,3.48597248828211,TRUE
305463,2.90020846459658,TRUE
305629,2.95050934297438,TRUE
305655,3.76362409655089,TRUE
305719,4.20041869132798,TRUE
305843,4.40263363828363,TRUE
305847,3.90124252750976,TRUE
306062,4.01192061487799,TRUE
306259,3.46725730576436,TRUE
306392,3.52050588266033,TRUE
306425,3.34939444374559,TRUE
306564,3.68143593167845,TRUE
306584,3.41033573414966,TRUE
306641,3.3137710527856,TRUE
306874,5,TRUE
306876,5,TRUE
306965,4.48232235359565,TRUE
307087,5,TRUE
307485,3.77027272786843,TRUE
307528,4.91042515640231,TRUE
307602,4.63098067941002,TRUE
307643,3.6426891942513,TRUE
307745,2.76018563548372,TRUE
307824,4.51840491414325,TRUE
307851,4.24415737132771,TRUE
307993,4.3545690817031,TRUE
308286,3.92951418268098,TRUE
308287,3.08353527125539,TRUE
308381,4.16160075450837,TRUE
308540,2.75511460920235,TRUE
308600,3.96887672870728,TRUE
308667,3.08839234727513,TRUE
309018,3.91622112102178,TRUE
309031,3.63100744500107,TRUE
309076,4.12999960204644,TRUE
309203,3.70379662504012,TRUE
309280,2.46219327553826,TRUE
309394,3.42653692529535,TRUE
309467,4.28603604637973,TRUE
309593,3.57032422299309,TRUE
309735,3.58683663885881,TRUE
309748,5,TRUE
309911,2.51918342681349,TRUE
310125,3.46646154259026,TRUE
310798,2.76963128117135,TRUE
310802,3.36613782216399,TRUE
310899,3.67409740595686,TRUE
310905,3.77680697563465,TRUE
311222,1.63163162072046,TRUE
311300,2.23793790800603,TRUE
311318,2.93636448363434,TRUE
311540,3.77892453527878,TRUE
311570,4.66340673470317,TRUE
312056,3.42745411069553,TRUE
312101,2.38999867382271,TRUE
312154,3.67511176218712,TRUE
312319,2.98182779469113,TRUE
312392,2.71127637973655,TRUE
312409,3.23673083256061,TRUE
312479,2.82508114055204,TRUE
312546,3.623084629185,TRUE
312707,4.69259723384215,TRUE
312732,2.07082134228061,TRUE
312828,3.78461260388201,TRUE
312862,4.21639999079907,TRUE
312873,3.73357805508816,TRUE
312962,3.54335190344763,TRUE
312966,3.8015163514367,TRUE
313110,3.40910566593789,TRUE
313159,3.76632454025535,TRUE
313405,3.88805772240162,TRUE
313475,3.77003567311814,TRUE
313558,3.55706262040903,TRUE
313925,3.71541788724536,TRUE
314027,3.78266283118255,TRUE
314082,3.75051317541179,TRUE
314212,3.81757073052573,TRUE
314265,3.66499442370929,TRUE
314387,4.03402363029702,TRUE
314503,3.8892403776399,TRUE
314528,4.0434862660423,TRUE
314619,4.75155392967599,TRUE
314651,3.79836366076325,TRUE
314705,3.37411278144409,TRUE
314781,4.21858206992612,TRUE
314919,4.56794653823,TRUE
315080,3.96067665925135,TRUE
315090,2.68264658338979,TRUE
315193,2.37161199680563,TRUE
315453,3.97147967415904,TRUE
315521,3.03433318044574,TRUE
315722,2.80878878408846,TRUE
315765,3.05579541940756,TRUE
315773,3.52234694921698,TRUE
315829,3.59258350304663,TRUE
315831,4.12803856502499,TRUE
315932,3.71816110577577,TRUE
315960,3.15374895242753,TRUE
315970,3.34840988089209,TRUE
316319,3.12224899081938,TRUE
316339,2.44819522813049,TRUE
316385,3.83919284850222,TRUE
316403,3.34812898298287,TRUE
316414,3.63286746457658,TRUE
316443,3.8118008427057,TRUE
316446,3.58447707302463,TRUE
316764,4.14029761253872,TRUE
316843,4.04516567853842,TRUE
316921,4.0895916951584,TRUE
316950,3.99450256682405,TRUE
317159,4.04840070169889,TRUE
317209,3.24790853614392,TRUE
317283,3.51141462532238,TRUE
317306,3.57717543918088,TRUE
317364,3.84119356206117,TRUE
317632,2.50690104366374,TRUE
317669,3.98936137059424,TRUE
317695,3.16130499005273,TRUE
317805,2.50968868388842,TRUE
317927,3.52750422464387,TRUE
318140,3.42930894865498,TRUE
318417,3.4401039702681,TRUE
318492,4.50135420711448,TRUE
318522,4.15882817588001,TRUE
318622,3.40269787189562,TRUE
318872,4.49647984163224,TRUE
318997,4.71788688305083,TRUE
319018,4.48740548214144,TRUE
319034,4.00556390371862,TRUE
319238,3.79634669132044,TRUE
319354,1.28688712552111,TRUE
319571,3.14301720815663,TRUE
319631,4.13203110303585,TRUE
319798,4.24806633103956,TRUE
319833,3.83827298053631,TRUE
319916,4.00597682154113,TRUE
319963,2.9599160946896,TRUE
320054,3.75913704812668,TRUE
320179,3.74383706798578,TRUE
320272,3.44032389474519,TRUE
320290,4.07463827733172,TRUE
320373,4.43236367488893,TRUE
320418,4.31104965702425,TRUE
320595,3.58320446142882,TRUE
320599,4.09288759476483,TRUE
320707,3.5246746680804,TRUE
320777,4.13872984632247,TRUE
320945,4.08273054545314,TRUE
321069,3.86308616504984,TRUE
321193,3.3172330394667,TRUE
321210,3.0739834728725,TRUE
321462,1.69096458091445,TRUE
321551,4.21292802033,TRUE
321639,3.00670176191409,TRUE
321675,2.88608719775802,TRUE
321706,2.21053997766128,TRUE
321764,1,TRUE
321838,3.30516443394585,TRUE
321915,3.36461516402226,TRUE
322081,2.47034420230835,TRUE
322182,1.93174665721627,TRUE
322241,1.04622095920711,TRUE
322311,2.91253171938548,TRUE
322605,2.77968961810668,TRUE
322727,1.34383918033612,TRUE
322739,2.94307846126526,TRUE
322975,1.30684824856518,TRUE
323049,4.68103052337283,TRUE
323271,3.91858517954562,TRUE
323446,3.40121116067055,TRUE
323484,3.44516631533765,TRUE
323501,2.3717371342183,TRUE
323528,2.97125782879845,TRUE
323586,3.77205143081662,TRUE
323853,3.77124931510506,TRUE
323887,3.34537560549833,TRUE
324002,3.81974748226726,TRUE
324043,3.26003761079051,TRUE
324135,3.475793806439,TRUE
324138,3.27837030706424,TRUE
324173,3.33994502493416,TRUE
324259,3.89737899627861,TRUE
324278,3.18719916609707,TRUE
324514,3.48650586555667,TRUE
324599,3.63658587722125,TRUE
325006,3.14447137275888,TRUE
325301,4.53790993992733,TRUE
325363,4.37395698676879,TRUE
325615,4.51685785724258,TRUE
325618,4.20306206559189,TRUE
325628,4.6277196729743,TRUE
325773,3.82595996686013,TRUE
325780,3.53605105794685,TRUE
325901,4.96932825794102,TRUE
326186,2.47284460412357,TRUE
326310,2.42417594520871,TRUE
326342,2.7083887253069,TRUE
326381,4.35353573702672,TRUE
326528,1,TRUE
326724,3.88960873006653,TRUE
326757,3.11497356359277,TRUE
327000,2.2555684477357,TRUE
327265,4.26565319111994,TRUE
327297,4.13455344346201,TRUE
327408,3.45336808627495,TRUE
327426,4.14765709405015,TRUE
327450,3.95741946972863,TRUE
327488,2.53259536149881,TRUE
327587,3.03027960626873,TRUE
327717,2.00110126082949,TRUE
327762,2.66237636642131,TRUE
327900,4.18296995056271,TRUE
327975,3.71511170747521,TRUE
328060,3.9341115837166,TRUE
328138,3.88562478566934,TRUE
328208,2.79148804245628,TRUE
328265,3.70827999209557,TRUE
328308,2.59319029185982,TRUE
328359,2.63022271762169,TRUE
328427,3.45583607783817,TRUE
328728,2.5125488234167,TRUE
328770,3.72513858686197,TRUE
328781,3.19848626533398,TRUE
328790,1.62117197900213,TRUE
328815,3.26194077629916,TRUE
328936,2.54171699334202,TRUE
329177,1.56884827513103,TRUE
329269,3.70991470807162,TRUE
329326,3.9115207457454,TRUE
329331,3.26437456134605,TRUE
329545,3.32372374980322,TRUE
329558,4.12131670339535,TRUE
329781,3.19269874741772,TRUE
329791,2.8451222883748,TRUE
329792,1.91391900863134,TRUE
329960,1.66564919520232,TRUE
330092,4.37150323863262,TRUE
330128,4.77244887106309,TRUE
330166,3.36559041505522,TRUE
330217,2.61225333928764,TRUE
330432,1.44740530988668,TRUE
330465,2.52220935501043,TRUE
330582,1.13040549326636,TRUE
330587,4.02950004312562,TRUE
330832,4.42049669827956,TRUE
330914,4.07551414788356,TRUE
330951,1,TRUE
330995,4.02420207249726,TRUE
331078,2.99186451838588,TRUE
331103,2.51677469648232,TRUE
331106,1,TRUE
331311,2.17296578724737,TRUE
331355,3.66222447855486,TRUE
331382,4.11568994450457,TRUE
331438,2.19525850038487,TRUE
331525,2.903824255502,TRUE
331818,3.68078043964369,TRUE
331918,2.28106518023564,TRUE
332094,4.66239102576379,TRUE
332126,4.34807833684351,TRUE
332136,4.36039186645836,TRUE
332200,4.24316613922863,TRUE
332254,3.2868256031482,TRUE
332361,2.89329472520764,TRUE
332472,1.41699727010426,TRUE
332496,2.87077474696048,TRUE
332515,2.90392876349461,TRUE
332532,1.39879428741674,TRUE
332595,1.70336861070854,TRUE
332639,2.42238624251617,TRUE
332664,1.38921326967642,TRUE
332711,3.84377114817596,TRUE
332745,3.10185347596661,TRUE
332762,2.18355250694919,TRUE
332994,4.63925492975677,TRUE
333000,4.59051039804204,TRUE
333078,2.91944646520266,TRUE
333405,2.18990811765248,TRUE
333478,3.24300304378864,TRUE
333505,3.12905849999731,TRUE
333695,3.5327756896975,TRUE
333729,4.09578097262888,TRUE
333804,3.40555451606863,TRUE
333920,4.56186239550697,TRUE
333952,4.06890225158316,TRUE
334046,3.5902818450478,TRUE
334070,4.83977255686953,TRUE
334135,3.8707584130206,TRUE
334147,3.80699965725849,TRUE
334168,3.26671867299811,TRUE
334177,1.18239396726077,TRUE
334259,5,TRUE
334301,5,TRUE
334508,4.46133759357168,TRUE
334621,3.83003975637143,TRUE
334747,3.98310215176819,TRUE
334834,3.906788879371,TRUE
334844,3.43170691832909,TRUE
334886,1.42724375616856,TRUE
334946,4.18310891426422,TRUE
335015,3.04044238737113,TRUE
335050,3.62746353263322,TRUE
335148,1,TRUE
335172,3.91115687003404,TRUE
335254,3.13607702148096,TRUE
335274,1.09991665975227,TRUE
335276,3.45971377811376,TRUE
335420,4.45885438797449,TRUE
335422,3.38085211364917,TRUE
335556,2.21568828371184,TRUE
335633,4.42862532765075,TRUE
335730,3.62941099779311,TRUE
336098,1.80043445068522,TRUE
336228,2.83620366288242,TRUE
336232,2.06622695978927,TRUE
336338,3.98335203201743,TRUE
336355,3.95308506911248,TRUE
336470,4.56896664041559,TRUE
336557,3.32715084470685,TRUE
336566,1.48486040865242,TRUE
336701,3.88279238573769,TRUE
337667,3.85847965405072,TRUE
337685,3.43058750770322,TRUE
337740,4.38199506708919,TRUE
337822,1,TRUE
337986,3.64192013946749,TRUE
338183,4.46045885948519,TRUE
338343,3.97056948231163,TRUE
338589,2.57453473209909,TRUE
338632,2.17526091134701,TRUE
338682,3.729188221067,TRUE
338702,4.5934759825808,TRUE
338855,4.88874380090231,TRUE
338956,5,TRUE
338980,4.27508643355211,TRUE
339070,4.33733003675283,TRUE
339075,3.89716356091032,TRUE
339256,3.68373111715001,TRUE
339345,3.90411878563253,TRUE
339379,3.29946574136118,TRUE
339532,4.38243931852607,TRUE
339568,3.58028755219769,TRUE
339590,3.35295309160335,TRUE
339606,4.15099150635085,TRUE
339753,4.74408050995566,TRUE
339783,4.47449924459806,TRUE
339957,2.67335878364574,TRUE
340039,4.595289923224,TRUE
340159,3.77943466280429,TRUE
340160,3.27325253734523,TRUE
340195,3.9327147144227,TRUE
340204,1,TRUE
340377,1,TRUE
340399,2.08176014856944,TRUE
340607,4.02620634631931,TRUE
340947,3.91965699280201,TRUE
341019,1.10013291346504,TRUE
341150,4.39606944891789,TRUE
341312,2.25688895888747,TRUE
341424,3.22119140872328,TRUE
341475,2.63466696523929,TRUE
341569,2.72658593636459,TRUE
342060,3.85679584343964,TRUE
342091,3.7985885261867,TRUE
342206,3.72881182044058,TRUE
342270,2.46265719714245,TRUE
342298,3.84007490462584,TRUE
342306,2.32536556997917,TRUE
342337,3.74882576257845,TRUE
342452,1,TRUE
342517,2.13631797821825,TRUE
342641,2.99620959054883,TRUE
342721,3.18316842569567,TRUE
342798,1,TRUE
342888,2.29933626070635,TRUE
342945,3.35808193039509,TRUE
342949,4.19576894929238,TRUE
343040,4.14733232875886,TRUE
343041,4.06246973801727,TRUE
343053,3.48222079770507,TRUE
343083,3.6372566695007,TRUE
343108,4.31556693026417,TRUE
343143,4.69205122387932,TRUE
343282,2.52355310159215,TRUE
343506,3.12238926919287,TRUE
343509,4.76085911848681,TRUE
343531,2.81699993186034,TRUE
343580,4.22948341289213,TRUE
343980,3.36187880339629,TRUE
343994,3.17719042584442,TRUE
344059,3.01108955536042,TRUE
344126,3.98118237701134,TRUE
344284,3.86681182491534,TRUE
344313,3.79193413526538,TRUE
344486,4.03536932347336,TRUE
344635,5,TRUE
344992,2.95683299993899,TRUE
345300,2.99905359171476,TRUE
345348,4.10805629254467,TRUE
345454,3.47243476492276,TRUE
345813,3.82236715289425,TRUE
345847,3.65650871511361,TRUE
345866,3.71877180737081,TRUE
345880,4.25436186932329,TRUE
346008,4.14663352833895,TRUE
346084,4.66206628109467,TRUE
346113,3.05484579833952,TRUE
346383,3.90904564994122,TRUE
346457,4.3468284903087,TRUE
346490,4.34457044845734,TRUE
346695,2.41256347691463,TRUE
346945,2.83109396347854,TRUE
347020,1.69562382420484,TRUE
347120,3.07257864334982,TRUE
347128,4.66029491037238,TRUE
347147,1,TRUE
347296,3.41198198503526,TRUE
347335,4.24325253876476,TRUE
347338,4.24923941952886,TRUE
347351,3.05772814182544,TRUE
347501,3.86890043106192,TRUE
347752,4.28800419637205,TRUE
347859,4.37838301632648,TRUE
347871,3.84641868056023,TRUE
348066,3.82311549640569,TRUE
348100,3.49002462712203,TRUE
348350,3.79086145565093,TRUE
348386,2.84470151115099,TRUE
348430,3.81746238993541,TRUE
348633,2.4306917898337,TRUE
348691,3.76582963220858,TRUE
348836,3.74378329347772,TRUE
348938,3.84126831824352,TRUE
349003,3.87245114857752,TRUE
349467,3.69520695560018,TRUE
349501,1.34383102529314,TRUE
349600,5,TRUE
349786,3.67256462796671,TRUE
349850,4.66297560029101,TRUE
350040,4.04985824808329,TRUE
350103,5,TRUE
350146,3.08458618918914,TRUE
350286,5,TRUE
350435,2.89317143041581,TRUE
350498,3.75181511044545,TRUE
350500,3.50986203942512,TRUE
350643,3.43166149549802,TRUE
350714,3.97018767479871,TRUE
350784,4.5479923492037,TRUE
350993,3.31143578676737,TRUE
350998,3.02810057155839,TRUE
351082,3.31594260320995,TRUE
351098,2.89424502469733,TRUE
351198,3.59425901503468,TRUE
351246,3.81045848019807,TRUE
351348,1.6978428615942,TRUE
351350,3.07760684078958,TRUE
351417,3.22068739489684,TRUE
351450,3.41092081453018,TRUE
351625,3.61800987549117,TRUE
351695,3.19262357120523,TRUE
351750,3.89247806405695,TRUE
351946,3.13182939235427,TRUE
352222,3.10393548438796,TRUE
352272,3.08723889243073,TRUE
352374,2.17703259830909,TRUE
352407,3.3597556111758,TRUE
352453,3.51521415589162,TRUE
352470,3.64610797307734,TRUE
352497,3.50168326500611,TRUE
352722,4.99301075173255,TRUE
352725,2.92807725623551,TRUE
352736,4.39494407894582,TRUE
352836,3.09853783686436,TRUE
352858,3.81151309246362,TRUE
352903,3.66171218201111,TRUE
352965,3.70683003949472,TRUE
353012,2.89440653480345,TRUE
353146,4.64214894590372,TRUE
353223,2.59605829361767,TRUE
353322,4.22981521889537,TRUE
353406,3.27834721339409,TRUE
353547,3.41874254102061,TRUE
353596,2.94027584472591,TRUE
353636,4.43220837036384,TRUE
353639,4.66509576539804,TRUE
353640,3.95388159760698,TRUE
353707,4.18909038133905,TRUE
353766,4.66995696696499,TRUE
353773,3.3765062418004,TRUE
353850,3.7125017849546,TRUE
353913,3.26026442109977,TRUE
353916,4.09394532872461,TRUE
353968,3.07119769107904,TRUE
354010,3.92563739509434,TRUE
354123,4.45967227455409,TRUE
354178,3.0860031891101,TRUE
354233,2.4892846938317,TRUE
354282,3.69287251844773,TRUE
354360,3.86937425032106,TRUE
354403,3.86457390621716,TRUE
354644,3.90458063660783,TRUE
354744,3.72675856171677,TRUE
354771,4.08752318135159,TRUE
354835,2.5481478753196,TRUE
354849,1.90046503388157,TRUE
355148,3.22908599107971,TRUE
355180,2.18806141647818,TRUE
355329,3.92784322419542,TRUE
355416,3.8341497996622,TRUE
355438,3.85364277295646,TRUE
355541,3.34346942765993,TRUE
355588,4.24995354365117,TRUE
355733,3.96328361263895,TRUE
355793,4.41968315591778,TRUE
355915,3.42863254727254,TRUE
355937,5,TRUE
355976,2.98619747268829,TRUE
356056,3.04396326111468,TRUE
356287,3.82362629073511,TRUE
356301,2.33222075394527,TRUE
356333,1.57935217887637,TRUE
356420,3.96533156083169,TRUE
356470,3.15597799293994,TRUE
356731,2.68221956159466,TRUE
356795,3.41725480000785,TRUE
356900,3.1872673618726,TRUE
356913,3.65839579196192,TRUE
356984,1.94838342138679,TRUE
357211,3.59963840500372,TRUE
357220,4.16408708095137,TRUE
357221,3.80331651534923,TRUE
357222,3.77522217190548,TRUE
357665,2.89893905904142,TRUE
357974,2.97841858357879,TRUE
358100,3.87892291358913,TRUE
358131,4.0990039013401,TRUE
358184,3.89710883517556,TRUE
358745,3.87545537861066,TRUE
358798,2.9846515662183,TRUE
358898,4.10708775360333,TRUE
358911,3.41136090016934,TRUE
359034,3.89781480199109,TRUE
359071,3.77523702854134,TRUE
359090,3.77225660801265,TRUE
359239,2.83058519778403,TRUE
359357,2.22505899456312,TRUE
359398,3.79563769502998,TRUE
359407,3.21828290265793,TRUE
359543,3.35129203833857,TRUE
359743,3.80968803413231,TRUE
359838,3.91171566111034,TRUE
359911,2.85903627842734,TRUE
360015,3.55868467309831,TRUE
360018,3.00733857437497,TRUE
360214,1.54983865638369,TRUE
360260,2.73267250324136,TRUE
360320,4.27833217909022,TRUE
360389,3.51833215948853,TRUE
360447,2.00930132634248,TRUE
360461,1.96751012533673,TRUE
360484,3.51125254673799,TRUE
360706,2.42799056701809,TRUE
360718,2.91884377305538,TRUE
360871,1,TRUE
360970,2.47553746402732,TRUE
361091,2.79759153673878,TRUE
361430,2.79491546285606,TRUE
361450,3.40498004912535,TRUE
361493,1.50959432079798,TRUE
361503,2.86448222315772,TRUE
361551,2.71211701830936,TRUE
361603,3.13122702106952,TRUE
361626,3.57810200534033,TRUE
361717,2.64839398155718,TRUE
361800,2.21964777205247,TRUE
361978,2.24397924972439,TRUE
362112,3.50237576961188,TRUE
362303,3.850165526751,TRUE
362589,3.59438016302086,TRUE
362651,3.50157640324048,TRUE
362787,3.64197748102372,TRUE
363008,3.71917529480863,TRUE
363013,3.43991371174409,TRUE
363075,3.23551908662513,TRUE
363183,3.25103633751896,TRUE
363463,3.85159829906082,TRUE
363466,4.1822166935474,TRUE
363471,3.64274577919228,TRUE
363477,4.06980334522382,TRUE
363528,3.51011751733362,TRUE
363656,4.90864984055762,TRUE
363685,4.29695625006743,TRUE
363865,4.09183830502715,TRUE
363959,3.19786628767019,TRUE
364256,3.21110533723189,TRUE
364305,1.50745122010147,TRUE
364322,4.23662664405114,TRUE
364377,3.81425985726557,TRUE
364428,4.15816334825918,TRUE
364534,5,TRUE
364540,4.22012313547427,TRUE
364555,4.31694364122078,TRUE
364780,4.10766555146392,TRUE
364839,2.95262796919943,TRUE
364850,4.04470958043257,TRUE
364859,4.38289918726576,TRUE
364920,4.41147010655257,TRUE
365024,4.16151910755838,TRUE
365050,4.73038527215076,TRUE
365121,4.89403507113794,TRUE
365225,3.50286567564152,TRUE
365632,3.7886723047897,TRUE
365739,3.38445195701909,TRUE
365948,4.02062095039111,TRUE
366034,4.71224186698424,TRUE
366179,3.86887182381037,TRUE
366326,4.25931701508906,TRUE
366481,1.17949422299794,TRUE
366638,4.06180460512359,TRUE
366726,1.52108017899947,TRUE
366854,4.53048533179708,TRUE
366872,3.95821155924824,TRUE
366941,3.58334845910428,TRUE
367082,3.3129952414181,TRUE
367087,4.87077666084905,TRUE
367173,4.00045135753455,TRUE
367268,3.26440590564401,TRUE
367375,4.13968348965643,TRUE
367434,4.20573873215262,TRUE
367439,4.83491010666094,TRUE
367520,3.17372648027489,TRUE
367528,4.7486866827362,TRUE
367783,3.1002674384859,TRUE
367829,4.17401808312669,TRUE
367988,4.40282832324708,TRUE
368060,4.81905538919982,TRUE
368584,4.25608131918639,TRUE
368586,2.80165000430713,TRUE
368664,4.73275539054483,TRUE
368818,3.21999192972493,TRUE
368841,1.85978231175036,TRUE
368888,3.11357815672731,TRUE
368932,3.21740831848192,TRUE
368934,2.58534229186685,TRUE
368998,2.60282900788861,TRUE
369033,2.3297857827059,TRUE
369247,3.76472765994756,TRUE
369511,4.16961696362507,TRUE
369622,3.13347576124923,TRUE
369713,4.04177210310732,TRUE
369879,3.29634295032453,TRUE
369941,1.72804810865153,TRUE
369963,4.53173904611942,TRUE
369965,3.47628415678631,TRUE
370325,4.36835738120024,TRUE
370421,4.48088239661806,TRUE
370488,3.89683709986549,TRUE
370495,2.52457860025983,TRUE
370636,1.0532908564117,TRUE
370746,2.31469953111017,TRUE
370842,4.58414707308066,TRUE
370967,3.48287690020894,TRUE
371135,4.45700196754407,TRUE
371217,3.2288365207716,TRUE
371363,4.95468791955124,TRUE
371373,4.17397634127308,TRUE
371400,3.26572502724182,TRUE
371579,3.3708353553687,TRUE
371604,3.16589014956466,TRUE
371703,2.53964274463337,TRUE
371804,2.59928974926753,TRUE
371812,3.89615257823541,TRUE
372019,4.52763337001548,TRUE
372184,4.40958203913536,TRUE
372461,4.24863806917382,TRUE
372611,4.26725967255965,TRUE
372714,4.73186617798355,TRUE
372820,3.15004188677558,TRUE
372933,3.60577452437673,TRUE
373046,4.37864903281036,TRUE
373246,3.84823536905293,TRUE
373288,3.18546430496582,TRUE
373403,3.01705954791808,TRUE
373494,2.81597008529967,TRUE
373504,3.63411035627338,TRUE
373590,2.58973096246892,TRUE
373656,1.83375969894383,TRUE
373679,3.57598311596056,TRUE
373718,3.40921224074371,TRUE
373777,4.43949525176935,TRUE
373801,2.68113079564233,TRUE
373814,3.48274609112871,TRUE
373872,2.06230151135231,TRUE
373916,3.04067200820083,TRUE
373969,3.02670165708883,TRUE
374188,4.11327131462281,TRUE
374402,3.58017194800417,TRUE
374483,2.87849169161854,TRUE
374537,3.51797517045643,TRUE
374605,3.96329550491543,TRUE
374638,3.58969310330706,TRUE
374717,4.80124791897711,TRUE
374862,4.04673963636271,TRUE
375006,1.62132745247038,TRUE
375039,3.52545532478805,TRUE
375253,4.40542568676258,TRUE
375755,3.46818218700431,TRUE
375766,2.3747969811154,TRUE
375841,4.75572301958232,TRUE
375897,4.41569924132498,TRUE
375932,3.33357630539337,TRUE
376023,3.70211870459109,TRUE
376174,2.6650608697257,TRUE
376290,4.89198862774516,TRUE
376357,3.85702775402788,TRUE
376428,3.81996011907791,TRUE
376779,4.76373587052629,TRUE
376926,2.82740732527204,TRUE
376927,4.08685003135194,TRUE
376959,3.56450910023559,TRUE
377137,3.98019409538532,TRUE
377202,3.75921821919461,TRUE
377237,4.16226270209031,TRUE
377369,4.09307372450264,TRUE
377395,2.77937511294922,TRUE
377404,3.80086608520648,TRUE
377449,4.19345719382722,TRUE
377468,2.44337819889398,TRUE
377576,1.94763697495221,TRUE
377589,3.23553666176316,TRUE
377625,2.55237624210533,TRUE
377807,2.53394973966985,TRUE
378281,2.76600027379067,TRUE
378445,2.56245994834968,TRUE
378626,4.50242689480676,TRUE
378672,4.00966276511784,TRUE
378698,3.33947566675172,TRUE
378782,3.71374036155503,TRUE
378806,3.57763766383563,TRUE
378833,4.23403728425883,TRUE
378913,3.46601750824456,TRUE
379275,3.92558039160681,TRUE
379410,1.02942888340238,TRUE
379746,4.06337570066602,TRUE
379857,3.4887919889172,TRUE
379885,2.69187960161782,TRUE
379983,4.92054672690008,TRUE
380248,2.36520499958689,TRUE
380616,3.89144981864805,TRUE
380683,3.31890228165713,TRUE
380829,1.91042886509013,TRUE
380968,3.74981889827357,TRUE
381038,3.87167789465276,TRUE
381054,4.72296734835671,TRUE
381279,3.04249696817397,TRUE
381282,2.20161087166956,TRUE
381318,2.53435653413926,TRUE
381386,2.6674263555348,TRUE
381471,3.7123168950867,TRUE
381506,3.68599288563842,TRUE
381544,3.85973908196826,TRUE
381594,3.12811851528942,TRUE
381595,4.25803516968238,TRUE
381701,4.38763613325817,TRUE
381725,2.43252602048106,TRUE
381726,3.89216289326518,TRUE
381803,3.05079044973232,TRUE
381908,4.68162355105629,TRUE
381914,3.65962406139078,TRUE
382104,3.76341968965232,TRUE
382242,3.21013243991964,TRUE
382305,3.02054384393644,TRUE
382345,3.32970646826911,TRUE
382497,4.20777535309621,TRUE
382538,3.39144709687909,TRUE
382598,3.38385682802576,TRUE
382915,4.01152809708027,TRUE
383336,4.37645629203142,TRUE
383356,5,TRUE
383385,3.94670982449789,TRUE
383661,2.96067985615959,TRUE
383835,3.71358148678688,TRUE
383902,4.22072173536131,TRUE
383947,1,TRUE
384009,4.31530814934018,TRUE
384157,4.63757764328742,TRUE
384236,1.32003601123661,TRUE
384264,1,TRUE
384272,3.86039643202914,TRUE
384294,4.48055189429784,TRUE
384499,3.53482778696272,TRUE
384572,3.54172903230324,TRUE
384644,4.05236599256045,TRUE
384667,2.32003792849897,TRUE
384680,2.75698153168427,TRUE
384693,3.39760949930677,TRUE
384732,4.0437143175812,TRUE
384903,2.51485714339645,TRUE
384904,4.51026726141946,TRUE
385099,3.13538203734094,TRUE
385251,3.82352878421063,TRUE
385289,4.64058522995296,TRUE
385392,2.68529708896511,TRUE
385471,4.44724621676663,TRUE
385534,4.83551282487217,TRUE
385548,3.88829463307016,TRUE
385556,3.75870015987685,TRUE
385885,3.03273638737545,TRUE
386054,3.8314237745112,TRUE
386153,4.36391362890006,TRUE
386276,5,TRUE
386395,4.23250831997372,TRUE
386478,4.41885868368457,TRUE
386505,3.53600025259419,TRUE
386665,2.44280857022596,TRUE
386676,1.73127162464381,TRUE
386684,3.85556199995404,TRUE
386705,4.04209770741475,TRUE
386743,2.47428091348218,TRUE
386797,3.36851846430802,TRUE
386821,3.94249751784047,TRUE
387122,3.25305046673937,TRUE
387269,3.65220078238405,TRUE
387375,3.36306886004873,TRUE
387463,4.08275834469481,TRUE
387534,2.88001561718814,TRUE
387666,4.33830848523951,TRUE
387910,3.68208899408729,TRUE
387925,4.67151489370956,TRUE
387956,3.25608276837395,TRUE
388005,4.74347750331745,TRUE
388208,3.22085224008872,TRUE
388465,3.89343133369047,TRUE
388679,2.97234802078665,TRUE
388725,2.57772805680978,TRUE
388834,1.36666086807262,TRUE
388859,4.02241269986043,TRUE
388885,4.27016951770736,TRUE
388975,4.9227637314567,TRUE
389056,4.16531618787841,TRUE
389083,3.42089911801884,TRUE
389167,3.23789989958216,TRUE
389201,3.94495071470529,TRUE
389779,3.15806278391963,TRUE
390204,3.40910566654386,TRUE
390208,2.16462608329174,TRUE
390359,3.61234324151975,TRUE
390438,3.49916368428688,TRUE
390609,4.62869565607917,TRUE
390745,4.55744300642949,TRUE
390844,4.35875334739185,TRUE
390930,1.12365191067695,TRUE
391010,2.91449140624447,TRUE
391170,3.03641482440735,TRUE
391328,3.35071832089672,TRUE
391345,4.16089521020183,TRUE
391423,3.30951547856996,TRUE
391732,4.41551405454314,TRUE
391741,4.92916774120472,TRUE
391890,3.87157044855328,TRUE
392018,2.83168723194688,TRUE
392029,3.81941500235546,TRUE
392032,3.76870502880299,TRUE
392073,2.18707401168041,TRUE
392079,3.92849505602854,TRUE
392264,4.15317104429802,TRUE
392312,3.85418891287482,TRUE
392405,3.6807189092726,TRUE
392420,3.28940322477109,TRUE
392480,3.49166472993457,TRUE
392554,3.73965601573355,TRUE
392565,4.04014116357671,TRUE
392696,3.38144844914552,TRUE
392729,2.34044527029547,TRUE
392748,4.02037719624202,TRUE
392756,4.58743644765403,TRUE
392808,3.40704038524944,TRUE
392874,2.56124318926861,TRUE
392880,3.99500272352763,TRUE
392889,4.84191114050735,TRUE
393048,3.31053299654213,TRUE
393301,1.9581494994574,TRUE
393339,3.97350119818151,TRUE
393399,5,TRUE
393640,4.23432343024052,TRUE
393784,2.53683632691827,TRUE
394015,3.83879576740814,TRUE
394089,4.5325009736095,TRUE
394131,1.55965392798672,TRUE
394188,3.77375707129741,TRUE
394389,4.01010653115857,TRUE
394411,4.77713361629449,TRUE
394655,3.48669693824123,TRUE
394740,3.02780892238255,TRUE
394802,3.75892872467469,TRUE
394906,4.50188561317641,TRUE
395097,3.57968609938548,TRUE
395113,3.3897582754427,TRUE
395120,3.74556640501959,TRUE
395164,3.8562930832187,TRUE
395272,3.78662680525588,TRUE
395355,1.77877799509519,TRUE
395414,2.86462024891328,TRUE
395415,1,TRUE
395713,4.71369020378226,TRUE
395751,4.93579123742601,TRUE
395828,4.61970008524794,TRUE
395932,4.76824145762919,TRUE
395949,3.00136892547594,TRUE
395961,4.29187421861025,TRUE
396019,3.84976980467143,TRUE
396149,3.89202434183652,TRUE
396247,3.6650176448497,TRUE
396364,3.43158639664858,TRUE
396547,4.30996973098014,TRUE
396620,3.50138857520122,TRUE
396811,3.76754296455728,TRUE
396813,3.24680503047596,TRUE
396851,2.59955374721406,TRUE
396969,3.8399514123585,TRUE
397056,1,TRUE
397093,3.56959877739625,TRUE
397181,3.62155146826745,TRUE
397280,3.70551112823249,TRUE
397295,4.53406872796002,TRUE
397326,3.03026176920312,TRUE
397381,2.28981385295665,TRUE
397400,2.23786690662422,TRUE
397507,2.94736763806084,TRUE
397574,3.07102622912163,TRUE
397608,4.16733984295895,TRUE
397899,1.65815038874378,TRUE
397973,5,TRUE
398100,1,TRUE
398226,4.3417313731646,TRUE
398443,4.40623481676272,TRUE
398511,4.07847372108558,TRUE
398577,4.89707391545505,TRUE
398659,1,TRUE
398716,3.53487379644015,TRUE
398780,4.46992242297172,TRUE
398801,3.11605650433208,TRUE
398964,3.18963392986791,TRUE
399112,2.2784155060579,TRUE
399283,3.99171516123942,TRUE
399362,3.17921927699585,TRUE
399513,4.16549017304893,TRUE
399609,3.91931597697956,TRUE
399705,4.22414025661855,TRUE
399730,3.66304892008662,TRUE
399811,2.74724641759926,TRUE
399814,4.16019439077256,TRUE
399844,3.40613666277704,TRUE
399992,2.96771843706737,TRUE
400264,2.77847885001638,TRUE
400353,3.16921807837247,TRUE
400384,2.82648362677583,TRUE
400417,3.43591921500917,TRUE
400591,4.01633643345128,TRUE
401035,3.85820683065093,TRUE
401174,3.77234779580182,TRUE
401191,3.32865103875452,TRUE
401228,4.92455244443452,TRUE
401346,3.58452904224754,TRUE
401388,3.56974828187742,TRUE
401499,4.84355905439686,TRUE
401502,3.23277070382097,TRUE
401552,2.57618015868893,TRUE
401595,3.72221066245625,TRUE
401628,1,TRUE
401730,3.67398864893878,TRUE
401807,4.18243631880113,TRUE
402002,3.21046658454104,TRUE
402181,2.79050524472811,TRUE
402227,3.22021185822288,TRUE
402282,3.44253886951088,TRUE
402319,1.65565269360791,TRUE
402620,3.89496677629859,TRUE
402647,3.58884922109183,TRUE
402652,3.44765222116384,TRUE
402981,3.85697086743324,TRUE
403057,3.91908136922349,TRUE
403286,3.77077728343363,TRUE
403294,4.16249110163998,TRUE
403321,2.78746688436455,TRUE
403405,4.18499509672211,TRUE
403424,4.21954911708895,TRUE
403461,4.06908947270468,TRUE
403539,2.95738060220331,TRUE
403671,3.10426499168314,TRUE
403877,3.07412775213891,TRUE
403907,4.69707744710098,TRUE
404071,4.27474465073097,TRUE
404269,2.84488951776992,TRUE
404313,3.83594851050109,TRUE
404318,3.40013175494174,TRUE
404506,4.38090908600561,TRUE
404702,3.05764409336434,TRUE
404706,3.67698942757587,TRUE
404748,2.62130381561032,TRUE
404804,4.19317333520694,TRUE
404837,3.36236745720693,TRUE
404907,3.63288529381237,TRUE
405087,3.93459122988072,TRUE
405143,2.41014301813567,TRUE
405154,4.26138870166488,TRUE
405169,1,TRUE
405494,4.61864931748509,TRUE
405586,3.29913553613783,TRUE
405625,3.41242657695217,TRUE
405631,1.04367049705102,TRUE
405643,3.52880455296913,TRUE
405804,3.23462747229196,TRUE
405904,4.39494290620957,TRUE
405928,1.93357225924685,TRUE
405996,3.60745810609877,TRUE
406003,3.86016643325076,TRUE
406189,3.34790116046184,TRUE
406335,3.71207750344314,TRUE
406421,2.85485795246995,TRUE
406488,4.19597112306113,TRUE
406507,4.52146471102721,TRUE
406524,3.87434615594162,TRUE
406567,1.87049450235916,TRUE
406635,2.86976022400956,TRUE
406726,3.8229791993161,TRUE
406838,2.92911079833396,TRUE
406853,3.88485194507702,TRUE
407081,3.33269831407299,TRUE
407287,3.94298409179398,TRUE
407519,1.43508881543755,TRUE
407765,3.06533300377654,TRUE
407815,3.4087031867643,TRUE
408048,4.1238968849891,TRUE
408133,4.06190613347607,TRUE
408153,2.88271221515906,TRUE
408235,4.37310311132973,TRUE
408422,3.59743904034738,TRUE
408569,3.04575482123968,TRUE
408716,3.87083100910361,TRUE
408832,3.50609526370648,TRUE
408852,3.11776923565349,TRUE
408885,2.05213354473847,TRUE
409020,3.44618181475604,TRUE
409051,3.93743949618516,TRUE
409173,3.75778305252313,TRUE
409174,3.37790557749589,TRUE
409732,3.50434478884218,TRUE
409741,3.81866742887879,TRUE
409973,3.47356307723975,TRUE
410219,2.27795788988926,TRUE
410448,3.95341191846576,TRUE
410547,3.00927452746118,TRUE
410566,3.87325056347086,TRUE
410673,2.76476112028409,TRUE
410746,4.93817949510198,TRUE
411068,1.62634555796358,TRUE
411109,3.98327899073203,TRUE
411204,4.91154494702976,TRUE
411258,4.04058094949319,TRUE
411311,4.03497304475306,TRUE
411333,3.97352893810415,TRUE
411417,3.38034372539527,TRUE
411474,3.59706130976607,TRUE
411642,4.65502043814126,TRUE
411646,3.54124316528693,TRUE
411668,3.73353856451064,TRUE
411711,4.18046436087922,TRUE
411873,2.71625818241323,TRUE
411965,3.26878143575732,TRUE
411989,4.24711154131607,TRUE
411995,4.15578394523294,TRUE
412156,4.24092509939847,TRUE
412442,3.79160373722178,TRUE
412479,4.12779001945506,TRUE
412624,2.67029439232258,TRUE
412669,3.22855887609045,TRUE
412699,3.82636647236862,TRUE
412967,3.72772678572389,TRUE
413134,4.47887067926052,TRUE
413413,2.58309257191641,TRUE
413418,3.72470132929849,TRUE
413537,3.94791269825144,TRUE
413558,4.1837055630468,TRUE
413673,3.0465452667526,TRUE
413757,3.4862058917453,TRUE
413795,3.96609588897584,TRUE
413871,3.54127704706111,TRUE
413928,3.25607603713647,TRUE
414042,4.35276853212776,TRUE
414069,2.40223284536504,TRUE
414123,1.7221948986761,TRUE
414138,4.48021481094408,TRUE
414143,3.08518499789258,TRUE
414269,3.37604177922214,TRUE
414431,3.50401552690191,TRUE
414467,1.84441924285807,TRUE
414632,2.18612473584942,TRUE
414770,3.37716703957805,TRUE
414783,3.484677181876,TRUE
415136,3.80675060945143,TRUE
415205,4.67762789977281,TRUE
415365,4.8462558275545,TRUE
415386,4.44356702929523,TRUE
415438,3.67267183044205,TRUE
415456,2.32819955456015,TRUE
415496,2.01292295729524,TRUE
415549,4.59052938060558,TRUE
415817,3.78036578215415,TRUE
415905,3.49018431381648,TRUE
415954,3.23867696772587,TRUE
416089,3.85578375908771,TRUE
416139,2.33534408689846,TRUE
416198,3.48169978653609,TRUE
416342,5,TRUE
416400,3.91333010381968,TRUE
416619,3.7403038705171,TRUE
416639,3.63199141159931,TRUE
416668,3.78984479589768,TRUE
416758,3.15266286431061,TRUE
416794,2.3174965976223,TRUE
416807,3.38988440148072,TRUE
416828,2.78950534410821,TRUE
416901,4.50401910391721,TRUE
416946,2.67065402061605,TRUE
416951,3.22194574743495,TRUE
417075,4.8604931143855,TRUE
417192,4.31421276964143,TRUE
417949,3.53460337989764,TRUE
417974,3.89830028973211,TRUE
418057,4.07149321397153,TRUE
418297,2.3589196118861,TRUE
418471,4.06749503934431,TRUE
418601,2.79830001136562,TRUE
418617,3.86876522254539,TRUE
418859,3.95107404721796,TRUE
419287,4.26251634921595,TRUE
419388,3.91121318459228,TRUE
419430,3.60308552487252,TRUE
419521,3.82198040350951,TRUE
419559,3.27513521398563,TRUE
419568,3.80504091209151,TRUE
419906,2.8568681094908,TRUE
420031,2.74777660181506,TRUE
420126,3.57090674371803,TRUE
420363,3.30610827182788,TRUE
420483,2.94577841384297,TRUE
420584,3.82064810382572,TRUE
420649,4.71149701213977,TRUE
420746,4.33523365276623,TRUE
420768,3.96132271287023,TRUE
420877,3.18770342163307,TRUE
420974,2.94594919911309,TRUE
421010,4.10141539647493,TRUE
421055,3.86608527963335,TRUE
421076,4.31511521802961,TRUE
421235,3.64618000075427,TRUE
421282,3.85740737905648,TRUE
421353,3.24253292280682,TRUE
421395,3.35278995115001,TRUE
421593,4.72959667806294,TRUE
421599,4.45935234189032,TRUE
421645,4.03725990581221,TRUE
421668,4.80730030933455,TRUE
421688,3.81032348135098,TRUE
421714,3.08884163740765,TRUE
421934,2.52308712887521,TRUE
422020,3.33045481171579,TRUE
422290,3.83757564863731,TRUE
422296,4.13321524971468,TRUE
422386,3.91260775081901,TRUE
422435,3.53386953352965,TRUE
422446,4.00987449273888,TRUE
422517,5,TRUE
422616,5,TRUE
422799,3.17794346730849,TRUE
422869,4.36597583880822,TRUE
422955,4.07981134956892,TRUE
422993,3.34021338298169,TRUE
423127,4.55363588178039,TRUE
423239,2.81661349616606,TRUE
423301,3.00072256320391,TRUE
423571,3.27184548875509,TRUE
423623,3.72559965459899,TRUE
423633,4.01161682332818,TRUE
423653,3.02367687617416,TRUE
423671,2.55328988049571,TRUE
423675,3.31408690852289,TRUE
423676,4.00329917167913,TRUE
423774,3.43933928627385,TRUE
424033,4.07705127198407,TRUE
424044,3.89467497529206,TRUE
424140,3.61936365196667,TRUE
424461,3.86738402726431,TRUE
424510,3.88841043809151,TRUE
424579,3.23407514827325,TRUE
424621,2.01553842928109,TRUE
424766,2.35056922316279,TRUE
424845,3.53167408238649,TRUE
425289,3.30347481527878,TRUE
425440,4.41966271808354,TRUE
425441,4.59906293258305,TRUE
425825,4.48588894838532,TRUE
425827,4.49688783022874,TRUE
425940,3.57730176981117,TRUE
425971,4.41296537588973,TRUE
426037,4.19527250007135,TRUE
426182,1.86722186846003,TRUE
426214,3.61196584058094,TRUE
426272,3.09887891714237,TRUE
426412,2.18461106390408,TRUE
426415,3.2568973081397,TRUE
426481,2.75949593506053,TRUE
426794,3.76695905185139,TRUE
426859,4.29924701261829,TRUE
426888,2.78535538574867,TRUE
427388,2.24128425141741,TRUE
427421,3.63982225693724,TRUE
427440,2.05140587245492,TRUE
427452,4.17583150424299,TRUE
427512,2.94677908148643,TRUE
427756,3.29097329717412,TRUE
427922,1,TRUE
428018,3.45634892456381,TRUE
428177,3.67631500434157,TRUE
428207,3.86056463529351,TRUE
428315,4.08674085149435,TRUE
428497,4.70175372322516,TRUE
428646,4.13369943707689,TRUE
428653,4.29924345773836,TRUE
428793,4.09147034620465,TRUE
428843,3.91440752757337,TRUE
428977,3.50043295545211,TRUE
429011,3.26941984535096,TRUE
429176,4.38498797860484,TRUE
429316,2.54153500284466,TRUE
429375,4.10905391460385,TRUE
429379,3.40618419834441,TRUE
429476,3.49392301050699,TRUE
429629,3.22630959394725,TRUE
430015,2.85759317889861,TRUE
430157,3.92513506480398,TRUE
430163,3.01334058833872,TRUE
430204,2.93289169631716,TRUE
430468,3.32089369021303,TRUE
430501,4.33762837607526,TRUE
430650,4.26751627249349,TRUE
430662,4.29898977251403,TRUE
430957,3.72322292240707,TRUE
431147,3.17160175576811,TRUE
431336,4.35283965802425,TRUE
431644,4.46252158030554,TRUE
431846,4.25534614146823,TRUE
431863,3.94470564430266,TRUE
431932,4.28211040623124,TRUE
432164,3.99158190560804,TRUE
432167,3.99134876634011,TRUE
432314,3.00775184406829,TRUE
432488,3.29169467540775,TRUE
432545,2.63910744072861,TRUE
432686,3.07197237015917,TRUE
432750,1.53991485201599,TRUE
432773,2.77937076305202,TRUE
432954,2.17293800407505,TRUE
432955,3.88340319072451,TRUE
433017,4.06432838484622,TRUE
433057,4.83348842658333,TRUE
433087,3.80934604074813,TRUE
433099,4.87582228218981,TRUE
433114,2.55557039747329,TRUE
433167,3.94308303161722,TRUE
433271,4.703367532283,TRUE
433583,3.16038840989049,TRUE
433723,3.06655607426781,TRUE
433770,2.90477869750944,TRUE
433771,3.36671780740222,TRUE
433812,3.16216030645199,TRUE
433818,2.93519779290791,TRUE
433850,3.35192351827794,TRUE
433930,4.11595466239488,TRUE
433977,2.46615581942354,TRUE
434033,2.15772707688894,TRUE
434099,3.56107355332395,TRUE
434115,3.17060130076847,TRUE
434165,3.78320442221747,TRUE
434257,3.77592634069923,TRUE
434391,2.60457701854278,TRUE
434406,2.26894629155703,TRUE
434447,3.78115257260938,TRUE
434466,2.89513516745015,TRUE
434637,2.36397472253007,TRUE
434743,4.36723849330455,TRUE
434765,2.69780109299946,TRUE
434839,3.8740080860911,TRUE
434967,3.79024498795889,TRUE
435117,3.7607100155754,TRUE
435121,1.42514723528419,TRUE
435288,4.11993300025989,TRUE
435613,4.04466319298652,TRUE
435641,4.65898932302526,TRUE
435650,4.12810648740454,TRUE
435653,2.90657667857538,TRUE
435706,3.76609957221885,TRUE
435934,3.69788535825654,TRUE
436045,2.82879002837532,TRUE
436070,1,TRUE
436244,1.25942931491951,TRUE
436253,2.89287000130845,TRUE
436439,3.34333239500456,TRUE
436507,3.08137494613391,TRUE
436515,3.49570055321651,TRUE
436626,2.13138221376239,TRUE
436742,4.49686471871358,TRUE
436788,3.65070726834568,TRUE
436789,2.60294935912487,TRUE
436897,4.09019552811129,TRUE
436898,3.95255906777973,TRUE
437218,3.74738325243288,TRUE
437355,3.87223522733272,TRUE
437667,1.65766153515488,TRUE
437998,3.70029307267193,TRUE
438125,4.01202907909575,TRUE
438188,3.76559355923721,TRUE
438250,4.87382106993461,TRUE
438272,3.88329391612212,TRUE
438415,3.72516720861381,TRUE
438525,3.8155325406638,TRUE
438544,4.13466342503707,TRUE
438594,3.75378961686432,TRUE
438626,3.85135303943116,TRUE
438639,3.07336670544304,TRUE
438658,2.95077584401446,TRUE
438897,4.06523187372499,TRUE
439114,2.60025571977476,TRUE
439165,3.9039475740391,TRUE
439233,3.79190415452667,TRUE
439238,4.5734597370836,TRUE
439263,5,TRUE
439268,5,TRUE
439300,4.94847554407111,TRUE
439387,2.97536240621186,TRUE
439469,3.59959595689507,TRUE
439554,2.49068596399425,TRUE
439724,1.49079984174342,TRUE
439760,4.50455524826622,TRUE
439799,2.91958267084996,TRUE
439950,4.80136514269988,TRUE
440099,3.58254293089523,TRUE
440145,2.65985899687092,TRUE
440272,3.71312034673279,TRUE
440347,4.6460380917326,TRUE
440578,3.95468474961847,TRUE
440851,2.26454360175237,TRUE
440852,3.82044702954008,TRUE
440918,3.89621113261024,TRUE
441263,4.49490917415211,TRUE
441345,1,TRUE
441382,1.42563098052539,TRUE
441460,3.91758673654788,TRUE
441502,2.4388140295807,TRUE
441514,2.42847971723698,TRUE
441624,2.93914093747956,TRUE
441634,2.52010129445859,TRUE
441881,1,TRUE
442101,4.09886514849983,TRUE
442124,4.56535203243527,TRUE
442162,3.12881956798775,TRUE
442246,3.33283012049074,TRUE
442431,4.07352560410293,TRUE
442485,4.08562343557494,TRUE
442544,3.65085675164583,TRUE
442579,4.21811782704913,TRUE
442609,4.8654628615267,TRUE
442657,3.55750958100422,TRUE
442671,3.87239102514417,TRUE
442704,2.99521870059366,TRUE
442738,2.7979126199645,TRUE
442810,4.69839926570827,TRUE
442982,4.23489298538331,TRUE
443019,4.64315986145409,TRUE
443119,4.15876857821752,TRUE
443137,3.61625517078243,TRUE
443247,4.59422199045777,TRUE
443255,3.95580564168958,TRUE
443401,4.72444358466078,TRUE
443410,2.01303969494678,TRUE
443532,3.83818821895399,TRUE
443589,3.87479198976363,TRUE
443676,3.62092720058503,TRUE
443696,2.53731847242713,TRUE
443701,2.77651242455298,TRUE
443844,3.34327757751962,TRUE
443883,3.11421297676707,TRUE
443889,2.52853192813286,TRUE
443899,4.0432050994067,TRUE
443919,4.25101329412488,TRUE
443951,4.20783207314489,TRUE
443984,3.90430915333661,TRUE
444052,4.78404187838303,TRUE
444069,4.65879958032861,TRUE
444126,3.62193050777454,TRUE
444275,3.70142862998795,TRUE
444349,3.15805651396668,TRUE
444459,2.75851801004209,TRUE
444628,2.62852068499464,TRUE
444823,4.14155662467694,TRUE
444892,4.58003873731962,TRUE
445132,4.41059765283686,TRUE
445403,4.85099938328234,TRUE
445470,3.46202526515382,TRUE
445481,4.10585149018988,TRUE
445584,2.48208161412295,TRUE
445635,1.01185328005307,TRUE
445775,2.83920245960574,TRUE
445807,3.60831404220753,TRUE
445813,5,TRUE
445841,4.91291185689701,TRUE
446068,1,TRUE
446381,3.60653688201535,TRUE
446417,2.35930653447075,TRUE
446479,3.56628085951892,TRUE
446573,4.0644980847675,TRUE
446617,3.93015768858191,TRUE
446747,3.64980363121084,TRUE
446811,4.27279491447371,TRUE
446822,3.53756427355754,TRUE
446882,4.01397382276545,TRUE
446992,2.95996048238263,TRUE
447017,3.59275215208571,TRUE
447049,3.8258320307524,TRUE
447290,1.99976114140846,TRUE
447336,3.18564237405203,TRUE
447422,4.88508320411631,TRUE
447634,4.33392892339719,TRUE
447714,4.52586254415972,TRUE
447832,3.02508194784127,TRUE
447871,3.80585845169895,TRUE
448216,2.88735633429597,TRUE
448228,3.73026725169353,TRUE
448302,4.13829236512973,TRUE
448465,4.37161257708271,TRUE
448470,4.41560071326989,TRUE
448536,4.2674862648722,TRUE
448799,3.53146358950326,TRUE
448801,3.39132409295196,TRUE
449065,3.89810085096277,TRUE
449180,3.96569559624847,TRUE
449233,2.1541764753424,TRUE
449350,3.32135983068768,TRUE
449389,2.95412351305597,TRUE
449446,3.25235044419716,TRUE
449621,4.62407337240157,TRUE
449646,2.23541557493196,TRUE
449816,4.24688105249601,TRUE
449837,4.07006853205573,TRUE
449861,3.7234410247446,TRUE
449920,4.46070014488048,TRUE
449936,4.73149806166497,TRUE
450061,4.27284490621344,TRUE
450085,2.02155256728068,TRUE
450104,3.17393357578118,TRUE
450163,3.8064787058359,TRUE
450213,2.6081117351118,TRUE
450396,1.79201159219928,TRUE
450415,4.13292310703451,TRUE
450512,4.08165370452299,TRUE
450552,3.2243987103024,TRUE
450666,2.9518943329415,TRUE
450754,3.52628747901791,TRUE
450774,4.08532422177509,TRUE
450820,3.75179874827372,TRUE
450827,3.57982818629155,TRUE
450896,3.10789017097184,TRUE
451021,3.43009358627272,TRUE
451223,2.94597063853618,TRUE
451255,3.80724756530452,TRUE
451266,3.66113099124693,TRUE
451460,3.48684109172447,TRUE
451624,4.01676383581241,TRUE
451809,4.31067216734043,TRUE
451811,3.55788315967203,TRUE
451869,4.01704637116811,TRUE
451919,4.4879735603093,TRUE
451924,3.58437037270528,TRUE
452082,4.9186710334988,TRUE
452109,2.9880148012303,TRUE
452133,4.08225930631081,TRUE
452155,4.02663031909535,TRUE
452254,2.76740683636588,TRUE
452401,3.69814734945276,TRUE
452533,3.96475841321552,TRUE
452565,4.36645589325098,TRUE
452578,3.99665707268298,TRUE
452589,3.34153513315956,TRUE
452630,4.24175887290285,TRUE
452718,4.22524620368185,TRUE
452736,3.59419415070296,TRUE
452759,4.53581061000919,TRUE
452932,3.03435617699394,TRUE
452937,1.33884286051469,TRUE
452985,3.6313569858016,TRUE
453197,3.77632413269024,TRUE
453305,2.9179946961529,TRUE
453329,1.52779790422117,TRUE
453363,1.22163903118938,TRUE
453963,3.47942024853725,TRUE
454138,4.12458595270822,TRUE
454185,2.50940555315414,TRUE
454244,3.57305945979486,TRUE
454325,3.77154921713741,TRUE
454340,3.8438624029683,TRUE
454350,3.74397542856592,TRUE
454491,2.90408854596271,TRUE
454607,2.52007520112555,TRUE
454757,2.82447315573362,TRUE
455043,4.22307113308048,TRUE
455088,1.75568160623434,TRUE
455360,4.59250500729798,TRUE
455401,3.29310131512907,TRUE
455608,3.86228206025525,TRUE
455714,4.18414523402776,TRUE
455729,3.29285192441058,TRUE
455758,4.26707458182962,TRUE
455773,3.37220074291439,TRUE
455786,2.44025336882602,TRUE
455833,3.87618477235809,TRUE
456100,2.8676181023679,TRUE
456202,5,TRUE
456236,4.20962769221195,TRUE
456431,3.48240822659582,TRUE
456529,3.71240336971703,TRUE
456565,3.40023077775436,TRUE
456666,1.75657524662749,TRUE
456785,4.11966951075735,TRUE
456888,4.53452431615523,TRUE
456944,3.98693397790308,TRUE
457086,3.04642879526585,TRUE
457129,4.26929144540542,TRUE
457465,3.86156048241516,TRUE
457627,3.97141590908922,TRUE
457656,2.19653640518805,TRUE
457677,3.34718961981498,TRUE
457755,3.92190443464254,TRUE
457970,3.69602898118141,TRUE
458218,2.20049340631647,TRUE
458339,3.40434821674327,TRUE
458341,3.53478653746861,TRUE
458484,3.89818531797532,TRUE
458494,2.71146259808471,TRUE
458516,3.46983152289466,TRUE
458691,3.54396291897499,TRUE
458725,4.64359204404024,TRUE
458840,1,TRUE
458893,3.40226458709016,TRUE
459044,3.88942025374447,TRUE
459059,4.21196662785151,TRUE
459292,3.78553056477932,TRUE
459487,3.75658024382642,TRUE
459607,3.8505576988639,TRUE
459793,2.90095837329477,TRUE
459859,3.70128863025587,TRUE
459889,2.16123684567719,TRUE
459899,1.34561789152396,TRUE
459945,3.30875023038497,TRUE
459947,4.40656057982807,TRUE
460105,4.96453292092646,TRUE
460163,3.35184180326624,TRUE
460211,2.17910434050646,TRUE
460320,2.85264001918313,TRUE
460354,3.52021063382135,TRUE
460512,4.61264602881021,TRUE
460759,4.01474589575125,TRUE
460876,4.80155452746035,TRUE
460900,4.75336382314455,TRUE
460904,4.58586736996619,TRUE
460913,4.25271562284592,TRUE
460941,4.35883728454946,TRUE
460994,3.72926863543165,TRUE
461007,3.26627306382692,TRUE
461065,3.65710915301006,TRUE
461187,3.983368073406,TRUE
461189,3.70269135285035,TRUE
461245,2.15035711589718,TRUE
461282,2.46607339168814,TRUE
461364,3.260058426543,TRUE
461454,3.85264537221713,TRUE
461520,3.03326856218248,TRUE
461870,3.46371090291044,TRUE
461904,3.00158148840907,TRUE
461923,3.7219510848887,TRUE
462056,4.12822384209472,TRUE
462072,4.91029331236548,TRUE
462106,2.83221556043973,TRUE
462165,3.84929024525011,TRUE
462226,3.54125652748414,TRUE
462261,4.31479611632908,TRUE
462264,4.64804123622239,TRUE
462338,3.45430476537075,TRUE
462349,3.92457352037025,TRUE
462648,3.67762180394391,TRUE
462669,3.85803000675594,TRUE
462775,2.8035330579478,TRUE
462856,1.65858363168726,TRUE
462863,4.20178411811503,TRUE
462910,3.44341135472639,TRUE
462943,3.1320384480219,TRUE
462953,3.65351366660958,TRUE
463310,2.02845703539222,TRUE
463351,3.22786737167798,TRUE
463484,3.53172283783499,TRUE
463563,2.59071980099404,TRUE
463602,2.91410158866671,TRUE
463788,3.88559432302582,TRUE
464007,4.87686578019793,TRUE
464030,3.24088323353124,TRUE
464226,4.58068334610846,TRUE
464284,4.12599615901337,TRUE
464304,4.63273515902316,TRUE
464330,2.70902962054594,TRUE
464440,3.91767139087344,TRUE
464461,3.65420292920756,TRUE
464792,4.20936494989817,TRUE
465010,2.7181688992864,TRUE
465236,3.50835532213961,TRUE
465289,3.64192680666825,TRUE
465346,3.04570050553509,TRUE
465381,2.05936910062841,TRUE
465400,3.38077556092999,TRUE
465440,2.48777349269272,TRUE
465486,3.33439668947418,TRUE
465828,3.51381456732991,TRUE
465885,3.90241588468097,TRUE
466071,4.12015585584316,TRUE
466175,4.12975370984905,TRUE
466224,4.00793052108194,TRUE
466241,5,TRUE
466319,3.7461401160437,TRUE
466389,4.15458733422384,TRUE
466695,3.16790702740914,TRUE
467242,4.48630571984322,TRUE
467369,3.68914796770162,TRUE
467661,2.4956267694183,TRUE
467670,3.57175211184894,TRUE
467863,3.85477702643476,TRUE
467873,4.54857279708196,TRUE
467881,4.38157750226154,TRUE
468107,3.59007842151795,TRUE
468325,3.96541768555634,TRUE
468456,3.82546517443129,TRUE
468558,3.85567824271012,TRUE
468573,3.83851842911403,TRUE
468640,3.75693561031628,TRUE
468771,2.83920041416604,TRUE
469002,3.80112080636805,TRUE
469040,3.73993980324159,TRUE
469097,4.11712058441577,TRUE
469155,3.56078437799091,TRUE
469171,3.05145302950927,TRUE
469270,4.26651009954047,TRUE
469289,3.83414309356699,TRUE
469327,3.54704669988597,TRUE
469337,3.2545303136781,TRUE
469448,1,TRUE
469470,2.91301159055369,TRUE
469507,3.5860909701787,TRUE
469565,4.13657703066167,TRUE
469582,3.06249301861487,TRUE
470039,3.86481673175104,TRUE
470058,3.97188316356318,TRUE
470137,3.32174311343989,TRUE
470261,4.27608114369663,TRUE
470285,3.78878909592325,TRUE
470380,3.85699122793494,TRUE
470659,2.3400379638137,TRUE
470682,3.12542978898347,TRUE
470868,4.39370768767491,TRUE
470909,3.63215889257724,TRUE
470936,3.65269053802902,TRUE
471167,3.80140756312573,TRUE
471207,4.40510913365626,TRUE
471315,4.89450480815559,TRUE
471462,3.89325433964945,TRUE
471478,4.02222141529637,TRUE
471631,4.23012054709981,TRUE
471649,4.624242622294,TRUE
471807,3.61624817792728,TRUE
471955,4.61895604862705,TRUE
471961,4.60208034122271,TRUE
471967,4.31796412774593,TRUE
471997,4.71925689441492,TRUE
472019,2.97497660363148,TRUE
472301,3.14878086812671,TRUE
472472,3.54832649418302,TRUE
472670,3.60664891913121,TRUE
472699,3.3404267524311,TRUE
472746,3.53774722224682,TRUE
472757,3.38620545696102,TRUE
472765,3.18880359070688,TRUE
472795,3.28251876649283,TRUE
472903,2.90878361701411,TRUE
473021,3.33056602126152,TRUE
473088,3.34152093554706,TRUE
473205,3.88549207452875,TRUE
473283,3.48998246028674,TRUE
473411,2.99676324212171,TRUE
473488,4.53358765993157,TRUE
473501,4.53616579495334,TRUE
473505,3.18855749654004,TRUE
473827,4.46637212135551,TRUE
473876,4.05190766615637,TRUE
473924,4.35911839456779,TRUE
474026,4.57121884153026,TRUE
474101,4.73147836970695,TRUE
474166,4.36459814931375,TRUE
474232,3.96411588135246,TRUE
474379,2.71090011474186,TRUE
474394,1.48355677909961,TRUE
474495,5,TRUE
474636,3.75170518564888,TRUE
474906,4.5600870538328,TRUE
474970,1.96200372942943,TRUE
474988,3.76222266274775,TRUE
475268,3.80044355548883,TRUE
475552,3.68255081058893,TRUE
475637,2.80779874068078,TRUE
475908,3.16260384991771,TRUE
476003,4.61055959474991,TRUE
476209,3.55235062960053,TRUE
476234,3.31983936462916,TRUE
476304,3.88393575411624,TRUE
476521,3.74198431216262,TRUE
476824,4.11833438417335,TRUE
476964,3.88321186991459,TRUE
477100,4.43319621081844,TRUE
477258,3.86117226539299,TRUE
477280,4.66695685617932,TRUE
477495,4.54710435927066,TRUE
477506,4.65784088334917,TRUE
477510,4.21659812527901,TRUE
477622,4.54982376852883,TRUE
477789,2.71931740114501,TRUE
477979,2.78776731865862,TRUE
478044,2.81051793623279,TRUE
478298,3.68868890026278,TRUE
478670,4.30822339370356,TRUE
478721,3.59797644666711,TRUE
478743,1.47261150249257,TRUE
478756,2.7071747393411,TRUE
478931,2.6549563645127,TRUE
478948,3.34450232406602,TRUE
478991,3.32989600565331,TRUE
478993,3.03473262978354,TRUE
479212,3.07164526173657,TRUE
479214,3.741207863121,TRUE
479232,4.25610668941921,TRUE
479261,4.19988700905232,TRUE
479357,3.52135813139789,TRUE
479433,3.0503280740503,TRUE
479531,5,TRUE
479625,4.72137335201074,TRUE
479695,4.68204809849969,TRUE
479712,4.83979044725772,TRUE
479749,3.73771935916759,TRUE
479773,4.66094305030765,TRUE
479843,4.41494769822335,TRUE
479964,3.315888650428,TRUE
480373,2.29300559125839,TRUE
480383,3.62157462732205,TRUE
480575,4.49553298483152,TRUE
480995,3.99552420011536,TRUE
480996,1.2756824575391,TRUE
481183,3.22681546076131,TRUE
481346,3.45336360418534,TRUE
481426,3.73023674769511,TRUE
481568,2.70815034989804,TRUE
481645,3.35719129007775,TRUE
481691,2.42095460531379,TRUE
481789,2.46514971404261,TRUE
481927,3.17622123048055,TRUE
481951,3.54804241864086,TRUE
481994,1.94485910954037,TRUE
482052,2.85149487991085,TRUE
482084,3.58324530526303,TRUE
482146,3.06243123934315,TRUE
482204,4.18955467808853,TRUE
482231,4.89809677819462,TRUE
482302,4.33893437101673,TRUE
482512,2.68726174401326,TRUE
482856,3.68499744123867,TRUE
482888,3.12523852589509,TRUE
483096,3.05949322265289,TRUE
483164,4.12228479827642,TRUE
483191,3.94500693504587,TRUE
483273,3.97681197371328,TRUE
483280,3.03914151285728,TRUE
483302,2.938998557645,TRUE
483365,3.7160102166356,TRUE
483432,4.19601088053402,TRUE
483450,2.72446150211593,TRUE
483491,2.23995430932158,TRUE
483582,2.62356985790948,TRUE
483634,3.67667222034186,TRUE
483747,5,TRUE
483866,4.84435052627896,TRUE
483885,3.7941896292801,TRUE
483923,4.78148083772114,TRUE
483959,3.91111798810384,TRUE
484100,3.79647668529745,TRUE
484264,1,TRUE
484287,2.41102263455688,TRUE
484299,3.07877008573076,TRUE
484690,2.89958946286251,TRUE
484726,3.99696693115601,TRUE
484824,3.63775824233482,TRUE
484829,3.23056900746806,TRUE
484972,3.3916927692773,TRUE
485001,3.13901585601804,TRUE
485011,3.43669530768412,TRUE
485129,4.25861671563646,TRUE
485154,3.79440727045891,TRUE
485343,2.48634827714121,TRUE
485388,4.01650858238981,TRUE
485391,3.85243382032856,TRUE
485623,4.27084101604465,TRUE
485669,3.99733177390141,TRUE
485718,4.36353137485591,TRUE
485820,3.24928276459802,TRUE
485890,4.27944426998913,TRUE
485989,4.07885274486701,TRUE
486031,3.31214840608135,TRUE
486057,5,TRUE
486219,3.08621391122977,TRUE
486363,4.05885907873665,TRUE
486391,3.2701752581998,TRUE
486425,3.02782637109376,TRUE
486513,3.36970961818236,TRUE
486523,2.78544161798694,TRUE
486792,4.04665795279371,TRUE
486970,1.57914193786532,TRUE
487100,1.80037232067933,TRUE
487197,4.39460501992188,TRUE
487220,2.01935411983884,TRUE
487283,2.08832117318203,TRUE
487299,4.05715732647382,TRUE
487643,3.06590663732485,TRUE
487706,3.51112594056059,TRUE
487842,3.44232113966027,TRUE
487911,4.18031465092409,TRUE
488065,4.23863728232284,TRUE
488359,3.22850290078015,TRUE
488561,5,TRUE
488676,2.7669353361948,TRUE
489024,4.43334356794288,TRUE
489086,3.33908337300371,TRUE
489230,2.23663977495927,TRUE
489256,2.43689175215215,TRUE
489282,3.02166757958902,TRUE
489293,1.62592285616224,TRUE
489591,3.95307605676896,TRUE
489714,4.27356650097162,TRUE
489721,3.56506475360933,TRUE
489749,4.2254351981755,TRUE
489810,4.03582748767928,TRUE
489851,2.8673283708729,TRUE
489927,3.22456811749873,TRUE
489985,3.56185907443288,TRUE
490272,2.32604489949359,TRUE
490400,2.08481363452432,TRUE
490404,2.86942662930715,TRUE
490440,3.37019713583975,TRUE
490532,3.75287960595817,TRUE
490710,3.53434697361168,TRUE
490949,3.92569458855688,TRUE
490995,4.01797440450499,TRUE
491025,3.75272612054817,TRUE
491083,2.79442660377609,TRUE
491139,3.6149124642797,TRUE
491206,4.01895336847971,TRUE
491230,4.48284420325734,TRUE
491534,4.24213290669942,TRUE
491544,4.18474775092623,TRUE
491739,4.45116930870988,TRUE
491843,5,TRUE
492031,1.52062301369445,TRUE
492112,4.87244781740764,TRUE
492144,1.75195644743747,TRUE
492215,5,TRUE
492223,2.51874787462028,TRUE
492253,1.97957859565777,TRUE
492410,4.51380413099681,TRUE
492707,3.66455461992786,TRUE
492715,4.81159854810388,TRUE
492880,4.17230685332019,TRUE
493202,4.67912039876082,TRUE
493397,3.55914309792744,TRUE
493455,3.44558672896064,TRUE
493553,3.56433665119667,TRUE
493652,4.30804951173573,TRUE
493728,3.81834660266744,TRUE
494022,3.07294321286959,TRUE
494041,3.8134520296815,TRUE
494122,4.47617746986298,TRUE
494505,5,TRUE
494523,4.21503121351085,TRUE
494604,4.2820969647917,TRUE
494611,4.7978668856763,TRUE
494905,2.75952548365564,TRUE
494934,4.95553409398959,TRUE
494995,3.46862108799926,TRUE
495001,4.33593046126961,TRUE
495007,4.33225935140268,TRUE
495033,4.27700368702811,TRUE
495151,2.0953599708148,TRUE
495335,4.68835648420132,TRUE
495473,2.51220005048445,TRUE
495578,3.80874846098132,TRUE
495747,2.86985513592227,TRUE
496149,4.11701241845893,TRUE
496180,3.90406181765513,TRUE
496343,2.83423699713416,TRUE
496440,3.06063845186949,TRUE
496477,3.82681538262035,TRUE
496573,3.63743862909627,TRUE
496626,2.96023628757942,TRUE
496656,2.21213135111282,TRUE
496801,4.052821788749,TRUE
496927,4.19489200153987,TRUE
496984,3.77149395930454,TRUE
497079,3.37950977521454,TRUE
497234,4.1070013400257,TRUE
497311,2.87358325382548,TRUE
497554,2.45834407597754,TRUE
497598,3.41600436652944,TRUE
497609,3.13063672285618,TRUE
497630,3.53640245898608,TRUE
497636,3.43118520686148,TRUE
497704,3.26842112675977,TRUE
497711,3.94362045661279,TRUE
497786,4.18015721923416,TRUE
497811,4.29715379946124,TRUE
497842,3.77661965581223,TRUE
497868,4.38015904689513,TRUE
497882,3.2715862437084,TRUE
497904,4.070830972331,TRUE
497939,4.16973354905234,TRUE
497967,4.15580293137974,TRUE
498141,4.01292409798445,TRUE
498154,3.02600087767653,TRUE
498254,3.42396829611107,TRUE
498426,3.09647915417349,TRUE
498579,3.76774582574716,TRUE
498594,3.60545585032867,TRUE
498640,5,TRUE
498836,3.91242037351584,TRUE
498954,4.62538646721082,TRUE
498970,2.6069777234972,TRUE
499127,3.19957306248026,TRUE
499173,3.94238253165849,TRUE
499190,3.58561490796061,TRUE
499205,3.34139346418438,TRUE
499265,4.41690747958535,TRUE
499388,2.61231111782404,TRUE
499452,4.67871622559695,TRUE
499457,4.03023890522947,TRUE
499486,2.99768860137134,TRUE
499540,4.09163055015983,TRUE
499650,4.52085916142204,TRUE
499662,3.96009300840153,TRUE
499678,4.27329454662128,TRUE
499756,2.25474923493623,TRUE
499937,3.42051566002508,TRUE
500096,3.99514255170499,TRUE
500345,4.21181166483717,TRUE
500394,4.44285469241218,TRUE
500421,4.53376471948697,TRUE
500429,4.34170534220058,TRUE
500488,4.81292070595031,TRUE
501006,4.39124234955622,TRUE
501055,4.32204412630549,TRUE
501252,4.50628128306953,TRUE
501284,3.71339429572378,TRUE
501318,3.05216088681312,TRUE
501322,5,TRUE
501418,3.84605574378223,TRUE
501485,3.92056652251156,TRUE
501541,5,TRUE
501677,2.4579771561974,TRUE
501685,4.76449694449318,TRUE
501772,2.28083599264291,TRUE
501926,3.91967049585286,TRUE
501940,4.64659078668946,TRUE
502005,3.16706311291879,TRUE
502006,1.23752551496878,TRUE
502021,4.0693858309011,TRUE
502138,2.77213080166458,TRUE
502210,3.90291355497188,TRUE
502312,4.186818679571,TRUE
502340,3.65531344034996,TRUE
502390,1.56221801486066,TRUE
502483,1,TRUE
502666,4.05162251783681,TRUE
502706,4.77068370172416,TRUE
502708,4.24044820172716,TRUE
502847,4.3654759599519,TRUE
503145,5,TRUE
503170,3.88472409015437,TRUE
503183,3.938231121612,TRUE
503288,4.6271087568271,TRUE
503519,4.21899240554621,TRUE
503684,3.50321402891698,TRUE
503784,4.64354636090149,TRUE
503848,4.13941235649114,TRUE
503929,3.79237072587697,TRUE
503959,5,TRUE
503970,2.38893583684442,TRUE
503992,4.77979976538833,TRUE
504005,3.18762094873422,TRUE
504067,2.70913877337219,TRUE
504110,2.81372040059358,TRUE
504230,4.1810482759777,TRUE
504288,4.15534384640546,TRUE
504441,4.19509678735504,TRUE
504507,4.41251795063896,TRUE
504534,4.45346742738694,TRUE
504540,4.16650439191124,TRUE
504695,4.13602630576516,TRUE
505036,3.67391446642069,TRUE
505192,4.1607727272474,TRUE
505363,3.92948428961485,TRUE
505416,3.24957026034704,TRUE
505429,2.87342677143955,TRUE
505701,3.27015894150521,TRUE
505782,2.54758732303477,TRUE
505800,3.70296192450038,TRUE
506074,3.83702520678177,TRUE
506099,1.42414025769286,TRUE
506123,2.02001791025581,TRUE
506195,3.57894355997715,TRUE
506243,2.50162546671804,TRUE
506276,2.62848004032261,TRUE
506340,3.89455145112251,TRUE
506351,2.94086697349924,TRUE
506423,3.87860527435666,TRUE
506674,4.57960790253914,TRUE
506747,4.00851358752929,TRUE
506974,2.87664045015944,TRUE
506987,4.13396827773819,TRUE
507020,3.77570009597228,TRUE
507037,3.03620303841367,TRUE
507062,3.64118696146854,TRUE
507182,1.14767296603945,TRUE
507393,4.07296517736511,TRUE
507401,2.86432113042796,TRUE
507563,4.66269298622867,TRUE
507635,4.05477660712641,TRUE
507658,4.01057663036652,TRUE
508139,2.54076819797059,TRUE
508156,4.41897890984947,TRUE
508266,3.45345947282459,TRUE
508349,3.74994090531881,TRUE
508353,3.70379761150683,TRUE
508544,3.32712980374733,TRUE
508600,1.89934279632546,TRUE
508610,3.29782779350095,TRUE
508842,2.4696461657961,TRUE
508880,2.37041750926554,TRUE
508917,1.71388770712937,TRUE
508963,4.21403007185251,TRUE
509246,3.48484801708748,TRUE
509279,3.78225492604494,TRUE
509320,1,TRUE
509443,3.34180000940866,TRUE
509447,2.63652665196071,TRUE
509501,3.31186230155967,TRUE
509555,3.6337945063667,TRUE
509565,4.37595994437805,TRUE
509716,4.29000286190366,TRUE
509847,3.96238677620799,TRUE
510144,4.5217397819964,TRUE
510179,3.88497582826075,TRUE
510390,1.53707413026976,TRUE
510550,4.110719846911,TRUE
510649,3.91897807794501,TRUE
510727,2.33150770513938,TRUE
511081,3.39942959791124,TRUE
511194,4.02035346361659,TRUE
511317,3.29107811849477,TRUE
511357,2.96810463943245,TRUE
511363,3.29132975296663,TRUE
511674,3.0266350700158,TRUE
511933,4.19269135073108,TRUE
512360,2.14027224949828,TRUE
512362,3.78759827456424,TRUE
512491,3.80721253963256,TRUE
512551,4.66983606758211,TRUE
512688,2.99347544031848,TRUE
512702,3.51983919287351,TRUE
513059,3.24078655535231,TRUE
513093,4.48773901966894,TRUE
513259,4.24234826267069,TRUE
513271,4.35360135852466,TRUE
513314,4.52951954685994,TRUE
513536,2.27190172786622,TRUE
513573,2.08649089135359,TRUE
513574,3.21342448637632,TRUE
513662,4.57888939673302,TRUE
513679,2.34515553189597,TRUE
513717,4.76267853297645,TRUE
513866,3.85316870049485,TRUE
513963,3.88528130753928,TRUE
514072,3.04558716308626,TRUE
514267,3.55289660922852,TRUE
514531,2.59746440006361,TRUE
514538,2.89185009810182,TRUE
514667,1.60894956087148,TRUE
514745,3.94481258980346,TRUE
514787,3.21603039075407,TRUE
514825,2.70220072036185,TRUE
514884,4.36937575011299,TRUE
514885,2.21235436763303,TRUE
514990,3.01030825535694,TRUE
515011,3.1369787577301,TRUE
515083,2.94947886025596,TRUE
515106,2.72580062615401,TRUE
515185,4.49281166139944,TRUE
515215,3.54090819936501,TRUE
515227,4.33936919277318,TRUE
515278,3.22048892249543,TRUE
515546,3.65042472309798,TRUE
515623,2.67374371873848,TRUE
515651,2.89349007241169,TRUE
515749,2.73232367842088,TRUE
515755,3.02922804863036,TRUE
515815,3.32942979201482,TRUE
516109,2.43632293725476,TRUE
516185,1.63986041298002,TRUE
516341,3.10317577212932,TRUE
516366,2.85815568434636,TRUE
516592,3.48172838778444,TRUE
516628,2.46633282357924,TRUE
516935,2.94320514630326,TRUE
517158,3.07053695833505,TRUE
517191,4.32891009015854,TRUE
517219,4.68312045684759,TRUE
517826,3.3997531492007,TRUE
517955,3.50914997501809,TRUE
518000,2.96293446740629,TRUE
518018,4.45398884328534,TRUE
518140,1.44220688337664,TRUE
518164,4.07846026089317,TRUE
518171,4.56798825242284,TRUE
518235,4.84285388533599,TRUE
518319,3.72542731666437,TRUE
518400,3.02938240036072,TRUE
518426,2.6786821980464,TRUE
518545,3.40461703092312,TRUE
518585,4.87893273480736,TRUE
518594,4.08059607122134,TRUE
518719,4.84868527893709,TRUE
518781,4.15927334872929,TRUE
518819,3.9512533878167,TRUE
518841,4.54048597423759,TRUE
518862,4.41179163688914,TRUE
518863,5,TRUE
518886,4.89262792037707,TRUE
518905,4.67109802046828,TRUE
518982,4.79480312458366,TRUE
519000,2.98551761423734,TRUE
519140,3.38477367434034,TRUE
519169,4.56330500180067,TRUE
519203,4.62208077160786,TRUE
519405,3.33189234073511,TRUE
519495,3.55263902820752,TRUE
519618,2.88396130223644,TRUE
519656,4.73630768644942,TRUE
519866,4.02530491368304,TRUE
520030,3.48084971394529,TRUE
520076,2.96505294411626,TRUE
520178,3.31269768279597,TRUE
520275,2.00154635237552,TRUE
520299,2.64727225667516,TRUE
520300,1.71361296960204,TRUE
520309,2.38057831029399,TRUE
520343,2.36054719183565,TRUE
520522,5,TRUE
520599,4.74979278767727,TRUE
520661,4.75778999133122,TRUE
520700,4.66783787543161,TRUE
520861,4.21017048226657,TRUE
520927,3.32114977118595,TRUE
520957,3.45587283738795,TRUE
521011,3.29521789945374,TRUE
521014,3.42062605080609,TRUE
521029,2.8333590624135,TRUE
521093,2.61792641445953,TRUE
521101,2.91723352294398,TRUE
521150,1.91483703851686,TRUE
521206,2.92017625443342,TRUE
521399,4.1224266205553,TRUE
521411,3.86696887562476,TRUE
521582,4.33973115489596,TRUE
521662,2.95074949148856,TRUE
521841,4.19138406035565,TRUE
521863,3.75513893406722,TRUE
521940,4.39242804008934,TRUE
521961,4.31742526490325,TRUE
522037,4.70711572624716,TRUE
522212,3.49261182187157,TRUE
522478,4.20448627716081,TRUE
522500,4.42722656068645,TRUE
522529,3.80839477217129,TRUE
522538,3.72774212015946,TRUE
522569,3.57792205409903,TRUE
522713,2.71585241199744,TRUE
522905,3.52259594330437,TRUE
523112,3.88474913829901,TRUE
523136,3.91507226162908,TRUE
523191,3.86546831088546,TRUE
523251,3.92266460977246,TRUE
523354,2.93901531900906,TRUE
523386,2.25959559468411,TRUE
523394,4.44066234163154,TRUE
523506,3.46980036392494,TRUE
523543,3.00400472030711,TRUE
523555,4.57398046719384,TRUE
523647,4.34211624946924,TRUE
523773,4.55106039734447,TRUE
523828,2.30658671802185,TRUE
523833,1,TRUE
523920,3.70821735117239,TRUE
524030,3.69084799179085,TRUE
524160,5,TRUE
524207,3.5908316547177,TRUE
524704,4.34717409259797,TRUE
524761,4.66774119632389,TRUE
524941,3.51783174754954,TRUE
524943,2.71371474181701,TRUE
524997,4.37298492346775,TRUE
525126,2.85378705357029,TRUE
525331,4.0261130923889,TRUE
525342,4.50974243252251,TRUE
525370,3.31857969368896,TRUE
525454,2.64397894453706,TRUE
525518,1.99040037648765,TRUE
525610,2.24910339580051,TRUE
525716,3.84459462156708,TRUE
525760,3.51098734594878,TRUE
525867,4.6184094819515,TRUE
525923,2.68708459610133,TRUE
526063,3.64577082466914,TRUE
526247,2.92644554802404,TRUE
526431,4.74343194296267,TRUE
526450,4.09844961212389,TRUE
526452,4.377618920287,TRUE
526484,4.04694828709894,TRUE
526537,3.46187552214386,TRUE
526674,4.19829680222111,TRUE
526810,3.86503149865647,TRUE
526834,4.14927870263502,TRUE
526947,4.48140394184923,TRUE
527006,3.57792353986816,TRUE
527061,3.93198018318319,TRUE
527126,3.875120821307,TRUE
527626,3.69456860729909,TRUE
527692,4.16127798671546,TRUE
528000,4.0013936992461,TRUE
528187,3.93640353353875,TRUE
528594,4.07362025889531,TRUE
528630,4.98243658414896,TRUE
528741,1.82662651492227,TRUE
528836,2.40965664270186,TRUE
528872,4.05103411942974,TRUE
528930,3.88820873904667,TRUE
529011,4.01694486278796,TRUE
529070,3.87250016632236,TRUE
529148,3.77211671971495,TRUE
529326,3.705040991721,TRUE
529539,3.87786428278162,TRUE
529694,3.74671599794378,TRUE
529715,4.41965046599555,TRUE
529745,3.38415298962728,TRUE
530057,3.5141857682783,TRUE
530109,4.08641878557682,TRUE
530129,4.03010987989561,TRUE
530152,3.14907208996879,TRUE
530381,3.69247447334151,TRUE
530767,1,TRUE
530786,3.00546347688236,TRUE
531326,2.49687010369228,TRUE
531440,4.78823935941466,TRUE
531521,4.80225059371454,TRUE
531684,4.89600216935525,TRUE
531907,4.79057971339957,TRUE
532007,2.59653632459586,TRUE
532058,3.14168136879693,TRUE
532083,2.13700489135454,TRUE
532109,3.81773282842383,TRUE
532363,3.93808467250965,TRUE
532456,1.73553902178962,TRUE
532519,5,TRUE
532707,2.20303254756671,TRUE
532822,2.07543849802879,TRUE
532880,4.54846754118526,TRUE
532893,4.69227763330771,TRUE
532905,4.08104403994254,TRUE
532934,4.25009320644867,TRUE
532954,2.99366402695529,TRUE
533047,4.10053766363974,TRUE
533166,4.67879567034233,TRUE
533282,4.42076660998106,TRUE
533341,3.85365430883057,TRUE
533346,3.97263737468538,TRUE
533358,2.97247870423646,TRUE
533421,3.6635335003939,TRUE
533425,1,TRUE
533477,4.17032649763295,TRUE
533490,3.78577140489625,TRUE
533561,4.36294185056377,TRUE
533574,4.23804030522081,TRUE
533582,4.10457775540485,TRUE
533604,4.2794201203798,TRUE
533638,3.54287958087092,TRUE
533798,3.57205277365527,TRUE
533829,2.62228069143735,TRUE
533909,3.5438607475945,TRUE
534012,4.12483168265919,TRUE
534030,5,TRUE
534047,4.20075650245832,TRUE
534236,4.28507241857651,TRUE
534244,4.51202787712592,TRUE
534441,4.19355016864267,TRUE
534487,4.39874791470542,TRUE
534567,4.62577075448369,TRUE
534589,3.78549954117817,TRUE
534757,4.44880743094752,TRUE
534841,4.32172374914311,TRUE
534935,2.14123828061433,TRUE
534996,2.7778007513987,TRUE
535035,4.13282974491628,TRUE
535096,2.20514548486875,TRUE
535169,4.62409424026192,TRUE
535302,5,TRUE
535353,3.92779151597215,TRUE
535438,3.75261564426328,TRUE
535548,2.65366702372165,TRUE
535556,4.59314441360119,TRUE
535557,3.06176030026023,TRUE
535587,4.78011629576377,TRUE
535596,5,TRUE
535630,4.3292653154267,TRUE
535652,1.3255060129948,TRUE
535660,1.07883588005405,TRUE
535724,3.5284796875592,TRUE
535771,2.66549357154698,TRUE
535861,2.90745250378422,TRUE
535884,2.87871436365923,TRUE
535964,3.49939769239394,TRUE
536054,2.59689373200941,TRUE
536076,4.472132928164,TRUE
536150,1.86489433182254,TRUE
536349,3.57012334455648,TRUE
536414,2.86619330204844,TRUE
536527,4.04638511397968,TRUE
536804,3.09018402218911,TRUE
536873,2.56616175532224,TRUE
536957,2.83299719969626,TRUE
537196,2.06958883748674,TRUE
537303,2.05764148278065,TRUE
537422,2.76206687505314,TRUE
537555,3.61399480958922,TRUE
537855,2.53549905110522,TRUE
537939,3.43930708935464,TRUE
538020,3.0971445717223,TRUE
538266,2.57925428194052,TRUE
538267,3.41647541319315,TRUE
538290,3.27662535890352,TRUE
538662,3.77914653902558,TRUE
538776,4.64598846826572,TRUE
538811,4.48424094415738,TRUE
538848,3.69497879630754,TRUE
538878,4.10618178767615,TRUE
538904,4.20550174567342,TRUE
539389,1.52079975150904,TRUE
539406,3.52099355141432,TRUE
539538,2.71266616826916,TRUE
539613,3.75549540954133,TRUE
539795,3.30732774249974,TRUE
539814,3.07502013834097,TRUE
539890,1.14950383363246,TRUE
540124,2.67307187238892,TRUE
540235,4.14424839423546,TRUE
540601,4.66703691994893,TRUE
540700,3.66685366760026,TRUE
540710,3.15428322948199,TRUE
540853,3.54830434940477,TRUE
540954,3.53088310573495,TRUE
541135,2.89311996722039,TRUE
541518,4.1179671283255,TRUE
541626,4.28054377572538,TRUE
541638,1,TRUE
541694,2.33794298734526,TRUE
541845,2.19900417166542,TRUE
541869,3.96574488100617,TRUE
541871,4.74896203625858,TRUE
541917,3.85197708543723,TRUE
541992,1.9574219941371,TRUE
542072,2.41188630048227,TRUE
542098,3.31612190687877,TRUE
542099,3.45952886419322,TRUE
542256,1.66731604176384,TRUE
542534,3.03855348561551,TRUE
542872,4.74667070107842,TRUE
543079,4.36398253818367,TRUE
543312,4.04023664085383,TRUE
543401,4.20212093940385,TRUE
543567,3.47861724128959,TRUE
543568,3.03522009383295,TRUE
543789,2.45590278488133,TRUE
543797,4.14038415632135,TRUE
543823,3.02996378317383,TRUE
543860,2.97874435080073,TRUE
544001,3.62918692303483,TRUE
544138,2.70629277009127,TRUE
544154,4.40746999221388,TRUE
544200,4.97931148812262,TRUE
544256,1,TRUE
544337,3.96978697290711,TRUE
544375,1.48540534538154,TRUE
544419,4.65133489065538,TRUE
544547,4.2081649530015,TRUE
544699,4.04366621633168,TRUE
544859,4.12217221503293,TRUE
544873,3.93180163491368,TRUE
544899,1,TRUE
544932,1.26220678520906,TRUE
544935,1.53950150034346,TRUE
544977,1.59395343683382,TRUE
545037,2.68014343704618,TRUE
545113,2.6731939119761,TRUE
545223,3.77211084103338,TRUE
545356,2.28538248716316,TRUE
545409,2.36170246239947,TRUE
545449,3.21537076709614,TRUE
545499,3.87245888553951,TRUE
545572,4.09065715015749,TRUE
545654,4.24866218720602,TRUE
545852,5,TRUE
545924,4.25350692059234,TRUE
545937,4.20902266886597,TRUE
546082,4.7374088037532,TRUE
546476,4.22575168509815,TRUE
546571,3.66629546921654,TRUE
546654,4.06993502889158,TRUE
546703,3.25089978195018,TRUE
547062,2.5057567032798,TRUE
547289,2.54777506750818,TRUE
547527,2.89048849543522,TRUE
547532,2.77710157158616,TRUE
547564,2.40638778050109,TRUE
547666,2.42014579259827,TRUE
547750,4.33735360134773,TRUE
547773,3.76553317496627,TRUE
547791,3.79819839999044,TRUE
548185,3.01583232468592,TRUE
548527,3.95970111038634,TRUE
548607,3.2824300715287,TRUE
548768,3.55364269786434,TRUE
548835,2.92004618040923,TRUE
548953,1.6066793594627,TRUE
549013,2.81628494100532,TRUE
549286,2.03724045590855,TRUE
549462,4.94178644178244,TRUE
549592,4.86568554867142,TRUE
549630,3.88439438987243,TRUE
549723,3.39001360554056,TRUE
549860,2.9825175145232,TRUE
550272,4.17871145333918,TRUE
550286,4.63598355264652,TRUE
550326,3.78034629422879,TRUE
550466,4.29173488845918,TRUE
550620,1.78140682496404,TRUE
550636,3.72306288888961,TRUE
550722,3.29548352334299,TRUE
550857,3.5288083879222,TRUE
550902,4.64130492886065,TRUE
550949,1.74002813299615,TRUE
550996,1.99410044206819,TRUE
551066,3.47189158558132,TRUE
551096,4.02029368159057,TRUE
551180,3.65466895861032,TRUE
551209,2.47996850278065,TRUE
551383,3.9092687757405,TRUE
551528,4.06962111581867,TRUE
551546,3.16554768385169,TRUE
551604,2.55353410873668,TRUE
551630,3.91365904026294,TRUE
551996,2.75388523986893,TRUE
552192,2.73397106040827,TRUE
552383,3.26447486473315,TRUE
552407,3.24732861408844,TRUE
552425,3.31376495651299,TRUE
552467,3.8156633086968,TRUE
552468,2.13268998111556,TRUE
552513,2.7393075502931,TRUE
552750,3.84886355571683,TRUE
552854,4.35075911059136,TRUE
552988,4.54933619848899,TRUE
553076,4.06055766445765,TRUE
553077,4.93557885146793,TRUE
553355,2.86602826303479,TRUE
553525,2.96006843740957,TRUE
553602,4.05374975696197,TRUE
553785,3.24696662258916,TRUE
553819,3.01814900982066,TRUE
553869,1.92292700809369,TRUE
554160,2.8975375903336,TRUE
554200,1.72826740447233,TRUE
554344,1.77283032553146,TRUE
554399,3.23279816234934,TRUE
554550,3.53834273542889,TRUE
554569,3.63181001351483,TRUE
554632,1.98298185246491,TRUE
554640,3.4171965803507,TRUE
554718,4.78256963970142,TRUE
554733,3.81918357947778,TRUE
554736,4.25702151209439,TRUE
554782,3.44765530068348,TRUE
554833,4.0845784434417,TRUE
555069,3.78869660631263,TRUE
555139,5,TRUE
555181,2.41263258174049,TRUE
555261,4.79459302873526,TRUE
555282,4.89482000381932,TRUE
555337,3.07914376921763,TRUE
555932,3.9048590341453,TRUE
556046,4.17590816650564,TRUE
556085,3.79253655690682,TRUE
556176,3.91885417615498,TRUE
556311,4.36454604837502,TRUE
556551,3.41013619037621,TRUE
556578,5,TRUE
556710,3.19902932892425,TRUE
556756,1,TRUE
556898,3.93954088867904,TRUE
557011,1.20934690353834,TRUE
557014,3.59158395609038,TRUE
557123,4.64809309185477,TRUE
557267,4.53014557115825,TRUE
557394,3.93598438218096,TRUE
557460,3.9603810056706,TRUE
557525,2.90174883786627,TRUE
557657,2.0341195202003,TRUE
557872,2.76408926438212,TRUE
557875,3.05864978136957,TRUE
557926,3.18811831610891,TRUE
557951,4.0412844860513,TRUE
558192,4.48016562490986,TRUE
558194,4.03646917580498,TRUE
558452,3.45616541500826,TRUE
558563,3.09318504023987,TRUE
558594,3.38391946276827,TRUE
558598,3.16877273688833,TRUE
558979,1.24848037951924,TRUE
559062,4.56653294984558,TRUE
559116,4.10809284250389,TRUE
559247,3.67394108036436,TRUE
559645,1.18780760582159,TRUE
559758,4.57750107219539,TRUE
559864,2.56942945254588,TRUE
559898,1.55449041004864,TRUE
559919,3.49074036053983,TRUE
559926,2.81296608827215,TRUE
559951,3.12735807227196,TRUE
560189,4.19201742683095,TRUE
560203,2.40840413350528,TRUE
560261,4.07546772281095,TRUE
560363,1.46675276132297,TRUE
560440,4.95838507905452,TRUE
560620,4.71934325910876,TRUE
560840,3.42399017731633,TRUE
560855,3.70369268689884,TRUE
561249,3.65223948921886,TRUE
561250,2.36441569232203,TRUE
561425,4.16015076131921,TRUE
561548,4.02558193633049,TRUE
561702,4.42845988923701,TRUE
561822,4.0270021499538,TRUE
561956,3.747623853994,TRUE
562056,3.36205609889023,TRUE
562309,4.92909780782191,TRUE
562348,2.63636181440543,TRUE
562371,3.04766764845347,TRUE
562384,3.667564753302,TRUE
562485,2.08297795754981,TRUE
562518,3.16661813144991,TRUE
562527,4.37239378024384,TRUE
562565,4.05662178930292,TRUE
562656,3.61848514689039,TRUE
562676,2.95032935417609,TRUE
562678,3.26029353588692,TRUE
562859,3.89419568516114,TRUE
562869,4.08188203749698,TRUE
562907,3.95328069036744,TRUE
562916,3.98144973117763,TRUE
562923,3.95983589862914,TRUE
562961,4.13209031492218,TRUE
562967,3.46937675766802,TRUE
563208,3.81105070792341,TRUE
563494,4.30261084690302,TRUE
563536,3.73618359078135,TRUE
563542,3.57313757417994,TRUE
563560,4.58372104588868,TRUE
563897,3.49955617919807,TRUE
563906,4.55192281507067,TRUE
564129,2.85214781798097,TRUE
564311,3.7944580953822,TRUE
564640,2.83947829993172,TRUE
564645,2.24234914969266,TRUE
564813,3.31405442474175,TRUE
564861,4.04756999257722,TRUE
564909,4.69833769947087,TRUE
565009,3.41695489589935,TRUE
565030,4.51358881666515,TRUE
565071,3.73945252542242,TRUE
565079,4.28293702470088,TRUE
565163,1,TRUE
565515,1.83683454082879,TRUE
565799,2.63046261078286,TRUE
565805,2.67079224534002,TRUE
566023,2.28484428906324,TRUE
566055,4.01482903896802,TRUE
566223,4.17812331612846,TRUE
566234,1,TRUE
566437,1,TRUE
566543,3.90391058875309,TRUE
566545,1.02241267708323,TRUE
566555,3.77521415197146,TRUE
566664,4.23320950532261,TRUE
566723,1.79038573333885,TRUE
566915,2.68575207530454,TRUE
566916,3.60561578541081,TRUE
567213,4.19942253918719,TRUE
567365,2.95290396955181,TRUE
567468,4.07885047821907,TRUE
567722,4.44538656892258,TRUE
568006,2.56044241548158,TRUE
568088,3.36905850479732,TRUE
568092,2.82808403745958,TRUE
568110,2.54952786500103,TRUE
568338,3.33655324170961,TRUE
568538,2.46801111035052,TRUE
568551,3.64650025276176,TRUE
568562,2.69886804914022,TRUE
568576,3.45299839628324,TRUE
568610,2.96358837688765,TRUE
568727,3.31014305595304,TRUE
568790,4.5380745811829,TRUE
569032,3.58087338188186,TRUE
569112,2.90659271380274,TRUE
569118,4.09694973540269,TRUE
569174,4.28995797547444,TRUE
569226,4.16909729035147,TRUE
569241,3.90057540458587,TRUE
569307,3.30418453466491,TRUE
569600,2.74636302249724,TRUE
569733,3.07687717407307,TRUE
569834,4.43730084763584,TRUE
569866,2.29016906437235,TRUE
569899,2.72585080229449,TRUE
569992,3.12178308713819,TRUE
569993,4.3504890368559,TRUE
570056,3.0276990741377,TRUE
570062,2.58390358753383,TRUE
570099,4.59057619950757,TRUE
570301,3.59593549617121,TRUE
570302,3.44663756453108,TRUE
570671,2.89009786014165,TRUE
570909,3.37502369735382,TRUE
571144,2.13088811978751,TRUE
571189,3.45134537509789,TRUE
571293,4.7526966601842,TRUE
571309,4.43959555719644,TRUE
571382,3.97956798590395,TRUE
571506,3.9086858274328,TRUE
571588,3.29462253846368,TRUE
571781,2.1285628541973,TRUE
571917,3.21511900563523,TRUE
571986,3.20553195261293,TRUE
572071,1.77082824244446,TRUE
572089,3.21785698698141,TRUE
572101,2.55531789841588,TRUE
572481,1.26562002673938,TRUE
572635,3.34096368233238,TRUE
572665,4.45073467413701,TRUE
572725,2.84332444793615,TRUE
572777,2.72269274146432,TRUE
572829,2.95338672937259,TRUE
572907,3.82826776515676,TRUE
572924,3.56383170723183,TRUE
572949,3.6633694728964,TRUE
573017,3.51580620065994,TRUE
573043,2.76583073264037,TRUE
573119,3.465862479576,TRUE
573127,3.05850614674031,TRUE
573130,2.7451252826401,TRUE
573136,4.10293014212701,TRUE
573152,3.65888020227577,TRUE
573199,4.44431508456509,TRUE
573277,4.05198947272177,TRUE
573390,2.57141629803985,TRUE
573421,2.54939224982459,TRUE
573478,3.47002076629784,TRUE
573522,3.51914998023136,TRUE
574444,3.03403273313477,TRUE
574486,2.86306298099786,TRUE
574515,3.82078780649763,TRUE
574598,3.69498675614181,TRUE
575030,3.79885356912391,TRUE
575045,2.61191969017664,TRUE
575109,3.01283157407916,TRUE
575155,3.01413417692556,TRUE
575192,3.68040712654697,TRUE
575276,3.79198593316105,TRUE
575607,3.80754771333068,TRUE
575918,3.75553820183235,TRUE
575920,1.50518385068485,TRUE
575954,1.97938446645281,TRUE
576043,3.70983175662073,TRUE
576071,3.3151295551335,TRUE
576118,3.78708760014071,TRUE
576216,4.00276680639951,TRUE
576474,3.76711890121526,TRUE
576639,2.87512664404185,TRUE
576642,4.02375793563193,TRUE
576918,3.27394459794833,TRUE
576968,1.91077773223439,TRUE
577010,3.08723809478553,TRUE
577274,3.05673027095081,TRUE
577589,3.76850405477677,TRUE
577703,4.33362680087299,TRUE
577715,3.24122452113705,TRUE
577960,2.96116157554822,TRUE
578088,1,TRUE
578094,4.88008966291937,TRUE
578174,4.57442869385355,TRUE
578290,4.01501605153082,TRUE
578565,4.83845804804617,TRUE
578618,1,TRUE
578727,3.16763613967228,TRUE
578728,3.31060773812137,TRUE
578833,3.27767520391969,TRUE
578953,3.19549963370764,TRUE
579016,4.19372127158819,TRUE
579061,3.99060357625818,TRUE
579293,3.80277127101883,TRUE
579312,3.28734295202799,TRUE
579485,4.91053369485479,TRUE
579751,3.90577747459863,TRUE
579889,4.65269491856983,TRUE
580019,3.37475024255752,TRUE
580113,3.27331074910551,TRUE
580427,3.65331953645635,TRUE
580646,3.22822543637468,TRUE
580652,3.642429830859,TRUE
580833,2.87085179483174,TRUE
580937,2.35219015928728,TRUE
580990,4.00162197093339,TRUE
581010,4.29940146190244,TRUE
581104,2.36821666515971,TRUE
581116,2.02812296833834,TRUE
581135,3.6337644538058,TRUE
581199,3.37740077297122,TRUE
581348,3.9952403392604,TRUE
581502,4.01395510008984,TRUE
581710,3.94535062225346,TRUE
581742,3.84443872234467,TRUE
581812,2.58567909182894,TRUE
581826,1,TRUE
581875,4.54509238943581,TRUE
581941,3.89507940459963,TRUE
582159,4.17003467930477,TRUE
582307,3.51342256384133,TRUE
582402,5,TRUE
582761,1.80328262064425,TRUE
582962,4.02147211672405,TRUE
582988,4.31427075101657,TRUE
583065,3.90204368097431,TRUE
583221,2.61427106788917,TRUE
583283,2.78702211118108,TRUE
583308,3.57463474646404,TRUE
583323,4.06712513416842,TRUE
583430,3.43592609048375,TRUE
583448,4.01883816335649,TRUE
583459,2.43920551143204,TRUE
583632,3.55683542332694,TRUE
583758,3.85588965610066,TRUE
583794,4.10601136025541,TRUE
583820,3.7008229976187,TRUE
583916,1,TRUE
583937,2.50440371569838,TRUE
583975,4.37246935769715,TRUE
584004,4.09599443773531,TRUE
584040,3.45750525904161,TRUE
584123,3.40463237229251,TRUE
584148,2.61319880222138,TRUE
584149,2.78012475831658,TRUE
584195,3.47994333834593,TRUE
584257,3.31817152772134,TRUE
584281,3.89942632404086,TRUE
584533,3.62821306837951,TRUE
584548,3.15648110497761,TRUE
584720,3.17551758207393,TRUE
584899,3.72040107298665,TRUE
584917,3.27187466984623,TRUE
584929,2.66322100997011,TRUE
585004,3.11779889046259,TRUE
585066,4.51488438788983,TRUE
585070,4.45047406476559,TRUE
585173,3.74102146705476,TRUE
585318,2.31115128245669,TRUE
585435,3.24776709225378,TRUE
585482,3.20926566618526,TRUE
585484,3.62645672554657,TRUE
585504,3.40498368462817,TRUE
585577,3.50261663269316,TRUE
585680,3.25327680722321,TRUE
585748,2.96774922295796,TRUE
585752,3.20498765186757,TRUE
585793,3.63191116624953,TRUE
585845,3.19439997284108,TRUE
585852,2.77606305146739,TRUE
585893,3.68994825290698,TRUE
585945,3.50464729255198,TRUE
586060,4.01287545302186,TRUE
586232,3.86773699828809,TRUE
586359,2.51267676158297,TRUE
586389,2.16109926009562,TRUE
586446,3.72481394775281,TRUE
586487,1.28594383585258,TRUE
586529,2.76711852725223,TRUE
586630,4.18426323765412,TRUE
586658,3.24857377909756,TRUE
586691,3.88394703469193,TRUE
586870,1,TRUE
586927,3.59020210227067,TRUE
587242,2.87825974612666,TRUE
587408,4.34724006261786,TRUE
587458,3.40060001799984,TRUE
587553,4.71231734633192,TRUE
587679,3.26334030848698,TRUE
587747,2.24648857649861,TRUE
587751,2.48465317268289,TRUE
587834,2.19704655081877,TRUE
588023,1.84173412938701,TRUE
588241,3.18576410553826,TRUE
588407,4.56905408566278,TRUE
588527,3.00815475286263,TRUE
588564,3.74486222124058,TRUE
588845,3.51265659523895,TRUE
588901,3.17679643628227,TRUE
588967,4.38919164093622,TRUE
589057,2.84369057636405,TRUE
589124,4.4612563685546,TRUE
589170,4.16143633769022,TRUE
589191,4.70214205510067,TRUE
589282,4.92562515476768,TRUE
589575,4.61915539268096,TRUE
589600,4.33490836292437,TRUE
589670,4.39883323866618,TRUE
589816,3.2600791644061,TRUE
589930,3.22061245866815,TRUE
590162,3.74903332010345,TRUE
590189,3.40797628381051,TRUE
590211,4.08681739453716,TRUE
590215,3.47069032021285,TRUE
590393,4.08534676260463,TRUE
590414,4.95852177436415,TRUE
590561,2.98689688990419,TRUE
590688,3.15434662967816,TRUE
591013,4.73079098436305,TRUE
591070,3.64190785753878,TRUE
591151,4.64597675218521,TRUE
591260,3.1354413034717,TRUE
591317,1.67139741831032,TRUE
591471,3.70793281996841,TRUE
591764,1,TRUE
591768,2.46601574335676,TRUE
591809,2.72626817390825,TRUE
591823,4.16534690461035,TRUE
591852,1.28306118129344,TRUE
591887,3.76958688244658,TRUE
591954,1.01153439765772,TRUE
592357,3.77276489237063,TRUE
592404,4.75933625733902,TRUE
592415,3.52911426605358,TRUE
592630,2.80445793802759,TRUE
592653,3.70865617783623,TRUE
592877,2.41792242645506,TRUE
592882,2.69965209890969,TRUE
592905,3.6694835143283,TRUE
593088,2.23737028442616,TRUE
593104,4.93164925574357,TRUE
593398,3.0273625808353,TRUE
593514,3.1881544449239,TRUE
593539,3.25108804696063,TRUE
593606,2.44714933147924,TRUE
593640,3.26204433037558,TRUE
593752,2.6566050168028,TRUE
593788,2.4168617047195,TRUE
593811,3.04476438767712,TRUE
593931,3.26263571795388,TRUE
593971,3.11506383028766,TRUE
594002,2.82856716272793,TRUE
594076,2.91735472661601,TRUE
594115,3.0348488959493,TRUE
594182,3.02949666845131,TRUE
594328,2.77930842284603,TRUE
594405,2.58331463508051,TRUE
594551,3.27019702985848,TRUE
594602,3.89369802099582,TRUE
594646,3.56822958770429,TRUE
594690,2.89374249531777,TRUE
594803,2.47112696086172,TRUE
594868,2.07634537026435,TRUE
594946,3.07384317601013,TRUE
595055,3.07611147896694,TRUE
595063,3.9190443622441,TRUE
595103,3.87067717860396,TRUE
595188,3.15408951366729,TRUE
595199,4.335226841084,TRUE
595215,3.26272210749206,TRUE
595241,4.31345982595002,TRUE
595297,2.44226836920534,TRUE
595367,1.7703209985028,TRUE
595612,3.95828932053974,TRUE
595761,4.23583554099862,TRUE
595971,3.35902843731419,TRUE
596205,4.32604822894848,TRUE
596262,4.45001147526389,TRUE
596377,2.77826038699336,TRUE
596864,4.27725889332454,TRUE
597084,3.05090722678671,TRUE
597870,3.41836265345293,TRUE
597986,4.74208693815341,TRUE
598147,4.55619797131395,TRUE
598192,4.35041224394686,TRUE
598236,4.30177000358056,TRUE
598266,4.55508925488155,TRUE
598326,3.87022824907933,TRUE
598478,4.1148920358257,TRUE
598480,3.50123939406459,TRUE
598574,3.48368540407668,TRUE
598595,3.73304458434366,TRUE
598603,4.34740226288424,TRUE
598616,3.42053007731203,TRUE
598649,2.89277281898902,TRUE
598653,3.66518487423117,TRUE
598976,3.8339142856232,TRUE
598987,3.61256105925444,TRUE
599068,3.13673458858228,TRUE
599358,3.45571838112292,TRUE
599647,3.86394615959739,TRUE
599760,3.46908417344974,TRUE
599802,3.35009592315682,TRUE
599839,2.79896306095826,TRUE
599918,3.64571157260875,TRUE
599947,3.11247448328367,TRUE
600176,3.74652261196189,TRUE
600218,4.38762911762356,TRUE
600478,4.33375900775022,TRUE
600531,3.79956849683806,TRUE
600692,3.40914882170133,TRUE
600726,3.73561389329749,TRUE
600802,3.89801528849362,TRUE
600821,2.76155051124063,TRUE
601039,2.98053442483139,TRUE
601226,3.57292439434989,TRUE
601369,3.0996936953379,TRUE
601429,2.97134421867279,TRUE
601456,3.59314526593979,TRUE
601480,4.17691786484216,TRUE
601656,3.85278375340176,TRUE
601722,4.12041413091205,TRUE
602000,3.67032275053699,TRUE
602017,1.95589297526185,TRUE
602237,2.9057013782973,TRUE
602462,3.39699699017227,TRUE
602504,3.16123365895419,TRUE
602853,3.90403022132613,TRUE
602855,2.44829336409009,TRUE
603008,3.5144703478451,TRUE
603038,2.31405676330562,TRUE
603079,3.05067544508857,TRUE
603084,3.29754024158844,TRUE
603149,3.77107236124212,TRUE
603234,4.63587446382203,TRUE
603283,4.49906634430425,TRUE
603315,4.63396541343736,TRUE
603431,3.01207473935977,TRUE
603449,3.23723284381394,TRUE
603499,4.04368025152611,TRUE
603503,3.90072377890976,TRUE
603532,5,TRUE
603998,3.96772276790981,TRUE
604016,3.34148098064081,TRUE
604187,1.92640836772847,TRUE
604251,3.72060903915033,TRUE
604412,2.95343246949675,TRUE
604454,3.41313853129904,TRUE
604856,3.77063874396658,TRUE
605040,3.36651107238115,TRUE
605151,1.2386363383268,TRUE
605159,4.04363774378873,TRUE
605234,3.00166701930206,TRUE
605237,3.9256109483732,TRUE
605406,4.57139483906606,TRUE
605472,5,TRUE
605542,4.29347079814284,TRUE
605758,4.12675127381479,TRUE
605805,4.40141362483026,TRUE
605863,2.93275393953495,TRUE
605912,4.37651728606931,TRUE
605942,3.96498985940305,TRUE
606123,3.50635852428351,TRUE
606285,3.88933362229281,TRUE
606367,3.8543380613193,TRUE
606616,3.50360750041468,TRUE
606782,4.02909495366003,TRUE
606966,5,TRUE
607011,3.42109449219739,TRUE
607053,3.82478399992779,TRUE
607100,4.35765888873564,TRUE
607154,4.95974829904523,TRUE
607223,3.7833928249935,TRUE
607312,5,TRUE
607399,3.44087422012181,TRUE
607409,3.45941718304261,TRUE
607410,1.90507599087636,TRUE
607504,3.32194475028326,TRUE
607604,5,TRUE
607643,3.40179817019542,TRUE
607704,3.92258891399501,TRUE
607709,4.94529959654442,TRUE
607787,4.18746009656495,TRUE
608088,2.29348687990823,TRUE
608103,3.0297631816017,TRUE
608362,1,TRUE
608443,4.0270441773942,TRUE
608498,3.05962931310331,TRUE
608785,4.28822267671858,TRUE
609020,3.52728028116455,TRUE
609452,4.1486006679012,TRUE
609479,3.50028645002652,TRUE
609767,4.1363167752028,TRUE
609768,3.937690177618,TRUE
609857,3.26892391824929,TRUE
609875,3.69631805932031,TRUE
609913,4.25972048953603,TRUE
609939,3.38491133564869,TRUE
609940,4.39427100116033,TRUE
609981,1.11523160329778,TRUE
610006,1.05474428084141,TRUE
610174,1.05400871051411,TRUE
610342,2.944610869246,TRUE
610627,4.55566613691209,TRUE
610747,3.89850242706613,TRUE
610820,4.28929788438528,TRUE
611037,3.51555455545348,TRUE
611045,4.14044186919847,TRUE
611519,3.62994497619918,TRUE
611574,3.9199523316279,TRUE
611615,3.87021056933272,TRUE
611727,3.28462337687753,TRUE
611728,4.18869777380271,TRUE
611767,3.73982788425101,TRUE
611782,2.79801009035646,TRUE
611888,1.0954662746386,TRUE
611892,3.45662393536857,TRUE
612146,5,TRUE
612220,4.10384619403295,TRUE
612283,4.13252936573977,TRUE
612503,2.06201760863619,TRUE
612660,2.73658816456677,TRUE
612727,3.53841610749952,TRUE
612878,3.10272752739998,TRUE
612905,3.79216797860372,TRUE
612917,4.96680459740398,TRUE
612933,4.17745497753118,TRUE
612939,3.93127848332537,TRUE
613191,3.50773115015518,TRUE
613194,1.28416991535611,TRUE
613252,4.06512831421861,TRUE
613261,2.68303782731594,TRUE
613363,1,TRUE
613367,4.93000117389991,TRUE
613444,3.07536448678557,TRUE
613448,4.81145039765244,TRUE
613553,3.48376974568376,TRUE
613585,3.26290123345383,TRUE
613918,3.87103611355493,TRUE
613981,3.05665761891564,TRUE
613988,2.73095329020642,TRUE
614036,3.30827801556926,TRUE
614187,3.63063751841726,TRUE
614246,3.62345079477187,TRUE
614263,4.08096028294145,TRUE
614329,3.85319597904933,TRUE
614336,1.87799921137412,TRUE
614362,3.91683096602042,TRUE
614461,3.87151147979543,TRUE
614500,3.91372774350586,TRUE
614930,3.37498442731988,TRUE
615121,4.07973707297047,TRUE
615158,3.66002429164418,TRUE
615192,3.81977240120206,TRUE
615204,2.92537321903364,TRUE
615210,3.69178634620108,TRUE
615270,3.56019754524808,TRUE
615341,3.57430133455185,TRUE
615370,3.21584132287414,TRUE
615435,4.18555686864405,TRUE
615498,2.39412663580687,TRUE
615595,2.49585175821351,TRUE
615693,4.16855375302627,TRUE
615697,3.4315169668159,TRUE
615714,2.42458195513817,TRUE
615857,3.81482827111329,TRUE
615881,3.56945782120518,TRUE
615895,2.24998999516129,TRUE
615946,4.81993939180129,TRUE
615972,4.23033203326094,TRUE
616073,4.4642751735246,TRUE
616136,4.5046222608526,TRUE
616347,2.92334726713525,TRUE
616521,3.50688801358083,TRUE
616535,3.88500071847292,TRUE
616547,3.70206342395663,TRUE
616554,2.69239907007099,TRUE
616580,4.13752274167334,TRUE
616743,3.33106332947854,TRUE
616814,4.55379397158758,TRUE
616834,3.12174779685732,TRUE
616865,4.44633374157598,TRUE
616902,2.70828776498778,TRUE
617008,3.44658923583733,TRUE
617057,4.17267927787302,TRUE
617076,3.35762779614922,TRUE
617088,4.60973744196426,TRUE
617114,2.25267387346646,TRUE
617285,3.53012981004027,TRUE
617350,2.64160944955069,TRUE
617403,3.00002154763642,TRUE
617774,3.59792602097642,TRUE
617955,4.20034902272266,TRUE
618153,4.24080615216942,TRUE
618194,4.41739832743838,TRUE
618224,3.85177182514723,TRUE
618544,3.81239858758662,TRUE
618628,3.39882959401398,TRUE
618695,3.29602984580376,TRUE
618929,3.02137985296203,TRUE
619021,2.03390605896209,TRUE
619164,3.05964330467726,TRUE
619172,3.64391859230219,TRUE
619253,3.40004660144173,TRUE
619375,3.77076171663238,TRUE
619461,3.14251662408645,TRUE
619483,2.29538713343176,TRUE
619762,3.59323872466909,TRUE
619817,3.81954323487552,TRUE
619838,3.89202535316479,TRUE
620018,3.14637233094319,TRUE
620160,3.59668267032106,TRUE
620161,4.10874281433987,TRUE
620184,4.93883632011834,TRUE
620208,4.73714316640466,TRUE
620274,5,TRUE
620543,3.99537887547649,TRUE
620582,3.19533547392053,TRUE
620586,2.67983191447125,TRUE
620858,5,TRUE
621052,3.28574044762969,TRUE
621055,4.06689605792788,TRUE
621569,3.54159589613707,TRUE
621622,1.2293524627306,TRUE
621652,3.60798448013137,TRUE
621854,4.73797809742565,TRUE
621880,2.27071428282343,TRUE
621890,2.55031142585546,TRUE
622047,3.33119308011395,TRUE
622057,2.5473685235769,TRUE
622070,3.10605175556574,TRUE
622213,3.99763487139374,TRUE
622246,3.36818079695395,TRUE
622295,3.23554012790911,TRUE
622304,2.69468256836092,TRUE
622390,2.88279815619566,TRUE
622660,3.35876021723989,TRUE
622833,4.22427542144145,TRUE
622982,2.24747393152162,TRUE
623040,4.72240444005724,TRUE
623104,4.3353866648945,TRUE
623143,4.95099436670169,TRUE
623238,2.62145097997355,TRUE
623319,2.79572012147618,TRUE
623398,1.9722014600466,TRUE
623463,4.27312017071644,TRUE
623477,1.30856764161022,TRUE
623508,1.65102277332258,TRUE
623633,2.35831434862453,TRUE
623640,3.32713853285333,TRUE
623718,3.97417374082316,TRUE
623810,3.41033029765872,TRUE
624166,1.90340282919798,TRUE
624170,3.99161103411202,TRUE
624177,3.67480643498643,TRUE
624209,4.1949938322106,TRUE
624367,1.58668004491341,TRUE
624400,3.37365416186428,TRUE
624534,2.57034903059659,TRUE
624575,2.11329129084534,TRUE
624687,2.6638146238652,TRUE
624702,2.5954522738003,TRUE
624711,3.78476037952265,TRUE
624837,3.73561564333673,TRUE
624941,2.45200403998709,TRUE
625061,2.72961284031391,TRUE
625204,3.56238725044055,TRUE
625329,2.15771493829202,TRUE
625422,3.95970021406482,TRUE
625524,4.26944623986729,TRUE
625827,3.78733779514434,TRUE
625899,4.29629913379217,TRUE
625935,3.9800256133367,TRUE
626026,4.72385939897321,TRUE
626165,3.75581225453849,TRUE
626223,2.76610861786622,TRUE
626304,3.67295588602106,TRUE
626438,3.94302579045757,TRUE
626452,3.87737587002935,TRUE
626718,4.12372229925476,TRUE
626858,3.77005407534919,TRUE
626882,3.93489765465341,TRUE
626954,1.52759128064797,TRUE
627027,2.89180369444881,TRUE
627070,3.84920892496088,TRUE
627072,4.17334114762242,TRUE
627087,4.32392059497588,TRUE
627099,3.60177008925942,TRUE
627106,4.92785885524638,TRUE
627183,3.39052623663534,TRUE
627298,3.25023302679018,TRUE
627419,3.61718959686798,TRUE
627428,3.40253081216782,TRUE
627478,3.85835884034827,TRUE
627673,3.48726123562125,TRUE
627798,3.34149351988263,TRUE
627838,3.60608320076801,TRUE
627946,3.73333975719371,TRUE
627989,4.1171555174168,TRUE
628058,3.96054581143944,TRUE
628103,2.43886964864488,TRUE
628320,2.95990669305262,TRUE
628488,3.52522826946111,TRUE
628713,2.82444305304149,TRUE
628720,2.92866540521762,TRUE
628871,2.6722877436153,TRUE
628938,4.2658519477586,TRUE
628966,4.17588397676309,TRUE
629077,2.36909769446265,TRUE
629187,2.74526401386061,TRUE
629253,3.63857856728697,TRUE
629283,3.03550880079849,TRUE
629420,3.59427232134322,TRUE
629540,3.3004769332582,TRUE
629542,2.92188098729727,TRUE
629605,1.46414187934551,TRUE
629773,2.8850695629223,TRUE
629990,3.97177905979199,TRUE
630022,4.08795293395907,TRUE
630046,2.36447812817092,TRUE
630137,4.10109484482703,TRUE
630521,3.82750160146272,TRUE
630606,4.14239202949865,TRUE
630716,3.94012463834809,TRUE
630961,3.63961205943113,TRUE
631015,3.95766737810138,TRUE
631134,3.77152490614959,TRUE
631191,3.86583871107554,TRUE
631488,2.06216302972761,TRUE
631575,2.61109749043945,TRUE
631647,4.1304484672025,TRUE
631673,3.08432047890631,TRUE
631680,1.57746087654291,TRUE
631939,3.28694111915333,TRUE
631942,2.25461643934346,TRUE
632103,2.98703492561304,TRUE
632213,4.48689903735938,TRUE
632550,3.80386893068906,TRUE
632707,4.37278683466999,TRUE
632978,2.54705901319241,TRUE
633105,3.18971676150703,TRUE
633242,3.0026789851822,TRUE
633329,3.16678259499721,TRUE
633341,3.37832711874329,TRUE
633352,3.06770596251115,TRUE
633472,2.74427110036828,TRUE
633563,3.1721525272194,TRUE
633629,3.04302696727489,TRUE
633743,3.41963111930045,TRUE
633799,2.4339077914461,TRUE
634455,3.76620814746396,TRUE
634528,4.49487661861898,TRUE
634534,4.60045543610168,TRUE
634773,3.45930422567849,TRUE
634919,3.67386733871258,TRUE
634929,4.043738593242,TRUE
635146,3.82272896161905,TRUE
635285,3.14453004113928,TRUE
635674,3.02878499624099,TRUE
635959,4.08255156106036,TRUE
635963,3.85798981015689,TRUE
636078,3.04579688521048,TRUE
636099,3.58137351714566,TRUE
636112,4.01737444412154,TRUE
636174,4.64716569921291,TRUE
636233,3.54182722183518,TRUE
636435,5,TRUE
636445,2.65651863265631,TRUE
636564,4.37547944327493,TRUE
636667,4.85394009244796,TRUE
636686,4.57110937821824,TRUE
636758,3.14851123718408,TRUE
636914,1.00583639938755,TRUE
636933,4.28969253051465,TRUE
637042,3.55764155266686,TRUE
637049,3.10459726411049,TRUE
637166,4.03540970803121,TRUE
637191,4.55048314806662,TRUE
637232,2.92447885402032,TRUE
637255,3.16975826057908,TRUE
637555,4.58504397517839,TRUE
637632,3.97486839578848,TRUE
637663,3.05078439816061,TRUE
637799,2.96943872040952,TRUE
637989,2.90343283999781,TRUE
638014,3.92535531660877,TRUE
638042,2.30324802978607,TRUE
638097,2.69277091108087,TRUE
638248,3.65966548614162,TRUE
638308,2.98211834952094,TRUE
638381,4.09590893004797,TRUE
638442,3.84009640356347,TRUE
638533,3.35587996555887,TRUE
638652,3.21647944567628,TRUE
638700,3.04174671793421,TRUE
638782,2.28904535386603,TRUE
638793,2.95380450923314,TRUE
638845,3.93124060346708,TRUE
638890,2.99155287832003,TRUE
639158,4.1696682933666,TRUE
639168,4.23536881455539,TRUE
639176,3.19859124635165,TRUE
639205,3.245912657466,TRUE
639554,3.28894121406826,TRUE
639598,4.490964212425,TRUE
639975,2.42729039860971,TRUE
639992,2.43068415539189,TRUE
639995,3.0373253448277,TRUE
640131,2.89516281474143,TRUE
640265,5,TRUE
640277,1.13500255001142,TRUE
640338,2.15058344425992,TRUE
640380,2.10271356531014,TRUE
640455,4.00620115013615,TRUE
640708,3.68198572431222,TRUE
640886,3.2204437246317,TRUE
640955,3.70881190200378,TRUE
640992,3.74013529178125,TRUE
641076,3.64355432883532,TRUE
641134,3.97608400053487,TRUE
641138,4.28432293943001,TRUE
641143,4.25078316462094,TRUE
641201,2.21674149337015,TRUE
641232,1.42598395171787,TRUE
641504,3.79039491630199,TRUE
641553,4.32310056902869,TRUE
641575,4.49041402027788,TRUE
641580,4.1720383326228,TRUE
641599,5,TRUE
641607,4.13814746058907,TRUE
641645,3.63874142328629,TRUE
641670,3.44053661204869,TRUE
641672,2.90837852777333,TRUE
641732,3.68720434469034,TRUE
641759,3.16697990506,TRUE
641768,3.32967541902521,TRUE
641949,3.81216918535183,TRUE
642179,2.66747565031799,TRUE
642193,3.89098998475883,TRUE
642298,4.80011530843397,TRUE
642356,4.42619723568295,TRUE
642470,1.82297632161586,TRUE
642573,3.31399119293336,TRUE
642665,3.31437296778934,TRUE
642704,3.38101517026196,TRUE
642862,4.38669601587561,TRUE
643079,3.70284402050395,TRUE
643163,2.98333731095941,TRUE
643164,3.50852822365367,TRUE
643248,2.71373494510755,TRUE
643265,4.19565925804487,TRUE
643308,4.57730617920703,TRUE
643363,3.09098772661746,TRUE
643419,3.71611793395177,TRUE
643474,4.73234149012841,TRUE
643516,4.64946775356833,TRUE
643571,3.71027276093107,TRUE
643604,3.97898459567045,TRUE
643714,4.33885990209291,TRUE
643835,3.96017059010184,TRUE
643863,3.63425311449385,TRUE
643964,3.14225025212111,TRUE
643990,4.36633882667543,TRUE
644112,4.29643929697327,TRUE
644166,3.24656316105697,TRUE
644236,2.08667650817324,TRUE
644255,3.81915826923331,TRUE
644258,3.96958664876074,TRUE
644270,4.44134660307394,TRUE
644346,2.57565425849934,TRUE
644348,3.44365747813791,TRUE
644349,3.01437760534314,TRUE
644375,2.84094822593665,TRUE
644426,3.60495721656607,TRUE
644570,3.38008704275016,TRUE
644600,3.35384265431919,TRUE
644933,3.41049670062475,TRUE
644974,2.20131509872739,TRUE
644999,4.06939160693714,TRUE
645278,3.65271433611913,TRUE
645303,3.23518816568603,TRUE
645312,2.46601744304319,TRUE
645378,4.6553317204279,TRUE
645387,3.21625159165894,TRUE
645520,4.26359115823092,TRUE
645561,3.9982847389372,TRUE
645628,3.50221341868946,TRUE
645662,4.51229726346325,TRUE
645708,4.29259339985788,TRUE
645716,2.03083600440399,TRUE
645727,2.47155777476138,TRUE
645738,3.91460430333059,TRUE
645822,4.16939580775975,TRUE
645896,4.56239801846282,TRUE
646022,4.16570107717589,TRUE
646059,3.74036340310846,TRUE
646106,4.31763832767799,TRUE
646323,5,TRUE
646352,5,TRUE
646366,4.52223914993412,TRUE
646403,5,TRUE
646480,4.52295141191778,TRUE
646626,3.12064233439719,TRUE
646677,3.61380004886748,TRUE
646737,2.89505723767526,TRUE
646791,3.96809137822018,TRUE
646835,3.59459307984378,TRUE
646885,4.13573721359998,TRUE
646978,4.26746313037228,TRUE
647031,1,TRUE
647165,2.88519901328255,TRUE
647268,3.94710276033851,TRUE
647384,3.28221238630219,TRUE
647432,3.22048568235756,TRUE
647732,3.57580573064659,TRUE
647808,3.90607805080844,TRUE
647921,3.70816368337704,TRUE
648056,4.4890198047311,TRUE
648102,4.8279300050636,TRUE
648298,2.50236781821416,TRUE
648515,4.34086389017678,TRUE
648591,3.62647790828377,TRUE
648803,3.85999166971531,TRUE
648891,3.81619067170984,TRUE
648941,4.16816911508889,TRUE
649362,2.12000924895028,TRUE
649394,4.79100746798299,TRUE
649411,4.27662449841484,TRUE
649413,3.34651425320543,TRUE
649438,4.23687081385356,TRUE
649476,4.14651365218077,TRUE
649512,4.35674370241331,TRUE
649580,4.61755323034009,TRUE
649703,2.66340836494523,TRUE
649877,4.2482360979878,TRUE
649909,3.07730115105422,TRUE
650045,5,TRUE
650155,3.81179301400004,TRUE
650177,3.15171716282458,TRUE
650333,5,TRUE
650411,3.87578001603624,TRUE
650476,2.36927904788985,TRUE
650519,3.06413494900739,TRUE
650525,2.79130913154115,TRUE
650691,3.12017593316622,TRUE
650707,5,TRUE
650736,4.71867191532922,TRUE
650811,5,TRUE
650872,4.40911472350168,TRUE
650875,4.79410712125963,TRUE
651078,3.34873284352923,TRUE
651143,2.73318379655937,TRUE
651344,2.56265109501474,TRUE
651457,3.36369368151399,TRUE
651619,3.50889549341981,TRUE
651633,4.16672808163294,TRUE
651640,2.47777672900515,TRUE
651641,2.67273151449523,TRUE
651647,1.83583275549124,TRUE
652021,2.74240189721404,TRUE
652045,2.8741582099443,TRUE
652054,3.04479986421407,TRUE
652075,3.619436811237,TRUE
652262,3.37467352961703,TRUE
652525,2.77088429483136,TRUE
652565,2.20896546787392,TRUE
652611,1.98841081682485,TRUE
652744,2.97143269561576,TRUE
652805,2.54933002830651,TRUE
652934,4.19925297850688,TRUE
653214,4.77806880196582,TRUE
653232,5,TRUE
653286,3.74808700348679,TRUE
653317,2.84834509926759,TRUE
653520,2.47308791939258,TRUE
653592,3.64913429838259,TRUE
653600,3.22867884925609,TRUE
653615,4.49206296075146,TRUE
653834,2.6913087966332,TRUE
654203,1.91265434869382,TRUE
654514,4.64318381187248,TRUE
654548,3.28878297207707,TRUE
654577,3.49697571099735,TRUE
654817,3.50292853843913,TRUE
654856,3.77434200687831,TRUE
654925,2.60847246305253,TRUE
655053,3.47282235980605,TRUE
655119,3.89127361397404,TRUE
655164,3.81488037617718,TRUE
655200,2.84045286403676,TRUE
655309,3.75501320968144,TRUE
655383,4.74779859028991,TRUE
655489,4.28050990086565,TRUE
655500,3.05849334846045,TRUE
655538,3.44184295219432,TRUE
655737,4.41881924303236,TRUE
655779,3.0045665688335,TRUE
655877,3.33130909128294,TRUE
655891,4.79956945767402,TRUE
655902,4.14106253659965,TRUE
656024,3.96450309105409,TRUE
656125,3.46230498742549,TRUE
656157,3.12469561224531,TRUE
656383,1.44241099796103,TRUE
656487,5,TRUE
656513,4.65242933961717,TRUE
656576,2.69477766513355,TRUE
656635,3.81785849016197,TRUE
656825,4.19413228603091,TRUE
656879,3.99724315418316,TRUE
656880,4.36687176286537,TRUE
657031,1.08318278871615,TRUE
657033,2.10587655060161,TRUE
657038,3.91886309642352,TRUE
657107,2.40307930295767,TRUE
657150,2.98020055895705,TRUE
657318,4.12911010157557,TRUE
657503,3.83082957294693,TRUE
657533,3.76013310133537,TRUE
657621,4.11656987540852,TRUE
657810,3.86309317721347,TRUE
657837,4.24492317631871,TRUE
658103,2.88272003493393,TRUE
658116,3.12946284834738,TRUE
658259,3.32393958240852,TRUE
658303,2.27384772185214,TRUE
658490,2.33737498178364,TRUE
658631,4.13653859835687,TRUE
658701,2.90935816849267,TRUE
658777,2.017637123769,TRUE
658859,3.94773397659693,TRUE
659021,3.02147498882622,TRUE
659147,3.53975169050756,TRUE
659190,3.49039192638245,TRUE
659426,2.9291506469897,TRUE
659535,4.54421827056603,TRUE
659552,3.37895074649494,TRUE
659639,3.5168240329522,TRUE
659719,3.03583125554681,TRUE
659833,2.00601750318915,TRUE
659850,4.5223898250912,TRUE
659869,2.26058181119263,TRUE
660084,3.7320541219421,TRUE
660129,4.76912367166128,TRUE
660302,4.08126143872262,TRUE
660379,3.96765899618042,TRUE
660497,2.94392047153273,TRUE
660625,3.51729594248027,TRUE
660648,3.96547142138746,TRUE
660954,1,FALSE
660955,3.90706646091409,TRUE
661099,3.28522293397729,TRUE
661196,2.80977040058214,TRUE
661460,4.82661332633114,TRUE
661467,3.72981952182273,TRUE
661577,4.0270043015395,TRUE
661604,5,TRUE
661621,3.86638242789105,TRUE
661622,4.23055092702863,TRUE
661685,4.0156460166844,TRUE
661770,3.07798531334983,TRUE
661875,3.74448010163095,TRUE
661882,3.86047428188304,TRUE
661958,3.21972588297093,TRUE
662020,3.26974383108128,TRUE
662051,4.02533151517851,TRUE
662060,3.41668980012464,TRUE
662076,4.03976973017441,TRUE
662085,3.79468774292326,TRUE
662289,1.88072576555088,TRUE
662313,3.04757808781308,TRUE
662386,3.23769289271962,TRUE
662415,2.90538887436704,TRUE
662543,2.69373821871342,TRUE
662559,3.61211393101765,TRUE
662588,3.81322953080524,TRUE
662613,3.94207629397269,TRUE
662632,3.69562050749741,TRUE
662680,4.03558942955739,TRUE
662909,3.7408998776884,TRUE
663006,4.51978202619318,TRUE
663036,3.18732532014951,TRUE
663143,4.06340183193339,TRUE
663228,3.4129672756648,TRUE
663247,3.02979225490189,TRUE
663249,4.33013455929945,TRUE
663267,2.12731915459619,TRUE
663331,4.13660077897115,TRUE
663469,2.95256265811933,TRUE
663532,1.93683946888713,TRUE
663551,4.1879607874691,TRUE
663583,2.25507565626981,TRUE
663679,3.24823981059413,TRUE
663724,3.08688663309209,TRUE
663754,1.57681749258932,TRUE
663799,2.86176861047624,TRUE
663886,2.35629539186526,TRUE
663999,3.59806212252564,TRUE
664022,2.78916130333025,TRUE
664065,3.07184689401312,TRUE
664066,2.1280445314389,TRUE
664239,3.65622273600888,TRUE
664257,3.76735941935188,TRUE
664382,3.67227446988629,TRUE
664413,2.83095324474869,TRUE
664419,2.72525408151587,TRUE
664803,3.84485981634069,TRUE
665064,2.42870803388937,TRUE
665395,3.4717129330405,TRUE
665622,2.20937123104753,TRUE
665682,3.23453330132985,TRUE
665752,4.00645103660217,TRUE
665790,2.4811556779593,TRUE
665815,2.60049057641442,TRUE
665835,2.89574371049648,TRUE
665859,2.05463530679095,TRUE
665901,2.33063838278866,TRUE
665954,2.33021908203135,TRUE
665966,2.65911697249375,TRUE
666025,3.54899902060526,TRUE
666062,1.34522027334568,TRUE
666192,2.65542285737337,TRUE
666429,1,TRUE
666580,3.00459497688294,TRUE
666586,3.74663701372752,TRUE
666698,2.20572673237298,TRUE
666745,3.15975520192604,TRUE
666793,2.92483714770429,TRUE
666832,3.50027086415889,TRUE
667026,3.03955749474226,TRUE
667049,4.0851120208379,TRUE
667098,3.62257516233158,TRUE
667177,2.89616619923242,TRUE
667361,3.29591626887777,TRUE
667400,2.73916878262255,TRUE
667546,3.27995760454959,TRUE
667637,2.07696809089757,TRUE
667655,3.78426033902693,TRUE
667659,3.07518506248279,TRUE
667660,3.29582327627605,TRUE
667785,3.43526650273109,TRUE
667846,3.46581015768826,TRUE
667950,3.94980173223066,TRUE
668033,1.54562653420527,TRUE
668376,1.93275879311396,TRUE
668676,4.08386358806697,TRUE
668746,3.82328995932084,TRUE
668927,3.30652005412329,TRUE
668946,3.1392125604817,TRUE
669005,2.66160829987146,TRUE
669394,2.51549326874371,TRUE
669448,2.57557394191309,TRUE
669466,3.59285775149151,TRUE
669682,3.88303974467933,TRUE
669919,3.60806261182709,TRUE
669921,3.36615966291469,TRUE
669981,4.13258510464899,TRUE
670021,3.2547762403421,TRUE
670062,3.87733951410511,TRUE
670071,5,TRUE
670179,3.26224709120163,TRUE
670269,4.75841241088855,TRUE
670310,2.06006659934319,TRUE
670322,3.05776243139815,TRUE
670386,4.68843473677243,TRUE
670447,4.48483301781047,TRUE
670672,2.5795254548059,TRUE
670781,4.25773466988795,TRUE
670826,1.9555862698708,TRUE
671451,3.9451562687575,TRUE
671463,3.80770434165858,TRUE
671715,3.57643715664086,TRUE
671750,2.27820083179576,TRUE
671995,4.88577687746797,TRUE
672016,2.25461814866754,TRUE
672064,3.54186206601897,TRUE
672086,4.03073145113928,TRUE
672162,4.59108412788863,TRUE
672208,1.08604210657037,TRUE
672295,2.51111327375346,TRUE
672329,2.95152941984529,TRUE
672599,3.38066846088966,TRUE
672615,4.66685349756065,TRUE
672730,4.00855641807585,TRUE
672833,2.85834284758878,TRUE
673011,3.22582174830821,TRUE
673187,3.48228372125878,TRUE
673382,3.36989101629969,TRUE
673401,3.18533782754508,TRUE
673829,4.01335262529984,TRUE
673866,4.20183611240284,TRUE
673951,4.68197509254246,TRUE
674019,3.70578870730488,TRUE
674102,1.59389142377336,TRUE
674120,3.94170194042407,TRUE
674219,3.35477045206927,TRUE
674220,3.85186777814591,TRUE
674257,2.94447277919386,TRUE
674295,2.71804671880007,TRUE
674339,2.71257227341205,TRUE
674461,3.82800139809675,TRUE
674465,4.35993100371322,TRUE
674475,4.320172109897,TRUE
674650,3.71836389906139,TRUE
675079,4.14154202727897,TRUE
675353,3.06570531952182,TRUE
675400,3.68350439229233,TRUE
675437,3.46748062566376,TRUE
675496,3.21777541023739,TRUE
675549,4.0181253977945,TRUE
675691,3.92028105017321,TRUE
675704,3.67903986709197,TRUE
675757,4.21668220869791,TRUE
676089,2.85809252928459,TRUE
676113,3.5342232179682,TRUE
676172,3.48449549105175,TRUE
676353,2.14033095713329,TRUE
676507,3.46771529514433,TRUE
676551,2.40718073741149,TRUE
676563,2.11002625426506,TRUE
676631,1.34386557631,TRUE
676753,2.61221166181372,TRUE
676771,3.14028800181146,TRUE
676790,3.49485138199355,TRUE
676857,3.26303833878403,TRUE
676869,4.21025671765357,TRUE
676895,2.54974278782393,TRUE
676942,2.41994864606696,TRUE
677018,3.0194544119904,TRUE
677045,3.26853588897905,TRUE
677223,3.13933690177422,TRUE
677681,3.56904553610851,TRUE
678368,2.10248397464718,TRUE
678545,3.95540568509143,TRUE
678623,3.3834921502348,TRUE
678628,2.44921559255969,TRUE
678652,2.62134257680148,TRUE
678703,3.26934150223621,TRUE
678789,3.44326981077658,TRUE
678796,3.4727759759675,TRUE
678932,4.28192999515253,TRUE
678994,3.73098321408585,TRUE
679122,3.26887046299314,TRUE
679323,3.38120027034293,TRUE
679413,3.59599159863208,TRUE
679416,5,TRUE
679437,3.29109061979796,TRUE
679488,3.40284399427379,TRUE
679504,3.73136922746374,TRUE
679568,4.37769089848811,TRUE
679592,2.41299349898961,TRUE
679616,2.81656743639558,TRUE
679819,1.35562755830607,TRUE
679861,4.07308520041063,TRUE
679939,4.29963873334385,TRUE
679940,4.13178955424298,TRUE
679988,3.81351833296368,TRUE
680416,3.69461835163795,TRUE
680566,3.7461360135528,TRUE
680573,3.40569389804121,TRUE
680811,3.50134090736144,TRUE
680833,3.06881560253656,TRUE
681045,2.22475300842146,TRUE
681051,4.08759478345995,TRUE
681286,2.77950648447695,TRUE
681343,3.56451673463377,TRUE
681376,3.77687939723377,TRUE
681389,3.95673445803016,TRUE
681649,3.50249131344322,TRUE
681658,3.52904804422819,TRUE
681996,3.02975899805539,TRUE
682035,4.93812403182429,TRUE
682226,4.07901127442651,TRUE
682229,3.27277973694555,TRUE
682252,3.5942417409566,TRUE
682335,3.50313750226365,TRUE
682353,3.23952140870445,TRUE
682444,3.4468558575811,TRUE
682813,3.02230005764655,TRUE
682861,4.35544057647124,TRUE
682910,5,TRUE
683043,4.13414134568276,TRUE
683123,5,TRUE
683158,5,TRUE
683232,4.11701283296423,TRUE
683402,4.68982980693515,TRUE
683548,2.90690313876222,TRUE
683591,2.50404378487038,TRUE
683595,1.54874051995114,TRUE
683612,4.01785933280664,TRUE
683648,4.41497489476518,TRUE
683708,3.9605033354371,TRUE
683734,3.78940407129067,TRUE
683839,4.08274565910888,TRUE
683923,2.9450961717923,TRUE
683950,3.83959723198786,TRUE
684063,3.89580808408154,TRUE
684070,3.3689303858035,TRUE
684134,4.10838490072163,TRUE
684138,3.80533742285422,TRUE
684381,4.33195265600818,TRUE
684448,3.72647202248243,TRUE
684583,4.77305069933245,TRUE
684734,4.17223722173908,TRUE
684921,4.27815114187974,TRUE
685090,2.92516161867268,TRUE
685197,2.84052844008516,TRUE
685258,3.75182589597881,TRUE
685290,3.28408259262016,TRUE
685538,4.32301914795361,TRUE
685770,3.66892769008901,TRUE
685853,4.31479710721388,TRUE
685893,2.68863064446522,TRUE
686050,3.54019027038206,TRUE
686118,3.8759751160032,TRUE
686209,3.14823581162188,TRUE
686211,2.63005492741382,TRUE
686423,3.8585466171209,TRUE
686442,2.75682757801594,TRUE
686505,4.69966218441328,TRUE
686784,3.73711878336513,TRUE
686818,2.52229922348931,TRUE
686866,4.02758087449024,TRUE
686881,4.9683015553537,TRUE
687111,2.83352369423545,TRUE
687380,3.35857251117585,TRUE
687609,2.62281756525395,TRUE
687627,4.03638883051134,TRUE
687678,3.45932194266546,TRUE
687765,3.3195086467364,TRUE
687933,4.39830261761063,TRUE
688059,3.95154799291428,TRUE
688077,3.91611787322307,TRUE
688291,3.61730792174366,TRUE
688660,3.9746066780811,TRUE
688768,1.47427839421417,TRUE
688894,2.67026484640796,TRUE
689101,3.91331623510512,TRUE
689179,3.26809678453528,TRUE
689396,3.43900056513051,TRUE
689445,4.09136643688679,TRUE
689501,3.40018868073438,TRUE
689505,3.76741120171854,TRUE
689566,2.83651333337556,TRUE
689638,1.92059828190677,TRUE
689660,1.79104173810589,TRUE
689704,3.78063347542943,TRUE
690351,3.26120629653889,TRUE
690524,4.40776778334718,TRUE
690953,1,TRUE
690990,4.81461155402391,TRUE
691149,4.68909211763516,TRUE
691280,3.72992788773116,TRUE
691410,3.60924414083093,TRUE
691505,4.1311427766086,TRUE
691636,3.1589168273179,TRUE
691649,1.92954546463769,TRUE
691656,3.2430408361606,TRUE
691657,3.01296603802372,TRUE
691678,2.57954075488345,TRUE
691685,4.24885152357679,TRUE
691853,4.30137641722007,TRUE
691874,4.08756321359126,TRUE
691911,2.79794112752699,TRUE
692001,2.69196667535633,TRUE
692003,2.20210668641019,TRUE
692010,2.90073628111476,TRUE
692337,4.01796266238295,TRUE
692374,3.56583923848689,TRUE
692390,4.42285598684831,TRUE
692547,2.0417165473183,TRUE
692621,3.38176948823448,TRUE
692879,1.72460758259089,TRUE
692896,3.36343574765311,TRUE
692975,3.52693978646243,TRUE
693073,4.04680268752893,TRUE
693190,3.91968846750129,TRUE
693255,2.8671940273928,TRUE
693293,3.77179604952905,TRUE
693448,4.02365543886274,TRUE
693528,2.62682251474159,TRUE
693556,4.27212538027627,TRUE
693561,3.51537914789016,TRUE
693674,5,TRUE
693679,4.66588669939826,TRUE
693808,3.68834342732618,TRUE
694192,2.74868035541046,TRUE
694206,3.66689753159951,TRUE
694218,4.01920730409751,TRUE
694339,3.35354376863996,TRUE
694486,3.66837620982836,TRUE
694522,1.58909874751297,TRUE
694532,1,TRUE
694542,4.14280059148252,TRUE
694682,1.08025275090464,TRUE
694910,4.25420976056707,TRUE
695202,3.33084816093097,TRUE
695242,3.271456986847,TRUE
695280,3.66470307465256,TRUE
695291,4.43199320452431,TRUE
695420,4.25016862613782,TRUE
695497,4.52795518299991,TRUE
695506,3.1612471493099,TRUE
695515,4.48472723684836,TRUE
695573,4.67730270105571,TRUE
695602,4.3207895607375,TRUE
695649,3.73814624825924,TRUE
695651,3.96975488295768,TRUE
695664,4.18186229409844,TRUE
695691,4.39648270419904,TRUE
695845,5,TRUE
695877,3.94314329206819,TRUE
696109,1.5311577923022,TRUE
696232,2.01711278308382,TRUE
696338,3.64524182059635,TRUE
696632,1,TRUE
696633,4.09257635203226,TRUE
696681,2.25781670680002,TRUE
696974,3.35888500697943,TRUE
697225,3.41259162377221,TRUE
697355,3.64450215104636,TRUE
697415,3.47266856164593,TRUE
697455,1.55553041341343,TRUE
697496,3.03035839090508,TRUE
697578,4.63944709480844,TRUE
697781,1.97128434297028,TRUE
697987,2.57361067184746,TRUE
698122,2.3088298562493,TRUE
698172,3.02649619392704,TRUE
698299,1,TRUE
698349,4.41524316723689,TRUE
698376,2.39305551114547,TRUE
698466,4.58458917884351,TRUE
698602,3.82551915245952,TRUE
698699,4.71069654705365,TRUE
698866,1,TRUE
698893,3.48820349697117,TRUE
698993,2.59276249074528,TRUE
699192,3.45019466349036,TRUE
699231,3.03010231124083,TRUE
699431,2.87991819286291,TRUE
699580,3.76055193487841,TRUE
699648,1.98693171537359,TRUE
699659,1.78426858492377,TRUE
699661,2.91811770229744,TRUE
699751,2.81924400225748,TRUE
700014,3.34864040326217,TRUE
700068,3.150033622019,TRUE
700155,4.69360822241349,TRUE
700212,3.97651634887593,TRUE
700360,3.9278336272778,TRUE
700609,2.07260396446383,TRUE
700733,4.13747368601971,TRUE
700808,4.36348126559418,TRUE
700915,3.59912548245608,TRUE
701114,3.87608833159719,TRUE
701269,3.3452792125475,TRUE
701414,4.23155763542723,TRUE
701441,4.69580048270854,TRUE
701605,3.91356381115843,TRUE
701634,2.22729625695202,TRUE
701665,5,TRUE
701798,4.37393546940122,TRUE
701903,4.21112664212051,TRUE
702056,5,TRUE
702229,1.31745609599391,TRUE
702284,1.44703928477047,TRUE
702433,4.28074262900015,TRUE
702452,4.87845638847224,TRUE
702476,3.48708954236311,TRUE
702505,4.56568450406143,TRUE
702534,4.68700293588942,TRUE
702621,4.77148049094321,TRUE
702627,4.8492267952432,TRUE
702665,4.09478718456158,TRUE
702719,1.19091931746018,TRUE
702746,5,TRUE
702865,4.24650275656411,TRUE
703045,3.44224925054392,TRUE
703090,3.66102499572401,TRUE
703156,3.53423842403279,TRUE
703285,3.49963894748587,TRUE
703396,3.18668749188043,TRUE
703439,3.74796351850677,TRUE
703537,4.98515632297088,TRUE
703549,4.01293846032053,TRUE
703574,3.30516602315006,TRUE
703629,4.39678978157265,TRUE
703650,2.28766385764605,TRUE
704006,4.1412817169704,TRUE
704130,3.61407050780609,TRUE
704367,3.70800186873531,TRUE
704402,3.65763106432332,TRUE
704496,4.33070351803562,TRUE
704593,4.60649982450418,TRUE
704663,4.48668321119561,TRUE
704754,3.91823108649475,TRUE
704951,1.30694591669894,TRUE
705170,4.12113620703475,TRUE
705216,3.4728890959026,TRUE
705300,1.81273672725913,TRUE
705333,1.40541051986645,TRUE
705389,4.39894389787326,TRUE
705460,4.21196113045418,TRUE
705555,2.55660625493153,TRUE
705591,2.02856838418851,TRUE
705875,2.2019129423624,TRUE
705916,3.28709509174352,TRUE
705969,4.14007837256443,TRUE
706023,3.47491493094636,TRUE
706039,3.65044601167171,TRUE
706143,2.82245507435657,TRUE
706390,2.95785250732398,TRUE
706471,3.68320006191926,TRUE
706664,4.75358435623131,TRUE
706749,4.15096761091525,TRUE
706775,3.50641149895647,TRUE
706949,4.46940874410158,TRUE
707305,2.18223217907723,TRUE
707518,2.69521072570512,TRUE
707539,2.28006047026841,TRUE
707553,2.19524095277209,TRUE
707714,3.88191049788773,TRUE
707725,4.13514530957186,TRUE
707875,3.70855807062341,TRUE
707994,4.04403230166146,TRUE
708002,4.52835277639821,TRUE
708031,2.76574679972097,TRUE
708366,3.74155797052668,TRUE
708372,4.12319964543023,TRUE
708516,3.4293374821459,TRUE
708764,3.53947265807066,TRUE
708922,3.29969268656804,TRUE
709149,2.60112215803406,TRUE
709213,3.65433927895151,TRUE
709217,2.2032246889513,TRUE
709306,1.85927239769798,TRUE
709325,3.37172420700302,TRUE
709750,3.80753051161672,TRUE
709799,4.23232746876264,TRUE
709853,4.37161826072365,TRUE
709868,2.97262059597559,TRUE
709910,2.75014622533959,TRUE
709953,2.7976951693412,TRUE
709979,3.83304364239227,TRUE
710118,3.4355579963389,TRUE
710198,3.80739001271902,TRUE
710220,3.79571561198186,TRUE
710244,2.51343357514519,TRUE
710286,3.53657919801097,TRUE
710319,2.62355805853237,TRUE
710473,3.57519126891796,TRUE
710574,1.59573157958892,TRUE
710774,4.28373802702371,TRUE
710873,4.17542178105663,TRUE
710905,4.141520236873,TRUE
710919,3.80548256513594,TRUE
710925,4.32376454714229,TRUE
710965,3.8313656041408,TRUE
711010,3.7576739227815,TRUE
711055,1,TRUE
711057,3.93692590807427,TRUE
711162,4.04111839935733,TRUE
711172,3.33886959644387,TRUE
711235,1.81286623995313,TRUE
711294,3.19079401589408,TRUE
711462,3.6300303724371,TRUE
711590,3.8230890198827,TRUE
711650,3.31740180560416,TRUE
711671,4.17646981050062,TRUE
711964,3.28242416360386,TRUE
711978,3.13743180722808,TRUE
712082,2.53498480465804,TRUE
712110,2.32975708941007,TRUE
712139,2.94222729979863,TRUE
712268,2.79735379472585,TRUE
712270,3.69425570135031,TRUE
712394,2.44615971771585,TRUE
712424,2.96152934264431,TRUE
712478,3.2004036019825,TRUE
712643,4.48290609861124,TRUE
712698,3.03192149626659,TRUE
712923,4.07949459953618,TRUE
712960,4.65705603791405,TRUE
713005,3.33247420176395,TRUE
713033,4.05394219384333,TRUE
713368,4.66414532073972,TRUE
713621,3.82726221323911,TRUE
713704,4.58939771570051,TRUE
713767,3.73662406324639,TRUE
713912,3.23608258441328,TRUE
714015,4.79549960243113,TRUE
714199,3.7104519252014,TRUE
714479,3.15697790242822,TRUE
714608,4.27713609629614,TRUE
714685,3.16882288154123,TRUE
714733,3.00191479783893,TRUE
714896,3.86452994528131,TRUE
714981,3.45450303171688,TRUE
715035,3.42287396556763,TRUE
715134,4.33039212232533,TRUE
715138,4.37248634320974,TRUE
715188,4.21099862558021,TRUE
715238,3.29769804306928,TRUE
715345,2.70111404289236,TRUE
715363,2.28475157043441,TRUE
715545,3.48525480933955,TRUE
715645,3.21601715308793,TRUE
715736,3.60831148426748,TRUE
715872,2.73493418843207,TRUE
716046,4.86913328714381,TRUE
716052,4.87236918834405,TRUE
716218,4.40417421028863,TRUE
716481,4.63724528745511,TRUE
716667,4.29893110322295,TRUE
717066,2.64591069143067,TRUE
717104,3.082459558998,TRUE
717390,4.51759352173115,TRUE
717422,3.88714032825859,TRUE
717559,4.850352017715,TRUE
717748,3.25203727850581,TRUE
717782,3.3407757801725,TRUE
718085,4.53292189000855,TRUE
718146,2.70928560041995,TRUE
718242,2.02620309182148,TRUE
718285,3.4750485774007,TRUE
718332,2.7757112617682,TRUE
718729,4.15975951588342,TRUE
718735,5,TRUE
718760,3.03977859152792,TRUE
718792,3.46791799851308,TRUE
719022,3.89057428954067,TRUE
719102,3.47376866878756,TRUE
719350,3.20925078032084,TRUE
719362,3.30749727931254,TRUE
719451,3.77299977211703,TRUE
719477,2.88621317144743,TRUE
719532,4.14583401692733,TRUE
719566,3.12864057741901,TRUE
719742,3.0726444929554,TRUE
719916,3.55206471689332,TRUE
720044,3.15974118270777,TRUE
720334,4.01662704175039,TRUE
720357,3.68451998288935,TRUE
720840,4.16729513991553,TRUE
721003,4.28491094962062,TRUE
721069,3.50938358668566,TRUE
721470,3.86342093296359,TRUE
721620,4.09432743783743,TRUE
721703,5,TRUE
721733,4.47328792886458,TRUE
721750,3.59976343243311,TRUE
722010,4.20067872567065,TRUE
722040,3.55489624528794,TRUE
722086,3.73761078987814,TRUE
722087,2.82006176719785,TRUE
722116,4.50333103163834,TRUE
722236,3.84537693911311,TRUE
722299,4.09868466057036,TRUE
722517,4.99475441846602,TRUE
722534,4.34564807502975,TRUE
722612,2.77196367057832,TRUE
722657,4.62452130647839,TRUE
722701,2.28477081401849,TRUE
722863,1.90821593190381,TRUE
722934,4.18895832882654,TRUE
723402,4.26248963820184,TRUE
723503,4.0670915443527,TRUE
723568,3.63684217069129,TRUE
723573,3.36513264644967,TRUE
723628,3.87205748920274,TRUE
723673,3.42829669086337,TRUE
723714,3.68714679783721,TRUE
723861,3.01598481841193,TRUE
723862,3.52515991899994,TRUE
723955,2.91176025503259,TRUE
723981,3.06823807888499,TRUE
724021,3.5045909000175,TRUE
724068,5,TRUE
724266,5,TRUE
724284,5,TRUE
724364,4.40628053612563,TRUE
724425,2.90457412947776,TRUE
724637,4.65168664841679,TRUE
724651,4.31708494773151,TRUE
724746,4.01023119887502,TRUE
724765,4.44005080391694,TRUE
724821,2.38119584881393,TRUE
724840,4.22197292827694,TRUE
724991,3.16024772399282,TRUE
725117,2.67939682480537,TRUE
725559,2.79341030227749,TRUE
725662,4.6611432029719,TRUE
725680,2.40765231698974,TRUE
725690,4.72745765344329,TRUE
725782,2.2823710180565,TRUE
725962,3.33673426172896,TRUE
725972,3.09899036969178,TRUE
726083,3.23641060059212,TRUE
726229,2.81546063877383,TRUE
726327,4.06753679998439,TRUE
726330,4.52629134186193,TRUE
726409,3.95268384462452,TRUE
726427,2.31702590759238,TRUE
726486,3.32065751186067,TRUE
726746,3.90605768344589,TRUE
726826,4.11187916316937,TRUE
726840,4.06731089757367,TRUE
726852,2.51538951571809,TRUE
727001,4.04213010068868,TRUE
727346,2.58259108000891,TRUE
727553,3.36218416585707,TRUE
727812,1.85517743927866,TRUE
727870,4.08053876659824,TRUE
728179,4.77192530524013,TRUE
728458,2.89553923000628,TRUE
728542,3.53973231244936,TRUE
728581,4.32509700413965,TRUE
728679,4.34852767423534,TRUE
728693,3.92790463824128,TRUE
728721,3.19003711673997,TRUE
728759,3.04713679880172,TRUE
729009,3.86505893462247,TRUE
729234,2.43546488027194,TRUE
729244,1.2162718570984,TRUE
729400,4.7159978457369,TRUE
729433,2.86271037031723,TRUE
729720,3.95305053774271,TRUE
729739,4.06850727993957,TRUE
729805,4.67277250316961,TRUE
729852,4.27481882523537,TRUE
729998,2.44163031941816,TRUE
730334,3.26547812575534,TRUE
730366,3.33140336299936,TRUE
730480,3.64602323135493,TRUE
730560,3.98671224585094,TRUE
730596,3.6073813456063,TRUE
730733,3.70534167148298,TRUE
730768,3.23398911057751,TRUE
730846,4.32844237211914,TRUE
730873,3.85310868673905,TRUE
730964,3.98451900092819,TRUE
731014,4.12987229588661,TRUE
731259,3.22910769019883,TRUE
731404,4.46294445090088,TRUE
731435,4.52315940588798,TRUE
731460,2.77184142613054,TRUE
731561,3.445636708352,TRUE
731581,3.0402450391182,TRUE
731606,4.46742799095734,TRUE
731686,3.73879559282581,TRUE
731689,3.04282846985618,TRUE
731786,3.95558350562466,TRUE
731824,3.00312988177057,TRUE
731829,3.53790981430409,TRUE
731964,3.48073225863958,TRUE
731989,3.89016927877702,TRUE
732093,2.8267144217853,TRUE
732205,2.35133334316744,TRUE
732434,1.75462852444053,TRUE
732466,2.31981397438873,TRUE
732472,3.85494083400343,TRUE
732557,3.73760308730817,TRUE
732616,2.2529728772712,TRUE
732620,3.28856549777222,TRUE
732630,2.33580280202822,TRUE
732928,3.8893869265968,TRUE
732942,4.16536306868224,TRUE
732997,3.97178598757083,TRUE
733148,3.84630954248297,TRUE
733163,4.07024208178894,TRUE
733181,3.87976289448456,TRUE
733293,2.93844488478463,TRUE
733316,2.80505247154409,TRUE
733551,3.17061838345161,TRUE
733565,3.20373664166155,TRUE
733731,4.00987261940809,TRUE
733964,4.0041797855321,TRUE
734029,3.17551231998246,TRUE
734185,2.52036673939013,TRUE
734223,3.08426117753427,TRUE
734247,4.4201723349872,TRUE
734483,3.23564801090323,TRUE
734632,3.58876943269283,TRUE
734655,3.04548996616463,TRUE
734741,3.57776567923745,TRUE
734746,2.16912182328923,TRUE
734842,4.22517905180448,TRUE
734994,3.66451303897885,TRUE
735123,3.40860155475865,TRUE
735126,3.61032275648377,TRUE
735190,3.84313051626451,TRUE
735236,3.94910335009628,TRUE
735263,3.65621980092588,TRUE
735378,3.01314054448779,TRUE
735472,2.44106424117613,TRUE
735614,4.24577295643996,TRUE
735680,3.10963621835537,TRUE
735703,4.16272467327951,TRUE
735834,4.14521410998271,TRUE
735836,1,TRUE
736105,4.00346026666693,TRUE
736125,4.18624246049393,TRUE
736153,3.52817850451408,TRUE
736329,4.14016363954141,TRUE
736478,2.25367674631586,TRUE
736526,2.77740384250199,TRUE
736654,3.44339376590064,TRUE
736735,4.6135639061659,TRUE
736859,2.90932313294063,TRUE
736899,3.05992586210216,TRUE
737037,4.69217297939104,TRUE
737297,4.07172894691169,TRUE
737694,2.52787358757763,TRUE
737704,1.38020799928802,TRUE
737886,3.55287865864055,TRUE
738100,4.96930317944404,TRUE
738101,3.32831626146025,TRUE
738236,4.5158012389952,TRUE
738243,4.37964480742007,TRUE
738464,4.44521360890609,TRUE
738636,3.19544993521764,TRUE
738726,3.74891264342212,TRUE
738831,1.3047192235848,TRUE
739109,4.70776056238072,TRUE
739595,4.49816491305059,TRUE
739803,2.78155683285358,TRUE
739920,2.49759258674877,TRUE
740150,3.46625785559111,TRUE
740222,4.01940755500175,TRUE
740351,3.78680399221205,TRUE
740363,4.39899805776865,TRUE
740659,2.98610732329123,TRUE
741026,2.45989214978629,TRUE
741069,2.67131088108181,TRUE
741076,3.24835420401167,TRUE
741176,3.18920503124593,TRUE
741217,3.4552723370099,TRUE
741274,3.70263088611695,TRUE
741566,3.59211388281407,TRUE
741659,2.54312618077256,TRUE
741807,3.21933932990894,TRUE
741877,4.26672631182619,TRUE
741924,4.66263512711436,TRUE
741964,4.05421574709231,TRUE
742030,2.61376348886637,TRUE
742076,4.51724636806192,TRUE
742089,3.92367068338529,TRUE
742236,3.97371908279238,TRUE
742414,3.54559330410867,TRUE
742424,1.59273948003519,TRUE
742458,1.25590064737402,TRUE
742629,3.45289180449391,TRUE
742828,4.62713901260203,TRUE
742955,3.65051374068164,TRUE
743078,4.08866892230311,TRUE
743151,3.41888625376593,TRUE
743274,1.67691931562915,TRUE
743398,3.04995237113595,TRUE
743514,3.09123381158021,TRUE
743694,4.01756036139181,TRUE
743759,2.01880829077076,TRUE
743761,2.73830969538785,TRUE
743814,3.32150376816166,TRUE
743988,3.43848883273984,TRUE
744080,1.40613248059229,TRUE
744081,2.78733405286603,TRUE
744104,3.92499829683429,TRUE
744171,3.64945025228417,TRUE
744204,3.66364015961978,TRUE
744372,3.06009846288198,TRUE
744451,3.0596013784783,TRUE
744523,3.41093941945888,TRUE
745054,3.4701954484766,TRUE
745280,3.99343946899079,TRUE
745515,4.10714738423937,TRUE
745643,3.61391419275283,TRUE
745649,5,TRUE
745813,2.06011759807387,TRUE
745872,1.53849311576697,TRUE
746102,2.95054580751479,TRUE
746126,1.6669602260149,TRUE
746127,2.38027575243066,TRUE
746537,2.63420689092521,TRUE
746604,3.18841772490161,TRUE
746617,3.79907190331312,TRUE
746702,4.51472568251087,TRUE
746880,4.35802513335799,TRUE
747079,2.69025452591182,TRUE
747115,4.06223314944563,TRUE
747142,3.16105798948884,TRUE
747374,2.81478384609951,TRUE
747437,3.57895137906768,TRUE
747582,3.87811675417678,TRUE
747684,3.84674227791485,TRUE
747843,4.3684028161974,TRUE
747910,1,TRUE
747913,3.47717513939168,TRUE
748077,3.95245535009242,TRUE
748163,3.78713384588269,TRUE
748283,4.08337345840391,TRUE
748442,4.58240140520745,TRUE
748496,3.65258981377111,TRUE
748590,3.56350637175561,TRUE
748657,4.57455107974126,TRUE
748668,3.92685364435058,TRUE
748858,3.36358013097701,TRUE
748981,3.3339767554722,TRUE
748992,3.87143149239582,TRUE
749049,3.22559640796303,TRUE
749102,3.83137163915502,TRUE
749137,4.19275541640295,TRUE
749195,3.38611035729736,TRUE
749238,2.10161675996024,TRUE
749295,2.05953488424704,TRUE
749581,3.50854016927336,TRUE
749895,4.51202737994377,TRUE
749899,4.36276346837208,TRUE
749911,3.91124067823666,TRUE
749952,3.27863879724915,TRUE
750109,2.4096391871316,TRUE
750125,4.04821174071471,TRUE
750306,2.68205959602022,TRUE
750759,5,TRUE
750762,3.94252116987847,TRUE
750806,3.35448670868845,TRUE
750808,4.16315171161456,TRUE
750866,1.11270173272659,TRUE
750898,2.80861216229594,TRUE
750902,2.27702745419005,TRUE
750932,1.61696716595104,TRUE
751077,3.87023117295863,TRUE
751135,2.43717207577839,TRUE
751198,3.88958337981891,TRUE
751243,3.79650830046492,TRUE
751408,4.24292920646963,TRUE
751460,1.85665423450503,TRUE
751721,3.83813788259385,TRUE
751774,3.55415468911339,TRUE
751845,4.06738669656542,TRUE
751978,3.71268522993058,TRUE
752091,3.56467305053068,TRUE
752382,4.87338968322635,TRUE
752426,3.86527077428548,TRUE
752434,4.7578686996915,TRUE
752797,4.29064709568474,TRUE
752973,2.69168582284395,TRUE
753031,2.49579501254863,TRUE
753086,3.04822680985018,TRUE
753097,3.69233473604262,TRUE
753322,4.30612074551741,TRUE
753410,4.91911220652887,TRUE
753416,4.09548086400183,TRUE
753458,3.95988275157249,TRUE
753546,4.22300658069224,TRUE
753707,3.14831422807091,TRUE
753753,4.16410182009555,TRUE
754073,3.78273901556901,TRUE
754118,3.86883274494666,TRUE
754151,3.59153919387967,TRUE
754414,2.94738181942759,TRUE
754441,4.91669799306743,TRUE
754651,3.90037010168579,TRUE
754731,4.62369729689624,TRUE
754859,4.29648742569756,TRUE
754872,3.73793920031655,TRUE
754994,4.23644394652175,TRUE
755102,3.65023123650283,TRUE
755162,3.28990601952815,TRUE
755416,4.49346192457557,TRUE
755759,2.83235404913608,TRUE
755769,4.49677266520274,TRUE
755810,4.36686976629102,TRUE
756050,4.12563465753725,TRUE
756159,3.42750695656634,TRUE
756164,3.23118708999645,TRUE
756349,4.6272184223475,TRUE
756377,4.6433555980622,TRUE
756405,3.32434467737566,TRUE
756406,4.14711801138631,TRUE
756437,3.30959745002698,TRUE
756519,4.3392530110673,TRUE
756576,4.15214981716043,TRUE
756734,3.79127158439129,TRUE
756760,4.34397814533954,TRUE
756889,3.54712260665886,TRUE
756940,3.80448335604907,TRUE
757056,3.69771785699126,TRUE
757077,3.25276018580077,TRUE
757207,2.42420372374229,TRUE
757257,4.01068036428241,TRUE
757308,3.5878443904431,TRUE
757346,3.54409260371905,TRUE
757406,3.31383385189467,TRUE
757498,2.16306489846713,TRUE
757564,3.25294331708589,TRUE
757657,2.93720095503385,TRUE
757721,3.10126805695734,TRUE
757738,1.54599962956526,TRUE
757861,3.74781162992419,TRUE
757883,3.75162498438155,TRUE
758093,3.95940525559184,TRUE
758194,4.07440134596836,TRUE
758275,3.24174685556185,TRUE
758280,3.01673049181054,TRUE
758508,2.12903341497898,TRUE
758619,2.96470204317976,TRUE
758625,3.12850127924486,TRUE
758667,2.69353623196014,TRUE
758683,1.78939478491423,TRUE
758723,2.98544825659142,TRUE
758725,2.72116190140518,TRUE
758770,1,TRUE
759126,1.58034691959014,TRUE
759131,2.44753786275319,TRUE
759192,3.542329687581,TRUE
759329,3.52360822237265,TRUE
759405,2.21170671641404,TRUE
759669,3.15388840766096,TRUE
759729,4.17628197495081,TRUE
759739,2.54004014376439,TRUE
759780,3.2926983028165,TRUE
760012,5,TRUE
760348,3.72099141556261,TRUE
760456,2.6776415128063,TRUE
760583,4.594153060683,TRUE
760697,4.07024532677616,TRUE
760743,3.30908506163771,TRUE
760823,3.14947509305652,TRUE
760845,3.49401920572104,TRUE
760906,3.48680180937147,TRUE
761018,4.57189989794211,TRUE
761053,1.62321708491638,TRUE
761108,3.73728290648275,TRUE
761135,3.67841344598945,TRUE
761156,2.75721526379902,TRUE
761349,3.68680501732563,TRUE
761372,3.25672984711959,TRUE
761493,1.91612547003086,TRUE
761599,4.29693638710669,TRUE
761788,3.63691395575794,TRUE
761856,3.57762378120762,TRUE
761955,4.07207299455953,TRUE
762005,3.78066214252865,TRUE
762031,4.13609041461001,TRUE
762069,3.02698757172282,TRUE
762074,4.33572173766862,TRUE
762097,4.50128417982087,TRUE
762148,3.31737639799394,TRUE
762275,4.83377191133566,TRUE
762387,3.39035104277657,TRUE
762431,4.15446352618278,TRUE
762516,3.46151966486649,TRUE
762737,4.25440885465209,TRUE
762810,3.2834577384267,TRUE
762909,4.76901606575524,TRUE
763227,4.38159514756609,TRUE
763316,2.52667623987609,TRUE
763682,1.42775714677828,TRUE
763728,3.45325774176403,TRUE
763837,3.76386693172735,TRUE
763937,2.34926094543061,TRUE
764159,3.44739930719884,TRUE
764171,1.4905923440968,TRUE
764179,3.81775880193125,TRUE
764201,2.9926185455649,TRUE
764314,2.22799209511639,TRUE
764365,2.63609567066722,TRUE
764370,2.44863486326508,TRUE
764559,1.05648783162364,TRUE
764630,3.23680600997852,TRUE
764662,2.47524001319531,TRUE
764702,2.80322166371508,TRUE
764883,2.48926000833676,TRUE
764889,3.16964818307062,TRUE
764943,3.80340704361606,TRUE
764946,3.12199740807087,TRUE
764990,3.41458604335699,TRUE
765111,3.06715698010999,TRUE
765137,3.79801459620681,TRUE
765301,3.07124819483403,TRUE
765344,4.10298439964841,TRUE
765366,2.81422092912629,TRUE
765587,2.1870184416302,TRUE
765761,1.65511069608027,TRUE
765918,3.36713969984646,TRUE
765956,3.28079308782507,TRUE
766073,3.90263031298983,TRUE
766157,4.3640359036621,TRUE
766198,3.12717564875167,TRUE
766294,4.02394759263949,TRUE
766334,3.8652933324552,TRUE
766390,3.50504695204878,TRUE
766399,3.9147013543265,TRUE
766500,3.73279738682474,TRUE
766528,2.59227234066576,TRUE
766588,1.31193274532338,TRUE
766606,3.976438338789,TRUE
767019,2.1160447733573,TRUE
767243,3.74991792576263,TRUE
767404,4.2202947789663,TRUE
767565,4.27470678106514,TRUE
767770,2.09948819863588,TRUE
767975,2.08855850970099,TRUE
768071,3.95323682084436,TRUE
768145,3.85873141015885,TRUE
768262,3.06830940631762,TRUE
768360,4.51219352099085,TRUE
768414,3.35215075950832,TRUE
768430,3.994860466826,TRUE
768438,2.97237901696809,TRUE
768477,4.76822335901829,TRUE
768549,3.55648139266645,TRUE
768732,1.88387656440553,TRUE
768880,3.84307003916647,TRUE
769018,2.89422325901791,TRUE
769072,4.58801369628638,TRUE
769130,3.43558589102927,TRUE
769206,3.82690363429637,TRUE
769218,2.44562428580981,TRUE
769287,3.09707525487194,TRUE
769379,3.82991523883064,TRUE
769447,4.62717618676784,TRUE
769553,4.13214296162942,TRUE
769565,3.94045160022401,TRUE
769591,3.45771073215076,TRUE
769989,3.57637290048167,TRUE
769998,4.45335750817729,TRUE
770022,3.78022989052253,TRUE
770034,5,TRUE
770046,4.9997722337253,TRUE
770139,4.14418928109251,TRUE
770260,4.4438919525447,TRUE
770310,4.00619194094285,TRUE
770323,3.8866485540231,TRUE
770325,1.99431463530257,TRUE
770365,2.80935413067874,TRUE
770482,3.35951075092816,TRUE
770737,2.10002009478165,TRUE
771068,3.59756535496958,TRUE
771281,3.15946482574334,TRUE
771427,2.48847921075225,TRUE
771754,3.65955230062296,TRUE
771855,3.38473853138079,TRUE
772316,3.50024133745513,TRUE
772459,3.45408699536966,TRUE
772491,2.40880435322072,TRUE
772533,3.52225109302193,TRUE
772702,4.08438698739492,TRUE
772758,4.34172169039237,TRUE
772827,2.7310042045747,TRUE
772856,4.23374528166123,TRUE
772863,3.48364234219984,TRUE
773014,3.01073386353669,TRUE
773057,3.29008043335998,TRUE
773069,4.00953568189583,TRUE
773148,4.05614227251518,TRUE
773155,3.10265481286246,TRUE
773185,4.06882131195306,TRUE
773412,3.74460685381306,TRUE
773448,3.27447614577141,TRUE
773532,3.57784382506336,TRUE
773570,2.68607881686074,TRUE
773646,3.05441909332623,TRUE
774057,3.40163095902008,TRUE
774396,3.20124218891092,TRUE
774499,4.16379969293127,TRUE
774504,3.98945179557496,TRUE
774690,4.10393763909807,TRUE
775048,3.78910169901136,TRUE
775118,3.78887034580998,TRUE
775201,3.34488328349952,TRUE
775453,3.96570125784563,TRUE
775614,3.9359962966239,TRUE
775755,3.80331666604267,TRUE
775959,3.78184273086795,TRUE
776181,3.65302750081102,TRUE
776193,4.18585681092306,TRUE
776211,3.22327286729899,TRUE
776479,4.41083980107556,TRUE
776746,2.8179345381761,TRUE
776816,4.60781076404197,TRUE
776888,3.03327321877414,TRUE
776901,3.07397540051269,TRUE
777088,3.26897370192254,TRUE
777156,2.7807672392135,TRUE
777258,3.84728673010251,TRUE
777269,3.30030649700011,TRUE
777381,3.79492451912885,TRUE
777472,4.15765713450901,TRUE
777640,3.39421939870955,TRUE
777727,3.82533323135544,TRUE
777754,2.83696501690092,TRUE
778182,2.21688302922457,TRUE
778247,3.11352797005034,TRUE
778522,4.5085239223718,TRUE
778590,2.03223428970437,TRUE
778697,1,TRUE
778725,4.89706762975004,TRUE
778737,3.99792957159429,TRUE
778756,3.00390796348337,TRUE
778823,2.81915239400125,TRUE
778904,3.21461731488906,TRUE
779201,4.83250886078486,TRUE
779273,3.6083192479062,TRUE
779421,3.32253917484078,TRUE
779425,3.45008315155918,TRUE
779539,3.60909047891413,TRUE
779598,3.93591259474013,TRUE
779631,4.80377029095644,TRUE
779763,3.44747364209364,TRUE
779886,2.06924549633143,TRUE
780432,4.57044015821448,TRUE
780504,2.49108088916894,TRUE
780508,4.62886752297011,TRUE
780583,2.69792006437554,TRUE
780660,5,TRUE
780682,3.75881775220456,TRUE
780852,2.47682651983864,TRUE
780865,2.48318568049423,TRUE
781122,3.57763773813467,TRUE
781153,2.98273310217618,TRUE
781174,3.12940242402149,TRUE
781184,2.98714381713823,TRUE
781319,3.37281819325222,TRUE
781553,3.32360930447241,TRUE
781672,4.07262392976697,TRUE
781691,3.80945367923582,TRUE
781857,2.51673808032353,TRUE
781861,3.95493441420733,TRUE
781955,3.05627903530288,TRUE
781977,4.23951509754052,TRUE
782019,3.1765574284184,TRUE
782383,4.37642085077378,TRUE
782568,3.77545764413897,TRUE
782696,3.46835813802193,TRUE
782734,3.85790452781864,TRUE
782768,2.36577768474667,TRUE
782905,4.44970195287969,TRUE
782954,2.36852847060782,TRUE
782995,2.8864735623223,TRUE
783075,3.72099766792688,TRUE
783513,3.91239212160232,TRUE
783545,3.79105948235128,TRUE
783569,4.32199153810899,TRUE
783668,4.00243537684348,TRUE
783728,4.12682021853027,TRUE
783769,3.42484271500699,TRUE
783803,4.57083656697745,TRUE
783853,3.40474574362342,TRUE
783876,4.02683324555712,TRUE
783987,2.93090502695532,TRUE
784111,2.14050279605639,TRUE
784223,3.82550647189773,TRUE
784290,3.45042933257463,TRUE
784293,3.56937053163553,TRUE
784348,3.46121504945504,TRUE
784423,2.59548270593877,TRUE
784597,3.45350799185211,TRUE
784886,3.34676653917502,TRUE
784903,3.65192966961902,TRUE
784989,4.74753547734333,TRUE
784999,4.09407226231074,TRUE
785032,4.56546531046098,TRUE
785073,4.87260782350074,TRUE
785107,3.90044359003215,TRUE
785258,1.81442959073782,TRUE
785363,4.67264809436563,TRUE
785473,2.59751553556678,TRUE
785510,3.3314821164398,TRUE
785540,2.70733458854764,TRUE
785683,3.14507829299301,TRUE
786016,3.21173738716199,TRUE
786056,2.96918262635937,TRUE
786119,4.22669585761977,TRUE
786189,3.48184580915945,TRUE
786213,3.81700425456003,TRUE
786255,1,TRUE
786295,3.38543293690641,TRUE
786297,4.8464976769656,TRUE
786386,1.95932858753231,TRUE
786531,2.3255058955522,TRUE
786657,2.77901382399039,TRUE
786697,4.54634828635123,TRUE
786724,3.7095365016383,TRUE
786821,4.53394350161497,TRUE
786992,3.33191039245862,TRUE
787007,2.45559805627028,TRUE
787116,3.38705035646574,TRUE
787263,4.12598150254699,TRUE
787386,3.58010922646231,TRUE
787393,2.8777006598856,TRUE
787399,3.00586762278717,TRUE
787417,3.64676956746464,TRUE
787481,4.08800578868669,TRUE
787674,2.63319545004819,TRUE
787724,2.37626379146125,TRUE
787769,3.49517722175751,TRUE
787803,3.27826527457245,TRUE
787870,3.71754481338924,TRUE
787886,4.07988013252749,TRUE
787913,3.80208262105548,TRUE
787941,3.16569700049045,TRUE
787942,3.67868967599964,TRUE
788274,3.94484534756983,TRUE
788351,3.83792586919283,TRUE
788549,5,TRUE
788649,4.3959176142026,TRUE
788663,4.85981738670935,TRUE
788815,4.17127520649093,TRUE
788868,4.38588629950003,TRUE
788914,3.15288385416238,TRUE
789078,3.46181776978622,TRUE
789136,3.26044995659415,TRUE
789300,3.1015264557132,TRUE
789919,3.7183544714425,TRUE
789941,3.225839719694,TRUE
790075,3.3904406857334,TRUE
790121,3.92128948574224,TRUE
790220,2.68673103976542,TRUE
790387,3.98034013165321,TRUE
790407,3.39917892695798,TRUE
790472,4.00449547147809,TRUE
790520,3.2214885925695,TRUE
790668,2.60556840364537,TRUE
790730,3.0624171043803,TRUE
791010,2.67888299480072,TRUE
791141,3.85272280596079,TRUE
791215,3.52048158000216,TRUE
791545,2.47449037830082,TRUE
791552,4.35122392409821,TRUE
791665,2.77612350874731,TRUE
791687,3.52991940096852,TRUE
791708,3.16037921087253,TRUE
791832,4.52091390016298,TRUE
791898,3.71059513677493,TRUE
792081,4.41730548281329,TRUE
792088,4.76023545717344,TRUE
792261,4.74213807780479,TRUE
792618,3.42164189044535,TRUE
792668,4.40858817406642,TRUE
792901,2.56485231460971,TRUE
792981,4.06983730933555,TRUE
793022,3.48007211881427,TRUE
793050,3.55327036145396,TRUE
793089,5,TRUE
793142,4.05920466569755,TRUE
793187,3.14354619023307,TRUE
793205,3.32315342555955,TRUE
793209,2.01731273412125,TRUE
793471,3.79066915481099,TRUE
793504,2.17880284823891,TRUE
793522,3.08465988187664,TRUE
793525,4.07406461902216,TRUE
793565,4.6130662271402,TRUE
793637,2.98666448331117,TRUE
793713,3.96658838731153,TRUE
793787,3.92010152072783,TRUE
793803,3.20287960461515,TRUE
793919,3.80266917495597,TRUE
793938,4.64832119855227,TRUE
794007,4.94259273078149,TRUE
794024,3.42696303646464,TRUE
794252,3.94483673637744,TRUE
794343,2.57664420200734,TRUE
794356,4.34552137880571,TRUE
794483,4.26715319226715,TRUE
794506,3.24305807801384,TRUE
794528,4.2823591835304,TRUE
794648,4.21222621121661,TRUE
794664,3.55273925264618,TRUE
794720,3.86439834983479,TRUE
794845,4.07152839452262,TRUE
794852,3.5471959073698,TRUE
794961,4.5906910221651,TRUE
794972,1.78669778880065,TRUE
795035,3.36308976850257,TRUE
795105,3.01318408697011,TRUE
795180,4.1171201933464,TRUE
795218,4.4633821816501,TRUE
795383,1,TRUE
795410,4.00973973935294,TRUE
795413,3.73327559269947,TRUE
795419,4.75142625782019,TRUE
795659,4.49827607183997,TRUE
795758,4.887012232818,TRUE
795769,3.86812478224195,TRUE
795951,3.67091374288338,TRUE
795968,3.62853530220579,TRUE
795982,3.8725513289096,TRUE
796108,2.66616028322075,TRUE
796268,4.12978085507969,TRUE
796375,3.31373439295677,TRUE
796390,3.87216299861795,TRUE
796482,5,TRUE
796689,4.96373716262013,TRUE
796755,5,TRUE
796831,4.15038201709386,TRUE
797042,3.87305611356849,TRUE
797086,4.24350787063042,TRUE
797253,4.09329531434688,TRUE
797425,3.49909831364064,TRUE
797729,4.45906290505022,TRUE
797808,4.88075965857167,TRUE
797896,4.05507407607446,TRUE
797996,4.13705620833484,TRUE
798036,3.98849515452936,TRUE
798058,4.43962505324999,TRUE
798180,4.33458832293715,TRUE
798186,3.64531470586761,TRUE
798293,3.79421944606713,TRUE
798360,4.8304136575571,TRUE
798376,4.41853634912377,TRUE
798377,4.53094926340984,TRUE
798381,3.28946631939679,TRUE
798434,3.81787112586223,TRUE
798565,3.31919541967343,TRUE
798595,3.64699935188325,TRUE
798851,3.6675292772833,TRUE
799152,2.3947754090857,TRUE
799187,4.01445854168033,TRUE
799276,3.76972781285096,TRUE
799472,3.7583620999151,TRUE
799500,3.57851865644149,TRUE
799583,3.77153732912286,TRUE
799692,2.4784448472512,TRUE
799714,3.75572102813483,TRUE
799805,3.66012182938839,TRUE
799896,4.62620018541547,TRUE
799902,4.19545912531763,TRUE
799999,4.49335721668542,TRUE
800017,4.83693220761092,TRUE
800362,3.37196336019062,TRUE
800442,2.94324496130888,TRUE
800551,2.9059040812846,TRUE
800725,3.45663975807512,TRUE
800728,3.33174134302971,TRUE
800908,4.24951850086988,TRUE
801017,3.49269840279134,TRUE
801075,5,TRUE
801121,4.10536859314581,TRUE
801182,4.9819932213441,TRUE
801186,5,TRUE
801189,4.69636204330151,TRUE
801282,4.06350399838031,TRUE
801570,4.6206422969019,TRUE
801645,3.95389838320491,TRUE
801656,3.80434738035857,TRUE
801880,2.10868783537847,TRUE
802018,3.90059812154325,TRUE
802164,3.81519939525692,TRUE
802258,3.80181537077954,TRUE
802619,3.18725041452299,TRUE
802621,3.08265472283337,TRUE
802686,2.69602088012666,TRUE
802702,3.64553403967845,TRUE
802790,2.6510551120297,TRUE
802797,3.61093916410842,TRUE
802994,2.5445577241131,TRUE
803150,2.93274350112565,TRUE
803239,4.35525970239026,TRUE
803331,3.74664111303046,TRUE
803797,2.9947433812807,TRUE
804115,4.82829617168194,TRUE
804207,3.57301412819537,TRUE
804311,4.11514593042293,TRUE
804343,4.18462382327547,TRUE
804357,3.9696922830021,TRUE
804443,4.66547241238941,TRUE
804459,4.19492520660266,TRUE
804565,3.05010727375709,TRUE
804833,3.64241385091171,TRUE
804839,4.29573512714154,TRUE
804887,4.26528601581124,TRUE
804962,3.28781038256656,TRUE
805021,4.29517812789803,TRUE
805058,3.68123690254259,TRUE
805118,3.24262078911999,TRUE
805415,3.52670209184054,TRUE
805530,4.66765640178894,TRUE
805550,3.35038325274205,TRUE
805561,1.81243876495103,TRUE
805634,1.441016947134,TRUE
805641,3.7634232715126,TRUE
805686,3.88929183852263,TRUE
805752,3.48341759368131,TRUE
805777,3.67283993280664,TRUE
805896,2.19226510990551,TRUE
805944,3.6959491611318,TRUE
806149,3.81973334634784,TRUE
806197,2.84662236583158,TRUE
806361,4.30970243732623,TRUE
806456,4.5766201922424,TRUE
806654,4.00145478425046,TRUE
806690,2.87145977578084,TRUE
807007,1.18255946267362,TRUE
807194,4.54178394761863,TRUE
807302,4.11063364261515,TRUE
807334,2.45189106097997,TRUE
807464,5,TRUE
807547,4.27478269449533,TRUE
807817,1.99174268829787,TRUE
808373,3.69054092545403,TRUE
808380,3.57233405654585,TRUE
808382,3.25029869605912,TRUE
808586,3.3222170292829,TRUE
808612,3.61389366066585,TRUE
808643,4.76691612233298,TRUE
808653,4.22764035336039,TRUE
808698,5,TRUE
808903,4.80478889032507,TRUE
808934,4.06818162367848,TRUE
808935,3.90506679408809,TRUE
809123,4.18713414568028,TRUE
809127,2.79706785992067,TRUE
809481,4.27175227434756,TRUE
809594,3.79831041364243,TRUE
809798,2.77791009887977,TRUE
809960,4.69458463540602,TRUE
810025,2.97586743107841,TRUE
810045,2.66564324580036,TRUE
810213,4.08045371575715,TRUE
810226,4.93335557773352,TRUE
810442,4.26078990249694,TRUE
810498,1,TRUE
810534,2.44663685543575,TRUE
810627,3.34222122534986,TRUE
810944,3.1270165107294,TRUE
811064,3.32276975495083,TRUE
811103,2.49915772925026,TRUE
811350,3.41187536637071,TRUE
811503,3.27993954502144,TRUE
811618,4.63578731819062,TRUE
811716,3.32767165329129,TRUE
811939,3.23653138776833,TRUE
812093,3.10385103296403,TRUE
812119,3.19203657651386,TRUE
812182,2.87877521961033,TRUE
812317,3.70129678018327,TRUE
812323,3.29658454131283,TRUE
812441,1.1005806628814,TRUE
812540,1.53137725393187,TRUE
812647,3.9809345759336,TRUE
812719,3.85263245625556,TRUE
812756,3.52172297315166,TRUE
812953,4.39455294416187,TRUE
813088,4.70978206108707,TRUE
813173,4.86882481686302,TRUE
813185,3.83518349609369,TRUE
813216,2.80865148598257,TRUE
813314,4.07130957512128,TRUE
813443,3.84125423091312,TRUE
813613,4.02497100689968,TRUE
813684,4.24481681638496,TRUE
813772,4.59959012259102,TRUE
813965,3.05394582458062,TRUE
814145,3.31553780231608,TRUE
814560,3.95483833733759,TRUE
814621,4.24625872783079,TRUE
814647,4.03155652975039,TRUE
814701,4.53994034352729,TRUE
814834,2.61419344210381,TRUE
815106,3.62047081927663,TRUE
815179,4.38983118260687,TRUE
815216,4.51896271058606,TRUE
815248,1.52501574579562,TRUE
815255,1,TRUE
815392,3.70017079919099,TRUE
815395,3.66211655498808,TRUE
815481,3.91109549684885,TRUE
815570,3.92367108962356,TRUE
815588,3.30923683060093,TRUE
815614,3.71541160655187,TRUE
815640,3.1950623224471,TRUE
815733,3.15376590351754,TRUE
815774,4.20099236492139,TRUE
816079,1.66939601083773,TRUE
816212,3.51803230128742,TRUE
816341,4.41184672872106,TRUE
816526,2.40118554913219,TRUE
816541,3.43736720695751,TRUE
816689,3.75200303231857,TRUE
816722,4.69315399571382,TRUE
816768,4.77361205819597,TRUE
816890,4.10541291529877,TRUE
816955,4.80628953805428,TRUE
817025,4.32833896710224,TRUE
817133,3.39719968666052,TRUE
817271,4.03008441864068,TRUE
817388,3.16329669679769,TRUE
817509,3.29064231403798,TRUE
817529,3.5901621765788,TRUE
817666,3.5124880822941,TRUE
817715,4.01118373805882,TRUE
817861,3.51680099698325,TRUE
817945,2.114719955041,TRUE
817951,3.85965790005342,TRUE
817961,3.89370856987937,TRUE
818140,4.14937897523925,TRUE
818217,2.10629602927907,TRUE
818223,2.36370416885046,TRUE
818387,3.36665727338714,TRUE
818425,3.51964986696662,TRUE
818483,4.10759133447659,TRUE
818538,2.91954153912522,TRUE
818634,3.11497069636532,TRUE
818729,3.98137102189623,TRUE
818778,3.39600479349786,TRUE
818832,2.90623976890496,TRUE
818949,4.26286895699528,TRUE
819058,3.12921388775495,TRUE
819314,4.32915805493098,TRUE
819372,2.82061006869823,TRUE
819402,3.91682981821972,TRUE
819422,4.03917070595361,TRUE
819435,3.11443665223707,TRUE
819446,3.09554315066442,TRUE
819493,4.34224717004884,TRUE
819675,3.49157928424992,TRUE
819721,2.92807451413653,TRUE
819826,3.80188618522384,TRUE
819854,2.97206427213397,TRUE
820013,5,TRUE
820025,4.24707040028803,TRUE
820078,4.22347148399739,TRUE
820211,4.63201611451117,TRUE
820301,4.23528631330574,TRUE
820529,3.24185352141799,TRUE
820575,2.9624525332121,TRUE
820887,3.57262284660902,TRUE
821116,4.7242521335389,TRUE
821176,3.6296634295275,TRUE
821246,4.35740540236375,TRUE
821402,3.92612629155189,TRUE
821516,4.92367233445949,TRUE
821517,4.54913778206326,TRUE
821714,2.08412493019707,TRUE
821730,5,TRUE
821760,3.63668376190902,TRUE
821817,3.8381511881563,TRUE
821905,3.90290010334374,TRUE
822017,3.98800551483152,TRUE
822056,2.73103215542143,TRUE
822132,5,TRUE
822156,3.96172506540284,TRUE
822207,3.83598378445557,TRUE
822271,3.59126270960024,TRUE
822296,3.5417646890184,TRUE
822303,4.24730999315936,TRUE
822437,3.72898154018577,TRUE
822441,4.14786087465274,TRUE
822463,3.40012508569232,TRUE
822674,2.92021414745119,TRUE
822677,3.23762340405166,TRUE
822699,3.02577477347346,TRUE
822727,3.15765216635464,TRUE
822796,2.91224066683032,TRUE
822951,3.19120963954231,TRUE
823074,3.5175758874125,TRUE
823107,3.62524401847285,TRUE
823111,3.84169429550342,TRUE
823174,4.44427681364493,TRUE
823204,4.66186161343282,TRUE
823205,4.49529003932906,TRUE
823238,3.81662779140198,TRUE
823329,3.28087680860667,TRUE
823481,3.82443919411163,TRUE
823814,3.46038518729566,TRUE
823843,4.28204763976897,TRUE
824032,3.24901482322214,TRUE
824095,2.2115432284951,TRUE
824499,2.45045280372134,TRUE
824575,4.32552083928816,TRUE
824604,3.72644452779568,TRUE
824704,3.57791352534338,TRUE
824823,2.78740795465484,TRUE
824854,3.8987411371597,TRUE
824915,1.46358601489519,TRUE
824976,2.99775714519137,TRUE
825034,3.52945366943563,TRUE
825192,3.64241457765193,TRUE
825247,3.8924345171373,TRUE
825415,3.10151322884146,TRUE
825602,2.50930689188986,TRUE
825752,3.13980734931029,TRUE
826068,4.35770158122329,TRUE
826192,2.99443685546587,TRUE
826511,3.61993324540958,TRUE
826532,3.99394692017162,TRUE
826619,1.65136073052742,TRUE
826628,4.41508473538494,TRUE
826694,1.93896225609715,TRUE
826727,4.02371999207181,TRUE
826985,1.32355516308021,TRUE
827035,3.50949952426265,TRUE
827103,4.07764688435698,TRUE
827194,4.53475342702763,TRUE
827215,4.21886186367367,TRUE
827312,4.50661973454773,TRUE
827544,3.605330937856,TRUE
827561,3.96743165908677,TRUE
827568,3.4653505763512,TRUE
827705,2.64866645336558,TRUE
827855,4.58035598880615,TRUE
827905,2.75499243666302,TRUE
827933,4.87553704255944,TRUE
828136,3.46308616823706,TRUE
828176,3.72541099844017,TRUE
828179,3.47473022495348,TRUE
828180,3.95329694965806,TRUE
828602,1.67046104906192,TRUE
828665,3.06802341102115,TRUE
828983,3.70747692469794,TRUE
829003,3.44577972495045,TRUE
829109,4.10369651509708,TRUE
829238,3.49609428848382,TRUE
829278,4.3619271207994,TRUE
829316,4.24367767428413,TRUE
829461,3.56619948928093,TRUE
829653,4.56317964139877,TRUE
829682,4.12230700711241,TRUE
829725,4.5522863190961,TRUE
829909,4.82259649045614,TRUE
829913,4.81162627292894,TRUE
829951,4.24902497891138,TRUE
830166,3.46468901213982,TRUE
830245,3.58898058791118,TRUE
830307,4.46341765989429,TRUE
830330,3.59536917597617,TRUE
830387,4.18469455074281,TRUE
830585,4.98430775653891,TRUE
830690,3.22978794918804,TRUE
830696,4.11835131835891,TRUE
830699,4.48623335571498,TRUE
830739,2.46622163390612,TRUE
830931,2.77010979093251,TRUE
831084,2.82338858306775,TRUE
831137,3.42468492895849,TRUE
831283,3.67302151767372,TRUE
831285,4.46393418883878,TRUE
831411,4.16413737486722,TRUE
831452,4.49815532963586,TRUE
831470,5,TRUE
831600,5,TRUE
831693,4.60326116898335,TRUE
831698,4.11185077657665,TRUE
831779,3.23261773745977,TRUE
832041,3.76652019413796,TRUE
832349,4.35253090288986,TRUE
832402,4.18163402871336,TRUE
832934,4.7548268788122,TRUE
833020,4.74676085770776,TRUE
833145,4.11745388108703,TRUE
833281,2.87238771253452,TRUE
833347,3.50629681294824,TRUE
833547,4.24927174415725,TRUE
833630,3.80825248829631,TRUE
833761,4.01477980070255,TRUE
833862,3.91195528432687,TRUE
833907,3.55025985210887,TRUE
834064,4.70994766632823,TRUE
834127,3.29387325729956,TRUE
834195,2.6946787306846,TRUE
834341,4.2228140816928,TRUE
834357,3.67600292805233,TRUE
834503,3.88683855385432,TRUE
834558,2.96531104288999,TRUE
834869,4.22791545660459,TRUE
835043,4.23933508279317,TRUE
835046,4.53654080898218,TRUE
835050,4.36815998586265,TRUE
835091,3.88414464452194,TRUE
835152,4.19699091223309,TRUE
835172,3.88851228049393,TRUE
835195,2.46120501627497,TRUE
835502,3.72886843934602,TRUE
835812,4.77353430329769,TRUE
835840,4.15836883318017,TRUE
835953,1,TRUE
835968,1.66604723780534,TRUE
836012,2.99117340384381,TRUE
836143,2.73390057304524,TRUE
836354,2.06279737357323,TRUE
836402,2.83916730469569,TRUE
836563,3.42753546671847,TRUE
836711,2.53077960298553,TRUE
836864,3.79731704529319,TRUE
836913,3.90691834867394,TRUE
837082,3.634836228379,TRUE
837174,4.78502280466513,TRUE
837393,3.14646591137145,TRUE
837597,3.22556423381576,TRUE
837702,4.19778107947922,TRUE
837765,4.17249194035325,TRUE
837789,3.03274406591287,TRUE
837846,3.78537001888877,TRUE
837997,1.99934244514453,TRUE
838026,1.94706116751536,TRUE
838195,2.10569481319082,TRUE
838328,3.75023996594261,TRUE
838514,4.40815041133145,TRUE
838617,3.78313033035452,TRUE
838659,3.00037052039357,TRUE
838703,3.03566134490367,TRUE
838994,4.72083786284357,TRUE
839088,3.06344671342123,TRUE
839203,3.00900004781354,TRUE
839252,1.63306378837001,TRUE
839267,2.96582003227669,TRUE
839312,3.293838788432,TRUE
839436,3.89005040978864,TRUE
839928,3.8802116643515,TRUE
840131,3.54498084416118,TRUE
840156,3.79171596597281,TRUE
840171,2.12048304256068,TRUE
840227,4.10221981274327,TRUE
840277,2.6134247782611,TRUE
840342,4.70664826654614,TRUE
840404,4.45178521299208,TRUE
840708,3.07476087726085,TRUE
840914,2.68385215944644,TRUE
841008,3.89483073016381,TRUE
841136,3.91900342219852,TRUE
841203,3.84367003709397,TRUE
841394,3.05131247198085,TRUE
841397,2.83232560696867,TRUE
842049,3.10195700165093,TRUE
842322,3.74908411172882,TRUE
842354,4.35176419201788,TRUE
842543,4.6402999651768,TRUE
842573,4.81325300958108,TRUE
842642,4.1264942916813,TRUE
842653,5,TRUE
842671,3.32329710493172,TRUE
842681,4.05791354141319,TRUE
842712,4.55880235233895,TRUE
842713,4.21271351357602,TRUE
842723,3.08663875914282,TRUE
842909,4.14954031620279,TRUE
842966,4.04681958294277,TRUE
843028,4.46864156084459,TRUE
843087,3.37236337015073,TRUE
843148,4.88594612663061,TRUE
843210,2.1382331394199,TRUE
843219,3.79568266500795,TRUE
843316,4.16770283707061,TRUE
843370,4.49204009493167,TRUE
843443,4.31446641062585,TRUE
843462,2.72437532950069,TRUE
843543,3.37814601384467,TRUE
843652,1.99347524284608,TRUE
843762,3.95759065635445,TRUE
843830,2.25327427077081,TRUE
844103,4.07114472198355,TRUE
844130,4.45770109103562,TRUE
844201,3.39919406825227,TRUE
844354,3.88040861311207,TRUE
844388,3.63979233763628,TRUE
844467,2.61023681567483,TRUE
844841,3.59943854109865,TRUE
844882,4.1132672551324,TRUE
844911,3.72010483925101,TRUE
844926,3.14873270010093,TRUE
845099,3.52046047349875,TRUE
845153,3.89015931290688,TRUE
845182,4.5679440941495,TRUE
845330,2.90398949311965,TRUE
845336,4.31971693653786,TRUE
845373,2.05132560874925,TRUE
845386,3.85212383645155,TRUE
845427,4.15803873679414,TRUE
845497,3.70720622540518,TRUE
845578,3.21496950539338,TRUE
845629,3.25075071958035,TRUE
845658,4.03697334619787,TRUE
845765,3.55194391540149,TRUE
845795,3.90978045367383,TRUE
845907,2.45452780073964,TRUE
845968,4.24810486910792,TRUE
845984,3.08270860164813,TRUE
846140,2.47421060347203,TRUE
846375,4.29144537314571,TRUE
846622,3.66110789953497,TRUE
846778,3.59751290773456,TRUE
846815,4.43656922348524,TRUE
846885,4.34293940879609,TRUE
846967,3.8036626780974,TRUE
847217,4.21136138616165,TRUE
847328,4.6368681838267,TRUE
847341,4.21418846642649,TRUE
847757,4.57815312545161,TRUE
847829,4.40960056192443,TRUE
847960,3.78440731222698,TRUE
848122,4.46919396900179,TRUE
848155,3.18831803580281,TRUE
848185,3.27574885008277,TRUE
848335,3.2554923093389,TRUE
848389,2.42876364839492,TRUE
848551,4.51036458878091,TRUE
848601,4.12431124857626,TRUE
848773,2.04900738341828,TRUE
848801,2.94756575384508,TRUE
848802,4.60812298659777,TRUE
848871,4.33839779036226,TRUE
848883,4.87101953499341,TRUE
848895,3.63479860420951,TRUE
848969,3.27348034481073,TRUE
849022,3.91852141909689,TRUE
849120,4.7053256808096,TRUE
849139,4.29413186329342,TRUE
849183,3.94451579267013,TRUE
849227,3.72363941653762,TRUE
849279,4.69594470751322,TRUE
849288,4.56885816315511,TRUE
849455,4.66698382913686,TRUE
849671,4.63137479493964,TRUE
850003,4.80273533705451,TRUE
850024,4.03696679876891,TRUE
850060,4.10976031301211,TRUE
850130,2.1480555116178,TRUE
850318,2.02680660710584,TRUE
850327,2.45587515705007,TRUE
850433,3.5311780101562,TRUE
850729,2.77569743667067,TRUE
850756,2.57879395952986,TRUE
850779,2.27885976702385,TRUE
850817,3.71744829669691,TRUE
851060,3.92927146069739,TRUE
851279,3.56510064822948,TRUE
851392,3.83476182729781,TRUE
851452,3.40061654219317,TRUE
851531,3.03492309568203,TRUE
851751,2.99925816319751,TRUE
851770,4.20964643759114,TRUE
851824,3.56952371976032,TRUE
851941,3.52251441568987,TRUE
852104,3.41583203209128,TRUE
852195,3.67716102462156,TRUE
852243,2.88524139389393,TRUE
852261,2.6437949672184,TRUE
852265,4.01007192417271,TRUE
852403,3.92332966808447,TRUE
852412,3.2137293276237,TRUE
852453,2.75519334107412,TRUE
852636,3.34283735765769,TRUE
852777,3.57772757240865,TRUE
852857,2.27200765207542,TRUE
853062,4.91944035735047,TRUE
853158,1.75635011545336,TRUE
853167,3.39830012543043,TRUE
853193,3.78108536024599,TRUE
853302,3.1427474548699,TRUE
853329,2.71966059391681,TRUE
853487,3.82803723510011,TRUE
853626,3.53553706164733,TRUE
853630,3.39435826833722,TRUE
853644,4.46201731775715,TRUE
853674,3.63480417706371,TRUE
853681,4.06284790770857,TRUE
853776,5,TRUE
853911,4.30483422404282,TRUE
853977,3.51825918776861,TRUE
854118,2.91774340310705,TRUE
854132,3.12616319693109,TRUE
854191,3.4433260900737,TRUE
854230,3.96502376087763,TRUE
854277,3.74998486043481,TRUE
854610,4.53408305941928,TRUE
854613,3.2265820798037,TRUE
854926,2.92798474115266,TRUE
855334,4.17889906242475,TRUE
855339,3.3208375546116,TRUE
855359,3.44444375269089,TRUE
855465,3.51267301001306,TRUE
855534,4.93998836444611,TRUE
855542,4.69989145047237,TRUE
855626,1.76158075533845,TRUE
855665,3.07411480131467,TRUE
855707,2.83326648002716,TRUE
855724,2.59474109295383,TRUE
855735,1,TRUE
855817,1.5693326240856,TRUE
856351,3.33971277303368,TRUE
856431,3.78179225200886,TRUE
856476,3.27921635793481,TRUE
856497,4.20081845936593,TRUE
856530,4.80828054692569,TRUE
856570,3.29049684094172,TRUE
856649,3.56192605787407,TRUE
857158,3.57128445767654,TRUE
857294,3.85154654846801,TRUE
857308,3.44031684525246,TRUE
857413,2.63729559752225,TRUE
857497,4.23537343009656,TRUE
857499,3.27647128554617,TRUE
857616,3.32242131517065,TRUE
857634,2.39525032175597,TRUE
857701,3.2287422762136,TRUE
857709,4.22703457282595,TRUE
857715,2.02790733803641,TRUE
857729,2.39851843018997,TRUE
857885,4.66072034569714,TRUE
857916,5,TRUE
857939,4.52669403194646,TRUE
857941,4.58408073854292,TRUE
858274,2.00236190463268,TRUE
858347,3.91432890418482,TRUE
858534,1,TRUE
858561,4.04973223681455,TRUE
858672,3.14147062473938,TRUE
858868,3.91145060036864,TRUE
858931,3.65594155898612,TRUE
858940,4.36150375416045,TRUE
858981,3.81830290338463,TRUE
859384,2.30764987705566,TRUE
859908,3.69164383409773,TRUE
859989,3.30554778394168,TRUE
860098,4.02351794495338,TRUE
860175,4.07797099719134,TRUE
860185,3.58948505102588,TRUE
860234,3.95096230145195,TRUE
860447,3.56531891069893,TRUE
860473,2.72848570737596,TRUE
860655,3.11318999730665,TRUE
860747,3.94726912755617,TRUE
860912,3.47840357864473,TRUE
860999,3.40873422989565,TRUE
861123,3.15368614508834,TRUE
861146,4.77281228951034,TRUE
861225,2.69336377005598,TRUE
861280,3.96819401237627,TRUE
861305,3.85722008324973,TRUE
861388,3.7664705511029,TRUE
861530,3.91335771064107,TRUE
861911,4.62069759793163,TRUE
861916,2.58344781738106,TRUE
862260,3.81289813355407,TRUE
862265,4.49986167877573,TRUE
862585,4.48114660143221,TRUE
862728,3.98250372551494,TRUE
862756,4.33383566556506,TRUE
862814,2.94467539058464,TRUE
862818,1.26453067992853,TRUE
862968,4.78967495575473,TRUE
863053,1.9418779815669,TRUE
863153,4.14753981529608,TRUE
863218,3.1068837389779,TRUE
863288,2.65797861222717,TRUE
863325,3.51577174925706,TRUE
863418,3.69059811122458,TRUE
863432,3.40188783369441,TRUE
863438,3.33895349536324,TRUE
863448,3.11395840103034,TRUE
863456,2.10070198446814,TRUE
863707,4.66804642994206,TRUE
863882,2.78425093977835,TRUE
863889,3.50022534847678,TRUE
863972,4.12225276614056,TRUE
864057,3.27047079583751,TRUE
864344,3.81059827202294,TRUE
864464,3.74693844388808,TRUE
864470,3.39015201413745,TRUE
864585,3.85274543056852,TRUE
864603,3.06346739662431,TRUE
864660,5,TRUE
864683,2.52461332555374,TRUE
864759,3.66295113126348,TRUE
864768,3.34419230474567,TRUE
864825,3.28108216191538,TRUE
864936,3.92178166728347,TRUE
864949,4.38399385714944,TRUE
865034,3.69294405016248,TRUE
865065,3.07717077481704,TRUE
865202,4.01820229192464,TRUE
865256,3.86080152313439,TRUE
865443,4.48868916064191,TRUE
865459,3.94554887791196,TRUE
865671,2.90927676013205,TRUE
865788,3.19937658868857,TRUE
865874,2.99036455966972,TRUE
865897,2.34251388341397,TRUE
865899,3.05052528790201,TRUE
866061,3.86654894089471,TRUE
866064,3.12361805331284,TRUE
866343,1.60271551248588,TRUE
866454,3.60430104595949,TRUE
866468,4.35685622689958,TRUE
866492,3.4963597777859,TRUE
866508,3.55759810521288,TRUE
866775,3.67986482347599,TRUE
866975,4.44898435889022,TRUE
866983,4.19248878094297,TRUE
867065,3.97115607543226,TRUE
867068,3.40767281098552,TRUE
867440,4.38169129810857,TRUE
867495,4.03116339575939,TRUE
867703,2.69332665849548,TRUE
867818,4.17527476908195,TRUE
868001,2.97092718390629,TRUE
868028,4.10398223684604,TRUE
868046,3.73712703847436,TRUE
868096,4.30287629114134,TRUE
868444,4.40880890302406,TRUE
868570,3.8232575452197,TRUE
868779,2.77397134982321,TRUE
869005,4.2487128274133,TRUE
869165,3.67340883250511,TRUE
869209,3.08640581515141,TRUE
869270,4.52803402264618,TRUE
869300,2.89198416747798,TRUE
869409,4.45890342422882,TRUE
869675,4.03149525749384,TRUE
869719,2.41717095517883,TRUE
869795,3.3195104907306,TRUE
869797,5,TRUE
869932,3.48634983726244,TRUE
869943,2.52081786924646,TRUE
870013,2.98613532377004,TRUE
870042,4.45474878989644,TRUE
870255,4.1995133836516,TRUE
870400,3.57153699372954,TRUE
870435,3.47781019516504,TRUE
870476,4.16681849041476,TRUE
870680,3.2771061810605,TRUE
871202,2.09146428394357,TRUE
871254,3.59574538249965,TRUE
871374,4.30066590392306,TRUE
871516,2.75216102247168,TRUE
871594,4.0207344446896,TRUE
871891,3.93102809243953,TRUE
871919,3.57822774140273,TRUE
871945,2.18013141602809,TRUE
872137,2.67874386503619,TRUE
872270,2.58091165792339,TRUE
872369,1.66004581077822,TRUE
872484,3.27017212444581,TRUE
872504,3.54830452057082,TRUE
872764,4.52676587589174,TRUE
872848,2.98094403466091,TRUE
872876,4.7813360627219,TRUE
872915,3.05585737178791,TRUE
872926,3.56125115040395,TRUE
873001,4.04605690609149,TRUE
873578,3.14207438719072,TRUE
873829,2.68054466393876,TRUE
873898,3.95227731847909,TRUE
873944,3.28171673598495,TRUE
874042,3.44875175893283,TRUE
874047,3.31567727354817,TRUE
874051,3.75059055113466,TRUE
874102,3.81900888822302,TRUE
874280,3.76956727444786,TRUE
874724,3.8435459241361,TRUE
874744,3.12504318207941,TRUE
874759,3.23125772863243,TRUE
874922,2.68144167201341,TRUE
874955,2.27873190034396,TRUE
874967,2.63556527666991,TRUE
875028,4.37423003230214,TRUE
875151,4.1136397734899,TRUE
875536,4.52685183843701,TRUE
875679,3.37109944256804,TRUE
875706,4.38586494057612,TRUE
875859,3.50146659415233,TRUE
876025,3.9933768485535,TRUE
876040,3.19570663673942,TRUE
876047,4.24934140244456,TRUE
876092,4.31919092390616,TRUE
876177,1.379833098738,TRUE
876187,2.52189655681303,TRUE
876267,3.67151199430021,TRUE
876419,3.88240082027545,TRUE
876970,4.96417958141992,TRUE
877123,3.85788805518241,TRUE
877149,4.50536531445784,TRUE
877176,4.23254487197937,TRUE
877352,4.1153221309065,TRUE
877508,4.18784343704727,TRUE
877644,3.24710950278589,TRUE
877745,4.63829917231453,TRUE
878001,2.67174954684925,TRUE
878209,2.64167212382489,TRUE
878226,2.91642794773262,TRUE
878494,3.93442291384066,TRUE
878563,1.69960044669284,TRUE
878725,3.46841890097419,TRUE
878771,3.76488018988274,TRUE
878774,3.25015408135679,TRUE
878784,1,TRUE
879078,3.5290349006953,TRUE
879305,3.37722575840741,TRUE
879391,3.90388111939415,TRUE
879708,1,TRUE
879758,4.84026882992364,TRUE
879762,4.72993267408313,TRUE
880076,4.04791726821953,TRUE
880214,3.76048326149638,TRUE
880261,5,TRUE
880417,3.14881468114051,TRUE
880736,3.35000600742196,TRUE
881195,4.61878371515906,TRUE
881229,4.31790887440561,TRUE
881245,4.04846613846767,TRUE
881402,4.88178862224186,TRUE
881463,3.47373749645747,TRUE
881648,1.8346156649107,TRUE
881660,2.16393995664552,TRUE
881667,2.41756057265047,TRUE
881669,2.04273314096812,TRUE
881714,2.27491505460813,TRUE
881931,3.17091012907725,TRUE
881962,4.20577133232227,TRUE
882055,4.09784445052195,TRUE
882058,3.08251143553565,TRUE
882079,3.79320301970292,TRUE
882160,4.23742251362201,TRUE
882192,4.64512523484323,TRUE
882344,3.93339371961481,TRUE
882477,3.95437821624101,TRUE
882584,4.27029014649047,TRUE
882837,3.75438465013086,TRUE
882881,3.22757187531849,TRUE
883028,4.09542805260039,TRUE
883037,4.26532419313545,TRUE
883047,3.82061615752359,TRUE
883248,3.22883997656121,TRUE
883302,3.6862949630129,TRUE
883374,3.91927234873362,TRUE
883414,3.55616087143552,TRUE
883472,3.84634317748466,TRUE
883593,2.22164973839664,TRUE
883636,4.85915417291983,TRUE
883651,4.07976838516016,TRUE
883693,3.67238403622725,TRUE
883898,3.32935337880068,TRUE
883920,4.15968514386558,TRUE
884041,4.03255208402635,TRUE
884067,4.26300180587216,TRUE
884159,3.40446165274933,TRUE
884184,4.67712178474098,TRUE
884263,3.06917934175769,TRUE
884518,4.03036359345743,TRUE
884582,3.11054621917432,TRUE
884621,3.53799332628042,TRUE
884663,2.28276711638123,TRUE
884665,4.25121033301266,TRUE
884677,4.55665831564529,TRUE
884761,3.17154423584447,TRUE
884782,3.75276698089641,TRUE
885278,2.58852708032261,TRUE
885372,2.89082822932794,TRUE
885608,2.94117529552243,TRUE
885824,3.69142870453642,TRUE
885987,3.00401053338936,TRUE
886015,3.72084258220376,TRUE
886091,4.17275059954227,TRUE
886104,4.05715679740731,TRUE
886196,2.72392094596966,TRUE
886332,4.65843606799921,TRUE
886595,3.37029766088467,TRUE
886642,1.78855383076875,TRUE
886837,3.80760366350816,TRUE
886868,2.7610739228949,TRUE
887042,4.21440682953877,TRUE
887206,3.6267954687223,TRUE
887453,2.6345231527006,TRUE
887807,3.73031418004117,TRUE
887919,3.6970702084775,TRUE
887967,2.99573944335923,TRUE
888181,4.05938697209196,TRUE
888543,1,TRUE
888629,4.02682198263881,TRUE
888761,1.14491426446739,TRUE
888846,2.90939773741094,TRUE
888971,3.23904643471364,TRUE
888983,4.09623563497242,TRUE
889105,1.83927561943551,TRUE
889274,2.87530358729756,TRUE
889364,1,TRUE
889433,2.57030173901224,TRUE
889693,3.37671102147347,TRUE
889694,3.75946446994935,TRUE
889745,3.38457962580213,TRUE
889811,4.25246618659472,TRUE
890075,3.92508080816441,TRUE
890130,4.54850197734561,TRUE
890241,5,TRUE
890249,3.51082237760796,TRUE
890467,3.71771797726397,TRUE
890469,3.33907040896475,TRUE
890619,3.28421955222557,TRUE
890624,3.47464946359477,TRUE
890677,3.66386204645794,TRUE
890688,3.65338284937147,TRUE
890694,3.87174992023793,TRUE
890861,5,TRUE
891151,4.10959493753169,TRUE
891285,3.11245753424503,TRUE
891487,3.60891093116811,TRUE
891629,3.27554072775504,TRUE
891658,3.55424993617482,TRUE
891680,3.29386285196901,TRUE
891950,4.12250369339009,TRUE
892191,2.38820329507736,TRUE
892227,4.19197122521027,TRUE
892411,4.0098572073692,TRUE
892441,2.29448807307294,TRUE
892478,4.40496800581383,TRUE
892580,3.25127636828767,TRUE
892662,2.35803042857298,TRUE
892688,4.24670220227643,TRUE
892802,2.28147014361613,TRUE
892839,3.88092114380632,TRUE
892996,3.71806859884049,TRUE
893056,3.76791570016621,TRUE
893099,3.36044735509551,TRUE
893108,3.51017567016511,TRUE
893241,3.39095081582505,TRUE
893349,2.38050090459055,TRUE
893360,4.44654915546924,TRUE
893417,3.82365670832353,TRUE
893418,4.10713162801261,TRUE
893424,3.86059528656346,TRUE
893509,2.53532226376248,TRUE
893512,3.53558938423599,TRUE
893681,1.45070298094974,TRUE
893803,4.23557126586726,TRUE
893854,4.56307064662571,TRUE
893916,2.25532432964388,TRUE
893944,3.19921957256605,TRUE
894253,3.88051640697941,TRUE
894328,4.90782871761118,TRUE
894369,3.67612779570267,TRUE
894571,3.65392971013098,TRUE
894758,4.57274993167097,TRUE
894824,4.45520725019951,TRUE
894878,4.3540082826001,TRUE
895009,4.02587907373197,TRUE
895181,4.0603311979767,TRUE
895213,4.57403956401731,TRUE
895337,2.20590468246286,TRUE
895347,4.305513828447,TRUE
895533,2.92610960203487,TRUE
895579,4.87110898885898,TRUE
895605,3.0501324111194,TRUE
895646,3.66403739742575,TRUE
895718,4.64099458382958,TRUE
895760,3.84829102056694,TRUE
895765,4.42101785113634,TRUE
895935,1,TRUE
896054,2.72814020423743,TRUE
896066,3.29757121330595,TRUE
896115,3.29592842129445,TRUE
896170,4.30828789023997,TRUE
896209,2.60110334192949,TRUE
896310,2.94147583127044,TRUE
896578,3.09332795304949,TRUE
896677,4.6532138320145,TRUE
896709,3.81536444349831,TRUE
896780,3.13782158381154,TRUE
897117,2.939417348595,TRUE
897392,3.50017016335674,TRUE
897485,5,TRUE
897736,4.56653019181854,TRUE
897761,4.55576995518545,TRUE
897954,3.7550964854229,TRUE
897998,4.53598635554587,TRUE
898255,4.49733758898466,TRUE
898288,4.10991484315019,TRUE
898375,4.0230057506179,TRUE
898629,3.37522194543571,TRUE
898698,3.62119621592835,TRUE
898715,1.20484289753687,TRUE
898802,3.04785362647732,TRUE
898850,2.06570616084697,TRUE
898948,4.19159853006686,TRUE
899008,2.3749202401476,TRUE
899009,1.73122521168231,TRUE
899040,3.47968730992344,TRUE
899080,2.86641262168939,TRUE
899097,2.76457851851508,TRUE
899157,4.00666895981591,TRUE
899196,4.19090124551178,TRUE
899295,3.45514119278001,TRUE
899297,3.96303142513313,TRUE
899336,3.46010120316666,TRUE
899870,4.52263133244981,TRUE
899991,4.69451652728633,TRUE
900032,3.72285164119879,TRUE
900096,3.89111029397094,TRUE
900160,4.68373471282694,TRUE
900238,5,TRUE
900390,3.9108194947482,TRUE
900461,3.55211238905584,TRUE
900740,5,TRUE
900775,3.15469594753933,TRUE
900815,4.64631543529168,TRUE
900897,3.80225354300043,TRUE
900955,3.83997602989306,TRUE
901114,3.43236827630004,TRUE
901150,3.67898391744662,TRUE
901152,3.19187234492141,TRUE
901287,3.53231027917397,TRUE
901294,4.8543863647001,TRUE
901424,3.7977328361227,TRUE
901440,2.78762517695614,TRUE
901468,3.97164417488566,TRUE
901866,4.10153467095289,TRUE
901872,4.10740161610435,TRUE
901974,3.57558677917561,TRUE
902053,3.91977102819529,TRUE
902082,4.20885721091643,TRUE
902098,2.40251179964064,TRUE
902133,3.97033064868691,TRUE
902400,1.77722605444589,TRUE
902550,3.65838219005812,TRUE
902580,2.35485395886488,TRUE
902772,4.3829252627902,TRUE
902995,3.87498615461751,TRUE
903059,3.15396664079512,TRUE
903082,4.03932972471632,TRUE
903200,3.77951702322422,TRUE
903214,3.64709834791131,TRUE
903261,4.29100370755088,TRUE
903413,3.58291815074067,TRUE
903498,3.47013630773296,TRUE
903506,4.19748296453577,TRUE
903586,4.43994143434778,TRUE
903820,4.408786176212,TRUE
904505,5,TRUE
904588,3.46398960422435,TRUE
904744,3.50458354855859,TRUE
904921,3.68839508784616,TRUE
905069,4.83598776021942,TRUE
905136,3.48401620310023,TRUE
905196,4.0355952194452,TRUE
905241,3.5940770188844,TRUE
905348,4.6722113335956,TRUE
905421,4.70821420588243,TRUE
905532,4.65493016405283,TRUE
905543,3.83270161767823,TRUE
905650,3.67122673304552,TRUE
905771,4.25831983303313,TRUE
905812,4.49429225551938,TRUE
906193,4.60633757717865,TRUE
906265,4.03119823864372,TRUE
906316,3.74059484503597,TRUE
906329,3.69363623949324,TRUE
906394,4.69177691792656,TRUE
906396,3.6979286461339,TRUE
906553,3.509713400554,TRUE
906577,4.35267640415261,TRUE
906641,4.49576033746457,TRUE
906829,3.13529201771655,TRUE
906852,5,TRUE
906892,3.9081675266267,TRUE
907000,3.35171824088155,TRUE
907038,2.48249200391414,TRUE
907066,3.49905210918937,TRUE
907307,3.27396755276741,TRUE
907401,3.38208781784392,TRUE
907561,2.83504407526773,TRUE
907640,2.13895198159187,TRUE
907671,3.44724225891769,TRUE
907729,1.81850611963535,TRUE
907783,3.05427993427692,TRUE
907788,3.55582575306551,TRUE
908054,3.58102285885327,TRUE
908087,3.66972245745314,TRUE
908150,3.59175324250641,TRUE
908261,4.09187018019918,TRUE
908346,3.85452150837895,TRUE
908393,3.88718590513963,TRUE
908402,3.87184019439548,TRUE
908421,3.46934699450449,TRUE
908439,3.55991864410263,TRUE
908581,3.73005591743088,TRUE
908596,3.86410826804008,TRUE
908625,4.0902115358837,TRUE
908627,3.98087395740078,TRUE
908747,4.31492175268804,TRUE
908750,4.34595086142696,TRUE
908768,3.55868805485607,TRUE
908921,3.86699631171068,TRUE
909089,2.2715583691514,TRUE
909509,2.04847791193606,TRUE
909684,3.84297764881974,TRUE
909769,4.47587510680739,TRUE
910003,4.22894511226442,TRUE
910005,4.46378325163386,TRUE
910011,4.38674501486713,TRUE
910013,4.39262269893558,TRUE
910017,4.15977624525825,TRUE
910076,3.91461385244343,TRUE
910130,4.48141376343937,TRUE
910155,3.73035082096302,TRUE
910190,3.14035193714319,TRUE
910264,3.86501570564755,TRUE
910299,4.94225969256263,TRUE
910329,3.49446020097213,TRUE
910371,4.36188507938392,TRUE
910474,2.27414729304626,TRUE
910540,4.43432959965666,TRUE
910770,4.50287527377804,TRUE
910834,3.78509618986999,TRUE
910896,2.94816053658799,TRUE
911262,4.71210559975867,TRUE
911270,3.55052336250314,TRUE
911511,4.073484877556,TRUE
911557,4.41023977479905,TRUE
911601,4.41575493044948,TRUE
911851,3.96655645310263,TRUE
911856,3.98796503722698,TRUE
912110,4.14654791611704,TRUE
912379,4.07090470146562,TRUE
912393,4.09472017523462,TRUE
912578,3.26037820332139,TRUE
912667,2.37872230046383,TRUE
912707,3.11233821807897,TRUE
912751,2.1140119519955,TRUE
913247,3.3487324034336,TRUE
913347,3.94896650047849,TRUE
913548,3.83282310750502,TRUE
913655,3.46117332389997,TRUE
913659,3.73152231156214,TRUE
913742,3.53613474070562,TRUE
913887,4.01955797741679,TRUE
914061,3.5130406515893,TRUE
914182,3.54150435276246,TRUE
914486,2.94063695918011,TRUE
914516,3.44920161523988,TRUE
914536,2.89073300194937,TRUE
914641,4.09679891151783,TRUE
914646,2.06313397445538,TRUE
914853,3.98082102519251,TRUE
914915,3.76774073634763,TRUE
914937,3.56766031590255,TRUE
915022,3.42810394977824,TRUE
915027,3.53679711577991,TRUE
915070,3.64288860234024,TRUE
915082,3.38546248594671,TRUE
915134,2.90668796890445,TRUE
915326,4.34970819122345,TRUE
915386,4.10689341774494,TRUE
915430,3.71149837014608,TRUE
915451,4.8250490048196,TRUE
915504,3.84868537875122,TRUE
915723,3.3665399948504,TRUE
915843,3.03462979335636,TRUE
915979,2.96472972805051,TRUE
916119,3.13735466531616,TRUE
916129,2.93677456865826,TRUE
916154,3.15336918875724,TRUE
916310,3.42364394092111,TRUE
916439,4.02802854109816,TRUE
916473,4.0012495655815,TRUE
916722,3.52143813462946,TRUE
916824,3.46577633490612,TRUE
916883,4.53293655222432,TRUE
917200,3.56066896428707,TRUE
917212,4.24374645276697,TRUE
917248,3.40806689474829,TRUE
917393,4.29274425446553,TRUE
917607,3.96724918691589,TRUE
917798,3.18347138153427,TRUE
917912,3.76038537882584,TRUE
917957,3.71171369274341,TRUE
918079,1.97643808413257,TRUE
918110,3.05004644577317,TRUE
918200,3.61933867915694,TRUE
918213,4.07159989569248,TRUE
918290,4.00115933918545,TRUE
918390,2.65692965407262,TRUE
918398,3.291218526465,TRUE
918514,4.06148524968344,TRUE
918515,3.46512031958826,TRUE
918588,3.90694449104947,TRUE
918677,3.37700754154448,TRUE
918826,3.5711715877852,TRUE
918829,3.31953258622753,TRUE
918863,3.31155401478557,TRUE
919163,3.07966055175925,TRUE
919318,1.58139099482831,TRUE
919532,3.97080382585442,TRUE
919543,3.09951262089432,TRUE
919554,1.91278877128143,TRUE
919578,1.5547449075437,TRUE
919600,2.37231272290724,TRUE
919715,3.51508909608734,TRUE
919798,3.61964367463258,TRUE
920091,4.62890360771293,TRUE
920113,2.72608431474476,TRUE
920313,3.54999028706784,TRUE
920407,2.84627491796369,TRUE
920427,3.90184687255286,TRUE
920434,2.11076894388562,TRUE
920472,2.41599412402724,TRUE
920512,3.79089801218711,TRUE
920546,5,TRUE
920626,1.15950279282914,TRUE
920664,3.26679987216394,TRUE
920818,1.00732119381583,TRUE
920966,3.1067138115874,TRUE
921009,3.41352509051274,TRUE
921022,5,TRUE
921098,4.67883628919306,TRUE
921107,4.79072398968088,TRUE
921410,3.92004362217029,TRUE
921416,3.49190573193882,TRUE
921444,3.44666078451729,TRUE
921497,3.49393266908317,TRUE
921510,3.50758069765546,TRUE
921556,3.90001964447712,TRUE
921564,2.99419331652393,TRUE
921599,3.2535207046612,TRUE
921619,4.29058374004621,TRUE
921658,2.30489768948211,TRUE
921820,4.13321365733051,TRUE
921833,3.62887390718333,TRUE
921846,4.67591411567385,TRUE
921877,4.00328927198815,TRUE
922092,2.46694003634904,TRUE
922263,4.22081895985297,TRUE
922297,3.30458927447575,TRUE
922377,3.47233676468118,TRUE
922411,4.08685966029281,TRUE
922426,4.32925235363697,TRUE
922623,1.10230931318047,TRUE
922643,4.02675144090861,TRUE
922779,4.04351291128697,TRUE
922794,4.55458751701766,TRUE
922821,1.90735352910766,TRUE
922847,2.59014837789454,TRUE
922883,4.14453947951184,TRUE
923068,1,TRUE
923111,2.53118946571674,TRUE
923143,3.15236074921716,TRUE
923520,4.1921029538981,TRUE
923696,3.12652280179431,TRUE
923770,4.77452697075563,TRUE
923821,4.4117226152736,TRUE
923830,4.55170439810167,TRUE
924127,4.06215944298826,TRUE
924277,4.89742789607545,TRUE
924315,4.08084802650039,TRUE
924339,4.48447275982972,TRUE
924373,4.59293125229879,TRUE
924381,4.95302753811055,TRUE
924479,1.80489774634646,TRUE
924649,3.46532198147422,TRUE
924650,4.04176130036158,TRUE
924846,4.46053071842917,TRUE
924939,3.83109423690221,TRUE
924960,3.68714765742895,TRUE
924973,4.07262047870472,TRUE
925006,2.39496175483273,TRUE
925061,5,TRUE
925087,3.94072933729258,TRUE
925126,3.92419226694554,TRUE
925234,3.44840590315595,TRUE
925400,4.33281026676623,TRUE
925687,1.91335864163273,TRUE
925703,2.99364562157561,TRUE
925804,4.90763609130325,TRUE
926047,2.96928694423844,TRUE
926066,3.71691832330717,TRUE
926122,4.43879839094707,TRUE
926186,4.50336923971453,TRUE
926237,2.79954680506012,TRUE
926295,3.34702084553457,TRUE
926352,4.37079701884679,TRUE
926411,4.39910790073643,TRUE
926480,4.25802275947443,TRUE
926500,3.26645772115741,TRUE
926566,4.2675826694386,TRUE
926728,4.25177440252182,TRUE
926876,4.20086127486634,TRUE
926923,1.98466020168008,TRUE
926931,3.39981695271078,TRUE
927091,1,TRUE
927104,2.27100863070753,TRUE
927251,3.53562304978747,TRUE
927267,2.91520524467173,TRUE
927315,3.18743285476545,TRUE
927494,3.8634924042549,TRUE
927709,3.21822240035195,TRUE
928156,3.72181274142529,TRUE
928170,4.26850387242334,TRUE
928489,3.40287995937522,TRUE
928552,3.74669348697498,TRUE
928680,4.14534242066142,TRUE
928948,3.42983481294754,TRUE
929022,3.93930245082906,TRUE
929161,3.87307564458533,TRUE
929232,3.91822665169704,TRUE
929312,4.70684918147557,TRUE
929358,3.62945011478439,TRUE
929648,3.3497766388129,TRUE
929674,2.11958772486172,TRUE
929707,3.33279208671462,TRUE
930270,4.21047307300797,TRUE
930419,2.70330555562265,TRUE
930519,4.38114192267179,TRUE
930662,3.03951832956558,TRUE
930725,3.54193602381906,TRUE
930762,4.35771184969223,TRUE
930764,4.61250198928477,TRUE
930788,4.9982432589259,TRUE
930906,3.62144563772469,TRUE
930962,4.41168400982928,TRUE
931018,4.16808958063725,TRUE
931113,4.50045159313096,TRUE
931366,4.22856995231737,TRUE
931391,3.58163350518544,TRUE
931624,3.35736187175414,TRUE
931784,3.10474857396203,TRUE
931902,3.17301153090062,TRUE
932013,3.59037906078477,TRUE
932020,1.6553380255339,TRUE
932228,2.39678951373755,TRUE
932544,4.27572121847333,TRUE
932564,2.92755135332265,TRUE
932807,4.8443712007344,TRUE
932861,3.67404793459125,TRUE
933016,3.96088481102253,TRUE
933159,4.71021907992708,TRUE
933176,4.78589276327097,TRUE
933344,1,TRUE
933366,3.03107504645143,TRUE
933588,3.45107805289681,TRUE
933821,3.11150277821209,TRUE
934064,2.5436607831365,TRUE
934082,2.85090836181919,TRUE
934102,1.01842678334672,TRUE
934136,4.28251474818793,TRUE
934318,1,TRUE
934396,4.04083638371911,TRUE
934449,3.44304845975063,TRUE
934699,4.18749470116193,TRUE
934870,3.146045287071,TRUE
934940,3.81913981491972,TRUE
935305,3.99704993768417,TRUE
935383,3.22096839384997,TRUE
935562,3.5410379980229,TRUE
935575,5,TRUE
935687,2.34723640749635,TRUE
935695,5,TRUE
935784,3.76852786803621,TRUE
936134,3.81806980837449,TRUE
936164,4.55968271608109,TRUE
936407,3.88355237392755,TRUE
936510,2.84382733215069,TRUE
936636,3.3009518621077,TRUE
936652,3.10503410565413,TRUE
936693,3.39152061752852,TRUE
936763,3.11730280361209,TRUE
936907,3.99390683197598,TRUE
937024,3.79781718322736,TRUE
937246,3.46214907887735,TRUE
937340,3.77192668275587,TRUE
937422,3.91165087185179,TRUE
937540,3.3906381696689,TRUE
937610,4.05178032012762,TRUE
937627,4.67950638219033,TRUE
937680,4.22291303489603,TRUE
937736,4.49696665312572,TRUE
938009,3.86706490605387,TRUE
938041,3.22544148150521,TRUE
938146,4.32045833265658,TRUE
938281,3.94185532615326,TRUE
938660,3.60918535709945,TRUE
938686,5,TRUE
938822,4.63592998647588,TRUE
938832,4.80700043820343,TRUE
938841,4.0171068334269,TRUE
938842,3.33725146137234,TRUE
939042,4.31054638610189,TRUE
939118,3.9596913176972,TRUE
939162,3.60151567700269,TRUE
939223,4.21449920350262,TRUE
939416,2.07583735470903,TRUE
939485,4.71816540657092,TRUE
939742,4.35245674866944,TRUE
939760,3.84351999262499,TRUE
939783,3.30638664617453,TRUE
939931,2.70044115381356,TRUE
939974,3.73393287101433,TRUE
940257,3.15072914541785,TRUE
940293,2.44156345312008,TRUE
940517,3.58615454220791,TRUE
940544,3.83931858890784,TRUE
940620,4.03566494107889,TRUE
940650,3.75560677644468,TRUE
940827,4.09551123376232,TRUE
940953,4.62496062824933,TRUE
941059,3.93164693132576,TRUE
941180,4.58064215322049,TRUE
941259,3.73009316620604,TRUE
941316,3.44564762310444,TRUE
941380,4.78307035036323,TRUE
941757,3.92446754831336,TRUE
941774,4.59566113794231,TRUE
941971,3.19734935373785,TRUE
942216,2.87486887975899,TRUE
942782,1.85054129099638,TRUE
942854,2.62665425997688,TRUE
942890,1.19980615466304,TRUE
942905,2.19919851592982,TRUE
942914,1.99894519478576,TRUE
943127,1.89503624717548,TRUE
943211,2.79246335311093,TRUE
943337,3.41476931165846,TRUE
943415,3.39492597922029,TRUE
943579,3.6064040834214,TRUE
943612,3.86571530643732,TRUE
943630,2.6830836812694,TRUE
943821,4.15615468827695,TRUE
943862,3.09269241583916,TRUE
943899,3.19479710056481,TRUE
944082,1.53053250562823,TRUE
944205,3.31651347149824,TRUE
944442,3.28566266149936,TRUE
944529,3.45304740236149,TRUE
944673,2.96635488633318,TRUE
944819,3.10690685448425,TRUE
944940,3.57420840624045,TRUE
944950,3.59550929198657,TRUE
944991,3.74554844419656,TRUE
945268,1,TRUE
945302,3.29102840498138,TRUE
945303,3.4035441120819,TRUE
945314,2.27833407856728,TRUE
945400,4.91767493091424,TRUE
945434,1.96568109461641,TRUE
945522,4.71986698186921,TRUE
945595,4.05951357359371,TRUE
945645,3.80161552960323,TRUE
945805,3.38329060116214,TRUE
945847,1.62913783526757,TRUE
945966,3.58705927978181,TRUE
946165,4.2388519692627,TRUE
946516,2.42298890235468,TRUE
946568,3.5518473961778,TRUE
946679,3.71087654502059,TRUE
946861,3.67395098955183,TRUE
946950,3.45628162845979,TRUE
947074,2.6699594067394,TRUE
947237,3.83979637952449,TRUE
947289,2.44295057958753,TRUE
947349,2.7451374844664,TRUE
947577,5,TRUE
947849,3.62953934306607,TRUE
947929,3.85079746269583,TRUE
947948,3.27670998639434,TRUE
948253,4.1153205418864,TRUE
948275,3.82238782451276,TRUE
948313,2.52702947978871,TRUE
948355,3.51525833333759,TRUE
948632,3.66905896464893,TRUE
948650,2.56113215209436,TRUE
948667,3.01066353403362,TRUE
948814,3.65007421949265,TRUE
948961,3.29947890449427,TRUE
949010,4.18402642653921,TRUE
949087,4.42415489266862,TRUE
949214,4.56312155216819,TRUE
949223,4.34162858754426,TRUE
949525,1.56859504682818,TRUE
949555,3.2517221137062,TRUE
949615,2.16840189520064,TRUE
949667,2.43420032421602,TRUE
949742,3.9061601928555,TRUE
949976,2.51407276623069,TRUE
950120,4.80733955830054,TRUE
950135,1,TRUE
950187,3.06741944753378,TRUE
950268,4.12499892513366,TRUE
950490,4.21816995355441,TRUE
950590,4.33692137101598,TRUE
950629,3.04386158910327,TRUE
950727,3.41776156849294,TRUE
950760,3.22961824366379,TRUE
950793,3.50548723903379,TRUE
950822,3.69166410541523,TRUE
950832,3.69788897742407,TRUE
950855,3.55596019722663,TRUE
950992,1.76318971093437,TRUE
951048,4.25428033185787,TRUE
951061,1.63117416565716,TRUE
951326,3.6025220166297,TRUE
951348,2.99078042319996,TRUE
951388,3.32448698182972,TRUE
951488,3.78501357216445,TRUE
951550,4.18779962833788,TRUE
951578,2.96872778670015,TRUE
951628,2.5869151838499,TRUE
951890,4.118386367068,TRUE
952044,2.58826510450636,TRUE
952090,3.47961680815275,TRUE
952155,3.34156250985671,TRUE
952309,3.70297406251931,TRUE
952402,3.83275984888484,TRUE
952650,3.57213643507587,TRUE
952987,3.77769296739567,TRUE
953054,2.7935043750481,TRUE
953101,3.01139187281866,TRUE
953199,3.61585982840764,TRUE
953252,4.31123422741616,TRUE
953264,4.05932000078885,TRUE
953267,3.72978131441097,TRUE
953366,4.28197432513626,TRUE
953517,1.16255756020032,TRUE
953693,5,TRUE
953766,3.61011573584176,TRUE
953915,3.46886229002346,TRUE
954167,3.15642390000501,TRUE
954198,3.26935680557228,TRUE
954308,2.31361342719534,TRUE
954586,4.39744922030224,TRUE
954620,4.30591719884365,TRUE
954646,3.45332165915309,TRUE
954807,4.28831532549349,TRUE
954909,3.39616497671545,TRUE
955269,3.86625260121729,TRUE
955367,4.47906574789024,TRUE
955488,3.70774864611424,TRUE
955503,2.17320944340934,TRUE
955531,3.62069401813946,TRUE
955668,3.99463742445039,TRUE
955789,3.23435111113147,TRUE
955988,3.72051263134923,TRUE
956087,4.61798471141889,TRUE
956128,5,TRUE
956142,1.50291485601106,TRUE
956217,4.14475598919851,TRUE
956364,4.8457829131626,TRUE
956399,4.78104431709753,TRUE
956406,4.57910414313299,TRUE
956415,4.44775120500858,TRUE
956842,3.65667643661656,TRUE
956870,3.49504523816598,TRUE
956883,3.92912958427118,TRUE
956932,3.41351819322697,TRUE
956994,3.86846263165535,TRUE
957036,3.70474326971366,TRUE
957236,1.45260810052184,TRUE
957381,4.41313978205494,TRUE
957481,4.05736243117028,TRUE
957552,3.39655642730062,TRUE
957601,3.88188286510983,TRUE
957690,3.51943833696329,TRUE
957761,2.6335324046434,TRUE
957835,2.26024364325536,TRUE
957873,3.80204373476184,TRUE
958022,3.59250834846196,TRUE
958026,3.68793923347243,TRUE
958243,3.83377570937952,TRUE
958323,3.46429477160473,TRUE
958362,4.69874341797121,TRUE
958366,4.25099438857493,TRUE
958433,4.01941341958681,TRUE
958476,3.79341919275108,TRUE
958649,2.44655707615646,TRUE
958732,4.84544141961478,TRUE
958834,4.31637231189656,TRUE
958844,3.69335112294024,TRUE
959050,3.18695577679262,TRUE
959165,2.01175965007903,TRUE
959319,2.55502117262043,TRUE
959359,2.04626769831391,TRUE
959385,1,TRUE
959433,1.43382206855268,TRUE
959695,1.2134080630547,TRUE
959825,1.85330337685318,TRUE
960063,3.91251291493943,TRUE
960092,3.22984851380305,TRUE
960204,4.18733790407934,TRUE
960205,3.35462742499107,TRUE
960256,4.21228280957793,TRUE
960587,3.60223747563092,TRUE
960702,3.67401382549346,TRUE
960715,3.5966533970071,TRUE
960739,4.34561276299778,TRUE
961013,2.54544520014686,TRUE
961030,2.38492556649045,TRUE
961033,1.10758590229744,TRUE
961048,2.43928284361621,TRUE
961109,1.75101183469339,TRUE
961129,2.91320656006659,TRUE
961222,1.94935318495739,TRUE
961275,3.6654725439364,TRUE
961346,4.18465096359523,TRUE
961494,3.01433239711946,TRUE
961526,4.97438667613283,TRUE
961726,2.12730551725897,TRUE
961729,4.6774160828425,TRUE
961788,1.97382930112071,TRUE
961925,1.70870699972462,TRUE
961954,1,TRUE
962069,3.54568128353102,TRUE
962073,1.3095997751261,TRUE
962094,2.5135348899926,TRUE
962142,3.69827426165346,TRUE
962159,5,TRUE
962275,3.06493603728632,TRUE
962307,4.46894667794021,TRUE
962335,4.29680470387813,TRUE
962359,3.15416537700218,TRUE
962408,3.42725347591511,TRUE
962469,4.08401176598854,TRUE
962481,4.61688140449858,TRUE
962537,4.77772352309299,TRUE
962793,2.9724492995389,TRUE
962828,5,TRUE
962844,2.08633893126597,TRUE
962896,4.35972654378312,TRUE
962923,4.27790354603535,TRUE
963071,3.89345247849406,TRUE
963082,2.87916962270142,TRUE
963535,3.79976964294768,TRUE
963906,2.33603560278052,TRUE
964025,4.14937542182207,TRUE
964085,4.38496422299583,TRUE
964103,4.02100596669146,TRUE
964408,4.07145080201707,TRUE
964548,2.06813791763589,TRUE
964597,3.67549255454215,TRUE
964676,3.84119972874047,TRUE
964707,4.51635902884495,TRUE
964747,4.1928754061807,TRUE
964830,3.52527869963269,TRUE
964980,4.09213409343933,TRUE
965066,3.27240403026644,TRUE
965120,4.05346581845788,TRUE
965441,2.32162639987431,TRUE
965561,2.73735764657494,TRUE
965618,3.59037476450715,TRUE
965635,3.07882992577815,TRUE
965760,2.93317174308573,TRUE
965888,3.90225750651286,TRUE
965931,3.56515371771757,TRUE
966231,2.84459157408418,TRUE
966280,3.84419649851841,TRUE
966371,4.14066157250593,TRUE
966585,3.70344158252737,TRUE
966591,3.46892809847745,TRUE
966613,3.43366592488479,TRUE
966788,3.6087527751576,TRUE
966798,4.72917613650111,TRUE
966839,4.32868790784522,TRUE
966846,3.77364241010947,TRUE
967037,4.12186991931972,TRUE
967134,4.50554028084947,TRUE
967279,3.65492951963304,TRUE
967440,3.19289609649582,TRUE
967474,4.30240989257867,TRUE
967605,4.16106000796801,TRUE
967611,3.39136427576283,TRUE
967618,4.59087435937663,TRUE
967633,4.43917062928873,TRUE
967737,3.76019534360026,TRUE
967773,1.47876698933519,TRUE
967784,4.79577025356708,TRUE
967802,2.47956254667087,TRUE
967829,1.27263891677864,TRUE
967918,1.42275364329078,TRUE
967919,4.19998816074578,TRUE
968052,3.6252023559977,TRUE
968087,4.85110665659148,TRUE
968180,4.70967162552246,TRUE
968385,3.84362319314662,TRUE
968482,4.29044096936923,TRUE
968660,4.63962173771662,TRUE
968833,4.18973575029183,TRUE
968844,3.51762371131643,TRUE
968892,2.57560950633574,TRUE
968902,4.12246918511679,TRUE
969009,4.49857753622738,TRUE
969236,4.41280472007154,TRUE
969256,3.89215413340093,TRUE
969405,3.7448866003363,TRUE
969491,1.7921810497095,TRUE
969657,5,TRUE
969732,3.21881175715814,TRUE
969766,5,TRUE
969788,5,TRUE
969834,4.64131974016475,TRUE
969998,3.62927632767688,TRUE
970014,2.93402818326257,TRUE
970109,4.61627656071887,TRUE
970160,4.16794606370469,TRUE
970220,2.97755658024617,TRUE
970273,3.57944790116888,TRUE
970449,2.11835730388132,TRUE
970510,3.69660244431884,TRUE
970585,2.34098288853847,TRUE
970601,4.33699650279062,TRUE
970773,2.03880481732632,TRUE
970902,4.26626120122699,TRUE
970988,3.97812251786691,TRUE
971218,4.086837275734,TRUE
971262,3.84939645400044,TRUE
971392,3.91917322003796,TRUE
971479,2.6052801697129,TRUE
971518,4.07197675919408,TRUE
971549,2.74289687042445,TRUE
971781,3.84655320952064,TRUE
971984,3.80014435626399,TRUE
972044,3.32089860591684,TRUE
972149,3.47402351217496,TRUE
972181,4.08838098250984,TRUE
972219,4.7834493957071,TRUE
972224,4.27796226288812,TRUE
972226,4.25406428440907,TRUE
972447,3.96973285890806,TRUE
972652,4.32081160159738,TRUE
972907,1.10167202893757,TRUE
972961,3.29555349032065,TRUE
973017,3.84654700064116,TRUE
973090,3.46035957883515,TRUE
973338,5,TRUE
973551,2.83719406342405,TRUE
973587,3.76442022855132,TRUE
973648,4.08849356565375,TRUE
973686,3.97637809975899,TRUE
973747,2.50500630202304,TRUE
973770,4.3333676774323,TRUE
973921,3.52215044299888,TRUE
973969,2.65248146121831,TRUE
973971,4.53300120440465,TRUE
974037,4.63101745425355,TRUE
974098,4.63429042878251,TRUE
974226,3.2951731732565,TRUE
974233,3.51851947192829,TRUE
974267,4.16115289019584,TRUE
974320,3.83151171510161,TRUE
974747,3.34779170971037,TRUE
974773,3.10269339903548,TRUE
974801,3.79703016042925,TRUE
974832,3.61437742915869,TRUE
975111,2.89564387578698,TRUE
975177,2.47958277233793,TRUE
975189,3.78287467240755,TRUE
975277,2.72569567769073,TRUE
975523,3.2058019209869,TRUE
975568,1.85959090320744,TRUE
975667,2.28061825638218,TRUE
975767,3.98076562408066,TRUE
975780,3.92507497641468,TRUE
975781,3.54834552134856,TRUE
975850,4.37813692034398,TRUE
975882,3.78816649113804,TRUE
975930,3.43361414190051,TRUE
975943,2.65318491289414,TRUE
975946,4.44406048300647,TRUE
976387,4.30138979492828,TRUE
976417,3.76559382406534,TRUE
976479,3.96843188970657,TRUE
976512,3.97019777343091,TRUE
976649,3.59878793447771,TRUE
976659,3.85250658994343,TRUE
976793,4.46623438029099,TRUE
976894,2.53368000497355,TRUE
977206,4.41557309280244,TRUE
977327,3.3212072662105,TRUE
977356,4.04587063174404,TRUE
977440,3.86429504698319,TRUE
977626,4.13984258583658,TRUE
977703,3.23062354025488,TRUE
977753,3.48004891919183,TRUE
977892,3.66672887050565,TRUE
977974,2.94338921463625,TRUE
978095,3.21450889662435,TRUE
978302,2.46807976325105,TRUE
978321,1.46519406751457,TRUE
978359,2.95287027298237,TRUE
978373,1,TRUE
978441,1.5728414193177,TRUE
978491,3.64753296992269,TRUE
978520,2.55306967101671,TRUE
978607,2.15773711328403,TRUE
978708,2.73388108432095,TRUE
978887,1.96796975969027,TRUE
978929,4.19709779336441,TRUE
978961,4.08337397849114,TRUE
979042,3.32018163434657,TRUE
979111,3.72866699591926,TRUE
979268,3.99048357807426,TRUE
979606,3.30325613353381,TRUE
979698,4.65703754785669,TRUE
979710,4.13960666597532,TRUE
979740,3.8591066360189,TRUE
979977,4.00654231963922,TRUE
979991,2.75366063193728,TRUE
980302,4.02474576011821,TRUE
980341,3.47983071744335,TRUE
980363,3.24547692858108,TRUE
980492,3.16686439304831,TRUE
980536,3.10556969963636,TRUE
980665,3.49831861764257,TRUE
980712,3.08613679849668,TRUE
980777,3.14474627173227,TRUE
980961,3.37724296305973,TRUE
981044,3.40420863716836,TRUE
981210,3.92119169536207,TRUE
981287,2.57254601638789,TRUE
981383,3.39010297377193,TRUE
981406,3.42615090712285,TRUE
981491,3.57428044982168,TRUE
981504,4.2842273401791,TRUE
981596,3.47413925926479,TRUE
981606,3.58338462049724,TRUE
981801,3.67322838769533,TRUE
981977,3.09120153799961,TRUE
982004,4.02665772746368,TRUE
982051,3.17794023053965,TRUE
982100,4.27329405690055,TRUE
982141,4.1981362466673,TRUE
982146,3.83744768608787,TRUE
982180,3.79562860377171,TRUE
982241,4.01934990529319,TRUE
982298,3.34277942331327,TRUE
982343,4.17422358271631,TRUE
982374,3.18053680692873,TRUE
982394,3.05181386804882,TRUE
982418,1,TRUE
982610,2.45208378635128,TRUE
982657,3.19041100703024,TRUE
982675,3.63421440500606,TRUE
982845,4.2211097923151,TRUE
982887,2.24502267633012,TRUE
982888,3.24352951512984,TRUE
983140,4.09358564633069,TRUE
983200,3.9233097487468,TRUE
983218,3.58378459255244,TRUE
983335,2.06276729982306,TRUE
983451,4.62894187148857,TRUE
983677,4.13607851040484,TRUE
983718,3.30424652466165,TRUE
983723,4.54076212286659,TRUE
983754,2.18613382771888,TRUE
983828,3.51998521156812,TRUE
983908,4.47069941439607,TRUE
984173,4.76590242445779,TRUE
984490,2.41327925922694,TRUE
984842,3.86439390099945,TRUE
984882,3.08046206182263,TRUE
984994,3.79416625946879,TRUE
984996,4.74662915746563,TRUE
985064,4.58089787546689,TRUE
985329,3.7621507364471,TRUE
985332,2.10205207678921,TRUE
985376,2.5847975292846,TRUE
985431,3.71328872650109,TRUE
985483,4.52374364490064,TRUE
985533,3.04794217869475,TRUE
985555,2.84969495722317,TRUE
985744,4.39407655629832,TRUE
985940,3.55040531005452,TRUE
986026,3.50776515093406,TRUE
986028,3.75367930951206,TRUE
986097,2.73307735064407,TRUE
986222,3.80112730218285,TRUE
986281,3.92144058725358,TRUE
986363,3.95799603688886,TRUE
986370,2.79527087057612,TRUE
986418,3.78428839133649,TRUE
986929,2.97804687206636,TRUE
986939,2.93161967761282,TRUE
986964,3.24130163477708,TRUE
987113,3.10029381958152,TRUE
987263,1.50302763068686,TRUE
987380,3.82524434685554,TRUE
987472,2.32918924658116,TRUE
987624,4.0484304481396,TRUE
987762,2.72475957932241,TRUE
987906,4.01638231902312,TRUE
987994,4.25045437382047,TRUE
988333,3.10166670251268,TRUE
988462,2.67380822935749,TRUE
988740,3.445217127636,TRUE
988795,1.52383272748862,TRUE
988854,3.5551470024474,TRUE
989164,3.69007591510423,TRUE
989335,3.7430360777775,TRUE
989473,4.50262529993337,TRUE
989486,3.41299817392185,TRUE
989548,3.24690955117798,TRUE
989697,4.08250278152054,TRUE
989714,4.40840731191535,TRUE
989740,2.73485829553808,TRUE
989792,3.38753374877541,TRUE
990216,3.3185358520708,TRUE
990220,2.75772889150192,TRUE
990224,1.72140306756673,TRUE
990276,3.41731732904723,TRUE
990277,3.39602019449028,TRUE
990464,3.34890426641679,TRUE
990487,3.04552872002685,TRUE
990671,3.67941079565548,TRUE
990704,3.51483086154695,TRUE
990706,3.52817903626264,TRUE
990779,3.34067503962213,TRUE
990892,3.91591427847384,TRUE
990997,3.61869310330666,TRUE
991093,4.59260102531303,TRUE
991414,3.56890255312317,TRUE
991563,3.30957260803448,TRUE
991614,4.04518680379821,TRUE
991646,3.57666332470038,TRUE
991664,3.15327146800542,TRUE
991689,3.4590098413877,TRUE
991791,2.38411815152718,TRUE
991823,3.11001946971507,TRUE
991912,4.13869040128415,TRUE
992005,4.48181322557695,TRUE
992109,3.8343069831635,TRUE
992116,3.71589983928738,TRUE
992157,4.80505379636688,TRUE
992195,4.54062544353606,TRUE
992215,3.50807369011087,TRUE
992259,4.58162266848768,TRUE
992285,4.62137502147894,TRUE
992347,4.09130454991982,TRUE
992360,3.96292059102598,TRUE
992430,3.89351854963729,TRUE
992717,4.00146096585079,TRUE
992746,4.4545725161054,TRUE
992780,3.06564922965396,TRUE
992789,3.73379801365681,TRUE
992819,4.23465516794363,TRUE
992942,2.77637985596332,TRUE
993075,4.14674011726913,TRUE
993094,2.06755635585069,TRUE
993100,3.45367832051879,TRUE
993101,3.39536490841873,TRUE
993242,4.10601362704315,TRUE
993288,2.89860043195822,TRUE
993337,4.013193151897,TRUE
993507,3.55894956913319,TRUE
993596,4.61036059802625,TRUE
993718,1.93136114726116,TRUE
993983,4.54306825018205,TRUE
994139,3.7479250857735,TRUE
994313,5,TRUE
994439,3.22061637206777,TRUE
994477,3.3565569108859,TRUE
994615,1.8713883976722,TRUE
994686,2.87393800962111,TRUE
994714,3.22149992763045,TRUE
994941,2.67941323191254,TRUE
994980,3.5873437584011,TRUE
995032,3.91593339647407,TRUE
995061,4.21495027001819,TRUE
995100,4.39595637750036,TRUE
995159,3.81333967035731,TRUE
995231,4.81377740298214,TRUE
995275,3.2570139151737,TRUE
995313,4.70470659881204,TRUE
995342,4.26521292260433,TRUE
995406,4.30784272335245,TRUE
995581,1.92479064554709,TRUE
995660,2.2786298216016,TRUE
995683,4.43018686835204,TRUE
995704,2.49937926155124,TRUE
995734,3.56279995330072,TRUE
995806,3.74553815807888,TRUE
995822,4.66312186383261,TRUE
995901,3.39945810278425,TRUE
995963,2.44522195859197,TRUE
995973,3.47313994637141,TRUE
996237,3.27672487165321,TRUE
996287,3.34153306152427,TRUE
996289,3.56505049300644,TRUE
996448,3.07404102298277,TRUE
996545,3.0733955990362,TRUE
996584,3.60692729798041,TRUE
996653,3.5206062979338,TRUE
996763,2.90664723667108,TRUE
996907,4.1708610223067,TRUE
996998,3.72143062523901,TRUE
997024,2.6822624121895,TRUE
997073,4.48091894555867,TRUE
997113,4.40802269155163,TRUE
997124,3.06242342258668,TRUE
997214,4.20716438237973,TRUE
997417,4.33134992953465,TRUE
997508,3.29453776491824,TRUE
997571,2.37470154668555,TRUE
997673,4.14518388743063,TRUE
997733,3.77838482665249,TRUE
997989,2.98283053610444,TRUE
998196,3.62830191797374,TRUE
998290,4.00783257781301,TRUE
998428,1.03501207374396,TRUE
998557,3.32762571148404,TRUE
998609,1.03110983371679,TRUE
998614,1.84414628945134,TRUE
998663,3.12185873937459,TRUE
998686,3.92312380644644,TRUE
998738,4.43502610860657,TRUE
998782,4.10032297467136,TRUE
998797,2.45922946878596,TRUE
998826,3.12726655052911,TRUE
998867,2.43319267179292,TRUE
998913,3.50269171742653,TRUE
998931,2.72105057166089,TRUE
998963,3.23073303601991,TRUE
999174,3.70749252296293,TRUE
999298,3.87705109562722,TRUE
999319,4.05630738575861,TRUE
999557,3.31246192251135,TRUE
999650,3.76905438486845,TRUE
999705,3.00527373177617,TRUE
999747,3.01917323962984,TRUE
999940,3.71672647109557,TRUE
999948,2.71036475869053,TRUE
999958,4.23816210872849,TRUE
999995,4.19764827053443,TRUE
1000190,2.12840507969063,TRUE
