"movieID","X1","X2","X3","X4","X5","X6","X7","X8","X9"
1,-0.0331298670547746,0.0264253181079224,-0.0243880217121022,0.00228488861435821,0.00416589446529827,0.0185598317130931,0.0199823376839162,0.00680484249248943,0.00695543811517493
2,-0.0218833547345125,0.0195305021216976,0.00363851472777515,-0.00454140571398607,0.0080682187814084,0.0143121805544829,0.0260030698311021,-0.000813771979264692,0.0256931338811441
3,-0.0196913688923656,0.0207174697744845,0.00699527942676394,0.00743106454061305,0.0220812645636667,0.0259835794512741,0.0112262923636104,0.00801698142028635,-0.0292376876311271
4,-0.0132025884579269,-0.00677024132546807,0.0172019533156079,0.023782392204451,0.0277405727882819,0.00747416517208803,-0.00554814219060698,0.0046670380049336,0.0160067460380632
5,-0.0154485217012543,0.00970928039809653,0.0214223280782123,0.0110550589764342,0.0408989080105498,0.00307178664408877,-0.0072615438656034,0.0205418415949881,-0.00504078232521516
6,-0.0287647117025939,0.0222488850027242,-0.0138483120098388,0.00759479049983376,-0.00927081668137585,-0.0190318820625859,0.0105605155448504,0.00213434835853493,0.0117437135606223
7,-0.0181838189780614,0.00698941711055983,0.0151586835797213,0.00938566337540243,0.0481733086186038,-0.00296697483630924,-0.0259162016150793,-0.0109968106058198,0.0156250112537561
8,-0.0125284391176847,-0.000996616822794416,0.0274497434740246,-0.0111667593226014,0.0182215372365568,0.0293406044900177,0.0233292354811376,0.0111814042683669,-0.00558170411159568
9,-0.0109882789166263,0.0107389629042287,0.0318330255834263,-0.0182475991599802,-0.000605582192200637,-0.0323362297569022,0.0132336345711239,0.0066190112893288,0.00810481956333038
10,-0.0248606385908282,0.0260650060000155,0.000125020273440584,-0.0103025361359562,0.000782076186684425,-0.00826213921040543,0.014234869807473,0.000440191219032821,0.0262556528299308
11,-0.0273501374238928,0.0223978981570831,-0.0100430898529356,0.00582769574092747,0.0259124287074265,-0.00108218629636773,0.00490637155259597,0.00489617314996272,0.00638716089664038
12,-0.00978038014019797,0.00467009610231175,0.023285379560891,-0.012643574574733,-0.0146520108336309,0.0343824135452064,0.0113811604667294,0.00834621538816197,-0.0122914599169644
13,-0.014503941374013,-0.00762007718346848,0.0193566106172482,-0.0121186037403282,0.0244972541005363,0.0343485197909747,0.0349822542156369,0.0124530751982454,0.0131902203219243
14,-0.0177489097322661,-0.0125767633506271,0.00429510837137058,0.0282167005962724,-0.00212913406413541,-0.0240417372374153,0.00730515418822664,0.00194788463126228,-0.0396575201005147
15,-0.0114730428719035,0.0122709056216647,0.0318651294982672,-0.00855927562339281,0.0151749321926117,-0.00865851017113182,0.0215549976997656,0.0114741304356834,0.0268629878290493
16,-0.026716417497008,0.0169205936155424,-0.00802714844496242,0.0163395115332782,-0.0162968047547918,-0.0138858948385097,0.000721478505301718,0.0150720339261943,-0.0276178341366678
17,-0.0280259270928975,0.00824722888195735,-0.0227076082931433,0.0136124612583677,0.0197751303017314,0.0107684613303822,0.0195676982072841,-0.0138294087988456,0.0115644789746266
18,-0.016255544875763,0.00533319031007806,0.0283998415226209,0.0185043880633511,-0.014578230464538,-0.0175043300533117,-0.0257118866192167,-0.00135600855197889,-0.00983843827698539
19,-0.0152371974879742,0.0228613481845907,0.0129199677592787,-0.003579737909082,-0.00483561472162296,0.00622023525725895,-0.00118029259848418,0.0241199830456716,-0.0159084508418299
20,-0.0113174765838868,0.0087832334130233,0.0324330967751249,-0.00234577937930804,0.00174227153935823,-0.0310566689327968,0.00435781558489114,-0.011991198070392,-0.00145369048544569
21,-0.0287567268888289,0.0211119323902856,-0.0214280301370364,0.00523813975103442,-0.00385250656396795,-0.000864600221980536,0.00429814011592534,0.0276959643466547,0.0250384823892869
22,-0.0195955522102076,0.0134829648964598,0.0142025824670458,0.0160545017395606,0.0135095831362687,-0.0312461071335334,0.00890897542469097,0.00941601909387821,-0.0143797282784551
23,-0.0127298139759293,0.0108895221212292,0.0324354523709785,-0.00272041470942727,-0.00124746281564783,-0.0200487917711006,0.00929108423856375,-0.0157121253598175,-0.00736005193813727
24,-0.0232832745289261,0.0229012031528343,0.000170409496095815,0.00576997932001278,-0.00412568401443333,-0.00594728944585626,0.0225013985136663,0.0109738877399468,0.0154627036657777
25,-0.0269728410070435,0.00976573573422896,-0.0221878526725714,0.0167844283684148,-0.0174393457452969,-0.00896106145794515,0.0016815599725107,-0.00115909419356926,-0.0203340947710603
26,-0.0167861737229503,-0.0116113231810121,0.0193223041546001,0.0241428799697549,0.0114848766791437,-0.00294850884931653,0.0106689427040611,-0.0219112909750013,-0.00313890276024849
27,-0.0117083382396402,-0.00414043084955555,0.0273949715932338,0.0180166609468696,0.0201031083982745,0.00521982939399742,0.0197522940665603,0.00662341042283867,-0.0107122296813298
28,-0.0164102053145051,-0.0325523990109294,-0.0159036100215636,0.0181996591006229,0.0319469111191855,0.0204643015618051,-0.00253616060024575,-0.0196868009571654,0.0403768931402251
29,-0.0245112450963195,0.00529088376792658,-0.00700421276894908,0.00865760227826673,-0.0365782110725796,0.0263360094828442,-0.00924842699892769,-0.00712292868907358,0.0374373713543702
30,-0.0135582585255633,-0.0365615565125531,-0.00825127366433817,0.0157979645294098,-0.00521220584854404,-0.00906095510850358,0.0163186176441723,0.0021043322622831,0.00874494345117032
31,-0.0143741798728447,0.00430230875875764,0.0263312328227333,0.0210317023239077,0.0285506071208149,-0.0150266110394372,0.00587634555297372,-0.0210931247911169,-0.0129336448355839
32,-0.030562878338243,0.0224379638770541,-0.019594838026336,0.00802048831413815,-0.0244868191222328,0.00940789260282158,0.00568798943935114,0.00943670915092365,0.020669234095492
33,-0.00170661118866635,-0.00219567339335246,0.0045818947996732,-0.00222251700624284,-0.00396821552503368,-0.0129927949080933,0.00168247626083607,0.000105770997439368,-0.000489501064069011
34,-0.0312279450440672,0.0182708229658244,-0.0286980372302967,0.00619113513618081,0.00439843845737951,0.0157771038491561,0.0206795479132372,0.00881630928912122,0.00938715850010147
35,-0.0114900947953207,-0.0286991325636938,0.00228290847134835,0.0223481858135971,0.00792522750354505,0.00655070065248387,0.0139872487450571,-0.0153786706254483,0.0234677066348027
36,-0.028984332297538,0.0102724083828574,-0.0229049224664111,0.0178754489330624,0.000592542072074841,0.00519073116741044,0.0191302168950263,-0.011768427741118,-0.0219561053065627
37,-0.00415243559267225,-0.0050099601129194,0.00796157070332785,0.0021647654417179,0.00353648782436726,-0.000930610236257583,0.000470977633548768,-0.00115700016375982,-0.0066394945514731
38,-0.00578772303058834,0.00556796680136949,0.0270902498614373,-0.00492545120118328,0.0322856319022425,0.022211207483024,0.0035091308280949,0.0193751739032217,-0.00469206807472128
39,-0.0269746773911986,0.0135025741152573,-0.0145600592116537,0.0132649077039374,0.0090176470853481,0.0150145992538598,-0.00251945987066548,0.0133383748953053,0.0202244882185435
40,-0.0109449648654399,-0.028079502103496,0.00598764290259681,0.0236420815538648,0.0137140509100721,-0.0202172372272523,0.0304601311459302,0.00529712506479053,0.00138569309366614
41,-0.0240612327057004,-0.0117571848837057,-0.0260177553985115,0.0139255847712035,-0.00627452729753595,-0.010955851741676,0.00558252153653133,-0.00689496010672204,-0.00223949589677233
42,-0.0155367409858333,0.00581213930294878,0.0193340002117791,0.00961546649185227,-0.0164501998262681,-0.0326737833161649,0.00654937434576787,0.0121854086887926,0.0108673703468011
43,-0.0182736732590977,-0.0132447776227892,-0.0160198960668508,0.0210988073972277,-0.00960029600561919,-0.0111242914216761,-0.00659912054246335,0.0430549978791794,0.0151723474011138
44,-0.0143450044204949,0.0182008076164016,0.027807698913128,-0.00773003529602269,-0.0122586990575398,0.00605939949163133,0.0112504326264476,-0.00692669479724672,0.0131031069504973
45,-0.0227068146508748,-0.0014654653687712,-0.0109931917532346,0.0203256266188904,-0.0107429724325359,0.00279790378139098,-0.0232526488919028,0.0161992345616987,0.00509708247459954
46,-0.013461024860319,-0.00659669391801624,0.0191851347860299,0.0219357235219281,0.0368215702706054,0.00154097201863293,-0.0026578579281106,-0.00691203167312035,0.0126615458277476
47,-0.0314503705607933,0.0266425608675045,-0.0166409562310389,0.01544376714865,-0.0213659535769876,-0.00569756621358069,0.0166140127051098,0.00487569584943074,-0.00891077376779819
48,-0.0161725120319313,0.00489475312829731,0.0120087683374027,0.00236745387995882,0.0289099331174317,0.0231467360624618,0.0301182524428245,-0.0144677082420977,0.0073342332534677
49,-0.0105952640355876,-0.0266400097129669,0.0156939680264711,0.0170900119369554,0.000980635217728286,0.00358275836792948,0.0194015280467967,0.00310948506511585,0.02469850652654
50,-0.0355908737138077,0.0270770541984172,-0.0275873469000311,0.0118553205266947,-0.01235996516326,-0.00213331931713912,0.00919611982135377,0.00908761327341056,0.00150513643967451
51,-0.0216481020004006,-0.00283954352523311,-0.00112066453778952,0.0209125359077136,0.0107086097122375,0.00928032115730304,-0.0479471130457167,0.00874749474433753,-0.00500807850310384
52,-0.00538985247066799,-0.0204159987369356,-0.00917206923441912,0.0134180464890586,-0.00218196004323084,-0.00346287552701952,0.0129876395673338,-0.00147504784992216,0.0221121709055616
53,-0.00769764876170275,0.00330114881433401,0.02149422318939,0.00177958838257732,0.0219752173979104,0.0319420196042209,0.0174317570295174,0.0233601893107681,-0.00927820045513292
54,-0.0110279567431418,-0.0280101608459734,0.00673862609390683,0.0185441512173085,0.00371628226644586,-0.0122300646599529,-0.00652108587611175,0.00104120862834745,0.0078478729663019
55,-0.00173304550512077,0.00506505209918327,0.0111865729999565,-0.00968098701816737,0.00124644777193031,0.00429032535102521,0.00521995533108453,0.00109471297668677,0.00366513751976707
56,-0.0147149623787531,-0.0150441322259823,0.0179223052911175,0.0254033302739504,0.0100579455778447,0.00880158713753011,-0.00208617849001995,-0.00730313152031628,-0.00976846892312639
57,-0.0266833019464614,-0.0001868606636716,-0.0255425667704887,0.0206436332694488,0.0139295205130555,-0.00692658528960088,0.00177052358322593,-0.00179784052458577,0.00732075519037764
58,-0.00327322567360514,-0.00684197958607756,0.00718082530076857,0.007388363485517,-0.00316921991544126,0.000464428213436689,0.013124213395977,0.00340216287821413,0.00821952610118634
59,-0.0206031319104357,0.00945440470058621,0.00377499912412773,-0.00376071646507334,0.0124627055288609,0.00796479960733016,0.0283765096850025,-0.00831899041891951,0.0240911421827717
60,-0.0102646947424926,-0.00112537537278681,0.0361640157344307,0.0131103051022575,0.00947737811879667,-0.023722093469124,0.0128678081239911,0.002275890208964,-0.0141216904470182
61,-0.0231173196725321,0.014594187691935,0.00298801767369244,0.0147689798883066,0.0335847512431556,-0.00824730369494193,0.0121039555582513,-0.0323117706588578,-0.0272169515907129
62,-0.0117339917875308,0.0128166388373393,0.0261933513887178,0.00728589829843114,-0.00832445499945994,0.022031436547972,-0.019026891918811,0.0199231822587658,-0.0377406142707593
63,-0.00917968143125284,-0.00349132631337378,0.0253075585575005,0.014875993554395,0.0253605085768726,0.00496101864120758,-0.00386574948041596,0.0153904975516415,-0.00118960789569625
64,-0.00849181551267464,0.00755469494821889,0.0284216794646783,-0.00119676135722534,0.000517585400846413,0.0179775667306137,-0.0117343991986232,0.0144818777008618,-0.0175843595995612
65,-0.00770709472601343,0.00770387915525511,0.0173202399692683,-0.00347586985923934,-0.0144081473624622,0.00266712122159783,-0.00242017882811009,-0.00940259238646762,-0.0015031968278258
66,-0.00260546880386734,-0.010385791337188,0.00777940812434417,0.00064921670243179,-0.00231888433111375,-0.00193656966972833,0.00650938754688144,0.00192064547246612,0.000860966307026337
67,-0.0137658565219995,-0.0255362835309501,0.0011603025101771,0.0202928217993749,0.0101387165334923,0.0068461809916471,-0.0175365262457871,0.00283109632189976,0.028719243695188
68,-0.0216457251818157,0.0139439563104534,0.00939944729071114,0.0114172155281772,-0.00169842107451111,0.010672940826473,-0.0349481021699246,0.0258366293005877,-0.0329482763564403
69,-0.0207391477211543,0.0230452189031811,0.00667677742948323,-0.00583710890014081,-0.0392083654276914,0.00656172330493388,0.0156125698248676,0.0181711610429973,-0.000848770969812845
70,-0.0083934241167362,0.00952956629966736,0.0302784328902216,-0.0141348090172955,0.000557730754108513,-0.0222202953587483,0.00438309527959162,0.00843914756086491,-0.00082138590168288
71,-0.0157864483770296,-0.0195481173653542,0.015120218375369,0.0255925548672954,-0.0139859816882805,0.0170226160576827,-0.0217129511115114,-0.00462753921024477,-0.00289091731180552
72,-0.0234337409935244,0.00284897450210653,-0.00310290575522738,0.0152160267738421,0.0254293467284294,0.00415509298933818,0.0391630989452261,-0.0352086083331423,-0.0314995027677104
73,-0.012338947117983,0.00124977023704789,0.0256549451339586,0.0253988867816754,0.0458120354353761,-0.0027919584837819,-0.00800838892924538,0.00506853780163278,-0.00403769277485866
74,-0.00306886111110671,0.0044538580136916,0.0121978668920878,0.00142934181246369,0.00177905418455902,0.00627536136152469,-0.0042546141624255,0.00615020758957853,-0.0107078895757925
75,-0.0127430624822093,0.00639109096168863,0.027562340778906,-0.00672733211744997,-0.0370192384912513,-0.00752376133535415,0.0149528662861235,-0.0229370689600544,0.00954274697528311
76,-0.0109484298815938,-0.035866635814662,0.00274997194583453,0.00168907255129078,-0.00672440087327122,0.0120975547864846,0.00423583144040736,0.0114838511922212,0.00701580822604797
77,-0.0113888774573148,-0.0251176556413601,0.0191644007524847,0.0115942793637013,-0.00549318967537084,-0.0211603023516444,0.00864186263583242,0.0106014244416966,-0.011260208437549
78,-0.0116239669428484,-0.000155455439823414,0.0249066725075884,0.0117597689005872,0.0125219136466794,-0.0275525896360305,0.0076365085986109,-0.0124644472022788,-0.00246297314708765
79,-0.0126179757394209,-0.0322608260826567,-0.0136919756478597,0.0188356734173217,-0.00940582637098034,0.0055945069154174,0.0284315404993646,-0.00502646528350887,0.0211713443831546
80,-0.0157340340380345,-0.00288473319836567,0.0204980766748075,0.0166190445681016,-0.0142845486156821,-0.0325144561317137,-0.0256658166945825,0.00282351460691512,0.0114384121138484
81,-0.0152497664132246,-0.0310293590291068,-0.0141018721810453,0.0276603558684094,0.00900681039661881,-0.00598355723816101,0.00868846844034431,-0.0318606012976293,0.0166820631763668
82,-0.0110072830290308,-0.029689097030415,0.00178976395309961,0.0168059052691321,-0.00318986333876777,0.000223360928233016,0.0301891387297256,-0.0121840029162373,0.0139814297134849
83,-0.00671138672571202,-0.0262221757624933,0.00399104470460008,0.0132344266758396,0.00535448303904333,0.0235310792871551,0.0110165182352967,0.00435090667197742,0.0132121229053773
84,-0.0156597806552407,-0.0226587385730033,-0.00500535982645683,0.0200211033708363,0.0101513969551123,0.000270649092620973,-0.00222098928782711,-0.016448203257783,0.0154310413531932
85,-0.0215985489194795,0.0175831355042523,0.0106052610649484,0.00732944860795149,-0.00925752832109243,-0.038739946876693,0.0158297057141419,0.0400691038304245,0.0108272845383028
86,-0.00885374018505468,-0.000251990486810113,0.022343788822075,-0.0115960815314225,0.012484807594881,0.017272772163163,0.0143075239245289,0.0169416095899729,0.000981882242117047
87,-0.013073948315677,0.014944534849598,0.0353004165072526,0.00758146514123855,0.00732376154421474,0.00728313205917158,-0.00950625391218332,0.0312635325782074,-0.0245006329090812
88,-0.0160470964182918,0.0100686430982445,0.0287862688578141,0.00254856469407259,-0.00821178340328556,-0.0368498202684948,0.00602289286216407,-0.00848714197436971,0.0179301435370011
89,-0.00289294292171879,-0.0112261489995132,-0.000133863645678518,0.00821632453744457,0.00445216923770828,-0.0131103716015861,0.0184396316284529,0.00326547078745231,0.00372114083047752
90,-0.00939543292539263,-0.0126392953882666,0.0235052426145637,0.00750455923940309,-0.00438661856124232,-0.00132568964795269,0.00373725404396469,-0.00324281828888416,0.00195453231228035
91,-0.00878883717737651,0.000739556728327022,0.0295090193020461,-0.00644304412307762,-0.00112279885714672,0.00893177512138472,0.0035163364258511,-0.00240469971050532,-0.0036549159846445
92,-0.019868938767489,-0.00574319903375844,0.00806935544569455,0.0379842469595148,0.00564774120166257,-0.0152572514683165,-0.0205094392747243,0.00400933094654468,-0.017314325942472
93,-0.0168150042625624,0.0165641312225776,0.0210837700157719,-0.00980618483570601,0.00197580053262951,-0.0225963900633957,0.0201188899436153,0.00518414897116524,0.0234770359661081
94,-0.00802406240461958,-0.024126194245641,0.00210267464488416,-0.00189598010809954,0.002830277816986,0.00494235231183855,0.00666670241602974,0.00190672785177211,0.018407458255815
95,-0.0135963479107767,-0.0257867485506671,0.00498772342545462,0.0277305618424649,-0.0232015033359774,0.0017456022141239,0.00724374301810424,-0.00351410253213647,0.00990223168160936
96,-0.00221042725137136,-0.00678579324927293,0.00675556493542431,-0.000772595344164375,-0.00304758168390847,0.000763610778586365,0.00325365935278608,0.00395078904418179,-0.00197646077033597
97,-0.012093254480178,-0.0301859231388463,0.00980256050838295,0.0063768522715952,-0.0152214883361088,0.00276313350349635,0.0313011738669003,0.0134949550453051,0.00573009506957343
98,-0.0140425049536994,-0.00567344064018634,0.0185218259406571,0.013188882273061,-0.00247338047070408,-0.0429610185314269,0.00784049133458207,0.000133275246050392,-0.0087257465660452
99,-0.0217121042720254,-0.00164715807001517,-0.00487334670884793,0.0241077280275533,-0.0251143829875285,0.0170732159124833,-0.0500565692888045,0.0214527062619833,0.00410724059430071
100,-0.00691921337747423,0.000929133920652164,0.0221670526391084,0.00808840592710191,0.00945084037184933,0.00945732809116028,-0.00190290421145461,0.00870318181613717,-0.00330585840966898
101,-0.00975138228683772,-0.0121489953447848,0.0319276489767459,0.00567694092095628,-0.00617739082594167,-0.0165394761524423,-0.00416648040051713,0.00617019914494895,-0.0114644107921373
102,-0.0216161055162034,0.0256924155686053,0.0096832249449702,0.0102365741771294,-0.00574038702165562,0.00522583232601492,-0.0252350448979329,0.0138539856946917,-0.0398803864137935
103,-0.0189869510720328,-0.00188769451352265,-0.0039770351087674,0.019730231127915,0.0329190179042561,-0.0106240556947322,3.71466636887781e-05,-0.0220244826172751,-0.0181055936400279
104,-0.00561165856729492,-0.0191084529525047,-0.00468742926349993,0.0150541380315746,-0.00797824001865756,0.00304881087836522,0.0170520776436971,0.00608801004068782,0.0101580880238015
105,-0.0159120005777209,0.00345176950439648,0.0150566675111019,-0.0139833209592359,0.0206643581855069,0.0493045750847745,-0.00412499408529772,-0.00264003417688086,0.0135262470673989
106,-0.00391248858284133,-0.0131586829296741,0.00862818692246418,-0.00154518091528694,-0.00703897138070593,-0.00557185325987749,0.00360993593417743,0.00410718958913535,0.00651956539514436
107,-0.0332507936587711,0.0349053887139624,-0.0168666544713796,0.000330452029869469,-0.00529121262967002,-0.00848594832143213,0.0236882176099632,-0.00740972469534156,-0.000100090556709181
108,-0.0312368136532906,0.0128257383816152,-0.0323719297639947,0.00368005068889341,-0.0249365106746382,-0.00655616991348511,0.00706288104971988,0.00883109196500208,-0.0147498879398782
109,-0.0234897731364569,0.0182690530853671,0.00367983084075188,-0.00642503822020891,-0.00668253381604125,0.00287701068928919,-0.0013551345297624,0.00712248471896508,0.0416103710951531
110,-0.0108390382046577,-0.0142682893170885,0.0251470413475593,0.0137284940671112,0.0102895530953297,-0.0246152001722184,0.0240033678034585,0.00692435086326569,-0.0012352683281644
111,-0.00514102848739381,-0.0146838844932311,0.00802132306869768,0.00930607212171293,0.0083737921482876,0.00200021318073336,0.0183113293388079,0.00327697836017609,0.00107894001392794
112,-0.0131353086207376,-0.0342686568687489,-0.00155707968488066,-0.000127264326019687,0.0281089204848942,0.0235945656718211,0.0348953130417092,-0.00445254589043516,-0.000957747212920977
113,-0.0144030871128281,-0.022426618344323,0.0144594039928603,0.0113789455540272,-0.0255719365711435,-0.00744356351528982,-0.00619461593826809,-0.00120766327356245,-0.0107650591968084
114,-0.0127625007159065,-0.00801665466116069,0.0209308659764349,0.0193989078539449,0.0174431371709141,0.0152996357444044,-0.0225506003597676,0.0196137978562127,0.00262529720673734
115,-0.00508231240401801,-0.0075766462950465,0.0122830499047452,-0.0032973809100106,0.00745933418904738,-0.00588402085095124,0.00436526993280186,0.00338103491840094,-0.00870344800552117
116,-0.00160295050212218,-0.00240183144885263,0.0027841933977682,0.00417900215140798,0.00123941139777194,-0.00343368421643733,0.00604247466558896,-0.000307375916841463,-0.00089870294244925
117,-0.0139596532799113,-0.0315711519451177,-0.00206496941672036,0.00862701728356434,-0.00708584430255527,-0.00628816255409689,0.0277442625345212,-0.00746361608078963,-0.00573765027458668
118,-0.0143192688513058,0.00285875825449051,0.0246605423417988,0.0125440934988113,0.0162437541921113,-0.00515124684144615,-0.0187078454770294,0.0093408971739229,-0.00262967967299525
119,-0.0178521902951102,-0.0241673644349481,-0.00722151911507181,0.0214380403299386,-0.00528543707730342,-0.00736203297527631,0.0065698360170753,0.0137692500745197,0.0366452528204729
120,-0.0061012607565347,-0.0176064576105458,0.00389383776834476,0.00975278923745437,0.00281233598457554,-0.0132997904276603,0.0112925365599711,-0.00735755638117137,-0.00115105530572548
121,-0.0208622000828082,-0.00770940796799671,0.00251230642928118,0.0306763783384423,-0.00422187507738352,0.0162241643432119,-0.0514738857171919,0.0161140149590268,-0.0108739195906486
122,-0.00991523266983918,0.00757476964089316,0.0167039802054685,-0.000441020747172265,0.00560496642777037,0.0168358534761464,0.0135356591850601,-0.00438008867640362,0.000481350750074929
123,-9.10642569483265e-05,-3.28553301353313e-05,-7.53397825857223e-05,0.000305161927265928,-0.000136354841046343,0.000363036137159911,0.000643239977347422,8.5001757301345e-06,-0.00116400808088896
124,-0.00811955626213444,-0.0284274700716358,-0.000280102950842701,0.00655396071995149,-0.0118869655863848,-0.000928765560488863,0.0178341077945801,0.00133145539249848,0.0122885106203602
125,-0.00556195618194784,-0.0140309839176306,0.00980349778409968,0.0109623748832144,0.00311451764775711,0.00168668660623552,0.00182158543155893,0.00225283841175192,0.00287145173141977
126,-0.00159622068858097,-0.0057577238167078,0.00211507323544364,0.00300540476336221,-0.00256761636351599,0.00343134683078152,-0.00132354465994306,0.00252663607446212,0.00132474823043707
127,-0.0070374736490838,-0.0176564246519967,0.00721730342533981,0.00552800780182901,0.00509751820477601,-0.0105587928793007,-0.00181579715745297,0.00876484166007562,0.00914774951935696
128,-0.0103166917629112,-0.00611867263814078,0.024740313070429,0.0101392444357443,-0.00656725567549761,-0.0244733055117944,0.00200199593491862,0.0079940047905388,-0.0038534454758776
129,-9.16453097999119e-05,-0.000164248647549924,0.000180387983760987,0.000138275664833602,-0.00018027894769432,-0.000368256282429986,1.26253523643935e-05,0.000376369462002721,-0.000228985648906482
130,-0.00118147186372966,-0.00533145857531169,-0.00194742879103335,-0.000959901741011336,-0.00484813667407101,0.00477330875778417,0.0101470089825819,0.00669533454794975,0.00442229857524223
131,-0.0113366263873563,0.00832776655234864,0.0359927697079785,-0.0100247859250964,0.0183556860472852,0.0129509083836912,-0.0134923001811106,0.0157431982838453,0.00145257587511339
132,-0.00466005417952322,-0.0182179147492307,0.00370495212289808,0.00115092066867072,-0.00293506822006849,0.0128683276380808,0.00938237530875641,0.00536712176153194,0.0057894030528435
133,-0.00578702649394639,-0.0143800426082527,0.00808431211564264,0.0119630646854907,-0.00208767782877763,0.00650907928221504,0.016297895448653,-0.0138511198420822,0.00820085599197462
134,-0.00158723308348179,-0.00573847429495408,0.00315854621720931,-0.00128472319472478,0.00043208046350483,0.000137045210364057,0.00552735263905746,0.00247105500309827,0.00265395523915837
135,-0.000575506039940492,-0.000384885328416302,0.00217179712767197,-0.00168741951225652,0.00239477838984316,-0.000397293604547607,0.000746963589342225,-0.003516729905236,-0.00353816013378283
136,-0.0132706310097213,-0.00428983115016331,0.0265464559602898,0.0162473612510892,0.0488328586203009,-0.0178644579635075,-0.00182247974210604,-0.0081431802236561,0.014085296067069
137,-0.0235796780972466,0.00968220296673634,-0.00203455332617213,0.0137427076826584,0.0290535419856069,0.00882189684231981,-0.0163501985453571,0.00944686063174547,0.00772275018561053
138,-7.83624534903763e-05,-0.000157239496110045,0.000712583137730831,-8.7607489289137e-05,0.00048748770483269,0.000345321944088308,0.000857925551264105,0.000502822948073053,-0.000415409549067972
139,-0.0231022726048535,0.00813599109644513,-0.00799138047173414,0.0268779964836526,0.00535109868505346,0.0083313283268534,8.08059803668213e-05,-0.0202076421124538,-0.0407309460513311
140,-0.0185018274314617,0.0210590881509072,0.0226484031793951,-0.00744571057626287,0.000177061291468236,-0.0333375059319069,0.00257366215205839,0.0112634057808618,0.0204056804056896
141,-0.00553798865826992,-0.00654796454119616,0.0186487662077013,-0.00969414175906348,0.0179897248272972,0.0133873375569281,0.0280422540027365,0.0112532371718631,0.00130273622932332
142,-0.0181405162322864,-0.00244884240369515,0.0107629125180924,0.0420786599290186,-0.00579347671475091,-0.0178553943647712,-0.0123115098353165,-0.0319508036676212,-0.038264752774995
143,-0.00729381849707621,-0.0242247743704366,0.0105651263689856,0.00217919881245912,-0.000539455558487177,0.00840611279232371,0.00905544414015228,-0.00253754255457796,0.00891695227303286
144,-0.012372042335885,-0.0285091869648613,0.0158474270995215,0.0124838040460847,-0.0194482427410617,0.00512268955072904,-0.00619359586854443,0.0220367111484491,0.0175846795561823
145,-0.0321591335660539,0.0285081843943732,-0.0212562716632072,-0.00163324700829624,0.00897182506525322,-0.00286917788504757,0.028756659039669,-0.00720303060027393,0.000906228199909012
146,-0.0255284950181708,0.0143337047858098,-0.00916716360239042,0.00221971960159248,0.0125491286091247,-0.0287373968938337,0.00452842526135203,-0.00808730858803256,0.0111615591462727
147,-0.00990816169529166,-0.0257517040125891,0.0167137993521014,0.00709251842745866,-0.0360995272477689,0.00566061104590871,0.00111081793450007,-0.0163682445364667,0.0136066623414953
148,-0.0172732748028484,0.0187848119773415,0.0122883902615204,-0.00278065042805053,0.0097101802655408,-0.00347579474249876,0.0177213348103585,-0.000212263628161761,0.0177954834156026
149,-0.0159757693761533,-0.0352786680589482,-0.0221090700640321,-0.00390620621909718,0.0093135521354232,-0.00610613708354102,-0.00230732395364273,-0.0179941767844365,-0.0114076297152293
150,-0.0144132333745002,-0.0243912111408559,0.00300964585939409,0.0151671881170113,0.00781453660224666,-0.0246430000408338,0.000392599503444399,-0.0291557824738006,-0.000493709988834419
151,-0.0145756562901779,-0.020841967604502,0.0125195100297836,0.0133102724584452,-0.0104674714009675,0.00908099405843155,-0.0291548424140813,0.0137439023761033,0.0159022258278782
152,-0.015010057119287,0.00606130151532179,0.0204456283094853,-0.0025616294422185,-0.00231340444248103,-0.00350885792446844,-0.00951414470038919,0.0140966840253649,0.00101653688124719
153,-0.0146679116616319,0.00833542766549241,0.0249264892912443,-0.00152033685931889,0.0167165638730248,0.022884242786954,0.0232781828206951,-0.00292508363806161,0.0180869972744356
154,-0.0166952072636058,-0.00972088576888854,0.0115717811587995,0.0188576183244389,-0.0166501735990791,-0.010390002479471,0.0191158035434524,0.00485731488767551,-0.0139356867124967
155,-0.0132570799944128,0.0174748453935117,0.0185955359690522,-0.0122884823754347,0.000744921700036982,-0.0123267012196357,0.0228917562474351,-0.00843906657527073,0.0171241383515459
156,-0.0272302586714674,0.0245181621350257,-0.00916880135122926,-0.000440773515042327,0.0100649794846951,-0.0191076215584852,0.0268496017470276,-0.0184816598042584,0.00580841407437029
157,-0.0259592232940205,-0.00201194866621478,-0.0282618384342388,0.00766050610832716,-0.0315921924037191,0.0144593341105868,0.00325657064391552,0.0195148585158608,0.00416892605113483
158,-0.0218198954174633,0.019727652300703,0.0129311807714069,0.00254335217491835,-0.00523139804282064,-0.0212422764673823,-0.00881167040943787,0.0014388949099821,0.0334177465722506
159,-0.0216739055050507,-0.00305439164588824,-0.0106258319326798,0.00651701962450031,-0.00133327067104905,-0.0269152750393135,0.0042131677951105,0.0316284756620016,0.0398439855828398
160,-0.0227608707298334,0.0234705102788558,0.0124011919443431,-0.00514015893443093,-0.000937478990097201,-0.0210812260975102,0.00954130017250356,0.00867670648015446,0.02367982086522
161,-0.00898352586757652,-0.0102485987059389,0.0188807809867908,0.012361101809245,-0.0164568576391805,0.0288472734194697,-0.00605444297383765,-0.00643142015236155,-0.00418812234087151
162,-0.00321598936615891,-0.0136703854154195,0.00437320872997888,0.00292779698015319,-0.00197488111083646,0.00174248443832526,0.0144621518578672,0.0006836677406111,0.00225830558957013
163,-0.0142821676264835,0.0137695236908356,0.0324246163325227,-0.00103782917368564,0.0296427391068551,-0.0163408069564907,0.023203723485525,-0.0286174212905598,0.00638635461977707
164,-0.00895201328581061,0.00440709778878615,0.0203782738175774,-0.00398389263644721,0.0226594189375402,0.000244890562750933,0.0265781681701586,0.000966797281388491,-0.00883817526395337
165,-0.0173221306657894,0.0209548663413929,0.030560201684916,0.000924422338709059,0.0038548480805155,-0.0100224822300789,0.00896379995602531,0.00394937175291407,0.0188470410556029
166,-0.0138098474476962,-0.0163863645481839,0.0257666589494159,0.0272314650377542,0.00995844414109839,0.0213929031893955,-0.0302684810165524,-0.00949681474444233,0.0213632468236917
167,-0.0144579729596702,0.0141720799700535,0.0197383470903484,-0.00995864499636557,-0.0104464800142489,0.000499830511538775,0.00428640435369091,-0.0226307378048315,0.0378076119934837
168,-0.0118586097416815,0.0160412110802311,0.0253574748079054,-0.0137030839588869,-0.0111992150147636,-0.00226479546758316,0.00636459044544975,-0.00452217584040015,0.0280931262024529
169,-0.00903241751930811,0.00920014479266558,0.0311573431986862,-0.00449980246909814,0.00577368108008385,0.0110412806943988,-0.0107774639981146,0.0131251834971725,-0.0196508379343096
170,-0.0179520188089168,-0.0069080703600408,-0.00025793492303967,0.04125470087329,-0.025260771110116,-0.0181563065786835,0.0173237770696812,-0.0122691080561005,-0.0397601602930564
171,-0.0197028867082921,-0.0167724077006253,-0.0101366776565295,0.0209330719681643,-0.0236357659030508,0.0190314800468287,-0.0402402617886806,0.0177218054489776,-0.000767761609703611
172,-0.0101303821328078,-0.00546746330034116,0.0310014924468458,0.00261358116478378,-0.0344192669763419,0.00545058561905463,0.00177763322850735,-0.0169047987809919,-0.00022378549928116
173,-0.00872525575563953,-0.022843476351603,0.0123168978881613,0.0061965329974266,-0.00711339589049849,0.0117190887681442,0.0051361478924091,0.0101171106779268,0.00951770030359822
174,-0.00753393161909872,-0.013471740108449,0.0161171855820501,0.0179123317154167,0.014389969722021,0.00617720973591619,3.26253255567012e-05,0.00224981717341193,-0.00207551772244564
175,-0.0208071730843615,0.017467364496264,0.0113190477510664,0.013757722995646,-0.0092752560872609,0.0137190754574289,-0.036381614951847,0.0113844454322326,-0.0202093503319862
176,-0.00662858944476111,0.00160687451178926,0.0232935418792724,-0.00554403389932524,0.00258772344458573,0.0175330940823215,0.00996693298725469,0.00891470538579377,0.00738384189912628
177,-0.0111836482692151,-0.0175294607746137,0.0178295641841287,0.0225565032741731,0.0287766554015483,0.00905601293541059,-0.0142559210114266,-0.0149029865884056,0.0124471906642407
178,-0.00996697483760143,-0.0266432265442885,0.0180192974692008,0.00122052311081372,-0.0146534484902041,-0.00107789703380331,0.00973246744630178,0.00291203853909076,0.0132569519043817
179,-0.00839648143569237,-0.0248246268771823,0.0201809897874483,0.00821557659305139,-0.0118706057196505,0.0103285676533822,0.012154405880464,-0.00111294482307432,0.00782181483062484
180,-0.018426981528896,0.0204557074208845,0.0140281390796017,-0.00792626119789586,0.00521398146375422,-0.0111438284475714,0.0278924567677597,-0.0170410942119171,0.0256406257711183
181,-0.0131549708922853,0.00850947710253392,0.0284629967027397,0.0106286375284198,0.0217386268631648,0.00352695889618905,-0.00620682384103918,0.0151361374957788,-0.0225507838530979
182,-0.0152064125104158,-0.0136674113065938,0.0129626507925973,0.0236688696262653,0.00333688721827106,0.026197232483646,-0.0318269024073366,0.00933436239167954,-0.0129666835995146
183,-0.0144051615532416,4.19774344416951e-05,0.0277825760157761,-0.00477420786029719,-0.0363427885135822,0.000757572044487672,-0.00468896226578311,-0.0226556816491801,0.0103668731773913
184,-0.00794186510112713,-0.0142397987624728,0.0105786000893816,-0.00380095718830816,0.00212968827806525,0.00471808243281984,-0.00412874622330318,0.0111401371888873,-0.0163940998065042
185,-0.0138787550927649,-0.0302343169458693,-0.00183121760816023,0.0165350939466527,-0.0311383656533614,0.0147768379324517,0.00460315426034551,0.0039617366349827,0.0234643565159279
186,-0.0101697758694843,-0.00633066038816463,0.0264663357361852,0.0145064271260867,0.0122055821549666,-0.00707729912520489,0.0147053348031323,-0.00873665912901168,-0.00567184317642661
187,-0.0016832450089267,-0.00283052839206706,0.00310809496003275,-0.00086933059974869,-0.00266694719098935,0.00311215057350834,0.00056015145784242,0.00460212467519901,-0.00427797749720092
188,-0.0118276199934157,0.0082667203286404,0.0163311580477355,-0.00214769394943186,-0.0112466184487494,-0.00327645154189796,-0.000653771031276627,0.0171644404780677,3.60077263541461e-05
189,-0.0192407103141288,-0.018048093631859,-0.00585125849494028,0.0376358892140949,-0.00333002446167284,0.00644060134544129,-0.00526961415677657,-0.00918751148044927,-0.0209649199833286
190,-0.0122250036128382,-0.00729537055133428,0.0244521811332927,0.0182515041804626,0.0449595513466293,-0.0111961957106613,-0.0172121901105975,0.00292266443119434,0.0138237050325444
191,-0.0156546537083911,0.0136092676143136,0.0210161697444344,-0.0114128917908219,-0.0219411885555922,-0.0128583290409596,0.0186987872267584,-0.0100563585428512,0.00967745265842464
192,-0.00673171140779741,-0.0171776030699171,0.00938593845766615,0.00809358720704594,-0.00156284941644524,-0.00208868493443721,0.0159462107960563,-0.00258409657205022,-0.0141219967983035
193,-0.021799850039472,0.0151986908957427,0.00427664679203015,-0.00117157421477319,-0.0263398073179226,-0.00995178621655025,0.00559647453676404,0.00347014257058294,0.0387871632559596
194,-0.015158902220911,-0.0345382846464292,-0.0116451351416233,0.0124771425840346,0.0257777900799968,0.00777558141634148,0.0302985713358851,-0.00566940660809158,-0.00584392969545511
195,-0.00486206275854455,-0.00774256135677076,0.0164072756910466,0.00179756739290397,0.00251587631456363,-0.00615703237482499,0.00560466486008812,0.00213801067918195,-0.00704853335043201
196,-0.00918316757154295,-0.0123748457279288,0.0191850886542172,0.00828228734146357,-0.00662620089503304,0.000598575269948657,0.00274535504608998,0.00968976369972297,-0.0157778390948793
197,-0.00800814268569771,-0.0131383589236717,0.00898038059080513,0.0132290705058565,0.00454618751765793,-0.00142654892738659,0.0162860873315936,-0.00632223946238463,0.00888758475566106
198,-0.0158027009270156,-0.00562048484412911,0.0177137052541125,0.022687390346481,0.02460973674627,0.0151302283921478,-0.0092447281990568,0.0131879663046995,0.0209993991487538
199,-0.0132968572133397,0.0150221605389234,0.0277805030697664,-0.0124093422784172,0.00336056795956884,-0.0351640307934745,0.0156832350795093,0.00143496455690869,0.00616058828046023
200,-0.0146581519438387,-0.0207710410254718,0.0197905894711943,0.0325850295166136,0.00409054986562896,0.00143466434037212,-0.0189840314608979,0.00536627284100969,0.00825592892098062
201,-0.0145081508026382,-0.0289347547386361,0.00324231000536092,0.0173881370714254,-0.00484461047912193,0.0240792246131806,0.0191658677950333,0.0155116133510897,0.0134871380441236
202,-0.0126448360198138,-0.00380715122987325,0.0279909688170868,0.0142022177386724,0.0433736900377374,-0.0206000208141351,-0.00523963907148324,-0.0149895492026349,0.019777124249126
203,-0.0160151898874652,0.0159884759551554,0.0161216072218021,-0.0085651158345466,-0.00645801847565956,-0.0115361592161017,0.0183262140246155,-0.0176541402338077,0.0142887893790243
204,-0.00978756767570177,-0.0033327926534807,0.0231008330328774,0.0100835458252139,-0.00420955112327365,-0.0132471727414682,-0.0109438196739195,0.00913047193999843,-0.0181467993716744
205,-0.0115587255095963,-0.00569839015630889,0.0200168533968979,-0.0177227709896992,-0.00340665938522211,-0.0215230021073294,0.0130888181646995,-0.00156329711009173,-0.022697866176162
206,-0.0121993531642751,-0.0299282422762429,-0.000103180484761216,0.0144885520793113,0.00216273610802811,0.00137097736119186,0.0127014984497584,0.00855269476444548,0.0089073212260505
207,-0.0033329668989676,0.00119271115930583,0.0117429281526511,0.000370100000603768,0.0080194796329746,0.0085925674518512,0.00171459782842515,0.00475546785247099,-0.00977377670436312
208,-0.0183844275335309,-0.0270665630361428,-0.0222980176725671,0.0216686126815918,0.0112373391854749,-0.011841948635778,0.02429784016092,-0.00951637099720819,0.0237931008211552
209,-0.0108491679036093,-0.0365241668565977,0.00530031373171296,0.0189852807840341,-0.00843859726211001,-0.00238920232664682,0.0231847329968468,-0.0113466948032775,0.0253023268443192
210,-0.0183967022843338,-0.0187620216944606,0.00128549563886194,0.0359887075848276,0.0175372193573782,0.00240239025207618,-0.00958780549923633,-0.029308823130601,0.00684847767522045
211,-0.0165378431179663,0.022417458095377,0.0223809996336646,0.014051903961641,-0.00452859560989266,0.0197589219012959,-0.0213453406899332,0.0195752188667968,-0.0511304262615184
212,-0.0116206813223704,-0.00203441301249206,0.0243602118616399,0.00245285198244887,-0.00363135269973585,-0.016350282573673,0.0140968334563486,0.00652921605070926,-0.00190131054360828
213,-0.0151479296773486,-0.00281228223940772,0.0223033363960677,0.0223022487553765,0.0323122925751128,-0.0105999815385345,-0.0144545585015868,-0.014558139987226,9.60864058512247e-05
214,-0.00900239832271433,-0.0139326941216437,0.0196899623179231,0.00840011380154022,0.00132976186794769,0.010222552955055,0.0157806614253881,0.00242978657190699,0.00529161272556059
215,-0.0049440474082069,-0.00999377408365923,0.0118188875488018,-0.00639233442326501,-0.017451511710112,0.00481619994253738,0.00393575161982783,-0.00172031724385383,-0.00586665231154514
216,-0.0199622493290515,-0.00279832002629974,-0.000180690439277061,0.0228981227995787,0.0292294436738012,-0.0139817162627416,0.00206562357175288,-0.0197781198113086,0.00231291013456339
217,-0.0288169451928208,0.0220825305845578,-0.0138771728415111,0.0115539007980637,-0.0233192474034029,0.00973220463189161,-0.0125787820376305,0.0201345908497925,-0.00388625130464774
218,-0.0191665491935602,-0.00315076552836095,0.00986496709722777,0.0122474642126284,0.0316029009633289,-0.00652444414909753,-0.034849530576993,0.00379636348235519,0.0248064782342946
219,-0.016525609519572,0.00690471177782886,0.018812985057721,0.0162804479172817,0.0210726715654453,-0.0527815372492078,-0.00570811149530496,0.00376238134142352,-0.00365654324159128
220,-0.000253375329670771,0.000866380139796719,0.000389350590160601,0.00015381208701688,-0.00149903854193986,-0.000821940797387191,-0.000666995468813744,-0.00120821051018915,-0.00289960221392353
221,-0.0119187135108245,0.0111341499995134,0.034453847995352,-0.0103767128323821,0.00125676635079601,-0.0267733696329025,0.00913181924063948,-0.00825293648369391,0.00470420771320899
222,-0.00479013212625865,-0.00764112699152448,0.00919816302566405,-0.000849750900378565,-0.00332351713679124,-0.00160209902821752,-9.66182591693548e-05,0.00169982060911146,-0.00775415375353334
223,-0.0144368190522863,-0.0249551377347045,0.0145298649672092,0.0205137753993952,-0.0149389317002485,-0.0150284979612152,-0.0122324167082926,-0.00519725041350188,0.00377969202967853
224,-0.0204367722504887,-0.00230478092816125,0.000897118998909887,0.019303158613925,0.00858608239975399,-0.0330828838250569,0.00808325239693059,-0.00823816556216295,-0.0105588816812894
225,-0.0217564399046854,0.0244418863830837,0.00135756344457878,0.002254656362049,-0.0091355395546361,0.00373766117433145,-0.0170168987890943,0.024113881235403,-0.0454558427723085
226,-0.0252785983127196,-0.00707441450048717,-0.0195923807831177,0.0238333042970275,0.0139042108078458,0.000723214255179776,-0.0167058081865541,-0.0135616027691696,0.0166899630843842
227,-0.0197162590242445,-0.0154331350357343,-0.0176611950131109,0.0229832787740988,-0.033284505198626,-0.0212408842499112,-0.000523521181737048,0.0298194678201895,0.0131678857287714
228,-0.0111926681166516,0.00574298030897306,0.0247980513915624,0.00399141797014716,0.0158525979601309,0.000142521944608251,-0.0128463393994623,0.0123385160348422,0.00560926244606889
229,-0.0263784825881994,0.00683831366831401,-0.0212013113923303,0.00809024625586498,-0.0274451967953334,0.0260533222749105,-0.00546435484755642,0.022059935812207,-0.010126531801116
230,-0.0164245795910623,0.00133219375918068,0.0192010596368624,0.0137695442309265,0.0448222217754606,0.00330927331044923,-0.0226267606316141,-0.00344496993911789,0.0148391257706317
231,-0.0154094192080258,0.00608588590384648,0.0208035655179836,0.0171587296833063,0.0367029278261923,-0.0119740989961545,-0.0221999845845665,0.0142402129471873,0.0052922184899985
232,-0.0094719323901494,-0.0118522434932903,0.0232243240237924,-0.00379602605643874,0.0103840113617447,0.0152726668150188,0.0301709403731992,-0.00232041458072819,-0.00800844138915485
233,-0.0137514624654877,0.00586793937469527,0.023404005795408,-0.00917925684873134,0.0102369420700399,0.0400430642535774,0.00388980023022231,0.0155657956092348,0.004739802891876
234,-0.0102455048259348,-0.00233182545740574,0.0251932221087495,0.00100570159237151,-0.0265996078655384,0.000616564611809878,0.0156548666362816,-0.0161748426530533,-0.0234827036498399
235,-0.00951283205068537,-0.0146073201193703,0.026307220636142,0.00188918669875337,0.0118597255523923,0.0131304181124271,0.00768496355423385,0.00244553876832589,0.00702765959982834
236,-0.0146131658805554,-0.0227107375792528,-0.00690953817815708,0.00398904942363115,0.00238534279264841,0.0165332538917324,0.0437329645033245,-0.0326166206842783,0.000203079732657028
237,-0.00280353240527467,0.000714035215531653,0.0121451439062135,-0.00605552735480827,0.00765356307589811,0.00629750945165528,-0.000173515235988538,0.00313795508438832,-0.00245910282755831
238,-0.00381164833367677,-0.00451811976067845,0.00890033467672164,-0.00357494179546546,-0.00291267224656638,0.0105310222370059,0.00777127038794548,0.00346216588821348,-0.0020872108947637
239,-0.0043212941077411,-0.0101046734598594,0.0022656940690659,0.00303968231979945,-0.00767442333263491,-0.00146560865871569,0.0158785019650353,0.00655209736558761,0.00514524222258126
240,-0.0319748635511163,0.0144729948633676,-0.0276619817415775,0.0178241460939277,-0.00855467652911623,0.00913236459719813,0.0146427888308645,0.00426374966754422,-0.00316520420407454
241,-0.0247906718322573,-0.00128848211827907,-0.0207893627372981,0.0150773958233426,-0.023562673029783,0.0145713990316116,0.0111167296942596,-0.00128791727310202,0.0228243260415093
242,-0.0134595396662854,-0.00119801874868255,0.028580509189597,0.000240488671438016,0.0295452649502899,0.00412180868456808,-0.014840636059573,0.00800186323038263,-0.00938995319987091
243,-0.0216328115810637,-0.000111977530342743,0.003185908614361,0.0274039491912945,0.0320967006029503,-0.0119442090727957,-0.00767143255230581,-0.0323631141232564,-0.00800133032681922
244,-0.00736307089068515,0.000756320661835065,0.0290110637674404,0.000799320788197763,0.00631501147048973,0.0209634264238733,0.0111287876983014,0.015901940464388,-0.0152748770613023
245,-0.00812642131510822,-0.00500399015543176,0.0225551355233403,-0.0134777601512601,-0.0105462178570941,-0.00456869335848323,0.0150430085891629,0.00688408469504439,0.00217016565001103
246,-0.0173172373931476,0.00661901881256056,0.0193835134795326,0.0108808668083254,0.0405694551416727,0.0073966101937957,-0.0217986072985181,0.00412800525862607,0.00862746391539031
247,-0.0253754814572862,0.0249910329257311,-0.00229148472093534,0.00784903754444929,-0.0224712668329303,7.95257828969526e-05,0.0217567634368427,-0.017575080337045,-0.00221678640654209
248,-0.00935236339842961,-0.025266174676783,0.0118140843607903,0.0142174383995036,0.0107950733784328,-0.0168338352996514,0.0119396642176857,-0.00466951565507323,-0.00189174328002433
249,-0.00753315920582522,0.00675936091307043,0.0261288726074674,0.00227648885518989,-0.00822415969265147,0.0129553877562482,-0.00846455451893757,0.00792005149489189,-0.0337217986219465
250,-0.0140031821653149,0.00770665060950582,0.0246359039055377,-0.010994149400939,0.0106198813062129,0.0140851992899525,0.0154695361803749,-0.0158660416047784,0.0260104289780324
251,-0.0145138334707902,0.00484527885951283,0.0336004750484839,0.00885690978332136,0.00791709754019998,-0.0472567668284596,0.00968397025126595,-0.00655945992021866,0.000633819542784113
252,-0.00987458688381155,0.00482959245942316,0.0237511186300191,-0.0176973924532303,0.0166358934887507,0.0281011866943989,0.0307424262973012,-0.00538913438367289,0.0114394297164911
253,-0.0124527924460991,-0.00577841157576717,0.0246370615056273,0.000450561909010711,-0.0170580853671616,-0.0262609007768163,-0.00201426372824503,0.0086182429582204,0.00572661876589383
254,-0.0352934732962669,0.0288780380033025,-0.0236994988215974,-0.00660079487525185,-0.00742410399245112,0.00833761620552468,0.0165371293699818,-0.00763656480670481,0.0117624636990025
255,-0.0194758512157877,-0.00772418956978462,-0.00210185220974677,0.0259556332309678,0.0409311907110231,0.00593656756904323,0.0082345790266713,0.00753755900649738,-0.0132699232923059
256,-0.0197108584959776,-0.0107946460913985,-0.00224464815241376,0.0155734488426269,0.0219514286374476,0.0450923580194195,0.0323554591271533,-0.0273530903078151,-0.0072316520518435
257,-0.0100914777193249,-0.0345173227385136,0.00524915616657333,0.0169171822160091,-0.00118551294014107,-0.00407532942248492,0.0246632055384602,-0.00103287073228076,0.0252008535919774
258,-0.00223927851398762,-0.00949004497465082,0.00495435467787869,0.00812830388797848,-0.00547612591174134,-1.59032193776186e-05,0.0101138664538171,0.00540544508936972,0.0127427080932186
259,-0.027958148253206,0.00829555733161593,-0.0239063098564923,0.0177156827891495,0.00467476305790996,0.00109096483788346,0.00242772681596234,-0.0202002947056937,0.0135490345221553
260,-0.0251098477683463,0.0208122360949696,-0.00924160980366517,0.00831938311551334,0.010601127019081,-0.0129261118522138,0.0251059500544709,-0.0238147180972932,-0.0181015058789006
261,-0.0112045634166751,0.0119053659503722,0.0363677598338663,0.00193011244637702,0.0100357919938311,0.00208285690826365,-0.00309748712207574,0.0125320098069131,-0.015096127565211
262,-0.0133404517979605,-0.0222392116158618,0.00718286135175793,0.0175927150217002,-0.00997599726000589,0.0178251596087378,0.0168026605116577,-0.0153558913100006,-0.0179656247061049
263,-0.0125925522678899,-0.0253842058882733,0.0158879938949345,0.0272337227641044,0.00643387248088673,-0.0036438787405301,0.00772170296275923,-0.00976091171068324,0.0119894447880585
264,-0.0110765914098438,-0.0115386023412628,0.0190180788142521,0.0207412976066387,0.0487528425467203,-0.0179001917607425,-0.00699722962032539,-0.00809795375884835,0.00678301835875604
265,-0.0124183287975786,-0.015104485615607,0.0210234653331168,0.0199695751207777,0.0152130846661011,-0.00873063730534633,0.0100409650371323,0.000244512284656072,-0.0205397635467889
266,-0.024173686054675,-0.00436311935280954,-0.0195135248626169,0.0133485199562867,0.00332267479343924,-0.000251351326461112,0.00474294366688807,-0.0186507885689799,-0.00301584613924415
267,-0.012926868991781,-0.00103497285315515,0.0303787771423431,0.00871569969970758,-0.0304374308764822,-0.00295362497523148,-0.00458073116444433,-0.0273487069808602,-0.0107867686672629
268,-0.00510972424676897,0.00240201473627011,0.0246732230424628,0.00889517644937118,0.00948464399129254,0.019920452326679,0.00983343998730675,0.0139333163356959,-0.0144572614439498
269,-0.010498830876106,-0.00337965459824875,0.0299824828376817,0.00454065067717575,0.0106062308943632,0.0185639479287112,-0.00627832468762807,0.0122124167448454,-0.0145285266711597
270,-0.0130245272812513,0.00615990804346022,0.0245780111623604,0.00906969859808744,0.0341395073487514,-0.0051119481692126,-0.0104017442282312,0.0155471631556181,0.00588580550093242
271,-0.0175866376149172,0.00605071386749449,0.0106315486751509,0.00107176885032115,0.0294703739301759,-0.000524171883987788,0.0285741177292581,-0.0442428338209294,-0.040102008219932
272,-0.0105294178392712,-0.0179219272138844,0.0188436538957886,0.0071409439394521,0.00572813058507394,0.00352675855462382,-0.009165501010721,-0.000652734940971816,0.00384172266765716
273,-0.0130418822844524,-0.0271269213652895,0.00479938507348507,0.0220536986400387,0.013110417868685,-0.011470330509462,0.0226425807938964,0.00283148471153018,-0.0045692644484482
274,-0.0190053623320064,0.00300704509893035,0.0182106543217678,0.0230965322308106,0.0100642642944873,-0.0338021813096332,-0.00664188656756468,-0.00484049088863573,-0.0206399969270177
275,-0.0210376173873897,-0.00837123106755206,-0.0032821035175894,0.0289779446361873,0.00287966782702573,-0.015703522467674,-0.013168486797522,-0.00127876243415329,-0.0193718928235427
276,-0.0168375140497782,-0.00518597109803992,0.0111221666602844,0.0254862589607937,0.0393264123181212,-0.0136258116298249,-0.00268101625896039,-0.0186145255258064,-0.0126120044105892
277,-0.00591668190738027,-0.00690788641732664,0.00867702836689626,0.00652099666751459,-0.0208171331496327,-0.00303890121667542,0.0158491726790848,0.00734648032471414,0.0012738592272108
278,-0.000606270449332158,-0.00122158038041845,0.00201647878888347,0.00108278929376797,-0.00090691226472615,-0.00219947239718179,1.44061161644624e-05,0.000927241820585022,0.00104242373487496
279,-0.0071158575554888,-0.0184035144476379,0.0101350851188375,0.0162344901106719,0.00602719187539175,-0.00788714839917896,-0.00174479379854502,-0.00210253626171203,0.0215359347176271
280,-0.0212023751467514,0.0107092544837759,-0.00241551032523361,0.00836061936164652,-0.041943757001658,-0.0120350083088811,0.00451807497467182,-0.00531654954124617,0.012435509021305
281,-0.0133178525987661,-0.00506056786201175,0.031299292874569,0.0265962498250865,0.0459036339863996,0.00387889776135255,-0.0319614568365803,-0.00431960345854603,0.0053525225208364
282,-0.0200498584483553,-0.019352805173796,-0.0253598654672687,0.0211745368591801,-0.0153206447094207,-0.0418244010092662,-0.00544904312965684,-0.0160307687563283,-0.00937396820059742
283,-0.00832657677109284,-0.000201719983269223,0.0259796046521006,0.000987822317200189,-0.00643047751042362,0.00202764743615066,0.00437233004936359,0.01248831131986,-0.0128036404156892
284,-0.020537727410399,0.0216316196653821,0.0142976696316604,-0.00629531518490845,0.00806362365659997,-0.0196075286396982,0.0203375400159436,-0.0132291318008859,0.0162603942547251
285,-0.0321189997230397,0.0236585560875912,-0.0211118076742693,0.00965109458483433,-0.0161739986842646,0.00290945261517987,0.0123277875911488,0.00988482202585476,0.0143064134913753
286,-0.0110141912705567,-0.0188883689009876,0.0137135684760595,0.0250429072623141,0.00561622263571343,-0.00406366135519767,0.00783757107088456,0.0142433290819564,0.0213900359899661
287,-0.00926397765895504,-0.0110646652271814,0.0241723975702333,-0.00273963829911185,0.0049433765129603,0.00781991645578024,0.00558160997486925,0.000779195174116327,-0.00527725065142829
288,-0.0337089655628635,0.0231535177060314,-0.0280452942939293,0.0121321708133131,-0.0276146302750271,-0.00104115649841108,0.00414985778907025,0.0160773288408842,-0.0112564192482724
289,-0.00960237497494086,-0.0130041279574066,0.0205161479795472,0.0144964356127411,0.000845170646756688,9.15547864454156e-05,0.00273344003825307,0.00885198478813918,-0.0140919094859863
290,-0.00939160947725962,-0.0250302816807473,0.00119856322597816,0.0207659828888253,-0.00172080028062424,0.0174864145174906,-0.00663520606264815,-0.000149283868824744,0.0250215227222752
291,-0.0185356455713794,-0.014722162104562,-0.00973523089575618,0.0335667555000561,-0.0254042732451661,-0.0187068324190614,-0.00357234720976552,0.0201647930812675,0.000576983462626787
292,-0.0270955452909735,0.00902328106586503,-0.0163655619419976,0.0198882877781012,0.00479547230627644,0.00735481091979671,0.00443246090749776,0.000473222552671742,-0.0109223118962824
293,-0.0107691469632813,-0.0292691450414335,0.00629031702642237,0.0195575728381929,0.00730822692514365,-8.56946217192074e-05,0.0155830174998765,0.00088108689740721,0.0138980609564775
294,-0.0146681558841023,-0.0301978492882705,0.00668195760393398,0.023685395006542,0.0172581771212237,-0.00657965864325266,-0.0047275762218193,-0.0103730809618178,0.0399650397693382
295,-0.0177678222173949,0.0148636996090431,0.0164045349132005,-0.0141271111874957,-0.0106171986072069,-0.011234326553485,0.0201324321810056,-0.000719195709409862,0.023064984130936
296,-0.0113058836939302,-0.0102399689367579,0.0182332523206383,-0.00152401173606639,0.0165713999480907,-0.008336358081639,0.0072626340668532,7.29727302251994e-05,0.000672730240819387
297,-0.01112453566915,-0.0145799092677999,0.010727832257646,0.0136125308475138,0.010842205249421,-0.00243671654051773,-0.0333568991253959,0.0107427727501333,0.00766411451684859
298,-0.0224010854886268,-0.0210236425542593,-0.0266436949635182,0.0244646350557428,-0.00207181334699224,0.00604694333757131,0.00228949754195645,-0.0208290844708944,0.00664036633797257
299,-0.0190189233981234,-0.0281932334910633,-0.0159186079704853,0.0275952455588099,-0.00681582866513283,-0.00447509364409077,-0.0040047129179766,-0.0326181245760902,0.0329657303021476
300,-0.0179422780419313,-0.0284113637038759,-0.0127004548430604,0.0334708378458727,-0.00182363803145097,-0.00308548892626911,0.00277112728112792,-0.0218166413418412,0.00266315463145276
301,-0.0130211532386543,-0.0305175509018593,-0.0116205648957655,0.0199693234003816,0.00698527245743347,0.00137642060217659,0.0224309958925082,0.00174768287581436,0.0205560127062641
302,-0.00162469274924019,0.00236279675195843,0.00977486134984589,0.00216326402204716,0.00755585892077806,0.0177054801174553,0.0139097207762728,0.00791778559071561,0.000483275433927661
303,-0.000542612095350568,-0.00145587798246116,0.00266585026254766,-0.00032266766706847,0.000650015774907771,-0.00149517462673726,0.00123513918062832,0.000958584942158357,-0.00165139487057729
304,-0.0110345075035383,-0.00759319731705408,0.0183959338176376,0.00285974093730847,0.00355640894780524,0.0266310980545713,-0.0168728102884438,0.0146292907489097,-0.0115972576148459
305,-0.00951354695720402,-0.00392601403400391,0.0224136039361892,-0.0135491714728013,0.01887650631081,0.0421910883581739,0.0286961662618034,0.00099218351240097,0.00829776944667619
306,-0.0248573409816785,0.00120890662147146,-0.0246610776117379,0.0113182469138401,0.00326021305289102,0.0175604720592679,0.0259883405246303,0.0254266663105559,0.0282936616742657
307,-0.0100786554547524,0.0110109298989214,0.0417010617353275,-0.00810023706500381,0.0101019061391813,-0.0299099054525133,0.0062260944523146,0.000435885917416994,0.000114242809596657
308,-0.0237520048123268,0.0255569038960714,0.00392743406609322,-0.0099724983328623,-0.00341524157272953,-0.00414185886395298,0.0232305076444571,-0.0160852550410318,0.0200590633749068
309,-0.0205932044980457,0.021048800789106,0.00716415729309602,-0.0111743264605162,0.0211797746130209,0.0137499700695135,0.0165977095078583,-0.00579326047397238,0.0201782935972524
310,-0.0361888401421799,0.0312111999702996,-0.0253426656083463,0.00984650541680747,-0.00204389951702521,-0.00171202134968861,0.0183090303119442,-0.00398380976800437,-0.00687783239064508
311,-0.0211543974429918,-0.0112601674549723,-0.00570643869135389,0.0226787445183185,-0.027747213515146,-0.00853881371982863,-0.0256637640462566,0.019251946240833,0.0303884205881678
312,-0.00950949586963383,-0.0292456187104738,0.00806139389744573,0.00791631265744676,-0.0126700091583167,0.00160100127887039,0.0169992207943869,0.0160518703548574,0.0272153147285896
313,-0.0129352807015819,-0.029705185733072,-0.00126507071660259,0.039106960428522,0.00249203652057923,0.00508242868940975,0.0131466060436092,-0.0295695102177385,0.00771384898062684
314,-0.018495305421882,-0.010363451220123,0.0122806653612822,0.0279965982285609,-0.0181399202786882,-0.00425264056868071,-0.0458065650263093,0.0101147160477529,-0.000393026813940823
315,-0.0127277986602913,-0.0239813061790945,0.0182138652649751,0.0129206429205088,0.00338697493606718,0.0144319774306326,-0.0104017647899701,0.0117372214244218,0.0266992111058314
316,-0.00818060002198034,0.00547536729694097,0.0291648873410798,0.00644006098082934,-0.00361303063171716,0.0173652280521355,-0.00395580318292555,0.0303057318964594,-0.0225774282412839
317,-0.0163945415270225,-0.0356689568541438,-0.00676732306847849,0.0291630734472476,-0.000610407712714956,-0.000743329641986106,0.0225242850764356,-0.0106235774932212,0.0114737647871903
318,-0.0144745691066264,0.00664457588140992,0.015418723116964,-0.00144608063117912,-0.019842847415278,0.0237675688169736,-0.0065188829420411,-0.0138186973716233,0.0538381498848365
319,-0.0129289202753075,0.00129964591980155,0.0309311489130624,-0.000657119118526054,-0.0340863428050574,0.00838790614190837,0.00148406797373989,-0.012402121969086,-0.0076180964769731
320,-0.0236818490663968,0.0198644092500084,-0.00239526242768057,-0.0107391476930241,-0.00086205737012382,0.00236384551890148,0.0252354804871368,-0.0281997407672348,0.0183676229040315
321,-0.0114096561958607,0.00231889641388327,0.0250774440143703,-0.00128365183002821,-0.023276147561536,0.0291087190449516,0.00243002095136481,-0.0109188799420374,-0.0201370159344832
322,-0.00714487882292691,-0.0232533268614884,0.00804359321961869,0.0152127828810642,-0.00204407061631097,-0.00162901228097353,0.0274448892152786,-0.00239683222362728,0.00581904578733387
323,-0.0107407451113773,-0.00085809742698672,0.023707311048502,-0.0137113664172498,-0.0277259736509836,0.0122339587527055,0.0109157606578147,-0.00210699518864697,-0.000548098757774711
324,-0.0202890230334982,0.022126446824101,0.0163920144926506,0.00804676010498011,0.00563036990697551,0.00683680913266653,-0.0256684937845316,0.0155437230744505,-0.0315044684690621
325,-0.0155124179559762,-0.0327882289905269,-0.0158276037453154,0.016279399774317,-0.00805071484139375,0.0118335275321898,-0.0101052383014447,-0.00252414038401565,0.0273604323248532
326,-0.0104208389280773,-0.0312222959596785,0.0065853022763235,0.011554746601067,-0.0146263592881084,-0.0164504683451458,-0.000674220912925237,0.00778946802768027,0.010815047699651
327,-0.00515237757938086,0.00227482285913969,0.0147771987483134,-0.00745431434067021,-0.00641514281009777,-0.015031241065069,-0.00321197861037858,0.0024837901813588,-0.0176797231033861
328,-0.0268055964875708,0.00527352054705228,-0.01629581850578,0.0227313737795592,0.00162119445817502,0.00131079049547509,0.00253511568856771,-0.0108236631913085,-0.024078507689432
329,-0.0155029091222622,0.0166935962244005,0.0258687172818552,-0.0120881391498643,-0.0202008669815013,-0.0118918522748599,0.0047077533681304,-0.0106130435346821,0.0289550438459322
330,-0.0205336952254526,0.0102831599883329,0.00833363293305174,0.00783243027460178,0.0394092699480686,-0.00041967828697441,-0.00936160539368525,0.0100757277602747,0.0252764927111948
331,-0.0148377008717107,-0.00348474493291593,0.0313205245721519,0.000145567470836501,0.00207903824375648,-0.00509740400094747,0.0220097771366006,-0.0204026730189452,-0.0130123826344585
332,-0.0110189765321364,-0.0316992953757061,0.00591470457423568,0.0288899607842506,-0.00374012674332424,0.0119052467851077,0.0111826537165843,0.00143769659348123,0.0108637658557418
333,-0.0225032788435936,-0.00711026887412442,-0.0110383464745621,0.0181560978092582,0.0137391304854514,0.0161857894211195,-0.0323128834191493,0.00323457623216122,0.018045424747563
334,-0.00897272659907465,-0.00582609738134751,0.0170886473649434,-0.00171172878449334,0.0185288911191907,0.0249841572834069,0.0262470070382823,0.00772573191362731,-0.00491035961719623
335,-0.0223864380570063,0.0251523182477888,0.00111002512767348,0.000462427625907373,-0.00199374704666232,0.00557561457286679,-0.00436486959193563,0.0195913872792042,-0.0210511712818697
336,-0.0258687550253169,0.00306230345050739,-0.0167944455450044,0.0199424793668723,0.0104515588896269,0.0112129988332283,-0.0194083907346095,0.0145120750675189,0.0101984399127741
337,-0.0168539984073486,-0.0135057354749787,0.0137958678256681,0.0184049028838377,-0.00597921075013839,0.0215067486535742,-0.00960580265197289,-0.0158840988189166,-0.0167549451124625
338,-0.0113151936162394,-0.0250477662754286,0.009956252210998,0.0218095562918804,-0.0102024589257596,-0.0129772569854526,0.00465477709596299,0.0131465731173879,0.00239053396818145
339,-0.0233022913091183,-0.00147676155402309,-0.0108681997936812,0.0218625993678808,0.00333145305574456,0.0179221255363126,-0.0352520492147007,0.00458630649240124,0.0023414899923443
340,-0.0266891594436263,0.0261053449095986,-0.00534007867068119,-0.00435518496384305,0.00508470109064726,-0.0187710110443184,0.0200228607154096,-0.00419891806820211,0.0105644708257734
341,-0.0222058256189782,0.0139366024656246,-0.00035111785374601,0.00555920292425687,0.0261817027362716,-0.0292298028805474,0.0175950596122711,0.00222998530790089,0.0076042492326936
342,-0.0160578824741872,-0.00686030860359902,0.0165117727137364,0.0212201290046387,0.0436589937726667,0.0134584799668879,-0.0250807023029653,0.0080966030919353,0.00572498304753546
343,-0.016704684355124,-0.0127386833626429,0.00801266799015077,0.0226739907425993,0.00724720490484872,0.0102991939933546,-0.00902428395828646,0.00568693234310088,-0.0122324299725151
344,-0.0222265836929183,0.0214797871475181,0.0128169360016267,-0.00427642650140147,-0.0212949947479585,-0.00593440828689722,0.0062194508830561,-0.0114859351471319,0.0355204818522106
345,-0.0134131888258858,-0.0081254462831365,0.0282597970203694,0.00310278126641282,0.00132494507856298,-0.0235543355902768,-0.00381653396952956,-0.00221364079229844,-0.0228995412062045
346,-0.0111386606122369,0.00759646610337792,0.0253466521023168,-0.00464948272454976,0.0226638455409601,0.0197586277894651,-0.00168076299338035,0.00627411811031644,0.00359979028587695
347,-0.0323787739492653,0.0335668576082066,-0.0178622368528251,0.00566124638465465,0.0075839003518907,-0.00333769917437484,0.0216899987972084,6.28439853665125e-05,-0.011035760865538
348,-0.0278480434458009,0.013689149114214,-0.0187994102563178,0.0120950369270681,0.0125100228895541,0.00467945588136225,-0.00253043595638951,0.00933227095564597,0.0123136765579857
349,-0.0157485847429902,0.00530796449108297,0.0241390216768919,0.0284211343285761,-0.00815964250183933,-0.0182642758664648,0.00288062283323557,-0.0102451867400387,-0.0446151593518133
350,-0.00773165668594278,-0.0225380704461595,0.0162766853616708,0.00752917659861459,-0.00323114417374599,0.000153340502673121,0.00461293611512953,0.00637725382108076,-0.000593969488651094
351,-0.0111727570794634,0.00835311834568387,0.0304758756368754,-0.00336653546845177,0.0284790027141037,-0.0110139956403427,0.016155992584938,0.0150765228493501,0.0169440591054891
352,-0.0165235290134211,-0.000484754012222352,0.0234012013202444,0.0161087824782392,0.0458839915594148,-0.00305256929308952,-0.014513376639348,-0.0233447889071247,0.00140841072875504
353,-0.0184850546057778,0.00539725623193027,0.0152452349074595,0.0014101540940496,0.0260814995747464,0.0216453926811862,0.00875637956008414,-0.00776409314147841,0.0245425710160983
354,-0.0147551034115665,-0.0400817246620188,-0.0127964663809155,0.00782836934903274,-0.00815706083900222,0.00990286471492551,0.0224927914056092,0.0235834704100791,0.0143012606904402
355,-0.0294357306399902,0.0273309193801097,-0.0131708729957685,0.0034302297516017,0.00976050693056742,0.0158297954292579,0.0273289279442691,-0.00579805537073171,-0.00346782363498424
356,-0.0118872288549806,-0.0197373792802853,0.0206126994140715,0.0158400509728815,-0.00926276457707102,-0.0127479966987247,0.00860780593253045,-0.0148706922282906,-0.0110644911066727
357,-0.0141981671682929,0.00302116789939107,0.0185282405476154,0.0073165857705849,-0.0290537542031772,0.0234439789367936,9.35331558299599e-05,-0.0114472976204577,-0.0131919260361473
358,-0.0253972273661767,0.0237848251020693,-0.00908684230029193,-0.00362091117950751,-0.000339852320219856,0.00419244159526612,0.0108972795400679,0.0214798673006588,0.0293096590496674
359,-0.0243779293506151,0.0259213285686169,0.00428859904021149,-0.00439303267026233,0.0100399718359132,-0.000171197107897782,0.00796379548454747,0.0102959877578822,0.0125181424266034
360,-0.012095938177897,-0.0232613806845246,0.0130097470681702,0.0238920052426803,0.00436744525298212,-0.00176295192519701,0.00592032614529807,-0.00893049931762399,0.0196414984155389
361,-0.0188253277340154,0.0174661655539983,0.00800365448323856,-0.00176013636338837,0.00192920416131746,0.0194014506280789,-0.0133653036268942,0.0257873948595291,-0.0143436884395974
362,-0.0167189751252326,-0.00187710275192435,0.0207169677660311,0.0165118515734306,0.0163440058394622,-0.0084128224468577,-0.0337659353355972,-0.00215035960269088,-0.0089355405821178
363,-0.0177836929321213,0.00150578073326412,0.010159720287256,0.0319583268337745,0.0191055120161403,0.00427168570590747,-0.0276668570160945,0.00904001532141329,-0.0189179168984654
364,-0.0218799122452261,-0.00822612425576513,-0.0101563821662018,0.0144421126080486,-0.0165851816347755,-0.0353812969022106,-0.00256034567672848,0.0261084596214046,0.0171606378996875
365,-0.00905167080626124,0.00516406617182604,0.025204836779331,0.00203578296719773,0.0188407295851023,0.0214312589954989,0.0136792879751272,0.0137021872533127,-0.00027625214159154
366,-0.00834019744048806,-0.0184412620018624,0.0141527748783332,0.0131316039250054,0.00212211502152137,0.00239460712543891,0.0150142182510009,-0.00888886292057347,-0.00513761181865065
367,-0.0189671521231044,0.0139286470927281,0.0184078158849679,-0.00328567312827372,0.0107178307621582,-0.0256543785336554,0.0147792716784202,-0.00447979550257865,0.0265566009144699
368,-0.0270602749632444,0.0244889729964952,-0.00805295636245284,-0.00190290221205284,0.00936750297811595,-0.00580795276507473,0.0234775867941155,0.00852027813259661,0.0223721044685532
369,-0.0115088184207646,-0.00526481419514672,0.0310544623157316,0.0107279387911401,0.0437111231173987,-0.0177321267861859,-0.0179454877393176,0.0129278709973719,0.0116874315525064
370,-0.0162094681049555,0.0147161871119119,0.0190699168046467,-0.0177924615117449,-0.00690426288075912,-0.0123872471720678,0.0211653607300053,-0.00980997014422339,0.0223213706941817
371,-0.0263631119825036,0.0270798007751549,-0.00248512386471921,-0.00420725184901316,0.00720954709403591,-0.00673507451799731,0.0154302532477997,0.00207165796053723,0.0250434197333148
372,-0.0170140501639567,0.0023135306545659,0.0135067821218868,0.0270534802320148,0.0399340607618467,-0.0139825183269874,0.000386383997487446,-0.0162770655004403,-0.0124961464459382
373,-0.0144817799919277,0.0068232754162611,0.0292878386310723,-0.000691988186415865,-0.0275864748825415,-0.008132530585389,0.00990463352058496,-0.0125453072818919,0.0009798456356346
374,-0.0196445239168489,0.0157916347931192,0.00969842566128411,-0.0085079518397434,0.0153941230935356,-0.0193263458335499,0.0188056847324515,-0.00252037555186796,-0.0250914170104639
375,-0.0101512423579912,-0.00846095436709484,0.027428666462377,-0.00701100783928413,-0.0131068999807147,-0.0276284333796256,-0.00704850301429898,0.0134599855610032,-0.00563100444677674
376,-0.00539325245920333,-0.0191957620256961,0.00559610581120001,0.0036658719535102,-0.00769262219971947,0.00234129188149348,0.0136904884289578,-0.00618777490820445,0.0101572370811878
377,-0.00875690347318492,-0.0118429625458007,0.0171092168327873,0.00975102326065837,-0.00658510637976119,0.00730879423540824,0.0107577543782391,0.0061699270644467,-0.000699030458967558
378,-0.011375253665078,0.00987454582577291,0.0352866100971204,-0.0112069728090858,0.0090156605593732,-0.0143118852481949,-0.00726922936697558,0.0240847946995489,0.00475478988240864
379,-0.0152233605296602,-0.0236880052421951,0.0108150799566022,0.0266646964347461,-0.0109645773288899,-0.0277811702760139,0.00461988397481888,-0.0182818721322038,-0.0234557620454357
380,-0.0077088943464418,-0.0321128918373898,0.00257755054893051,0.00629858107100852,0.00731132409914285,-0.00624873926397566,0.0158583684730864,0.0102037471262455,0.0300191591693808
381,-0.0133749720365213,-0.0302117039369084,0.00196297126577706,-0.0107993680325892,-0.00843536110075423,0.0193963127862324,-0.0045556894572894,0.00566303829245307,0.0119762006391894
382,-0.0114861404124676,-0.00250558342579288,0.0300606796965266,0.0162776116966645,0.00479495251378468,-0.0169775915524131,0.0109104118510173,-0.00380319017969822,0.00169757793009275
383,-0.00792797729372234,-0.0197833862389942,0.0128234262205752,-0.00821546938282105,-0.010543592630918,0.0127466054852532,0.0171312156774609,0.0059460514842242,0.0100230798999755
384,-0.0080034461245282,0.00850813387118201,0.0266060099707982,-0.00888892819149153,-0.00102202465674835,0.00507788131759549,0.014428789732889,-0.00571891117422506,0.0069652495628807
385,-0.00917365353096167,-0.0112205628510151,0.0231931720341572,-0.00506609683579799,-0.0124575176920415,-0.0104452028473301,0.00219218729478962,0.0193493563552798,0.00516316817418564
386,-0.00135624197569887,-0.00411046056050491,0.00327426265479073,0.000549102445751708,-0.000514527392637874,0.00180902649353339,0.00184691199809036,0.00154033768116637,-0.00167740633639119
387,-0.00241134894096882,-0.00253426116718528,0.00681029241491483,-0.000821048618674011,-0.0211607879177576,0.00925935940687068,0.0103519954548637,-0.0156901013369155,0.0055378140957736
388,-0.000816897432468854,-0.00442386550556528,0.000177219798712574,0.000621865186654855,0.000669938462409837,-0.00135544964816028,0.00273052534953849,-0.000340426724207216,0.00314303007208718
389,-0.000880438953442972,-0.00263627804715223,0.00147355073305168,-0.000321919499247564,0.00156361078126178,-0.0041062346630731,0.00213335973460714,0.00184188634357489,-0.000208468338622414
390,-0.000196184466956482,0.000663980036277817,-0.00117888414129216,-0.00203858361919627,0.000767541480573623,-0.00564214219091317,-0.000824481766277089,-0.0054510546582627,0.00043332960895537
391,-0.00261547690059603,-0.00104168098497654,0.00813571082048993,0.00418845589405149,0.00514913640049435,-0.00785193473660955,0.00916092901505967,0.00157009920293709,0.00177457916699668
392,-0.00995931697668615,0.0169199213414228,0.028725451791937,-0.0143946064863937,-0.0136813954242584,-0.00711274172196644,0.0113205394820679,-0.0161390206863819,0.00319350660651148
393,-0.00418420534869428,-0.0155407778551807,-0.00193029977979106,0.00974752666053908,-0.00196198223139968,0.00322194974923598,0.00914828162309327,-0.00125641370146353,0.00158036903475556
394,-0.0135895458321881,0.00698630285424196,0.0238495751425927,0.00269249774777735,-0.0500687861717696,-0.00085011526945046,-0.00216577066499764,0.0100521286737515,0.0131718579284071
395,-0.0131535020218258,0.00564319884414624,0.0347329066959105,0.0115119506079918,0.0202809253888754,-0.0111800400890279,0.00404195149424179,0.00227481471824659,-0.04297806305386
396,-0.0109271490280135,0.0053677251208692,0.0278268009059019,0.014076248444916,0.0147421552467911,-0.0140662490374139,0.00357274082271047,0.00435990391673628,-0.0389568224226924
397,-0.0183026199488822,0.00902506158899676,0.00700393842326932,-0.0044961303462001,-0.00636736085689383,0.0253118832932905,-0.0163954307116942,0.0124735753730187,0.018662787905344
398,-0.00597483733199247,-0.00880641849454459,0.0175346971909014,-0.00151078782384584,-0.000990269113216604,0.00323451306250731,0.00010204429023105,0.00689924744893805,-0.0087451000264902
399,-0.0207369141865388,-0.0130412727307473,-0.0199543702658092,0.0173369513790773,0.0286866043902917,7.01001454444814e-05,0.00805388350998039,-0.0246961673594758,-0.00124368453643286
400,-0.0123983024311137,0.00855397554312146,0.027800141929708,-0.00190099560043352,-0.00201534137490955,0.013845074705692,-0.0187492124889584,0.0110769109009847,-0.0245194109637114
401,-0.0111102252808295,0.00218750550828798,0.0345337058754726,-0.00308247993975259,0.0183147242772079,0.00261654957860177,-0.00401618655577483,0.0150510342317545,-0.00642428685493689
402,-0.0118657478959645,0.00901464778431206,0.0296236475635278,0.00474068203898178,0.0174424803171612,-0.00995085977663884,-0.00313637066000558,0.0069132823471447,0.00434190653602956
403,-0.0107988949991701,0.00150030563344888,0.0228794888067882,-0.0165436465187499,0.00848310771153889,-0.0129699073056727,0.00925513981457658,0.00620285567833027,-0.015219448141073
404,-0.0162196249605011,-0.0166939401032903,0.00326044380608423,0.0238678069163573,0.00443831496590944,-0.000952301367898407,-0.0725233643002877,0.0234327173593895,0.0249034476181425
405,-0.00789518883363064,-0.0101263708301288,0.0211404785876551,0.00740179243144844,-0.000626302031575598,0.00170687712603138,0.00540857946635654,0.00940630873711117,-0.00454436461270389
406,-0.0102884620959915,0.00797537578097952,0.0217191826356318,-0.0051713124112449,0.0101080879878336,0.00877426992322956,0.000596831682018525,0.0299432493440628,-0.0161409529993431
407,-0.0127239616103763,0.0174442615003762,0.0276821458813136,-0.00850114291546098,0.0119649604490289,-0.00670612718505341,0.00745617196648128,-0.00408902231099529,0.00619115581369744
408,-0.0155372680800128,-0.0114766813625012,0.0165519647576731,-0.0194055680309444,0.0301828963041034,0.0186703031325658,0.0127843683536785,-0.0227943310468939,0.00398738729764621
409,-0.011005032587428,-0.018888707065308,0.0270278744914935,0.0111598684865121,0.000438851023431012,-0.01845718112551,0.00330690603297143,0.0160884555016976,0.00701742760339016
410,-0.0152482219793715,0.0128314375354646,0.0319160823174965,-0.00800038183462064,0.00689294891937667,-0.0279919915283154,0.00617237211361172,-0.0109158156257111,0.0143016875277872
411,-0.0110988283611798,-0.00153995079549115,0.02505225758161,0.00725833682358171,0.0146703327848105,-0.0157921816070984,-0.00379285705656206,-0.00041200901136007,-0.0241611274649964
412,-0.0131446430666302,-0.0357186941483946,0.000285390234866963,0.0312309657144773,0.0157388256352851,-0.0100410220348686,0.0150779085900719,-0.00711010285043352,0.00543620847135276
413,-0.015571632210628,-0.000950544641760149,0.0176038283905066,-0.0162516549413689,-0.0325255242867126,0.00123393335386205,0.00815936252047369,-0.0177243146979963,0.0149095163335968
414,-0.0117305536388744,-0.00138513678053114,0.0177108503337414,0.0175976816529871,-0.00743713886258311,-0.025123562672074,-0.00958699673995643,-0.00487618063940186,0.0059644915768588
415,-0.0220567649887632,-0.000131719525705078,0.00426212971336036,0.0346972022076346,-0.00343472674117577,-0.0353566417764652,-0.0117302282053729,0.00323694794047738,-0.0434751990942197
416,-0.0112113511424983,-0.000472095846600352,0.0168339618370564,0.00186317000376075,-0.0139790468984873,0.0323455887540645,-0.0265886027141944,0.0304327144585971,-0.0164132493755969
417,-0.00679649058269128,-0.00953144154817496,0.0203082361431684,0.00265258341535032,0.00941342606425852,0.00151881244212441,0.00514433755675133,0.00361385561152129,-0.00683655365590665
418,-0.0224589768663016,0.00472918362124694,0.00088257662375584,0.0192455925350524,-0.00489893059074788,-0.0374041836586154,-0.00582876685845712,-0.0021001256371809,-0.0110004170776746
419,-0.0158069683235584,0.0194144685397987,0.0150689617417313,-0.00777422863873749,0.0166617634096525,-0.00918638050258978,0.00074047453872051,0.00581561541100845,0.00020556444444619
420,-0.0104812565276399,-0.00324984017857457,0.031868144022845,0.00427851635737709,0.0141408463222392,0.0175309966354025,-0.00171483603039514,0.0158224095384349,-0.0111241374005097
421,-0.0197883682527083,0.0239453274795049,0.0113178393685184,-0.00810131622188756,-0.00338212853444178,-0.0150971174762788,0.0247489141248401,0.00748188879338386,0.0083463080815232
422,-0.0153834949615114,0.0130382275510516,0.017135297915895,-0.0152413983759288,-0.00910267631324326,0.0211226623594276,0.00413396807167901,-0.00300248947986423,0.0171388909323101
423,-0.0115871311775449,-0.000659243100059361,0.0295923150651369,0.00388681806742338,0.00504954513720612,-0.0345157367171913,-0.0028375280891544,0.00362545053157907,0.00225416013972131
424,-0.00850033153182271,6.59634437035486e-05,0.0228390161455522,-0.00038319569176765,0.0154920329774187,0.00928778297447304,0.00012224557961588,0.0192783482394906,-0.0145288513182854
425,-0.0120919014771163,0.00944868974103835,0.0315716477977161,-0.0110519924400076,0.0113072250252202,-0.014163721923273,-0.00967833215388024,0.0133563614793237,-0.00403265649279533
426,-0.00187907865664142,-0.00484073744790185,0.0034496987870168,0.00183862603484738,0.00143545248761345,0.00734123391777302,0.0013584827116295,0.00349283934903485,0.00531802216554423
427,-0.0271070810646142,0.0186060006682927,-0.00814915603870698,0.00359427194892474,0.0249337839007907,0.00354297978167138,-0.00424947877586165,0.00968468788367044,0.0212066371510253
428,-0.0254339433516398,0.015483431189589,-0.00741302915544619,0.0177577839519515,-0.00838891790817647,0.0088790234551532,-0.0202606688665179,0.0127453079181283,-0.0174873916362539
429,-0.0178615901809683,0.0201116912437561,0.018231218622043,-0.0139663502722302,-0.00724872838069479,-0.00247583092073371,0.0185347123416691,-0.00863656205915856,0.0260897578304009
430,-0.0115477907851575,-0.0204276387630229,0.0109063619222884,0.00295333798100365,-0.0116250718528041,0.00460296672251945,-0.00279184142109289,0.00341711450715853,0.00228750196139805
431,-0.0111773549493208,-0.00890909115014529,0.0094956065503422,0.00641654409077796,0.00339354028982675,0.00865035834577731,-0.0176982516814977,-0.00937649603864901,0.0030400582597577
432,-0.0128529269979679,0.0051923356759592,0.02009143479501,-0.00272457906945036,0.00759970515994786,-0.00822146743953205,-0.00294508717662385,0.0175707238210418,-0.0287156610286714
433,-0.0209806504824446,-0.0237663621738621,-0.0202136486546838,0.0212107680616302,0.0136352380253303,-0.00800831674889492,0.0074620548058888,-0.0276353942824177,0.0188560504433129
434,-0.00834042138718627,-0.0131422319303082,0.0188447706288724,0.00886565503107946,0.0112033567341241,0.00873897856598478,-0.000179232970715677,-0.00183277309472088,0.0136665825396902
435,-0.019906539074573,-0.0158064238734145,-0.0067768286332113,0.0243893988449293,-0.00203491111299437,-0.017253814944169,-0.0141243851363187,-0.0125160386632861,-0.00350869994527953
436,-0.0151780652948897,-0.00524424076073541,0.0262641523573035,0.0169345936713868,-0.0197058285050661,0.0293819745208789,-0.0430647664619103,0.0167110048726349,0.00558905626252048
437,-0.0171061690349756,0.0126324543326855,0.027892896364257,0.0147237121746961,0.0191049161554752,-0.00627788135571678,-0.0135898504808362,8.16104772776936e-05,-0.0141049110829416
438,-0.0146288716473433,-0.0178605713099472,0.00737530542744455,0.0160111366565792,-0.00356541040409726,-0.0265354486591085,0.00517182226233917,-0.0036292507196166,0.0323973986657304
439,-0.0108012074044717,-0.0291841625587798,0.0024134967820392,0.0106927813506981,0.0148587277324531,0.00239920083395916,0.00586150965556866,0.00610014406295197,0.0147592984838366
440,-0.0127514093108305,0.000470300789124447,0.0334388704353913,0.00557441856889325,0.0274753769612307,0.00699776933781678,-0.0185428346135497,0.0294670716839579,-0.00299966589419046
441,-0.025935376419406,0.0236798475683016,-0.00657910820103958,0.00451603109311806,0.0140944987026377,-0.0237776081209881,0.0186609869195176,0.0096535592494876,0.00427012686347866
442,-0.0138877127540904,0.00508700351505577,0.0143078868231601,-0.00515160511394242,0.0268980018640808,0.0091073164287446,0.0287183184851865,-0.0200925366020737,-0.00948237143148618
443,-0.0176125375343467,-0.0236664231663636,0.00621585784602642,0.0292163119902878,-0.0210364107432013,-0.0301429880515826,0.00575237374764569,0.0098054778515468,0.00916686984428543
444,-0.032189053740292,0.0289371701902254,-0.0191311777323722,-0.000122725515482746,0.00310819544296496,-0.00777691290028497,0.0237386927351849,-0.0020109278567639,0.0106305079979596
445,-0.014546602835338,0.00419666780796545,0.0209248927766108,-0.0200044309646068,-0.0101300716076992,-0.0212412565755679,0.00856837983013546,0.0064950883647339,-0.0276299240786176
446,-0.0119826571623404,0.00650907084643117,0.0319421863972231,-0.0105991248289007,0.00549481065207108,-0.0475586338147725,-0.00342831619495808,0.00840189337040911,-0.00633139327968351
447,-0.00683238528191136,0.000567641318520392,0.0274318468275369,0.00575638437247343,0.0202789896502637,0.00294713474134159,0.00613936811977531,0.00737632519331973,-0.00898361181154366
448,-0.0126200595461706,-0.0280291606693898,0.00548485862635096,0.0233296155107592,-0.000117522293493509,0.00545202860903352,0.00749287526632717,-0.0140394797773049,0.00456823113484235
449,-0.00781860399720687,-0.00992723829080397,0.0180943790664868,2.39415383479988e-05,0.0120169987180733,-0.00489250452633882,0.00600279451077172,-0.0106786914562629,0.0104024302020899
450,-0.00979309298399074,-0.0094278143083683,0.0269459504305403,0.0105657845114055,0.0113843517261258,-0.0275144590263846,0.00496162951246081,0.00592989561530688,-0.00127588145154073
451,-0.0131175510354709,0.0122172822824629,0.0311764125027425,-0.0190530367639856,-0.00683038940536251,-0.0293485705087283,0.0143556269016502,0.0103215192651126,0.0193156066502696
452,-0.0158906030404326,-0.0124321456532261,0.0143094125601716,0.00946200243651121,0.0017057882066153,-0.0347703969930316,0.0214953836354088,-0.00284872148416602,-0.0163778359600075
453,-0.01872241030517,0.0215268332922288,0.00642160493313078,-0.0105147526480519,-0.00929703069308072,0.0147207866204913,-0.00517453470710008,0.00852131504916752,0.00978940761854434
454,-0.0131285678220405,-0.00904866256003209,0.0223857846547772,0.00562584070347176,-0.000507257115776181,0.0103752057385957,-0.0356543679300084,0.0141006730515096,0.00358407261345747
455,-0.0190941492548159,0.00190659378506519,0.0078206745512809,0.00653701487786871,0.03085072968259,0.00124102915971487,-0.0201131230654764,-0.017658284245241,0.0197274310062883
456,-0.0107813908985408,-0.0193477849586146,0.00946479298684028,0.0289804658247813,0.0199209875796322,-0.0122182275783362,0.0178027143385836,-0.0218803774262207,0.0119159353120392
457,-0.00590729844041325,0.000647328423390587,0.0203851215622548,-0.00151073481268169,-0.00141761362870016,0.00244095747686207,0.00065987042800197,0.0111082925576709,-0.0136735182753122
458,-0.023867616268516,0.00341858905288548,-0.00707248785996914,0.00971826350739938,-0.00376922598399074,0.0130744617731905,-0.0459218548981198,0.00436569954425015,0.00988386208236786
459,-0.00999420445794168,-0.0128458358866277,0.0232009729283726,0.00562382390590231,0.00757835686747744,0.00500423503923263,-0.0082093996069621,0.00734019322084625,0.00530674837628978
460,-0.00996220054245752,0.0125065413894832,0.0275786212153609,-2.19142731155063e-05,0.00412967800559538,0.0105237017214598,0.000153489026674978,0.0142303758218318,-0.0126125873866721
461,-0.0285831478736962,0.0224865645281012,-0.0105715880793696,0.000555199086936715,0.00430304347123199,-0.0162259564430178,0.0165177699095348,0.00309514102243388,0.0188373499550106
462,-0.0228303237209832,-0.00881643212296351,-0.007911806752367,0.0281556178539945,0.0113470218237623,-0.0238366092065644,-0.00418406841921493,-0.0192776018375404,-0.015942087673823
463,-0.00926043981663894,-0.015424406194403,0.0202318042946727,0.0196150987525506,0.00387526877055209,-0.00396537139345088,0.00147045919373077,0.0089391354292996,-0.00804620037000516
464,-0.017521924015125,-0.0121828413366331,0.00945221745053612,0.0290344141585494,0.0209430755948424,-0.0106550523560843,0.00584092609227705,-0.0180670006086404,-0.0317054260006017
465,-0.00656599213744231,-0.00733610458837596,0.0227882713300428,0.00304696032774429,-0.00153120375764737,-0.000201154114480021,-0.00241333533286866,0.00105984131656264,-0.016640479734381
466,-0.0118625155428946,0.00578892879570769,0.039433464887802,-0.00961396030302248,-0.00537438378721664,-0.0208407318575188,0.00484116056458121,-0.0127982302222322,-0.00177222271256943
467,-0.0293767402039492,0.0304257040160527,-0.0114797468250035,-0.00555484466851758,-0.0048190428488681,-0.00064521817088766,0.0319938651413993,-0.00470441214710599,0.00227795506476804
468,-0.0191617571627204,0.00374125670346709,0.00690965182341192,0.0227385657694319,-0.0380868667797286,-0.0148304905080191,-0.00529036536797262,-0.00544731202306203,-0.0216493751263387
469,-0.0180454765116219,0.00156822240586455,0.00932444499900309,0.0246042926190146,-0.0372230324457668,-0.0180152750740307,-0.0305031340718544,0.0103221397326701,-0.0128459524941209
470,-0.0133744153815854,-0.0323395929435335,0.00180725598563275,0.0326661012499368,-0.00542552476122575,0.0043732792834583,0.0148188836961135,-0.0027525873483601,0.0101833631630181
471,-0.0073742244025707,0.000672006972293323,0.0235547564059902,-0.0118823456592394,0.0134007082323216,0.00881930103249567,0.0298786850820669,0.00813733607067554,-0.0188453405819183
472,-0.0142308585952184,0.0128378267400829,0.0204324111014495,-0.0149026641936903,-0.00141792379843447,-0.00173714054969781,-0.00300728350472935,-0.00320723445944874,0.0357866699738875
473,-0.0102614275172581,-0.000105673586110631,0.0306912235095273,0.00542623911354128,0.030074660159078,0.0296857481333413,0.00618281204978474,0.0208481378676259,-0.0107045890766025
474,-0.00950710323445227,0.00953621044067562,0.0284063706813894,-0.0189772757823024,0.00350888303651875,-0.000858269517471351,0.00602216464000902,0.0177076152373593,-0.0140432504921098
475,-0.0111381272984009,-0.0276848948234877,0.0111042591693727,0.0180117061277035,-0.0081465803941002,-0.00753182887680776,0.00540414931714471,-0.00518541325129776,0.0148069956539133
476,-0.0106177662633903,-0.000664822077461202,0.0252605317944413,0.00150565698953372,0.019803622274461,0.0114140421649003,-0.00388797993919266,0.0164046824739265,-0.00746009484948364
477,-0.0176327841300072,-0.00316455014957872,0.0112715003315766,0.0163900213773962,0.00654911172874063,-0.0385776467210098,0.0101969317910756,-0.00882530345851445,-0.02868962402844
478,-0.0171365259079495,0.00275647501972491,0.0222398374534275,0.00984308119210114,0.0286708079216269,-0.0231110288409102,0.000796724466952448,-0.0314925995414504,-0.0119610286167525
479,-0.0211035135081256,-0.0117185200175218,-0.00928659047506295,0.0252521156931779,0.00879160575941229,-0.00526500393271777,-0.0503911016842028,0.0119288323667659,0.0217274845050959
480,-0.0230333779671377,0.0105318741960364,0.00511529428686916,0.0100989439691416,-0.0150847572158483,-0.0394032561091418,-0.00483885527948343,-0.00270175188175541,0.0217586622827227
481,-0.0178135371335876,0.0109164449653253,0.0234444229181734,-0.0136473169418202,0.00938266642749694,-0.0326258180655449,0.0138137602155495,-0.0183966161341714,0.0261142158787045
482,-0.0110548807508673,-0.032553400376979,-0.0058618307802268,-0.00711144293922033,-0.00431780374152663,-0.00205802373519272,0.0143175381740322,0.0133150529819019,0.0143363209708453
483,-0.0103762255406087,-0.031599804135545,0.00547965740622683,0.00936560873627999,-0.0134646586087189,0.0127574462645828,0.00844055060942773,-0.000333483672882195,0.0091767623717104
484,-0.0277016256601342,0.00901402979380917,-0.0148128838385432,0.00895072812542146,0.0218236053798645,0.0211533793014425,-0.000386404729446455,-0.0193794837908039,0.0294179244150564
485,-0.0103568374617209,-0.0096290116187402,0.0164293325490335,0.00866400385843946,0.0204058891192345,-0.0263361895561498,0.00145607064667827,-0.0173583648545109,0.0144469787760869
486,-0.0104978038891166,-0.0121803866067713,0.0268292919189751,0.00562902994929242,0.0118499833969599,-0.00477854839587075,-0.0106757045420885,-0.00570692394783082,0.0107268506717363
487,-0.0233182285887749,0.0190798974645775,0.000833919400385044,0.00838888396363716,0.0305472880103388,0.00246388401929522,0.0058919254841661,0.00117673550596165,0.0020836277609736
488,-0.014148042018046,-0.0288346947033194,0.00216791332126956,0.0230754007578645,-0.0135889838532976,0.00325503082510572,0.00386870574579739,-0.000208055898297633,-0.00640387313694825
489,-0.00829862788689559,0.00964673696279749,0.0291953717141299,-0.0065413361540991,0.00753535786346479,0.00844342999654066,0.00225527018945831,0.00477691135635875,0.00862068359407693
490,-0.00619626201066022,-0.0253728006444734,0.00721643208557803,0.0060280323081473,-0.0123641282729495,0.00270250372517954,0.0174376570113238,-0.000741181821302916,0.019009677281383
491,-0.0140475831478368,0.0123456615652773,0.0346577791288086,-0.0157062457189936,-0.0189478153143944,-0.0218578129056672,0.00666995201066121,-0.0153606436540707,0.0110165583082141
492,-0.0103901070395266,-0.00522696768008073,0.0246081446738142,0.00571897312890981,0.0155051026723224,0.0175117057384237,0.00194183152610407,0.0133662539778284,-0.000541531249613176
493,-0.0144547995089533,-0.0263406509283997,-0.00187785917973677,0.0277209244198031,0.00422096222712486,0.0182345721767383,0.00688994711859425,-0.0236223117098735,0.00645243346292765
494,-0.0218549311454608,0.006939697387239,0.0107619383524867,0.00640186583926818,-0.00756199657134484,-0.0347886422431782,-0.00733193007631824,-0.0142859170676161,0.0249350684981191
495,-0.0266490239229104,0.0124417573662262,-0.00961662713885135,0.0179366065772389,0.0227643550586439,-0.0181988231829876,0.0133947806482082,-0.0163090097829413,-0.0184651932858404
496,-0.0229195012451133,-0.00719323504230607,-0.0182284474580377,0.0207212850133522,0.0133058266446833,-0.00325866069782805,0.00796993093237754,-0.030395034576931,0.00113805367987607
497,-0.00861735802708101,-0.00719848546457841,0.0260897588227931,0.016109438803356,0.0098109841776511,0.00114727985032616,0.0111296308163356,-0.00109084662413714,-0.00475936790914301
498,-0.0138926646882312,0.0193379955156893,0.035131950224155,0.00237946875552027,0.00691086490209592,-0.0355981559862138,0.00478345028986415,0.00666920319384266,-0.0134536398171681
499,-0.0128891987775238,0.0023012301171428,0.0257074729866828,-0.0194531159656633,-0.0346067473113447,-0.00397345934456635,0.00965876419653404,-0.0197592783885704,0.00520440411693046
500,-0.0123133480097948,-0.00792884799360066,0.0304164180764005,-0.00643193179352627,0.0146558313446813,0.0130800545149607,-0.00416426650479448,0.0187564564163197,-0.00256642268099935
501,-0.0208944598225713,0.00925973652446559,0.012422022511082,0.0153629900880785,-0.000492193581353765,0.00672875330606225,-0.0425764838019275,0.0307313992180514,-7.38751920852903e-05
502,-0.0248648289968395,-0.00442763088569177,-0.0207083018903042,0.0209102209905202,0.0104655858409206,0.00492186789993735,0.0124986804652972,-0.0369855962634178,-0.00982553742018038
503,-0.0139712850888101,0.00805652037810258,0.0293122610090264,-0.00220564477073876,0.0268442770474473,-0.00832356085758334,-0.000681878093064643,0.00526230523054059,-0.0117687952344091
504,-0.0172527792422188,0.0127159635440122,0.0231446686089488,-0.00533476572707446,0.014579565512754,-0.0493851718144823,-0.0014162086129197,-0.00653881403493313,0.0344749081576632
505,-0.0107851205303761,-0.00369451465266372,0.0266998963100423,0.00903032643129106,0.00397392388350111,0.0133617078064919,-0.019712611401199,0.0149657406397958,-0.00423156781828204
506,-0.00860202318328913,0.0109948551318418,0.0253829710988762,-0.0105111322977492,-0.0148756613782106,-0.00381318095153236,0.0154615224087101,-0.0182965672087606,0.00864643544237524
507,-0.0156224767351561,0.0155217317210466,0.0235523941209803,-0.00251570495987172,0.0108493776648345,0.025142236961717,-0.0130191570185146,0.0101304591644374,-0.00519675157860064
508,-0.0154250955701637,-0.00902912634205163,0.0197537615828051,0.0113964680668573,-0.0173904084378622,-0.0317152026198401,-0.0155074070784955,0.0153512026806459,0.00339422955417353
509,-0.0153723873306589,-0.0184854560992875,0.0194309997384255,0.00764834751840933,-0.0297747893706833,-0.00827686365463823,0.00357056276745517,-0.00993907868797699,0.00849472604935242
510,-0.0146840382052016,-0.0309498799794044,-0.000941819951369573,0.0316337823570916,0.00162685772645278,-0.0185094433252107,0.00508493667179665,-0.00513295977526338,0.00780086289489364
511,-0.0252939532915724,0.0230520789863017,-0.00379128999077817,0.00742786775232906,0.00744968819181657,-0.00359743393384955,0.0158042718469405,-0.0253627689331061,-0.0285780272073326
512,-0.00827874315866983,-0.0224679532557114,0.0180635516451856,0.00571691682542024,0.00110201767666459,-0.00549598316288048,0.00755225206299866,-0.00158075770896962,-0.0145542765048802
513,-0.00384596360840522,-0.0116850769306743,0.00725464740709082,0.00277252160715549,-0.00118314019232308,0.00643656776808544,0.00286572107467451,0.000733072075104728,0.000639997399342406
514,-0.0361049454253008,0.0272971462067934,-0.0286309189355997,0.00728550894737274,0.000392903011631885,-0.000442543998770128,0.0293983295114487,-0.00526057169412064,-0.00418134350169645
515,-0.0115137822533247,-0.00383992115201251,0.0201244928630064,0.00572404310314398,-0.00142137477724202,-0.00376482729404478,-0.0100469820790618,0.0151094196977137,-0.0208810301015256
516,-0.0309219024864933,0.0192063665231775,-0.0218519619446765,0.0123709266672725,0.00601173110114036,-0.00027005786489863,0.0119250040449215,0.0051766613647079,-0.00113490552189552
517,-0.00143819320719904,-0.00505120174332153,0.00317178720783692,0.000847178745813239,-0.000660706554549191,-0.00515569312319932,0.00789569947152445,0.00652040934137975,0.00693928309192955
518,-0.0228138471439767,-0.000845107658160562,-0.0101792088355921,0.00986138337232978,0.0263673747703095,0.0213300577299621,0.037572134334157,-0.0238751359356596,0.00211541321380087
519,-0.0177751549802357,-0.00166834776449912,0.00256363450606085,0.0196983836797391,-0.0299738223999604,0.0282859704256341,-0.0119204592746744,0.0142783256956537,-0.00827168848949063
520,-0.0127715766455587,0.00413637894236379,0.0298265332756133,-0.0198335609784106,-0.00725717069448675,-0.0143540906481168,-0.00395769265558915,-0.0063899135298273,0.0307405915646589
521,-0.0212681087886569,-0.00995992630104386,-0.00815117414744625,0.0135700797483435,0.033608708161799,-0.00312261746892164,0.0123494031135786,-0.0421397256365916,0.00887653437539715
522,-0.0206089249654445,-0.017323413445595,-0.0130356110988933,0.0312254094808387,-0.00403340984518378,-0.00326516923637173,0.0036063301889355,0.00840344804302826,-0.0268742317143155
523,-0.0128965668647448,-0.00335256600519627,0.0297095089870361,0.00221857190161586,0.00941029323474404,0.0017725599689102,-0.00223088098367582,0.00249378154841316,-0.00210407622202043
524,-0.0156173581275508,-0.0121168095176589,0.0101049873980561,0.0160293688178361,0.0191020811512033,-0.0052177229246497,-0.0302723981821118,-0.00297164004237034,0.0236410165903071
525,-0.0246882664600667,0.000902933480399932,-0.0118436725816742,0.0299913772165193,-0.00920370750293604,0.00373639521981311,-0.013852486703248,0.0040844920356494,-0.00793275503850748
526,-0.0252240802332594,0.0175206753310992,-0.00526755197008885,0.00940672505888645,0.0370829688015563,-0.00360905956492689,0.005338507586326,-0.00108870943727182,0.00754065468755634
527,-0.0110669707105072,0.00253233185903832,0.0187869789887033,0.00459066639777851,-0.0021764833795361,-0.0329114630646851,-0.0047677854003328,-0.000643761789343007,-0.00195549369382027
528,-0.0325875154198749,0.0186994845974147,-0.0266655623893627,-0.00232768313805338,-0.0225054366741777,0.00126595938455373,0.012893330188058,-0.00336048189973543,0.0245020317028571
529,-0.0122489625612536,0.0132299235520311,0.0334380668562531,-1.20455123596955e-06,0.0178032209783834,0.0129700603902586,-0.0157270812551983,0.00115331883663772,-0.0106210097716316
530,-0.0225487858167518,0.0151361103052776,0.00365618610024307,0.0103889269761543,0.00464222577115354,0.0129367935864934,-0.0317295439350249,0.00443411837776788,0.0128639666018716
531,-0.011801265593114,0.00902840671044036,0.0310117880596336,-0.00624803261476758,0.000518348215355636,-0.0361067445420054,0.0116021083467937,-0.00234842576076158,0.00497283481755901
532,-0.000302855157473034,-0.00129915779119213,-0.0010116334417686,-0.000134456184447366,0.000284661351484453,0.00164177229603577,0.00211990144719232,0.000696572415648681,-0.00141673021932131
533,-0.00945929321174056,0.0099631383277254,0.0209860719736966,-0.0103837391184391,-0.0066803907251976,0.0189310856740577,0.0136854145724512,-0.00420041614908181,0.0214549821890265
534,-0.0116318091987483,0.00660012672296727,0.0363401817347979,-0.0124178597236457,-0.00162285488477023,-0.0240597445499169,-0.000467857303323064,-0.0127419089457414,0.00137240065527625
535,-0.0116400057790115,0.0128744336251449,0.031441141613768,-0.00942225900303585,0.00303768492332108,-0.0216601918113096,0.0101132241976178,-0.00206873077966456,0.00888112925828567
536,-0.0172577877438393,-0.0294412252409344,-0.0247676084547015,0.0165787158186551,-0.00657582264191814,0.0163883091819678,0.00174744316046396,0.0105159395889572,0.00986222570606009
537,-0.0140087728082126,0.0012211900711273,0.0293945924865635,0.0264278238439281,0.012607568926996,-0.00134775961500238,-0.0352521039858405,0.0011255214578659,-0.0099702273241675
538,-0.0271632294751326,0.0147105377395764,-0.0145095918289174,0.00439477280493458,-0.0232294797212145,0.0337752283439412,0.00708167294255917,-0.00303967010672594,0.0181653184948996
539,-0.0196702203419764,0.0189699359570669,0.0152445347626893,-0.00560018931796854,0.0245242782702451,-0.00717852022767865,0.00394412672049528,-0.00581392565459549,0.0237855382098388
540,-0.0278693058301225,0.0307048606051037,-0.00578151232624397,-0.00491233247679309,-0.00164351423951186,-0.0172691028572211,0.0121261929059473,-0.0144223641846493,-0.0111632312514988
541,-0.00840543562370338,-0.00897944263429745,0.0141571796224184,-0.00485966165734747,-0.00518097672306062,-0.0179956013638613,0.00930702030864913,-0.00145908326119321,0.00360414553977426
542,-0.0275389585654989,0.0181524604488503,-0.00872775595015545,0.0115129120330755,-0.0224305106335467,-0.0173440294840804,-0.0125597345086249,0.0127905308844858,0.0153353848214242
543,-0.0220812286392593,-0.0184020134695748,-0.00932279714149149,0.0216426705407613,-0.0129963100349561,0.011233913399388,0.0129809086938974,0.00718250649794412,-0.00192796536797625
544,-0.00134045961880456,-0.00705711618739283,-0.00255400251229647,-0.00109505772603592,-0.00215062509241684,0.00051453115025825,0.0072847292696302,0.00341570953167209,-0.00233585839317109
545,-0.01125070435436,-0.000389583186258562,0.024097825493212,-0.0115396216196998,0.0159751070241019,0.0252173449123025,0.0312773122973299,0.0149401416453978,0.0229755934703503
546,-0.00251215778155695,-0.00765767223075805,0.000524804502448252,-0.00392628490839127,-0.000369576854841792,-0.0114862960671273,0.00293236043414339,0.00330866443556333,-0.00136634236848998
547,-0.00438063621574953,-0.0167138033129341,0.00317389622370721,0.00766956555501469,0.00200710826457867,0.00011500986170924,0.00441429109848106,-0.00179923701993171,0.00990199324502745
548,-0.00751302874480937,-0.0152996215621292,0.0168638464931131,-0.00228355737698825,-0.0129544980576512,-0.0117814253196133,-0.00439685917374271,0.00964999737375425,0.0014154599980994
549,-0.0230353758000437,-0.00482824068093939,-0.0130000575851327,0.0285116866635743,-0.0163446961384344,0.0161686273337166,-0.0244855287830027,0.0163637294466706,-0.028515339400755
550,-0.00721240433891415,-0.0230093466415542,0.000532300828057967,-0.00298590521186033,-0.000748598913586761,0.00206996495857761,0.00858184540687447,0.00195634202561798,0.0104217264890279
551,-0.0082680550103829,-0.000369825884414119,0.0299128344522278,-0.00255783981189739,0.00213586223457723,0.00416434177736449,-0.0079264936903697,0.00810965754478874,-0.00911986667017209
552,-0.0106700867681696,-0.0224061892635893,0.0190381752978043,0.00363675327921167,-0.0338388290614259,0.0100339841716928,-0.000626227432985725,-0.0189495880659454,0.0185560768618771
553,-0.00598504826476045,-0.0162879248705913,0.0101264652782988,0.00701344730436818,0.00820238004845234,0.00705884514644968,0.000306007500256896,0.00208953113394816,0.00515330651866385
554,-0.00726221744872617,-0.0234602062398713,0.00582744907366747,0.0183541498897993,-0.00926357503389489,0.00738162908849011,0.0101005393331661,0.00499973969278282,0.00547365667471688
555,-0.0100024214998965,-0.0379711608376204,-0.000897619263344926,0.0121184236993008,0.00332210624311921,0.0272857434280757,-0.00652576250316046,0.000966918759430894,0.0252693200759266
556,-0.0118111005531194,0.00261281668363793,0.0309426632722285,-0.00606464309915128,0.0296759886417024,0.0242160765793662,0.00306715019819489,0.0183582305127137,-0.0190755355076296
557,-0.00923424548828803,-0.0204108486524535,0.000484435918433424,0.0149214907537474,-0.00322504751149548,-0.00275586178380263,0.0104574970139336,-0.00828691975842211,0.00613284958294505
558,-0.0112813506159251,-0.026835785073596,0.0128860852405195,0.0266609491233902,0.00690943372394625,-0.0186719979087542,0.00714668382960636,-0.00378858231489637,0.00941643540088952
559,-0.000997072404861835,-0.00222919433664662,0.00479087708497652,-0.000642036518170882,0.00122280430796599,-0.00251896367306221,0.00228447740954073,0.00184378865172837,-0.00317431451343062
560,-0.00896065197525499,-0.0249629042449645,-0.00140884263621177,0.0170702205180063,0.00516765163157007,-0.0080220518947873,0.0192929525385133,-0.00024954392677187,0.0156837719507951
561,-0.0158497339008454,-0.0172539354529831,0.00898775788817654,0.0355487173932773,-0.0137287920682187,0.00191383577495341,-0.0301022078267912,0.00852895486762989,-0.00959415250802715
562,-0.011687328426838,0.00126720840147099,0.0270432510759049,-0.00497901902867226,0.0212041407968358,0.029526732379805,0.0141567462806864,0.0216563873678921,-0.0118316907792178
563,-0.000502809718035426,-0.000844968017759036,0.000549954437994268,-0.00147153118459027,-0.000611048485292637,0.00139668415903989,-0.00341049284460365,0.00195718213318671,-0.00281306060235764
564,-0.00910530394322476,-0.003439378992781,0.0280943895514015,-0.00788950190143527,0.035135057123181,0.0231484108862604,0.0192572770683724,-0.00140005581565128,-0.00925743117517256
565,-0.00152360042689021,-0.00573143610780591,0.000430649169268863,0.00281074844621771,-0.00801999874251979,0.00069413255971311,-0.00823898843482288,-0.00117346271085565,0.00387523564743476
566,-0.000156724906980753,-0.000314478992220089,0.00142516627546166,-0.000175214978578274,0.00097497540966538,0.000690643888176615,0.00171585110252821,0.00100564589614611,-0.000830819098135944
567,-0.0125449583538664,-0.0151941835147815,0.0201750563540466,0.0166558544362457,0.0183023037655689,0.00559437271092081,-0.00226464595436212,-0.00171487639929391,0.0183285024702789
568,-0.0169987920629128,-0.0287827027180918,-0.00723101103600193,0.0131474137427441,-0.0098817468264732,0.0339927544343734,0.00489223908679769,0.00176846355427084,0.0112411625506154
569,-0.00136871217350359,-0.00257229257482269,0.0035715373110509,0.000224074838426786,-0.00186642443019131,0.000905753917058141,0.000232262811869211,-0.0011380180272456,0.00127320365738626
570,-0.0090274405893733,-0.0269632748411318,-0.00484703865711471,0.0166934406864552,-0.00835956348836953,0.0219377643684705,0.00358789240848743,0.00423403997043278,0.0309640941452493
571,-0.00143846676804128,-0.00529150539669952,0.00303216869991689,-0.00130321241877293,0.000865715136004286,0.000660045975108225,0.00503882348240773,0.00207404645220351,0.0024487136545441
572,-0.0176607494520951,0.00349441645498551,0.00961665945775532,-0.000267862180042799,0.00228002957748623,0.0264925975740519,-0.0217301643316183,0.0193676314382458,0.0217506950318499
573,-0.0204631374755951,0.0192872451257718,0.00717784877876504,-0.00261276777804739,0.0288680613741169,0.0122188598174034,0.0051893456881387,0.00826192261863113,-0.000379123314712543
574,-0.0253368305001066,0.0231501792103399,-0.00451176139514069,0.00319414777585258,0.0252342807335549,-0.0110325440103084,0.0249614084602435,-0.012316259639192,-0.000255857439740263
575,-0.028958145253266,0.024074932548145,-0.014823926686538,0.00127785932807668,0.0106348770453792,0.0204861089762596,0.0170718151188767,-0.00100455756678189,0.0138555741552066
576,-0.0316682619342066,0.0298700558168323,-0.0167732951794715,-0.00422766681782092,-0.0151469651173136,-0.00243278846974777,0.0246840640573734,-0.00232119654466215,0.0143854609114569
577,-0.0302477814956716,0.0245933730337475,-0.0189450788616036,0.00243108522675857,0.0101963592233954,-0.0127605424738886,0.0259343095867032,-0.0189429617074433,-0.00515776890289327
578,-0.000638841389153861,-0.000209868181974192,0.00377242226400025,-0.0025331123193467,1.8243435551234e-06,-0.000796303995970034,0.0055570398691847,-0.00135416453075047,0.00509325981886724
579,-0.0277896861796167,0.0269254866059491,-0.0080322717146117,-0.00431907142808984,-0.0129671887276751,0.00986534876761667,0.0133482780276017,-0.00542341550624575,0.0222686998194779
580,-0.0349100954768451,0.0286379517181653,-0.0265053833273781,0.00703664321210998,-0.0130449351853932,-0.00483667899499457,0.0238852305107036,-0.00308567682450425,-0.00842971512821809
581,-0.0253681181124395,0.00381132008282456,-0.0120992111429186,-0.015595968472857,0.0140871276303704,0.0307659424533125,0.00918024674190966,-0.0171771775605771,-0.00839335945793245
582,-0.0290258063296581,0.0208043495592515,-0.0165126972975559,0.00377261665959042,0.0133319863665141,0.0226001087040578,0.0254730412815292,-0.0135436964431719,0.0057575101292018
583,-0.0227899370353652,-0.000774164866278585,-0.00563344651366301,-0.0207291128685364,0.00949922725361248,0.0416269317094151,0.007472392247177,-0.0179259795011358,-0.00656993039095686
584,-0.0249005699383282,0.021434364239352,-0.00226281156646689,0.0113030589358005,0.0331165261127535,-0.000904413647407786,0.00851748039011879,-0.00455931470770569,0.00454305157365353
585,-0.004496225972255,-0.00796176407154909,-0.00420563643715705,-0.000398580116519985,0.00439746043301293,0.00710889347256414,-0.00814625582090971,-0.0155317357937682,0.0207868270038187
586,-0.0198031419473178,-0.0153081923544504,-0.0156311375748084,-0.0440594460097716,-0.0166957121728376,-0.0285730511004725,-0.0114430094840199,0.014871220472931,-0.0336221892053779
587,-0.00869561094489394,-0.0145228257006665,0.0265469739479246,0.00877147096076882,-0.021594001757898,-0.00997799655489765,0.00520740264331106,-0.000231180550415628,0.00353264833334284
588,-0.000235087360471128,-0.000471718488330132,0.00213774941319249,-0.000262822467867411,0.00146246311449807,0.00103596583226492,0.00257377665379231,0.00150846884421916,-0.00124622864720391
589,-0.0135165505498656,-0.038631940558742,-0.00392880623255865,-0.0024804501056336,-0.00564903054686569,0.00339383361882023,0.0125668186303105,0.00192107609840343,0.0197887800801234
590,-0.0123163738542949,-0.00217445887320668,0.0307351998428729,0.0205678149807991,0.0131260897514159,0.0130456259020869,-0.00803845191479133,-0.00124832693303657,-0.0056199500254085
591,-0.0149936016089482,0.00104478491062527,0.0236922677947134,0.0171677759164452,0.0460808470289268,-0.00873531509207229,-0.000850651238187431,-0.00802309493307996,0.00536294881724306
592,-0.00828014326251821,-0.00288223811188593,0.0230040560678785,-0.000959391011543961,-0.031280069870523,0.0151690362962046,0.00522526293329517,-0.00102207498088048,-0.000645575767049664
593,-0.00116196198852023,-0.00410246950092809,0.0024310785006813,-0.000835503943358704,0.000465785646254704,0.000133249063071078,0.00376221516297855,0.00190529706851244,0.00160707958384511
594,-0.0335830499469614,0.0175175192090962,-0.0316724945848855,0.0108769762447125,-0.0215604881631535,0.000358428062315955,0.0144696929528874,0.0157553771238763,-0.00263579364899758
595,-0.0100233201628399,0.00197062023978429,0.0307510893294436,-0.00760545809134163,0.0153022820333895,0.0168672852510451,0.0266499164681944,0.000408145225397189,-0.00883253311134374
596,-0.0210532388205891,0.0160590128634644,0.00801419566271006,-0.0203556029436839,-0.0259471692945358,-0.0094853337846817,-0.0121090117153835,-0.0288359243001666,0.0314713540038603
597,-0.00969505237509993,0.00675654523696281,0.0283293064629708,-0.00703939862441226,-0.0345329300594499,0.000465289921809421,0.00773463393310172,-0.0310199566207824,-0.00122506274412291
598,-0.0120745924384078,-0.0043443274026261,0.0176120150373576,0.00755259952626286,0.00460347108750225,0.00132224102038783,-0.0118220977260574,0.00153801759641825,-0.0059923045557387
599,-0.0125290840567516,-0.0263024103715005,0.00991202847504198,0.0225301053871927,0.0406485450762217,-0.0040408804904756,0.0200795901092726,0.000719123012794672,0.0192018517469562
600,-0.00389096061464315,-0.0111244964731113,0.00853343103777729,0.00401277745739948,-0.00792699863612567,-0.00484397464600252,0.00411503443562692,-0.000327929155039792,-0.00605168015945769
601,-0.0136877281862554,-0.0365193919992299,-0.0307436165767853,-0.0253292366567388,0.0132975125366088,-0.0125072929083182,0.00572300891945971,0.00631921711311134,0.00437855497791608
602,-0.0182662706034796,-0.000584586419962434,0.00649207567051059,-0.0167996156445368,0.0150418703279044,0.0420249799707394,0.00429447882992312,0.00287373240587186,0.00312527497208211
603,-0.0076004540180783,-0.0275942004811446,0.0063406574031414,0.0193621438950532,-0.00562513004919689,0.00500342388266555,0.0269090232715036,-0.00140591859989649,0.0125196203499396
604,-0.00196424470191761,-0.00344612219931569,0.00220598659843878,0.00591264516387241,0.0130087679804989,0.00488047559280356,-0.00645829466430193,0.00234121069256422,0.0153374292328862
605,-0.00779462000768622,-0.00824277957840787,0.0219281487305477,0.0144630478425443,0.00889373514979206,0.0010347253449358,-0.00593442746170999,0.00762290674808684,-0.00549633935854061
606,-0.010881594686889,-0.0375908047286283,-0.00291158965446094,0.00384659021963164,-0.000873086513430963,-0.00836971244118092,0.0134115262826451,-0.00940568003576303,0.0297033069991852
607,-0.00132488081731936,-0.00370333095562106,0.00283151354663971,0.00620430532411814,0.00600249314387472,0.000778543143415967,0.0106654132239768,0.00371566507355391,0.00708498673338672
608,-0.000336900384850995,-5.30632157914317e-05,-0.00339458035134866,-0.000789618735386247,0.00164305577798999,-0.00692287661029736,-0.00297058615999086,0.00807319021424687,-0.00502642768376277
609,-0.0050139590263092,-0.00693619173547932,0.0198157407330947,-0.00785783634357696,0.00488128703503879,0.00622349183512596,0.00622027703127302,0.0137194853487539,-0.00579620763498182
610,-0.0161427558540386,-0.00893519739454218,0.0285573357109624,0.0251642588467263,-0.0269590599459871,0.00236518076045778,-0.00984251033806249,-0.000715008363303895,-0.00477414882385383
611,-0.0255145972326429,0.0160144304588894,-0.000822151189967368,0.0209831089437027,0.00710321850689831,-0.0286675676850099,0.00148858487900233,0.00831161942043817,-0.022517663452339
612,-0.00320088351886,-0.00963638461450892,0.00544028786683219,0.00357580080929826,0.00257253961640316,-0.00997340807892443,0.00324692669448277,0.00942869123569205,0.00158883477756766
613,-0.0075237793663059,-0.00183200053811874,0.0240087620704261,-0.0139065683303019,0.0161875732865142,0.0268008137357445,0.0197117904257207,0.0179995028956963,-0.00887678476633204
614,-0.00676643441630715,-0.0285131957251809,0.00417874032386333,0.00428548726549773,-0.00594744109445358,-0.0116909479142734,0.0188698200230166,0.00196545243599295,0.022145642510928
615,-0.00867341419125164,-0.0247833503070361,0.00730505860125426,0.0101332483154046,-0.00667450310161213,0.0159472347280985,-0.00635216356573678,0.0165818861328425,0.0123968423262898
616,-0.000838343050197177,0.000176441210910733,0.0042255368291981,-0.000722124413682831,0.00182788551302418,0.00495667997612717,0.00600103795686911,0.00747081813441382,7.12765228502165e-05
617,-0.0170136583511066,-0.00663463564662895,0.0258669230441656,0.01196428667318,0.0184303867511154,-6.88350527081892e-05,-0.0178226771969485,0.018380970989361,0.0146851549166534
618,-0.012150331158863,0.011907678167018,0.0282147635594636,-0.00790139966133014,0.00967992697788695,0.00744279626292894,-0.00773016149586132,0.0227292963330671,-0.0130027936610161
619,-0.00822358818790322,-0.017327290466825,0.0125289613504645,0.00922492557968313,0.0121954720145207,-0.0016867485743344,0.00185583205730798,0.000242060253629577,0.0157219259514115
620,-0.0115531507031725,-0.0156867096834519,0.013529177922884,0.0168774484969213,-9.09396894400902e-05,0.0159231552795477,-0.015510691258105,0.00634863403100429,-0.0179500986636881
621,-0.0106717355733734,-0.0106236365388636,0.0234839545134094,0.00750718654253793,-0.00344635201036473,-0.0217794864974008,0.00222044400887992,-0.00227047243684581,-0.00754913357136659
622,-0.000196257019676685,-0.000565547870115089,4.94936104760189e-05,-0.000149900151504118,-0.000143207616582038,0.00113842906701183,-0.000154278974494039,0.000263037148927801,-0.000538163538549471
623,-8.60400324286092e-05,0.000858090202707035,0.00088232412107174,3.93895206329899e-05,-0.00208236997123296,0.00314498331347744,0.00131366164925837,-0.00473040315027317,-0.00393648291240466
624,-0.000748052160958391,-0.00114877670121886,0.000833437063741865,-0.00304072398101585,0.00111078456877425,0.000797525194994883,0.00321998368879823,0.0022400347047744,-0.00218950206114173
625,-0.000156724906980753,-0.000314478992220089,0.00142516627546166,-0.000175214978578274,0.00097497540966538,0.000690643888176615,0.00171585110252821,0.00100564589614611,-0.000830819098135944
626,-0.00701751870386554,-0.031643162047659,-0.00538863845379855,0.0172995149342374,0.00526587811665314,0.0036617740043207,0.0232456465618788,-0.00109440851894178,0.0232217708848377
627,-0.0235170168058005,0.0125818082308674,0.000471418384816425,0.00649960556990275,0.0101718339606702,-0.0279656341360043,0.0168689118926799,-0.0118436473093144,-0.00443142500937932
628,-0.0264912144732282,0.0295696160376924,-0.0101962813756697,0.000634939462395743,0.000263219433085456,-0.00253709720646592,0.0229632496071138,0.000149061979287901,0.00936820652449943
629,-0.00763289645660676,-0.030830570649952,0.00187133115615119,0.0117016070236282,-0.00794245585103757,0.0119226165681039,0.0228552540316922,0.00352201420317878,0.027497986788245
630,-0.0143996896745129,-0.0232636248975398,0.00656189589372695,0.0284467394812526,0.0201463981895145,-0.0144407394886003,0.00819152647840346,-0.0217719666473401,0.0117356604924406
631,-0.000156724906980753,-0.000314478992220089,0.00142516627546166,-0.000175214978578274,0.00097497540966538,0.000690643888176615,0.00171585110252821,0.00100564589614611,-0.000830819098135944
632,-0.00417641221722783,-0.0124303231380953,0.00857246882368236,0.00183798230845235,-0.00254745211063057,-0.00315302935148807,-0.00125325564206651,0.00097992596554025,0.00815542002204582
633,-0.020562280992794,0.0212635418299506,0.0116141844981494,-0.00740299847608147,0.00658412913517191,0.0080064692157056,0.0215424404698503,-0.0161807264621176,0.0269316554264262
634,-8.81195397137194e-05,0.000259188576640661,-0.000279936746768681,-0.000663467811348732,0.00031094430510328,-0.000451112273786746,-0.000496953921862338,0.000465483227162926,0.000221421058346936
635,-0.0082058784856388,-0.00118418868906091,0.0313131836798202,0.00277198794586327,0.0204394968040814,0.0111188501850421,-0.000856094632832874,0.0045353298090318,-0.0124979695387904
636,-0.000727916987128619,0.000950240132586777,0.00224120589590343,0.000845694873454284,-0.00104925184478451,0.0019628278285045,0.00328504585721427,0.00222325720137816,-0.00550053841009153
637,-0.000452079722437407,-0.00165701106558689,-0.000394303717858643,0.00249110615846006,-0.00410864335519676,0.001120804880195,-0.00473110634691941,-0.000700184126228106,0.00222517624520565
638,-0.00944255635761439,-0.0342703424052552,0.0113681362077183,-0.00217410814874697,-0.0104005259184894,0.00164030911374809,0.00970900818054088,0.0125997684105513,0.0134983528703093
639,-0.000502315078747281,-0.00162306581665102,0.00211878980116208,-0.000492962892952873,0.00115040561548827,0.00084066221596229,0.00287559421160647,0.00147633070094283,-0.000168637608587407
640,-0.0231427829702615,0.00770537186662364,-0.00573979210485247,0.00340403969243459,-0.0118374775035466,0.0378576164523155,0.018636649416175,-0.0107514533677958,0.00683982494014411
641,-0.0145766306187349,0.00662409743886694,0.0252245318105999,0.00713247865277054,0.00271573654729497,-0.0274110949368046,0.00423527475332072,-0.00112078980214041,-0.0149754063905325
642,-0.0175276557891324,0.00255556415119365,0.0156099140140092,0.00708510028568858,-0.0182374480122568,0.0374264108549691,-0.0385706360724723,0.00958816064696036,-0.0243311280687518
643,-0.0046833035964093,-0.00815030949642151,0.0158539621466264,-0.0021677129534738,0.00381558303177208,6.10919505119511e-06,0.00401294059246431,0.00521709950012328,-0.000547220674036085
644,-0.0111279896884832,-0.0299264682735406,-0.00430055426035714,0.0223005266548347,-0.0078249016438838,-0.00203927826062462,0.012995367148916,-0.00938161020522521,0.0278639284578283
645,-0.00194651256324558,-0.00924058208420303,0.00261207673944405,0.000292470637429726,0.000640896696373175,-0.000265206373821667,0.0106374051424909,0.00375016496509328,0.00621370249770636
646,-0.00680740497373045,0.00815015710571551,0.0237716972081408,-0.014087721280391,-0.000154536789268856,-0.0178971806042603,0.0124932029456719,0.00658563537819376,0.00944453177081065
647,-0.0125550890735523,-0.0458110613069858,-0.020386433765549,-0.00959849330162113,0.00680908305445354,0.00450251747476956,0.0309735722593986,0.00505937624949624,0.0145238675629416
648,-0.00987978786134646,-0.036461410206345,-0.00345739106934119,-6.98593629565216e-05,-0.00200020261702786,-0.00469529708279182,0.0297410368384202,0.00193883908041186,0.00982175841838414
649,-0.0135256045974393,-0.0435248605378364,-0.0228911104868389,0.00155818130228631,0.00854190771102302,0.00384499613406479,0.0394590554821437,-0.00375733829763597,0.0148419499402223
650,-0.0241302179233902,0.0162653077242025,-0.00287083254507708,-0.00442855541472337,-0.0180818220333445,0.0345217706112403,-0.0254855897261851,-0.0077779681389861,0.034448419083555
651,-0.000432216577903848,-0.00187080060068977,0.00226579383131568,0.00220544516390837,-0.000743578168005156,0.00177072322367376,0.00820389675580692,0.00281140630965409,0.00163974734045135
652,-0.0169806021380697,0.0166396413365742,0.0103316948201235,-0.00498270136018344,0.0133279249168222,0.0073241547406929,0.0166774701975703,0.00732289680824337,0.0100633722519529
653,-0.016707120902536,7.72850534079501e-05,0.00435289558725351,-0.0316469523927792,-0.0238128392939333,0.0123351027349688,-0.0150694399777256,-0.0299216905564734,0.0218353528251817
654,-0.0297214879980834,0.00840661530896225,-0.0238456019800142,0.0214746214547274,-0.00913417656896984,-0.016711334638503,0.00156479882095236,0.000141855849672202,-0.0355978125570338
655,-0.00131622918360663,-0.00663526413178237,8.07366266701836e-05,0.000335627088239404,0.00401107086734057,0.00144015121995216,0.00522747953287252,0.00114752105063967,0.00424660031751194
656,-0.0119008225946911,-0.0261170799696345,0.0055834719815416,-0.0154582408481925,-0.0238421746368084,0.0157891506214564,0.0110671578192276,0.00269487471551267,0.0234175355314334
657,-0.00637544348871617,-0.0279538656202971,-0.00487229940358285,-0.0132675593019746,-0.0102891962492694,-0.00883709982152203,0.0258689363914172,0.0139632999751329,0.0102031146014816
658,-0.00221120150949304,-0.00965812737886967,0.00552012547203634,0.00367255389430898,-0.00938958959815702,0.00203702264673196,0.0114854581971019,0.00401262753428416,0.00447427295563441
659,-5.38889721707422e-05,0.000470370704021846,0.000182361018755912,0.000146120694456619,-0.000336530993772686,-0.000159496951620281,0.000904478846474805,0.000990013478076976,-0.000715465958381074
660,-0.00993047928068795,-0.0227303711993788,0.0128706465302188,0.0258847385856488,-0.00388916485654549,-0.000775012992426898,0.0189317468206018,-0.0125985584449322,-0.00308232676119202
661,-0.00190310761250723,-0.00483199471079593,0.003487876109329,-0.000887928667960892,0.00415251538585948,0.00133324507913835,0.00285603786985508,0.00603487246742128,-0.0037538586612692
662,-0.0115069412196729,0.00931815830832451,0.0205543299399305,-0.0134345552245881,0.0165054529526852,-0.00126039893220229,0.0099560847239491,0.00170176359159944,-0.0043128993409025
663,-0.000890128122934612,-0.000817804826201764,0.00352977591650712,-6.8286544500786e-05,-0.00243407163504476,-0.000768117570893077,0.00455439382654278,0.00199609035052404,0.000259848671064768
664,-0.0120098754612563,-0.00518102355624812,0.0295187562670133,-0.000745146436373679,0.0429739588285108,0.00346406858558127,-0.0102410092425605,0.0146303956765782,0.0282107478577735
665,-0.006823740673129,0.00556049265870395,0.0327185425771432,-0.0242816213526256,-0.0151843990099803,-0.011131912283561,0.00851964844433305,-0.00406840379410472,0.0259133196625418
666,-0.00988788413153699,0.0113742269920066,0.0396900235296211,-0.0187157201823429,0.000183130045761452,-0.024680182176731,0.00556319631363142,-0.00597719016228772,0.0101858466792448
667,-0.015480183108918,-0.0019939763025363,0.0192713666456913,0.0131554090726031,-0.00620073343741707,-0.0494213531856493,-0.000869137492189527,0.0149297389406018,0.00721383248507657
668,-0.00199645510177831,-0.0088300908200817,0.00116225967927937,0.000843893897336812,-0.00525715337570186,0.00174120727477524,0.00431283660248769,0.00314302590344903,0.00318780747520859
669,-0.0108359539649944,-0.0125970807794226,0.0226984818227685,0.0168336262344314,0.00336165947221605,-0.0136416412436834,-0.00565645594837712,-0.0116309575764765,-0.00145053690881403
670,-0.00152022394019772,-0.00702362230281342,0.000398715187530857,0.00471059153317017,-0.0019406007966633,0.00605752416624425,0.0088206852013331,0.00261276663272892,0.00266708354840294
671,-0.0174809752147547,0.00477442357896224,0.0233471491562056,0.0155768175057113,0.00791265067761095,0.0289947019103688,-0.0238529464083307,0.00593764342404764,-0.00513318073008987
672,-0.00143846676804128,-0.00529150539669952,0.00303216869991689,-0.00130321241877293,0.000865715136004286,0.000660045975108225,0.00503882348240773,0.00207404645220351,0.0024487136545441
673,-0.00871981356177189,-0.0334488457507391,0.00474090104937891,-0.0171508753989428,-0.00428560111804475,0.00205349171678866,0.0179309661616197,0.011651372533524,0.00274771314858676
674,-0.0028202948059619,-0.00480754795090551,0.00437305159522236,0.00272519815036887,0.00223261897166041,0.00288844428415698,0.00346573429545719,-0.000565091700800546,0.000155293664963301
675,-0.00689666401604477,0.0110153611157417,0.0297765110842815,-0.0101583465185779,-0.00238164031492854,-0.00418094365318077,0.000805518638447567,-0.000440502293678596,-0.00397666861989827
676,-0.0122538142552013,-0.0305618091087777,0.00512006722700484,0.0138195492939845,0.00826643351144386,0.00909680056024035,-0.0135071412035218,0.00126269366246911,0.0176843625239402
677,-0.000617900878398697,0.000343838164740285,0.00274230255199054,0.00200538344725377,0.00096974408478964,-0.00132099168553221,0.00180049669028292,-0.000341846878822745,-0.00271577698421681
678,-0.0194009883582012,0.00504759696878072,-0.000816903974112762,0.00154071985691239,-0.00303467342122867,-0.036404654791504,0.000934302569732007,0.0169266950192995,0.0182324168611503
679,-0.0211338887383552,0.00649424578111523,0.00590537555450786,0.0161667880817147,0.0235034429570906,0.0126702611341382,-0.0144012765982408,0.00721739616833881,0.0261528070543671
680,-0.0130591349996395,-0.000355178275036488,0.023812990203101,-0.00840043965705548,0.0180435360832676,0.0470187919886808,0.0113257327795293,-0.0059509197781451,-0.00657045073277787
681,-0.00777513909110116,0.000582502804534471,0.0313422554764719,-0.00281929877619371,0.00642711725100543,0.00617893192993119,-0.00910050796699969,0.0150640760139897,-0.0196933348260268
682,-0.00929718830536028,-0.00319681586742084,0.0214348560990197,-0.0171278692341191,0.0274252219605508,0.0133608945988389,0.0139042478524865,0.0103488613986673,0.00147839762261522
683,-0.00188191031345844,-0.00654143666406297,0.00232264559196188,0.0017570403119049,0.00184824827291377,-0.000392683233208757,0.00338754786861666,-0.00101000959666556,0.00529264305113501
684,-0.0202360123082298,-0.0109489799413201,-0.013686394752113,0.0108603077363509,-0.0401519986538151,0.00907854091917721,-0.0139422508432852,0.00435327175803733,-0.00878439901756377
685,-0.0135172747703021,-0.028355589753403,0.00318716359899167,0.0200077537854299,0.017629826457317,-0.0205565950509481,0.0158468778113145,-0.0134114670259947,0.0100997634194108
686,-0.00751855836093631,-0.0132717815629093,0.0167300530223217,-0.00484676881333419,-0.020650033630695,-0.00394898163111123,-0.00452635312149817,0.00703587579288567,-0.0125621950990832
687,-0.00106264399988211,-0.00498490943338492,0.00288546607892047,0.0013574338728899,-0.000580959520783121,-0.000509808096047994,0.00259824791851144,0.000400955705573267,0.00159232409761501
688,-0.010915905063532,-0.0181429092241539,0.0141225256462324,-0.00933934667122609,-0.0243617164213369,-0.00404447998254351,0.0167711586173158,-0.00293699349222223,0.0246388345788183
689,-0.0146589675924298,0.0101455049009741,0.0258801479132467,0.00220089954620026,0.0143514521033762,-0.00121358583391642,-0.0138107988592449,0.011730739998513,-0.00672140921118068
690,-0.0306751607074644,0.011299747205833,-0.0223238406416204,0.0020899482123532,-0.00238818762581874,0.0473903251586836,-0.00768183372727098,-0.0131843360090366,0.0320775069496946
691,-0.0103385885383614,-0.0301542368135415,-0.0105809620719918,-0.00514306963473699,-0.00251182568740852,0.0156211682526503,0.029932362024149,0.00640400525747379,0.00807096533469783
692,-0.0175154497501993,0.013213931939414,0.0145151752283743,0.00645207317360016,-0.0296814548479052,0.007525994716655,0.0170806057214487,-0.00647811924372912,-0.000346150031594159
693,-0.0116713409295338,-0.00316115078916361,0.0311766615487874,0.00635023954539404,0.000578101612172414,0.00408179040385154,-0.0169655676646489,0.0145680854098144,-0.00305924217668685
694,-0.00469791010757966,-0.00854562836904133,0.0130736858780379,0.00394466889722759,-2.8888852818437e-05,-0.00439912539916624,0.00999467275832369,-0.00419706887071544,-0.00826823533645187
695,-0.0189630080597791,-0.0176912317321395,-8.87182335775855e-06,0.0197380704449355,0.0176572465514491,0.0238307067097481,-0.0373216254925241,-0.00818032146681332,0.0337874713794052
696,-0.00108692408453985,-0.00768422177959311,0.00141354261342741,0.00312377938395903,-0.00647771841934129,0.00574381640773941,0.016954595876758,0.00698220011945214,0.00634627116657545
697,-0.000147354111308608,-0.000789735372945835,0.000461617583758328,0.00119264117799951,-0.000849771766409812,0.000546028069614972,0.00331347664672721,0.000943143215985097,0.00122515654025109
698,-0.0106647705229238,-0.0160593051239978,0.0176924203624597,0.00215731826224257,-0.0014710652738166,-0.0250647717444459,0.0049264180056266,-0.00357440014669819,0.00558527057024252
699,-0.00363984563810523,-0.00556212308464428,0.0130047854860591,0.000646426585526502,-0.00352153654535312,0.000745144804045342,0.0108957766383342,0.00401234567666488,-0.00111566344035783
700,-0.0263327922840562,0.0305343780057546,0.00189696162461873,-0.00133322869724563,0.00572173451343147,-0.0132894597122646,0.0214313429048247,-0.00073127494884651,0.014283929919107
701,-0.00156705120110925,-0.00247059265294424,0.00748252294438956,0.00173685912095243,0.00108594274561464,0.00903251218612058,0.00424927823624473,0.0106576078032186,-0.00254836761356709
702,-0.0125097766160683,-0.0189433870079508,0.0115333479839124,0.00392988046669182,-0.0457779374119235,0.0395894262025163,-0.00652705540706161,-0.00465549427016674,-0.0177057070198085
703,-0.0221129648708111,0.0268005383248255,0.00350274192265962,-0.00570056016891657,0.00768012288302757,-0.010103606367374,0.0249306334492253,0.00363066470347406,0.00744174725896247
704,-0.010275751864053,0.0118549116143932,0.0195136840694864,-0.0153518942153646,-0.0180282677899476,-0.00244217276819118,0.0052363389987832,0.00427816192654819,0.0108341391086111
705,-0.0232410534854093,0.0108883378386735,0.00650453801481036,0.000455345489937483,-0.0385760075067664,0.0251465298090098,-0.0018951386488717,0.000962467563478177,0.0500705397234497
706,-0.00998826402745664,0.00395205292202671,0.0300270745677788,-0.00053581393403048,-0.0248507309458864,-0.00690340880557331,0.0130537338980733,-0.0120971860483477,-0.0174467627536781
707,-0.0107645899068635,0.00812512478756506,0.0303766657579336,-0.00735616013256146,0.0131923877297255,0.00750447625246664,-0.00225274730814524,0.0311037505693783,-0.0122611813020615
708,-0.00107841188279576,-0.00485304902897955,0.0022810744137048,-0.00106255388203581,-0.00148461084991013,-0.000570294951890091,0.00167566446537514,0.000607554503160851,0.00116821398534023
709,-0.0323511409620765,0.0153367929468244,-0.0207623724708998,0.00433283150575094,-0.00393906782208925,0.0341113606832523,-0.00603903685481388,-0.000666051081045979,0.0289550471583833
710,-0.0104924604462453,-0.0382167477330905,-0.00696485031304571,-0.0238058583535239,0.00322778264178178,-0.00578161180209943,-0.000740506802524639,0.0261376742042362,0.0132533853993203
711,-0.0069740819957914,-0.000851802700019303,0.0237759029612139,-0.007431212366036,0.00956532439169778,0.0143998503991908,-0.000635067461743325,0.0205338008590726,-0.00852979902565256
712,-0.0182890816767551,0.0115417271423676,0.0133917181266369,-0.0141698491167041,-0.0216504878541346,-0.00813514486987448,0.0177389317963283,-0.0222108295361953,0.0241392152932363
713,-0.00140695100047052,-0.00434019822441977,9.62155148862387e-05,-0.00489034257005213,-2.88442789760212e-05,-0.00132213676012891,0.0149622896196317,0.00643274181504799,0.00664446870930556
714,-0.0336302472497498,0.0159403415439347,-0.0336128744612537,-0.00519518046673494,-0.0187270515021592,0.00824156651622781,0.0100342676411098,0.00495959249401474,0.00566587255625342
715,-0.00672807070201144,-0.0272468894217302,0.00523414300751239,-0.00654518835039033,-0.00303515585531749,0.012358607905731,0.0136942395502279,0.00582541708797372,0.0180081390015012
716,-0.00909589679326385,-0.0264924500704597,0.011092168120527,0.0128235860337379,0.0103625799330971,0.0093849985936886,0.0145586064952781,-0.00548791891091524,0.012544251867979
717,-0.00558878571552695,-0.00495474046742075,0.0160724792676774,-0.00019257603189117,0.0151981402155925,0.0167819878858777,0.0260459753336569,0.00522342753468058,0.00429726795661554
718,-0.00515816424409059,-0.0159717317293612,0.00630431660980143,-0.0172046525833935,0.00211735196874271,0.00384389553035094,0.018436839921453,0.00699233358945316,0.00327884381332086
719,-0.00107494574134667,-0.00544103864225494,0.00093473532885352,0.00533738489583815,-0.00315542144532221,0.0080491537743609,0.014795493077176,-0.00138473266924505,0.00400547067973976
720,-0.00315966948661587,-0.00821314121469052,0.00392820969580919,-0.0015916385245434,-0.000476651052991565,0.00110962812464843,0.0012127173221088,0.00574030954901921,0.00230711949025073
721,-0.000589416445234434,-0.00315894149178334,0.00184647033503331,0.00477056471199803,-0.00339908706563925,0.00218411227845989,0.0132539065869088,0.00377257286394039,0.00490062616100437
722,-0.0155173374238841,-0.034947674251075,-0.0211125557152457,0.0160301077989279,-0.00977653628803774,0.00529690220017233,0.012741872058235,-0.0112649209879272,0.0186434193500604
723,-0.0113438120627851,-0.0160116727453534,0.00757358702823396,-0.00701051041528175,-0.00304342453583106,-0.0398760302182879,0.00734893271507502,0.00193791978765489,0.000317452079890419
724,-0.0137422685432539,0.00364362898012868,0.0224460939371878,-0.0149543269813177,0.0120831864699827,0.004626730182872,-0.00816306749598263,0.00812021424709558,0.0325046773216736
725,-0.0113800053713641,0.0111253371101329,0.02382120957382,0.00737037774979068,0.00385350959730248,-0.0146188913423911,0.00337551049963257,0.0194423524319959,0.001384040855377
726,-0.00107885007603097,-0.00396862904752464,0.00227412652493766,-0.000977409314079699,0.000649286352003215,0.000495034481331168,0.0037791176118058,0.00155553483915264,0.00183653524090807
727,-0.0118262371119541,-0.0224731550929216,0.0141273972000317,0.0333461734288086,0.00240033750458896,0.00396711593008993,0.00933781535317862,-0.0119752336071857,0.00920092015274332
728,-0.0121338937165289,0.00923500128108524,0.0305601576508917,0.00514398875881748,0.0234661966748446,0.0106093986874376,0.0045386046958901,0.00397147960236852,-0.0085351421839858
729,-0.0124307141505572,-0.0278488782847061,0.0147047583927867,0.0250128204969117,-0.0097218331176872,0.0153124896969155,0.00874261647052857,-0.00588189433333836,-0.0104629182150387
730,-0.00828329120070863,-0.0249098130763901,0.0141464961269199,0.019505913420223,0.00267335006458772,-0.000429947656682564,0.0132939048107493,-0.00766298600539779,0.00573689669458275
731,-0.00618527667574677,-0.017639480862223,0.00675806334815615,0.00119627726910042,-0.00108017863578298,0.0025618627322309,0.00904642082184488,0.0123432887545824,-0.000438768591507353
732,-0.00681201050231353,-0.00961453780893966,-0.00691457477410059,-0.0102086845775134,0.00733759072562477,-0.00347425575501664,-0.00587341523533702,-0.0148707339233362,0.0151605946378934
733,-0.00106264399988211,-0.00498490943338492,0.00288546607892047,0.0013574338728899,-0.000580959520783121,-0.000509808096047994,0.00259824791851144,0.000400955705573267,0.00159232409761501
734,-0.00411121155549808,-0.0150865087363684,0.00481591616452485,-0.00700067049283518,-0.0108878967575403,0.00546140241693142,0.00401302657478084,-0.0032051339970396,0.00789952515989828
735,-0.00242063494208581,-0.00968188891920936,0.00316673210572839,0.00239629069986244,-0.00264129301386494,0.00638283640718776,0.00623881353937632,0.00123380787819935,0.00966575375056303
736,-0.0285025067998361,0.0122467683219818,-0.0230146991497601,0.0175888099920787,-0.0292670617602551,0.00743634982878026,0.00312458559519781,0.00125257099805878,-0.0130855811391571
737,-0.00990558383852603,-0.011804792304365,0.0161778690383584,0.0132697491073899,0.0278191899191657,0.00456397455556264,-0.00231457503367976,0.0113959081425199,0.00177111400514187
738,-0.025796198738377,0.0334682226252727,-0.00122212591677564,-0.00816668782474998,0.00278424477929344,-0.00289450647672913,0.0317291171410111,0.00233155085187832,0.00999576232303786
739,-0.0158420190993913,-0.0155872702876136,0.0102372346459253,0.0226905064596892,0.0160453376374606,-0.0160502609369626,0.00582246737020057,-0.00819313533287691,0.0183128577413676
740,-0.0111803989347701,0.00132011020202803,0.027926505090904,0.00318344791004626,-0.000209947606256049,-0.0352461894144346,-0.00811787113042043,-0.00054613532523562,-0.0131729996622555
741,-0.0180969284853525,0.00368104840148206,0.0111287025072845,0.000588340382616774,0.0175415117206862,0.0325452564949553,0.0224025907293761,-0.0142772919811645,0.00645578187215837
742,-0.0151536222272962,0.00723045925138855,0.0156628588169522,0.0118110449407514,-0.0185668322462007,0.00857489549586108,-0.0244692102021842,0.0233533295623505,-0.0186985101288714
743,-0.0228641953643615,0.0170427117464699,-0.000859348324002803,0.0102320693811575,-0.0218213679450759,0.00218303761122061,-0.029316957588641,0.0391470249255974,-0.0102964841257033
744,-0.0158699855893308,0.0147824187180462,0.0292643970212791,-0.0127975401475136,0.0112642541550542,-0.0364912441762178,0.00681306379787953,0.000793962272175403,0.0259677012858168
745,-0.00214167255332119,-0.0073353655237118,0.00248558746926883,0.00142159683100795,-0.00109992579465268,-0.00156824293485335,-0.000668259850168546,0.0022860140480115,0.00545711635523883
746,-0.0226124315717301,0.0263465971420778,-0.00239802242247597,0.00131605089162209,-0.00518688781825997,0.00453694014405998,0.01584364819963,0.00786210339698052,0.00299772806003633
747,-0.000871289451359144,-0.00047954047982814,0.00198200263694915,0.00068560592017898,0.000454148993263765,0.00335722056339682,-0.00100142853930087,-0.000126652973626545,-0.00340181383051581
748,-0.000529152350569921,0.00135836134381729,0.00214579310520448,-0.0012475107986143,-0.000570297936665006,-0.000641135612625631,0.00024404159758201,0.00258598394236822,0.00015873168342199
749,-0.000920781945705221,-0.00283228297653037,-0.000310147694097037,0.00283970255037788,-0.00132977710089518,-0.00817122799654665,0.00836790537288059,0.00647350001304204,0.00877069221761511
750,-0.00102137268155821,-0.00506223685743353,0.00134831297543526,-6.80233731498773e-05,-0.00374863905171592,0.00259652120683045,0.00164538051005708,0.00178276749107358,0.00072278529369694
751,-0.00360607237345681,-0.0136541761814057,-0.00219300128391233,-0.00611862733307406,-0.000934934857453187,0.00555186833440569,0.0111050775004644,0.00227927067182801,-9.94057659916148e-05
752,-0.0023751260067875,-0.00938037520855747,0.00553117237343976,-0.00167416351086409,0.000588854039138729,0.00252874897407457,0.00724456013794351,0.00328590690494111,0.00439117947652256
753,-0.0125306709606809,0.00956901201488235,0.0324996868794172,-0.0103114556293587,0.00200645599630139,-0.0210938592639476,0.0163206656100925,-0.00712043212172548,0.00456974919502476
754,-0.0199573244112179,0.0150476596222913,0.0125084575676786,-0.00452261395123583,-0.0264082695394962,0.0187974617200401,-0.0019244201949591,0.00441611162172904,0.00306564908335093
755,-0.0282357575783172,0.00393297208129778,-0.0259052190487424,0.012643277229281,-0.0045925155221586,-0.0184789097902347,0.00511805758315146,0.0166379251964372,0.0153346520537998
756,-0.0140366629915558,-0.00802996044980493,0.0176038148888167,0.00415604465946336,0.0188973511904404,0.037769333405428,0.00718114860808989,0.0207915527415546,0.0135129900808779
757,-0.0207155001269124,0.0106328288878012,0.0106062400446659,0.00601558694452138,0.0321057961961421,-0.0276189796294463,0.0116017876032559,-0.0239610982993837,-0.00270170677727882
758,-0.0118587209819852,-0.0351621990390115,0.00452021990096962,0.0289705767089277,-0.00143781508452891,0.00979662284150018,-0.00330012880995316,-0.00202263085556469,0.0152209369572703
759,-0.0173717159034287,0.00789175479937847,0.0159480757115582,0.023530435481276,0.00617540959569742,0.00834534229893471,0.00332232153274919,-0.0116070981393252,-0.0443542433093212
760,-0.0207695108133727,0.0156760746478676,0.0170337307576572,0.0158895445077717,0.029319486835298,-0.0210765680757725,0.0164176260291553,-0.00105210810590245,-0.0343165021002833
761,-0.0114208337867763,-0.0247897329311704,0.0110875994433795,0.0087706109337555,-0.0106472611524513,-0.00903267699939893,-0.00272469188772489,0.00630722752936709,-0.021859530301396
762,-0.0041032830146857,-0.0153289738607882,-0.00422144708320783,-0.0019432605762889,0.00755767379275247,0.00201614224933096,0.00299541736577202,0.0115727111026435,0.0173913859994955
763,-0.0104970185919627,-0.00343949540015462,0.0279730724706301,-0.0155568729136669,0.0284557827729775,0.00612275082181061,0.0316516070300112,0.0200833651411249,0.00786371837322575
764,-0.00997004780561906,0.0083848240815294,0.0363986324650733,-0.00680728322918864,0.00103669559146354,-0.0191323080785857,0.00963517155550415,-0.000658807839066151,0.00398897862377571
765,-0.00659798237342509,0.00250343150453615,0.016731702557637,-0.00865468482323399,0.00809554580340853,0.0125658632530609,0.00317353891200417,0.00941290158585143,0.00218090933577252
766,-0.00595125852738611,-0.0137765913901519,0.00586942642684653,-0.00123286461654209,0.00318232702619598,0.0016002635666069,0.00706566534364391,-0.000594797361348424,0.00497297449787543
767,-0.00994989286432028,-0.00601692254736911,0.0226171478353804,0.00360764648649831,0.0131893091270672,0.00541223759386348,0.00246040328466526,0.0155004239013799,-0.00991969475809219
768,-0.000800896619489677,-0.000916986860774744,0.00253630377572199,-0.0014100464003132,-0.00102947141001439,0.000547955700799835,-0.00208190335786674,0.000229769089416459,-0.0021189934693632
769,-0.00202079044672052,-0.000434116676751858,0.00879737292968366,-0.00278798901184892,0.00201306241979388,-0.000904923737987843,0.00542641239476603,0.000190135206307782,0.00230195739987854
770,-0.0126704832826895,-0.000481847083552795,0.0174050844776206,0.00905266228884869,0.00229773040099995,0.032877474441424,-0.0252034308692895,0.010050043519811,-0.004636010622273
771,-0.00289546060022638,-0.00781794901893616,0.000619130233926192,-0.00664831255511105,0.00172508883093569,-0.000937074188879732,0.00727617502535604,0.00628748336809956,-2.72828578623418e-05
772,-0.000697644265915162,-0.0024318918015363,0.00127850717400762,0.0019698822685186,0.000879426240732313,0.000397147565450528,0.000656870836939403,0.000580302465155894,0.0012762186051223
773,-0.0026372967394762,-0.00980597481886106,-0.000673075605754348,0.0017726364364638,-0.00330385515282607,-0.0016802469480237,0.00324530384725787,0.0055615056588472,0.00556109202425242
774,-0.0111821653217612,-0.0342868038920135,-0.0125244480173569,-0.00749409483932763,-0.00965454717137268,0.00769106168641706,0.0109142746750029,0.00654469944994956,0.0141231306577665
775,-8.40495239941491e-05,0.000527808455529033,-0.000209397196179832,-0.000200600242977879,9.27579841724895e-05,-0.000866190968129707,0.00111918050045554,-0.000484380018786898,0.00114304707395346
776,-0.00165120996626181,-0.00641189848353388,0.00252642489937304,-0.00272701699752743,-0.00196600197616737,-0.00114227451040435,0.00525609472131107,0.00454926720095045,0.000916939902349117
777,-0.0121379255974037,-0.00416864564011819,0.0211437052865675,-0.0186215759227635,0.0184731903250796,0.0147204766137461,0.0186605863877789,-0.00824709915871927,-0.0200471538172236
778,-0.0114680679284397,-0.000241027789881947,0.0218820536743894,-0.0024626187104131,0.000282370411672879,0.0272861820003125,-0.011279216430921,0.00719341612385451,0.0158464259124746
779,-0.0137668117850381,0.00219253256481261,0.0237406513694143,0.00641817240191473,0.040389205932906,0.0134820750988993,-0.00592769193723808,0.00615593142820321,0.0086114524664787
780,-0.00931469014181261,-0.0255826182126577,0.011231038567347,0.0224504919456686,-0.00596476257631126,-0.00190928446755598,0.0167437956319635,-0.00851713013476775,0.00203787000924453
781,-0.0229107944860534,0.0219749567482699,0.00615045419883662,0.00523697474833849,0.0158683703899955,-0.02449795432165,0.014705744509249,-0.00594615639700343,-0.0076317254140917
782,-0.00871972055653595,0.00130499719560275,0.0273695403047619,0.00656149776878154,0.00154278227431204,0.00871455579493941,-0.00717052795643038,0.0229135948937099,-0.022034285610996
783,-0.00150691669299853,-0.00185516039911474,0.00515363921999361,-0.00158865009084792,0.00270160068717307,0.00147028667198407,-0.00111586918678094,0.00290003147682548,-0.0046090975165164
784,-0.016067729724943,0.00661976649336513,0.0226225205918466,-0.00207193594928885,-0.00428938231622413,-0.0249507581399853,-0.00850800576213862,0.0155489684911785,0.00260629311335982
785,-0.0124117887809162,0.0130006989729609,0.0312871026814117,-0.00975456917081765,0.0142076087344714,-0.0312453550001154,0.017150345416762,-0.00865748358628323,0.0188122261725727
786,-0.0201253794140484,0.00396416496193852,0.00789249094642732,0.0154996512223467,0.024458632730536,0.0408342988953144,-0.0105040272060223,0.0237217364933757,0.0123336200714786
787,-0.0226492004178239,-0.00219746701123506,-0.0062239809950501,0.0199498780882063,0.0349183595757509,0.0148042817057276,-0.0109354820873836,-0.00262212859759956,0.0221128239395578
788,-0.0108737957527597,0.0155798230413591,0.0267505064237954,-0.00480069395906984,-0.00254669825074666,-0.00370019386079744,0.0194000461857183,-0.0134371052262074,0.00610569790414105
789,-0.00926219128592952,0.00180647471791948,0.0317311072199629,0.000693442631885827,0.00983698351605621,0.0155450110490514,0.00619728241273353,0.0240493266960735,0.000666127774254733
790,-0.00738438270864615,-0.0291743727643283,0.0029223552615771,-0.0132297300000894,-0.0287095799061889,0.0164215253610975,0.0241611852910337,-0.00191363370507281,0.00795382636789137
791,-0.0105938941974014,0.00463473070687358,0.0243440398728511,-0.000953466847494292,-0.0368941437711026,0.0106887117783876,0.000102569097506323,0.00415649491405372,-0.0196039148510872
792,-0.000226558751783892,-0.000497223726935499,0.000189480904539308,-0.000627512884206859,-5.57493501588208e-06,-0.000908495346945127,0.000232791303242892,0.000151111666719825,0.000629156303347545
793,-0.00419556604468113,-0.0131972732168683,0.00382526552140739,0.000870293270487703,0.00126795120102505,-0.00164598967633197,0.00651273406318886,-0.00230336305894841,0.0051050234320123
794,-0.0117147314887027,-0.0349817347706651,0.000630910813839819,0.0246859144045447,-0.00611548596515408,0.00272345590350564,0.0155669756224625,-0.0107103373029386,0.00736004981162893
795,-0.00240081675675347,-0.00503738409347503,0.00892748249571546,-0.00442184605722158,-0.0013618593057662,-9.75518547906283e-06,0.00358618481486836,0.00345374473205919,-0.0030335189884459
796,-0.0177868635355735,-0.00852496777524907,0.00611912317521594,0.0122182218328278,0.0277270527323655,-0.033006583732276,0.010072288624509,-0.0350244048867537,-0.00879889308355691
797,-0.0123088335622647,0.0108309752720817,0.0283618804567995,-0.0172811319359893,-0.0178043920545733,-0.00482199825022311,0.00706654893622695,-0.00119790309403943,0.0281484410961271
798,-0.0104203064531653,-0.0329104634875268,-0.00655429928850017,0.018079879395671,-0.00137478576541706,-0.000921532743395496,0.0143372528139031,-0.00548036229829802,0.01751261013306
799,-0.0159184533827418,-0.0162284535382669,0.00604662218795492,0.0368148106446353,-0.0110245957203052,-0.00102754895502162,0.000450772741086955,-0.0119606572640711,-0.0220591593648688
800,-0.020430201300784,0.0157802869496594,0.00934770992670984,0.0105115027371838,0.0220007568700904,-0.0147055368252957,-0.0128987599271658,0.0118960105840758,-0.00405246303174981
801,-0.00293708152597407,-0.00591567699086435,0.00287174948825588,-0.00406271385827568,-0.00149474710401442,-0.00379586135603381,0.00209559832940188,0.00575479152658526,-0.00377408514690801
802,-0.00526746833285962,-0.0214520800275397,-0.000192146794305842,-0.00384989780045503,-0.00454584473108334,-0.00101585196717062,0.0144970138883305,0.0118328747680533,0.00641952610441487
803,-0.0359760681874607,0.0234913671857459,-0.0319318016826162,0.000966244833295139,-0.0147282385794117,-0.00512107308737597,0.0152542341225052,-3.91547677248156e-05,-0.00637714706324473
804,-0.000156724906980753,-0.000314478992220089,0.00142516627546166,-0.000175214978578274,0.00097497540966538,0.000690643888176615,0.00171585110252821,0.00100564589614611,-0.000830819098135944
805,-0.00582018306444622,-0.0159516283675244,0.0130772944210525,-9.93805696309873e-05,-0.00179521450439563,0.00658137575205446,0.00877660610064417,0.00455637947064097,0.00818010014339732
806,-0.019941261250007,0.0135912871670471,0.0158427163210531,-0.0149048610940378,-0.00690390268094357,-0.0169046435429929,-0.0193404257525031,0.0199502368088041,0.055039467978675
807,-0.0115494319193741,-0.0286853955731291,0.00850353355978075,0.0157205976348989,-1.80726584634985e-05,0.0013707830836656,0.00969132366041261,0.000943696408843187,0.020113173893534
808,-0.00408165858590978,-0.0152881050158535,-0.00289112884350083,0.00405467625627647,-0.000428448879483325,0.0233331946744674,0.0166632780200364,0.00630077459222637,0.00770484441679882
809,-0.00570608137005319,-0.0231426797939302,0.000424284475439038,0.000821439695369887,-0.00708198124067392,0.0194753731014977,-0.000214723785909435,0.0146717496241424,0.0068602805615461
810,-0.000511621595032365,-0.000132412581375033,0.000612332768532941,-0.000300592462103421,-9.35005143696678e-05,0.000148713365133192,-0.000667682568488519,0.000906001051063581,-0.00174050037388608
811,-0.0269668022534038,0.00878565553737599,-0.0161408628900126,0.0142448938176154,-0.0100362560990392,-0.0200994343552692,0.00102391855236409,0.0163615742479469,0.0144865421536471
812,-0.00553698218434715,0.00270801593317944,0.0222597662597953,-0.00415649289930988,0.0069506724466076,0.0108834495476893,0.00129477796608146,0.0142217477628145,-0.0157521476131088
813,-0.000620222553002379,-0.000262163897325896,0.000727041928152342,-0.00293781012956904,-0.000869878856561258,-0.00334780836063686,0.00429302937202734,0.00266478840465593,-0.000864727053027195
814,-0.0111083734344698,-0.0222587518230292,0.00879992804275561,0.0163283624639746,0.00490376243838471,-0.00371018438393878,0.00921034515331783,0.0179688620916433,0.0112579366432024
815,-0.00694461078156312,-0.000147137964669058,0.026763490830464,-0.00994103989540247,0.00803283151883568,0.00501889381962829,0.00180622242598576,0.0152101286336207,-0.0162311367527121
816,-0.00015301358512484,-0.00145173210841576,-0.00241756654853382,-0.000588516605335743,0.00042655616158895,-0.000262880946881059,0.00331077609508249,-0.0031691444193691,0.00339399411029138
817,-0.00497820244468135,-0.0100113361086433,0.0160387088744674,-0.00110522302123985,-0.00699963526119656,-0.00880630256244976,0.0103160490710931,0.00284625852437695,-0.00298190337942759
818,-0.0129638208821732,-0.00177563459950369,0.0350356288502768,0.0191273408648029,0.013138132097127,0.00213393766542902,0.0114493776513934,0.0267077384471152,-0.00873793883826295
819,-0.00677857098957117,-0.00322233080282379,0.0208428467345795,-0.014434792045248,-0.00956733195777547,-0.00758130707298275,0.00705330397620121,0.0130774991926688,0.00481333718934045
820,-0.00884434867739486,-0.0222810011336788,0.014315890081829,0.0244646719883254,-0.00489506660829007,0.00801145934786495,0.00194295182747931,-0.00305176976437556,-0.00600394438636809
821,0,0,0,0,0,0,0,0,0
822,-0.0120297850640344,0.000292489299284784,0.0292911505297444,0.00178428530162133,-0.0306908170284871,-0.00021566354787347,0.0199073845958669,-0.0147026096119777,0.00241844256703567
823,-0.0102160474887857,0.00255442449884467,0.0216016228602544,-0.013465018505326,-0.030265526299982,-0.0142297244800745,0.00682084644584796,-0.0180573422462863,0.00950517244684472
824,-0.0095536997398284,0.00280058695654541,0.0293388914045181,-0.00795396781836761,0.0233053544810623,0.0177352877135663,0.0116321909721108,0.0152624468288373,-0.00296067541269364
825,-0.0100267113482331,-0.0111946447823825,0.0258778707855302,0.010999087284993,-0.0138934221263053,-0.0154748780957633,0.0118234595000593,-0.00201848383309675,0.0136077335761671
826,-0.00161128332247618,-0.00549237116476715,0.00321374905624562,0.00132957560626212,-0.000908175690865412,0.000346889234212915,0.00396951139034781,0.00229847230637251,0.00331892013864674
827,-0.00947646864067861,-0.0045897910465458,0.0249223686276202,-0.0038879850821645,0.0111038606921687,0.00754093451309078,0.0207449086916548,-0.00547077561139048,-0.0144247766432436
828,-0.0107471280108042,0.0170974735437776,0.0396877857489991,-0.00385061980371634,0.00543255967080051,-0.0165737172187469,0.00318416604435735,0.00235254287915029,-0.0118074485759746
829,-0.000873725023099434,-0.00315462812552324,0.000976871898996636,0.00267690386783316,-0.00037776174213358,-0.00308637009790925,-0.000952656043405471,-0.00288135471572281,0.00207192793316753
830,-0.00733272912963272,-0.00560967003319741,0.0213591602606087,-0.00920338279577605,0.0107334942981039,0.0248934586823607,0.0162449779130899,0.00515843731494723,-0.0137616968914239
831,-0.00024263247013233,-0.000359811249886194,-0.00273171078572446,0.00117202071772249,-0.00136765187106805,-0.00345135873734734,-0.002643481017671,-0.0021162970367152,0.00102425026839479
832,-0.0096734874076484,0.00256802482624502,0.0227972736736125,0.00344103043911907,-0.032786246661687,-0.000524613302887957,0.0115804204393856,-0.018428482987444,-0.0230806149780099
833,-0.0200127003617861,-0.014010128942376,-0.0019975865208607,0.0151890955773546,0.0355749447324692,0.0300125733094287,-0.00988583635789286,-0.0161955586711712,0.020477165522945
834,-0.0160645777977172,-0.0146694415277281,0.016065873789319,0.00557270386643204,-0.0235867089564764,0.00277456879547765,0.0116477670373109,0.00343517364396247,-0.0350271591480346
835,-0.000216108288951924,-0.000935400300344886,0.00113289691565784,0.00110272258195418,-0.000371789084002578,0.00088536161183688,0.00410194837790346,0.00140570315482705,0.000819873670225676
836,-0.0116456836931647,-0.0330490181093274,0.00213677854803859,0.0239634976675378,-0.00385551241996573,0.00595262164537297,0.0161386323007232,-0.00944612989083487,0.0252591332965821
837,-0.0150425461587368,-0.0194545627152383,-0.00858770799943506,-0.0439310121683518,0.0198203049994906,-0.0212551344147256,0.0107401414034654,0.0169302016114231,-0.00779337361230119
838,-0.0245819191918078,-0.0132144700758513,-0.0288420395030901,-0.0197551863682439,0.0257082831365124,0.0184132053284593,-0.0121809464673188,-0.00699201376782707,-0.00133794986835805
839,-0.0290184664363987,0.00538117890044355,-0.0255208637481684,-0.00803561363287987,0.0157641932012493,0.0290572901582935,0.0091583815621003,-0.00164102931002422,-0.00767883453565599
840,-0.019958356724351,-0.0136844868005507,-0.0150256920153124,-0.015394150569211,0.0268581692793316,0.0390673546223182,0.0144947142316047,0.00172163628452399,-0.0101711860312373
841,-0.0132384735289984,-0.030454518381226,-0.00410843804466075,-0.0126403845561726,0.0331622789166942,0.0470736648505578,0.0205857530103944,-0.00879184326829443,-0.00838984187183057
842,-0.0296254507671223,0.0128966520050064,-0.0275840184243317,0.00499847434151936,0.00778261452579916,0.00851476109091746,0.0177045554368285,-0.00979175524622734,-0.00621362090474448
843,-0.0317746179116706,0.0139343162596881,-0.0303690885301201,-0.00526593011007427,-0.00604232351905158,0.00227205453326139,0.0176868476838118,0.00662216809762911,-0.00211554831872674
844,-0.0335814487109319,0.0155848708434101,-0.0322905862391964,-0.00632896075718865,-0.00270823456054704,0.00245289331248362,0.0111945802490223,0.00200172341365342,-0.00252826678485236
845,-0.0217377698717948,-0.0189984815513654,-0.0228431357475459,-0.0296590976179205,0.028161068655574,0.0247089491026719,-0.0131849979746348,0.0180409637684796,-0.0242514234185992
846,-0.0187188532264312,-0.0267085068784823,-0.0261484119293093,-0.0319944655968592,0.0113173450546647,0.00151383371182645,0.00358937871724131,0.0239165427076979,0.000918763496639062
847,-0.0144376258875999,-0.0326264286142357,-0.0109455780921139,-0.0201559979897008,0.0335035889434993,0.0310110171881673,0.00202789742667473,0.0245679389596861,0.0071207819545377
848,-0.0340304911401152,0.0197256515889998,-0.0316031249036309,-0.00177603321970007,-0.00540461890227394,0.00667846852734002,0.0221014017170744,0.00569243324073844,0.00101477044046684
849,-0.0249086756380331,-0.00886931275261668,-0.0272547039409133,-0.0180380169777144,0.012440193973749,0.00277187746143385,-0.0230942759956448,0.00250026683518383,-0.0248354932296424
850,-0.0284254195088858,0.000508350022339451,-0.0301709191198643,-0.0158208717972397,0.00986612387004862,0.017075676155856,-0.0145444214725813,0.00959085750548255,-0.012691476828485
851,-0.0216711484729581,-0.0156731632205308,-0.0176163856553434,-0.0226802652593823,0.0373575955367527,0.00657372703812134,-0.0164926420193787,0.0143169879069732,0.00686887229893312
852,-0.0340273728694168,0.016153670029387,-0.034264201596678,-0.00426449819257709,0.00078380774923755,0.00014585624029867,0.016677232775866,0.00402519290055632,0.00412312619183699
853,-0.0323395772061163,0.0155917122301291,-0.0315138860184977,-0.00734853360854538,-0.00445036699570459,0.00274045239850678,0.0146758139803029,0.0248806871849994,0.00583595968921827
854,-0.0265240953875566,0.00289085257234437,-0.0160882420066197,-0.00517588032876016,0.0293928339869346,0.0179714601651311,0.014536934787183,-0.0279273423615651,-0.00453959961426746
855,-0.0221760427176328,-0.0119533099917602,-0.0119732807701139,-0.00580559451338163,0.0397428057582868,0.0148106447797725,-0.0137616491549272,-0.00888179588226288,-0.00294908392624222
856,-0.023181111204899,-0.0144875814487437,-0.0192716507142992,-0.0100314644872622,0.0423669783853225,0.0218315701139281,-0.0218228856614812,-0.0103751737628135,-0.00606936086725963
857,-0.014081616352562,-0.0145133332661923,0.0140546340811294,-0.0077068321650776,0.0420618504032102,0.0342658437653308,0.0310639556902552,-0.014702594572785,-0.0213698783574932
858,-0.0153148042516696,-0.0264878759429867,-0.00783299029252143,-0.0196687880935348,0.034981455152745,0.0463192384787684,0.0224154293146133,-0.0129468413784317,-0.0103310523918474
859,-0.0329142044241675,0.018292635337336,-0.0273182892890305,-0.00544813386170368,0.00431193371371664,0.0136192301236497,0.024166801490784,-0.0107419320223985,-0.00181393612832364
860,-0.0308077637878998,0.0199745974258152,-0.0271531806201704,-0.000335399155276941,0.0122041274664363,0.00474796947272797,0.0352636157173526,-0.000720888532981234,-0.0044573796891754
861,-0.0212657759159991,-0.0137108821891967,-0.0174306094552396,-0.0143121242354594,0.00960026142873275,0.00843456561068995,-0.051308029272769,0.0211556426241685,0.00687087655769828
862,-0.0245071805738838,-0.0180266639289884,-0.0330655912120665,-0.0189065536194921,-0.000922965982912009,-0.000972240158924409,-0.014236722852351,0.0204409030091988,-0.0185548770261167
863,-0.0321615932424476,0.00996204746751579,-0.0328209975487657,-0.00592259155838141,-0.0110728935553271,0.00654349166660007,0.0147486411548522,0.00448219601535698,-0.0116724567002386
864,-0.0305943113767472,0.0135664972776924,-0.0312299100728581,-0.0103187494052411,-0.0258394354479949,-0.00268990566985133,0.0159311622342556,-0.00786864701506007,0.00658112349173753
865,-0.00564283257535183,-0.0168899806617936,0.00553280848341392,-0.0125449321661774,0.00514755204588385,-0.00304739985423641,0.0211244395657013,0.00849348406440498,0.0224798630426745
866,-0.0230515723862075,-0.0202888846559112,-0.0256279778828816,-0.0150677244945345,0.0192976393731546,0.00968262940863495,0.000908254927191199,-0.00131316480017583,-0.0177485073558725
867,-0.0144726545820853,-0.0375539798177697,-0.0112198425132938,-0.0159272652908815,0.0152185510984808,0.0385444205654364,-0.00195367197642629,0.00962953754019355,-0.00583402096603965
868,-0.0246306041008395,-0.0132012790961589,-0.0272204989522668,-0.0156630509155015,0.0192357555439515,0.00257187755258056,-0.00829103019512847,0.00423101842531422,-0.0132506821400353
869,-0.0132787406272036,-0.0330327528396822,-0.0132497211294548,-0.0399631047647701,0.00754205244230387,-0.00287330294311458,0.000115472287428339,0.0320197094571792,-0.0112087934054807
870,-0.0242657860101405,-0.014490780507899,-0.0304126054461419,-0.0273755168257275,0.0160510662821364,-0.00213901885944371,-0.013831044497104,0.0152199087549776,-0.00417406734132106
871,-0.0174864367683414,-0.0295902246570551,-0.0217138496577377,-0.0231921730039536,0.0200077413070682,-0.0160853536929921,0.00447760351165128,0.011161599576928,0.00179713025117135
872,-0.0193299880676774,-0.00865970700771373,-0.0101754309517352,-0.0121164677264647,0.0538041366841019,0.00860632195586955,0.0102128029891983,-0.00699270000334383,-0.00139060077885793
873,-0.0243958912567375,-0.0063257545936906,-0.0230707466268183,-0.0198997067083842,0.0324840817223183,-0.000186831308013955,-0.0116723141990208,0.00471783606660251,0.00425547214000207
874,-0.0238484943975382,0.00748511131160178,-0.00676771654267949,-0.00896069431713407,0.0327620375641294,0.0267130720632691,-0.0156276240507732,-0.0195542288634876,-0.0138741162796292
875,-0.0121471971894507,-0.0329914722990277,0.00140860500227421,-0.0232364682440709,0.0220278376724183,0.0356088979082584,0.0235915065404839,0.0173489917686528,-0.00177011746043052
876,-0.0144440923514659,-0.0406672508644634,-0.0193419374778732,-0.0243969737704264,0.0242489307214185,0.0165628279876333,0.0105885874232846,0.0163805720474891,-0.00526216547379995
877,-0.011490793109882,-0.0325400394327538,-0.000440737950559309,-0.00348356907808461,0.044112685120397,0.000259629726509381,0.0130992259209865,0.0102046474171798,0.00877416008361788
878,-0.015884016899296,-0.0205208466789746,-0.00389573119325864,-0.0128643349430454,0.0359419378718436,0.0408747518808121,0.0116922275461551,-0.0283717264331389,-0.00826790182300296
879,-0.00563190386949289,-0.0147156700495439,0.0139510323945734,-0.0108117519836971,0.0131533732872951,0.00763175156062299,0.00861230453461555,0.0119950248435713,-0.000716650129370543
880,-0.0254347761492514,0.00313447388109546,-0.0172387180627334,-0.0354113788087683,0.00885975632299668,0.00888461278468543,0.00337720322214942,-0.00983951630861556,0.013132095677881
881,-0.0170233207080479,-0.00866523905795403,0.00783289381440642,-0.0469711077824692,0.011112039315281,0.00229983251771245,0.0152730549502075,-0.00509722301682477,-0.0043890359443916
882,-0.017958670492308,-0.0301233217568004,-0.0293871379131136,-0.0331738167411955,0.0132735127068159,-0.00462372311592442,0.00175322130101905,0.0349113907149899,-0.015628628963061
883,-0.018205323264063,-0.0212869224263319,-0.0104615495391417,-0.0412334012851786,0.0330013304312075,0.0076038203216665,0.00292804740516298,-0.0127034353602802,-0.00635684033182914
884,-0.0146265383877423,-0.0318881014453305,-0.00269274134208468,-0.0324117001933649,0.0123541811029733,-0.00618050790873097,0.0021734511190927,-0.00468980790140161,-0.0248474688942571
885,-0.0188847548331781,-0.0250378517574945,-0.0202542998661874,-0.0229722894679662,0.038306304188788,0.0266123413142468,0.0127227170861479,0.0121458463658214,-0.0128935416245003
886,-0.0173154590328795,-0.023837770958374,-0.0112922850008274,-0.0383459704118519,0.0172137864280502,0.0179640530164705,-0.015643926386698,0.0264836250832893,-0.00204468742007031
887,-0.0168947985223879,-0.0286695908657372,-0.0181291422263014,-0.0412573652559907,0.0181112397661695,0.0254197641587246,-0.0125065145984297,0.0333326089616145,-0.00706692820205238
888,-0.0166134995065386,-0.0255043042133989,-0.00295873658059742,-0.0152460615166061,0.0150377467392536,-0.00233816332395838,0.00579169010660592,-0.0196284224968763,-0.0408782489004029
889,-0.0190896285789705,-0.0255590053719768,-0.0279627136609112,-0.0222593082721817,0.00188683583853456,-0.0186949828388361,0.0130917025091238,-0.00355784565686092,-0.0214735837311924
890,-0.0190860264000388,-0.0287721661722919,-0.0256994405157868,-0.0463251109227851,0.0107297617856996,-6.85701799676271e-05,-0.012980047659228,0.0215336045639612,-0.00921801002259323
891,-0.021068584866743,-0.0219850699651971,-0.0220543503146024,-0.0269718121469959,0.0192498635775708,0.0360768913261534,-0.00956136319728902,0.016522384562833,-0.020257627597975
892,-0.019172365395653,-0.00652477592750188,-0.0112546125459315,-0.0389368686659318,0.0248061326590987,0.00440730004367401,-0.00690951958466465,0.00948256175748843,-5.41247620858654e-05
893,-0.0300784927024327,0.00799856582837022,-0.0212140119294532,-0.0061195959111168,0.0202983065386421,0.00623352876640449,0.0163334099536681,-0.029667756556959,-0.0235367418761211
894,-0.0255457657660148,-0.00956686956317554,-0.0224198967133378,-0.0217180480681888,0.0201078063726937,0.00624294380424427,-0.00233485479260278,-0.021371846423,-0.030498092518688
895,-0.0227020020817712,-0.0137265775289924,-0.0198972320129635,-0.024412597600995,0.0255307357138204,0.0290789808227046,-0.0212092957551675,0.0103162279742825,-0.0189998348475195
896,-0.0113498776415006,-0.0239089222303115,-0.00170485592637135,-0.0205022800185652,0.0382247944537547,0.0160304004604737,0.0100112033232412,0.0147448760605885,0.00101834872933038
897,-0.0113138167647225,-0.0138023738453727,0.000815660331571684,-0.0150345008679593,0.021396548360986,-0.0011324123900856,0.0104685053356454,-0.00141021284905628,-0.0170721328754184
898,-0.00609533535961337,-0.0194567187590713,0.00509931715338061,-0.0213708877274005,0.00419567963015558,0.00739668590159512,0.0203374663929601,0.016507098660727,-0.00215676001853921
899,-0.0128524257255499,-0.0348320291952274,-0.00510889741357108,-0.0247420690271072,0.00775843858021906,-0.000186569613347795,0.0256375114621856,0.000985558769741536,-0.0216253996797625
900,-0.00776343712415683,-0.0242229895763239,0.00428207822255238,-0.0208968439637911,-0.00466923836050774,-0.00462618818329073,0.0196989311633906,0.019513562992801,-0.00956543344148271
901,-0.00984925875490545,-0.0148977219864419,0.0103246722538225,-0.0138435381195539,0.0236331747289628,0.0174268856213854,0.0161844033218435,-0.00200228672684163,-0.00954469395982977
902,-0.00677591840097855,-0.0186351855046692,0.0114989624367353,-0.0157500206942401,-0.00123100322927732,-0.00159183604030897,0.01822986619867,0.0144258726993295,-0.00757854925196319
903,-0.0119297572282179,-0.0249666811978486,0.0102187533896265,-0.0202744517997537,0.0287483130554459,0.0361252073142441,0.0209129105305216,-0.00304370915072022,0.0156794191005052
904,-0.0112016485489821,-0.0172910375802704,0.0111133552632664,-0.0440418362467064,0.00766932812310614,-0.0129945836602262,0.0210364628930576,0.0214929410922888,-0.0144510146375623
905,-0.0202037576799797,-0.0205556440215754,-0.0221604048057297,-0.0313425465211412,0.0156623706950405,-0.00527609018488053,-0.00627957720018426,0.0348850642260833,-0.0154615896653582
906,-0.00423400048299288,-0.0123331871015414,0.00627839168728369,-0.00828099398399957,0.00667347655109382,0.00172036605515956,0.00703803377932744,0.00533396709648283,0.0045263366141343
907,-0.00719809014983949,-0.0141088451471923,0.0054605512877045,-0.0295793906044611,0.0021880565061604,-0.0178294750623978,0.0223456050404938,0.0382624034840634,-0.00477927631984626
908,-0.0243073584872054,0.011108340304102,-0.0113306345152284,-0.0104945852184529,-0.0408795565490927,0.0158828339220892,0.00848060395374543,0.0153263574656282,-0.00854329098449861
909,-0.0304973833029885,0.0103773856056334,-0.0315744745575524,-0.0151067901716153,0.00884477510549889,0.00191575269206993,0.00837554601019393,-0.00121423731085204,0.00620497480971968
910,-0.00929231503380999,-0.0361414521821322,0.00242971075462824,-0.01370200759621,0.00491908229492526,0.0112798083710822,0.0116022517944728,0.0216904547491397,0.0123208380513877
911,-0.0220871393300642,-0.0206616778132689,-0.0216070038483098,-0.0150846340340615,0.0179125372991586,0.00294993441987244,-0.0207604933650421,-0.0126383235149127,-0.0302769337566043
912,-0.00362330672503763,-0.0118790480989895,0.00177058344806327,-0.0062131194740195,0.00833389751828503,0.00227611790943699,0.0143394027480024,0.00629301044619808,-0.00407501117059246
913,-0.0145046779501789,-0.0351459830976837,-0.0108028828460462,-0.0381939298290433,0.0171187178583314,-0.00131575113230134,0.00211423626835566,0.00520148341855741,-0.0236654772592933
914,-0.00752489781991946,-0.0247788665185131,0.00566601827321769,-0.0213272577824217,0.0095858199896019,0.00342388138558151,0.00772943621692987,0.0234454818402674,-0.00108169832767017
915,-0.000138036776364585,0.000623359811587168,3.31239669260755e-05,-0.000821856806105908,-0.000657138650394458,0.00161435318686942,-0.00375966632042166,0.00329023771628123,-0.00190071682237314
916,-0.0140180669041537,-0.0278216815296852,0.000604026768975527,-0.019211589249856,0.0210234816773542,-0.0174433600565855,0.0153220960905029,0.00743002801278971,-0.0108361394486542
917,-0.000404731929745742,0.00111599804732715,0.00152123176146191,5.78586630903839e-05,0.000725126591286399,0.00131680912047022,-0.001205316673856,0.00205443354980214,-0.0035507397903223
918,-0.014567226346648,-0.0405953037556906,-0.0211259131348427,-0.0218237989967384,0.00132982070432209,0.0157540144429507,-0.00076129785042252,0.00684356503011295,-0.00464352745244583
919,-0.00274109290454824,-0.00392443848416797,0.00905819209963314,-0.0075307414729858,0.000401606644931153,2.58640503035017e-05,0.00849123053562157,0.000942152601679586,-0.0047903531281828
920,-0.0025709108393749,-0.00182336384956088,0.0120156750051246,0.00178502781979435,0.00304970749335363,-0.00315173343991067,0.00339477479731882,0.000196896985449526,-0.00672167719550536
921,-0.0132967672061976,-0.0372275091794127,-0.0136108675186172,-0.027717720716019,0.0167013937742897,-0.015779395483509,0.0123180993622264,0.00724715616128524,-0.00832397537490408
922,-0.00793383868756286,-0.0195462913690829,0.0217340493261746,0.00762549359640826,0.00146171789267623,0.00487260522680014,-0.00353888594071215,0.00466574789889759,0.00415627545709708
923,-0.00167207542094769,-0.00840505535199737,0.000368610404321924,0.00881341581366983,0.00852379113242869,0.00601925231351672,0.0112269459554595,0.00249448947777779,0.00891575832035469
924,-0.0215706451840608,0.0015408721951186,-0.00593912585081946,0.00476196634693084,0.0356729403344555,0.0195832347885833,0.0350632703185564,0.00333753284354144,0.0132428836189465
925,-0.00898081150707285,-0.0225488012470264,0.015227346493491,0.0154776603836862,0.00622245480994827,-0.0188713127152262,-0.00233144300169272,0.00405042086320219,0.0155866406059173
926,-0.0134200775701447,-0.0216969823680141,0.0155770940585008,0.0198748638564194,0.00156103153698813,0.00678377139088241,-0.00459506414865555,0.000697685425663912,0.00119702470075566
927,-0.000869819640754574,0.000567570742983353,0.000362774908168468,-0.0016975149698177,-0.000707576654749376,0.00703649811630983,0.0102246310038767,0.0013135680899267,-0.00698407467372909
928,-0.00789997250364712,0.00352532084161877,0.0333234265693517,-0.0114438754665525,-0.00687762958491919,-0.0228375269990378,0.0147598944725849,0.00711039710005127,-0.00202678157167644
929,-0.0192262928947248,-0.00152420787786358,0.0110534957086037,0.0138698474597701,0.0141769312770207,-0.0421953997742305,0.00616711344838445,-0.0177442540136855,-0.0229652255591305
930,-0.00622736879136721,-0.00848757335873949,0.0179890953941162,-0.00294371343230801,0.0113251106640133,-0.0017349513589874,0.0134067758594829,0.0226388896294149,-0.00668916476591047
931,-0.00461514472829756,-0.0118183691306064,0.0142850258650378,0.00471038026470945,-0.0044584368525564,-0.00716405363867421,0.0113611205217776,0.00410673766686154,0.00748999771391929
932,-0.0269573784049729,-0.00127458897698061,-0.0251492748643293,0.0244900307237678,0.00187164407063891,0.00453395658022173,-0.00173042567585455,-0.00346501197449185,-0.00841130200736912
933,-0.0160609942884441,0.0184700537935421,0.0225350941158698,-0.012756977852324,-0.0194846044133729,-0.0212990491715748,0.00738415527007275,-0.0138599293920184,0.0079095918078318
934,-0.0086840274050938,-0.0290020155321065,0.0125720465768904,0.0134638861164424,-0.00647964959462956,0.00322338828821366,0.011950398342827,0.00267078326600584,0.00199178700270069
935,-0.0140600701452425,-0.00276715580605571,0.0293352036911387,0.0156502889871313,-0.000996772474037375,-0.0254663177910097,0.0100997250845636,0.00727015647512968,-0.00239078892475927
936,-0.019313540898124,0.00724262454948607,0.0101055283930444,0.0103530301087148,-0.00731682468898616,-0.0213844268797251,-0.0168221499047844,0.029284742450748,-0.00886039817467557
937,-0.00751671449940642,-0.0137263157342569,0.0190520392627649,0.0144060523502728,-0.010523474664424,0.00237909365667767,-0.00366875679556357,0.0141154261460068,0.00407719837656107
938,-0.00444923151574422,-0.0169915632691849,0.00112276297512803,0.0106328345380227,-0.00120921340559213,0.010076111388508,0.00231856108953775,0.00404152631398384,0.00718505938629941
939,-0.0128134175186818,-0.00187721465134302,0.0271170990249405,0.00958110445577191,0.00130508011833156,-0.0290656113846163,-0.00486428425165923,0.00599223076754668,-0.0113786475981242
940,-0.00960923297379956,0.00610002442676883,0.0373495801126956,-0.0160842664049486,0.00860343920091853,-0.0383635981258553,0.00791574486275516,0.00369902274293158,0.0110628657096362
941,-0.00952043693362864,0.00691230573535492,0.0302783453278086,-0.000655277238856706,0.0189723899434251,0.0221731090968561,0.0156338736597366,0.0106088555129354,-0.0119773654929204
942,-0.0127391175830002,-0.00118657475574661,0.0238225904208562,0.00519934375871281,0.0185262064985372,-0.0475266028218561,0.00397436880444444,-0.000807896006146807,-0.0223567749759762
943,-0.0150707453405232,0.00366248653766573,0.0102553851227637,-0.0319601440899663,0.0152155835064223,0.00990058567816003,-0.0146186218776364,0.0146844919294396,-0.00513215890972748
944,-0.0128150145977777,-0.00800797539482438,0.012081567712738,-0.0403446390626335,0.0239735817122759,-0.0120815918276147,0.0126241334936961,0.00107523694637671,-0.0282923833982274
945,-0.0172613285465083,0.00175585825962144,0.0116237631645793,-0.0138357581663834,0.00426981036903861,0.0452210291236922,-2.0763181613079e-05,-0.0194817237378094,0.0190184154556119
946,-0.0160678208992749,-0.00073051687696938,0.0130196961375384,-0.0215998032166808,0.0269990561150197,0.0274108883651283,-0.0146897359255084,-0.00178227362931813,-0.00840648769616647
947,-0.0115752455136799,-0.000685935042486961,0.0213503531993552,-0.0292305173418179,0.0184307319093536,0.0247440207129835,-0.0238919706664508,-0.0147921522864465,-0.0176304395184468
948,-0.023026546113371,0.00467696228123703,-0.00156814205635965,-0.00612821181146065,0.0179782933731472,0.0121743620663292,0.0124218351946265,-0.0222479469480697,-0.0338270201962036
949,-0.0187579918665503,-0.000878048845209786,0.00897197626480605,-0.010895441392523,0.0389897784869246,0.0343979969987242,0.0137016239003267,-0.0294735954830384,-0.00680078971438599
950,-0.0130085941318652,-0.0146091120984412,0.0102672465376416,-0.0139617664651686,0.0403867821818328,0.0408235905475373,0.0203475175725088,-0.00121717915363725,-0.0114301033627475
951,-0.0176923576964902,0.00835040662577301,0.0190878694664997,-0.00761850010842418,0.0209390599909819,0.0245879343208612,0.0244339024800188,-0.0156370817067677,-5.46421108758437e-05
952,-0.0141003683076287,-0.00476190926625654,0.0174610924462064,-0.0190036125918316,0.018504523242119,0.030153153516839,0.0060599006235888,0.0253908868036443,-0.0124482337581974
953,-0.0192631087851682,0.00250466801781666,0.00892762717251404,-0.0228456582001872,0.0218096486716664,0.0211545734495923,0.00322897158928658,-0.00548168893292496,-0.0113043505694415
954,-0.0135363697914239,-0.00708177556667874,0.0143595171603402,-0.0206623782916402,0.0277010896100822,0.0318368438645171,0.0111848076648627,0.0168853860391047,0.00250134327014936
955,-0.0242843975087575,0.00831184415779999,-0.0127074351347563,-0.0300245071019128,-0.00426969948554296,0.0111959125387941,0.0127002490975616,-0.0112419837102177,0.0121992717009524
956,-0.018222119829249,0.0109292854187211,0.018264931676564,-0.000335895051448249,0.032283836075332,0.0152061432109824,-0.0111386627450894,0.00570740159493317,0.0109330502049484
957,-0.0136464420601759,0.00805375799775421,0.0204640189998704,-0.00753458646092117,0.0280462978774746,0.0169190428389703,0.0126328608789944,0.00301161526525867,-0.00454100058656599
958,-0.0213790411322579,-0.00156399253520722,0.00176831412270285,-0.0126672668678299,0.0272280291702037,0.0462463725750691,0.00566967336676592,-0.0302004657851259,0.00094515396872072
959,-0.0214318334900073,-0.0065964137551301,0.00627386247503123,-0.0224346771229562,0.0153689666268208,0.0474196661013575,0.00868129186833529,-0.0174469621374428,-0.00280318266082376
960,-0.0120866735767212,-0.0142837365047979,0.0188550839147832,-0.0331548533994085,0.0118676743795294,0.0522083419635567,0.0094488383690975,0.00846177620235607,-0.00805170442489228
961,-0.0181743482561694,0.00254046808415985,0.0195891028926421,-0.0176454067227787,0.0109517439837388,0.048276655239478,-0.000155629012581898,-0.0185641022800664,0.00947513418245233
962,-0.00444712569024648,-0.00895962814960093,0.00671883540912153,-0.00625118113904515,0.0226584493543748,0.013999523263972,0.018656000251082,-0.001291283324953,0.00198529184115561
963,-0.0189490950795411,0.0163353308069614,0.0155508086938596,0.0123004122066929,0.0182079762085861,-0.00145189149897228,0.0158731247887279,-0.0345021915219781,-0.0244923727769213
964,-0.0282347508784155,0.016106521769365,-0.0155957165744963,-0.00373311544562005,0.0175187983485698,0.0292117607958764,0.0153213156370828,-0.0115843264408883,0.00351444353432024
965,-0.0219584346283462,-0.00112503870021165,-0.00118926667636174,-0.0165592140890939,0.0116232595108479,0.0413116905077357,0.00776297289582924,-0.0231915856980868,-0.00890883626461017
966,-0.0150949558226632,-4.03716830914972e-05,0.0190309254000765,-0.011980652833689,0.0232722532887449,0.0352041703874118,-0.00504065211873269,-0.0339501572359403,0.00926160146789637
967,-0.0201700400613344,0.00675413241124531,0.00594202894135982,-0.00983517403831748,0.00995218115914453,0.0478786251370911,-0.00542159760785199,-0.00658758364483998,0.00935025424714281
968,-0.0236752365669655,0.00395923719955842,-0.00657903515802647,-0.0126856928330282,-0.00205428313253629,0.0449107189631975,-0.00527485462804715,0.000492007666107949,0.00373104160301187
969,-0.0179553069742019,0.00454041542176986,0.0158406728830412,-0.00665253992876854,0.012384615289287,0.0537816098351328,0.00388124664652752,-0.00394856689719947,0.00938908522898567
970,-0.0203788976160361,-0.00688486415637003,0.000266386445651829,0.0211177052249756,-0.0275475915043166,-0.0230342918694662,-0.0111409877615288,0.00717730954083495,0.00217158510075963
971,-0.0275723441070747,0.0111616997455273,-0.0137064247415568,-0.00259046244414063,0.0282409504089298,0.0158527835319766,0.0234527910926617,-0.0345581193341379,-0.0147897362490726
972,-0.0312883038503873,0.0301867736558248,-0.0118424354929639,-0.00801830012593742,-0.00541547157134682,-0.00799744921866535,0.0141024147375707,-0.00127172574276408,0.018830202511499
973,-0.0154435069327235,0.0168531123708364,0.018766472821739,-0.0112796439856128,-0.0121499264631108,-0.0111249163398485,0.0134413167560037,-0.01809883476131,0.01941479454318
974,-0.00530319127255302,-0.0159392755561906,0.00311289605620448,0.00624557743040114,-0.00156345556176203,-0.00153572237466759,0.00606472626381931,-0.000914145585592883,0.00976871017003378
975,-0.00138307314559838,-0.00570860863938653,-0.00292795138409301,0.0045222246920028,-0.00683313556309034,0.00273029229618515,0.0122095483059816,-0.0044034303560693,-0.00279689774906828
976,-0.00340102309016322,-0.0122274657445722,0.00680626742080612,-0.000244552420259592,-0.00019425326278329,0.00280722465599576,0.0112318650423747,0.00378229680833963,0.00284372102103831
977,-0.0242359871520599,-0.00953638801378304,-0.0288071684417108,0.0212841491582788,0.00236691180586937,0.00250145761089852,0.0230415687029572,-0.0103922324924176,-0.0220272911885797
978,-0.0224525839359055,0.0120137978737426,0.00276730170156985,0.00590262646600868,0.0282586686282822,0.0149747321189802,-0.0129599467710266,-0.00198834326425168,-0.00112158488271652
979,-0.011507511263739,-0.00752935964100641,0.0240436664367848,0.020767721381082,0.0270616305034151,-0.0166807672974524,-0.00049841879129825,0.00538986680355773,0.0151549126086546
980,-0.0112707460032547,-0.0252573624228744,0.00946017472648669,0.0178155741036765,0.00227122018554311,-0.0125079046674248,0.0073745569949971,-0.00207958624109753,-0.00513218360253266
981,-0.0164529886567297,-0.0232729920537981,-0.000621289804487654,0.0282107175950072,-0.017932918745333,0.0215726199325702,0.0176654700072059,-0.0322860383441201,0.0459181532180518
982,-0.0207718036058191,0.0171097554226364,0.0179995618216551,-0.00269558189360316,-0.000366354807999734,-0.0286280365077122,-0.00183636758342853,0.00374074362398559,0.040235829445019
983,-0.0198956294641529,0.0203076972154971,0.016056753189383,-0.0102644466192538,0.00571454217669208,-0.022148254152383,0.0198547734340517,-0.022709385914138,0.00616434510365029
984,-0.0192369572003129,-0.0150484761603588,0.00170478748798283,0.0186388756448145,-0.0189123018683048,0.00710226415369392,0.00681180438550525,0.021535922199838,0.000335710846699833
985,-0.0150413805904831,-0.0141130770116698,0.00971961853987016,0.0307664642136786,-0.0177116964216987,-0.00256228223072412,0.00946853501984927,0.0112152995380016,-0.0140111658967253
986,-0.0101541786081121,-0.0190190910939649,0.0120552954124292,0.000888258801964878,-0.0156681868944402,-0.0130818167270219,0.00470354741032144,0.0167741812573112,0.00181832245447143
987,-0.0143672323386818,-0.026284154465807,0.00607389968452349,0.016314584147821,-0.00583994451637428,-0.0105651696057494,0.024495667662528,-0.0021604380576935,0.0021790281853371
988,-0.00698346384497516,-0.0122093581526446,0.0201053316683137,-0.00192795071926924,-0.00498138536865854,-0.0084224863913525,0.00933092435536569,0.00693876005281833,-0.00193066277816224
989,-0.0126756988138283,-0.0292370420088041,-0.0024948940802903,0.0229616655705036,0.00327723269260539,-0.00726933671531811,0.0147059386612387,-0.0108985588106114,0.000946810499511525
990,-0.0177483637042972,-0.0156051663450617,0.00145689139207237,0.0272719155443194,0.0181569346588481,0.0372040391513251,-0.0271120073345805,-0.0100891975708664,0.00438152889212864
991,-0.00512034817636513,-0.0131941792510772,0.0026925845990393,0.00991366743952365,0.00110125617146685,-0.0101746140397351,0.0136332763542492,-0.00427661259076091,0.00493781193496301
992,-0.0238212607545217,0.0106649392061249,-0.00977485815415734,0.0186864192289645,0.0115516894638139,0.00920682891351957,0.0122496784223682,-0.00966553509655336,-0.00248191043674151
993,-0.0279526446170662,0.0165780181351563,-0.0150104191642449,0.0213539960478836,-0.00248834254490139,-0.00594941310325796,-0.0221685129759639,0.0149761840007649,-0.0126809109974486
994,-0.0220762062568665,0.0107221608877828,0.00451967417828179,0.0231479043619094,0.0144560149866537,-0.0303626308786938,-0.00501958499049395,-0.00247319757609539,-0.0249192965794127
995,2.0166071610353e-05,0.00272890405617202,-0.00206528289310765,-0.00102805587216419,0.00051672946529836,-0.00572256704379639,-0.00114568573954268,0.00185882429471275,0.00297567039192634
996,-0.00948919949180292,-0.0216040021303658,0.014891010940623,0.0164521201922539,-0.00475879952001327,0.00914359399864714,0.00338635545608528,-0.00750595777516426,0.00472722138473071
997,-0.0153909982722266,0.00790943034892189,0.0142479083483374,-0.00793834777392678,0.010618140178801,0.037206653250401,0.016765616768043,0.00609827479148996,0.00673935815522817
998,-0.0193695366546808,-0.0277703056805997,-0.0206245252177296,-0.00890284693434449,0.0328281324496672,0.0253914028340296,0.00549631249897509,0.00811636617126521,0.0148681914477126
999,-0.00883699373122229,-0.0279130630089944,0.000766808771457032,-0.0164084920796542,0.017523633968026,0.0322277542237032,0.010692396663916,0.0274107855908677,0.010533521666077
1000,-0.0103169065372771,-0.0326846719802944,-0.000994973156200804,-0.0289923951710739,0.00364441544030377,-0.0087175651469393,0.00647395166490297,0.0446633796362354,0.00417063488331582
1001,-0.0129142781920025,-0.0345950671099778,-0.0119781391500872,-0.0419463002943526,-0.00188658354406384,-0.0106793930745447,0.0148397455223693,0.0448298489666061,0.00520052808915108
1002,-0.00141303428897846,-0.00675714512194048,0.000206372929153852,-0.00345402938892629,0.000417795604298338,0.00169172424431705,0.00640507510179051,0.00187479028123892,0.00226474479463741
1003,-0.0031216584575584,-0.00679751729436223,0.00150677718806152,-0.00321147353874974,0.00826939720340675,-0.000902757063021196,0.00117145808364422,0.00431924923800675,0.00193845925880868
1004,-0.029437682198503,0.0179158863807225,-0.0187543275511355,-8.05608203072607e-05,-0.00681970298050112,0.0320831281517615,0.00250321138582708,-0.0100717134801944,0.0038706440858379
1005,-0.0101206843458102,-0.0310905838610856,0.00501959586205378,-0.0108170667221179,-0.0177037189217149,0.00429947153521316,0.0220371477262926,0.00150906609528383,0.00460192459561432
1006,-0.0276133732612805,0.00727058375010016,-0.028561728185996,-0.0182110267531238,-0.0143792962134735,0.0140064395252162,-0.00988250123312051,0.00715995977966948,0.0154776572575384
1007,-0.0222767547999969,-0.00596657513086923,-0.0171044123604795,-0.0161973493305704,-0.00486415448661978,0.0165827430412544,-0.0356742988200199,0.0345453247868629,-0.00833348468927422
1008,-0.0306177548540907,0.018549653847793,-0.0228117908040295,0.00368682825118524,-0.00580613438598884,0.00585213339321834,-0.0091493460940422,0.0114475089720054,0.0164932779413541
1009,-0.0287702506683615,0.011669009704653,-0.0202145300235216,-0.00235967017743065,-0.0128848095240213,0.0177481334102241,-0.0256274603576333,-0.000357436615075531,0.00326369038310486
1010,-0.0218410366152414,-0.00579910941034724,-0.0105072344225171,-0.0103193226642014,0.025611649833832,0.0227483138468928,-0.0231750300841088,-0.0123274307877144,0.0101774638134332
1011,-0.0167111316022033,-0.0256906321810298,-0.0091921202603259,-0.0247012077188365,0.0146074975109731,-0.0290142178272485,-0.0154228361085704,-0.00068558009861629,-0.021005407418509
1012,-0.0155335880709753,-0.00431498014177351,0.0136364598385847,-0.0375243388034262,0.0257263559485851,0.0313434405386741,-0.014606524542621,0.00224671555815217,-0.0163538433319654
1013,-0.0263522795418539,-0.00277825289091124,-0.0240951198098709,-0.0121565867542155,-0.00508195363446934,-0.020283092113932,-0.000253480582565545,-0.00672161196450772,-0.0286705679380056
1014,-0.0172484350269359,-0.014802512595277,-0.00713667808944429,-0.0427382891420323,0.0112715727978241,-0.0240439624880742,0.0193390563198538,-0.0256262068695426,-0.026423209320946
1015,-0.0230195158440895,-0.0139913867877452,-0.026037866518016,-0.0238626162117711,0.0195375133367583,-0.0147908658549665,-0.0085726617599399,0.00612135048832432,-0.0185316072270792
1016,-0.00742850175185477,-0.0142914354980251,0.00311516871236331,-0.000457936501226997,0.0151346056892765,0.0145737673750534,0.0367283724171372,0.00336965997958321,0.00537979655306256
1017,-0.0212251168555412,0.0135138984415358,0.00278678092331029,0.00928435000643414,0.0406416476690796,0.0113466152128932,0.0134932523695051,-0.0233626893105508,0.00249846073867483
1018,-0.0308898888592143,0.0189748079658095,-0.0222042026908271,0.0137785823788311,-0.0338935912290261,-0.00176773963121434,-0.00154026527205571,0.0251582006374967,-0.0194457690686446
1019,-0.0316329954054802,0.0222401494265353,-0.0234941664455891,0.00214515442003758,-0.0126964791760685,-0.0105441654709494,0.0143426853607243,-0.0102610547410418,-0.00793518164784896
1020,-0.01570760584476,0.0131007609514417,0.018156613105645,-0.00470686165243488,0.0131380907174581,0.00145320861386439,-0.0291295675623879,0.00681896049893385,-0.0116451769417604
1021,-0.025054041491522,0.0204514532412431,-0.0057882627434577,0.00382978057052921,0.00349973246143532,-0.0368293122748782,0.00206351797772655,0.00570050358710472,0.00415216776121067
1022,-0.0257353332384251,0.0222262781017479,-0.0115975317556984,0.0107096723080224,-0.0158839018815994,-0.00555394612952752,0.00547802421410437,0.0160273429116384,-0.0189167644521087
1023,-0.0275506716565505,0.00628216489545601,-0.0298107753129484,0.0150482183464983,-0.00435427779361562,-0.0026532372496084,0.0184092352762281,0.00258108436928596,0.00282718948595966
1024,-0.0264637885739481,0.00338404339401009,-0.0222147318366332,0.0203626565766161,-0.0289110799261434,-0.00469820800538188,0.000181922409526435,0.00394023188501123,-0.0249753304240012
1025,-0.0203587494384725,-0.0274499400230471,-0.014295237705725,0.00822060538349183,0.0230806870175356,-0.0154134803087827,-0.0217158756064315,-0.0740144624120195,-0.0166625855032023
1026,-0.0320074199739981,0.0252701723181989,-0.0238418553117506,-0.00124776780145207,0.00689818046279897,0.00963995728081894,0.0229479022352225,-0.010762255884429,0.00253653832826629
1027,-0.00233568112528151,-0.00508565369340919,0.0038718253315608,-0.000172459821018755,-0.00310718959034834,-0.00201685835079286,0.00185394771486488,0.00381141473336026,0.00609100731611062
1028,-0.0223704005966909,-0.0124502713796241,-0.0129226906021618,-0.0219242506085187,0.0192542094747496,0.0186434639616854,0.00224779034230212,-0.0332726365882106,-0.0306891404228783
1029,-0.0162820010327896,0.0228723645687629,0.020802787075674,-0.000209189909738609,0.0145976476946097,-0.0159375251988853,0.00904712805367314,-0.0173213413067264,0.000932661143962085
1030,-0.0267156140341008,0.0305365768312149,-0.00295495825078014,-6.00408970684204e-05,0.0182640494495254,-0.0161235754022112,0.0133336368889153,-0.0145395546220871,0.013537578379177
1031,-0.00143851288559283,-0.000171401375960739,0.00527200375469228,-0.000311536458253435,-0.00430905286152959,-0.000862726185045965,-0.00454335316019811,-0.00449100595983996,-0.00557819844352288
1032,-0.0232476316854236,-0.0119893911548881,-0.0190915108861655,-0.00532693586683315,0.00978671480355702,-0.00106618658910174,0.0010202015919584,-0.024303960092664,-0.0433520614598683
1033,-0.0258302009320153,-0.0103591988422549,-0.0285411209935404,-0.0100302349878419,0.00679220535929539,0.00166520143559365,-0.00432491156578059,-0.0246453941889676,-0.0316890701318627
1034,-0.00548913336827772,-0.00411188144757125,0.0209499846932245,0.00228014564286559,-0.0170510879149449,0.0153493720117572,0.00944309383426071,-0.00729762651192938,-0.0123906840825562
1035,-0.000472469923023399,-0.000809162347885988,-0.00081167813527398,0.00258895080862781,0.00157249517850193,0.00217940426558647,0.00417357967636753,-0.000877424815621392,0.00274081804545572
1036,-0.0176048805112405,-0.0269519355320277,-0.00109714313637062,0.014984181981092,-0.014096158427456,0.0122762838365423,0.0403393988399462,-0.00315247390705178,0.0333808567976835
1037,-0.010788742115756,-0.030453829385663,0.0120378063809433,0.000886180697263676,-0.0155951363439688,-0.00866654904664347,0.01408830517828,0.00670489997566728,0.0210315207541808
1038,-0.0119656884668181,-0.00479979656141535,0.0229786039142023,0.00284139193799634,0.027032410801505,-0.00190960380479359,0.00545206969547803,0.0224675513828837,0.00802480548149033
1039,-0.00937501019186573,-0.0182628882723396,0.0196919517330617,0.00691339406057277,-0.00803888191089269,-0.0022463070075246,0.0144121753950227,0.00336704693672333,-0.00700085181968672
1040,-7.83624534903763e-05,-0.000157239496110045,0.000712583137730831,-8.7607489289137e-05,0.00048748770483269,0.000345321944088308,0.000857925551264105,0.000502822948073053,-0.000415409549067972
1041,-0.00779902991631154,-0.0237484930950236,0.00552139887345811,0.00891168670298601,-0.00200672706201915,0.00217993806198292,0.0167485831123971,0.00316393503277392,0.0191327454563214
1042,-0.00691591413148011,-0.0230169181753425,0.00190685645749743,0.0178262774560721,-0.0127857628349939,-0.00807230460072271,0.0175662093151011,0.0019634231359039,0.0200854191819122
1043,-0.000156724906980753,-0.000314478992220089,0.00142516627546166,-0.000175214978578274,0.00097497540966538,0.000690643888176615,0.00171585110252821,0.00100564589614611,-0.000830819098135944
1044,-0.0107603531949425,-0.0205265975262031,0.0115899359862106,0.0233235236036492,-0.00667718081940222,-0.00431019404554185,0.0174145074575702,0.00735061642256617,0.00430023785433766
1045,-0.0232643277729448,0.00546407199834241,-0.00160479543090493,0.0216439053760503,-0.0150812959796833,0.00289505287584525,0.00158439489922855,0.0087866083913606,-0.0236982426281122
1046,-0.00698467810831888,-0.012011777337685,0.0156772572488362,0.00054051212050337,-0.00921696169278335,0.00443848719102689,0.00851738264502057,-0.00282971966323577,-0.00300801563695433
1047,-0.0122141229898276,-0.0297357312998574,0.0037570460984054,0.0058840633582145,-0.0173382372078955,0.0194671684478213,0.0145849374120506,-0.00695642245785963,-0.00124908240611729
1048,-0.0227893687188552,-0.00405961048006264,-0.0103092360559025,0.00773260828411866,0.0317021349555128,-0.0113683706785959,-0.0239664229830604,-0.0448710213262529,-0.0248316064121875
1049,-0.0231006745846955,0.00156228230164861,-0.00944756977453791,-0.025886526564367,0.0106119879779762,0.0117679043506319,-0.0302315588757881,0.00968279494709098,-0.00680803246023876
1050,-0.0135966254441672,0.0126341414446228,0.015923493587648,0.00353764477375449,-0.00994223450703327,0.0180579029657944,-0.00487011634006435,0.00554481736824385,0.0165325655554898
1051,-0.0288078254132337,0.0288524125109857,-0.0135000370656642,0.000233218921218806,-0.00770624505035956,0.00110683817997228,0.0196840877430768,0.00216291340850693,0.0201450013852701
1052,-0.0106890238550491,-0.00999129100583988,0.0260141519937625,-0.0151382609214314,-0.0346920943734808,0.00726043425220094,-0.016687852019312,-0.0275864537864303,-0.0147714017368982
1053,-0.0240101527262853,0.0194585606399381,-0.00263451122385594,-0.0134103220027028,-0.0201764149432687,-0.00173083188083765,0.00217474784483763,-0.0106213277796781,0.0198441044198053
1054,-0.0140524620551517,-0.0088734945514282,0.0184445197952596,-0.020450960472007,-0.0324529150995355,0.00204353067955565,-0.0250693345751848,-0.0411275529104137,-0.0058564053146193
1055,-0.0208188049159607,-0.032111934320979,-0.0226434699279989,0.0055553702394482,0.018465504269379,-0.0113547238528535,-0.0326841235747417,-0.0347966015905508,0.0307232444132349
1056,-0.0213497312625719,-0.0278866061454622,-0.0184136334268458,0.0128119292803968,0.0128646312868764,-0.0156809061578974,-0.0199892832707616,-0.0533108839676806,0.0199734191956352
1057,-0.000816182467009037,-0.000931366729905279,0.00260759756507617,-0.000100524987265644,-0.0015551505890441,0.000944139176290575,-0.00238873948644149,-0.00175423748683493,-0.00153766657787427
1058,-0.00115634976759851,-0.00217617753670327,0.00205118753741031,0.0025664655342405,-0.00154577669026339,-0.000113452960742553,-0.00219080252220897,-0.000187128839524033,0.000327165297007409
1059,-0.0179658731640437,0.000138155323931153,0.00761148128714209,-0.00927113045400833,0.0351009574550996,0.00836074521105437,-0.0366248121741244,-0.00910930654591632,0.00919618359804705
1060,-0.0336629985818002,0.0236405917330986,-0.0249366340140471,-0.00145793855156798,-0.0154348280494279,0.0134613252862576,-0.00602032039276132,0.00496970972803022,0.00797900370594533
1061,-0.00454087788044505,-0.0147203525479554,0.0108933820617138,-0.00659708104636753,-0.0056025336386044,0.00577671351567881,0.00285174638973229,-4.17205437383534e-05,-0.00619560597454387
1062,-0.00185548075800298,-0.00504949977357037,0.000398669277801633,0.00315447969816184,-0.00124690293551174,0.00470024626701969,-0.001415587159882,-0.0001438592724727,0.00367268234093984
1063,-0.000172188534761477,3.47869462238098e-05,0.00106679803918376,-0.000191275933194121,0.000630354362098654,0.000311408849844444,0.00107736314601934,0.000755878035810842,-0.000848276366790226
1064,-0.00826403756939296,-0.0240608005163606,0.00274173809038855,-0.00366736512070929,-0.00199320853557372,0.0073663453538932,0.00163087239054285,0.00430685956170255,0.0233198202216062
1065,-0.000147573071966866,0.000226654504568378,0.00124546099159698,-0.000267462709739883,-0.00354796931663936,0.000233598074983723,-0.0015494352854129,0.00239256007784898,0.00119758363422989
1066,-0.028802364014746,0.00124371477103638,-0.020938565867812,0.0122387145558555,-0.0182731469445018,0.00324210682107746,0.0161443271432196,-0.00204672227818503,-0.013195926678078
1067,-0.0336982230510567,0.0195326174980933,-0.0263898876753633,0.00306817833629063,-0.00594225327609392,0.0292196886763516,0.00566446625261787,0.00176548981206379,0.0227331284622282
1068,-0.00237242984660463,-0.00804457818298895,0.00383800344696926,0.00493870917303856,-0.00739044821787954,0.00128567472989374,0.0157784226143073,0.00824687055731432,0.0058384437530758
1069,-0.0174854832378278,-0.0339105148090188,-0.0216058429238913,-0.00373912111622234,0.01071399134009,-0.00993710005471457,-0.021817383579751,-0.0348633873467263,0.0114370026390323
1070,-0.00955955722448843,-0.0290374443601761,0.0070722111978236,-0.0135526514085638,-0.0249794552133755,0.0160485738024949,0.00154692964906982,0.00756374159385317,0.0177897063642726
1071,-0.00798864004303701,-0.0293431580997426,-0.00319667779154401,-0.0252704172978588,-0.00784559079176604,-0.0208505561428421,0.0148128843132152,0.035421209030802,0.00598650566039137
1072,-0.00640172461289829,-0.00969571850090072,0.00981514046278307,-0.0224485124509425,0.000262388780777585,-0.00773265795811605,0.00618308353251942,0.0325534880485882,0.00512887099431301
1073,-0.00711098860515511,-0.0230756779040144,-0.00173303642032063,-0.0188172474010078,-0.00366595025428984,-0.0152155079517283,0.00338854003988768,0.0183363998612658,0.00333077209936878
1074,-0.0028314994834444,-0.0096620123711235,0.00697945484246559,-0.00281981440175625,-0.00121989563872329,-0.000771374813013913,0.00658741529555397,0.00441941824299014,0.00300956885768009
1075,-0.0157653259612265,-0.0373907770172742,-0.0142800278372286,-0.0102575247376716,-0.00191469613148768,-0.016838056045375,-0.0151965170964554,-0.00592285580875224,-0.0120210114086674
1076,-0.0163144001782109,-0.0297437548524797,-0.0113373333177067,-0.0186253773023222,0.00580185572483993,0.0027668402063603,-0.008774531836544,0.0182799314894918,-0.00765248755268542
1077,-0.0067523484574041,-0.0144195756110211,-0.00618092795030305,0.00979061289270262,-0.00829842902120098,-0.0114759408082221,0.0183397996850587,-0.00961806110271617,-0.00233332174367931
1078,-0.00215300449711978,-0.0103134333466532,0.00104853048577673,-0.000504264450120755,-0.00175782050755213,0.00707239065162289,0.010507495712396,0.00625894215411245,0.00639840349261754
1079,-0.000268459783722392,-0.00109776824427635,-4.87883325533792e-05,0.00061979136472628,0.000569975000508683,-0.000396532985777929,0.000181441039958454,5.39979735126927e-05,0.000327137020531905
1080,-0.0129150103694407,0.00377260414756869,0.0261862706306604,-0.00122206519719085,0.0259853333876876,-0.00107612824371063,-0.0118180202966339,0.000539531530210584,-0.0167147957359844
1081,-0.00434931967789014,-0.00661866226946258,0.0124719863546591,-0.0106072647870906,-0.0143761348374653,0.00527924602718909,-0.0016999577533443,0.00685685862007407,-0.011174233130096
1082,-0.0121654253751355,-0.0298527901096783,0.00560082595003814,0.00642794188858335,-0.0100422133023849,-0.00326568346065429,0.0331514430402492,0.00683902201392797,-0.00474927276704623
1083,-0.00344306325692082,0.0008317529052741,0.0144286371789891,-0.000824331913253997,-0.000522435633291521,-0.00143621214268,0.00663499207163144,0.00217108864127252,0.00254547202446145
1084,-0.0243139343857581,0.00200436637372035,-0.0137081380548389,0.0238337515054586,-0.0156265283385174,0.0331713406386989,-0.0217951923325734,-0.00752721735536857,-0.0253506580273784
1085,-0.0294121014143584,0.00587515620589648,-0.026234368530914,0.00863475343311634,0.0173186745517626,0.00267853459770154,-0.0212525173986875,-0.00660610270877217,0.0097240375069716
1086,-0.0166651610737627,-0.0184371589514772,-0.00723031454406931,0.0111848160739406,-0.0150015435808789,-0.00587203179634488,-0.0387897791581981,-0.0238109491214607,0.0210261376041474
1087,-0.00265705583379832,-0.0024800383439399,-0.00496647433283543,0.000597791044869285,0.00268024423352978,0.00843913723043126,-0.00116694352196741,0.00287734026674269,0.00358686488189965
1088,-0.0236494113901105,-0.00153814308021046,-0.0196543035174412,0.00961130816248263,-0.0314187802315436,0.0305091842617158,-0.0261007314681194,-0.00713563099191261,0.0362923868048038
1089,-0.0162154027677646,-0.0328107858239921,-0.0218010194607268,0.0236748884708803,0.00693130214966194,-0.000754883121354072,0.00347020971471557,-0.0195498718386534,0.0191907364088723
1090,-0.0164758443946985,-0.0282108081455745,-0.00255167099874055,0.0218038796840629,0.0361724833278682,-0.00302301918348716,-6.9279682739259e-05,-0.0359937613772816,0.0209490996564584
1091,-0.0228236486291477,-0.0207119748743355,-0.0261623140771594,-0.0266848503060814,-0.0043531980307232,-0.0163744903866272,0.00309316701518371,0.00360882376977358,-0.0315097925296409
1092,-0.02798251761915,0.0110299132683924,-0.026266759452427,0.0102137049187354,-0.0179428095712914,-0.00447653996413843,0.0123074875588538,0.0218532292136701,0.00837708647918336
1093,-0.0147718468826422,-0.0303509868335782,0.00419857918788751,0.000933493138128784,0.0306842923352088,0.0133586159870487,-0.0212829557274345,0.0173739837747798,0.0254669647414282
1094,-0.0033698681436214,-0.00842442628353486,0.014188651171024,-0.0118536676983893,-0.00655413903445976,-0.0166786760499453,0.0104650874177768,0.00486525652417195,0.0101561039834614
1095,-0.0261953978484375,0.00732338973516033,-0.025911526331379,0.013956233583918,0.00611619444503268,-0.0101813324470786,0.0195064927461838,-0.0244238146408231,0.00257094571803534
1096,-0.0169660914667906,-0.0283486107011903,-0.00136714846598099,0.009004917643872,0.00597164297475135,-0.00863866786481969,-0.0245541370229098,-0.00401301632411239,0.014537382217607
1097,-0.0234512133339843,-0.0143294007139143,-0.0212649779069572,0.00605756183687601,0.0123451434852451,-0.00115010599502675,-0.0171981249008799,-0.0441667745252843,-0.0102653644362898
1098,-0.022561051865713,-0.0100504962251861,-0.0215086880883585,0.0151162241169521,-0.000502812578286233,-0.00696633051244143,-0.0233368456588198,-0.0126419234472207,-0.00101562767769337
1099,-0.0157972890086483,-0.028601033381286,0.000666115433993151,0.0267837854036765,0.00516828759911465,-0.0029485813824238,0.0067029846142595,-0.0281129138250362,-0.00581902455138913
1100,-0.0268924014146451,0.00149030316660791,-0.0251596367402526,0.0161656932973512,0.0132431326153801,0.0137603892700573,-0.00280687286402807,0.00550865131358379,0.0165659624336593
1101,-0.0241638745770056,-0.0152592705395821,-0.0301861065021973,0.00355105532380001,-0.0187845499146343,0.000332439408679865,0.00279561061722127,-0.00388813232352612,-0.0119526473360243
1102,-0.0148651900469665,-0.0274145228763432,0.00286984071951137,0.0307331080540351,0.00723983065036997,0.00295947169523843,-0.00869497993575057,-0.017875809633385,-0.00332789382556004
1103,-0.0161555374075156,-0.0117992408015533,0.00555325046044359,0.0229338303626509,-0.00336011687857791,0.020307597597249,0.0102377626140831,-0.00280910124559609,0.0279009502768788
1104,-0.0168746815091738,-0.0281602595988651,-0.00771583663142327,0.015434129971595,-0.010050717645574,0.0122949619704647,0.027989853245284,0.000895524649330355,0.0237080049091666
1105,-0.0351646133588593,0.023093040059616,-0.0318394169740001,0.00540891800235684,-0.0117924629481385,-0.000269353407664789,0.0147517651708762,0.000235074259631526,-0.00847709927320126
1106,-0.0183155449372737,0.00475044597096876,0.0108475469509463,-0.014258632285107,-0.0237874846724584,0.0269277774796551,-0.0496097299679436,-0.00647097153346949,-0.0355929003470941
1107,-0.0340900632765474,0.0285394642336939,-0.0216079264195679,-0.00396617697438799,-0.0107456611604449,0.00890341630162726,0.0165327774842006,-0.00841157536577601,0.0122641034160538
1108,-0.0340123849784412,0.0277286037313522,-0.0237674357169621,0.00367183165333031,-0.00149508181317991,0.0138498697987227,0.00692558606849579,0.00162547307272633,0.0222091258458138
1109,-0.0356029772444734,0.0288992808748723,-0.0235945927575784,-0.00673884275962671,-0.00651046516038399,0.00453664423238172,0.0167629598078542,-0.00261780843028614,0.0126974566288292
1110,-0.0278852826156213,0.0068286210607981,-0.024520965021909,-0.000873874879652221,-0.0329175875212359,0.0171346514283563,-0.00749108180376427,-0.00835805486356932,0.0234684287343266
1111,-0.0307522326780118,0.0221515343142519,-0.0159975671666165,-0.00734697131698415,-0.0246553385617103,-0.00315836931975665,0.0164562480233106,-0.0149489190389505,0.0148096201408093
1112,-0.0289094046408239,0.014191838506277,-0.0207842999341101,-0.0229579603287061,-0.014605360790931,-0.0134873228236066,-0.0115598879985161,-0.000188932560940429,0.00875506557827629
1113,-0.0134945157955458,-0.0326009786299113,-0.00823498579964379,-0.00753725414378036,-0.00885267518715149,0.0145383640981168,-0.015419976025286,0.000561473328304102,0.0126199878139071
1114,-0.0324120675798582,0.0160217841944669,-0.0269346587960875,-0.00554572780086433,0.00435250277734447,3.16554081346792e-06,0.0107045164202441,-0.0169927030224877,-0.00795872698367811
1115,-0.0317426091099051,0.0113864260715066,-0.0315531059833489,-0.0137409511519683,-0.00736170176279433,-0.0074587940507331,0.0159585170777689,-0.00520498889192298,0.00520902034375155
1116,-0.0166071515976309,0.0206966087846915,0.0309138559940195,-0.0164238594614224,-0.0178871554251767,0.0187515331207294,-0.00962881575669436,-0.0331141347571306,0.0314048624408234
1117,-0.0300494513718966,0.0126642867182288,-0.0297141395026155,-0.000387083842370148,-0.0383578345175767,0.00698828225017551,-0.00243203071039223,0.00260739448135175,-0.00469833154924022
1118,-0.0323861765710696,0.00995016031589517,-0.0304956719841218,-0.00452319254716247,0.00861630420425474,0.00362565353942491,0.00642675426167539,-0.00994399611742133,-0.00973898848331505
1119,-0.0313982952043128,0.0143980978089331,-0.027358740326952,-0.00168481523635473,-0.0247924421023195,-0.0112234341745406,0.00356097353061543,-0.009011071415504,-0.0108941174375813
1120,-0.0196623835195732,-0.0139959533329194,-0.0106618339293372,-0.0400207761838971,-0.0215359418324799,-0.0286984830511942,-0.000608352825433271,0.0159279222016569,-0.00636869596835356
1121,-0.0321165338651857,0.031329017602676,-0.0181954919583932,-0.00390287348025015,-0.00568970661520173,0.00817693213495094,0.0202969849908565,-0.00867279018585511,0.0113589100499188
1122,-0.0199870737033218,-0.0270178026546727,-0.0219969197491336,0.00511518036367562,0.00667542195129381,-0.00144463924886413,-0.0281011174236967,0.000830169311429202,0.0365029854870968
1123,-0.0250662125961183,-0.014087990222433,-0.0342590128584162,-0.0220631926755997,-0.00506913329223684,-0.00192526574605847,-0.00468567858879553,0.021657360217747,-0.0114250237687351
1124,-0.0332511775922337,0.0229597011460267,-0.0266509684721848,0.0101847114627207,-0.0218494258420051,-0.00390138583486685,0.00923644552154986,0.0132955331329674,-0.0192495868276733
1125,-0.0311869356691056,0.0190314324384424,-0.0202555776848498,-0.00949969984809532,-0.0243728670676882,-0.00483673520003537,0.0164009783425431,-0.0113606499264691,0.0138350543129856
1126,-0.0262454558249413,0.021486600634499,-0.00678448463987174,-0.00468282556299276,-0.0283892859285699,0.00916771727345347,-0.00425917039945079,-0.0018607412325791,0.0295455572550519
1127,-0.0167237713508805,-0.0148264328341013,0.0154303204434783,0.0163393727534398,-0.0185896614268979,-0.0187940961435253,-0.0244215813366621,-0.0203344521570081,0.0465453845367406
1128,-0.0250945970774884,-0.0144966207159687,-0.0286146797814605,-0.00957605706331435,-0.0140063181201845,-0.00803830174595585,-0.0189037191518584,-0.0340519160338809,-0.0046226474048899
1129,-0.0250792665409711,0.00678869348385242,-0.00332719124398234,-0.00877387039760207,-0.035219057026166,-0.0153043574394184,-0.00518506164646398,0.0233675885062186,0.0508092760801185
1130,-0.0314223208692349,0.0131988375527092,-0.0265406532044227,-0.00769279217218091,-0.0190333845921868,0.00573022309987161,0.025694521078346,-0.00824945875830671,-0.0192632871514565
1131,-0.0300603586675615,0.023810786203749,-0.0202344663942628,-0.0104311762984584,-0.00652148702433988,0.00970900216848474,-0.0116636631414665,0.00484911175887915,0.0123810041951692
1132,-0.0343197453732948,0.0219135910445583,-0.0308247969527111,0.00103092185675459,-0.0168017309658927,-0.00645019047890271,0.012410519375594,0.00493430870659518,-0.00998818668585021
1133,-0.0319060029622701,0.0227918034702135,-0.0246680272167732,0.0020929070265981,-0.0234582090514156,-0.00660150380364389,0.00822090809377543,-0.00486382954875251,-0.00128591743898693
1134,-0.0289212309030158,0.0085631435628246,-0.0180259298882205,0.00560175053297425,-0.00243410974750508,0.0442994153269179,-0.0177174177796735,-0.0051769440711968,0.0277279274244157
1135,-0.0297161283170232,0.00400456153327797,-0.0251500173936905,-0.00757904742061829,0.00898672044838813,-0.000566664220897869,-0.0145745191452162,-0.02296893856875,0.0157168569852962
1136,-0.0323389740356238,0.0158449255166123,-0.0272181494405073,0.00228965202832176,-0.00294737388257748,0.00127378259079653,0.0105621976614986,-0.0214814683511035,0.00570529145769758
1137,-0.020264697600056,-0.0121305536615837,-0.0127499220659879,-0.0457592698365432,0.0391169703078311,-0.000411875419077969,-0.0192607191193232,0.00637000165799072,-0.00838226516676796
1138,-0.0216988284430187,-0.0112974739911853,-0.0134178196454858,-0.00755693897455516,0.00349509530030237,-0.0454405009124074,-0.0338418778580413,0.00532986166968675,0.0100462566070361
1139,-0.027567849173795,-0.000635585501202114,-0.0289907424721413,0.00361134626823311,-0.0191410307915684,-0.00238626004008889,-0.0149730878252212,-0.000873306239933487,-0.0436636530105994
1140,-0.0302465257776052,0.00734483909072794,-0.0360482966302934,0.00675989743388907,-0.0092156368991014,0.00801039323954832,-0.00491798545076337,0.0138388388841864,-0.00227199865421316
1141,-0.0297096248187034,0.0124198873009727,-0.0219486844180667,-0.00402383095434775,0.00827391972798868,-0.00246598909300147,-0.00429256620321447,-0.0201440204248379,-0.00269496181743434
1142,-0.0104738890793769,-0.0333840497770541,-0.00216164225034407,-0.024931826664584,-0.0299936156464519,-0.00116969737192283,0.0150585374375612,0.00817718517953332,0.0391022273291087
1143,-0.0331358243971984,0.0182074723554451,-0.0273294444501136,-0.00153643179854723,-0.0114836941583274,-0.00858714759680919,0.0224964120437867,-0.000445368201072271,0.0106077073039468
1144,-0.0325235601969142,0.0184425478347099,-0.0272412427714077,-0.00751070414755693,0.00766424098493195,-0.00620825487520253,0.000489621867514344,0.00945729040990823,0.000452774906541974
1145,-0.0285998690354606,0.00285575546325376,-0.027190631003596,0.00241396048316603,0.00212281445723205,0.0161665598216114,-0.0228206867106288,0.00291490979064294,0.00113387567379194
1146,-0.0138495525889856,-0.0314528546803614,0.000855843811411491,0.043023949537684,-0.0122052116414507,0.0330597510659366,-0.00935243598294141,0.0247549022005486,0.029952980052679
1147,-0.0232137765476935,-0.0203136139820439,-0.0335191439460574,-0.0140247413700738,-0.00137234267040304,-0.0122039111367798,-0.00832990089973038,-0.0106531653916433,-0.0105425193653863
1148,-0.0244092121576017,-0.00868308815784743,-0.0244933908448762,-0.00247627807274139,0.0109755374976341,0.00899811459636643,-0.0316426277017691,0.00428715707220671,0.0166280546417544
1149,-0.0316020896227025,0.025079802318781,-0.0174730512838914,-0.00950651702508977,-0.0130906760941276,-0.00696644370888112,0.0156626818858988,-0.00799331242378043,0.0177364402273951
1150,-0.0136486809357517,-0.0156793011370737,0.0253366727707708,0.00152628320718954,-0.0332616015508073,0.0345005529154876,-0.0249990622299157,-0.0177135817690269,-0.0145597713476704
1151,-0.0331199231000564,0.0265508793888739,-0.0225460928814994,0.000191380225871909,0.00228095091586749,-0.00382890251242663,0.0195471485602636,-0.0158057499741485,0.00495690080178065
1152,-0.023637426835234,-0.00310863667754628,-0.00994284948069542,0.0196253917793197,-0.00924754856874465,0.0210955625392042,-0.049881504750258,-0.0136726673979297,0.0378701729516788
1153,-0.0251638729260935,-0.0090653295971103,-0.0314823206787673,-0.000783898306020297,-0.0031229872220844,-0.00362032679596734,-0.0361800717944746,0.00839950538209181,-0.00228202399261141
1154,-0.0252199547294596,-0.00142258263204588,-0.0167415172380797,0.0186062187764626,-0.0256034107237311,-0.0104681524352422,-0.0153216254688805,-0.00287145991599513,-0.0193802504970887
1155,-0.029461173378962,0.0193097392538145,-0.0140698883187077,0.0152469122329189,0.0149784096438225,-0.00225704519528268,0.00401156802410012,-0.0292572880342019,-0.00440317331368452
1156,-0.0310565732457345,0.00847103055593993,-0.031130902769137,0.00054984122238168,0.00220555728957176,0.00303655960230297,-0.00110651793720328,-0.00607789642722474,-0.014425936208568
1157,-0.0258578026042526,-0.00195491376222515,-0.028560553339869,-0.0122394691553498,-0.0221875464428267,0.00849016019211986,0.00566517664095089,0.0389122116130054,-0.0157907143195308
1158,-0.0311930819046709,0.0229432788493699,-0.019021765914375,0.00639638149095064,-0.0238103152074922,0.00118838996474287,0.0202484571769296,0.00558451247183617,0.00973057159744478
1159,-0.033201568376134,0.0189700587944231,-0.0275883071323035,-0.00679138820418496,-0.00599376323334648,-0.00345142943846344,0.0205857455057162,-0.00544696797593327,-0.011053325036323
1160,-0.0183155074149446,-0.0294334577482634,-0.0313655081808636,-0.0216252436357876,-0.0053541089511099,-0.00717610500379076,-0.0114119392641536,0.01927247875929,-0.0208022227766554
1161,-0.0312612869643992,0.00935563063334239,-0.0343500527521412,-0.0019608792832742,-0.0134627912883227,-0.00778312291385242,0.00423658744693565,0.0184756739992631,0.00371477847599551
1162,-0.0234660104055753,-0.00522044752635378,-0.00903583324179739,-0.0471634008031191,-0.0160243748380381,-0.00985891288543066,0.00679221310024944,-0.0418780749160502,0.00529392383216199
1163,-0.0237702281182742,-0.0130520434032854,-0.0270648167925702,-0.0406375405519363,-0.00223906161990712,-0.0173809264152027,0.00222703582825028,0.000679154303526423,-0.0036454109307568
1164,-0.0122818664782138,-0.0156136273057566,0.0133641461352831,-0.00495979922518902,-0.0437100808711532,0.0132916376116767,-0.0206273419431186,-0.0128104081301202,0.0117527426302922
1165,-0.0259505079469035,-0.00555578317631799,-0.0259460185685353,-0.0264347100110686,-0.00601416033305775,0.0182564916420854,-0.0258725586309439,0.00225682785723178,-0.0125681182783236
1166,-0.0232266413839743,0.00838824291579668,0.00628825202995299,0.00191975303423247,0.00340518470280929,0.0213821118489726,-0.0560671839909961,-0.00507893234669869,0.0229963926490725
1167,-0.0311291674058522,0.0199267782379781,-0.0237031618019115,0.00549465294005759,-0.0230277432978858,0.00243706704811107,0.00955679312415254,-0.0226601029454602,-0.013287221259263
1168,-0.0327844337860948,0.0260954772997727,-0.0253856329551508,0.00610787954543813,-0.00146151315609258,0.00716721450410064,0.00947949436866239,-0.00762574538204139,-0.00306594067032948
1169,-0.0197370645033972,-0.0276790041930703,-0.0298328432839639,-0.0182590133883779,-0.0111216590627518,-0.00328457935753641,-0.00125927219911997,0.0376848360373917,-0.0139357556080866
1170,-0.0244199976027399,0.0135282962902486,-0.00979781814364743,-0.00958722330442666,-0.0402513331373674,0.0143229336258693,-0.0167574162476142,-0.00596588994401799,0.00772919614426584
1171,-0.0306947251812109,0.0129182964056945,-0.0225024783489945,-0.0215913122352893,0.00149095365070339,-0.0146940865489726,0.000188139672117656,-0.0104394802845322,0.00121160820979961
1172,-0.0284610813085786,0.00604339306232925,-0.0233715583689923,0.00254891339918374,-0.0126426943677535,-0.0263885526866797,0.00198529834434822,-0.0122944729045297,-0.0284157895683505
1173,-0.0192381839012041,-0.0282349265055849,-0.0222109061681188,-0.000703034265836901,0.0098792057321415,-0.0147615316355021,-0.0108828851270546,-0.00399396866250772,0.0343615530256997
1174,-0.0318407783578021,0.0236655354532347,-0.0224280467116017,0.00387277310163074,-0.00340838258520381,0.0106370362661654,0.00745281722469249,0.0201473180333659,0.0146053064870332
1175,-0.0324593704143511,0.0242848250367556,-0.0263966964841013,-0.00294946667194987,-0.020418061439003,-0.0121325030191269,0.019030323802695,0.01011861339406,0.0125136443841886
1176,-0.0293606878252199,0.00456605209019573,-0.0308888096240854,-0.0137875256308547,-0.0079056941295764,-0.00800787077414913,-0.00279561835104353,0.0159308306561019,-0.0117702900019833
1177,-0.019491027880919,0.00416740873513859,0.0148641853170408,0.0291541794504962,-8.43237411479403e-05,0.00318882255524256,-0.0168005058081986,-0.0155528302498814,-0.0013233934479086
1178,-0.029204860570175,0.00947414119981871,-0.0236519784725003,-0.0151295010960061,0.00863836060061652,0.0211173310174237,0.008356747276172,0.00104216236626529,-0.0190782911860304
1179,-0.0320048136324363,0.0297509104641528,-0.0181103115284111,-0.00329161588029726,0.0018140807626205,0.0108163063934779,0.017217311374085,-0.00209735379654198,0.00927367764733972
1180,-0.0234227024727845,0.00174661708353618,-0.002003326021215,0.0219049483143663,0.0314376323316045,-0.00242370068645554,0.0102633846297473,-0.0351073499454436,-0.0232305323116175
1181,-0.0284145903467858,0.00746760351197445,-0.0236666688904585,-0.023575846667552,-0.000686364842324657,-0.0212715034646362,-0.00644469956154496,-0.00390194839073079,-0.022703329890973
1182,-0.0166098099805637,-0.0321397162537364,-0.020262452308686,-0.00164567663737894,-0.014289722319492,0.00551116902830035,-0.0447022661467348,0.00479519873261647,0.0225948051232882
1183,-0.0238286984695655,0.0101631212764153,-0.000318055367570976,0.000929711403001805,-0.0377926282561239,0.0183831912497259,-0.0165423119758171,-0.00559772496196351,0.0391219788674152
1184,-0.0252556108406239,0.020239040887128,0.000641242677105819,-0.0155574381369645,-0.00877384192582457,-0.00659168380082034,-0.0130686656969184,-0.0261969882485029,0.0384501941443035
1185,-0.0321117036831381,0.0174134326229319,-0.0299008130678073,-0.00787326806893646,-0.00487288858510096,-0.00121479466762647,-0.00344174718586301,0.00321303441286782,-0.0116770658790874
1186,-0.0264452569754325,0.00180591892576102,-0.0193207152898778,0.00394616388559687,0.0231997818540662,-0.0129154993398248,-0.00348503044333058,-0.024225304390391,0.02483252763069
1187,-0.0313404605579163,0.0151817381671902,-0.0250942550346515,-0.0143166700999277,-0.00947824180974739,0.0204824528715138,-0.00551393711287104,-0.00639556048222937,0.00542150565863825
1188,-0.018322480445425,-0.0181885588510972,-0.00784522545227058,0.0332366849086119,-0.00294559558347189,0.0107248646662875,-0.0517762801172447,0.00398402690028604,0.000337158700415198
1189,-0.0227300861963367,-0.0197731474810033,-0.0237862114671247,0.0226551030280034,0.0126171610349387,-0.00336820948908256,0.00233977792085123,-0.0111943665622659,0.00264566823692142
1190,-0.0200317690707418,-0.019561696334054,-0.0215401563449679,-0.0259454300853194,0.00746765629837939,0.0152937241255208,-0.0179408328388376,0.0355510480847962,0.000294503335524625
1191,-0.0280467609341451,0.00861092538890191,-0.0203179870230914,-0.00872278474592895,-0.00192909397177418,0.0280601934490893,0.0136553731387819,-0.00857043425442597,-0.00381314580062318
1192,-0.024203148880083,-0.00661529399083741,-0.023179934126368,-0.0368450407240124,0.00469758578406811,-0.0190510596859613,-0.000306080933015641,0.00800008460186987,-0.020697888604743
1193,-0.0269245579719595,0.000457281246640309,-0.0282433012726397,-0.0204280188567214,-0.00779352586633564,0.00875969272990333,0.0209166519562752,0.0304592925556899,-0.00651528568949083
1194,-0.0256618321499441,0.00613613281840596,-0.0119482300607844,0.0144579838050743,-0.0159370420874289,0.0277849385574663,-0.0260324390262663,0.00121988493394981,0.0172514278121685
1195,-0.0219032597761104,0.00774612144733834,0.006451403163314,-0.00134383684402735,0.030147409338292,0.0074811405622599,-0.00576053407834271,-0.0537195292224442,-0.0130475770881035
1196,-0.0285882488093759,0.015330627440737,-0.0184412728077431,-0.0248094457776028,0.000389824370454237,-0.0125326510621612,0.0151397174385596,-0.0249047437097359,-0.00399213027780224
1197,-0.0302525011715015,0.0106691841392355,-0.028851726048515,0.00177021909203402,-0.0171925492075313,0.0210639215398284,-0.0198622999707996,0.00748786765249989,-0.000481676421955682
1198,-0.0215103727890277,-0.0188698404187684,-0.0139271823550403,-0.00328123781397575,-0.0160875634485429,-0.00365520714222265,-0.0260305452473128,-0.0181746707155836,0.0172360551374113
1199,-0.0189145720196887,-0.00206151377930167,0.0150741446573021,0.0121814198726478,0.0317237216008969,-0.0162783180341249,-0.0371905340120249,-0.0369693742504153,0.0186541232840344
1200,-0.0320873037139147,0.030267009994642,-0.0154604284930134,-0.00354691088147526,-0.000122955292141372,0.00524291506471374,0.0168868651185739,-0.00563497515315998,0.0145866758369385
1201,-0.025674088877403,-0.00443018899911951,-0.0228872691835375,-0.00824581591123194,0.0030499184054791,0.000338002223255512,-0.0380906093507677,-0.00275561242065107,-0.0175167902946125
1202,-0.0279808464659213,0.000893587991106759,-0.0201825057634802,0.00495713670629543,0.0146733171860032,-0.00362802204669523,-0.00772691391433686,-0.0381130595924805,-0.00694142322716537
1203,-0.0302153229783989,0.0115412674832901,-0.0276966173633286,-0.0141516680778009,0.000240656686447406,-0.00290257454141192,0.000339677984659643,0.00976914419671961,-0.00400250337076319
1204,-0.0183579127291803,-0.0238599687983771,-0.0133274779583805,0.0203348982479742,0.00195626675047195,-0.00278760281719745,-0.00840190616168003,-0.033740491303668,0.00545279151647498
1205,-0.0243676119417683,-0.0109598875466147,-0.0276186147987117,0.00995691114580685,0.0190719328726863,0.00738607996831514,-0.0121551269692395,-0.0150738781198868,0.0108263744751682
1206,-0.0213571042547886,0.00831085632957495,0.0110470633091701,-0.00621543542000252,0.0103117836568505,0.0188238689854891,-0.0505617795437772,-0.0176537514440442,0.0206239126683445
1207,-0.0226214568276542,0.00654797706130721,-0.00198766346925589,0.00538515022736346,-0.0143426365031724,0.00276585529683966,-0.0362249936496924,-0.0408840049055251,-0.0167318937262159
1208,-0.0297864086056734,0.00513193606925338,-0.025870620205398,-0.00309145559803264,0.00194277377631685,-0.00970457994444408,-0.00347599108186494,-0.0282618195446159,-0.00998725928181591
1209,-0.0213027568528193,-0.0263202847846213,-0.0239527439372876,0.00596182182846619,0.0088093258066644,-0.00427046893568764,-0.0325316347761866,-0.0413025782179603,0.0104548084087195
1210,-0.0200644204400053,-0.00684574633863653,0.00205882979093279,-0.0501828019505843,-0.0211138859776126,-0.00417761543699287,-0.00599865930865019,-0.0482185929301053,0.0172100408922597
1211,-0.0283521459732681,0.0184035293386156,-0.012519158146252,0.00558690571763257,0.0204860002041038,0.00387044845234061,0.00544500651905565,-0.0166761726582241,-0.022785577918096
1212,-0.0238259095532115,-0.010454468579533,-0.0214593576435718,-0.0361808203972189,0.00153317932242396,-0.0112196516754611,-0.0228100648289051,-0.00568574986136035,-0.00155298798923896
1213,-0.0321346083805241,0.0200202275187006,-0.0279877145650643,-0.00888951866590229,0.000130779296085779,-0.00885321201648146,0.00735675760356101,0.00681042655993312,0.00305911038099067
1214,-0.0160346423218025,-0.0317213309646955,-0.00904459272543465,0.0180054389472813,-0.00601445733588748,-0.0123861470065834,-0.021031652298179,-0.00984353157922076,0.0254225624537995
1215,-0.0175843877917192,-0.0112688328496993,0.00254741228736041,-0.00102590592710625,-0.0343776311417519,0.00289643736517329,0.0066124698298292,-0.0164879438361303,0.0558187689524726
1216,-0.0308020701053007,0.0203057626948841,-0.0227306329933207,0.00905400398559403,0.0200325531781951,0.00195958350389056,-0.00399242871239456,-0.000144892253535566,0.00702572652727886
1217,-0.0126886696836627,-0.0197964597773257,0.01529682581671,0.0109273163356612,-0.0265960740915126,0.0181443699399298,-0.00371365776773452,0.00834948074555144,-0.00594190678489431
1218,-0.00118674406067136,-0.00238506659683028,0.00224626653853064,0.000609086396227602,-0.0025510041327066,0.00235074824175997,-0.000952579736461203,-0.000248173794194874,-0.00108764592972201
1219,-0.00971335916658052,-0.0223267661282858,0.0126666015535121,0.0176181059885201,-0.0134171247822605,-0.00743356018002148,0.0201899247178486,0.0083906930320899,0.0143721752811421
1220,-0.00470472766771579,-0.00550223447412247,0.0131201309253415,-0.00211454903024603,-0.00510579389533713,0.00133298676302004,-0.00491754500092429,0.00702844255343098,-0.00517869564729118
1221,-0.00159493947085297,-0.00635391700095112,0.00270182765944158,-0.000673052367547681,-0.00193709633643261,0.00393200914423179,0.00265476700939745,0.000162519798216702,0.00250425634708734
1222,-0.000549087622550839,-0.000131907922445906,-0.00123294125407461,-0.0018016496798899,0.00572784635562381,0.00404511502316253,0.00129879376482816,-0.000614550855524858,-0.00364281024060488
1223,-0.0128923674936454,-0.0101269149012826,0.0119550654482083,0.00129452897841674,0.0135531720038644,0.00201743578613889,-0.00417871942122327,0.00102231537013026,-0.010738535698862
1224,-0.0197380176000324,0.0142025906617088,0.00489639619699485,-0.00895038809928112,-0.0228070259548352,-0.0115698123260919,0.0221027428266304,-0.0121181001248446,0.0187043073730802
1225,-0.023308463003304,0.00898586314938765,-0.00096130918514607,-0.0175350508461251,-0.0278313474456548,0.00990045913330734,-0.019793856530382,-0.0257639253406352,-0.00304153513537387
1226,-0.0060807219900472,-0.00113922963446634,0.0133454907756711,-0.00401636497207892,-0.0135126815592308,0.00569307005264425,0.00397786760819115,-0.00681011725197136,-0.0084800852394872
1227,-0.0045799706296061,-0.00606886089813585,0.0111385192059496,-0.00623204957619249,-0.0135229508059489,0.00824899555147758,-0.00506264674293017,-0.00286493525873406,-0.0125039483963932
1228,-0.00407076877254521,-0.00392429935880589,0.0148870160447302,0.00167677647454276,-0.0113086753355746,0.0143816185208494,0.00767404128500074,-0.00571966822124046,-0.00710092627597775
1229,-0.00454567814182908,-0.00562322127945457,0.011668701726501,-0.0012377394294619,-0.0102006699725093,0.010941056502306,0.0054045614762806,-0.00201455580662307,-0.00853482494591341
1230,-0.00758300932663889,-0.00266946991884416,0.0253150839698075,-0.00435699336970604,-0.0162400839409135,0.0125932723955093,-0.00338201672003977,-0.0136547981684616,-0.0165772262510001
1231,-0.0159190874808778,0.00805657142065414,0.0120033401924586,-0.0122694804950185,-0.0215313738276124,0.00352431333253167,0.00282743043680213,-0.0309016344566942,-0.0395889887366821
1232,-0.00475919319008744,-0.00173411001843095,0.0207518898978165,-0.00351357309161553,-0.00934290858750205,0.00183288624279345,0.00968390913351716,-0.0137788136881958,-0.0116586736972807
1233,-0.00738721429997679,-0.0235176265255973,0.0127074057740387,-0.00702397433757993,-0.0319300201027578,0.00533901037229549,0.00291517917807788,-0.0112605655908298,-0.00175243568215735
1234,-0.0117595805454931,-0.00165443599695739,0.0317145296289751,0.00404039858496657,-0.0152683537228818,0.0244399184670936,-0.0316120981613246,-0.037752312120016,-0.00158474796778396
1235,-0.0115644249354956,-0.019876082802513,0.0169009655794811,-0.00584179821486552,-0.0231022430384455,0.000270738606238605,-0.00268955650011763,-0.029908127127471,-0.00519692996672242
1236,-0.0108747626901596,-0.0175723369857615,0.0192539838639722,-0.00448147531695218,-0.0330224003563696,-0.00488158467311286,-0.0136791115899999,-0.0331260505125445,0.00135673526162405
1237,-0.0292200926724765,0.0157534313650108,-0.0241218084435253,-0.0118759427194952,-0.0147580974981096,0.00828012378720619,0.0174902045235081,-0.00883378863601366,-0.0102198100369672
1238,-0.0147173400844732,-0.00595832335415365,0.00869441428265411,-0.0424757292841093,-0.024108398621749,0.0113659619888418,0.00362080059502917,-0.016552984565059,-0.00184065053182456
1239,-0.00438808879517981,-0.00912845768931944,0.0119185783587034,-0.00578124805711769,-0.0154743379491267,0.00606707090743878,-0.00606954627979126,-0.000996413725435917,-0.00103089732048285
1240,-0.00821394842973298,-0.0084287314433962,0.0226048886166694,-0.000931766725422093,-0.0258660066608692,0.0003464687723634,-0.00609250940890109,0.000229862063477913,-0.0188812223634062
1241,-0.0126164868548778,-0.0135352824287892,0.00253133065577561,-0.0352833957417671,-0.0402445981880467,0.0230769142885071,0.00568161142174072,-0.0104896622351812,-0.0369700868030913
1242,-0.0227907787745558,0.0153896233609265,0.00134806150579875,-1.40758281624808e-05,-0.0201610598594766,-0.0012356662670228,0.0128829598389959,-0.0309392408980296,0.00754495821467727
1243,-0.0173275644031195,-0.022013680578546,-0.00623764676888819,-0.0430872287775035,-0.0266278251046307,0.0178311051160841,-0.000632361217631442,-0.0137912518368156,-0.0254990869686123
1244,-0.00958153418663819,-0.0171620118425087,0.0171178234385924,-0.00582087411246503,-0.0366617737036133,-0.00239446352968488,-0.00144864668697763,-0.0210638555778563,-0.0118985829056556
1245,-0.0134019581870526,-0.0005200076810558,0.0194469477231743,0.00188598172999801,-0.0363209985726566,0.00877900504624181,-0.00934233374096194,-0.0255634264303114,-0.00865421008931621
1246,-0.0267279367805774,0.0165789341454553,-0.014798483559226,0.0112605218760027,-0.00492462599453018,-0.0242857977076287,0.0170725425131879,-0.00119801741934312,-0.0136099837535359
1247,-0.0242035506031523,-0.00365067196400972,-0.0181969315194934,-0.0196617095534526,-0.00620325143955543,-0.0264255803855339,-0.00220971654161482,0.0140590290269098,-0.00762058152427195
1248,-0.0240698589678642,0.00600721251922413,-0.0105720157654278,-0.00224328133855797,-0.0250227280924544,0.00429822929512532,0.0082249812959638,-0.0279320922633275,-0.0244112411632919
1249,-0.0129252570151462,-0.0119587585873155,0.0191204701585565,-0.0168829343525699,-0.0391912281266809,0.00675218148108031,-0.0204620453185096,-0.0324739137763454,0.000670844329878882
1250,-0.0191421731231466,0.00380230649655759,0.00935028727172935,-0.00408389276545174,-0.0325816029475387,0.00942416353074478,-0.0130319705472125,-0.0394234610066778,-0.0214090132740025
1251,-0.0203763394020668,-0.0154644005869534,-0.014732404861343,-0.0343799841350322,-0.0310559974160034,0.0290036791644774,-0.00143331304726277,-0.0152668531439014,0.00411940771393234
1252,-0.00521879262992258,-0.0135171585015374,0.00764507797641919,-0.00735299375431772,-0.027238360201061,0.0184627169882126,-0.0181942613186726,0.00476507598625956,-0.00351711292353878
1253,-0.0205429291578359,-0.000864838225876318,-0.00104701669737568,-0.0186116809028182,-0.0268377909256187,-0.00244881935236686,-0.0166863082871914,-0.0496539786569613,-0.0210047269725305
1254,-0.0109530870592115,-0.0244689233651,0.0200594996266518,0.00891382381391902,-0.00614392045908107,-0.00883619527723387,-0.0078401464817442,0.00886532783902849,0.000423820018073019
1255,-0.0134773832794286,-0.00523621375048591,0.0186088320527832,0.010354399396337,-0.0169532593635988,-0.0284320478026867,-0.0073064179563872,0.00477298526588358,-0.00337848538034534
1256,-0.0117685419217695,-0.00201804729431327,0.030383404707928,0.00804624463281408,0.0529789571837123,0.00591946605793314,-0.00881532407964767,-0.00463103355901175,0.0146909412070365
1257,-0.0195323902282106,-0.0219518545455396,-0.0216369392235726,0.0266989893585207,-0.0155592211108103,-0.00199041336561026,-0.00360600973923088,-0.0260628250123911,0.00580430957209518
1258,-0.0120681132364952,-0.00300099461708342,0.0288620081077515,0.0145372366548175,-0.0354182648988576,0.0118000180558474,-0.00907622722276197,-6.73354112948204e-06,-0.00239906481398347
1259,-0.0274560180522798,0.0243385076892406,-0.00940334256159776,-0.00810024130551923,-0.00225878165897085,0.00949038887372464,0.0236256145765372,-0.0236073190328228,0.016292586656152
1260,-0.0260004259458825,0.00638044659257278,-0.0141075802243264,0.0242570378826233,0.0118204435138214,-0.00621054366703295,-0.00467130216707449,-0.0178582043043176,-0.0116367852824531
1261,-0.0325476714293311,0.0201330648170468,-0.0258713618199865,0.0137077344283071,-0.010568596473625,-0.00553635902357295,0.0163577214322275,0.00184567992585139,-0.0132249459635338
1262,-0.0117213210063594,0.0135117478221143,0.0256728385796048,-0.0104371265915939,0.0231650586450646,0.00878039520624816,0.0136900579516615,-0.00346814281947188,0.0119728744353581
1263,-0.000964397837889346,-0.0064076392344977,-0.00257041419659801,0.000607971162926694,-0.000133309732889486,0.0012739874076748,0.00280439109649505,0.000430954384161326,0.00349719106046444
1264,-0.0209836752189215,-0.0178642339534922,-0.0090290428067578,0.0199898674295221,-0.0445401227059259,0.00830763521080496,-0.00126348588525331,0.00503030403151572,-0.0291474426872181
1265,-0.0148652765633666,-0.0407771910750532,-0.0252801844923353,-0.0180256578243651,0.0180692280467672,-0.0103890073051946,-0.0109239097388751,0.0096005873580921,-0.0122303868025514
1266,-0.012035081238869,-0.00280817745891084,0.0245906203106969,0.0142791949574049,0.0351561513517065,0.00162856055131357,0.00771031865908909,-0.00431907783699516,-0.00356444638282636
1267,-0.00119696707194093,-0.00674940750040694,0.00231885437792912,0.00132603098990699,-0.00321593197413983,-0.0039116621731979,0.00607652950368967,0.000890197506223426,0.00576619547744174
1268,-0.0131448472779123,-0.037994547450765,0.00507951850349206,0.0148905948830823,-0.000532625661921037,0.000912673396595099,0.0119127999241496,-0.0170867792131245,0.00465382349712306
1269,-0.0155716526286425,-0.0176747172899187,0.00574393905137275,0.0144735699018362,0.0109340795246218,-0.018827993528873,0.00695608130915615,-0.00142768966387934,-0.00623660695481435
1270,-0.0176889298758116,0.0102134611641274,0.00655895496911754,-0.00192728876514458,0.028802851720182,0.024901130275406,0.0217777417755949,0.00659655419123498,0.00144750749014274
1271,-0.00415468863885966,-0.0133244594049815,0.00602141345122701,0.00820194361911874,-0.00612413902022535,0.00296541577658369,0.0189716965884566,0.00311874503679434,0.00479841052385565
1272,-0.0237103016262788,0.0239609702373771,0.00706456939964581,-0.00655222101515961,0.00838652368992099,-0.0192718777511017,0.00975763272492918,0.00168486542746774,0.0250907560792175
1273,-0.0187860751720926,0.0108138338944728,0.0106078324112695,-0.0237450708934896,-0.0113004869478909,-0.00331735002339949,0.00765428375487868,-0.0501508270296241,0.0227936318651018
1274,-0.0236918292194646,0.0214603246336292,0.000902811151108119,-0.0115235712828846,-0.00320752257074256,0.00686484354776422,0.0195074345289166,-0.0246565284509123,0.0130678858933265
1275,-0.0152120012098354,0.0127430553506985,0.016360676065565,-0.027835390451191,-0.00166683411263803,-0.00780517343754511,0.0132346525878303,-0.0445197775925079,0.02118969064372
1276,-0.027965909814982,0.0198920438603962,-0.011692490655641,-0.0169182564267301,-0.00946628051154194,0.0032666204753646,0.0046585992489145,-0.023210929389766,0.0223877550200026
1277,-0.0228445477067997,0.0168924158225002,-0.00263023934296864,-0.0207674954246262,-0.00229147632717032,1.62518929939059e-05,0.011899335986603,-0.027685716418479,0.0207627065293919
1278,-0.0255605410124397,0.0176691725622896,-0.00429774722975197,-0.0172328332378352,0.000477686968629533,0.00387952104019441,0.0114427131172383,-0.0267079943540831,0.0219638496485609
1279,-0.0211428636762325,0.0183133780976191,0.00301324788703177,-0.00423359444455807,-0.00796707688943345,0.0104492628756147,0.0137879271989004,0.00131287804079362,0.0243654737301657
1280,-0.0211425103828206,0.0247664451616744,0.0158255517060732,-0.0104065735745381,0.00207664383069222,-0.0162537093438552,-0.00777723064335051,-0.019179139613545,0.0144556509102528
1281,-0.0170088014734514,0.0235760505451511,0.0212867583427535,-0.00378833753074896,0.00429321655450868,-0.0116524158770169,0.00506420620942678,-0.0180108573519434,-0.00767661369484806
1282,-0.0246595839460204,0.0143263717612179,-0.00497021311655651,0.00684182532043767,0.031855542522505,0.0205016394311637,-0.00668208580364981,-0.0227161421458528,-0.00123400992114987
1283,-0.0107578012258453,0.00254853087579477,0.0111969579896139,-0.00185733780287384,0.0253774998871279,0.0167927638477458,0.00172351091760165,-0.0266595404937239,0.0167220656044513
1284,-0.0104542432881942,0.0107837150977325,0.0386674241157377,-0.014525732433161,0.00360705650135168,-0.0400538469768871,0.00523697750983251,0.00262322931156579,0.00708407641138101
1285,-0.00221628437275924,0.00210584344106424,0.00838280741701992,-0.00295590062752535,-0.00871225765490955,0.00231544574330076,0.00880227481458971,0.00238400666220365,0.00104142370845319
1286,-0.00445369050485449,-0.0137987211354339,0.00675273592393816,0.00659234484153426,0.00488355794233247,-0.007702418237775,0.0160818179386038,-0.000690207098937687,0.00320891578416948
1287,-0.0182752838824726,0.0148650626125563,0.0227263664474676,-0.0130705888641524,0.0122586479615707,-0.0300829161189742,0.00520064217317777,-0.000867563069306082,0.0241337626576219
1288,-7.83624534903763e-05,-0.000157239496110045,0.000712583137730831,-8.7607489289137e-05,0.00048748770483269,0.000345321944088308,0.000857925551264105,0.000502822948073053,-0.000415409549067972
1289,-0.0318040990568854,0.0219829109269663,-0.0236117633781716,-0.00883984124140316,-0.0180587075828474,-0.00403150837916257,0.0220462448526645,-0.0112314115495708,-0.00606857548154107
1290,-0.0141538189680377,0.0141436951592188,0.0219451296098331,-0.0126838679102309,-0.0167820025859181,-0.00489272839877141,0.0131237461269936,-0.0194458142500343,-0.00842082011193476
1291,-0.00877650334946013,0.0115019142181422,0.0248096366482684,0.00191549003013794,-0.0139772039759072,0.00148463934732154,0.0110170938765473,-0.0126656614443399,-0.0112488248111511
1292,-0.0146802874117795,0.00723546263022457,0.0309961342515477,-0.00536072360732354,0.0155885869608863,0.00905280549822157,-0.00437578507391716,0.0132361009254892,-0.0159501272679568
1293,-0.020609179372104,0.0152551674551586,-0.000643039491390601,0.00149991420759459,-0.028439399756603,0.0205204056806269,0.00467631920259886,0.0156107815975825,0.021209040723272
1294,-0.0206596933294333,-0.0111989979537132,-0.0111922991897505,0.0261574686912627,-0.0167502502468924,0.0140199086408778,-0.0267354731536296,0.0101304013057637,-0.00803366021757304
1295,-0.0285181747482712,0.0233979778117928,-0.0148235887759962,0.0112786522840441,0.00843436728966294,-0.00506344992433602,0.0164629693921553,-0.000286329884769136,-0.0119574177112578
1296,-0.0302401092354516,0.013923226579959,-0.0242485301311994,0.00798072348198205,-0.018040858736173,0.0127417175735676,-0.0170295389592586,0.0084090852274063,-0.00122490193819174
1297,-0.0197235219087682,-0.00908636134858992,-0.00788062632128905,-0.00410315857396189,0.0151892731750383,-0.017426710995799,-0.0468994939750973,0.00157682435165164,0.0211277697279034
1298,-0.02933716717396,0.0295081089444439,-0.0144122765273094,0.000410057762802973,-0.000614729052743846,0.00154337597183316,0.0167448296272333,-0.00684699974735641,0.0168150916686109
1299,-0.0155491842978322,-0.0211814719305047,0.00678047193435703,0.0208904795116601,0.00449095115768192,-0.0149918983129755,0.00443277518916128,0.00905763753497681,-0.0444982517005109
1300,-0.0116567615286986,-0.000182314677597672,0.0219162950768941,0.0149366931001884,0.0421261148591737,-0.0250108239448558,0.0236010857698974,-0.00817205261382609,-0.0061568340992656
1301,-0.0121793825913918,-0.0206242520181732,0.0139514919467926,0.0356892569252779,0.010104297650444,-0.00807321793713847,0.0203439774788776,-0.0121880864057279,-0.00727581944840818
1302,-0.0180071906506573,0.000693498257392941,0.0173325734959024,0.0155219537415313,0.0139313721506294,-0.0498021976557876,0.000207012325830123,-0.0180304848057771,-0.0311514343642749
1303,-0.0125738699772687,-0.015861828265267,0.0177099971161692,0.0174338527268879,-0.00853538460473193,-0.0412758274046527,-0.0102314798485508,0.000716856626773419,0.000981027872531113
1304,-0.0192660260274704,0.0135577804417166,0.00669869849071831,0.00761301916252734,-0.0280516286398075,0.0138921785426487,-0.0261900672354705,0.0331873136743729,-0.00688225622714391
1305,-0.00946410070356598,-0.0294074251894895,0.00417527996518686,0.00688882683529314,-0.0100914721009004,0.00175417349477047,0.028403367750362,-0.00653084685019505,0.0101550511597458
1306,-0.0257643796541308,0.0220441454495582,-0.00523575525955249,0.0115010150326079,-0.0205568156052482,0.0126676088990912,0.0221555061435525,-0.00906254168138012,-0.0112826431851785
1307,-0.0284205468828513,0.0227775978449385,-0.0117867311550414,-0.000540220895093463,0.00677219867492389,-0.0193429589365831,0.0234580195832719,-0.0183690047239629,0.00790019371468065
1308,-0.017199563761626,0.00658560287296565,0.0162808989100464,0.00585962427952265,0.041177195016151,-0.0152289454107847,-0.0130535115410652,-0.00599524603038786,0.00808122653634533
1309,-0.0127034591984932,-0.00531927882315923,0.024945125098269,0.0190863766445503,0.0253337288319006,0.00752954146782571,-0.0144466953841046,0.00987567146978894,-0.00608847261791828
1310,-0.0280295872933769,0.00878887232538431,-0.017026260407151,0.0161116514400459,0.00538451066184789,0.00442840122551615,0.0217141921811962,-0.0290561080488229,-0.014485752634414
1311,-0.00886951925311862,-0.0308726557942809,0.00814544489328271,0.0108444467789537,-0.00860827643186857,-0.00732719650407599,0.0181333112608479,-0.00327624845907561,0.00479383737550692
1312,-0.0128264416891274,-0.0261373419739629,0.00429572627356484,0.0194431462245576,0.00114043362886417,0.00126381651052732,-0.00107145903184381,0.0109084680917711,0.0193608678490611
1313,-0.0191027334562062,-0.00469707197798625,0.0124360068449315,0.0182206147189662,0.008154020723709,0.0271717742308758,-0.0335363603326331,0.0157841671542943,-0.010858189747667
1314,-0.0110311473902168,-0.0323169111015024,-0.00535529821357314,0.0132465725971564,-0.00249320386009858,-0.00557491216433054,0.0227460854038191,0.0142092603685159,0.0218770664475226
1315,-0.0182141214050976,-0.0029836347122813,-0.00265000545297681,0.0233953024237796,0.0350445045386837,0.0316090803588695,0.0303705619796502,-0.0284921053902251,-0.013686943750273
1316,-0.00972295240196319,-0.0237743745094815,0.00373967999254015,0.0184785080920931,0.0112134043203472,0.0048642740156889,0.00764268817929628,-0.00872537004433041,0.0122107402993635
1317,-0.0179675112981906,-0.0310436401521932,-0.0227367942805148,-0.00960682741240265,0.00277356798915674,0.001506351574546,-0.00521833324967474,-0.0118386247094457,-0.00535126794222338
1318,-0.00467388677284524,-0.0101948875068299,0.00339105308549858,-0.00433194408084899,-0.0113528211725722,-0.00362988561273474,-0.000699913358319402,0.000820144844809688,-0.0138696572879134
1319,-0.0084277183347407,-0.0113697207494752,0.00825675765410344,0.011719871852292,-0.00420523567298578,0.00879768120636448,-0.00557868111024106,0.00198102671953355,-0.00730073018062725
1320,-0.0157893889390759,0.00756267881563054,0.0168756308443041,0.00347761857731401,0.0250997491113631,-0.050735329939804,0.00802141386465571,0.00390911927981977,0.00642894569963257
1321,-0.00616630730663238,-0.0281623366087035,-0.0169574191829656,-0.0128176830141832,0.00243069321971905,0.00572579077971263,0.0212290091935648,0.0154322940963078,-0.00825937146975713
1322,-0.0174572503703178,0.00261643197347054,0.0192076887464066,-0.00264285459040974,0.00318946114066411,0.0222564170546586,-0.0394296190105155,0.00839410452605544,-0.00651785946723017
1323,-0.00731292470452771,-0.00842617706071334,0.0185321643734009,-0.00302005843271179,0.00964670844775673,0.00614033429033198,0.0153817992281046,-0.00428976793155353,-0.0233848519481321
1324,-0.00799487860311176,-0.00365681372302939,0.0288003899338492,-0.0013402184911689,-0.00073493238575831,-0.0174056754705979,0.00470829352515232,0.00323541846233602,-0.00721085287174611
1325,-0.0118419209675606,-0.0285476724935626,0.00261527759698724,0.00992700093752754,-0.0135172167538332,-0.00795515392654469,0.016821901791923,-0.0150810793203671,0.00298369428285459
1326,-0.0190005338285535,0.0127950519207684,0.0158857760654869,-0.01087555018929,-0.00284573870220317,-0.0200653656208353,-0.0182243751029865,0.0144713654267038,0.0537261399310493
1327,-0.000310904297374702,-0.000716627165430755,0.000876714280156187,1.27016220153866e-05,-0.000230657255548624,0.000241706909969097,-0.000149916923675224,0.000606107305618116,-7.01961201102141e-05
1328,-0.0124918538388746,0.0177378208446916,0.0270648376732542,-0.0066763886360967,-0.00724095211068512,-0.0113620438497496,-0.00651114942745863,0.0231050158088882,-0.00423865624152951
1329,-0.0107945984720346,0.00507989868786694,0.0358209254467632,-0.012803968803031,-0.000898098552743692,-0.0264330365698034,0.0105101703379794,0.00107390730706306,0.0015742892934891
1330,-0.000664274393332286,-0.000453840323578788,0.000863041982471111,0.00186914921403809,-0.0109341081261968,0.00455108071022923,0.00660611030491113,-0.00353387391653896,-0.0054655918773745
1331,-0.000780065683047183,-0.000758443532318986,0.00166517244822121,-0.00214361344176949,-0.00858492514912655,-0.00450034876819789,0.00394960104304708,-0.0056396128263306,-0.000944179765319307
1332,-0.00464443212239061,-0.0119394406956441,0.00813638191744213,-0.00522195512846475,0.00842279154363169,-0.00212418083773321,0.0120097921204302,0.00139996766668275,-0.0111931966399011
1333,-0.00837915081209058,-0.0171556389769234,0.0129134473942284,0.0075657482363291,-0.00956429765274568,-0.0147166281868919,0.00963018291274814,0.0119176626421397,0.00473387663044578
1334,-0.0129254666761747,0.0131780997100605,0.0330820218059247,-0.0146293002570302,0.00895174261256053,-0.0233365549525403,0.0157691198689084,-0.0155308915702284,0.0031951660119773
1335,-0.00719448533912695,0.00382293743335949,0.0314915722288488,-0.00923749750183486,0.000808206059222683,0.00526300929438058,-0.0112491508065701,0.00881227013174143,-0.034266368543783
1336,-0.0122203089159875,-0.00369517553317937,0.0285999194910173,0.00390230396283051,0.00409562881043456,0.00654228778096037,-0.00580372019625192,0.00213075293963297,-0.0216835638511006
1337,-0.0197850144783736,0.00125027087027703,0.0102773339869695,0.012175552967808,0.0284361283032704,0.0138358506442911,-0.0330003605551028,0.00670396678255012,0.0186862076802575
1338,-0.0141733245202624,-0.00806597714804544,0.0207456730357589,0.0100782380769079,0.00815818497261975,-0.026620016621282,-0.00219696127658049,-0.00879974365735621,-0.0316854416526381
1339,-0.00471285610171457,-0.0127440839208731,0.00638388150351051,-0.0005764197458099,0.00285629168633061,0.00275626002458793,0.00730242508973529,0.00110487214647422,0.000462268078638769
1340,-0.00899160352682713,0.0129837830331401,0.0301130838967872,-0.0111802813454673,0.00961084649276592,0.00356887847563297,0.0070590249522285,0.0161382770592827,-0.00996420576327265
1341,-0.0201010695472443,-0.0217403029733924,-0.0237332000266052,0.028748880453277,0.0117183954423754,0.00240974458303065,-0.0142523711867504,-0.0158230394909242,0.0398634132003249
1342,-0.0132966861506427,-0.0162563610246655,0.0213087246318073,0.018645878970914,-0.00659466855565265,0.00043547581231408,-0.00068736265184455,0.0125161009892938,0.00159057400219742
1343,-0.0257680298288799,0.000984502110617919,-0.0111704201778278,0.0221130685479419,-0.00475828433866769,0.0380744105436631,-0.0359563891359377,-0.0118008056528722,-0.0111689893100741
1344,-0.00755298443306741,-0.0248278622559814,-0.000406750883893133,0.010863461107928,-0.000822868016563714,-0.01159359255107,0.0134746841958431,0.00265448835721447,0.0227182624311503
1345,-0.0103442450824493,0.000913460470222571,0.0219709872406078,0.00841233805182213,0.0319463141160808,0.00911789553101828,-0.00317600028017721,0.0103221684838713,0.0140576656172895
1346,-0.0130902806752747,-0.00816684509614879,0.0189144521191186,0.0252021647823397,-0.00495307738383905,0.0176814417476625,-0.0276777202716089,0.0113335830818022,-0.0109878476974319
1347,-0.00708123561474978,-0.0176471639099667,0.00711025069580196,0.0140329290228378,0.017144372129535,0.00288636516207416,0.00106995416270716,0.00418784560589467,0.0205002823273082
1348,-0.00918941779758082,0.00823508808269979,0.0283778356920381,0.00909150540336192,0.00327044312085585,0.0177089477965824,0.00429740524521177,0.0165986598085862,-0.00948071168839434
1349,-0.0149524921318451,0.00517889578205317,0.0257495439285618,0.0094993840204772,0.0404423570731663,-0.00551751038175735,-0.0209278794271587,0.00855281421614433,0.00903285592390736
1350,-0.00842421596229159,-0.0142627482025885,0.01568206083802,0.00543360710646026,-0.00276817452003564,0.00256352308949162,-0.00185723984541971,-0.00956692665222209,0.00144211910292033
1351,-0.0200734066636731,0.0155787416910833,0.0123069247239056,-0.00260498946966631,0.014174216799259,-0.040947639093748,0.0052595141265094,0.016176151505494,0.0146282935926548
1352,-0.0117052081004552,-0.00247708530185925,0.0166859183207876,-0.0127226641775677,0.0210948986820015,0.0304872198407203,0.010127139089435,0.0174126013481965,-0.00306727315313828
1353,-0.0120095492463108,0.0112450139734779,0.0262217724335487,0.00295355768650208,0.0105134849586807,0.0131969029151068,-0.00446748058712414,0.0219185613466248,-0.0305836971098294
1354,-0.0101626840332393,-0.00942891066425093,0.0243782413605523,0.00727250773684801,0.0250036298242773,0.0064375280105738,0.0165841857322766,0.015275026657645,-0.00836826968124222
1355,-0.0149009586775183,-0.0141914464380224,0.00863327374239533,0.0243119963001414,-0.0385168522339406,-0.00574124977806911,-0.0118146117000002,-0.00560025313578264,-0.00395313921037784
1356,-0.01819486960101,-0.00721847835638897,0.014983252308401,0.0198005161081196,-0.00107516827588109,-0.0360865952872226,0.0253265551120754,-0.0150886537897417,-0.0326170507950222
1357,-0.0285413214574677,0.0187876472394028,-0.0173836466521253,0.011396307419108,-0.0118151432948397,-0.0100295997534266,0.0110202177153063,0.0101785237122011,-0.0126683760858191
1358,-0.0140354206817453,0.00806695825051588,0.0202818936388373,0.010706954862287,0.00277175136231299,0.00281055938299873,-0.0201185458645511,0.0139895330833363,-0.0120477184838931
1359,-0.00139888569031256,-0.00234666627185756,0.00731349519060681,-0.00221784136644233,0.00068629413483466,0.00115160914613068,0.00154225669011353,0.000474945986468979,-0.00598358601308037
1360,-0.00260486833509843,-0.011731585010277,-0.00233620442105568,0.00648947328862925,-0.0037506281458726,0.000528242286383573,0.0139965160075012,-0.00476376544232805,0.00335059776148073
1361,-0.0108741238329857,-0.0167217962469683,0.0261648222398773,0.00614300478551307,-0.0168264967160098,-0.0344877329513755,-0.00070608506632884,0.013842078526277,0.00700495811487726
1362,-0.0115820803114324,-0.00440600117930404,0.0142213457132104,0.0121036657719718,0.000727365109277146,0.01006074714107,-0.00425684925629457,0.0100035649267846,-0.0119161505341556
1363,-0.00900113659353137,0.00583745426684174,0.0290161132990307,-0.00673660566233314,0.0254093935928524,0.0210081517167429,0.00388617725474786,0.0189916247907577,0.00334665919220034
1364,-0.0140469991452884,-0.0121956979349473,0.012723660300689,0.0168189617166529,0.013599483679041,-0.0181515339453484,0.0297073747919411,-0.0163930369800803,0.0180341564217688
1365,-0.0215493897397005,0.0120545087655623,0.00485378612177105,0.0168113246357015,-0.00820419680796563,-0.00412235954995348,-0.0266307018142614,0.0146552783698482,-0.0251732147072207
1366,-0.00949695744717101,-0.0156696152653451,0.0236468803230827,0.0181427130020273,0.0178828225565488,-0.00838935902960504,0.00327018959720413,-0.00629090718031827,0.0104780037184991
1367,-0.0178241874502526,0.0192869637861491,0.0251187589176001,-0.00306096269488638,0.0154142620018622,-0.0312585562821055,0.000871438440495572,-0.0100491926357807,0.0412414157315625
1368,-0.0173832968870918,-0.00741768032384207,0.00786114410782332,0.00565687955611888,-0.00130918739719261,-0.0400058269145844,-0.00323044584365227,-0.0088415153063649,0.0512964828474118
1369,-0.0145837395071136,-0.0191992422219185,0.00731509287736625,0.0223780634085609,-0.0121961623307094,-0.00862532940507854,-0.00582424127344301,0.0108845823525816,0.00432663989182797
1370,-0.0118960599035068,-0.0146458834024343,0.0136379107644127,0.0124984389532477,-0.0240395818756315,-0.0147213458509459,0.0262408693648516,0.00127592195290291,-0.00669973636892133
1371,-0.0175713834694111,-0.0249623309843635,-0.0107695949763413,0.0322792487245554,-0.00287523681998554,-0.00250627273001969,-0.0176540827349059,0.00908632571726768,0.0159633187163739
1372,-0.0229293479768707,0.0225218671255102,0.00712818542381651,0.00531829258606537,0.0169285704644956,-0.000694534121155787,-0.00885437318023065,0.0220106010113946,0.00056290218453633
1373,-0.00432875990854581,-0.0144506919221113,0.00700724533412091,0.00598439508299082,-0.0019852823159848,0.00388936013794586,0.00772442381325653,-0.00197558113980998,-0.000794068560521149
1374,-0.0166355195203488,0.00238279643944211,0.0136315764226071,0.0120591435853851,0.0314367870174677,0.00396394228068889,0.0264370302942681,-0.0069991045731166,-0.0146082059769183
1375,-0.015226094574712,0.0095361997367618,0.0226839667062425,0.00403741425054634,0.0148230022523127,-0.045344523558054,0.0116733658851275,-0.00636181508681244,0.000822364857583799
1376,-0.00880141748880882,-0.00596365525955358,0.0254158669850016,-0.00264746612315069,0.00973122606466032,0.0283233483950467,0.0148891531963933,0.0155112028541532,0.00715911494619914
1377,-0.00523974866536823,-0.00561853743182795,0.0162685029419243,-0.00541216286960126,0.00314683567410232,-0.00530792366689925,0.00381993673011614,0.014532190956329,-0.00351329618467276
1378,-0.00756195150410153,-0.0212772269030518,0.0114074778471085,0.0105583335648665,0.00408580746660415,0.00148769255005753,0.001537365755614,0.00717413321502755,0.0209434777806415
1379,-0.00362351017419746,0.012230366073045,0.0196333919150844,0.00506191082437453,0.00247514357286408,0.0145534779946529,0.00772491198015945,0.00434243383004061,-0.0110106207765141
1380,-0.00460506474728778,-0.00139143908034119,0.0174014717704644,-0.0084392555575774,0.00219423691663941,0.00407743149606811,0.00188939586735143,0.00111662115879347,-0.0045961298982907
1381,-0.00728091203690277,-0.0171119565415816,0.00299088372723302,0.00582157732285105,0.0282705147995566,-0.00926197140431015,0.0308750357331216,0.0157753558734587,0.00615684766987885
1382,-0.00683462597690416,0.00613193487083513,0.0328839124186426,-0.0115510159217468,-0.00316361038036278,-0.0137061421656716,0.00684069103316258,0.00116342703976021,0.00400014111757011
1383,-0.015538564927405,-0.00650220006576448,0.0156714747887709,0.0255499316069409,0.0263485082154617,-0.0114415133962783,-0.0104393856395715,-0.008141079331906,0.00166038253563283
1384,-0.0119574016794228,0.00935356415928544,0.0183708202730554,-0.0106412885480466,-0.00950926400049796,-0.0128356512118291,0.0222301087783916,-0.0061962603447311,-0.00706713748798015
1385,-0.0289697802446752,0.0208684315019171,-0.0157871152129991,0.0130046224796861,-0.00543080348631615,0.00577502781405304,-0.002575118921527,0.0254306353575798,0.0118294540875418
1386,-0.00652343819002576,-0.013916373884689,0.0164632976593782,0.000240937128519364,-0.00282681199315075,-0.0043084628580082,0.00425631783284813,0.0019526547252521,-0.00289962014257755
1387,-0.00570766154075676,-0.0202186130926705,0.00432117985517059,0.0079772917706172,-0.00770123949775252,0.000458130923743574,0.00118346572484262,0.00613883313245642,0.00959495437316983
1388,-0.0125926181507621,0.00831402679422451,0.0177888015011061,-0.00260579917762338,0.00309922788053527,0.00222822466582463,-0.0085189908838468,0.025885804095578,-0.0109709206638667
1389,-0.00740921183538601,-0.0261551330788417,0.00941993284736856,0.00272447587535262,-0.00800678356617551,0.00286915584555568,0.0224123371842783,0.00394660171923825,0.0213704382567063
1390,-0.0116723839357797,-0.0270367963380171,0.0122650544722751,0.00745490901916931,0.0129709001266179,-0.0209662532410631,0.0120995198759554,-0.00754411569826301,-0.014725256531936
1391,-0.0111158121333776,-0.0198088446580388,0.0192407782912847,0.0142513008009647,-0.0138989472781623,-0.0181695706651924,0.00643966975829899,0.0258399918195608,0.00792277562921139
1392,-0.00825500558003073,-0.0212746170346045,0.00944414331497237,0.0264418962152016,-0.00647178363101756,0.0112269363849455,0.0131081508371688,-0.0159086268501139,0.00112823332621571
1393,-0.00119263636145605,-0.00424174498857119,0.00351261551195129,-0.00113125681160371,0.00151436037737705,0.0011635074499101,0.0052457385841138,0.00243677442662052,0.00112443169463862
1394,-0.0090668760193868,-0.0248066682209541,0.00259409088487685,0.0133070856760969,0.00176686842693542,-0.00435389732191578,0.0107858150225937,-0.00628362449597369,0.0115488306133967
1395,-0.0215217874007234,0.00869106075234826,-0.00485893373544198,0.010267058424215,0.000485972748989916,0.0125763396308907,-0.00100304080522977,0.0345915091942419,0.0177068587826885
1396,-0.00364565280106315,-0.0119719840140937,0.00412588079093082,0.00410895148309319,0.000975343150788982,-0.00562446388329858,0.00510633971374263,0.00648340275670585,0.006986756803793
1397,-0.0112534372825414,0.00821039729398869,0.0348851612178643,-0.000605395518701784,0.00948217208001385,-0.0216591821242686,0.0146631726433063,0.00295020321177335,0.0068011355248818
1398,-0.0146247894347795,-0.0210437101109169,0.0115295602890335,0.013672793740361,-0.0129468822194403,0.0171530645827628,-0.0211261669875344,0.00619581845767775,0.0104589633723303
1399,-0.0281597390048205,0.026625341094412,-0.0148001849133083,0.00870609982870805,-0.0204739081224848,0.0183837971790847,-0.0110666059350544,0.0299951555274488,-0.00648860759282228
1400,-0.0193586328371463,0.0111450748934186,0.0214850110348178,-0.00535316143422654,-0.00590459951330464,-0.0351499859937256,0.00294798338898319,-0.00377740988266945,0.0264271004697959
1401,-0.0033200191130519,-0.0119413728795728,0.00663512216466345,0.00850871192947958,-0.00346849922727352,-0.00257992382128368,0.0091193361083035,-0.00193991891240575,0.0142263339567063
1402,-0.00593243754066974,-0.00977042630843775,0.0163779587904441,0.00198588066118912,-0.000494432656381691,0.000649127351585407,0.000578224954017846,-0.000334738822204706,-0.00274971322856192
1403,-0.00285773687064373,-0.00780050350176049,0.00862352316025416,0.00632811200861618,-0.00406551072277051,-0.000131666971599392,0.0107018074281249,0.00118070857343364,0.00349975632110988
1404,-0.0105521862841873,-0.00287376528928279,0.0267198187703669,0.0012059428812621,-0.0080686056544375,-0.0312883177771498,-0.00340429341318252,0.0239725503741379,-0.00447620157251098
1405,-0.00727652862059951,-0.000625452564862187,0.0198449024198807,-0.0129726654536754,-0.014418310988667,0.00907211375458087,0.0097100139475661,-0.00227683835859221,0.0329931909218479
1406,-0.0102141541078785,-0.00277793622386401,0.0274619001464515,0.00899305765896957,0.00529144159987929,0.0107288795612477,0.00908037439979168,0.00355047860471289,-0.0203193126163749
1407,-0.0266712970429852,0.0257317168452669,-0.0051566827656345,0.000453113429662445,-0.0125529994458678,0.00363321613783606,0.0149091231334058,0.00297155106496598,0.0423559712926294
1408,-0.000831569974870717,-0.00355483308655597,0.000559764935024238,-0.000409406770821032,-0.00141608235481988,0.0014825070436823,0.00157589689008057,0.00165825713293605,0.00276119719914916
1409,-0.00945725903249156,-0.0157228530345812,0.0137990959288503,0.00750252753479388,-0.0261365117169149,0.0217681460576401,0.0109921162026347,0.00168782091973533,-0.00974758950327588
1410,-0.00717153114695941,-0.0149630823518822,0.0163654247651528,0.0110651209400159,0.00788919728958746,-0.00500237693413097,0.00335347495521504,0.0117284307577666,-0.0074310901549966
1411,-0.00226081147327087,0.00230970002533757,0.00909773593417483,0.00637790508186469,-0.00273763067225254,-0.00568432620216306,0.00224897920945975,-0.00122327528986992,-0.0072618410917843
1412,-0.00954325181529484,-0.0328581772850954,5.89804586451372e-05,0.0135381591742081,-0.00516239230343149,-0.0093178933651357,0.0229374674026095,-0.00276389791387963,0.0140665936000834
1413,-0.00388633450639207,-0.0131511277114567,0.0015992718412676,-0.00235105810781489,-0.000215745363084571,-0.00100878171285222,0.0135758267524427,0.0036080351351144,0.00651164994682161
1414,-0.0137223544845061,-0.0253074893324057,0.00661656043167407,0.0352407310008006,0.00524950219844005,0.00747501534537562,-0.00283241451108672,-0.0131923787075717,0.0118602262876422
1415,-0.0269368708485151,-0.00176904074578624,-0.022587956655406,0.0189709925921091,0.0124715369360159,0.00942013972032588,-0.0128394952101213,0.00377553398940486,0.0104910638649816
1416,-0.00132765716075733,-0.000857655682213358,0.000638345894367319,-0.00287585678863992,0.00222625302412887,0.00809224295474655,0.00479072755516758,4.34462028598295e-05,0.00492605866370352
1417,-0.00510529238190923,-0.0126366142672841,0.00921445861811278,0.00706671949346873,-0.00647626703347551,0.00161888400802493,0.000119118894306821,0.00676062808885264,0.00707015026104322
1418,-0.016990895431831,0.00623663632536395,0.0185251282576833,0.00786439279130825,0.0276150982764704,-0.00876668003816131,-0.0244280243579941,0.0172343133946595,0.0013263358006709
1419,-0.0190232443597982,-0.0141249423496434,-0.00675261685598327,0.0266075257042398,0.0265921357839716,0.00929454303056074,-0.0244646895464311,-0.00546482812062689,0.00114393499196865
1420,-0.00428190994795786,-0.0165228155194748,0.00642174391814928,0.00726398948816583,-0.00640946758669867,0.0044150949491994,0.0166554152948917,0.00474702971324183,0.00984291283170305
1421,-0.0216774355900216,0.024633503208089,-0.000683406457461469,-0.0114127925082004,-0.00504778609128631,-0.00477958492229829,0.0387612160035857,-0.00172983332592252,-0.00143799140453383
1422,-0.0140368518753696,-0.0366679783046304,-0.00500672796080304,0.0412401318997851,0.012890739758025,-0.00872190758770853,0.0276982052535784,-0.010901904809174,0.0176379700317508
1423,-0.0134529722079811,-0.0257118028713964,0.00249728226190069,0.0128466982656138,-0.0303772391778795,0.0163765981557961,-0.021524398703542,0.0196514280842111,0.0132396767767219
1424,-0.0110803532695591,-0.0136884897613562,0.0184450336291449,-0.0044512316097617,0.0200032321693304,0.0150454444575216,0.0279734506720902,0.00582990516032415,-0.00862777740196145
1425,-0.00149293185333863,-0.00404991082037416,0.00243206736859893,-0.0011971609848215,0.000352270029688801,0.000913268876644983,0.00317498877618065,0.00148817085001022,0.000761313896182672
1426,-0.00641511921278247,-0.0182287139152249,0.00724333180176258,0.00621937943990647,0.000483101577871493,-0.00232824855364464,0.0135455443241318,-0.00764632144842998,0.0203800941637611
1427,-0.0110901331448063,-0.0030072585692248,0.0318428857493458,0.00458551498649236,0.010799614564979,0.000389477767601784,-0.00238691280376766,0.0185118766593519,-0.00239988980973304
1428,-0.00891654325618818,-0.00744000469555157,0.0255995018614886,-0.00899286446696336,0.0165113687306799,0.00965682081478029,0.0243139526529159,0.0194719818031818,-0.000389484184456884
1429,-0.021541391480534,0.0253814159508571,0.0100232379952782,-0.0018344526474947,0.000243766368441386,-0.017565363219434,0.0239559841376722,0.00987921635100737,0.0091981589666978
1430,-0.00198277014394873,-0.00495723576695035,0.00597007141866523,-0.000978798422800012,-0.00201241164899452,-0.000594970766040008,0.00104694414624808,0.00323758367931557,-0.00220929496078339
1431,-0.0142248873995071,-0.0267527159828288,-0.0011256140940861,0.0256425195449915,0.0054313811293487,-0.00078920774565829,0.00969793516921069,-0.0276070312646752,0.0276240140385924
1432,-0.00178866087859769,-0.00412128153145625,0.00368605479074904,-0.00357251920711257,-0.00327343238187181,0.00149719172251473,0.00141654671839811,0.000385142198842755,-0.00142946277126799
1433,-0.0104026913349081,0.0142121142306834,0.0159947726056476,-0.00751905556021692,0.00937346532570015,-0.0141984415659492,0.0146993712365068,0.00532413082013414,0.00370335666171272
1434,-0.000320679899369667,-0.000589749632228572,0.00159411256533934,-0.000660090144793786,0.000769607773292339,0.00115474728179001,0.000571029418529063,0.00164745367330687,-0.00176116547056683
1435,-0.00269427832484523,-0.004752472026702,0.00631811800398761,0.00100659663924855,0.00820188778512927,0.00486057256604388,0.00388761744037122,0.00428195938096614,-0.0016310890373577
1436,-0.0131228951590508,0.0149316818814883,0.0187068579961913,-0.0154608625781533,0.011822716303484,-0.00696995787149636,0.0208923072958008,-0.00575234384320212,0.0140584208483388
1437,-0.011127225905014,-0.022572567984016,0.0141449108296849,0.0288440654548442,-0.0205162824293041,0.0070446635471102,0.00660409347999745,0.0119359246474679,0.00551320872959415
1438,-0.0126855123631867,-0.0269057284937949,0.0178722861736172,0.00835685236287841,0.0157757877685112,0.000184702122712136,-0.0144890135277316,-0.00402839425309692,0.0242809443366359
1439,-0.0074031328675188,-0.00394279391997301,0.0146357248597127,-0.00640265917809494,-0.00456831037560719,-0.010359089923075,-0.00695776489896453,0.00109117390646001,-0.010798755815012
1440,-0.0209140318188693,0.0169000281153827,0.00495471274045086,-0.00129865559612976,0.0116860086691072,0.0299145703340835,0.0165844898623526,-0.00341893973937065,0.0164712903816723
1441,-0.00509439860166477,-0.0173896418442547,0.00617821641199252,0.0060141671415361,-0.00786455124613297,0.00468295088289668,0.000384599402577854,0.00640080118296775,0.000992253788597863
1442,-0.0219796862551817,0.0135793795020909,0.00423751322165515,0.0131712766091735,0.0293669604024107,0.000122870944476216,0.00339892108216111,0.0106107481744512,0.000583338267111002
1443,-0.00811092593065835,-0.0115677368503581,0.0185857126203383,-0.00629551136770321,-0.0346828881418028,0.0217382257001139,0.00930145638983069,-0.00682563675475818,0.0135730281313721
1444,-0.0122454170358204,-0.0384660904806035,-0.00129610264405258,0.0183159080663176,0.000409499223271567,0.020378784399537,-0.00355260650084719,0.00380747429973529,0.0264668153000116
1445,-0.00991880373179173,-0.0326283718433623,0.00211936129904052,-0.00349670349210645,-0.00659039950285533,-0.000412505240559028,0.020840913000843,0.013606937670339,0.0223530223224738
1446,-0.024774748320497,0.0246900097666852,-0.00101256430851286,-0.00200842373193134,-0.00361655123476673,-0.0125526948500402,0.0287090128745652,0.00490392637514627,0.0199553365444058
1447,-0.00566644797034231,-0.0129742197973663,0.00413305008660157,0.0182971305688345,-0.00700538046863905,0.0030666226742975,-0.0061032403545088,-0.00626446617823112,0.0110477082174452
1448,-0.00612685411432182,-0.0214248636655977,0.00100373695362155,0.0027260464598901,-0.00466952128113616,0.00148064009201103,0.0103902123474189,0.0025592191074901,0.00868567013042556
1449,-6.50487506249042e-05,-0.000244252810420924,-0.00190523790078722,0.00115034337113931,-0.00105677206987625,0.000467782959102798,0.000624660532573895,0.00656036604982181,0.00698720315970786
1450,-0.0296558858827992,0.0288067210341858,-0.0154393273440433,-0.0032177844331901,-0.0017747836183847,0.0104242103343885,0.0240353568278299,0.00704486502637102,0.0172996878861255
1451,-0.0109237759608584,0.000409801646184087,0.0313038941840975,-0.00296513245646182,0.0170979623792447,0.00227390506457244,0.000596824143363977,0.0194769053471287,-0.0238578244939348
1452,-0.0131778118959135,0.00265388648188524,0.0253765900745889,-0.0101290246231092,0.0278343312999181,0.0122201255231605,0.0287155394613906,0.00807669472301629,-0.00774660982090737
1453,-0.00706798134065544,-0.00388165056511824,0.0160635827272264,0.00153710517176991,0.0114856617379975,0.0366781926078927,0.0260530426339332,0.0114780175316209,-0.000777309890812483
1454,-0.0295518055304927,0.0253006571999113,-0.0161162410862294,0.0022755106021235,-0.000355339968878712,-0.00262430993250652,0.0239316092695113,-0.0139563477158872,0.0175564021760876
1455,-0.00887012745676576,-0.0251642521035974,0.0119735855621311,0.00890643939447981,-0.00701610226516576,0.0109437251926261,-0.00065591300352491,0.0184849255773384,0.0213394954523359
1456,-0.0184571210992675,0.0154240249229929,0.0173141201853509,0.00230784540627477,0.00865220030553486,-0.0273796331016336,0.0176529259425804,-0.0092523879707369,0.00933717284741842
1457,-0.020605644026965,0.0152050899743455,0.00894846855590128,-0.0258127834345067,-0.0115933893577692,-0.0121473623411157,-0.0321776336879043,-0.00959371556139191,0.0409954034211107
1458,-0.0154842588667114,0.00783086254087785,0.0210239846957221,0.00149890872523458,0.0231350728501185,0.0233821783396824,0.000327466967553974,0.0143463279105012,0.0163844212175115
1459,-0.0233115838314417,0.0112535278102602,-0.0078271949953178,0.00876952442321507,-0.00826961598513696,-0.0210663159068851,-0.00475513183293313,0.0269126767358808,0.00535015109484949
1460,-0.0133771101444641,0.0125272201131407,0.0220758570693616,-0.00311776431073686,-0.0293613598632769,-0.00790978968856384,0.00654213661945272,-0.0160541116331658,0.00370836905059573
1461,-0.0143682539785441,0.0138334072810642,0.0190047948301397,-0.0104763077346887,-0.0208798984033383,-0.0010807439280002,0.0124473223256875,-0.0226291714283917,0.0111307044457726
1462,-0.00987041674804162,-0.000674394436364898,0.0219274277465997,-0.0106135697588966,0.0252032588138828,0.0281777914811708,0.0136685657379757,0.0106049176778816,-0.0127521260612758
1463,-0.0125813010783608,0.000566401397517928,0.0265191223431109,0.018713866681774,0.0314847321076842,-0.00251760705453561,-0.0104391640279455,0.0201180584624327,0.0120517333250311
1464,-0.0211614757578459,-0.0105062371734232,-0.011351587629737,0.0243953825219085,-0.0312645855874177,-0.00563918319305151,-0.0051998314792678,-0.0130958443026799,-0.0415439139469187
1465,-0.00730217649708674,0.000240173877012214,0.018396217641275,-0.00462040821779412,0.0206531433086032,0.00826871224910251,0.0135286691573273,-0.0114599610818712,-0.00408473644950462
1466,-0.0105934220865838,-0.0306711295725354,0.00851099767578233,0.0112609014628287,-0.00310749408922445,0.01336862787755,0.0233763179579357,-0.00481390240264087,0.00233162494083203
1467,-0.0228802748293374,0.0226625207839515,0.00668818250744208,-0.000498196590477703,0.0111268870035621,-0.0215029715535935,0.00751756896148258,0.00361747699885656,0.0213145314990896
1468,-0.0123510897558586,0.0045062919721498,0.0310681583491338,0.00584701907257522,-0.00490264026814792,-0.0302992222516289,0.00503266909287642,-0.00989148473232757,0.00356517693698461
1469,-0.00669272875883886,0.00137993233191489,0.0259091455488014,-0.0104801193342092,0.000107277939582142,-0.00315516356214531,-0.00162962654105703,-0.0014504242472747,0.00386835378347307
1470,-0.0137498122413013,-0.0136692130869106,0.00800998541536489,0.0215418728102172,-0.0110755367397059,-0.000676078144662513,-0.0116253993643222,0.00743639032487061,-0.00632866488132653
1471,-0.0111911221324831,-0.00191379661158694,0.0336149880480534,0.00155387494439432,-0.000842541875022737,-0.0292938930082347,0.00308536291083097,0.012147121709366,0.00282537778761104
1472,-0.00652324792905795,0.00160420712003319,0.0267575300098087,-0.00551706241579072,0.014932199269703,0.0130122730233876,0.00645741253360735,0.0190768230457522,-0.012577951928629
1473,-0.015594751766288,0.00576349853251395,0.0173098039590351,-0.00593189409793528,-0.0257803880691995,-0.0132590879341104,0.0302432294043314,-0.00972562565220069,0.00997239019622714
1474,-0.0101837153898563,0.00831541744252211,0.0384052233828345,-0.00550417285903712,-0.0050164128646258,-0.00464860247782328,0.0159497445269704,0.0105595511014914,-0.007887463983306
1475,-0.0118304115193863,-0.0013615707113569,0.027362982359517,0.015047615922607,0.0135986228043303,-0.00220157480342698,0.00623075239306565,-0.00522297477358542,-0.000770654997871292
1476,-0.0096632773648857,0.00499483507652999,0.0342007681440374,-0.0153639846420529,-0.00441136380757368,0.00336494116855515,0.00350793549578644,-0.0190368001866104,0.0166158628108575
1477,-0.0253150502321817,0.0272506141445134,-0.00247063130800426,-0.0060896510223051,0.0144680972673699,-0.0146527013346273,0.0266185451973687,-0.0032872211107114,0.00700592296787774
1478,-0.0116420151727869,-0.00156223701027466,0.0195238130967172,0.00823257789014942,-0.0141989364740194,-0.0182749719476615,-0.0198418508003804,-0.00742328217270665,-0.0321232073280478
1479,-0.031159052496876,0.0283410188133019,-0.0163749684638427,-0.00389236243054987,0.00314641846203557,-0.0114844020076592,0.0213556393728303,-0.00627528910178733,0.0120085120808884
1480,-0.0146053034392772,-0.026616491606022,-0.00555695706429168,0.0371551192948533,-0.0108030783895013,0.0103120855742305,-0.0139067262645219,-0.00743080605358316,-0.0259500841428001
1481,-0.0131074983467598,-0.0111079824091842,0.022396659683555,0.0226142047724789,0.00918420914803151,0.00884927496124286,-0.00991385134340903,0.0218343726702625,0.0166747491010773
1482,-0.00811197595261356,-0.0236367159071524,0.0133100875602062,0.0105768097562928,-0.00428026691957184,-0.00272616930421683,0.00373532715132024,-0.00618967797387268,-0.00748735780475587
1483,-0.018797133073081,0.00452074535758783,0.0148116015807926,0.0126101332405403,0.0269235091597529,0.00783994014779904,-0.0304784464817836,0.00899381144658772,0.00691516143845062
1484,-0.0199855701588505,0.0116975452479896,0.0186241183098138,-0.00398627750751216,-0.00109579396502471,-0.043183475046774,0.0125301949310624,-0.0132901355731611,0.0104998892201633
1485,-0.017698481876384,0.0148436052172783,0.0171057865167089,-0.0110567906631067,0.00280561800729061,-0.032635847373005,0.0199916239722046,-0.0205176419162564,0.0169590516111282
1486,-0.0334589331925023,0.0214348404564198,-0.0276711442774811,0.00749195765297841,-0.0123788792828339,-0.00354762171580593,0.0119019256860115,0.0142228306719493,0.00756959144792891
1487,-0.0213373433726353,0.0119483329672049,0.00603669757991895,0.0140859493123945,0.0152288010374842,-0.0249745357863088,0.0146394864002746,-0.0264783120525124,-0.00963412473306401
1488,-0.020368980523217,0.0180470628546187,0.0136237728949535,0.0125725125854833,0.00323609554811904,-0.0323695330056544,0.0108629728721782,-0.00426561102376142,0.00106228088708588
1489,-0.0135929496087933,-0.0124065252167972,0.0265909938475913,0.0272341724409237,0.0139378737402915,-0.00887352771272646,0.0157662990329602,0.00507482941239217,-0.0131579048288007
1490,-0.00265806150365154,-0.00761952928123658,0.00554927878878759,-0.00151647418794371,-0.00383085419598348,0.00289374008956283,0.000652549519010515,0.0032362719295043,-0.0020935944730148
1491,-0.00916677456443783,0.00384053306041087,0.0245280421715388,0.00339710397445494,-0.0263953309915776,0.0165314064754365,0.0109844416671598,0.00439556757394343,0.000332281487354376
1492,-0.00905358527983313,-0.0158868306870641,0.00929920142644542,0.0260020296163033,0.0133069896806406,-0.0262970291877595,0.0150209018906578,-0.00614710541499659,0.0234778515494971
1493,-0.0299508234720832,0.0258440289911597,-0.0139426762363251,0.00695952409221267,-0.00682189391636408,-0.0139608455738547,0.0160095107907621,0.00861954066844233,0.00930161840601387
1494,-0.00877752935117854,0.00668414083322009,0.0340175781507657,-0.0171855030569872,0.00484644660143156,-0.0235376518563049,0.00782380906758457,0.00918594606570254,0.0117317343444046
1495,-0.016361349022476,-0.00261227468814035,0.0106533822473078,0.00507428093730459,-0.021338402368831,-0.0490977909852859,-0.0178091214683907,0.00869661685916416,0.0239874280562598
1496,-0.0134237206375013,-0.00722933119415577,0.027907690044703,0.0119925944113294,0.0244825139493826,0.00411319991867336,-0.026450680671649,-0.0011232124814795,0.00674303492352361
1497,-0.000156724906980753,-0.000314478992220089,0.00142516627546166,-0.000175214978578274,0.00097497540966538,0.000690643888176615,0.00171585110252821,0.00100564589614611,-0.000830819098135944
1498,-0.0135778844889672,-0.0178642266959175,0.0157434497037232,0.00275574621505991,-0.0103812618829211,-0.0340504263040488,0.0192582461237241,0.0167455651218122,0.002904079692012
1499,-0.0063491036060846,-0.00692517543875002,0.0171422094460641,-0.0019712987975536,0.0152924575594635,0.000864676631949439,0.00559156099609008,0.0109569377524402,-0.00992253053343333
1500,-0.0197516329859408,-0.0156138853377244,-0.00574647564075906,0.0272284311459759,0.00470246164442897,-0.0232918897382258,9.68255138209764e-05,-0.0155711110733513,-0.0135586138393434
1501,-0.0239207145129952,-0.00448605873750215,-0.0182438376703606,0.0311868291505866,-0.0196904337397555,0.00150010347695278,0.00505660964205627,0.00627141364951864,-0.0260668280799646
1502,-0.00218958257443425,-0.0019244760264563,0.00771734807288914,0.00180606250485641,-0.00190971241119725,-0.00267910159628544,-0.00302039030114485,-0.00254452280967289,-0.00344328691247388
1503,-0.0287849107727107,0.0221409292726534,-0.01604830623564,0.0170303229631391,-0.0141072138987091,0.00525484797841654,-0.00305249990404203,0.0192580440104378,-0.00295377182046403
1504,-0.0126793482792044,0.00719218058588853,0.0206567432741195,-0.00763335836152501,0.00291923222071109,0.00121190569620158,-0.00757404470036537,0.015472753513782,-0.0107824273362392
1505,-0.0297519977392169,0.0167144509915816,-0.0216755690631447,0.0153805498734906,0.00656307442610514,0.00988216080416111,0.00456845836022112,0.0147963800771472,0.0155437116482621
1506,-0.0133414728990698,-0.00207776805475863,0.0320756704043656,0.0121315298804082,0.0130188086576021,0.0112972577032163,-0.0108901315349902,0.00366473456074521,-0.00906753801012271
1507,-0.0175825652790832,-0.0256938221221375,-0.00961913248181506,0.0234570639908848,0.0304276319119115,-0.0103085654458951,0.00182671873852213,-0.0307898270155884,0.0172069209388928
1508,-0.0155233951486848,0.0148127972748721,0.0162827676695422,0.00499716909063783,-0.0185605667784362,-0.00484538082071371,0.0378923353219206,-0.00563697355098974,-0.0123894327467942
1509,-0.0248793592571334,0.0261803656145191,-0.0017412752414901,0.00263176483606604,-0.0191820033530966,-0.0109529679521992,0.0234273806381518,-0.00172042828687614,-0.00583395072185763
1510,-0.0114230759656156,0.0109620847014861,0.0302572074267717,-0.00844518666927045,0.00999687039879677,0.0191221879172893,-0.00721429277096029,0.027629331105452,-0.0234128403985154
1511,-0.0122480343158198,-0.00549332941920894,0.0315441075780589,0.00937276940052448,-0.00858887237930994,-0.0237420174346425,-0.0098630353278321,0.00154129494214958,-0.000114791749024459
1512,-0.0177845388840563,-0.00931992991990264,0.00693051634710298,0.0329576690321599,-0.0109480147250074,-0.00234125322345097,-0.0291718290605665,0.00987746282059306,0.0128535927446005
1513,-0.0183556815206097,-0.0201731840118085,-0.0111136669257661,0.0180008606521017,-0.0241456899213859,0.0254331341049241,0.0178702254076404,4.26055455440495e-05,0.0262917341308597
1514,-0.0108247807994891,-0.0270060212063755,0.0119065192345597,0.0212723429551419,0.00709815020173937,-0.00518592309046166,0.0230842528091008,-0.000459868615658211,0.0204348391953038
1515,-0.0076012905366666,-0.018170760031111,0.0158052539951929,0.00364438663679676,-0.000256267801359372,-0.0015606533768586,0.0113767508895255,-0.00133669721835963,0.000322504281293213
1516,-0.00232692470988662,-0.00788861448087499,0.00557381827220098,-0.00135491714693396,-0.00252575090056258,-0.000592086671759249,0.00272457978122605,0.00446089421130623,0.00146075240258673
1517,-0.0284449363745504,0.021277540913445,-0.0151112671816631,0.00730075219775336,-0.0128756702671258,0.007656854206657,0.0157000694325858,-0.00831555722239974,0.0206357948877473
1518,-0.0142416203235035,-0.00763855995077163,0.0181178829535248,0.00343726295051655,0.0204576497957538,0.0457904997649761,0.0203409137784033,-0.004752187173425,0.0307454680339087
1519,-0.00941552944497123,-0.0069605956765516,0.0258273722181241,0.00247232967704073,-0.0279923740097287,0.0123940857731789,0.00193419862122526,-0.00480855454879312,0.00222101011511167
1520,-0.00512536369952297,-0.0158875411703622,0.00032415499905524,0.0141332194687959,0.016463632458662,-0.000688974170719727,0.0114955627799203,-0.00432387030096052,0.0239455883595318
1521,-0.00852395998650275,-0.0197105414979594,-0.000573558475807275,0.00672579920134747,-0.00295357423822808,0.00805138450224763,0.0141853771758851,-0.0112624143293878,0.0230822147134668
1522,-0.0148424026476462,-0.00531845100486965,0.020041402745368,0.0314988642599585,0.00629333768481051,-0.00357465146679741,-0.0109894777146582,0.0102234744819313,0.0181128381177244
1523,-0.00336010114412958,-0.00556860194394068,0.00325022509096727,0.00486375211876618,-0.00606193711284731,-0.00522973381920307,0.00547043635932097,0.00132839524718306,0.000235132393131195
1524,-0.0163169601218862,-0.0231726856223362,0.00463140586234441,0.0273084424868497,0.0097027696723656,-0.0241567111876679,-0.00627099959954477,-0.0150512859940249,-0.0210675682972332
1525,-0.0145439894010316,-0.00307182539160793,0.0175131353537231,0.00208662236419195,-0.00592803186122023,-0.0455862206729993,0.00958172198093786,0.00424354800959346,-0.0118354619970302
1526,-0.00677121036379009,-0.00788929769884046,0.0153284215394226,0.00593335840687009,-0.00585880758702945,-0.0285268191078081,-0.00846315471233695,0.0147308763921984,0.00199021588993484
1527,-0.0261240850113714,0.0163707586205952,-0.00613197836071939,-0.00904539519852922,0.00483461528709167,-0.00513669585152678,-0.0389580534255407,0.00435288729150126,0.0024377111662672
1528,-0.00387650312016488,-0.0120956473275722,0.00850174131240723,0.0139940316398803,-0.00637189484898659,0.00846375487699253,0.0143139234637052,3.43035375443224e-06,0.0109296409525422
1529,-0.0141732100560139,0.0148727739964195,0.0214969537528052,0.000190577925884874,0.00831342353685176,0.0198302001720549,-0.0025930420841837,0.0247746991875492,-0.0035114015805441
1530,-0.00703003976532334,-0.0129042361655191,0.0143130696323809,0.00276531240695585,0.0057269580777382,-0.0115610643300483,-0.0097292204499046,0.001716975766571,0.00119248963112734
1531,-0.012869219444027,0.00377042200054867,0.0267939498356652,-0.0026018518299751,-0.000197970364761088,-0.0302685539333326,0.00988560758001098,0.0100176156786658,0.0260545741117606
1532,-0.00829518393033521,-0.0148685704496327,0.0197931431420842,0.0133745225600579,0.00231817620406501,-0.0210602435872108,0.00421488915430395,0.00489673724611448,-4.05563082655935e-05
1533,-0.010277157163756,-0.0300435872573197,0.00385249607199559,0.0182557483974384,0.0160693908352609,0.000286760975122442,0.01844472186869,-0.00688007065815446,0.0431529956482479
1534,-0.0147246609385789,-0.0270967702223545,0.00449284767290638,0.0310083822282359,0.012083165404913,-0.0304070088639201,-0.00404994021782546,-0.0197195201905708,-0.0106415923302288
1535,-0.00882880517592763,-0.0112194716898207,0.0214792954558104,0.0157992277819722,-0.00855419036140395,-0.0236888753377451,0.00863000810952146,0.00904770804997084,-0.00809350940247408
1536,-0.0205653406810631,0.00879337395580194,0.0113060638121124,0.0185607520695518,0.0192593128399083,-0.0188518006644089,0.0251894645385878,-0.000669291629141131,-0.0188079117898851
1537,-0.0276463267428447,0.00979910446480134,-0.0211939919590311,0.0207012814432639,-0.0251449912530835,-0.00050545514736613,-0.00322096034999934,0.0117668061628878,-0.0306269299965746
1538,-0.0289713811861176,0.0118470823541319,-0.0219429312516488,-0.00230110197072401,0.0160101539809929,-0.0147404010319391,0.00384360083388,-0.0164540305797676,0.00904257004534741
1539,-0.00527315045924682,-0.0126288671510691,0.0185307050705441,3.43309146641228e-05,-0.00690259094688456,-0.0113341311062064,0.00905840858863011,0.00822969643154945,0.0029085224316899
1540,-0.0203287979860809,0.0199186392994252,0.00958435263684223,-0.0108488054607575,-0.0276254197461203,-0.00358677553475511,0.0195833564892745,-0.00391894875624226,0.013637368887738
1541,-0.00902593221886473,-0.0214288875841912,0.01521187806624,0.0117588751318961,0.00690006278768203,0.000960044212575052,-0.00183040562420128,0.0053757249121918,0.00210956740206313
1542,-0.0245107826539063,0.00108609288236799,-0.0114463148310845,0.0196671616241717,0.0276663888555695,-0.00978778664138406,0.00970713253796616,-0.0301942998287849,-0.00852340289690066
1543,-0.00504832580026748,0.00367235923859125,0.0165650399369031,-0.00318542688726527,-0.000843042186931931,0.0137960495112774,-0.00858987753103726,0.0128448288117378,-0.00674464823798995
1544,-0.0250185000706284,0.0095387134150667,-0.00567562241523817,0.0205025817989077,0.0248033643047624,-0.00543086332850386,-0.0149689132585151,0.0103074316925259,0.0116754155792599
1545,-0.00778896893551724,0.0135017302548569,0.0365597210615777,-0.00473119957890644,-0.00494051780773052,0.00110224062744473,0.0107306320561142,-0.00284698542830803,0.0122999595995186
1546,-0.0305404257254885,0.0242647716247501,-0.0203642663112981,0.0120021656272128,-0.00701132918853774,0.0133681563743869,0.0228068293025323,0.00191291706431167,0.0041392957901013
1547,-0.0168940205411507,-0.022596803651496,-0.00350203235031262,0.025649787682782,0.0223051762822392,-0.018568806435046,0.00695600163437423,-0.0144753230793219,0.0273858601839196
1548,-0.0126896068600999,-0.0343889126396231,-0.00676278619492502,0.0117194625185505,0.0185159690688028,0.00876908738131391,0.0168535729754655,-0.00575417801311319,0.029334964090165
1549,-0.00441249974122077,-0.00712130476806354,0.0130182350492026,-0.000371589113557164,0.00940436155386228,0.00247194877531413,0.00878711888512771,0.0013491960552753,-0.0075687436971657
1550,-0.0133537020335922,-0.00388694433338683,0.0279649573731454,0.0175491042014638,0.0107156792601522,-0.0420808153145204,-0.00126504629103306,0.00798760262535618,0.000119376046683352
1551,-0.015587326311766,0.0150830274548362,0.0281525363590497,-0.00458035294560752,0.0105242920030692,-0.0410369814385499,0.00662741893600918,0.00298411775357119,0.0140514163614422
1552,-0.0177232687827598,0.00662489628442995,0.0186654919809371,0.0036827427697831,0.0265325264711477,0.0376909528917202,0.0238089012971545,-0.0143623647727753,0.00461900702692066
1553,-0.0193600975526366,0.0148272987333516,0.0122315420645355,0.00586033424181632,0.021290870214658,-0.00107379854370105,-0.0166287799199082,0.0218078208752849,0.0134543757020498
1554,-0.0176934545858297,0.0129725394269161,0.0163116469813087,-0.00953913829645416,-0.0206631700044582,-0.0139382240167822,0.0108189772477814,-0.0194726307630491,0.0205678691648573
1555,-0.00396751869067825,0.00282396632922838,0.00938705441236415,-0.0179103615776938,-0.0125552023334043,-0.0142778186000011,-0.00153007157421637,-0.0134938903078996,0.0106201356530542
1556,-0.0245520307183626,0.0125815359301504,-0.000633685955221168,0.0120502413532073,0.00706677945960356,-0.0171440446790737,0.0204061129836243,-0.0358982566348119,-0.0297190925780712
1557,-0.0268529773667384,0.00621524233481831,-0.0250360572010679,0.0119559096506302,-0.00810994881972631,-0.00933149095525697,0.0188263653871733,0.012199907885482,-0.0168952151777842
1558,-0.0104707052229368,-0.0316939317500877,0.00151776418335225,0.0169488967867964,0.00941467144072718,-0.00913936416278122,0.017447494143571,0.00581263964817473,0.0185499777463211
1559,-0.00905396258312158,-0.0304907379793126,0.010743313985789,0.0144740742422634,0.00103967949690149,0.00225454443979566,0.0132682427332663,-0.00121020312419498,0.0119885406926411
1560,-0.0158417938417204,-0.0206415169846381,-0.00617037795817605,0.0250815867434939,-0.0302142631707826,-0.0024104547334754,0.00878881738261541,-0.019612614243336,-0.0099249576416103
1561,-0.0196179588526827,-0.00568405390842778,-4.23402701145149e-05,0.0280496324463755,-0.00159368539354683,0.00786307539903163,-0.0246447801209971,0.00943474570469604,-0.0311580399495005
1562,-0.0128523351142126,0.0118160684094028,0.0208538419913949,-0.0117190696663172,0.0187941549097382,0.0336139949148156,0.0131104674798226,-0.0167684011892717,0.0143155698402503
1563,-0.0101396740433802,0.00187041498857559,0.0387533832427615,-0.00383595008788168,0.0208264850778985,0.00935986669833702,0.0056498012094992,0.0191854613450356,-0.0125475735591812
1564,-0.0323496601464169,0.0269728263840415,-0.0198278827781945,0.0128861393500881,0.00413659767996487,-0.00405169338850225,0.0182766862967155,-0.00994831967137459,-0.0108428221266
1565,-0.0085525446220283,0.00557841299030925,0.0167228506735217,0.000626344227543026,0.0239616042928184,0.0220808297766224,0.0142623898895033,0.0253236271217356,0.0100252644153329
1566,-0.000186975629205717,0.000146352025800365,-0.00104254423778986,-0.0016504435317886,0.00015401688713572,0.00142879372084001,0.00222283558317819,-0.00277064301489119,0.00204296125929926
1567,-0.0232412219875755,0.0120563394633677,-0.00787453444852798,0.0149679787989254,0.0131320827437306,-0.014466366913988,-0.00332825085810556,0.0197447208297297,0.00920881929427097
1568,-0.0161336399432368,0.00501172145700515,0.0193914746546844,-0.00377588438294146,0.0120457062379375,0.0266392780670273,0.00233645995897565,0.0103060478778944,0.0104995881505747
1569,-0.000502648989085661,-0.00234122677029197,0.000876077363060443,-0.000215566091934279,-0.00028788409066896,0.000177532855187438,-0.000148719347968917,0.000176264509474664,0.000812025477152904
1570,-0.00599946477231969,-0.0174422677373581,0.0153662277121232,0.00210193224193341,-0.0089300066214863,0.00583452581308217,0.00346238338649987,0.00282299225997096,0.00327258453350336
1571,-0.0174919797251338,0.0128487173159567,0.0142413639277372,0.0072075102875387,-0.021581270673881,0.013325257354919,0.0349216509199563,0.0070530207379478,-0.00994402512119938
1572,-0.00249641277215455,-0.0037087005513619,0.00743508498831148,0.0062502737465671,-0.00219519229489863,-0.0116045179543547,0.00402039555387932,-0.00349242329101185,0.000320951642725114
1573,-0.0240953390242221,-0.00810852496789344,-0.0226454385702808,0.026936563585048,-0.0185063547746024,0.00365157832738662,0.00241855492733655,0.00112500020044559,-0.0143789700166159
1574,-0.00129637507037493,-0.000418124999558226,0.00245170542484153,-0.004201808275005,-0.00534526575691239,-0.000796059252757962,0.00723951473596453,-0.000314566340884596,0.000131919607193453
1575,-0.027690244574344,0.0273682443083427,-0.0133782305365672,0.0022906976802914,0.0164456798923322,-0.00724913936667941,0.0386486850817519,-0.00524050910024639,-0.00911595923191582
1576,-0.0234969478289914,0.0225922567527851,0.00331608521839416,-0.00780099407962042,0.0116399594951632,-0.0177129580678012,0.0118079426754406,0.00733900433267316,0.0263523678591668
1577,-0.000245388442397646,-0.000365079383770359,-0.000575254636960206,-0.00247490020742686,-0.00165533773676663,-0.00383556471196416,0.00140953339418224,-0.00151926813462011,-0.00199957422912524
1578,-0.00933800013674147,-0.0227188001496377,0.000931467189575941,0.0196691825703275,0.0122339782814439,-0.0160443599956803,0.0225018018710021,-0.00313137377776104,0.00400545769796224
1579,-0.0142872152678948,0.00864419109271039,0.0245397308355979,0.0139029448378457,0.00835227199360602,-0.0136473781223246,0.0266203635595065,-0.0218838581676154,-0.0116295207695605
1580,-0.0163846926601167,-0.00276695738244958,0.00711606426203691,0.00995470351751162,0.0339534642049535,-0.0308585017632674,0.0329542136585604,-0.0310338350222372,-0.0176119584333418
1581,-0.00907521845800113,-0.0279412935558338,0.0103700726179935,0.0120537326254393,0.00355898008045084,0.00696834620714398,0.0150405244945335,0.00090110224097769,0.0128491445777296
1582,-0.0269949543951481,0.0131608356505128,-0.0182941684534041,0.0124373870152836,-0.0199097159011635,-0.00867588195015067,0.00894105014469939,0.0181953873824319,-0.00640707166527602
1583,-0.0215037874076149,-0.0112751092384695,-0.0109329465714915,0.0239614716989929,0.00236384491097011,-0.0114590407475148,0.0117791727843991,-0.0224597154051335,0.00395160257052712
1584,-0.00672930652647456,0.00441529215770418,0.0279136172345295,-0.00887799196166135,0.00603407401845456,0.00711810345751741,0.00068214296425342,0.0115332633108169,-0.000416246554231701
1585,-0.0275136643786174,0.0160331190797126,-0.0200202331523044,0.0179172581238557,-0.0283807595410823,0.00876028975088509,-0.0124244438754765,0.0292584472494377,-0.0128657527731106
1586,-0.0120061363831157,-0.0236581962036207,0.00328725981625417,0.0172820161048756,0.00909596370124499,-0.0209008444156631,0.00367314132054403,0.000605927804222914,0.030265541678999
1587,-0.0190187778834707,-0.0193443202088457,-0.00948948774407025,0.0320660198342743,0.0049300227974566,0.0287616014920725,-0.00769048714316285,-0.00931298096017888,0.00862527758374061
1588,-0.0172280970292916,-0.00490672595977932,0.00782259943372063,0.0290756403164017,0.0179123800367277,-0.0201890868573288,-0.00141681168015266,-0.0164265706817138,0.000374769331569372
1589,-0.00560732876905287,-0.00094091335463467,0.0144950032640246,-0.00805854541291382,0.000918649840004955,0.0065737703329586,0.00599616780435217,0.00222392412850721,-0.0116709051742102
1590,-0.00259887181827098,-0.0102353400069813,-0.0021643621934155,0.00792411924982623,0.00121519506946797,-0.0129745887836285,0.00378369242543531,-0.00473542470904453,0.00519193429782735
1591,-0.00750288468479609,-0.0233231700827002,-0.000739270591521809,0.0109078549415239,-0.00122350801136236,0.00508248716270142,0.00584962773201277,0.00289806511188054,0.0178531321350394
1592,-0.00995334861802686,0.00537943087351844,0.0302086121670579,-0.022362454456925,-0.00965190501297158,-0.0226932216437371,0.0109029398859488,0.000880904150583415,0.000104028260074118
1593,-0.00913247468901335,0.00845991309599601,0.0339946171627718,0.00390671570257531,0.00815363067352505,0.00707301309392836,-0.0143407359630182,0.0295121155432724,-0.0214294560717347
1594,-0.0269027121856511,0.0153969828853142,-0.0186922503193587,0.0130160020064519,0.00216526259505972,0.00778315914788807,0.00407997559373586,0.0199575315777322,0.00714410301942577
1595,-0.0282278379578968,0.0179675422747552,-0.0139372586662916,0.00453021709768554,-0.0248541568262743,0.00726708689011185,0.0198044079152132,0.00380209483016597,0.0171221091490981
1596,-0.00665017319904242,-0.01641165211354,0.0100729113434894,0.00245231419452466,0.00410474121621571,0.000624557188652438,0.0037584426715738,-0.00236278450549952,0.0167628374166309
1597,-0.0083187343558936,-0.00124667947428027,0.0287556938199252,-0.0123568781334823,0.00148119730335193,0.0107470053799646,0.0271348919516133,0.00263029184134333,0.0226819562683876
1598,-0.0122676139782937,0.0103499349467326,0.0329569695468391,-0.0110534298935582,0.00238981728278457,-0.0321761650985974,0.0118895693473432,-0.00570940917805563,0.0119703635521803
1599,-0.0151432253565171,0.017543927992636,0.0211789739595081,0.0137126644036338,-0.0147814493547605,0.0129356114150365,-0.0415370966229335,0.0176813705816829,-0.0366358624657727
1600,-0.0213130851395791,0.0166391812174418,0.0118166463045266,0.00316662532607981,-0.0067848725694729,-0.0309240818700814,0.00897061429297141,0.00419511184254089,0.00813362702331435
1601,-0.0104572502420824,-0.0176526421577255,0.0186640257533472,0.0198395992846327,0.0159977714508871,0.0019801939586214,-0.00836790214213297,-0.0116266524998361,0.0293449289513546
1602,-0.00826529217537056,-0.00603293522888669,0.0299489349098572,-0.00769423933991192,-0.0259842305726936,0.0116275645181126,-0.00271717112223902,-0.018740247693946,0.00573862882387449
1603,-0.0170587267303361,-0.00776663711075053,0.0173839786499677,0.0330482918442999,0.0174017322580124,-0.0173247356506553,0.00394464164660482,-0.0253109540387467,0.00584443131312622
1604,-0.0136963107536466,-0.0314970237117793,0.0107161396349411,0.0247552791978413,-0.015778390848478,-0.0208943210016053,0.0133348546104981,-0.0111312024139712,0.021869104775709
1605,-0.00974681802060541,-0.000891876069164233,0.0138725928076003,0.00967911531167911,0.00434415066928441,0.0264179911352222,0.0112557448055278,0.0194331870963072,0.016821298007625
1606,-0.011933791608788,0.00368670236589899,0.0337009551107527,-0.00480403989892052,-0.0238452720704479,-0.0119569375968821,0.0174838771381743,-0.0157682174961018,0.0250095871258565
1607,-0.000235087360471128,-0.000471718488330132,0.00213774941319249,-0.000262822467867411,0.00146246311449807,0.00103596583226492,0.00257377665379231,0.00150846884421916,-0.00124622864720391
1608,-0.0086297514611009,-0.0214312119669234,0.0148021324858293,0.00956535564082315,0.00822726701941232,0.00221252628783184,-0.00310947839164084,-0.00313152743117537,0.0107852567586187
1609,-0.017384080405705,0.0134804935617759,0.0219224607555679,-0.0132575475615045,-0.0148132383002581,-0.02440412382951,0.00586973377307715,0.00691336177458341,0.0465434548676186
1610,-0.00803105183321194,-0.0147376881358277,0.016636318179522,0.00802266807060346,-0.0103796983208929,-0.0285865057738651,-0.00111297513807536,0.0193003666754366,0.012488741995419
1611,-0.00913528091378029,-0.00733642198718103,0.0279558951965446,-0.00317841482316096,-0.0304093849991714,0.00167443903772345,0.00606521471945846,-0.00706085312401172,0.00643729097570848
1612,-0.0145351693756042,0.0133174024867897,0.0134569310278291,-0.0134404087887186,0.0127496779588628,0.0174774543902829,0.00979780771356059,-0.00976130167280914,0.00553493862855186
1613,-0.00121891133085411,-0.00439714871852794,0.00334074766492618,0.00039005391097752,-0.00263382837261543,0.00308571670369068,0.0019336719393665,0.00207807825129288,-0.000676738534545237
1614,-0.0234868163875801,0.0203485456929227,0.00548243443061519,0.0111497108199591,0.0122491280535031,0.0106286012384348,-0.0136207039367986,0.0112007947471615,0.007894390710351
1615,-0.016138161893051,0.0185256051495952,0.0169723657331298,-0.00545835871089357,-0.00388438415747686,-0.0157311101676855,0.021470985877252,-0.0210673378525515,0.00839044397398958
1616,-0.00425238690185494,-0.0101034970687785,0.00606664344156483,0.00113836728700525,-0.0106001173392991,0.00563924959572153,-0.00800232394261283,-0.00233324974414208,0.00893803345597159
1617,-0.00282969119322847,-0.00897326975313917,0.00411169717990954,0.00470143369506846,0.00211175917572608,0.00157960066584396,0.00660943582743941,-0.00089380117795864,0.00626532071804021
1618,-0.0174792643781035,0.0090773120471123,0.00542922400638572,0.00188438897089479,-0.00344062094463138,-0.0452296330893552,0.000809791956485811,0.0342557681186055,-0.00414579855209987
1619,-0.0312524591315158,0.0260771004159684,-0.0215080953850712,0.0100667567165513,0.00612952155164171,-0.00420396501706746,0.0129392534310547,0.014744017755068,-0.00193079952393912
1620,-0.0175599692877964,-0.00355562544402132,0.0107094130148373,-0.00247785696896914,-0.0312024954814537,-0.0382814312393831,-0.00664807104344185,0.00730564988639246,0.0130996900026787
1621,9.14155128497181e-05,0.000649812735406125,-0.0018953000330652,0.00133201775589867,-0.000579399059085341,-0.000204652146776482,0.00353067108702606,-0.0024140762372596,-0.00623688619374929
1622,-0.0158600715340543,-0.0320274459805642,-0.00395204690032814,0.0266555241698929,-0.0188430896539058,-0.0341885173869618,0.0117458789593281,-0.0219100149033238,0.0213253913221941
1623,-0.0109604230349219,-0.0166081116417756,0.0230285149173616,0.0057198678160315,-0.00989040527117202,-0.016263169203188,0.0126814579010324,0.0231137342513061,0.00787534207868059
1624,-0.0163241593766448,0.0143764837590895,0.027018227592808,-0.00695485475007798,0.00861144462506483,-0.0392535837789694,0.0111601950996712,-0.00719796020460044,0.0145088462472613
1625,-0.00541404366976415,-0.00563687736678447,0.0151071171641294,0.00139799340575568,-0.00130781425769837,0.00742886903443189,-0.00220616883948851,0.0135666137224786,0.00206805859505129
1626,-0.0153320462789412,-0.0240168655160735,-0.00591723246816783,0.0352524079189475,-0.00268290625865657,-0.000554026612447304,-0.0250760841475574,0.00869818013580886,0.00377683057791206
1627,-0.00215457342145026,-0.00838420563201194,0.0061021960524787,0.000741145829262794,-0.000229212092125933,-0.0031183519622806,0.0006907326086328,0.000969372822753179,0.00137099642479144
1628,-0.00210007526425635,-0.00784916497874558,0.00616682036138079,0.000909982576239666,-0.00440916508378207,-0.00357660525912925,0.00339942539531326,9.98160661776276e-05,0.00268221925004288
1629,-0.0271922160871917,0.00943599000219531,-0.00501457050141871,0.00788130984398176,0.00913346016011238,-0.0102590992085571,0.00499069505158452,0.00784530157057308,-0.0123443394884493
1630,-0.00798753953638515,-0.0122370874786116,0.0226156132036291,0.00149324360080428,-0.00528107219110024,-0.0134306972487539,0.0125232646999393,0.000829550105804328,-0.00314462914655267
1631,-0.0177726988730361,0.0103397064736454,0.0225987566370527,0.00866451818464575,-0.0219083409311734,-0.0449482239342377,-0.0132163212769523,0.00465808119763417,-0.00340422934059382
1632,-0.0165094229131164,0.0124688720403868,0.0214797334285725,-0.00544509768267112,0.0227549982916474,-0.021503842321862,0.0170657784152853,-0.019524188174856,0.0214418935119226
1633,-0.0144352131037043,0.0033065243150585,0.0275260152830731,0.00943183405646872,0.00132317298396354,-0.025032139470554,0.00815125291418817,0.0168466190578315,-0.00691412688708851
1634,-0.024116164848074,0.0197818056788056,0.00154191617292205,0.006187063955529,-0.00646872936715288,-0.0183799337951801,0.00613796498994756,0.0291566042910346,0.0175869282175344
1635,-0.013991029654164,0.00388995558806842,0.019263448656043,-0.00496556163056339,0.0247741523317778,0.0338792420826848,0.00920950530086843,0.0054587304257095,0.00429623608093014
1636,-0.00685853319193889,-0.00635845074498394,0.0196692022362641,0.0142680328060292,0.00569127197322073,-0.0148815523785856,-0.0159128348169085,-0.00791108380591884,-0.0121408429861601
1637,-0.0123560209364004,-0.0334767698166116,0.00715714274034121,0.00126478048741772,-0.00554038587111213,-0.00516567026722825,0.0214094663694966,0.018041549734063,0.0273359472778302
1638,-0.0213843285784075,-0.00173623889842573,-0.00106025610275287,0.0234976489490745,0.0112993617711609,-0.0201788804527253,-0.00149748372811424,-0.0101062603741886,-0.0248256143603743
1639,-0.00690564124125012,-0.0230617926721622,0.0127441214101973,0.0133916528267188,-0.00900414260165587,0.0133268707858429,0.00707267911005497,0.00172521042288715,0.00229292783862147
1640,-0.0132101697625244,-0.0186446921742701,0.0179301601335114,0.00726114562659745,0.0233483939136646,0.0230131467824318,0.00567759031883429,0.0025424129879744,-0.00760810191026328
1641,-0.00915951134798407,-0.0200619065554499,0.00468177601776179,0.0236488318583065,0.00674741281660008,-0.00213925600041128,0.006090906607525,-0.0164695005814919,0.00414290957526846
1642,-0.000194706886410549,0.00115171874292991,0.000395555088888711,3.09300106018938e-05,-9.86258092703215e-05,0.00457208852681446,0.00168311878240518,-0.000399961383445028,0.000412581633635469
1643,-0.0125008054605385,-0.00844820755536918,0.024090572372772,0.026901490638029,0.0111999129285612,-0.00676959468448195,-0.0061974944100554,0.0137867585125035,0.00660611460989853
1644,-0.0060342599270021,-0.00636302965206617,0.011698084339537,0.00513101805950431,0.00439732594448878,0.00294839933617163,0.000112257012654002,0.00193407100136308,0.00166047870824846
1645,-0.000719233384020642,-0.00264575269834976,0.00151608434995845,-0.000651606209386466,0.000432857568002143,0.000330022987554113,0.00251941174120386,0.00103702322610176,0.00122435682727205
1646,-0.0145204270376237,-0.00538753659437624,0.0236287419806019,0.0288011822182659,0.0353830169749554,0.00183021365366445,-0.0227604326276112,0.00687141495414934,0.00342814265424048
1647,-0.00601270748801498,-0.00518558226216335,0.0162593873648965,-0.00334252782407771,0.00693246118763909,0.0119747581673347,0.00950637249217849,0.00934440110113325,-0.0106151343433545
1648,-0.0164854081547297,0.00165971728121912,0.022160617364583,0.0151666235081568,-0.0103283637141243,-0.00419608771233037,-0.0278060991577751,0.0175918402032733,-0.00234242427519763
1649,-0.00764699526997428,-0.000205485788668211,0.032410672114521,-0.00639099579555538,-0.00339633783020988,-0.0195620821752731,0.00393679746974514,0.0112547632310383,-0.0137031127832754
1650,-0.00596958861337776,-0.00501068677152639,0.0142134462749553,-0.00638153799287192,0.00919246020977509,0.0068628328438979,0.010049898459933,-0.00227824433697571,-0.00338730762488764
1651,-0.0185429400307841,-0.0151343276111255,0.0117830608691661,0.0208745283318679,-0.0156990097236992,0.0226938450708028,-0.0121727269960945,0.0393748362646729,0.0278980072635457
1652,-0.00843035794791223,-0.026966750559162,0.00845600123842126,0.0162218561145059,0.00360576807397802,-0.0223143449632895,0.0104689540143363,-0.00235640201721837,0.000442400920229478
1653,-0.000206468628408525,0.000608146176012299,0.000375830529880255,-0.00337333730729816,-0.00347502142165849,0.000895438954256065,-0.00209191906005637,-0.00533562075012164,-0.00122947950771826
1654,-0.0149469287296575,0.018295364878831,0.0186523319383493,-0.0102428866225861,-0.0100814998639243,-0.00112212312917643,0.0232951148238492,-0.00745947672959535,0.0254149359049752
1655,-0.000125855037136349,0.0011425572231285,-0.0015471326617226,0.000398006781960247,0.00142687100444994,-0.0011351866713598,0.00205438121768235,0.0105806354456116,7.08880330865271e-05
1656,-0.0144115664637592,0.0142179804414524,0.0302081731295622,-0.0085922704118174,0.0101578123617551,-0.039966463327163,0.00452609445490075,0.00789984220219452,0.0173162320807288
1657,-0.0265374332447139,0.0044071947848449,-0.0146750267177826,0.0201355770214263,-0.00478213711626431,-0.0148956859036471,-0.00433733496951308,0.00265242502449833,0.00558035130847583
1658,-0.0185018251133593,0.0115027778532829,0.0153157240853914,0.00850714147590262,0.0324290030211148,-0.0178647100154916,0.00901288385947704,-0.0108408790247552,-0.00959353409433617
1659,-0.0149265021461895,-0.0182813767821045,0.00727680844999671,0.0325421089382056,-0.0100099158596621,0.0243354626825638,0.00271091517833394,-0.00109959849848341,-0.00930105899845475
1660,-0.0108747441630513,0.00387025933501954,0.0234363733829182,-0.00930695491286646,0.0224071107387354,0.0113419363600846,0.00985519270192293,0.00918748357745251,-0.0249147583198199
1661,-0.0087257405492782,0.00295454515409633,0.0294354419928123,0.00121355289646729,0.0193085933393691,-0.0046608816876752,0.000571634919732293,0.0092367182520346,-0.0147666549655819
1662,-0.0169296633728629,-0.0121493292081371,0.0114296998500396,0.034269475642938,0.00181315055799249,-0.0100050700755103,-0.00138553096962017,-0.01749438890396,-0.0409534155407624
1663,-0.0124746803536329,-0.0126320404345384,0.0198891207362664,0.013605933701926,-0.0056967815997509,-0.032874483803837,0.00656794053804314,0.010965698696632,0.00234218275033318
1664,-0.000788375827048239,-0.00254596515540641,0.00144649243847318,0.00139892634278197,-0.00164058327226085,-0.00208182592844167,0.00230950086070663,0.0107615536057777,0.00432056895338554
1665,-0.000182666635226844,-0.000148801652374993,0.000245076316945011,-0.000187136382403124,0.00252162417689031,0.00619562027549127,0.00589360404576824,0.00184631733598085,0.000530607380031597
1666,-0.0092119100752034,-0.0354826664005733,0.00644384962151988,0.0231306824557922,-0.0080796626922844,-0.00987307899944252,0.0143854605703221,-0.0008925110195984,0.0271140186950316
1667,-0.0214069484343336,-0.000465858970037792,0.00972977706154975,0.0265816335860616,-0.00625977478710247,-0.0097558071845006,-0.0413031205088543,0.0155929591559772,0.0282490205772701
1668,-0.00791757253074359,-0.0245692918699826,0.00703565609595182,0.00865281175256816,-0.00770932366300728,0.000859868005995273,-0.00358498849320972,0.0116118551846735,0.0141939743201174
1669,-0.0161038664493321,-0.00174683913223353,0.0107119777274067,-0.0131739316644451,0.0114914964766393,0.0342805393357667,0.0180115237849777,0.00420542395069002,0.0412054529572979
1670,-0.00234454237259025,0.000573679799686202,0.00828269896798861,-0.0103874086147264,0.00186352546791323,-0.00518687391183994,0.00753397829197466,4.14613351160431e-05,-0.00305321980117399
1671,-0.00490067708986391,-0.0117299617150471,0.00480340584631571,0.00012101320509028,0.0123580454195011,0.00132145688150235,-0.00206564994385871,-0.000754733030644672,0.00193814498396235
1672,-0.000928841785315028,-0.00448540989795717,0.000462741110442387,0.00122632373440158,-0.0014503383062877,0.000686997009294434,0.00148380541260188,-0.0014181845410739,0.00756068210499132
1673,-0.000156724906980753,-0.000314478992220089,0.00142516627546166,-0.000175214978578274,0.00097497540966538,0.000690643888176615,0.00171585110252821,0.00100564589614611,-0.000830819098135944
1674,-0.00477847384911804,-0.00886814621848183,0.00891806949054202,-0.00525621009018057,-0.00819765926053365,0.00528495459703642,-0.0101944246255485,0.0068040299260973,0.000658682291989313
1675,-0.0105048971451935,-0.000599733274348791,0.0330586536505533,0.023588352053254,0.0185609901895849,0.0149648576182789,-0.0166866500740251,0.0137687551744668,0.00587127996776225
1676,-0.0100676823112793,0.00432538294995622,0.0306895931252685,0.00870905903901503,0.013437679030411,0.0112608531434388,-0.000659607593402136,0.0110738961584899,-0.0111598102475402
1677,-0.0125046378729172,-0.018606514797354,0.0122714488371058,0.0116635777970232,-0.0164727847864189,0.0197301300937165,0.0148616427778913,0.00060012502762066,-0.00475864529668072
1678,-0.00828985157988405,-0.0184139181437455,0.00938990023262911,-0.00214615375626321,-0.00391778697181565,-0.000278490003549967,0.00305949363421761,0.0241784867128097,0.00682407214846893
1679,-0.0165536595956509,0.0127110964325681,0.0286152941219246,-0.0126755089420446,-0.000399097644104685,-0.000336678705092438,-0.0127532364198932,0.019997746566208,0.0361168563248978
1680,-0.00927577206128071,-0.0295073789231323,-0.00147620903653821,0.0148798836232918,-0.0187337828102872,-0.00844675069201821,0.0117753214764021,-0.00216820856234001,0.0309457093666736
1681,-0.0121789284114286,-0.0309269144520239,0.000765504453020438,0.0244926287170757,-0.0135288841249917,-0.00307059202544301,0.0100030137413967,-0.0156380509694735,0.0236009300960699
1682,-0.00175176265345073,-0.00495591143616039,0.00325349468728566,0.00104515900753594,-0.00783050622049532,0.00543989071624127,0.00668514479719761,-0.00496821839263937,-0.00923850992122525
1683,-0.00865689719045495,0.00653186914260463,0.0249696678016829,-0.0147355202680398,-0.0243193815983295,-0.0109551291035601,0.0184268022165796,-0.0111672743365906,-0.00156973021184163
1684,-0.0100120835524884,0.0132801925271979,0.0278418237600611,-0.00397837865776471,0.0194682535376394,-0.00590058978058262,-0.000505364423028438,0.0248015086234927,-0.00414056827695493
1685,-0.00464952127372588,-0.00668294753241808,0.0150817808093798,0.00417055315942618,0.00157409737901559,0.0096263657475251,0.000609901452857833,0.014231783954173,-0.00828190192568552
1686,-0.0123132529154631,-0.0328564357380477,0.00156072963072996,0.01063898992851,-0.00525997337679309,0.0141613969793863,0.0225417556388493,0.0234508766884105,0.0106501252562171
1687,-0.0146578633226317,0.0145363294916586,0.0372625930055957,-0.00290898564386386,-0.0143458000469698,-0.0166481304829598,-0.00458431895102082,0.0196305148449261,0.0279463587567745
1688,-0.00672780534678573,-0.00327454609852604,0.0297826984196716,-0.00765654443992152,0.00151286864989665,-0.00877878723513498,0.0219993263212171,-0.000158880600070308,0.0225126811529762
1689,-0.000879875862753696,-0.00310430071341095,5.50260236880289e-06,-0.0011604948491176,-0.00157848084799405,-0.000127513655434022,0.000371966715296096,-0.00122132766491679,0.00172637829546327
1690,-0.00723600800037274,0.000852824872365729,0.0337733600208132,-0.00474409164076844,-0.00540852903955155,-0.0128740037615187,0.0159668621913369,0.00147317799118553,-0.00166177105921771
1691,-0.0153054468034475,-0.0119928408617002,0.0192857933747398,0.0315118229267261,0.00425746936075948,0.0192988368179569,-0.00916866679788258,0.00367513147621248,-0.00506444174759953
1692,-0.00294113425872945,-0.00815901020438958,0.00444833959133862,0.00022855540292464,0.00614757098805696,0.0135989607836321,0.0031339364897267,0.011236474519174,0.00420781200606653
1693,-0.0050682937021661,-0.0201461481483304,0.00794384188940814,0.00326364322384982,-0.000328075933525157,-0.00188332239192821,0.0134087760306117,0.00306671017073032,0.013370070776762
1694,-0.023050516536932,0.0075266008784283,0.0024851090283317,0.0130988126295614,0.0220858332142461,-0.0204853501026699,0.0330849456241831,-0.0399045772445589,-0.0276910354554793
1695,-0.00952413349466997,-0.0122633542826633,0.0124545445617543,0.0208388485673562,0.00509180693383156,0.00903040171135654,-0.0107375221717569,-0.0140180964970548,0.0147327263129238
1696,-0.0158901590456195,-0.0153290035339505,0.00826745150305356,0.0270371153515506,-0.0113199371213362,0.0265327477963668,-0.0313017387908749,0.00993425574830489,0.0095618810425221
1697,-0.0212293869173636,0.0204730813272978,0.00758384010735118,-0.00539307032196525,-0.00445787328697928,-0.00824156239699291,0.0364741626633971,-0.0165308715052509,0.00484598124190662
1698,-0.00205809391491537,-0.00216810095585747,0.00354930028538142,0.00132554647262636,0.00312077967176895,0.00324565829190399,0.00785207832474721,-0.00274023891636346,-0.00546357077982375
1699,-0.00304747987726386,0.002977178803579,0.0129223280604145,0.00230591819208514,-0.000197516942520435,-0.00261048695535692,0.00285672758383323,0.00950962830214618,-0.00299979401772928
1700,-0.00758647667867913,-0.0202878429990218,0.00311603076096625,0.0337541252298163,-0.0133478645456823,0.00578301181413324,0.019972822775369,-0.0348578955579211,0.00395015147157707
1701,-0.00981893568711163,-0.0196120559641955,0.0120075570088567,0.0223659527334161,0.00504494649185622,-0.0135657479387814,0.00842601951014183,-0.00715639783222081,-0.00728155600585134
1702,-0.00999160673291614,0.00363132432732608,0.0303172882447198,-0.00128483879864066,0.00845867200541929,0.0436027260805074,0.0148011011602886,0.0059042024112884,0.0235194943998427
1703,-0.0126544267581005,0.0148508709418716,0.0227353026777267,-0.0145897108390625,-0.00726864190780625,-0.0105773919491787,0.0336476465930402,0.000668931583760525,0.0223353845849307
1704,-0.0241145443752487,0.0069177753559324,-0.0107346032780225,0.0188381189829932,0.000374240219763542,-0.00285904374795949,-0.0174769601636714,0.0263823923882073,0.0102269599386821
1705,-0.018157105180724,0.00494835834500027,0.00626355914852526,0.0243650437608701,-0.035135341819713,0.027394494397611,-0.0262125902646648,-0.00218128181548817,-0.0351809178697922
1706,-0.0244655474020297,0.00175224747518883,-0.0182638628945387,0.0258289661030404,-0.0117700834667591,0.0103826820503139,-0.0171205423007904,0.0229312098510054,0.00167371653038334
1707,-0.0020862062484471,-0.00180922526104196,0.0108459952152077,-0.00114813295583647,-0.00225173699363719,0.0017605055039436,0.00312787152032782,0.00805174867045384,-0.00418106868445592
1708,-0.00789726353883769,0.0102749513525083,0.0314659031701598,0.00239965339557765,0.00435322306000789,0.0124352187055547,-0.0127772180068527,0.0216882335173139,-0.0314773751330795
1709,-0.01540834161882,0.00582085737255225,0.0155132142410805,0.0174186636564522,0.0417225782963952,-0.00896548781400797,-0.0050850699786269,0.00714733542061485,-0.00718438439939838
1710,-0.0132215639594406,-0.0304640844406769,0.0124892267449996,0.0045628012654466,-0.0103464755919882,-0.0114489116773711,-0.0114180032969719,0.0133198221490823,0.0111976931123249
1711,-0.00310688653787804,-0.00582121002157026,0.00589296271520774,0.00071034806071313,0.00226262693160251,-0.00909192788091387,0.0053772299180864,0.000124599494477286,-0.00633641042507738
1712,-0.00305797823490408,-0.00939831792623993,0.00556130632180275,0.000390390407719577,-0.00583069739347456,0.00248505762252428,0.00376991449588053,-0.00103878892130366,0.00126776203312137
1713,-0.0204964731159146,0.013251165456918,0.00673871157004932,0.0138436204157555,0.0178704290799756,-0.0406979759272151,0.00437003717338118,0.010222858597203,-0.00780678629316772
1714,-0.00813605595047082,-0.0310101226771905,-0.00947429866812087,0.00864447423902617,0.00366703639621131,-0.00125149508709154,0.00797869442168993,-0.000717672785616972,0.0205136865179717
1715,-0.0177057656989119,0.0152993818919261,0.0135536348647486,0.00066061062086928,0.020848322241518,-0.0102950606042577,0.0144414591948671,-0.000875003948391993,0.00297843243396815
1716,-0.0178380669454008,0.0159802703478532,0.0195926423034229,0.0216059128361863,0.0105570531185801,0.0196917989613979,-0.0151156730005273,0.0125148796353593,-0.0162020141639984
1717,-0.0103847614091262,-0.0287327514383624,0.0091727502607945,0.00833806017168719,0.00873398301926758,0.0053886964102218,0.0121721350897324,0.00901086811070991,0.0114197740770482
1718,-0.0155590503858901,-0.022610143486821,0.0034303680832334,0.0329156234008877,-0.0117282116292444,-0.00799587189396626,-0.00550574182704488,-0.0161533342598127,-0.00239574589796156
1719,-0.00732681766544696,-0.0199578923221433,0.00530200258547156,0.00222451405608769,0.00751201401653321,-0.019759441071258,0.0185124293292039,0.00289645653190021,0.0108750808489815
1720,-0.00511154916492007,-0.00677083865047244,0.00476414163221049,-0.000755265705504961,-0.00312538734485245,0.00184360252188676,0.0118705928400702,0.00318493088658039,0.0108888524610806
1721,-0.0137045930603433,-0.0398460418271158,-0.0151574800209932,0.038974400149831,0.000472769437213863,0.00725225493658309,0.0278249766041058,-0.00324296290238596,0.0277902818339851
1722,-0.00329469659285826,-0.00953400246593724,0.000695532845275884,0.00548121380123393,-0.0097397519873343,0.00174181010634833,-0.00416143897357904,-0.000331466000636864,0.00329104940669315
1723,-0.00882749010556246,-0.0161236398030146,0.0156015652030779,0.0232574685406942,-0.00501918838521143,-0.000368062389717077,0.00683831781979798,-0.00341567151858614,0.0100350974978412
1724,-0.00280298626381243,-0.0055505205531454,0.00591234099566652,0.00322370006197976,0.00494794485528536,0.00199548014238647,0.00230228332322482,0.00309319888768394,0.0109707847604739
1725,-0.0141687684395247,-0.023793042533256,0.000491439306119694,0.0283639968462336,-0.0235515014544023,0.013120547962413,-0.0210557474973662,0.00881444558948161,-0.0041836002599123
1726,-0.000143527957690572,0.000247703879205346,0.000704121606539008,6.47684156164021e-05,1.93186397193552e-05,0.000458464727128453,-0.000673645242110539,-0.0010411479901452,-0.000348729546041702
1727,-0.0101072331274229,-0.0237680639967427,0.00813865203175554,0.0135383956492801,-0.00808530842026526,0.0123997753173788,-0.0174245348909356,-0.00500945850314578,0.010515932915309
1728,-0.0245209445093966,0.0166617479686589,0.00295605731136726,-0.000703725465433818,0.0189408771289718,0.0285903364231264,0.0229469676580899,-0.00278551128958811,0.0197592892929402
1729,-0.000235087360471128,-0.000471718488330132,0.00213774941319249,-0.000262822467867411,0.00146246311449807,0.00103596583226492,0.00257377665379231,0.00150846884421916,-0.00124622864720391
1730,-0.0267134616978712,0.0253362174699571,-0.00937161791986052,0.00010785334949981,-0.00618825074676079,-0.00385198701867119,0.0214489473249433,-0.0097423557395043,0.0139441001197581
1731,-0.0132949125556148,-0.0268603683647262,0.0109779017937466,0.0124930589178125,-0.0111894535523566,0.000976438341376279,-0.00718482154056284,0.0191706956456611,0.0265883596681023
1732,-0.0197036426741512,0.020248195927287,0.00400676298397818,0.00343446335164405,0.00711541677399163,0.00158922281751907,0.0109122144751064,0.0324416416679243,0.0016592640770978
1733,-0.0294289203189729,0.0167147099885734,-0.022631775156288,0.00625979210887375,-0.0113439540129595,-0.00439511064646532,0.0096711455196389,0.0267236108056306,0.0185975720524435
1734,-0.0180966892004775,-0.0265615579228243,-0.0267793963771664,-0.0171890531987711,0.00276293225400965,-0.00834121133435735,0.00966717172518726,-0.0221833411974627,0.00843203999591036
1735,-0.0257840816093111,0.00168667442971164,-0.0205178579602775,0.023969973678587,0.00966637617922635,0.00711736100085551,-0.0126599584693965,0.000832999538724553,-0.00509701335443325
1736,-0.000146278315355873,0.000624152281538142,0.00108534114641919,0.000728569039151795,-0.000329047322970407,0.00137215231969279,0.000133982291351165,0.0111511361536862,-0.000502190212666672
1737,-0.0216630886773359,-0.00139052831034416,-0.012869713810888,0.0263627747853766,-0.0268010465983656,0.00131146315965833,-0.0195408207680984,0.0238282372251136,-0.00598281879051025
1738,-0.0208841255389154,0.0297404113858998,0.0124378753631071,-0.00659790567036704,0.00658205981183999,-0.0121298034874503,0.0299043038771976,-0.00484180921286399,0.00386201724506592
1739,-0.0184809440692384,0.0256139718238316,0.0228220114566191,-0.0046653747329575,0.0135015947052381,-0.014272242169003,0.00789225215537874,0.00973705033786711,0.0169156325649714
1740,-0.0154892168759535,-0.00978088397192785,0.0101278072296618,0.00407912647193171,0.0257558297626333,0.0404054302358107,0.00829037828735591,0.0168870218749705,0.00133566507853981
1741,-0.0152671304765537,0.0143905377123805,0.0244838835952415,-0.0102504620755999,-0.00920677539897627,0.00817302275386628,0.0155633232976917,0.00603572470410239,0.0112179343331889
1742,-0.0265132099718766,0.013483137146944,-0.0123773238081595,0.00882918545691977,-0.0344388037646281,0.0119455400975031,-0.00444000882395416,0.00218328874655929,0.0122251409364918
1743,-0.0131660951251774,-0.026419500382721,0.00480204499304284,0.0268445262180563,-0.0142027498463015,-0.0141399753951777,-0.00324021994179879,0.00667208666830389,-0.00340365015778419
1744,-0.0296070459119737,0.0265072933594659,-0.0130917538671893,0.0162764903138738,-0.0100855061137211,0.000412795005499345,-0.00344874068044759,0.0290452886036007,-0.0208375343446245
1745,-0.012713228179618,-0.0106847205009249,0.00134013635439637,-0.0229701150464123,-0.0268808534055305,0.024062857402471,-0.0150022217574169,-0.0179123108550599,0.011317556405879
1746,-0.0140211113009226,-0.0293527348348967,0.00200627241907714,-0.0336213557105224,0.0133564186814412,-0.00465918633069685,0.017179926526541,0.0155495610212335,-0.0142836931959714
1747,-0.00953370062268234,-0.0257415698712162,0.00387568158741019,-0.0115913563532943,0.0280525288463632,0.02176772551275,0.0137405024435365,0.00969643042553135,0.0088380279573425
1748,-0.0242625661565121,-0.0088502793594794,-0.0189269692401307,-0.0357460227222434,0.00643506358318787,-0.0123790974672092,-0.00130041126076157,-0.00755731586943093,-0.0230297600345647
1749,-0.00906105410333127,-0.0200782395013807,0.0175310786327214,-0.0262856141130373,0.008187841997121,-0.00805172015458268,0.0231440748741328,0.0126538411435192,-0.0183307263251972
1750,-0.0140046290809667,-0.0357094600267016,-0.0181643283744167,-0.020635214816374,0.0143825376376508,0.00205185752891377,0.0174315448170807,0.0203772009656697,-0.0146159517612882
1751,-0.00320668073717636,-0.00864572349263135,0.00736618207206179,-0.00558218466779501,0.00331907883886913,0.00314689276248859,0.0100616482115204,0.00603909483575268,-0.00210634658309117
1752,-0.0216224942528465,-0.0112260412682928,-0.0184584997391973,-0.0440998581941861,0.00659061786577562,-0.0204057706686497,0.00430157811299193,-0.0121951102072782,-0.00429157053389195
1753,-0.00966896623690486,-0.0284107453588173,0.00807989459477772,-0.0242230686680946,0.0161646852154679,0.0199990507934027,0.0251466649615683,0.0122775753473669,0.00221465779100065
1754,-0.00794992564742947,-0.0271251536580867,-0.00297620739234158,-0.0223370633143256,-0.00046702060649081,0.00286547877903575,0.0167571316619722,0.0115872149228349,-0.000469248010283953
1755,-0.0141613970775442,-0.0340803178382406,-0.00228819646459696,-0.0280350117219776,0.0212881114107713,0.0273291774608359,-0.00316555819491471,0.0317140473812193,0.00304056503723198
1756,-0.0142694495901913,-0.0385366896039651,-0.0168642881905444,-0.0306171578249711,0.0211234163938982,-0.00152222103689088,0.0245889818849269,-0.000615684571984337,-0.0191587125773463
1757,-0.0142590741446018,-0.0328027312068781,-0.00869896795258719,-0.0361418605143698,0.0214234359611338,0.0041143566461991,0.0217534054015654,-0.00806566220819575,-0.0218383974860576
1758,-0.0109465746629388,-0.0250472154054772,0.00965422015682268,-0.0417212737501697,0.0375673588806276,0.0198774032249418,0.0136068155903677,0.0252795177455509,-0.00468716878566539
1759,-0.0152213823070848,-0.035644792092695,-0.0216509467650428,-0.0217330040640763,0.00421659651620323,-0.01358084496996,0.0139959348216149,0.0205453272885179,-0.0220062131138335
1760,-0.0197910352565187,-0.0228899845267431,-0.020667166805141,-0.0320981132287183,0.00736844271202295,-0.00931326813837664,0.00150245086006761,0.00399469687628882,-0.0453490282953101
1761,-0.0138912308163079,-0.0393302711295815,-0.0109490918241261,-0.0259969434816969,0.0147551714753235,-0.00343442540067656,0.0144722003981133,0.0119338480726366,-0.0115309158138874
1762,-0.0172339585885996,-0.0282934772878592,-0.0191604298417051,-0.0256358789842419,0.0139687080677558,0.0262570348433759,0.0265059240619204,-0.00766299041252225,-0.0122897523141047
1763,-0.0170615371020719,-0.0282446632333908,-0.0129865248994933,-0.0320550813874656,0.0207575124954217,-0.0162087862516521,0.0116459305165971,0.0172365279129831,-0.0298249890039359
1764,-0.0130596378946881,-0.0224724606080268,0.00988051013475395,-0.0201832694761081,0.00910542761217866,-0.00149954408607342,0.00773322735536898,-0.0138851844579782,-0.0255611303145712
1765,-0.0218025358280637,-0.016327574407253,-0.0218992930681562,-0.0256106767839187,0.0151171855824787,-0.0209236970018764,0.00582860862822268,-0.0132415645228211,-0.0270155466981907
1766,-0.0247584414222052,-0.0138819332046679,-0.028283306010484,-0.0176977466098317,0.00670502659962922,-0.0137867202258488,-0.00742803891004145,-0.000438879634088316,-0.0400734954734086
1767,-0.0190578767305123,-0.0268837080570649,-0.0206239054579688,-0.0101958505516474,0.0230336471328643,-0.0171627111878768,0.000332428954333626,-0.0140285139972475,-0.0234782202805905
1768,-0.0271744951600085,0.00274858473918482,-0.0238288088116189,-0.0033379009976147,0.020579623655467,0.0194569973291325,0.0136743044908829,-0.0343934585244859,-0.0176336018079237
1769,-0.018441236953689,-0.0238482498666505,-0.0250502254969852,-0.0296657272180721,0.0250318360897402,0.0071319966530476,-0.0168674412254172,0.0274459364869951,-0.0045171778348522
1770,-0.0220071433237759,-0.0215920783289952,-0.0228572073411777,-0.0254256786991571,0.0162474814548065,-0.016771185960122,0.00351439081774282,-0.0300950804295343,-0.028429387298152
1771,-0.0228670996843467,-0.0129544476868844,-0.0232285147384444,-0.0216878001013559,0.0162474526533888,-0.0328536053105339,0.00179233794797489,0.0104780825620301,-0.0249007452775916
1772,-0.0192083030238087,-0.00940439667438584,-0.00179134617745384,-0.0135162378486887,0.0353064713391969,0.0320693100205086,0.0129508949964477,-0.0444791183991272,-0.0145909101644544
1773,-0.0234003783026717,-0.0166768260463369,-0.0292116457955996,-0.00993276705152518,-0.00355591966854159,-0.0123879638599262,-0.0125672584462997,-0.0130407960109519,-0.035957996002528
1774,-0.0287235853519083,0.00964414246288539,-0.0271147942076876,-0.0155987480778136,-0.00533738729622957,-0.0201606242252658,-0.00241207312132093,0.00507898727067842,-0.00163497938677288
1775,-0.0295383226470807,0.0216481135852444,-0.0182801265111971,-0.0115955736637582,-0.000477667622654151,-0.0113926281757738,-0.0013103788329932,-0.0164687572464559,-0.000153665903726238
1776,-0.0243492320584867,-0.00300406048135386,-0.0148703097292041,0.00601323119426106,0.0204593373885651,-0.0102566050500872,-0.0182339626160608,-0.0402512506378577,-0.0173153979329311
1777,-0.0250551373157863,-0.00877324747959092,-0.0194061626071984,0.00667589188727753,0.0160819627325185,0.00210804541265815,-0.023713183169429,-0.0434780450472644,-0.0200703288222403
1778,-0.0256519245470291,0.00215620042673794,-0.0194195289975369,0.00212561145056628,0.0231577810504502,-0.00555596085536335,0.00154639041517724,-0.04307448629715,-0.00201222877782559
1779,-0.0228924251256992,-0.00270897806779418,-0.00807765287507382,0.0139677951246612,0.0278703514587477,0.00745469894370985,-0.0330501564643777,-0.0301433892418472,-0.0162037477704931
1780,-0.0275834272455239,0.0138301967175718,-0.0272807146427005,0.00724152348884754,0.013981418466776,-0.00985578216887084,0.0157520287658525,0.0109064560505577,0.0226709007787777
1781,-0.0268759915491104,-0.00225169063723091,-0.021157019728778,0.00739680609244497,0.00547807628597509,-0.0138702966067669,-0.00108396480974438,-0.0316250551598447,-0.0138266206392243
1782,-0.0328258658030511,0.0280970456213104,-0.0245069065934524,0.00890369430352994,0.00406624549377683,0.00202648863195901,0.0191408802304324,-0.000131993141028093,-0.00504436837464099
1783,-0.0253684402346987,0.0016099196915235,-0.0132201310346608,0.00138598620305068,0.0291784151717825,-0.0103586041312192,-0.00691740485309094,-0.0381047652896032,0.00389435232604029
1784,-0.0223081603231953,-0.0122889756431659,-0.0214602504876292,-0.0156264613280856,-0.00400795752107621,0.0165081696263084,-0.0396770845489949,0.0277912353043972,-0.0118250083076104
1785,-0.0187585502801948,-0.0231635467382804,-0.0222513740432947,-0.0215062228738578,0.00678629485539495,-0.0257623384742796,-0.00255265721700238,0.00134038245694609,-0.0112485008216324
1786,-0.0263546672023757,0.00954103789018259,-0.025214669012605,-0.00183222675347214,-0.0298948694050105,0.0160479149549768,-0.0129681001010773,0.00618079715098892,0.00310056479769828
1787,-0.0164787837439275,-0.0211413828364897,-0.00297002138335606,0.0275723384325067,-0.00487692472012305,0.0260213746697077,-0.0490644094272926,0.0265416279033203,0.0278630334151189
1788,-0.0220859336229044,0.0110447196013835,0.00750324769053248,-2.46232398261148e-05,-0.00267237717089323,0.0403231158841159,-0.0079233444859097,-0.0297870781176359,0.0366393967217319
1789,-0.0307450273212512,0.0268588722003773,-0.0162679852531227,0.011804870566335,-0.00471617585952133,0.0116227416409942,0.00387476409769443,-0.00713944203437553,0.00506092412032783
1790,-0.011391864311218,0.00521065948292609,0.0187365447525739,0.00102809684046557,-0.0233723861034847,0.0104482476966054,0.00373173427744361,-0.022819737551033,-0.0175055408698703
1791,-0.0118338787836501,0.000242139271875815,0.0226024832204044,0.00144577819035426,-0.0259063981753103,0.0207296145155979,-0.00207309208924294,-0.0290167373503998,-0.0234822559465993
1792,-0.0104251396366875,0.00228081532573777,0.0196808296074239,-0.00217148501127783,-0.0202445196720061,0.0161655728424785,0.0058130406263637,-0.0279802130133207,-0.0183671526913604
1793,-0.00860377855267477,0.00072978416817755,0.0175615894742228,-0.00545270626198859,-0.0216940721610729,0.0196344391672937,2.06888073921398e-05,-0.0211878212967816,-0.0225079143272712
1794,-0.00945839982827964,0.00457198215699458,0.0235562339092215,-0.0012247468093536,-0.0220656212489461,0.0126931352588806,0.0126680075195792,-0.0196226263714511,-0.023675858380731
1795,-0.0149310161112887,0.00353974646796379,0.0190567656851562,-0.00416919765325724,-0.031419498608816,-0.00703530123631828,-0.00250742166529438,-0.0350925589475856,-0.0270886073697511
1796,-0.00973658534295953,0.00290186549329214,0.0270278958081696,0.000952208970563578,-0.0264851913734776,0.0021895566975133,-0.0105736208673291,-0.0378315061768049,-0.0276638629587109
1797,-0.00819953505336984,0.00112740285151594,0.0209220247956479,-0.00508501067155992,-0.0217427145152278,0.0133574680675463,-0.00132735419185012,-0.0215652918498652,-0.0308959776761337
1798,-0.00864868135326486,0.00488960871322721,0.0258282452287497,-0.00571329137057051,-0.0250239814995138,0.0124309928884817,-0.00828505477771489,-0.0300186117558215,-0.0316951454500837
1799,-0.00702658850587283,0.00133265822742861,0.0240811069456942,-0.00120631310068564,-0.029645834622663,0.0152155156747023,-0.00266955345297422,-0.021567084353738,-0.0208348720618401
1800,-0.00735038187138607,0.00058618831994267,0.0243238921796985,-0.000285934224855575,-0.0324207213482629,0.0190535636976243,-0.00477034595023587,-0.0201696011519903,-0.024919083003889
1801,-0.00662733798645369,0.00244288134225479,0.0249187647513953,-0.00194956331185308,-0.0288002086244455,0.0174594470133466,-1.85507236607189e-05,-0.0205650611165467,-0.0267438456640044
1802,-0.00582101216501109,-6.75485024042555e-05,0.0219183243569344,-0.000719187967006078,-0.0237700410336726,0.0204595899791311,-0.000829802434114514,-0.0128302451780806,-0.0165183334971805
1803,-0.0221988084472237,0.00642544927797947,-0.000349529088956574,-0.0152217839895473,-0.0378464493828837,0.012971826617295,-0.00361882879278874,-0.0184033995990312,-0.0223950593736281
1804,-0.0111946670038042,0.00230189001933186,0.0262293272414124,-0.00767330224050693,-0.0335721183977654,0.00278558387496763,-0.0193843387573805,-0.0260598019408625,-0.0223215601063719
1805,-0.00678720901744671,-0.00960055431113739,0.0194751073905041,-0.00839734320722511,-0.0278016912950482,0.0147447899708855,-0.00493375196627826,-0.0196260378447889,-0.0149749149806147
1806,-0.00819783129612127,0.00344009489897391,0.0291281037733637,0.00280540996256692,-0.0321130958242267,0.0167495335267278,-0.00160888007017985,-0.020349323539077,-0.0218150383544376
1807,-0.00869287596899206,0.00708512478066233,0.0245490450384033,0.00103326671963035,-0.0260651931311159,0.0118192067790825,-0.00341067111316572,-0.0208615283175566,-0.0277290972537319
1808,-0.00825166905134726,-0.00543791555578267,0.024060827070908,0.00554485409401744,-0.028204188108584,0.00325628204146133,-0.0049931359538359,-0.0302104718236952,-0.0233643169814048
1809,-0.00650227753527703,-0.01266564748684,0.0178413546374906,-0.00237046600037348,-0.0255316153170245,0.0146275839919317,-0.000596265165886046,-0.0135472457427638,-0.00905072072349508
1810,-0.00331361077429694,-0.00691483609666948,0.00810548082655998,-0.00177529509963873,-0.0113479007122366,0.00204857878079955,0.000853437526908576,-0.00388339539578814,-0.00130785482020845
1811,-0.00410775835753024,-0.00829852777922996,0.00864757947046054,-0.00517744380701515,-0.0138630917350449,0.00762354306512622,0.00716674820716135,0.00368436617913832,-0.0112412974689362
1812,-0.0114179607420432,0.000653795323044322,0.0206581309139803,-0.00343682335539394,-0.0343474331021524,0.0174795904321227,-0.00281817368639253,-0.0149253095516132,-0.0223097076442654
1813,-0.00812111246845415,0.000721701278974751,0.0221477613552425,0.00311890790255191,-0.0310052997192795,0.0111629831068713,0.00847748932520932,-0.00275467327993414,-0.0128475981604412
1814,-0.00619682669021849,-0.000516572933144686,0.0212718811074689,0.00122260924773471,-0.028571586568436,0.0181415628478086,0.0152658809831114,0.00432624410930873,-0.0126456721329751
1815,-0.0262118922211942,0.0159682677307809,-0.00847467229794971,-0.00972496533946544,-0.0170657462880352,0.00567734463720405,0.00040431989468215,-0.0302725649946161,0.0042038190392661
1816,-0.010651921734766,0.00611120049804929,0.0263953435272961,0.00401413132887968,-0.02690008857303,0.00939958119196681,-0.00794382024470386,-0.0291176524397455,0.00146256065236074
1817,-0.00706149465639442,0.00213693074924594,0.0228693638341973,0.00101417574252869,-0.0154354673817253,0.0201853468840401,-0.0125031832834146,-0.0280458897114801,-0.0022334528048466
1818,-0.0287563512481879,0.0150245409509536,-0.0199534232037058,-0.00634867835354796,-0.0318417421893224,-0.00913899606546954,0.0142764821159016,-0.0199140009687634,-0.0253581328991517
1819,-0.00650929830547961,-0.00735535663732986,0.0139277239814227,-0.00179087762531092,-0.0158614756268332,0.00443273824664056,-0.00313581345809726,-0.0185597692370123,-0.0297496584700198
1820,-0.0113683681650705,-0.00242807919023599,0.0253281528573895,-0.0019096266690258,-0.0369474345632153,-0.00775793405920538,-0.00958019665535214,-0.0225428365072108,-0.00650448338264984
1821,-0.0292137983874527,0.0290346702639371,-0.00990471998992205,-0.00738000721262599,0.00540494546475822,-0.00859699762595694,0.00691337421339596,0.000163018919152683,0.0163433155391875
1822,-0.0251416592999347,0.0284048649821912,-0.000572220532435137,-0.0057201421973278,0.00946364031831121,-0.0109479179043264,0.00105114336681132,0.00750805913730573,0.01697966442944
1823,-0.0201408537249095,0.0251694741409801,0.0153820707922673,-0.00327136784549012,0.0149773623352052,-0.0168432293938401,0.00480842030707595,0.0174073080133566,0.0180652175961904
1824,-0.0216631019897181,0.0173013160660752,0.00443987250253499,-0.00868757956028287,-0.0190267133917605,0.0204595468639834,-0.00317976819724806,-0.01573728500168,0.00368865782052193
1825,-0.0135657317138026,0.0113524747472861,0.0209788323592648,-0.00174734132498613,-0.0212813681908493,0.0309572528821563,0.00731842264296022,0.0121934600694832,0.00747200036420181
1826,-0.0237522872608554,0.0200379930074365,0.00342392929457644,0.00804626414152662,0.00632734912622473,0.0324766852987815,-0.0128132936093029,-0.0176635131831268,0.0169995676434599
1827,-0.0250555434504294,0.0236207286138828,-0.00132888601629383,-0.00469665632710922,0.0155363497764773,-0.00352143568389917,0.0190019585337042,0.00292866490102991,0.0269772017789535
1828,-0.0118780638219875,-0.0100943364987389,0.0144494138134321,0.0227479447021151,-0.0016757352591617,0.0101132621682031,-0.0130343570930201,0.000236179887886106,0.00274467345309671
1829,-0.00476068535049681,-0.0145218683450484,0.00862860968979274,0.00146078694035472,-0.013996004571747,-0.00298953835110536,0.000838584589720613,0.00394763424301979,0.00112110229296962
1830,-0.0181659081674234,-0.00147487139468934,0.00699598149769559,-0.0444749844022199,-0.0220023277676848,-0.024248618068472,-0.0138564485514139,-0.0453076368634864,0.0178292936765386
1831,-0.0219105673131535,-0.0167919161383555,-0.0232429495638481,-0.0279435613771048,-0.0236358880457043,0.0195215639384017,0.00138004530836623,-0.0233179454849901,0.0171594712716436
1832,-0.0248834999205385,0.0274417188411385,-0.00190626536108555,-0.00763399559543656,-0.00122223277173187,0.00954111076628555,0.0122343428553277,-0.00266396950534471,0.014884634917956
1833,-0.0235577709135515,0.0251429053427074,-0.000552754925312027,-0.00879245726058437,0.00214014447282462,0.0177823137827501,0.0190324446774769,-0.00234441385047682,0.010981142463096
1834,-0.0263569974890439,0.0249784905543362,-0.014277929984399,-0.00486702963253762,-0.0026910151595534,-0.00803987206711462,0.0157541106545957,0.01457420630295,-0.000932699402551691
1835,-0.0146013790473534,-0.00622777517864281,0.0159341689233033,-0.00678930599783109,0.0216122072861729,0.0546685382489426,-0.00853777326308929,-0.00295165476643278,-0.00941672364611687
1836,-0.0208030750971493,0.00673639043851881,0.000435927461865754,-0.026633714609834,0.0111899155837598,0.0260093937847543,0.00954031260402526,0.00476277613791182,0.00823309335244889
1837,-0.0111484248174306,0.00273589590650102,0.0236300890798367,-0.020801754673138,0.0247573924585289,0.0208287797060291,0.00544714535616319,0.00403801505239568,-0.0206752664227586
1838,-0.0122810057977536,-0.00386039612585562,0.0163074956464246,-0.0180605930298481,0.0143643515978409,0.0513146339803866,0.0175098018107737,-0.00997705252068512,0.00731252068048588
1839,-0.0247642752525348,0.00242993330878771,-0.0117957818287452,-0.0121691037244167,0.0122429167491149,0.0331441785806775,0.0146828885554069,-0.0141383550005887,-0.00790213327083694
1840,-0.0313124679247373,0.00735579782994545,-0.0300806312424705,-0.02351902204972,-0.00931562921733987,-0.00705456008167272,0.00306168037713243,-0.00894681233937105,0.0231921397243396
1841,-0.0280462855497497,0.00619550659991669,-0.0219458548511872,0.00871538268163311,-0.00131797806008869,-0.00822139115813654,-0.0040879367919598,-0.0228588839364342,0.0172618610229917
1842,-0.0214350996924908,0.0141941154655737,0.00412161131908348,-0.0110619544655631,-0.0228454763663601,-0.00675990881874512,0.00227744758037763,-0.0471504442197276,0.0421970563583083
1843,-0.0193744186307988,-0.0184692267889653,-0.0145025474186111,-0.0042814045126102,-0.0168485023350741,-0.0159268146635475,-0.0399352588293963,-0.00922638216942505,0.00383233553145779
1844,-0.0265963751894,0.0268547811420278,-0.0129565616293757,0.004652266279151,-0.000678912450465184,-0.014390601938905,0.0227175343366658,-0.00685363887300852,0.00100824885249833
1845,-0.0160503863755443,-0.0183981924349109,0.00341616233663214,0.0088325016572442,-0.017164289847816,-0.0180132260035301,0.00661055550558258,-0.0128478755213839,0.0261699850738146
1846,-0.0199522122811392,-0.00725488898339201,-0.00907274396030047,0.0256929896588937,-0.00561715476568128,-0.015821615320482,-0.0134580046834106,-0.00668483284545136,-0.00727429754139474
1847,-0.0115652521399376,0.00477126881955512,0.0274531988437708,0.0126231242256792,-0.0200299715372396,0.00474025317715959,0.0287224232832034,-0.00205138799898984,-0.012275175888879
1848,-0.0114763156020062,0.00761823399266374,0.0230357032207153,-0.00141703173050057,0.0025260759408426,0.0116859971989621,-0.0182222374403009,0.0325240300669244,-0.00817583558035953
1849,-0.0346293352029291,0.0320675849557635,-0.0247525293467885,0.000809968197891177,-0.0061072022806509,-0.00719769524981699,0.0273663197031759,-0.00156571083416265,-0.00379689676473464
1850,-0.01376972547795,-0.0201604965668899,0.0232096735719259,0.0226668058743948,0.00194254151305981,0.0226107827572338,-0.00322733989658078,0.0134257672866326,0.01411308879636
1851,-0.00909288464400301,-0.0080138850592501,0.0208141220860964,-0.0210890695690039,0.017549703456335,0.0245688840915364,2.41444720198176e-05,0.0149442382298595,-0.0146775453195474
1852,-0.00959869376526038,-0.0113715836351067,0.0213483442946162,-0.02059009155504,0.0151106974711074,0.0163735793129524,0.00280207742980112,0.00925852871377453,-0.00912847898570941
1853,-0.0162138820495054,0.00619645817253477,0.0214481395122393,-0.0169649895293029,-0.000872346000699005,0.0419632742816445,0.00674231074152632,-0.0345726649942436,0.00748268170668665
1854,-0.0137424716836003,0.00509285058841518,0.0216340129707996,-0.0265455780055361,-0.0167389748524774,-0.00520098299644703,-0.0150181663410833,-0.0334057206599495,0.019966435604994
1855,-0.0106565791511651,-0.00963571781589615,0.0274215841473462,-0.0283453669609169,0.00589540379486662,0.0205140341437012,-0.00337459922910656,0.0105712001680347,-0.0134323825372906
1856,-0.00941905822334676,0.00071346798974481,0.0265730570583298,-0.00363246960455251,0.0120537154760686,0.0124183997616777,0.0077051398796746,0.014282535407484,0.000837032814319844
1857,-0.0149005319584335,-0.00691857938312986,0.013856444633018,-0.0063309027750075,0.0134506749349469,0.0333991831144714,-0.0155102057957488,0.0356165497685397,0.0104915549496294
1858,-0.0148160389875063,0.0121588268939623,0.017423699902103,-0.0162843866197389,-0.012410720654446,0.0477349769409364,-0.00269895385697886,0.0286621863151014,0.0117722668641945
1859,-0.000239978417557379,-0.000678184839820797,0.00040745071721707,0.000676978036787201,-0.000242753225612346,-0.000234092293796901,0.000407273564114307,-0.00053661601203067,-0.000332951126395492
1860,-0.0125098295782293,-0.00325606525914881,0.0198291830919327,-0.0294758612761982,0.0161935851692053,0.0309285372903715,-0.00931642794426133,0.00290372023329014,-0.0157536924438519
1861,-0.015127324316328,0.0148239993456939,0.0130904868314743,-0.00577613922713824,0.00106704514017616,0.0225359575817879,-0.0208184099964409,0.0267345978373377,0.0393392924850495
1862,-0.0114438214380586,0.0105091525084686,0.0276835243435279,-0.00245138130834906,0.0236101536829291,0.0248261907843894,0.0149755141606317,0.0132081757142533,-0.00694905765545289
1863,-0.0141561850770144,-0.00505313524268415,0.0189237235180313,-0.0308455929415196,0.0116683172354476,0.0393010520231473,0.00494835592742529,-0.0170297079200188,0.0045816478704177
1864,-0.00892580023651386,-0.0125697478257252,0.0256427354540511,-0.00655385209057069,0.00364728066534611,0.00945815829245524,-0.0106759608656233,0.00545699114781487,0.00111888761528814
1865,-0.0127833926613409,-0.00626064583519969,0.0278560645512604,0.00179194000336919,0.0365775487795069,0.00238396897520077,0.0224669939832997,-0.00751235466664462,0.0185396194122999
1866,-0.0218197741619069,0.0164866635471654,0.0102476424237447,-0.00875408126215712,0.00147196999584978,0.0149348472495985,0.0201065097900935,-0.029532208412684,0.0270940432063733
1867,-0.00756731325170502,-0.0113926183353178,0.0198215103402151,-0.0180568727586615,0.0133725263841366,0.0202612058350198,0.0101250397984502,-0.00831601604398943,-0.00337739624516168
1868,-0.0132881665649856,-0.00675426356768849,0.0314871081280781,-0.0193769988702525,0.0140007575838375,0.0511769893184652,-0.0118868154857481,-0.010088602676921,0.0112672948578428
1869,-0.0101279871374847,-0.0120701474288439,0.018278451933651,-0.0259527568354317,0.0202275232113403,0.0276955448972487,0.00439790294218828,0.0252460781596543,-0.0100688863790576
1870,-0.010511735257128,0.00548427971374083,0.0313824043910646,-0.0139674630911777,0.0217253280941581,0.0116049410454777,-0.0216381651587031,-0.00349644304469987,-0.00227134127633815
1871,-0.0108087093843132,0.00112349450253065,0.021852995236038,-0.0261468829874477,0.0246999031927642,0.00945627669359703,-0.0144226119266365,0.000597026966067873,-0.0172610809621838
1872,-0.012018671254912,-0.000679419666659931,0.0321354440998507,0.000427800847185347,0.0168011589854982,0.0232419954387116,0.00810566898657434,0.0128022757217129,-0.00426676095389762
1873,-0.0128330522978841,0.0105629184424966,0.0131968555680551,-0.013454513070629,0.00189914830321114,0.0197335247090008,0.0304630966873384,0.00278673516977101,0.0170503852378141
1874,-0.0209167870834388,0.0173046756212289,-0.000199931797405646,-0.0115704505275497,0.00330598778564226,0.0149272683027558,0.0197859427671846,-0.00176920453803131,0.0135813741181941
1875,-0.00963375013774757,-0.00364852021357743,0.0221236579292496,-0.0291040889791683,0.00959628242943419,0.00734157835266087,-0.0124872255274697,0.010425911466038,-0.0264272500910663
1876,-0.00822170018282862,-0.0085936965718195,0.0128748335748457,-0.0196067522705276,0.0146758526468799,0.0104463698666818,0.0186726489287379,-0.000802483714969448,-0.001568029794155
1877,-0.0143165607039669,-0.00540821481553593,0.0218699025796157,-0.0273450676147703,0.0252857300866453,0.0272467796168456,0.00723772331220819,-0.00303345694375907,-0.00211863223931064
1878,-0.0247200963177613,0.0231564412620105,0.00481627609382457,-0.00149598668062564,0.00588218323546329,-0.0175714705844572,0.0124486264608805,-0.00247453581410702,0.018069096545877
1879,-0.0181284830785143,0.0083110637734254,0.011970064098388,0.00341816563262016,0.0312841532071363,0.0332814088758456,0.0237233829295235,-0.00885119654109168,-0.0038267610769777
1880,-0.0138642410044233,0.0115759689670653,0.02943531579071,0.00644524229812167,-0.0127230752112955,0.0221749275193785,-0.0208201860950526,0.024086575850551,-0.0239462057886447
1881,-0.00339647266529618,-0.0046566553127217,0.00327713986817485,0.00145127569011557,-0.00834630857270938,-0.000240128253048639,-0.00127399818851824,0.00624169916042454,-0.00707936985288664
1882,-0.0112940030614348,-0.0257244229884349,0.00345721927191382,0.0259209179871249,0.0167941793546408,-0.00903471134208212,0.00905526994657741,-0.0164485082461407,0.029206198557276
1883,-0.00309817245808872,-0.00488497115559276,0.00783586914126681,0.0111076774225333,-0.00337677567748018,0.0010888304186043,0.0204092336441359,0.00613526450315889,0.0036274334183379
1884,-0.0284317679465879,0.0048741895456321,-0.0271068860836415,0.0109843777499241,-0.0122164799999566,0.0120742634415995,-0.0211855865502412,0.0142606926045222,-0.00235768167267416
1885,-0.0209249191410385,-0.0121904988956979,-0.0142211245086851,0.00285188733733796,0.013831787407148,0.0141694800686567,-0.0511747692831333,-0.0112287090652596,0.00353755581255011
1886,-0.013405908456287,-0.0394772301172921,-0.0169552650441434,-0.0384030953052728,-0.00550580925451456,-0.0201982113024399,-0.00827130812895507,0.0475699080497749,0.00843809718073784
1887,-0.0265019931518891,0.00129742620670744,-0.0250223455494956,-0.00744993844365598,0.018671336969494,-0.0175965593856763,0.00822147972227951,-0.0233378810562539,-0.0173276558352062
1888,-0.0154407736143682,-0.0391070488326683,-0.0248251775577888,0.00654903971661835,0.0037028875109456,0.000784026932780269,-0.00506594727896554,-0.0203716135800985,-0.00193128116723081
1889,-0.0165884359178917,-0.0325177261870537,-0.0160502669719341,0.0143468680407028,0.0330327231431873,-0.0257461676304317,-0.0168418369162089,-0.0195320786826708,0.00979140626207576
1890,-0.0234353163788233,-0.00932319613278613,-0.0328579803472001,0.000434122348044235,0.00822005390617056,-0.0263932141589096,0.00635727534540167,0.0387899553153592,0.0124726309680577
1891,-0.0203522691610202,-0.00681639279803218,0.0122600346195665,0.0302725390284017,0.0219587064769293,-0.0298398722930864,-0.0140986796591089,-0.0190114338446772,-0.0296026698675348
1892,-0.0170530809552467,0.0143773137351169,0.015654150307108,-0.0101249128949599,-0.00702681149491589,0.0223480262489762,-0.0130108931108798,0.00275871878429251,-0.00429598788051503
1893,-0.016577200481502,-0.0108131172174306,-0.00149409477935137,-0.00236450068472338,-0.00251192251707778,-0.0160959957713883,-0.0627578080378797,-0.00168738341901926,-9.65521265259008e-05
1894,-0.00835716899484634,-0.0295969866333812,0.0109679242628675,-0.00761822842794274,-0.000988074822296531,0.00184414383294804,0.00570852617796416,0.0106404738307875,0.00490423026013308
1895,-0.0139296080140569,-0.0374282093989879,-0.0166484648208386,-0.0103182534706032,0.00122689285573949,-0.0166960408919112,-0.00249001203392103,-0.00480297716100381,0.0142707736204032
1896,-0.0250801116607991,-0.000430358263448949,-0.0247760676855489,0.00805248189852198,-0.0259557841411341,-0.0154669625211349,-0.0163474796959074,0.00743593889853045,-0.00364069362206091
1897,-0.0174880998658443,-0.00494081381886489,0.0101557990595394,-0.0137067610139345,0.033557903750748,0.0260814746170559,-0.00676898999622582,-0.0228641833448349,0.0194909988849222
1898,-0.0259080332477378,0.0113015053477752,-0.0084250155717584,-0.00979918061911244,0.0102284691735931,0.0316331686682948,0.000496064107125471,-0.00936322912904309,0.000825329973739727
1899,-0.00713054167922563,-0.0149206416694784,0.0162628595708666,-0.0165085782625944,0.0142268142015695,0.0040351206859779,0.0194267926119381,0.00302009608700652,-0.00353655485661628
1900,-0.025855337620532,0.0102774144602002,-0.009881500170485,-0.00740641406614726,0.0212769758102389,0.0269937085940715,0.0072449091262581,-0.0169608293164156,0.00339191667417453
1901,-0.0265915528963034,0.0165022641729981,-0.00992249492615046,0.00487403707898945,0.0201873757936334,0.0268515390176034,0.0122786139441545,-0.0129248058408422,0.00813373014083531
1902,-0.0159448621518657,0.0143143127711914,0.0193867673139457,-0.00323852690977254,0.020959490457337,0.0149800029185169,0.0138231876221343,0.00506824288808374,0.00234243734093274
1903,-0.0185313141801719,0.000836760783365186,0.015228743219708,-0.00532086031341068,0.0279128687704638,0.0554342923899051,-0.0174333768304332,-0.0160271330000639,-0.00595300790284084
1904,-0.0134233167926756,0.000638032262161656,0.0258958736497392,0.00679257774036119,0.0369313899470166,0.0447524079515545,0.0296829561658648,-0.0172476079418486,-0.0012923481657613
1905,-0.0239077977844483,0.00894985165178604,-0.00978640608943431,-0.0167059132876285,0.0183081978042177,0.0333492433911359,0.00752461557089674,-0.00390396829008685,0.00688517421184813
1906,-0.0110256116853017,-0.0134073569285471,0.0194227681062146,-0.00199933078686849,0.0214338313383492,0.0190206132203648,0.0147307645639021,-0.0141482460455796,0.00766587465729165
1907,-0.0230221356859201,0.00490805476948885,-0.0063934831633272,-0.0137409820200308,0.0187755292584661,0.0385378935910856,0.00556728491017972,-0.0145480519808327,-0.00125309828866474
1908,-0.0166923815154605,0.00583941961496656,0.00328894164667065,-0.00433479626368195,0.00944195815884444,0.0273035489083188,-0.00285148130972909,-0.02286812354662,0.0139675957547366
1909,-0.015377484361678,-0.00159596045511058,0.021850164211477,-0.00601628091840309,0.0182829952954562,0.0445609343001903,0.0162701617178851,-0.00894843768005266,0.0222284357214112
1910,-0.0172013943382944,-0.00335517960339901,0.0127662713182914,-0.0230121939681842,0.0173356227624803,0.0515555357124352,-0.00464708702875124,-0.0156373445999022,0.0132401433912136
1911,-0.0129005534513347,-0.00149509274554003,0.0249815929687985,-0.0127076180232622,-0.00633872066175456,0.0395954499438675,0.0128954281767231,-0.0250407260927876,0.0349245555412868
1912,-0.0107725734128888,0.00148891115653506,0.0216011336120519,-0.00508985331201667,0.00878122480757882,0.0387849815833668,0.0111144418162238,-0.00132611729459462,0.00045661162815483
1913,-0.0158304832116776,0.0028898661539704,0.012186792230795,0.00315779116380604,-0.0152256476559696,0.0496303532653539,0.00526740814465472,0.0102452127745859,0.0150586823736196
1914,-0.0210985303242243,0.0159062221571416,0.00218442816331572,-0.0134294265107927,-0.000796422567857838,0.00627554883487035,0.0187008019876502,-0.0123628399621828,0.0289874424251357
1915,-0.0120239931288453,-0.00388491665315539,0.0236742899222466,-0.0212414530916636,0.0198093810665213,0.0214534336048755,-0.0238760846430989,-0.00461332370496175,-0.0222730770274177
1916,-0.0215040272322321,0.000219193642209517,0.00152902258634177,-0.00972138416189674,0.0204853137810039,0.0442721478528763,0.00393431400169111,-0.0347850982246081,0.00132776992425116
1917,-0.0171305699661959,-0.00537996510333594,0.0154340313387121,-0.00866054588564745,-0.0265452691277758,0.0277540018855372,-0.0220429773961673,-0.0304931315488552,0.0139446974746934
1918,-0.0110671998547543,-0.00829903449660297,0.0160101593299847,-0.0331337723744226,0.0250017513777776,0.0211252997129911,0.00754077314817012,0.0104978395111956,-0.0212150883870699
1919,-0.016267328871393,-0.011388317327802,0.00701481317401444,-0.0339626373506977,0.0257791699433727,0.0453546389841602,0.0189602016882498,-0.0201284140711937,-0.0192967005300747
1920,-0.0256986080216584,0.0167541375879267,-0.0122040857600867,-0.00331194615800057,0.0109960136126159,0.00852120392554643,0.00018268418595133,-0.000406004257013981,0.0191127500739989
1921,-0.0072765216654876,-0.013487731100815,0.0128058492232119,-0.0176246781221146,0.0140115679550481,-0.00619540249189457,0.0246012102393493,0.00180625621897412,-0.00171717415311519
1922,-0.0154488131168212,-0.0155393309567577,0.00603141904537795,-0.0295581003316944,0.010216996743136,0.056822185534732,0.00590439029654175,-0.00190459921860919,-0.0283751517246742
1923,-0.00863289509954928,0.00240319278557948,0.0335988226720074,-0.0155179859253322,0.0184262209876571,0.0199744603443338,0.0219921459425548,0.0122491601157201,-0.00513317705990008
1924,-0.0126693324197739,-0.021517492457539,0.0137147160028195,0.00778940306826332,0.00214434560948842,-0.00613399895532223,-0.0193514623198028,-0.0188532860078216,-0.00260059490893572
1925,-0.0222689588747766,0.0157472378977484,0.0011792187033504,-0.0111681614467806,-0.017089418682276,0.012980032983897,-0.00352498380652593,-0.0293697827225991,0.0364062300092204
1926,-0.0179297110910367,0.0046535886981585,0.0176079514984187,0.0225465876955462,0.0306973747166128,-0.00857499471166634,0.0195512298582488,-0.0332834121300385,-0.0189312429978986
1927,-0.0115338712703344,0.00248122015039055,0.0258011765581768,0.00405639615994474,-0.0352455033204372,0.00723926410255403,0.00887052719888348,-0.0107311721161309,-0.0163661700565858
1928,-0.0255780893773447,0.00896580282580496,-0.0100378048085497,0.00917858225953869,0.0125471719682883,0.00809534907446754,-0.02874361220886,0.0172554191963108,0.028462315428873
1929,-0.0242233035176166,0.00807416667387847,-0.0057126468355896,-0.00100088978630043,-0.00648781855047015,0.0157996317528451,-0.050073018199962,-0.00821455577191365,-0.0288157488817619
1930,-0.0200293452978494,0.00290469164881687,-0.00134620780143839,-0.00795224229309367,-0.00175194149543204,-0.00434464601474989,-0.0411003411759212,0.0275411233348977,0.0140569621517142
1931,-0.0178227515420504,0.000662792528879726,0.00961145851218651,-0.0117266034582912,-0.00591308554340591,0.0266872792181667,-0.0552605373025328,-0.00449410164811882,0.0144281860401699
1932,-0.021373520601311,-0.00203967291677084,-0.00233696801782223,0.026454905004196,0.0181764915625205,-0.024530138437312,-0.0151407241428712,-0.00872275410881671,-0.00402308346415476
1933,-0.00786963890204975,-0.00533147786814932,0.0246044412979167,-0.0018545046965076,-0.0260159050818422,0.00271309858614336,0.00143901147315051,-0.0162493578029971,-0.00683977383576823
1934,-0.0209436519581661,-0.000121933954204216,0.00814633262395703,0.00732121779812149,0.0193635610780064,-0.00333228717710081,-0.042115225691024,-0.0378890008872338,-0.0189055073280515
1935,-0.0267283909861254,0.0248383466397502,-0.00573312766764,-0.0103975126052237,-0.000839970459663546,-0.00465673886621965,0.00915309169651092,-0.0131116810343985,0.013159398600465
1936,-0.0202691002873934,0.0113129259881686,0.00839610421489145,-0.0221475832300085,-0.00981192390551235,0.00166902339779379,-0.0129706344660221,-0.037382569915369,0.028761272754632
1937,-0.018569488447382,-0.00975448294096047,0.00325622404485314,-0.0419160306115161,-0.0222949135154224,-0.0105263742891204,-0.02200684619473,-0.0421776886832665,0.0441460417618021
1938,-0.019968020082151,-0.00481640706062515,0.00476887824290371,-0.0142007392213015,-0.0247846334890021,-0.00362152813508591,-0.0283122089855458,-0.0509133990109393,0.00222167525471957
1939,-0.00870373279367196,0.00337912839556342,0.0281278830731736,-0.00180793475227667,-0.0296591707078021,0.00771978280121304,-0.0116340379387095,-0.0269922679666466,-0.00421909097725997
1940,-0.0143443197910775,0.00670524117864095,0.0258811283828057,-0.00240425567408317,-0.0232897106921556,-0.00942536462761925,-0.00254942121146574,-0.0324168954809905,-0.0126217052040215
1941,-0.0132527720297999,0.00476798901151756,0.0223490264064522,0.00346327289718907,-0.0270619907806869,-0.0032606356350734,-0.00291394661458663,-0.0382873881179993,-0.0147351365445586
1942,-0.0117129959741271,0.00981388792943789,0.0241641519895848,-0.000414449974234176,-0.0277912977332103,0.00174563530944946,-0.0100928780980016,-0.0352831068858681,-0.0242961426189385
1943,-0.0142759203742766,0.00552394287038271,0.0207987584161786,-0.00873367479476608,0.014468800166766,0.0310949931312974,0.00587552470529715,-0.00362680186353083,-0.00984098764965933
1944,-0.0218120113497461,0.0137174912636484,0.000759254675818383,-0.00420353142711127,0.00247324489228959,0.0208651688442711,-0.0113505212720455,0.020838833912675,0.0267029354185985
1945,-0.0210648060102267,0.0114313685196297,0.0113240079739208,0.0158040672296557,0.0342720633453654,0.017211769163815,0.0113461832513401,-0.0164591190405619,0.018046611629824
1946,-0.0168459027629673,0.0148633232060486,0.0126708151057735,-0.00107200272843937,0.00634778892627952,-0.0265420607814016,0.0206492218912181,0.00672133640485389,0.00416468642753989
1947,-0.00286235858919431,-0.00782137043149178,0.00476198579619476,0.0119913153078377,0.00271186690606114,0.00446506756799939,0.00433998210842315,-0.00671908336188476,0.0033831502836326
1948,-0.00924562189450908,-0.0137097063052465,0.0187260763218601,0.021150851524916,-0.00841030299538198,0.0125321223217768,-0.00936313601503746,-0.00182766862384482,-0.00357654537025261
1949,-0.00269809236542951,-0.0181013570625819,-0.00744983712792314,0.00908039709987529,-0.00868903977991418,0.000321414974165761,0.016341264084405,0.00863721315254909,0.0208639498673596
1950,-0.0199753972519944,-0.0242183337858292,-0.0267344127700925,-0.0162490321970531,0.0107804682679778,-0.0212822063357312,-0.0358496587887399,-0.00400111617933479,-0.00624131810743454
1951,-0.0103784991537829,-0.0338914343156252,0.00275124308221959,-0.0019081163669007,0.00384111585283886,0.00115761541069034,0.00447866708397298,0.0018416886744226,0.00816950258759466
1952,-0.0204689398213638,-0.0274978771396329,-0.0249818263532105,-0.00801175568293139,0.000300842038586635,-0.000998008924631095,-0.0111013944477838,-0.0262197535582777,-0.0365456318905468
1953,-0.0211597193345064,0.0138069457310148,0.00578608673896466,-0.00738540550091899,0.0187242667220788,0.00625946665718819,-0.0244627071235313,0.00633148344520072,0.0286604389900457
1954,-0.020540883366252,0.0139626910578149,0.0128787145992166,-0.000723344288817151,0.00787705039621712,0.00471957075556871,-0.04349686671233,0.0131012006647355,0.0122181651286861
1955,-0.0168483999524495,0.00294009574309125,0.0122942060892029,-0.0182438653160417,0.0166064330260811,0.0338643467186005,0.0149525341029564,-0.0300728978038061,-0.00914243805337175
1956,-0.0180280308320529,0.00535760168310541,0.0127336561923455,-0.0116866746361353,0.0245180068670144,0.0201252981639224,-0.0230873593716826,0.000514127732440688,0.000127317401233517
1957,-0.024756214654706,0.00432769564219793,-0.00853374736761181,-0.00805810154666109,0.0193130254965609,0.0387541072004972,-0.00631909555855807,-0.0178209959803014,0.00397458718193248
1958,-0.0250458085597403,0.00102714484500285,-0.00945459874532834,-0.00588592432292517,-0.00637701267007883,0.0284576889419901,-0.0170057857928733,-0.033868305914242,0.017944165691192
1959,-0.0219003275946271,0.00686627634676091,0.0145981774500463,-0.00372896399553648,-0.00628464826724512,0.042925643971251,-0.0156687852407946,-0.0346077803797254,0.0398903043683178
1960,-0.0232734099322127,0.0113632974070674,0.00199117711889404,-0.00802698655580412,-0.00982486441931029,0.0273201203198668,-0.00816567971023193,-0.0315015602115558,0.0437255442791037
1961,-0.0195064867919541,0.00698885630067871,0.0128738044836916,-0.000141617286871044,0.0209715505378765,0.0398621324963527,0.00506385059809982,-0.0153292170145767,-0.00426493003025061
1962,-0.0133357738913614,0.0033329477382125,0.0212339115398082,-0.00326845768921883,0.0261697716604722,0.0311784864889766,0.0184035033793795,0.000777112691834825,-0.00622084168666372
1963,-0.018701344873786,0.00963324863351682,0.0162379974687942,-0.0024076912633563,-0.0081880565154761,0.0266471031213136,-0.00849860067162946,-0.030606905132025,0.0477137444263807
1964,-0.0248482565461552,0.00993880488752614,-0.00215000919542609,0.0122340456152813,0.0106932054319605,0.0168307463367503,-0.030022300682695,-0.0126018383899747,0.00902820799572423
1965,-0.02222053700403,0.00948132229736631,0.00112049257930792,0.0145432581319572,0.0187339956991625,0.0170723980053629,-0.0217694987220169,-0.0172868234258734,0.0191273665216485
1966,-0.0192060589858162,0.00739415058528067,0.00795122755029499,0.0105181156770823,0.0205484020954837,-0.00959892856546172,-0.0192424588300952,-0.0380236622418749,0.0119158215132074
1967,-0.0177898737501797,0.0170997384386298,0.00100791544895391,0.00159902311921652,-0.00416719910872854,-0.0101629436509954,0.00670860804498667,0.0220953185650696,0.0206089105260489
1968,-0.0120141048541203,-0.0021407235297754,0.0249513173252113,-0.00706546424773036,-0.0302157273480685,0.0122839629413701,-0.0189607345061614,-0.0197370075692187,-0.0182212073240305
1969,-0.00792330289137138,0.00215233032210666,0.028889290163341,-0.00674443268386715,-0.0205266857533751,0.0242653660582475,-0.0143140438539499,-0.0209570649105672,-0.0100065938801478
1970,-0.0257305340380576,0.0059946672857755,-0.0138335705879663,-0.00599853682989449,0.0173681073573594,0.00851903003751715,-0.0284172603792241,-0.0154233522769591,0.0178134816887624
1971,-0.0157677125288778,0.00120927228626454,0.0126496645805065,-0.0140163332494462,0.0355905183423848,0.0194842284288656,-0.0318396133149287,-0.00965178518248093,-0.0128177539132378
1972,-0.00832371940930712,0.0031885815192257,0.0193284668075524,-0.00580692154450179,0.022730272456582,0.0175754691965004,0.022447230074261,0.0224993036916497,-0.00495680235364561
1973,-0.0111843690530766,0.00850864888939322,0.0155635049829728,-0.00817495907459321,-0.00726319433042851,-0.00641835086399536,0.0114765899732576,0.00694854463818724,0.0222855306988304
1974,-0.0134622521561099,-0.00203724687094458,0.0149109896449997,0.0185621032490681,0.0259737441254418,0.00110480679472508,0.0125550400860385,-0.0289650626592162,0.0188379143917858
1975,-0.0178141957826721,-0.0109809436995373,0.00433199870862112,0.0303589201165622,-0.00373482830300462,0.00887739104711742,-0.0421036882929147,0.0124742849058872,-0.0161567816159329
1976,-0.0063827655250319,-0.0103926954492688,0.0153686841577427,0.00209819566516539,0.0200714607706789,0.00175882577183928,0.0101784114532567,0.00722811162374455,-0.0124129492234955
1977,-0.00756503282853741,-0.021476501915426,0.0134671459848974,0.0104651834060758,0.00313646309370756,0.00101890366907808,0.0204254987008231,-0.00475975288738154,0.0236240206177922
1978,-0.00608441284573054,-0.0107724272527656,0.00659887863000062,-0.0012175620731495,-0.0281791740042559,0.00528519366113437,-0.00309536490673655,-0.0110296159734125,-0.00744652501751115
1979,-0.0179746762718138,-0.00711803647087392,-0.000820636910896091,0.00983933798434364,-0.0471594955298198,-0.0051490753578527,0.00190654255409968,-0.00655706519339117,-0.00715666608472004
1980,-0.0264397333401736,0.00450082511391519,-0.0235988738204522,-0.000202325787027708,-0.0285879836184742,0.00388344060784926,0.0174792054726583,-0.0124319340751907,-0.0226934256695842
1981,-0.0232433364348509,0.0138862350312055,0.00644496308375893,-0.00220004361994421,0.000335708850664049,0.0328659694081967,0.00336241775785277,-0.0299421359350479,0.022109579763635
1982,-0.0109916444361324,0.0060837571830761,0.0205210156644087,-0.0089503815001572,0.00165257954359426,0.0370284837497028,0.0122385859053485,-0.0134784362544343,0.00695535002474539
1983,-0.0132618496372281,-0.00184479339975348,0.0147412891465444,-0.0126687400172496,-0.0160393420191645,0.018209958326594,-0.00809781026658492,-0.0125624091219966,0.0022252027694154
1984,-0.00507989290291263,-0.00919138077293503,0.00597737127659354,-0.00578847988598665,-0.0117867762070274,-0.00134757153194044,0.00368248984632485,0.0209726763454045,0.00444531550382195
1985,-0.01429210028425,-0.0195346850981704,0.0118968193674919,0.0280049409496103,-0.00957825238258562,-0.00625589262351465,-0.0124560689247969,-0.00622401678820514,-0.0351031394689864
1986,-0.0165938071483254,-0.0029017782741984,0.0260510010757396,0.0416745909575018,0.00165762634061317,-0.0285640649852034,-0.0201129130740048,-0.000422114060454324,-0.00364832919493364
1987,-0.0218749873998383,0.0228533318840218,0.0127261048011365,-0.00548777052472107,-0.0235934977676788,-0.0079407427180637,0.0132461951588259,-0.0128226025767989,0.0271411087781582
1988,-0.0126948778782169,-0.0126786853843311,0.0177082725482185,0.0193762643521372,0.0347997133454899,-0.0175208172718089,0.00713231321613608,-0.00671230670439457,0.0252010130034443
1989,-0.0117695679898103,0.0120397765808376,0.0321805928166303,0.0114589830016754,-0.00257714584775122,0.015733105664808,0.00176702416254522,0.0229504331288011,-0.0118722226748998
1990,-0.011001252436818,0.0192429679555776,0.0297891978758384,-0.0100427655681213,0.000308520371304885,0.0050066009306691,-0.000974420463124378,0.0301622016623859,-0.00990903156106167
1991,-0.0172427302911375,-0.0237820478724857,-0.00867366423357883,0.0302112866132101,0.0195969686373363,0.00765357540815132,-0.0223276131522206,0.0125128162565212,0.0250859543881659
1992,-0.00226456670918818,-0.00407439035926501,0.00461074164274228,0.00377751039629492,0.00766628090482491,0.00297897151248158,0.00494315373147478,-0.00302547327295961,-0.00170783281719852
1993,-0.0149880005044615,-0.0157830057668948,0.00353648337975082,-0.0255254482551106,-0.0260116078645865,0.0327618936827265,-0.0141232928964071,-0.020265527863327,0.0729270398447646
1994,-0.027214647135438,0.0185004386993287,-0.0140679515084703,0.00044861971515816,-0.0148381125771568,0.0201762965719527,-0.00406828335119148,0.00432826284353506,0.0247851459064791
1995,-0.00748433059393269,-0.0230328282568685,0.0136087106651484,0.0166082343180943,0.007561725615188,-0.00422930300903738,0.0221720263985929,0.000675634322455732,0.0281660774256641
1996,-0.0204988363746882,-0.0178155613940511,-0.0153507314399395,-0.0166593919839565,-0.00357809635684584,-0.00013239147519017,-0.0130618753832909,-0.0117441642872895,-0.0324713593749834
1997,-0.0119971577186571,-0.0232683269788501,0.00846032032597119,-0.0152648491163056,0.00409281641904984,-0.0051741447654141,-0.0158804278325565,0.0130162150399703,0.00480316567108359
1998,-0.014988555522859,-0.0229432826791422,0.00265462462708214,-0.0237589011707079,-0.00988639214671429,-0.00339758072876271,-0.0113177895597324,0.00172068922579889,-0.0255591758064154
1999,-0.0106906464508856,-0.020418199930804,0.0094356764313644,-0.0258176519412075,0.00614109523595056,-0.00667712980541224,0.00954511304971032,0.0140539769053248,-0.00732582660883272
2000,-0.0119416266056535,-0.0221602806643669,0.012369192526792,-0.0212964555767317,0.00729406317548046,-0.0157127395096969,0.00798016750876143,0.0118402147249603,-0.00302245153603902
2001,-0.0150424373135523,-0.0240797068897003,-0.00792962171064009,-0.0250743452065667,0.00152992689259104,-0.0159797207341267,-0.00540261803994428,0.0292451771210926,0.00802656601640206
2002,-0.0121139525671607,-0.0336001630924843,-0.00862475376109583,-0.0322745054317673,0.00182083028652602,-0.0202363231664133,-0.00184934228807314,0.033864153783826,0.00636241143795907
2003,-0.0195162343055488,-0.0192204336913712,-0.00906226176766674,-0.0306961361950897,0.0152517951905085,-0.0104385666531623,-0.00715259105200211,-0.0063397848848432,-0.0194370684797586
2004,-0.0164083410784243,-0.0218064158547056,-0.00885891572946123,-0.0277560540282926,0.0100933779128465,-0.0166035598585592,-0.00180770357720675,0.0152373105640604,-0.000560966207753231
2005,-0.00832132204873169,-0.023404808723957,0.0140380515805412,-0.0136987801756095,0.00544377615838512,0.00197946000391173,0.00820811621113091,0.0184476195856909,0.00925306594381111
2006,-0.0264382438573654,-0.00652002815651625,-0.0318849813445396,-0.0191912988212859,0.00158593515937848,-0.00275911261812867,-0.00455702612728169,0.0164094538305225,-0.0161470201701794
2007,-0.00918754489725774,-0.0298958569232827,0.00795567113949558,-0.0172253323339058,0.0117103438198253,-0.0131962861052959,0.00879470540604339,0.0271837834872156,0.0121743562989164
2008,-0.0162966562070406,0.0103408333597104,0.0122875452044581,0.0187792052100741,-0.0154522685084795,-0.010657892989451,0.000207301081713262,0.0401586588339597,-0.0234420931817998
2009,-0.010493490761184,-0.0145946563201939,0.0180556581052693,-0.0107919595856569,-0.0216143200150185,0.0105139279255706,-0.00422138117964691,0.0115949846283996,0.00942578647046312
2010,-0.0116938419118833,-0.0101075598564355,0.0223906055418917,0.00726674452660455,0.00347977418817519,-0.0147261147280991,0.00731687926392493,0.00240869377735489,-0.0199745843563046
2011,-0.00449328651985872,-0.0157294832420352,0.00475491227706999,-0.0011177530104081,0.00404770648884466,0.00706447220707695,0.00615028274197176,0.000662209046638854,0.00574592224498874
2012,-0.00386640594095281,-0.0109558062850304,0.00766379956280829,0.0132462361724786,0.000795193723148878,0.00644400370328295,0.0115376462671571,0.0011315793490222,0.00911394838684556
2013,-0.0233802997852212,0.0209104666747051,0.00497358839524894,-0.00691070233100192,-0.000239965952896483,0.0131049671071979,-0.00487784791222317,-0.0246226297261462,0.0372562113777929
2014,-0.0307850424693669,0.0239766155606486,-0.0168762532701199,-0.00117144526106552,1.09533168544137e-05,-0.00753249670162451,0.00737919501006154,-0.00787207483215183,0.0146713508148565
2015,-0.0131143797059508,0.00983152855216938,0.0337981486780048,0.0108354377434249,-0.00348225393320916,0.0149238395204999,-0.0228995325907562,0.0225616185918277,-0.0199978570064916
2016,-0.00607185487263324,0.00123291711358181,0.0255331113359371,-0.0130849382850548,-0.00545521992349052,-0.0185880604116298,0.016729717773679,0.00911110399980032,0.0195984095853114
2017,-0.00597193233778375,-0.0130860050618856,0.00452842841530497,0.00470042480250034,0.0139014431730866,-0.0165386833822164,0.0232907387681218,0.00537463146464635,-0.000284911701273318
2018,-0.00109589290070716,-0.00208216464390028,0.000838893020634376,0.00509532655073344,0.000273972335375828,-0.00124592418790017,-0.00504372627012364,-0.0025220199040425,0.00541120279033921
2019,-0.00330340124922101,-0.0086990238243761,0.000713898180541385,-0.00864638691360827,0.000466062166973886,-0.000990432749603948,0.0153968505100839,0.00145221262111062,0.00150711280730788
2020,-0.00760985318084472,-0.0246985882567686,0.00231704936050136,-0.0197215448887171,-0.00128459607314316,0.00987919639547927,0.0209009105948746,0.0103124343489945,-0.0141723168582116
2021,-0.0193346330996722,-0.0190377881836387,-0.012311014179009,-0.0353747803725012,0.000389622842579006,-0.0209463254360581,-0.000541212082825212,0.00161447369207229,-0.0267840966099054
2022,-0.0180889499226875,-0.0346028245763117,-0.0245293979250784,-0.0323373683224179,0.0103539433984533,-0.00370462814663044,-0.0107612388149514,0.0262306005255754,-0.0022993819065239
2023,-0.015088522995037,-0.0287796773518754,-0.0079311094475111,-0.0403151492076016,-0.000895664179980792,-0.00593427785764355,0.00126467394393704,0.010042319846202,-0.000454713541809235
2024,-0.0103363613508335,-0.0278605262096717,0.0032918183052958,-0.0200486286106355,0.0121565981764277,0.0139960652692824,0.0162454605043481,0.0240233676162885,-0.00474679994692939
2025,-0.0170791646994402,-0.0289366632351739,-0.0187513767138925,-0.0306758203283474,0.016344518645791,-0.0049365577862124,0.00354471758345441,0.044573152326314,0.00236548402694652
2026,-0.00471573137024907,-0.0130454900428833,0.00766151050862075,-0.00869358580811287,0.00145921602463601,0.00100614370401846,0.0139835778914793,0.00697509306916678,-0.00223266160180328
2027,-0.0177932758039427,-0.0311503620672414,-0.0234378193960182,-0.0323841971243438,0.0219509726798157,0.0179886833676815,-0.0136621886593826,0.0341868915230323,-0.00689776384398436
2028,-0.00556711152517374,-0.0192018758671557,0.00732762305727674,-0.0102998211417596,0.00264785475653894,-0.00230014531188627,0.0136918279244642,0.00828921994541803,0.00210868222316158
2029,-0.0122153783575339,-0.035058581806163,-0.000690120599122992,-0.0306275549131775,-0.00481900149608461,-0.00477000538082674,0.00250268035349182,0.0218810077443547,-0.0116530782815549
2030,-0.00766846549624853,-0.0287196703384044,0.0100741897641693,-0.0153920205588537,0.00577086781547783,-0.00903483002350462,0.000127335868593685,0.0129129841777995,0.0125633262514574
2031,-0.0181069548504237,-0.0265915709296352,-0.0134569263652709,-0.0202702456655614,0.0108597724531927,-0.010955020131034,-0.000991058566657271,0.0114954447971322,0.00323151197534264
2032,-0.000220684940175283,0.000169186032000486,0.00116272803889978,-0.000247046148730963,0.000304407836041643,-0.00041193959801781,-0.000122491237205195,0.00145730044883531,-9.8979084459078e-05
2033,-0.00107885007603097,-0.00396862904752464,0.00227412652493766,-0.000977409314079699,0.000649286352003215,0.000495034481331168,0.0037791176118058,0.00155553483915264,0.00183653524090807
2034,-0.00668658082122772,-0.0204370519852456,0.00676584050060592,-0.00981137854534089,0.00622070727644465,0.00708591307985434,0.00983460543019938,0.0241509523718343,0.00886636030861822
2035,-0.000220684940175283,0.000169186032000486,0.00116272803889978,-0.000247046148730963,0.000304407836041643,-0.00041193959801781,-0.000122491237205195,0.00145730044883531,-9.8979084459078e-05
2036,-0.000646678696247173,-0.00168334140469543,0.00118258691865331,-0.00088036031881452,-0.00040648164736169,-0.000404025939352338,0.000296978351338987,0.0012350432464844,-0.000653548571258553
2037,-0.00435703099377613,-0.0145976794738687,-0.00145779018549738,-0.00808105851143397,-0.000742787343390067,-0.00195847798565727,0.0114552603966274,0.0182839310841277,0.0160965502931866
2038,-0.00624337806279921,-0.0172633450540247,0.0101002660912926,-0.0056007367909346,0.000234228668487822,-0.000719987445463911,0.0115621518424387,0.013794467302433,-0.0050529383854745
2039,-0.00237454904317235,-0.00852002232795167,0.00337958842239078,-0.00398845010361934,0.00080771926492604,0.00387262453166612,0.00606976677223877,0.00704477945573786,0.00339615307469837
2040,-0.000521849524017455,-0.00187143025658431,0.00239827905443911,0.000881089404116556,-0.00160204024745409,-0.00109072124069608,-0.00109960166337303,-0.00204385870016714,0.00258260079999572
2041,-0.00954003101048477,-0.0278196214754691,0.00608153867355923,-0.0107429367214277,0.00801911003179456,0.0046599531888648,0.0152744587382895,0.019719730406016,0.0133025416011265
2042,-0.0202946531777901,0.00579910361207129,0.0120179866705779,0.0278817066655038,-0.0051444529027646,-0.0276908568758403,-0.013402042066996,0.00701868680488882,-0.0275031033935185
2043,-0.0179850144978256,0.00473930041666938,0.0163950546721075,-0.00812186660059599,-0.0400719072703974,0.00891893897729029,0.0151651971880124,-0.0283750743710567,0.0175943801202517
2044,-0.00141445937959187,-0.00306749787266384,0.00333348974695391,-0.000354674666110741,0.000742180653128549,-0.00026750399526007,0.00604817131553065,0.00365132375779538,-0.0004487134055368
2045,-0.00262078705736284,-0.00546182872483806,0.00719192583681791,0.00226301977764874,-0.00250213719282479,-0.000114796371233846,0.00247932326166403,0.000240478421960543,-0.00137934192412333
2046,-0.000156724906980753,-0.000314478992220089,0.00142516627546166,-0.000175214978578274,0.00097497540966538,0.000690643888176615,0.00171585110252821,0.00100564589614611,-0.000830819098135944
2047,-0.0200885612462508,0.010618254089942,0.0151309198873219,0.0226207597195463,0.0210792201864458,-0.0127154106487452,0.017339119499971,-0.0222002268303056,-0.0420406302783109
2048,-0.0137901090356482,-0.0208632269077986,0.0151849069974634,0.0159845096839417,0.00845075599102542,-0.0162446733040099,0.0120249177563559,-0.00626681314405511,-0.0256863368159216
2049,-0.0147204190704797,-0.0356264273240681,-0.0220893349831019,-0.015649398752858,-0.000587494165574458,-0.0087803812133471,-0.000193117625978506,0.0119358658131638,-0.000633863533371823
2050,-0.0160485836769263,-0.0328301724508879,-0.018131266333728,-0.00626222006389063,0.00336132755711321,-0.00783447243766499,-0.0236491132539393,-0.00154342005614131,-0.00172651110375184
2051,-0.0198057205850599,-0.00570902621691706,0.00370985643613056,-0.000466632662503762,0.0171369934522067,-0.00680546910904335,-0.0441650072993377,-0.024725324228415,-0.00178359312990227
2052,-0.0143168388412217,0.000241228177681753,0.0177585893095018,0.00117234831824225,0.00170967030704751,0.00647009608244868,-0.0425407667366501,-0.0236169007305016,-0.0169852890133554
2053,-0.00337871158822545,-0.00552078154096968,0.00947885602338109,-0.000363305267850904,-0.00304527747806882,-0.00511077099404138,-0.00212933690040388,0.000334349280301108,0.000442978682302914
2054,-0.0254314160509899,-0.000108322989646473,-0.0212089234771066,0.0121119465015534,0.0137550230055761,-0.00267535188315178,-0.0262765695541651,0.000187571071362958,-0.000544684257184386
2055,-0.00172668835999948,0.00050826461676547,0.0032016532785923,0.000889470909830649,0.00537966241582613,0.00242598972487179,-0.00824555412278591,-0.00219332782485249,0.00790479534781971
2056,-0.0207954450805885,-5.90232431889173e-05,0.00250297745758058,0.00203606364694797,0.0331943599213736,-0.00212987776321702,-0.0343263826355439,-0.0192539690340327,0.0166541478941754
2057,-0.00617329178696083,-0.0140580989635031,0.00885640959582138,-0.00142099299475475,0.00479964453620901,-0.0072926532128872,0.00307251255441644,0.00354394932150378,0.00742504612759965
2058,-0.0193379594349208,-0.00263333544969089,-0.00566221166325664,-0.000221041584839499,0.0194006710355083,-0.00152805852258409,-0.0353644300419665,0.0211262266642312,0.0219506900565541
2059,-0.0284808546767056,0.00990225193892738,-0.0179377849854741,0.0122835956964944,0.00957295334474685,0.0123506740882728,-0.0218421340432712,-0.00468018499233187,0.00468626757517952
2060,-0.0162856808921979,0.0080511070386566,0.0315723341218741,0.00969941832792334,0.0117412537251995,-0.000920259267466235,-0.0314487899189385,0.01574236162706,0.00996498583266732
2061,-0.0123554517165885,-0.0210022366930239,0.0168401063422963,0.0134517167148151,0.00271372914323546,-0.0030675793387653,0.0173228576023266,0.000647351268644583,-0.00710557543997186
2062,-0.00140242791656768,-0.000986782995813113,0.000376600630557925,0.00086797535864895,0.00121975633123001,0.0112524423530557,-0.00244115106831053,0.000582559429973167,-0.000575429252602624
2063,-0.0148252760491373,0.000164430457409012,0.0275302767201746,0.0145800735125882,0.0204538037571212,-0.00166273725068169,-0.00912929642060338,-0.00504527996264339,0.00152654292549593
2064,-0.01491808163667,0.0132039598055155,0.0204576961447044,-0.00351151437629339,-0.00161432368246195,0.0199257939765729,-0.00353095776391878,-0.014771291965457,0.0391218103187613
2065,-0.000440278110700801,-0.00131980711748269,0.000237943466489885,0.000186168719940573,-0.00115205393423724,-8.80352093016781e-05,-9.47183563537852e-05,0.000171079050762526,0.00059183834036833
2066,-0.0110002036927444,-0.00353723543090295,0.0259383205934091,-0.0119374539167089,-0.00206330856605616,0.00736230617700628,-0.0277262646001927,0.00377258197283072,-0.0163231787673057
2067,-0.0065204587245966,-0.014232473029011,0.0156783295279168,-0.0110214495611186,-0.019280239109857,0.00477072536427002,0.00314627112305375,-0.000429946028171424,0.00401593265391287
2068,-0.00766213490456485,-0.0164738110878616,0.0161250199434011,-0.000682590025382548,0.00133431752626408,0.00156907276256383,-0.00765428036058402,0.00240564843610449,-0.00862064237148922
2069,-0.000583729542821546,-0.000892075559161451,0.00112286669743872,0.00119004078777574,0.000645820922736313,-0.0020837134060559,0.000141754717205263,0.00202994146567576,0.0050496906374295
2070,-0.0139479125124508,-0.000127327801695065,0.0157849215295744,-0.00717644883621412,0.0217462927419478,-0.00918013577827406,-0.0483111286668386,-0.016241219782249,0.0132040695720421
2071,-0.0108948917805233,-0.00189828702596876,0.0235844690106979,-0.00225518729541803,-0.0168698899504124,-0.0293457882828135,-0.0189342272039053,-0.0087132666522812,-0.00631488794201207
2072,-0.0153034199476356,0.00445042947695786,0.0311091019013197,-0.00212598835095942,0.0015034885937171,0.0149991023169576,-0.0586682556685524,-0.00818465435773066,0.0109662275860075
2073,-0.0189775328844275,0.00480756264677779,0.0075919622601373,0.0130479393762939,0.0235694619086483,-0.011053770142545,-0.0409545893760811,-0.0174986817667137,-0.0191025929194776
2074,-0.0148751360409162,0.00606308076789108,0.0308332312767969,0.0116257147431655,-0.00457419849657131,-0.00789008098110502,-0.0166954037600641,-0.0369338731328984,-0.0151967363015171
2075,-0.011437131512305,-0.00848442620756321,0.0214777186084469,0.00391162377831288,0.00963266556566659,-0.00341942850894189,-0.0244581904940591,-0.00927349866263351,-0.0326510287111215
2076,-0.00878207449428439,0.00290070573388634,0.0249110321607465,0.00133363760809665,0.00787577868537462,0.0170282416471959,-0.00613563869014275,-3.49565187005953e-05,0.0054943533773951
2077,-0.0137324828107436,-0.00281024751162487,0.0237593110100107,0.00148306846352256,0.0289583821248939,-0.00359064498366902,-0.00904233178479747,-0.00398971314828215,0.0181257973619036
2078,-0.0121438794774012,-0.0149835734941535,0.0214014453684184,0.0201700532811468,-0.00418286606307125,-0.0326403730196886,0.00195818341493243,0.00846220347593851,0.0174712187859405
2079,-0.0292324180985812,0.0256501349253464,-0.0116401476340239,0.00703388883362947,0.0140494491067834,-0.0155060851867485,0.0145080674261323,-0.00792438343254508,-0.0149259667091744
2080,-0.0149374671291469,0.00647314367402067,0.0147794632238755,0.0155977152640781,0.0222497588297518,-0.0217710883558229,0.0110406495163622,-0.0188520893007328,-0.0288995608213024
2081,-0.0133537290960399,-0.0139375608259716,0.0236001848966873,0.0248568100385665,-0.0195079850043728,-0.00185869536394499,-0.00952057233278686,0.00694453377249379,-0.00804690338233729
2082,-0.0148577069218735,-0.0177800906399619,0.010631070428002,0.0371623574549818,0.00948488009087199,-0.0310099838319516,0.0216002472231319,-0.00307936634071663,-0.014488321249121
2083,-0.0232878246644404,0.0223658884844559,0.0103106708378029,-0.00574103136825998,0.00290599482197797,-0.00910379386843193,0.00481525091705298,0.0119380435820692,0.0345500507344236
2084,-0.0133400758344615,-0.0081669237356679,0.0223746309896467,-0.00581931249705525,-0.0360025663963616,0.0230000088409644,-0.0237812280562595,-0.0029050609278344,0.0448103337881452
2085,-0.0141421656747081,-0.0297782232653485,0.00161968090274006,0.0278031088387129,-0.00172345039642441,-0.0124475254302962,0.0127332930364023,0.000550967809981719,-0.00487764040002985
2086,-0.000156724906980753,-0.000314478992220089,0.00142516627546166,-0.000175214978578274,0.00097497540966538,0.000690643888176615,0.00171585110252821,0.00100564589614611,-0.000830819098135944
2087,-0.0242065380338072,0.0165189028807987,-0.00105984389209975,-0.00490451125687952,-0.0122893936477461,-0.0236835981806856,0.00602748126247545,0.00551591571365326,0.0296510334560081
2088,-0.0121356316665153,0.00905728550286911,0.0285543049655518,0.00717379843012374,-0.0221410614151091,0.00823390630289006,0.0192313357574574,0.00267649385410338,-0.0238492649755076
2089,-0.0175089726356867,-0.00157689927059678,0.0124860197227253,0.0257383995056935,-0.0177402138151244,-0.0313027514645469,-0.027018179694279,0.0242339426838559,-0.00214829035745185
2090,-0.00631110217362687,-0.0104386344661218,0.00935444906726583,0.00593999936353268,-0.00452082112836633,-0.012288149718867,-0.000204981216913233,0.0188175837741791,0.0126351540264329
2091,-0.0204956639273856,-0.00107731188437311,-0.0101383402070347,0.0317247459767965,-0.0183468683127174,0.0273270359731168,-0.0303193761403019,0.0227236170285492,-0.00988573709251859
2092,-0.0104414256818817,-0.0255122997970374,0.00098926703777726,0.0149588971656796,-0.00683821254058291,-0.0144286495670369,0.00971852661501548,0.00744832874091775,0.000620520068940075
2093,-0.0118873191144872,-0.0354585842921618,-0.0126100608981224,0.0170786880966947,0.00422140785541955,-0.00333662954430709,0.022106664991952,-0.00230563724987064,0.0195206141952946
2094,-0.011900884365564,-0.0376612756541634,0.000509271226806811,-0.0133904568250048,-0.0133433833861934,-0.00667242858944951,0.0126302639894837,0.0164441657928218,0.0156158836459173
2095,-0.00827625390085745,-0.00785912077444306,0.0167500143377613,-0.0266556364779924,-0.0031429425773355,0.00625361070398602,-0.0177879406763675,0.014889699690172,0.0021237710556949
2096,-0.0151559095901358,-0.0139584130611783,0.00179737096821065,-0.0545341044707296,-0.0252542294433178,-0.00859450962637228,-0.0083561197765201,-0.0120710339144277,0.0147825719263425
2097,-0.0237368034029577,0.0098950271210811,-0.00231453414710955,-0.0225543405243453,-0.0285557970726591,-0.012024602329723,-0.00823058514962222,-0.0315664427707878,0.013885062458702
2098,-0.0290243293431586,0.0101614959550197,-0.0274640582096591,0.0198464994184415,-0.013399760860623,0.00556260974098018,-0.00352738952408496,0.021764911021374,-0.00325246188685346
2099,-0.015166380077311,-0.0204795382629667,-0.00444231177079197,-0.00165857747525937,-0.00718337962708873,0.0043707331004229,-0.0324464449333582,0.0200880470263616,0.0213584741034329
2100,-0.0283580563239926,0.0162726671025762,-0.0211917430825144,0.00924497161164518,-0.0118487037190506,0.0243704175745644,0.0140145727958389,0.00307401860701738,0.0142071920931235
2101,-0.00690768349613067,-0.00632564156993229,0.0171360256369902,0.0165696686289305,0.00296576586700547,0.00286681090695209,-0.0100226832227926,0.00763932064592599,0.00942077399516028
2102,-0.00833960347230087,-0.0217495386006022,0.00260638389004,0.0118236062078551,0.0150993439194014,-0.00920234447562098,0.0196200952314662,0.00412855020071831,0.00106698700364184
2103,-0.0257740658414492,0.0177454750217188,-0.00785360693454099,0.00409772465483207,0.00277669337392122,0.011571437365582,0.0102954077530301,0.00614021375523304,0.0171461926224105
2104,-0.0159632014750562,-0.0201895372285975,0.0192405266395982,0.016971912254364,-0.00443447384632344,0.0204080710036791,-0.0125828549266383,0.00549302082915363,-0.00924083299455579
2105,-0.0104964266532302,0.0140620958265621,0.0259852997268293,0.000649277804715788,0.00682636960270364,0.00970003726817042,-0.0120975001076019,0.016397787654863,-0.0225538017515257
2106,-0.0187396987741114,0.0114279594098022,0.0149160714685467,0.00443243080766949,0.0203029996265782,0.00655446886218719,0.00798292679521603,-0.0421802140123164,0.00975828452300496
2107,-0.00383826889487426,-0.00440418546069542,0.0139217967545737,0.0044713997551225,-0.00463216597983683,0.000419159331442067,0.00564318216099248,0.00125728550426889,-0.0114226184622329
2108,-0.00297812475165904,-0.0083655968264943,0.00722895785590445,-0.00638582561479914,0.00946840091720764,0.00574265697725489,0.00168320682108762,0.00731396477671452,-0.000854202452727495
2109,-0.0261519357686894,-0.00280470413282244,-0.026672184575989,-0.0178865630857605,0.00045804790430077,0.0284294401895324,-0.0228160639651654,0.000305368372170957,-0.0132501946002079
2110,-0.0200616298594452,0.0053669375457445,0.0117292018534682,-0.00633256335130379,0.00302343724456252,0.0144933561810873,-0.0667775153603357,-0.0118834388056335,0.0026297873666815
2111,-0.0290998047899581,0.0240881434827561,-0.0157903980061535,0.00360702209568264,0.0141719356385686,-0.00168755612008412,-0.000296559950682066,0.0161006007718437,0.00901473150512303
2112,-0.0195084493087768,-0.0263908565968206,-0.030831073128789,-0.00680087135351057,-0.00368691518260294,-0.00398401270767119,-0.0101043326475316,0.0156737442811896,-0.0310775051061781
2113,-0.00520192040114998,-0.0160382619587887,0.0063927888080937,0.00657531996492436,-0.00709146906066438,0.00621540103311381,0.0104351614219994,0.000139878621338455,0.00570377160802157
2114,-0.00922770104663407,-0.0244798192946934,0.00930297580979008,0.0269021242811556,-0.0150910515074675,0.00743364272623458,7.08643327368458e-05,-0.010387568626727,0.0066002934695578
2115,-0.0100816569697944,0.00478734312866056,0.0286049962921835,-0.00484700376245832,0.0117919641439049,0.00249242000395953,-0.00222541812869555,0.0227700371176283,-0.0106672795148832
2116,-0.00883911755880494,-0.00464653245471571,0.0221809634326425,-0.00663908235910147,0.00177993028619746,-0.040476748969171,0.0092040260046111,0.0129466968942854,0.00591292895591423
2117,-6.09288640669299e-05,0.000572398835069069,0.000313591178740511,8.11411031367898e-07,-0.00109563978702805,-0.00373646921784408,-0.000807028620423281,0.00604324233601379,-6.61574029880317e-05
2118,-0.00168829512425757,-0.00635262351163465,0.00283979239948377,0.0055375275785194,0.00189881826332406,-0.00855090239895509,0.000147524250651587,-0.00323454550583444,0.00464092287389924
2119,-0.0225095684359448,0.00380930753499453,0.00552867850582738,0.0286306035237704,-0.00696934163047543,-0.00254385735058157,0.00887047193470202,0.0355958630638622,0.00276661324259302
2120,-0.0209598469581038,0.0106869809761412,0.00336792098232904,-0.026050897901987,-0.0199352645657742,-0.0171951179080806,-0.0123251088021376,-0.0293685328225829,0.0290006775442416
2121,-0.0228204854312563,-0.00759374281197204,-0.00940670190342914,0.0048785400104697,0.0277446825964476,-0.0204428836023397,-0.0288375008885448,-0.0241821161507373,-0.00243359100554244
2122,-0.0263662559984421,-0.00418082401124898,-0.0221314674447884,-0.00519438435675623,-0.00325616928667022,-0.000800849147058993,-0.000541797548556883,-0.0402008895843386,-0.0241384807931545
2123,-0.013959226040016,-0.0211094215433726,0.00537504746826166,0.0126396231776412,0.00338885338219721,-0.0210649167207918,0.0298761488345534,-0.01848260272109,0.0164381542528139
2124,-0.00905626081413674,-0.00334652887582694,0.0240038207771625,0.00701620043393335,-0.0306378844419138,0.0214020478344923,0.0105339935169107,-0.00303692755894298,-0.00444075375784504
2125,-0.0146699293768517,0.00260356570275794,0.0198534520720007,0.0135097882294067,0.0390870061106796,-0.00104563942372498,-0.00319309632312034,-0.00733620205952282,0.0236212793303104
2126,-0.00428370614387758,-0.00814755861396212,0.00960068333393968,0.00258828593906725,-0.0065755617433565,0.00272991531433734,0.000842171351991359,0.0072141562583069,0.0019393282018537
2127,-0.020747702723279,-0.00935620307734617,-0.0116998337861623,0.0344118221814534,-0.0388761485631037,0.0031987359018653,-0.0307332132566115,0.0277405801833573,-0.0247503414596933
2128,-0.0159074425460885,0.00294719667799637,0.0210401841903983,0.0176759619475397,-0.00980162017491604,-0.0311633017224041,0.00383842697294091,0.0119163348804078,-0.0117373983921132
2129,-0.0285382209700327,0.0189426150680233,-0.0155523911953853,0.00965204816334744,0.00431009835274366,0.010056559528446,0.00605796904798293,0.0121947834271048,0.0149560292052713
2130,-0.0145831213479402,0.0124842872990726,0.0244433483818452,-0.018156006854415,-0.0140526727070269,-0.0232436398447465,0.0186895969125192,-0.00648366097921563,0.026353952896529
2131,-0.0128262095196144,-0.0354426919952726,0.00217996455495885,0.00748973150306527,-0.0115931683638712,0.0119783804377866,-0.000134979050058335,0.00931602402042835,0.0205453267326824
2132,-0.0342384951341683,0.0276074722575599,-0.0257656786178106,0.0121285525583526,0.00231672136839496,0.00918816246439073,0.0118900707232934,-0.00919818495087837,-0.00840170439655454
2133,-0.0140436957076496,0.00606256618998305,0.0278995894641113,0.0126686319944559,-0.0288877079349248,0.023456132812817,-0.0290689880123128,0.0144668812726563,-0.0135911481823185
2134,-0.00508407565735092,-0.0100564738200743,0.00932850311353982,-0.00266217539955855,-0.00596568835556273,-0.0281607503774738,0.0111193569641902,0.00580180593773929,-0.00169598781598642
2135,-0.0112717701301575,-0.00398248196316762,0.0268160163350287,0.0024773500561372,-0.0337660835415465,0.0109661162919046,-0.00727859551900452,-0.0189221596717469,-0.00145342192564562
2136,-0.0117186326425811,0.00418234648899106,0.029917507424154,-0.00121150227597393,-0.0356852971360432,-0.00263749884343759,0.00548502048467254,-0.00679853218159747,-0.0032454911516122
2137,-0.0300190525798051,0.0207590184258551,-0.0108834308516858,0.024112412136519,-0.0117907659597235,-0.00190467195394341,0.00136180157459108,-0.00106316630205684,-0.0290743060027676
2138,-0.0187284056307399,-0.0289830264054261,-0.0105127851771183,0.0182747310475659,-0.0222842030345759,0.0168589813086126,0.0128513315984738,-0.0256368742407863,0.0140131124806988
2139,-0.0147940842096428,-0.0165797476048396,0.0115282515814504,0.0306810772730032,0.0171032470240554,-0.011590137909428,-0.0287110197590019,0.000831764255745772,0.0159639712417548
2140,-0.00365672829539167,0.00101584111544889,0.00893380009883272,-0.000334078062595505,-0.00916666775306475,-0.00870928281020197,0.0121182021126032,0.00734730572261971,-0.00252925040717916
2141,-0.0264389794677728,0.00332864157995746,-0.0258272973261046,0.0198696779537867,-0.0126458120425949,0.00379158218806346,0.0071334946207627,0.0233556207810516,-0.000405708727847342
2142,-0.0176007983355562,0.0119765137459653,0.0202663232346245,-0.00332869973341315,0.000211952650318708,-0.031624845494431,0.0116757666409656,-0.000262250130498885,0.021413573248905
2143,-0.0158980864944702,0.020717728437857,0.0241190724420989,0.00728959248485861,-0.00112733196005052,0.00911097894478678,-0.00978488264906065,0.0203821063854331,-0.03875958849085
2144,-0.0313384096154235,0.020188192480624,-0.025089135404579,0.0142932855678898,-0.0021126992883195,0.00329497365135506,0.0167328856039523,0.0135476717623965,0.00219812340890208
2145,-0.0139296581887073,-0.0145609732634084,-0.00188806713113729,0.0327589412348193,-0.0201478721790333,0.015209225105628,0.0014176904934635,0.0459898152087677,0.00563273361742156
2146,-0.0113677923652573,0.0131601053989458,0.0213028870383513,-0.00393609320884477,-0.0187415007923528,0.000784086692177834,0.0358336420145,0.00907367812991915,-0.0174147141618807
2147,-0.00783762223741697,-0.00384784731030099,0.0224740533273159,-0.00365820110378756,0.0231677798634066,0.00743111652310521,0.0220158516460205,-0.00435284275368293,-0.0195761458337864
2148,-0.0204131599872503,0.0126848051190334,0.00942235338496469,0.0133161270254506,0.0189575242197715,-0.0207149260827398,-0.00397690244728036,0.013046053345117,0.00301655288365018
2149,-0.0103007865998401,-0.029414881272078,0.00451885764462002,0.0145978105935484,0.0156833721313216,-0.00392834641765704,0.0124869608697478,-0.00267570268606969,0.0122868417914757
2150,-0.00570542065592472,-0.0124985193272738,0.00977583020735106,0.00176031609706633,-0.00990859683300251,0.0208474740296541,-0.00582307627391406,0.0174639352996696,0.00955666030154309
2151,-0.000673811186093521,0.000578523052024695,0.00116555173788183,0.000106242771310526,-0.00107517125067093,-0.00190288363134174,0.00106811415261206,0.00399548812768852,-0.00222088528389288
2152,-0.018725299987973,-0.00580884290673733,0.00329136776352156,-0.0231119384038822,-0.00515107052689518,-0.0323673296526957,-0.0209151808961011,-0.00585474090523098,0.0224463462788613
2153,-0.0112416853478241,-0.0312499737927379,0.00218038152492833,-0.00716819869236888,0.00706936736131234,-0.0130149441093016,-0.000836097939307695,-0.00761894806968408,0.00234772504234407
2154,-0.0168720936534662,-0.0085390998359229,0.00433417945601218,-0.035633828280461,-0.0156352901193509,-0.0140345869587952,-0.00993562488350863,-0.0350197465790366,0.00250609487724996
2155,-0.0150947823411421,-0.0125874994418169,0.0196327844786832,-0.0248545354431747,-0.0145484127346353,-0.0437572529492656,-0.0203136698207199,0.0120004288680351,-0.0062978645796264
2156,-0.0211859212184077,-0.00946160249028688,-0.0154757065499632,0.00949535390592735,-0.00616905092606372,0.00342991746686707,-0.0334738484916114,-0.0141561166615038,-0.0239677244294151
2157,-0.0177793169034476,-0.0182421631167616,-0.00827383269527606,0.00660266553692488,0.0100798116936003,0.000991469706019612,-0.0315165365669629,0.0221514785084114,0.0424394311349866
2158,-0.00608956053785917,-0.00726086371542627,0.0256526253073311,-0.0111698927738144,0.00175648233498909,0.0111178514090612,-0.00165318715183464,0.00968221212880718,-0.00073910428116516
2159,-0.0144621821149005,-0.0442085985397288,-0.0263735734177758,-0.00746973319967206,0.000423685109169586,0.00535688599941887,0.00797062317680075,0.00676443508669437,0.00162764998000291
2160,-0.027407747678786,0.00790592087447597,-0.0208916990569929,0.000742962600917979,0.02014586290082,-0.00529096251344317,-0.0173888103757711,-0.0149352800709575,0.00726366683307771
2161,-0.025963002976944,0.0254778472447957,-0.00153727128578226,-0.00114182527639024,0.00648833653194298,-0.0179115087914607,0.0223940328114451,-0.00406211492714713,0.0176551739732047
2162,-0.0121141060561826,-0.00161997787864701,0.0221444979579614,-0.00473197193039066,0.0122351912263547,0.0440400585457347,0.00272293680653079,0.0160801885861619,-0.00485727183202429
2163,-0.0303147474552491,0.0242738922535538,-0.019612698181807,0.00465428320982066,0.000688626572048254,0.0196394374702465,0.0175354214755838,0.0113828289757099,0.0110969465229268
2164,-0.0126045727869772,-0.0143306296243241,0.0146007165470631,0.0233934033765417,-0.0096115097942036,0.0178882299092111,-0.00698742553156975,-0.00109899454635089,-0.0207792020838651
2165,-0.0205266722779269,-0.0275672831698867,-0.0180048551600877,0.0331159554143112,-0.000569613228218114,-0.00379010727417164,0.00424488794944475,-0.0379225513308957,-0.0195260701360901
2166,-0.00294446523194566,-0.00636166314762648,0.00975069527434598,-0.000617079282537478,-0.00392018945939196,0.000370757955898854,0.000254987858640081,-0.00169236088098134,-0.0131272673374926
2167,-0.02908882929749,0.012963345114688,-0.0222077805698856,0.00853918442548107,0.0149390434372823,0.00369126422378499,-0.00215257862493133,0.0018318159942757,0.00618648743030252
2168,-0.0165600034328644,-0.0365000959340322,-0.0173827698553261,0.0230914309967308,-0.0219874068679697,-0.00687310345336257,0.0144058528966787,0.00242110582574444,0.0213899296451888
2169,-0.0151533871213198,-0.0173378434374011,-0.00147258456168966,-0.0180951915275138,-0.0210641879474982,0.00475048255913423,-0.0443626182175686,0.0171268577191235,-0.00537635154734147
2170,-0.00828333504389138,-0.032358378703716,-0.0081665745615006,-0.00532893338863001,-0.0201967366863952,0.0159076026829728,-0.00414441347378453,0.00497894094129147,-0.0060210981194829
2171,-0.0161494814507303,-0.00647328436434055,0.0126275684130412,-0.0368082049411992,-0.0324373070603122,-0.00173989768273954,-0.0183243363352817,-0.0219252588161985,0.026781528666231
2172,-0.0106727436443356,-0.00148098633801182,0.0285680954750055,-0.0316330212242121,-0.0316853461164252,0.0118655771972807,-0.0132796975009084,-0.0143518713501705,0.0147373451253764
2173,-0.0112091834979705,0.00183876260865997,0.0231119314999173,-0.0387483234695297,-0.024937354358615,0.00537604678804627,-0.00160776470353402,-0.0219820376299864,0.0233085042701373
2174,-0.0245033836340472,0.00393939541648996,-0.0168881601698158,-0.0304192598241211,-0.0154906103918444,0.00784429258933732,0.010617828268384,-0.0175483065673353,0.00754662797272533
2175,-0.0159080555506371,0.0088377710942178,0.0160379167152204,-0.0181116229609453,-0.0105992447576227,0.0014944964403137,-0.0106395724136049,-0.0360467343076635,-0.000714850274011483
2176,-0.00599496601185571,-0.00270893773146729,0.0208182958766057,-0.00936156093232729,-0.0117599852191233,0.00917244754202327,0.00383375791123233,-0.0128584670058577,-0.00711300638568632
2177,-0.0221760808510654,0.00787469532207696,-0.0184932962003001,0.00584235650410633,0.0108407293438219,0.00565866230821518,-0.000739311706613743,0.0273161280007252,0.0209695259019345
2178,-0.0164398254911468,-0.00436762195518924,0.0212414090691136,-0.024062034539484,0.0105738511016972,-0.0338280062494382,-0.0263450983197324,-0.0237617166550869,0.0427127760161611
2179,-0.0229683497169683,0.0141832019278192,0.00158192821396225,-0.00317836484526042,0.00798724903267041,-0.000953440723751924,-0.0509926920613344,0.00209787733150494,-0.00116346041744414
2180,-0.0143864770611733,0.0117918806657558,0.030343784362004,-0.0109682026125266,0.0198987584606059,0.00354534364968404,-0.0494188086998091,-0.0110559403307432,0.0144655550596072
2181,-0.0118722225284316,0.0120487471321554,0.025559128825431,-0.0249151378752199,-0.00240025379675812,0.00242914325210293,-0.0162515339778711,-0.0166353653995392,0.0108213408285835
2182,-0.0138227975725471,0.00393889972614086,0.0294034771163146,-0.00790991349694783,0.0166829648753578,0.0059149549102141,-0.0369796892104072,-0.0104059435513417,0.00221259538581511
2183,-0.0164029922582283,0.0099431515234296,0.0208557208420902,0.00152041275574055,0.0150941780751447,0.00497034906606706,-0.0213832089748529,-0.0118801382974468,0.00487800953271857
2184,-0.0176890833945184,0.012322744597977,0.0223058510630402,-0.0187025562830937,0.0110011504377589,-0.0225203289308576,-0.0179367130426558,-0.0185956205111328,0.0370255371145413
2185,-0.0112949484329311,-0.00384285204974072,0.0307730784146474,-0.0278405259870781,-0.0355482658912682,-0.00600801154749434,-0.0149757374211578,-0.0307965814707272,0.0154225725680708
2186,-0.0166922259732919,0.0130722453215376,0.020965433431338,-0.0129546926919823,0.00626419328853738,0.0134109304321355,-0.0283251435665137,-0.00336587190339229,0.00440591018155075
2187,-0.0108682662327221,0.0134147855887123,0.0300350080715004,-0.0106447650660287,0.00979827692180506,0.0161748395299259,-0.0166526592679787,-0.00819643517217088,-0.0111429543335056
2188,-0.0107115624898591,0.012305817313545,0.0208591502862763,-0.00863584958603016,0.00679375686921201,0.0121059608380512,-0.0124437732065567,-0.00264695365056989,-0.0145945564698636
2189,-0.00828040197669243,0.0105035611289022,0.0289000536551643,-0.00578256585865386,0.000930502072132477,0.019446849902953,-0.0152038409915742,0.00139528142497328,-0.0114216849645158
2190,-0.00776131612012303,0.00991141992770861,0.0235009169972908,-0.0110071500294191,0.00678707681583911,0.0192292772473483,-0.00740639342053789,-0.000789361444851796,-0.00795992120456664
2191,-0.00684868370982457,0.00863676504613663,0.0238494797977203,-0.0143366268354844,-0.000691174736341091,0.013292920169098,-0.00811904560163373,-0.00148765004834051,-0.0137523771300177
2192,-0.02478351487928,0.00696755001775881,-0.0208323653765183,0.00879554075305915,-0.00138026401722503,0.0208632029611704,0.0217537110111545,0.0163018746296137,0.00341464957815222
2193,-0.0125421134912482,-0.0030814441237327,0.0196112646065907,0.0119164424283432,0.0178863259266622,0.00183229734374954,-0.00767126888386556,0.0184641827025111,0.0108034854088908
2194,-0.00803972974181724,-0.00519423663937043,0.0216678415806214,0.00526577730576246,-0.00467266553516361,0.000102967701305759,-0.00285829931223025,0.00392404407513938,-0.00836304287233354
2195,-0.0139565053930397,0.00811703410617626,0.0213348111548744,0.0157283624427744,-0.0116985745755458,-0.0155418508361839,-0.0320617777560527,0.0172423362376277,-0.020527888099375
2196,-0.00667724886782826,-0.0178937427729404,0.00347913981980968,0.0201702664408534,-0.00652133503716215,-0.000233548102070384,0.0107072869572806,-0.0158006657105964,0.00260841821693453
2197,-0.0156703089000344,0.0119612630751317,0.008864993701369,0.00780743632304872,-0.0176019193747697,-0.00288285134028453,0.0223605694575417,0.00405900960381009,-0.024181911778268
2198,-0.0229613189862651,-0.00319248218200847,-0.014214037665398,0.022950562620165,-0.000376634777436651,0.0015521321744037,-0.0203874583806531,0.0404894094065472,0.0221316634057796
2199,-0.0275681942355508,0.0134284919334246,-0.0169756362577064,0.0142732565997933,-0.0181497300482709,-0.0120095632081881,0.0152284432829364,0.00982129819240842,-0.00710775203110645
2200,-0.0119256689354165,0.0152203340498668,0.0157554573843908,-0.00126294256055213,0.00884479526050095,0.00584471481682914,0.0158199266407244,0.0427346268364404,-0.00271053424854125
2201,-0.0232322348516143,0.0209571145311112,-0.000464453251732902,-0.0113467583355197,0.000883822213776953,0.00228338789907797,0.0271683477635899,-0.0270038165813052,0.020933867448933
2202,-0.0264976592336868,0.0236164618443386,-0.00982314485722405,0.00482921961907577,0.00759833267052619,0.01835605694645,0.027999796064268,0.0127473937838988,0.00799738739546665
2203,-0.0267523865083906,0.00595275687996736,-0.0235519527261467,0.0195059722015608,-0.0262121476368008,0.018269746819707,-0.0251828910226934,0.0233045856671988,-0.00614754984591977
2204,-0.0327805293006498,0.0242277973113634,-0.0268729576329648,0.00693194242310648,0.00623214857917406,0.00769097976711707,0.0190359831485658,0.00999215860926408,0.0163187718579278
2205,-0.00875912904116704,-0.0231976976883778,0.0163937796798706,-0.00867377098665656,0.00945860913765418,-0.00686098436704154,0.00470560717006275,-0.00175234042777896,-0.00471879407328829
2206,-0.023587908781985,-6.88910406892172e-05,-0.00813667507234844,-0.0208985582501707,0.0274663773343874,0.0128296278847922,0.0148341468554233,-0.0356085606239673,-0.0308964378406454
2207,-0.0132710713845835,0.0133493374395559,0.0253514991114762,-0.0121124291023168,0.0113973366753365,0.0331214854719362,0.0206426571082998,-0.0136986369309277,-0.0279019145838978
2208,-0.0108186486231896,-0.00971482581821497,0.0243061459665372,-0.00956629486592119,0.0140638726902359,0.0127588001086977,0.0106166514495569,-0.0111761865604094,-0.000594662137603063
2209,-0.0206965964891862,0.00429042815176234,0.0026406115783252,-0.0351645098354404,-0.00559020074034102,-0.040659274732265,-0.0133926944313119,-0.0123393473312117,0.00636424501346308
2210,-0.0160430264243118,0.0193138572266967,0.0210001057354646,-0.0125223782314164,-0.00185290672585292,-0.017921529404143,0.0030172405912704,-0.0165872727986164,-0.00964228532301369
2211,-0.0206750449288713,0.0115090451719361,0.00879077080533319,-0.0257363745969139,0.00348683924494884,-0.0315163599147905,-0.0208247911076478,-0.0217584920850865,0.00284778668165929
2212,-0.0119576009600893,0.0185911309083933,0.0253538906782563,-0.016595813208561,-0.00170239789806936,-0.0157218945002501,0.0112152471963744,-0.0228648768894916,-0.00813341782491471
2213,-0.0204550411156756,0.0166295995761742,0.00792029124476466,-0.0102534996240245,0.0218721980943572,-0.00434441707443789,0.00219313537037681,-0.0147476404056733,0.0280764102795244
2214,-0.0268779427195704,0.0191802009516384,-0.00919525592162095,-0.00802053216973523,0.0167362111374887,-0.00193975173196099,0.00162711775995941,-0.00466701463509431,0.0234726249102127
2215,-0.026610578203276,0.0191912326492479,-0.0116973345576312,-0.0105573420554492,0.00848468477954913,0.00167868227917007,0.0147442405419844,-0.0142019392595706,0.0194586800586943
2216,-0.0136103540884259,0.00831664204215975,0.0198452023347375,-0.0195671948338057,0.00633088293544782,0.00908903182384161,0.000728898867697442,-0.0125515573327849,0.0162533714259152
2217,-0.0196165709486844,0.0169958572653657,0.00899834418573616,-0.0172813559342099,0.00622009692027905,-0.018538701119983,-0.0160988909336525,-0.0215851321696567,-0.0072230166686972
2218,-0.0167768155766551,0.0161078536978277,0.0159095858353672,-0.0104561014765504,0.0076043572294348,-0.013964452972863,-0.0111096551141342,-0.0277959725347534,-0.0217957117727736
2219,-0.0147833676034237,0.0221445868947264,0.0226303652291789,-0.00453580256693663,0.00588791286231282,-0.0117851330375376,-0.00552328511814409,-0.025680226816041,-0.0247826389771726
2220,-0.00990717463295097,0.0161568094196383,0.0248267789934717,-0.0129683086814001,0.00308097044468028,-0.0157975356527876,0.00975191692678981,-0.0161118906392174,-0.0167546092034451
2221,-0.0207073482848364,0.0173833163686924,0.0138673716761199,0.0110848649031057,0.00025805022007915,0.0305401142877371,-0.0184936797416353,0.00863839822367013,0.00652156007958054
2222,-0.0194260386866977,0.00672310042299723,0.011513484602033,-0.0266579624856204,0.00587299962770307,-0.0180056850219341,-0.0271785857700032,-0.0302749268550357,0.0460377614977959
2223,-0.00653219283857507,-0.016128509246505,0.0163862467153339,-0.000643581447388969,0.00321692414679557,-0.00792082438249613,0.00688905420799061,0.00293558365686842,-0.0079853369756607
2224,-0.0170411178282177,0.00732796864466495,0.0161122342097725,-0.0118247092872405,0.0118920182891279,-0.0134028172519714,-0.0550897903976576,0.010769912142253,0.000980488429181288
2225,-0.0116004861865237,-0.0239937835773203,0.00318273841814172,0.00633018369658341,0.0287757416410919,-0.0115320292544074,-0.0132994732970344,-0.000476281394966244,0.0173307230794964
2226,-0.0139366332465138,-0.0100167236932353,0.0198993625495843,-0.00273102724737299,0.0120190692982576,-0.00442604951597997,-0.0526296163227084,0.00620360431931458,-0.00339708726937921
2227,-0.0129071595223904,-0.0225780449746384,0.0164167811444634,0.00342264398551449,0.00444574626458284,-0.0174021878033002,0.000505540854722342,-0.0120875684271539,-0.00460068242423643
2228,-0.0218909816636336,0.011510603072261,0.00712901938698439,9.28150175645754e-05,0.0197617719701612,-0.000353673231482201,-0.00896299243358799,-0.0308698322934042,0.000170117903654673
2229,-0.0155248015374192,0.0152080306457842,0.0183696313692155,-0.00958736100529943,0.0146493228709134,0.00341888704272709,0.000998508457764592,-0.0177786675517173,0.0132682807713033
2230,-0.00964233836614373,0.0105565418886971,0.0289534707550804,-0.00892818656877966,0.0138479596838557,-0.00114235180811643,-0.000317832185058326,-0.0227774712572025,0.00533606116779063
2231,-0.0228813228441812,0.0229792750676946,0.0102722780176125,-0.00403423530171494,0.00718558581855312,0.00490696191594023,-0.0192452623840762,0.00116656555356659,-0.0107297554083186
2232,-0.0221367718997722,0.0173876313029075,0.000824169662735789,0.00615346253031022,0.0343851560122917,-0.00417467125248826,0.0146079430024882,0.00119557509314966,0.00613429379831644
2233,-0.0138483946208596,-0.0198078989201062,0.0213116447994075,0.0212580502286271,-0.00426137198016328,-0.041966754746974,-0.00628021612065591,0.000383870555134206,0.0112937944578157
2234,-0.00832748962755006,-0.0157484710144928,0.0087461370599522,0.0165869860574244,0.0162775310268532,-0.00648778255299342,-0.00388928700532217,-0.00393891537093846,0.0183650570119255
2235,-0.0262554212090544,0.00899642513853192,-0.0294103725862373,0.0125346053849608,-0.0239553264303296,-0.0140051614355632,0.0201620677474154,0.00799492243014848,0.00431946306813395
2236,-0.0167662996968196,0.0122865685763355,0.0141890526953538,0.00341344064054676,-0.0248070328037506,0.00986481883517205,0.0182533901600751,0.0291952498833575,0.0132766885359371
2237,-0.0131448775475265,0.00359725079484808,0.0299169216283173,-0.00250442800247962,0.0106104230443183,0.0161475374757473,0.019358265860543,-0.000161130136911315,0.00211699973949765
2238,-0.0146443671390939,-0.00657445052623821,0.0113531278333464,-0.031422048834089,0.00184863917075416,0.0251673226685749,0.0305107364477546,-0.021494158985461,-0.0216574773713453
2239,-0.0194875096542208,0.0232487782241817,0.0110394133943639,0.0105034945372482,0.0286472308143424,-0.0108771922801203,0.00340550929085343,0.0250981963952936,-0.0129339187727325
2240,-0.0150248098865084,0.00253664701082819,0.015726112457798,0.0234558906054258,0.038330171303691,0.000654681724824395,0.0156507430916507,-0.00622295786398019,-0.00846326223270864
2241,-0.0237898355614633,0.0140384770109106,-0.00881432186184894,0.010885910901421,0.00333411752755684,-0.017261123693185,0.00374546995016274,0.0406758813158001,-0.00551531044329148
2242,-0.0148447316240796,-0.0171674670107931,0.00678859324749971,0.0280280222904581,-0.0153356972713122,-0.0043177707724437,0.0190511614520173,0.0450680161966348,0.0103155510452416
2243,-0.0138283573352929,-0.0124437808257964,0.00991662450565397,0.0188255302169266,-0.0113815907442647,-0.0192585304491237,-0.0259168748719751,0.007808165157852,-0.017038585163954
2244,-0.0164057690634093,-0.0118394851710661,0.0148171544114369,0.0155420540793552,0.0403956508097943,0.0158346472269926,-0.0214294674436619,-0.00899065579398414,0.00441448016602659
2245,-0.0143137474231525,-0.0251036164446274,0.00429364379154662,0.0264321157036668,-0.0126835169764272,0.00132358275230002,0.0183918217274775,-0.0121934252523558,0.00391340664736242
2246,-0.000443721850136057,-0.00166009326728074,-0.00189301896722102,0.00305127882242487,-0.00316830080875879,-0.000549351066046305,0.00115943501262044,-0.00237508851230793,-0.00676655026044836
2247,-0.0184675870430383,-0.0160742879019551,-0.00895990989070611,0.0274107864989902,-0.0233289105637383,-0.023323166991962,-0.00036243350418406,0.00458846290687894,-0.0307022860711026
2248,-0.012927833837764,-0.0146408118026407,0.0181257926854271,0.00711956593402172,-0.0122544679499168,-0.021923119308901,0.0047402329681417,0.0100292987871035,0.000592381763825675
2249,-0.00962139518573922,-0.0181654199381624,0.0106902781580116,0.00289055485869515,-0.00657756809398965,-0.0230397731641776,-0.000250132965606252,0.0209995846511274,-0.0112999264626965
2250,-0.0167550506653309,-0.0243255569606211,-0.00654242277471127,0.0338723883056114,0.0085818855002742,-0.0019034317086771,0.0121339653750446,-0.0275199707383956,0.00653111589524366
2251,-0.0177671700706846,-0.0104900326684583,0.00703536969804625,0.0410501709728544,0.0186500745352535,-0.0221950171862717,0.00950256459948042,0.00610627340446846,-0.00117992941977361
2252,-0.00320167316770033,-0.00768309089843369,0.00219615412925752,-0.00452804751801961,-0.00734554232233752,0.00313170348837793,0.00241092690962478,0.000386359272319041,-0.00978086611424443
2253,-0.0111921626373541,-0.000391066883188648,0.0315509014881983,0.0059012331100111,0.0213506291852516,-0.0112123855977136,0.0065439437849843,-0.00383553302345528,-0.00204131028345104
2254,-0.00888484144976035,-0.0066660096266771,0.032568169587624,0.0120520980242858,-0.0106378243457556,-0.00961372130722822,-0.000144197778161162,-0.00193855944359046,-0.00392105838994135
2255,-0.0173925002406916,0.0143870742735955,0.0210431306662766,0.0154027271253777,0.0103956179797019,-0.00791966874276498,0.00112513794047185,0.0170986471532366,-0.0184699124052456
2256,-0.0118422354881662,0.0103236507063079,0.026134705650502,-0.0118937962346573,-0.0119699739246823,-0.00723260281452081,0.0161621692703684,-0.0100209979013276,0.0100134681623811
2257,-0.00500433742954755,0.000236580031937154,0.0163410586346986,0.00335824000971847,-0.00112291879430342,0.015798993068095,-0.0016036169901723,-0.008677996914879,-0.00667245656098851
2258,-0.0108413709829653,0.010440416507185,0.0248725904307424,-0.00633306989833644,-0.0110520798412308,0.0101499299253181,-0.00225587531275951,-0.0195219530057836,0.0158691727123069
2259,-0.00895809826338103,-0.00526421274014091,0.028270168717584,-0.0044842941740498,-0.0359340870949429,0.0164883604370048,-0.0142926758508906,-0.0206114969061449,-0.0182253335708842
2260,-0.00314941182551735,-0.00221726948455708,0.0112015253706042,-0.0127550308102289,-0.0169832364454545,0.00327512421615341,0.00653033569531189,-0.000848350757282707,-0.00463823826377133
2261,-0.0176038693288908,0.00225468076573064,0.0123506710586514,0.000629799636657986,0.0202951725992061,0.0282098879191366,-0.0249942588066324,-0.0300632826480286,0.024886160683684
2262,-0.0202832850129311,0.00226412570848931,-0.00405964515429088,-0.0273836703974928,-0.0209201432247652,0.00570916707607204,0.0182731276252084,-0.0346623436835468,-0.00744986391299388
2263,-0.0246495336816432,0.0151484906453691,-0.00932338711047693,-0.00386090074500284,-0.026079026950594,-0.000819187897986778,0.0133608314189208,-0.0219189820361675,0.000629266282229196
2264,-0.0113760726998086,0.0103928307593387,0.0222288931192029,-0.0101146174959804,-0.0239643353539856,0.00682363291744524,0.00775276142052475,-0.0225101012207269,-0.000464100414915726
2265,-0.0185246790949299,0.00759617628129398,0.0142258526572044,-0.022477055282278,0.00934041726646695,-0.0292571029861526,-0.0473264643512022,0.000487163701201295,0.0314961837082375
2266,-0.0115747064429183,0.0104955518723203,0.026204913550875,-0.00969477355305209,-0.000536484288468895,0.000849626564584821,-0.0272848679208484,0.00675319657139798,-0.0209551803814226
2267,-0.0141139919222793,-0.00526556328899972,0.0116940333844187,-0.0186206964080881,-0.0456523611547078,-0.000116110272039341,-0.0231048361343044,-0.0335838178714156,-0.0130516525814218
2268,-0.00953873079745902,0.000673330816328304,0.0180399012399283,-0.00429617628132125,-0.0424581609922672,0.0071439452319022,-0.0137616322142295,-0.0105920868590117,0.00117385122689049
2269,-0.0067230039669634,-0.00691724147740533,0.0198168684770533,0.00144854406694753,-0.0291547077553688,0.00903445457418034,0.0090138364313576,-0.0126603640069672,-0.0201677643983167
2270,-0.00650395799346977,-0.00413847872406662,0.0130706810319537,5.97481965001105e-05,-0.0252566636704873,0.0164289078020024,0.0023177019332138,-0.00320939997024574,-0.00178797079710877
2271,-0.0205506533449118,0.00244873063394887,0.00472172340086538,-0.00652740127323648,0.0223856876143136,0.00622756890208148,-0.0487809214764625,0.00547098285226708,0.0255856025407532
2272,-0.00255174368147441,-0.00229385245570622,0.00806331880840626,-0.00292553737921599,-0.0126867024309428,0.0109541575498568,-0.00419287930372949,-0.0188897371726307,-0.000499257850762466
2273,-0.00657242705744087,-0.00987780000212204,0.019771380078088,-0.00205133459235808,-0.0220215576332511,0.013422617098964,-0.00347279729965724,-0.0150474725074429,-0.00995416848602284
2274,-0.00544454076246652,-0.0131236309393361,0.00520406066631463,-0.00521806907853385,0.00388719350270405,-0.01436453804393,-0.0106154123480627,-0.00837660624138632,-0.00416906454442822
2275,-0.0228252305308639,-0.00794147090683431,-0.0103580694661138,-0.0110826847135953,0.0123914295300438,-0.0387396079380841,-0.0435219040241423,-0.0237782464936454,0.0381782773227117
2276,-0.0154805007598712,0.00928849904128336,0.0213416070522218,-0.00768451005612475,0.0331029555386496,-0.0085695025002635,-0.0139560921601999,-0.00406833760947761,0.0528328116301268
2277,-0.0202929135577357,0.000878215982771098,0.000258807950143815,-0.000469927920640887,0.0247418677126818,0.00310702322098575,-0.0313351244271531,-0.00346633645491506,0.0176366112451596
2278,-0.0234490033003503,0.0177991388648566,-0.000724481317119773,-0.0180428744265444,0.0158263269831226,-0.00255651144181126,-0.0106993269389841,-0.00387241635289923,0.0197224148002073
2279,-0.014454434671353,0.0144637130735224,0.018864869845085,-0.0204203721988854,0.0119485458384173,-0.00394876528495729,-0.00175695430904399,-0.0112179555157399,0.0142103347099103
2280,-0.0122268176740298,-0.00334684929098203,0.0260714170809891,-0.0151036127854173,0.00808117061617081,-0.00270737476357072,-0.0227830156170212,0.00843520976412313,-0.00899740217293372
2281,-0.0130991204784985,0.00827603078102061,0.0195825179275911,-0.00124754242958573,0.0227141142107276,0.00403776141010386,-0.0185441789123972,-0.00743318416538716,-0.00357426915502523
2282,-0.0213116581659888,0.00374685034023586,0.00127622063659052,-0.00334641836902586,0.011880130122584,-0.0267649688673655,-0.030817563233791,-0.00649740778685211,0.0125042249087204
2283,-0.0140388360625372,-0.00943215057431654,0.0127711539631694,-0.0241384851622986,-0.0187481279243864,-0.0539765013445794,-0.0140006444995146,0.017874130192386,0.0108327932923159
2284,-0.017309601288176,0.00590975391834922,0.0190888761403635,-0.0247271675556426,-0.0025931893211363,-0.0278181553939691,-0.0248007962608521,-0.0166169717571539,0.0209514205636884
2285,-0.00808187939622483,0.00349570421858183,0.0243405131981772,-0.0150649017800734,0.00554446911440137,0.00448390058392333,0.000863177999327789,-0.0157745967626871,-0.00821777892598295
2286,-0.0202461886943731,0.020052878783816,0.00859892061536655,-0.00587432439315892,-0.00785372939539426,0.0260088643408216,-0.0272605252231203,0.0051894307980167,0.00124427387999868
2287,-0.00784583141888401,-0.0134209053042552,0.0129100578106634,0.00997120456205919,0.00100974666032594,-0.0168840715065899,0.021479740856149,0.00812451244563539,-0.00133675847932479
2288,-0.000403156534658297,-0.00356310784234409,-0.00319160919913234,0.00547062770168302,-0.00447623105001373,-0.00612319461888529,-0.000856331547860735,0.01088207733557,-0.00946724099912457
2289,-0.0100954293981141,-0.0319898897889715,0.00296956780929948,0.0255948590121163,-0.00609265424875786,-0.00140743502107167,0.019022577920021,-0.0162444052524541,0.00853792366861108
2290,-0.0102117540412428,-0.0222949288079421,0.0133439735441185,0.00436142921477898,-0.0125533725927973,0.00896724542041715,-0.0175585493303757,0.013982694600218,-0.0115285674656875
2291,-0.00905758384902092,-0.0222379572061651,0.0117442898494164,-0.00116831824915186,-0.0208796202203382,0.00933793063974849,-0.000952741877603763,-0.00669308853884975,-0.00375647115132585
2292,-0.000156724906980753,-0.000314478992220089,0.00142516627546166,-0.000175214978578274,0.00097497540966538,0.000690643888176615,0.00171585110252821,0.00100564589614611,-0.000830819098135944
2293,-0.0200438990477929,0.016955974968007,0.00773186763470699,0.0135647768385267,0.0132333092957293,-0.00582962780094563,0.000817749191551509,0.0457637562054736,0.014384013474295
2294,-0.00210214137178757,-0.00795192774705231,0.0058332333620879,0.0048193813559083,0.000783640235250093,0.00476737480374253,0.0115437333025793,-0.00027025716920102,0.00667778052078106
2295,-0.00257635390603575,-0.00266392827112672,0.0066939451228474,-0.00192998915924698,-0.00876418451330875,-0.00794558151990675,-0.00104499096166957,0.00503351160434025,-0.00207134100285284
2296,-0.0136850865646496,-0.0336391478077395,-0.00498780699939244,-0.0115697452360472,-0.0306622197571142,0.0125910308066691,0.0105737541174527,-0.0039954554565618,0.001128883644685
2297,-0.0241783600966376,0.0222365643356661,2.32162835013872e-05,-0.00156750313486944,-0.0118079053916859,-0.0178975625284581,0.0080034758397553,0.0290456235535292,0.0150447680296539
2298,-0.0136394857048105,0.00492091982824852,0.019301500993724,0.0225445080733456,0.00707559305802789,0.000834211310669658,0.00908693342900714,0.0586590682007394,0.00940557716204627
2299,-0.0165497198947891,0.00578379353095215,0.00943015485911414,0.0177565437301874,-0.0121471118103839,-0.00322449822903542,-0.0384985111371734,0.0471070725156955,-0.0163973386920589
2300,-0.010077884249649,-0.0361376910352228,-0.00218682088609866,0.0161245905132371,0.00897012867178352,-0.00219931533428489,0.0265683660707387,0.00228480132955821,0.0183443075670409
2301,-0.0125976928990511,-0.0215016403285383,0.0132305643683454,-0.000802425707834946,0.00766951372084168,-0.022352349067931,0.0308263509955649,0.0270105415127778,0.00622991008557325
2302,-0.0144629581576659,-0.0206468658448587,0.00341902319320615,-0.031636523336083,-0.0393627162085159,0.00225481671292569,0.00169115160494837,-0.0160917773856828,0.0414291919861817
2303,-0.0186815550132728,0.00896469803418654,0.0188320966898625,0.00470972821948669,0.0326788177710684,0.00594223554161143,-0.0179931443546505,0.0166125459362662,0.0117128325319353
2304,-0.0131757037100763,0.00520013707100574,0.0174823915240019,0.00644073362932442,0.039667379828658,-0.0258243257500636,0.00545283269525648,-0.0132779840889899,0.0125946445288066
2305,-0.0101883837267025,0.00922216383559856,0.0283680685260491,-0.0112023079237566,0.00099470693920204,0.0182677497017452,0.0200408926620739,-0.0010935694582025,0.0192728283976719
2306,-0.0129459914581923,-0.0220284577574324,0.0161794377497254,0.0101279926440739,0.00200346501652816,0.0367734017677218,-0.0157816537865808,0.00938881971770485,0.0176889483566626
2307,-0.0120863725185992,0.000292674111275829,0.0212950618438952,0.022986346132673,-0.00216022067567291,0.00766892382686972,-0.0252627968669337,0.0195036835435379,-0.00749699021646155
2308,-0.0311766381452403,0.0254896168934293,-0.0166908699741207,0.00678346009157413,0.014193960295934,0.00062722268382087,0.0264729043662621,-0.0152256484995219,-0.00367422996036211
2309,-0.0277967962382108,0.0228175126537719,-0.00891312261276983,0.00770604506177178,-0.0145877728001756,0.014010376521273,-0.0109138485804389,0.0259288633378863,0.00624135392870496
2310,-0.00568123775775945,-0.0266873471555197,0.00178378779782668,0.00324680230395726,-0.0110235143824257,0.017591246182844,0.0169504621824275,0.00309849681603126,0.0113921733345073
2311,-0.0152255250545119,0.00164252356482655,0.017012055328543,0.0202514757912434,0.00163716470906576,0.00433803834112411,-0.033394662689041,0.0137874673748624,-0.0224928873878685
2312,-0.0163773169400312,0.0118170718426646,0.0142121111938814,-0.000894740282028147,-0.0185202408446721,-0.033815682741753,0.00954329283928865,0.0142993928961644,-0.0218502609555126
2313,-0.0150985809874763,0.00230767828110085,0.0245275596908021,0.0246171228401263,0.0426480047212278,0.00976927430974087,-0.0106754485789654,0.000538574578032614,-0.00433854398236679
2314,-0.0117318156511543,-0.0103762044168725,0.0162342309290484,0.0122275090413269,-0.026255022390544,0.000393742201351245,-0.0246282463641221,0.0235257569155384,0.0137161671782241
2315,-0.00675880636566226,-0.0135779146423386,0.0194375458989494,0.00784328202047513,0.00552773744285183,0.0057778929263371,0.00697810383103803,0.00641867135799629,-0.00228755845704811
2316,-0.00232367851112871,-0.00484579008344014,0.00660184537310423,0.00156082643277624,0.00648905395710882,0.00538196292322803,0.00734279454984928,0.0100705512454,-0.000345119660365256
2317,-0.0147960076572703,-0.0298602438493907,-0.00586644982510394,-0.0259396363038685,0.00373602280513827,-0.0212354222629805,-0.0137948015592065,0.0227321399788717,0.0153941496770298
2318,-0.00899002247111985,-0.0322607095082189,-0.00490021025190279,-0.00464565866438088,-0.00132248379199137,-0.00660221240220036,0.0208993269048384,0.00621679111758675,0.0150431071163338
2319,-0.0138247802929023,0.00873846133826766,0.0238811719819424,0.000706909038414299,-0.0324367799360074,0.00600592063110636,-0.00514609346206048,-0.0310340842827072,-0.0255548270510714
2320,-0.00687653071511964,-0.000682263579354461,0.0232300988761885,0.00465242488324834,-0.0273783245660369,0.0110628323496937,0.0141799764589153,-0.00264342644520717,-0.0241015387394792
2321,-0.00641270492763626,-0.00643535576403716,0.0180937122932528,0.00119939275176779,-0.0190631233776074,0.00892742826494024,0.0109207019741706,-0.00811594502723754,-0.00381165873162359
2322,-0.00558430827035434,-0.0010316646271384,0.0192618272930501,0.00509135442898121,-0.0193088171476648,0.0120284548183967,0.0176864265199079,-0.011510686271812,-0.0034611071360044
2323,-0.0150701291826589,0.00357939242227459,0.0169239833238967,-0.011417157943938,-0.0276515733933488,0.0101931940651839,-0.0286055427988117,-0.0207164028751223,-0.0151952992449752
2324,-0.0173526381870429,-0.00285098553981084,0.0154794949410758,-0.0120233565211405,0.0143725717784764,-0.00530447327017709,-0.0761517972433896,0.00757695873489539,0.0028144396495538
2325,-0.0136351651054928,-0.00956460471415696,0.0177154671364885,-0.0301081592044983,-0.0270286568808243,0.00869243660383483,0.00848736173538252,-0.0231501250382094,-0.014887692668991
2326,-0.015878120614439,-0.00470390592375532,0.0101970962616055,-0.0276614686660571,0.0150121492620614,-0.00711398738717565,-0.0264479723446125,-0.0186403757465501,-0.0204886677596635
2327,-0.0123317835143334,-0.00530870717371384,0.00741843827081415,-0.0235555985509859,0.0154605140188129,-0.00846529174350689,-0.0148350515667149,0.00265219688915351,-0.0151115133930203
2328,-0.0104195899809999,-0.000896888635282701,0.0144433199102174,-0.0168509834295324,0.00782997269762106,-0.0114794153279701,0.00269159893462281,0.0085211790070308,-0.0180822325585623
2329,-0.00864290147285403,-0.0114782729150007,0.0165780696957186,-0.00924196109196504,-0.00465949267580318,-0.0144767367437546,-0.00770573473057924,0.00173285814979695,-0.0109739477187824
2330,-0.0152871340813653,0.00369234142105159,0.0133155366779046,-0.0328735131160251,-0.00190726783421438,-0.0270138212921005,-0.00358961363349312,-0.0336064789696155,-0.00527877833252183
2331,-0.0101328728630451,-0.00367020772595345,0.019027296057119,-0.0171239321556977,-0.0247319633816497,-0.00451085153747527,-0.00734427931713183,-0.00791895696047823,-0.00205825748313294
2332,-0.0109958215888523,0.00345784220774703,0.0126615579472956,-0.0232828137090509,-0.0182114238927894,-0.0200089374678982,0.0167627222351429,0.0202601980301024,0.0166342801487064
2333,-0.0196706397939922,0.00207681301050037,0.00438495396164827,-0.0338543708109793,-0.0184964671835824,-0.00873337165380762,-0.0160915278077877,-0.0273976875681324,0.0167746662397771
2334,-0.0212701858391847,0.0102620185181382,0.0038497142613842,-0.0257599578120311,-0.0183792834810722,-0.00469272965237773,-0.00393685791781936,-0.0304607042119045,0.021808592327286
2335,-0.0269957929345919,0.0152387937527964,-0.0136976164063339,-0.0156926284493109,-0.0192769189623907,5.13837714514974e-05,0.00594516276928552,-0.0244044746240224,0.00191943487373124
2336,-0.0139228681372371,0.00171040092685774,0.0191071202777237,-0.0384664296454117,-0.0227923850685179,0.00138307573590597,-0.00561337390770654,-0.0301526307497006,-0.00410188535356102
2337,-0.0137585329312933,0.0093423118125185,0.0200970282115778,-0.0307091563556782,-0.0172307199077291,0.0016401721867774,-0.00616287159957478,-0.0280114576187624,-0.0156753821222197
2338,-0.0143149939859764,0.00352672579392388,0.0160894926041392,-0.034948500629869,-0.023434273162076,-0.00392589311541156,-0.00908759560640595,-0.0342313854795604,-4.00792641961635e-05
2339,-0.0175045144947347,0.00806297379737225,0.0124356664992752,-0.0277650743647408,-0.0166541505605801,0.00734027326325866,-0.00431006156125934,-0.0326443505049566,-0.000838725291774768
2340,-0.00566401695817085,-0.00349972587431587,0.0101191061901963,-0.021409292027206,0.00151787138078843,-0.0147622908523533,0.00994597987757483,-0.00524994357602585,-0.0121860604307383
2341,-0.0116984140109756,-0.000360842457508982,0.02094668624549,-0.0315722884736786,-0.00594788361533148,-0.0181702327188748,-0.00257529639425583,0.00150447230496451,-0.00941098620591179
2342,-0.00697798042441449,-0.0079414090636593,0.0078202582819556,-0.0121485110855006,-0.0024058236565662,2.09224238601747e-05,-0.00334617503380735,0.00808824429434314,-0.00537548822237657
2343,-0.00675537883110498,-0.00339402463749926,0.0143296834021964,-0.0102505097230162,0.00444683609881104,8.21070458315985e-05,-0.00239408723993725,-0.00352967821132129,-0.0160816628075488
2344,-0.00276841417388398,-0.0130886797086273,0.0032022906517392,0.00013311580784069,-0.00963279332611732,0.00614866883059539,0.0202164285183263,0.0024192493429824,0.00676486319833971
2345,-0.0240336925711246,0.0183814444952756,-0.00421666858474143,0.00965850267604219,0.017242082239569,-0.00176769478065002,-0.00150759470963558,0.0264089844858021,-0.00692972744855461
2346,-0.0147385966159898,0.00282363421197757,0.0246032035997703,-0.00411645571751468,-0.0143649541947373,-0.040938906381998,0.000779160349908463,0.0181236403794313,0.0215196970137638
2347,-0.0215230217752847,0.0197150812827173,0.00503945217728402,0.0159919705972452,-0.00780261051619061,-0.00114546738852822,0.00831660993149255,0.0372083421766633,-0.00759135998785355
2348,-0.0275040332563035,0.018277296222511,-0.0122562367297212,0.0189423166583012,-0.0192111988839412,-0.00386887645118632,-0.0179507356847989,0.0455866239657459,0.0114055454451673
2349,-0.00121026794326526,-0.00435282395032349,0.00234573518159426,0.00202280136722668,-0.00229543949827969,0.000549924169118308,0.000735240635335427,0.000705561442401618,0.00212923772587072
2350,-0.00524258576300024,-0.0197528913989718,0.00182174569762904,0.0160781496362081,-0.00379124595944796,-0.00643847989431028,0.0114271220218339,-0.00310627578981135,0.0118740417294472
2351,-0.00639559461774858,-0.0164700154472704,0.013942777847362,0.00732920773653594,-0.00194024293349255,0.00486829741360277,0.00869082400997819,0.00083141708439111,0.00598748183713237
2352,-0.017144993794901,0.00750325256567014,0.00509679897461493,0.0220816410412054,0.00650435384670379,0.00373847976262451,0.0146898992920696,0.054862838793516,-0.012774740025286
2353,-0.00822086449544243,0.00183476488327724,0.0267196456192646,0.00187148945351276,-0.0225791227172451,0.0137715398497983,0.015671890387503,-0.00272906088387023,-0.00477435293312769
2354,-0.0104135769794954,0.008674251828381,0.0280871003644061,-0.0115508476869688,-0.00591599184814957,0.00387700901601128,0.0200206076682295,-0.0130371257646693,0.0225196914317409
2355,-0.0182018055677227,-0.0141230481263249,-0.000934642033606238,-0.0243077010647286,-0.0279792806290578,0.0028523353747136,-0.00298372629192688,-0.0293383673169372,-0.00626300027251029
2356,-0.0162987561143751,-0.018419561554557,-0.00239482056163818,0.0118619424763426,-0.0151405171017592,-0.0238884727310082,-0.0317305889389425,-0.0161758192637974,0.00210062422343308
2357,-0.00668379611999547,-0.00295578034038055,0.0279675727194168,-0.00104307888794331,-0.00462104039725731,0.019289126484615,-0.000382262544302165,0.00931977617929171,-0.0150451625859467
2358,-0.0150059142118991,-0.0110672012635646,0.00734895152066937,-0.0313057503650961,-0.0364962147095264,0.00357977788932177,0.00451664946346158,-0.0154267491139383,0.0059979683590634
2359,-0.0132891410414999,-0.0131580886023226,0.0117246004551176,-0.0310039022069272,-0.0386908826365829,0.00495937738522322,0.00390785473978804,-0.0162706742584539,0.00125807795948492
2360,-0.00862093651712368,0.00439787720891424,0.0154163438024418,0.00226323769754763,0.00684681699510443,0.0138402263097886,0.00651336271510739,0.0354776127719575,0.00501272283594765
2361,-0.000619418798278455,-0.000832009984981738,0.00326485924800265,0.00110155866168039,-0.000640078544975935,0.0033399922389511,0.00277688241094225,0.00201367996281731,-0.000718440574107051
2362,-0.00328330154516251,-0.0100722443172977,0.00823482238833981,0.00438080653101737,-0.00606427449984936,0.00196499413115195,0.0173255441468569,0.00537957679694507,0.00409356002557855
2363,-0.0130005899442519,0.00467672491334087,0.0241978108940593,0.0179823033736667,0.0271924786945194,-0.00160023374137504,-0.000999120755910999,0.014118477443992,0.0091736545379691
2364,-0.00613174888855379,-0.0036875646947896,0.0213328938974162,-0.00554008540965442,0.020822097930849,0.0268147711601979,0.0235554597346717,0.00649411213621576,0.00248129115690174
2365,-0.0149957260546271,-0.00219598218568623,0.0189163395895768,0.0121778939211516,-0.0550976086193897,-0.00878504242614512,-0.0108140843994736,0.0197646138829149,0.0118170888678515
2366,-0.0141813820144295,-0.000164043489470819,0.0258701180341181,0.013176879160073,0.0010866132170726,-0.0416825506825865,0.00244787324892872,0.0136745636328754,0.008234492283573
2367,-0.00573675514364846,-0.0128164231798606,0.00557477754469652,0.00377249664175897,0.00217009164916208,0.0171664650874275,0.0039531877497788,-0.00011988929055898,0.00175942517871415
2368,-0.000699353053273307,-0.00206998938092689,0.00233012455181128,-0.000604012933101853,7.6518739492755e-05,-6.12038059901902e-05,0.00135425901909665,0.000241331081023657,3.91883293584603e-05
2369,-0.0209816233287273,-0.00805115775220383,-0.00440955388881575,-0.0144725452647689,0.0330606660918429,0.0246337039049375,0.0274672566964046,-0.0381742509291632,-0.0115873957693305
2370,-0.00796724714795188,-0.00221992360655003,0.0187342461376749,-0.00546777389115933,0.0103793704791589,0.0372235082467884,0.0219765037702302,0.00694228902102135,-0.00439007765595302
2371,-0.0178924827852483,0.00496224351632337,0.0156185851511457,0.018444968560587,0.0241174996433361,0.0049938243571689,-0.031147580723538,0.00902862045075534,-0.0153970157576718
2372,-0.0124422601148501,0.0125824608569485,0.0159522860094079,0.00387414126923936,-0.00697371840731986,-0.00494334838213292,0.0074066069196735,0.0345229318639684,0.0253660607273196
2373,-0.00566252795929646,-0.0102448076214679,0.00838540005239308,0.00110919815837171,-0.00212957165763714,-0.0037990345666963,0.00121719085186375,-0.00247999492449382,-0.0159816557504071
2374,-0.0146312038948247,-0.0229785192534871,0.000587450398987494,0.0284201259488034,0.0313178400160203,-0.0224928821700228,-0.0114138599965862,-0.0104729784527763,0.0300794025791857
2375,-0.0336309232506723,0.033117626944878,-0.0163414357698451,0.00182710651011315,-0.0153228389766178,0.00418182093520333,0.0196787841974247,-0.000385617947883794,0.0200429379927002
2376,-0.0243365265102951,0.0216964463315995,-0.00258023463039556,0.0164082466335046,0.0082618106801561,0.0139065268526815,0.00167947408647861,0.0301372529922311,0.00415261132712707
2377,-0.0109769573841903,-0.0297807566506172,0.00276121717484855,0.0231464313181848,0.0117188848384095,-0.007721019447078,0.0210775736316056,-0.0040128437870635,0.0108356489428656
2378,-0.0151664362241578,0.0121994547536893,0.0159267400419751,0.0105559353212461,0.00160756615968647,0.00729014365245778,0.00353924676389566,0.0484632545652517,-0.0056239341844372
2379,-0.0166186850072464,-0.0313556400617056,-0.0254372524328357,0.0303544922691354,-0.0212470537918572,0.0116833289976579,-0.00802044614677145,0.0134029355602676,0.0130614371867995
2380,-0.00104129700514809,-0.00416190609896792,0.00115289744726068,0.000633994856203105,-0.00198069920833598,-0.00189831090554551,0.00243174063205443,0.00312190584537805,-0.00156391957220503
2381,-0.010094091471199,-0.0240565677341986,0.0113884783461926,0.00704859780365874,0.00218442277169871,-0.00684540935592429,0.0124600615451021,0.000575188546120622,0.0158080276378967
2382,-0.00245022612631544,-0.00608715380248626,0.00428844820719591,-0.00600974447743438,-0.00397125830108053,0.00200447088013412,0.00802808557460207,-0.00515932309107249,0.00844527113428598
2383,-0.0113357023448044,-0.0267982235069302,0.0155787052172404,0.0138272369549612,-0.0112947744988135,0.00257713305193709,-0.0025828335301696,-0.00666953975397645,-0.0115184282490072
2384,-0.0274501006799209,0.0171245645196928,-0.0118565134668137,0.0181971492627036,-0.0150125824878612,0.00377186933691068,-0.00554083786680314,0.029632243815239,-0.00251649722581983
2385,-0.0217874872065143,0.0154055385435633,0.000157533994730411,0.0121660897218897,0.0171037550979042,0.0070092414608109,0.00297718810917539,0.0369825633438163,0.0140469661538474
2386,-0.012670210334461,0.00551799183808523,0.0353915290815294,-0.00298237413208189,-0.00448169921310343,-0.00213770302694455,0.00746260724714336,0.0260673066693736,0.0182457526487222
2387,-0.0200034037167325,-0.0165045786166278,-0.0158028804345335,0.0243853610417321,0.0128961883850207,-0.0190352789965446,-0.009752231301506,-0.00710413258879506,0.00144822885496457
2388,-0.000235087360471128,-0.000471718488330132,0.00213774941319249,-0.000262822467867411,0.00146246311449807,0.00103596583226492,0.00257377665379231,0.00150846884421916,-0.00124622864720391
2389,-0.011408708846075,-0.032976733277573,-0.0102736975010512,0.0338501051731759,-0.018504883589567,-0.00343495575011572,0.0184297405250453,0.00855249012371763,0.0291669922245494
2390,-0.00874896687318842,-0.0131200223931524,0.0237619478037733,0.0121641302599012,-0.0096384000079219,-0.0198160051206664,0.00915212530764177,0.0152457980791896,0.00136779321627942
2391,-0.0127755452340555,0.0032301354906035,0.0326247134138401,0.00853492824648726,0.00239231784575439,-0.00276599031698554,-0.0269862305887985,0.0271193820805892,-0.0250641908102743
2392,-0.011553975017829,-0.0140435974119662,0.019485177580185,0.0155178028142574,-0.00195141126533085,0.0107068220679212,0.000916243757744742,0.00195366929366511,-0.00442249719737225
2393,-0.00959247081152107,-0.0269040191547413,0.0114602668596453,0.0236272369119999,-0.00135161289264676,0.001354681033565,0.0142080394042083,-0.00585942028477947,0.0262965957286146
2394,-0.00018668303117004,-0.000486570373097807,-0.000929178549859903,0.00277924658107136,-0.00214294158453393,0.00117665419130388,0.00197467284603129,0.00243262940593077,-0.00495632682389421
2395,-0.000526210897004497,-0.000843084692355437,0.00325668617808272,0.000955524624974019,-0.000797628050686905,0.0010533168900721,0.00080081003453545,-7.98894821250116e-05,-0.00200710638239756
2396,-0.0119476672853453,-0.0262463077515746,-0.00616965288040374,-0.00322948010410454,-0.0121831679675339,0.0209662846777159,-0.0290475025871765,0.023319695356672,0.014003806158205
2397,-0.0166488145912456,-0.0235290834178811,0.00116010643313168,0.0133523016662944,-0.0339075112181632,-0.0194084633858638,0.00156762034181112,-0.00726554706899507,0.0234615820001862
2398,-0.0186001848722385,-0.00207342130197064,0.0142085050667411,0.032547378591926,-0.0214692712895057,0.0144394345444795,-0.0289017076501536,-0.00517244552622689,-0.0325461905644994
2399,-0.0106874027220739,0.00477600573461403,0.0325005412500914,0.014550129879749,0.00592038566679502,0.0110823191603951,-0.00407295080590834,0.0145820258675178,-0.00964026347305986
2400,-0.0217219110906889,0.0151674683013695,-0.00251345839519777,0.00947147018203405,0.000979458068519203,-0.00748287123901062,-0.0018402256537573,0.0354399870760207,0.00668202128956284
2401,-0.028997777205101,0.0106170449086015,-0.0243880570993816,0.0190422519521066,-0.0152440253385112,0.0105994067668695,-0.00801990468636031,0.0212838063389699,-0.00744583521813624
2402,-0.0191897296457976,0.00367996957158272,0.00327586701235881,0.00881019741284534,-0.0406577487143384,0.00985130988233445,0.00479483163892916,0.0204602721655742,0.027692729597832
2403,-0.00286210801028778,-0.007241392429111,0.00502604589046732,0.00250195424564784,-0.00585555224578389,0.00171327896806153,0.000360347251282043,-0.00287793920716957,-0.00181007334123944
2404,-0.0219955410776013,0.0254340924001783,0.00358730239207179,-0.00114483449118049,0.00827541511507532,-0.0154548729275193,0.0153569844671571,0.0330811150996347,0.011505644049788
2405,-0.0130561579669253,0.00989516317883828,0.0258543330105271,0.00809465891824786,-0.0334448522308614,0.0258014721498003,-0.00368235418502691,0.0317483756035729,0.00498928599675444
2406,-0.0174803098950128,-0.0176535069571777,0.00857843253398975,0.039772811808418,-0.0188741210384167,0.00759543571780999,-0.000387541564040327,0.0198818887352924,-0.0102006313151196
2407,-0.00193438342119467,-0.00308857644797731,0.00531638024281629,0.002147162583926,-0.00639821547862551,0.00166000612088293,-0.00314498441405675,-0.00419640500867936,-0.00386909019096224
2408,-0.0157282619751377,-0.0365327630047678,-0.00666124212835704,0.0243425535888163,-0.00917072081167492,-0.0108926831102527,0.0264573136091303,-0.00536655083672201,0.0191265435396362
2409,-0.00986115534265007,-0.0390404789577788,-0.000634962844067666,0.0285372944932361,-0.00437408678678935,-0.00643816917821071,0.0195453194203886,-0.00449928247772628,0.0273159345032499
2410,-0.0182996531608478,-0.0245051441385657,-0.00915087048385502,0.0288789615525478,0.00336018822747277,-0.0141715954722506,-0.00165138092430423,-0.0104882457742113,-0.000493937386162336
2411,-0.016688095074523,-0.0348275243799935,-0.0199209684954218,-0.0162097771705611,0.013000044451889,-0.00489404373381019,0.00832878082469501,-0.00235714575317882,-0.023823225437728
2412,-0.0157646701610579,7.01718289470912e-05,0.0152640772190685,-0.0262429902737078,-0.0219870701488679,-0.00109387441252172,-0.0155889532865542,-0.0278066646283719,0.0216267766801638
2413,-0.0060598966001578,-0.00708005203983534,0.016837725163728,-0.00281595175033567,-0.027860050049732,0.00617453567944441,-0.00464035584505845,-0.0127831282673134,-0.00452494581364886
2414,-0.0129855925677015,0.00842881832900885,0.0318815554684985,-0.0294306611333741,-0.0159602670775003,0.00230291029963543,-0.00975478572671358,-0.0279782321066388,0.0227556227370528
2415,-0.0184003337506362,0.0130809158309171,0.00587075215500117,-0.00183019665391147,0.00472851963725823,0.000271757057774618,0.00136136391533918,0.0083679154695068,0.0298666084770234
2416,-0.0228707550319533,0.0231188277666253,0.00597965231612163,-0.0123241282536137,-0.013558289554787,0.00653725359036402,0.0298108197745418,0.00926802495700408,0.0224435445676702
2417,-0.0145063532833394,-0.0238581524179742,0.00564710814418589,0.0160227365210383,0.0153252583074905,0.0184346421075154,-0.0276700152787872,0.016370632088504,0.0211736972104841
2418,-0.000751331510701741,-0.00228896460093663,0.000455839505669254,0.00155660586626068,0.000838602945149361,0.00212833873178577,0.000482347013933469,-0.00266766566782147,0.00136971361936069
2419,-0.0115209083106769,-0.0262233945995984,0.00683606744972321,0.0236732122386564,0.0104232919124282,-0.0313602209288591,-0.0106079637653238,-0.0261033295675491,0.00799139854078419
2420,-0.0138467592516757,-0.0304448569129764,0.00272546974148719,0.0294826332049197,0.00522901748828303,-0.00891398419889116,0.0169555711313987,-0.0148279639059143,0.0179165897176326
2421,-0.0251080404902906,0.0149277225192152,-0.0169325220902811,0.00360283944857281,0.00387242613301609,0.0229408407887947,0.0107900671983525,0.00993039408957781,0.0237099003049253
2422,-0.00159435104051412,-0.00384470882268735,-0.000194424816042906,0.000941431888951122,-0.0078014849512057,0.00510263526625875,0.000675915249025219,0.00190351539123916,0.00580743799675126
2423,-0.0185825353234956,-0.0185068220426961,-0.0105009893134405,0.0299252464898782,-0.0111877469803342,0.0342067937205618,0.0446088436854741,-0.0126102494009802,0.00856819842184839
2424,-0.0110526989982803,0.00346272277553346,0.0356677813310701,-0.00635359733549965,-0.0290035061008799,-0.0237895397871323,-0.00628843623102039,0.00874385158436738,0.0168391794042954
2425,-0.0121358379336339,-0.0267898266987893,0.00822889075299419,0.0106015340734976,-0.0149296554898501,-0.00143467621603885,0.00530967051303839,-0.015252190930718,0.0105628262757141
2426,-0.00595083585764161,-0.014221220429885,0.00286880594342874,0.00733704074060359,-0.00225373288969271,-0.0309607181992835,0.00505044912142297,-0.00118208006465951,0.00346438999635451
2427,-0.0264667941861756,0.0305694493993747,-0.00894845013327923,-0.00511642579200216,0.000953485415537824,0.00368732171555542,0.0278841831098934,-0.00162317638777893,0.00660315864330149
2428,-0.014556211224037,0.000350471839447383,0.00586434008864702,0.0184478127700268,0.0206186036484942,0.00239765988403275,-0.00333706025374536,0.0519860742407082,0.026024586183486
2429,-0.00873796079646065,-0.0300483307446834,-0.013570875721847,0.0240686625580001,-0.0207886687002707,-0.0027174736725412,0.025163053069481,0.0319178288246545,0.0245420025520354
2430,-0.00191913588877585,-0.00544147854466796,0.00183092602609275,-0.00204625512422854,-0.00133702770508399,-0.00192921242377804,-0.00270450047009582,0.00464148967691848,0.00317540654690246
2431,-0.00476651904422381,-0.0173200353161473,-0.00486327883247449,-0.00865772108056011,-0.00288082647402049,0.0034525410229383,0.00952231266540789,0.0018865474076051,0.00709479517613609
2432,-0.0177596398417866,-0.00991138596371011,0.00925330643906812,-0.0260419217105583,-0.0212609697987525,0.0148899214320125,0.00151045011349699,-0.0361868662333026,0.0214693470794527
2433,-0.0126053367380522,-0.0108682742152095,0.0229771671015514,-0.0328104179065044,-0.0240430394634676,0.0186545709642317,0.00233059340796261,-0.00991774402940671,-0.0214561552103326
2434,-0.00798815930711398,-0.0139146888487311,0.0123859534146594,-0.0274144719759571,-0.030845922639592,0.0107348650008075,0.0130408196407237,-0.00853936761729685,-0.015845124458279
2435,-0.00437717429119092,-0.0106809462826959,0.00542122312137729,-0.0131435792634147,-0.013341719312314,0.00745458975316809,0.0131814685690094,-0.000495310177118728,-0.00469129435688628
2436,-0.00820783019490117,-0.0171660817181469,0.0108155506893135,-0.0236132856658939,-0.0178510138059775,0.000702961130139134,0.0129706884355295,0.000763612777514885,-0.00498843125326725
2437,-0.00871045022445991,-0.0158544307341676,0.0187971364016009,-0.0230024346994678,-0.0225108366800108,0.0087174847706759,0.0079172656333965,-0.0064393541400656,-0.0114777158736614
2438,-0.014890615854912,-0.0161044828009852,0.0086960599843764,0.0186093776024469,-0.00525991784105015,-0.00521570178344455,-0.0233493895636474,-0.0531896946097038,-0.0266955384816418
2439,-0.0262127568624453,0.0192913105024611,-0.00882256747130096,-0.0109198671011854,0.00272052112158936,0.00744782713122832,0.0129943950949296,-0.0239542913204969,0.0090262202809122
2440,-0.0211330506925964,0.0138659741137429,0.00149533546760733,-0.0175739822274126,-0.00329756930061165,0.00465955669763615,-0.000966069614660035,-0.0297721269586125,0.00482421782283608
2441,-0.0129479283942904,0.0114785286283768,0.0200013141419593,-0.0139295928001719,0.00318237855588022,0.00652714502003114,0.00298617091155378,-0.0331056829416508,0.00484315318249142
2442,-0.00959157697526727,0.0124658552365214,0.0226105102483925,-0.0137494066780044,0.00214580246133044,0.00340044403276518,0.0196040547521096,-0.0162479215002899,1.54921097488391e-05
2443,-0.018020130772063,-0.0168613111695454,0.000523776809612592,-0.0412020324997087,-0.0242088090361477,0.00750040831994328,-0.00564295135771542,-0.0346772028555412,-0.0204182536301248
2444,-0.0136684532561795,-0.0155685549481458,0.012572300941198,-0.036599432990616,-0.0245289250847566,0.00981696261343634,0.00359366013000495,-0.0248820949114523,-0.010754302073304
2445,-0.00817110032985618,-0.0208909403857719,0.0164094589768326,-0.0253430705219176,-0.0280597118136138,0.0161937289559765,0.00896338859766186,-0.00472836776879878,-0.0161494812355422
2446,-0.00940145595827442,-0.020909359610251,0.0175652379186318,-0.0333229672591511,-0.0402515885177762,-0.00262150165912432,0.00224058062026966,0.00178815941070023,-0.0117250635249326
2447,-0.0222857822071466,-0.010650810397887,-0.0150688624128012,-0.0338877629521492,-0.018101568469952,0.0180241224007871,0.00830518689176853,-0.0166726833139612,-0.0210694292571723
2448,-0.0116903657321698,-0.0261824084667049,0.011141914398545,-0.0312327942623878,-0.0334490019661659,0.00991059180633935,0.00213059175694993,-0.00420686548497863,-0.00834833280987277
2449,-0.0076575987788265,-0.0207554899029556,0.0168209764907931,-0.0223683302551677,-0.0266122694645133,0.00462685502783106,0.00321222173293765,-0.00261858122041502,-0.0108275693009961
2450,-0.0106690516931642,-0.0173805678224647,0.0148876566109048,-0.0352583488122018,-0.0322097431842005,0.0154160414489721,0.0055757499113952,-0.0165242787520177,-0.0363805487647583
2451,-0.00926359939450069,-0.0188702589987878,0.0139761838600674,-0.0322858983450426,-0.0301591613883595,0.0088415122866293,0.00311465272331571,-0.0002249237772013,-0.0261222625135162
2452,-0.00825043119915386,-0.0223335639321412,0.00734347781814042,-0.0257328834680339,-0.0289915460174627,0.0027367671843864,0.0117986578656383,-0.00617562350691275,-0.0136566968336652
2453,-0.0127057768629561,-0.0234434676296624,0.0111048099214632,-0.0450786495627078,-0.0309702549996771,0.0201064517903711,-0.00124084449419579,-0.0267843495201938,-0.0291040885909808
2454,-0.00501634542947454,-0.00990871455409387,0.0128225763394966,-0.00486076914061367,-0.0261602281570404,0.00901272301194129,0.00372482130906211,-0.0208290044097862,-0.00916128260682413
2455,-0.0078930282472319,-0.0147978186885012,0.0235796679388581,-0.0318705611997784,-0.0283704297588773,0.00837256064569108,-0.00142293436977356,-0.0117568132908004,-0.0186623280972038
2456,-0.0250640580608238,0.0125694686451208,-0.0200565007253031,-0.00173834393420523,-0.012232883256458,0.0282601583216575,0.00240390113741828,-0.00757162111083081,0.0233068613882458
2457,-0.00443347627897849,-0.0103071040012785,0.0110685338678654,-0.0238634136083407,-0.0125964504312273,-0.00132361160427274,0.0138097465040741,0.00687600553951018,-0.00271485254598462
2458,-0.0118887292187998,-0.0177162589407307,0.0104690736466275,-0.0135866211297801,-0.00883946868954831,0.00159349791562578,-0.0177498681123006,0.00170070783421431,0.0201885410236837
2459,-0.0134057052963926,-0.0248513728390165,0.0053817843378509,-0.0559709813893888,-0.0334669643470294,-0.00366070418353129,0.00623784330060624,-0.00732027111974744,-0.00290045604773681
2460,-0.0102780706371904,-0.0165053320827546,0.0150618046904994,-0.0526981651855194,-0.0288029051731892,0.00201267582580362,0.00974155834342017,-0.00437052163280486,0.00697715201336272
2461,-0.0211835478554956,-0.00297497610414131,-0.00269053778480906,-0.0465054996682226,-0.0141636854430672,-0.00918640357986234,0.00910537455687483,-0.0409818818544153,0.016318787970832
2462,-0.00816116109675344,-0.0178911509638699,0.0176112774981872,-0.0420732488009344,-0.0290851239341897,0.00285869538319227,0.0101441038443934,0.00169988843190953,0.00797350371944354
2463,-0.0230138973590488,-0.00340667331645411,-0.0115241487923648,-0.0364017798199222,-0.0220855682945049,0.0033599853866176,0.0104620255266451,-0.0175456391252469,0.00399735403537381
2464,-0.00987604919525659,-0.0164091441089296,0.0187668053000719,-0.0504612511278456,-0.0330993107584919,0.00298441568980002,0.00883892197376121,-0.0106061473110107,0.00115499400167804
2465,-0.00670588778275612,-0.0144974934362301,0.0058916898547132,-0.0333395616897094,-0.0309779400837592,0.0192960140046846,-0.000182552840156573,-0.00486037480716183,-0.00371340821813346
2466,-0.00833606772170587,-0.011573584270207,0.0139010912953925,-0.0372116757027129,-0.023721973401543,0.00710758213438429,0.00924731528970315,-0.00559657361139556,-0.0186722938564958
2467,-0.0118902756871015,0.00262109115118513,0.022706388694099,-0.014871462748784,-0.0244937105325572,0.00935753925888454,-0.0117364195053059,-0.0136828505182453,0.00831783289211881
2468,-0.0168972553253597,-0.00954884586161525,-0.00206949915725595,-0.0412961925224022,-0.0109865562276948,-0.0214015003650942,0.011163416339251,0.0542118066411799,-0.0113803625240491
2469,-0.0210448269318207,-0.00661913901437751,-0.0143253774514384,-0.0369820987594963,-0.00614866242954829,-0.0227659010066896,0.0055854520349983,0.0516521834079025,-0.0079108562047165
2470,-0.0233870082939218,0.0137020173961498,0.00283257527442457,0.0128047766507371,0.0339345297245165,-0.00545850514025995,-0.00578781102468508,0.00754592089958595,0.00441540984550701
2471,-0.0209304100672918,0.0202617316821521,0.0072072133118606,-0.00653641906206819,-0.0218292475103104,-0.00886885078515084,0.00995796719688317,0.00102064251785743,0.0303360819337169
2472,-0.00426380917318719,-0.0165906379706637,0.000983917291436719,0.00494973668045641,-0.00558794187098747,0.00010248075958231,0.0289009010068302,0.00303999924985243,0.0117416613446981
2473,-0.00739839644424556,-0.0214573803508811,0.00928856822534174,0.0124343621898531,-0.00722704586668854,-0.00264506550352343,-0.000256142193659228,-0.00874413202180069,-0.00293201065748409
2474,-0.00604741521102543,-0.0167065886323988,0.0123816433644958,0.00450476193453658,0.00397835281975185,0.00845167623892325,0.00876176829888921,0.00322073914658835,0.0182802936006948
2475,-0.0185888322160853,0.0210606369005201,0.0142371355537767,0.011425768916846,-0.00882787680312337,-0.0306829033889428,0.00489437862462414,0.0436554066993947,0.00250645304580528
2476,-0.0223607973512525,-0.0159127587046059,-0.0258170579187942,0.0202280429798634,0.00217540486672719,0.0105661640871806,0.00868540509343121,0.0116669640728193,0.0152733396484789
2477,-0.00712848519662833,-0.0135292619813977,0.0026531621188315,0.0284164835650502,-0.0214208476649807,0.0178807195165511,0.0106938692594235,0.00779767995493037,0.0162030561576467
2478,-0.00196297768174331,-0.00316304988355786,0.00137548766724159,-7.37510445750393e-05,-0.00305265971097829,-0.00194689188654942,-0.00132846089546595,0.00346953854906153,0.011051773130605
2479,-0.0123700641379334,-0.0119160318975467,0.0224130945463146,-0.0267924105425217,-0.0350986799293833,0.0110649911327769,-0.00153371955722943,0.00386398291594333,0.016949353011681
2480,-0.0165156181327432,-0.028506418228777,0.00730253616688994,0.0217621879364163,-0.0148516678111695,-0.0155030480094383,0.0101299869774542,0.00146102961827924,0.00491347680222334
2481,-0.0244213288195229,0.0270746836445414,-0.00302174942281801,0.00726386541736423,-0.0113776361717325,0.0133309390662205,-0.0103251597491226,0.0277357111004367,-0.0182981602726002
2482,-0.00208788070580129,-0.00803543185582873,0.00469278786494212,-0.001293632515148,0.00216806880477199,-0.00679895835090498,0.00521745775007707,0.00490132108880265,-0.00199611526134478
2483,-0.0302904427539458,0.0185883883267359,-0.0215181953010751,0.0152363004323052,0.000505522033783135,-0.00183758079190659,0.00801460954470734,0.0156209332384773,0.00662165546003897
2484,-0.0254634581557928,0.0190111574942812,-0.0054233572405616,0.00482116271834671,0.0143311113025125,0.0227864793696859,0.0199575764231828,0.00933658958210941,0.0182960438614191
2485,-0.0210096428907556,0.0234068007495748,0.00375182226211518,0.00427068683031684,0.00828358222826044,-0.0245242842223425,0.01392721469669,0.040865660202543,-0.003644298215528
2486,-0.011659753425734,-0.0265418938067073,0.00522691462087058,0.0203533308963606,-0.00498567936060034,0.00797643881987415,0.00734889728975574,-0.00755905514206953,0.00449689857262339
2487,-0.0247671656136373,0.00584285639476406,-0.0151895734546233,0.0199152186692067,0.0161871060233142,0.0143839785631875,-0.000294569562598287,0.0285023333604023,0.0239251974275634
2488,-0.00759305510992883,-0.0206481501179465,0.00464296475253064,0.000642592017912195,-0.00452276290093733,-0.0159523416804031,0.015102431431625,0.0149630389826578,0.0086353547836046
2489,-0.0326033036729922,0.0218779846694171,-0.0232672818812063,0.011857425628526,-0.0161867077397644,0.0110055529508765,0.00710630731098643,0.00809883627890282,0.0119497922745045
2490,-0.0230411083135591,0.00249426874969598,0.00141031757650917,0.0115387537084284,-0.0212302230690675,0.0308600748220753,-0.0104637601053122,0.021444703427523,0.0248244722616373
2491,-0.0196159573176953,0.0252293448414977,0.00977299319414478,0.00924498311728754,-0.00167956894453525,0.00538744240267652,-0.000810200136817866,0.0418059127934628,-0.0245575788239747
2492,-0.00189351034846666,-0.00113713262485888,-0.00184788959824514,0.00667095096255144,-0.00908431677195617,0.00688553202396061,0.0099156688003643,-0.00965822707038418,-0.0207166616107857
2493,-0.0160552266602835,-0.0270528702279128,-0.00208320561789124,0.0236224351614196,-0.0033208316927474,0.0114616782207646,-0.0326101470811077,0.0042741272562417,0.0410904078501964
2494,-0.0108925889998404,-0.0368277373923899,-0.000897602954639123,0.0230805831479475,-0.00735851988237382,0.00311961642413254,0.000712271459595644,0.0139284335325973,0.0401277597084885
2495,-0.022767111617052,0.0203626615835146,-0.00580140936608666,-0.00162317593979347,-0.0106163698056603,0.00148873319382072,0.0172324344049225,0.0111752036954917,0.0119389419059652
2496,-0.0268137996819224,0.017864111988075,-0.0125753216953063,0.0112674272190021,-0.0330300202472015,0.0211477809711031,-0.0141474174948722,0.0225884576392195,-0.00193051171305592
2497,-0.0144170247345527,0.020595955978916,0.00987394357533495,-0.00558993675277685,0.00115745223684267,0.000385637531822979,0.0192559340005507,0.0224214366067841,0.00862151962518284
2498,-0.0202720951931378,0.00498695162598125,-0.00640061452284342,0.0204558710403242,-0.0205611278130798,-0.0146376801205073,-0.00752730360976817,0.0396912781292062,-0.014150666636505
2499,-0.000673415029872283,-0.00137879960454838,0.00186335917402605,-0.00225463546070666,0.000199811105193177,-0.00192696923815055,-0.000579536992908383,0.00145888496692085,-0.00128413464773592
2500,-0.00945959249346841,-0.0333311513545856,-0.00657939992812827,0.00856275608157701,0.000866090033165289,0.00777925465399618,0.0114758671395315,-0.00670714175044527,0.0170564119360838
2501,-0.00257853955669245,-0.0107001863534574,0.00607229461769632,0.00253268441492852,-0.00691097341803846,0.00787382076707658,0.0239259667118596,0.00252226532612096,0.0076283476843795
2502,-0.0268202127553082,0.0293980172408381,-0.00478477957239655,0.012015043136135,-0.00676658811179173,-0.00592753529985339,-0.00509301795538608,0.0301253084802074,-0.00323319559849623
2503,-0.023753089260085,0.0203517355095155,0.000194480491608454,0.0137454188999881,-0.00894468663238323,-0.0270381631862976,0.00619582962304244,0.04170679597049,-0.0118385732399998
2504,-0.0124504221995293,-0.0354698766307819,-0.0121913688192856,0.0179744033163621,0.00675422999484007,-5.15011473862254e-05,0.0203585811409799,-0.00923284971152562,0.0277418860344436
2505,-0.018634821936872,0.0131588099225471,0.0120029564310068,0.00480703323984914,0.00397797695290826,0.0423214779091542,-0.00301870098845551,0.0382965549468099,-0.00419334208954584
2506,-0.0225372878416059,0.0130035162588231,-0.00978978759149488,0.0123705486212734,-0.0218131832882543,0.0180302582005584,0.00433180302003641,0.00569043988228509,-0.0205196324257098
2507,-0.0100272331147681,-0.0294740733679963,0.00583942619538956,0.0210835127705509,0.0154763820735948,-0.00217901786021486,0.0156840197680193,0.00637538767592372,0.00383504359491266
2508,-0.024031924567843,0.00876815067043844,-0.0204192873826091,0.0118227310126112,-0.029233087813906,-0.00801862578655708,0.00815597960818406,0.00925656358776212,-0.00691899271963878
2509,-0.0142138583223636,0.0117018552396209,0.0205025483011342,-0.00123202610100314,-0.0243131720562211,-0.0016839222199562,0.0327683232843017,0.0236200794614154,0.0076864468767139
2510,-0.0154932643310558,0.0057185772010773,0.0227453188053713,0.0203910728851623,-0.0230580365656935,-0.0101117078071311,0.0135541069916424,0.0476462206495897,-0.0198621477877418
2511,-0.00609993176390781,-0.0123481982338027,0.013943363285154,0.00539694324202489,-0.00677985788986859,0.00291852569153798,-0.0034956521670787,0.0165487458459174,0.0075674841129787
2512,-0.0309110580172862,0.0275993186210406,-0.0176149788759166,-0.0081114845455818,-0.00899909460057866,0.0174392590032985,0.00920900455568463,0.00689964047200898,0.0179513180102633
2513,-0.0187127142022926,0.0177161595923169,0.00850987787507645,-0.0119600809533794,-0.00486139253523325,0.0292832421076797,0.00233858230571996,-0.0180584023870824,0.00944870763439691
2514,-0.0198045482173847,0.00639520007841467,0.00442675191215162,0.0173295009186842,-0.010371500696421,0.0142475129040929,-0.0230613662870413,0.0450760018120955,0.00328822273326709
2515,-0.0144083807470921,0.0164376941660025,0.0143763518021161,0.00145543291136776,-0.0167916262356167,0.0056775591695889,0.0252336505525541,0.0236681125215894,-0.00273252094091374
2516,-0.0136236565502689,0.0140122116955528,0.00700912444088559,-0.00249662860298136,0.00841597079223531,0.0155167381702306,0.0172286816474259,0.0257370922673398,0.0199084492270771
2517,-0.016306356081546,-0.0205429438142859,0.00254855726747862,0.0248790580905498,-0.0217720959444847,0.0152320228959013,-0.00518713252904534,0.0416344643199269,0.0291767564249048
2518,-0.0178948156832712,0.0200003967927238,0.0136374599381097,-0.00169063420732355,-0.0183841813708884,-0.00860717480800656,0.0293942791199935,0.0203402510741074,0.00952988785652942
2519,-0.020828743179734,0.0152687099713997,-0.000806805393132454,-0.000848933637155629,-0.0178975028641808,0.0235212554496998,-0.00217751447712606,0.022604545258483,0.0321925717046823
2520,-0.0210016766186513,0.022749184660874,0.000915154266414498,0.00590058124746388,0.022630506994138,-0.00156941688734737,0.022295247043984,0.0272523863462197,0.016351245166374
2521,-0.0148542907516285,-0.0263264722926494,0.00733399188911916,0.036012833036718,-0.00936429150290107,0.00261256635360268,-0.000917503650132175,-0.0157306796898505,-0.00134046731630543
2522,-0.0152806508210098,-0.0344268816766675,-0.0152778868245312,-0.0309033886558822,-0.0162062014920499,-0.0184664044336121,-0.00884604149994252,0.0476682694602034,-0.0040952479450412
2523,-0.00835838953090563,-0.0314539251045908,-0.00337031927878904,-0.0201376270877479,-0.0150273831384375,-0.0129502161187113,0.00496116348205591,0.0368048226347975,0.00488266251477898
2524,-0.0266509357588626,0.00308572899673419,-0.0191704175357589,-0.0242928134851648,-0.00151980790091336,-0.0102597518122932,-0.00317903194035876,-0.024233824311019,-0.0223608470356819
2525,-0.0199901185014748,-0.0201054356149939,-0.023140905754442,-0.0144062205133582,-0.00657431000763501,-0.00368080477703702,-0.00341884104891374,-0.00153002200917592,-0.0160764271343339
2526,-0.0164180605854782,-0.026769871936923,-0.0226044989241331,-0.0209788548714692,-0.00631843675199217,-0.00920114386839018,0.00067710088209155,-0.0159632375903996,-0.028136730184801
2527,-0.0193417193721982,-0.0311186846496222,-0.0314230299086818,-0.0018776351987253,0.00682064198497101,0.00053563654758668,0.00893158400444992,0.0198256865438373,0.00122520112725552
2528,-0.0142475841827113,-0.0398023284471566,-0.020470839216984,-0.00897158088766429,0.0242169363252921,0.000102129736141183,0.0186399403550462,0.014238044295662,-0.00710513096710324
2529,-0.00834111572743634,-0.00538145594253399,0.0264048686239405,-0.0102730273313603,0.00369717749340106,0.0212513089612616,-0.0180748547170122,-0.00986691518133185,0.00713930347306474
2530,-0.0242682287741018,0.0103225167415892,-0.0158516173725942,0.00812331441576639,-0.0138447419657245,-0.0196530731021421,-0.0131918431360196,0.024030769822851,0.0106141034224597
2531,-0.0163805089100252,0.0141573706978246,0.0240565306586635,-0.00424325599926148,0.00451171931336617,0.00542428689346537,-0.0168099540747544,-0.0151087574768331,0.0326341486470515
2532,-0.0188746212990539,-0.00492321147557833,0.00659933499808832,0.00518311404441729,0.0149495716603776,0.00103299487764378,-0.0528464274642989,-0.00691187363352867,-0.0060897591307171
2533,-0.00720035259141934,-0.00130995554213929,0.0238203698774039,-0.0201012099834843,0.00164354185322221,-0.0157057596338773,-0.00104726279559226,-0.0109933973294051,0.00732957099920354
2534,-0.0133380299113881,-0.0289463119090262,0.00513614709771311,0.011875556197203,0.0232068711119777,0.00163800204562377,-0.0243737891939231,-0.00109166518215684,0.0177141101029611
2535,-0.0235086809686901,-0.00528793140781724,-0.00775145859774417,0.010842738509194,0.0304663084703853,0.00110593690645158,-0.0151336983958875,-0.0571511968369933,-0.0197788334193222
2536,-0.0039865578703356,-0.00819472664557594,0.00885969738740243,-0.00957248225434184,-0.0277480584371967,0.00700663108932697,0.00443830773168849,-0.021361148721307,-0.00716416840305137
2537,-0.0116045456857414,-0.00110660573434668,0.0299005521854628,-0.0130200685812443,0.000373345614040497,-0.0313151023890179,0.00299353550963996,2.24517123649925e-05,0.00479966791741827
2538,-0.000156724906980753,-0.000314478992220089,0.00142516627546166,-0.000175214978578274,0.00097497540966538,0.000690643888176615,0.00171585110252821,0.00100564589614611,-0.000830819098135944
2539,-0.0082679550792631,-0.0242415015346782,0.00309326187544406,-0.00318831782959469,0.000505223761555025,-0.00584832090689298,0.00720431487480046,0.00428817262954598,-0.0115930365378945
2540,-0.0128845657783222,-0.0270740508814824,-0.00427374686377117,-0.0165905506832715,0.00178403865161122,-0.0091732753187295,0.00867845115440676,-0.0132308875605045,-0.00481450806022653
2541,-0.0213661130374543,-0.0132585865693348,-0.00631295725653282,0.000571238562894937,0.0207243827898574,-0.031394713857782,-0.0403906795214517,-0.0422409197886448,0.00196235614797019
2542,-0.0245718505082424,0.0115126452196869,-0.0145045453438271,-0.0012934971755169,-0.00698573260137867,0.0397344429407732,-0.00135717401418542,0.00152583036034271,0.0161510532363028
2543,-0.0213977538250373,0.00284373155223298,-0.00546171536084126,-0.012764796929997,-0.00493576796863566,0.0415445051581501,-0.0144351260398571,-0.0200121323599788,-0.00902878024140187
2544,-0.0085487571378337,0.00761646905530765,0.0244387152922823,-0.0243878835086036,-0.00372096907380814,-0.00245434856458734,-0.00953552252797635,0.00213304922530242,0.0114150196914129
2545,-0.0136209946886515,-0.018909299545183,0.00677545200297281,-0.00427045814243267,0.0136326855503154,-0.0349196020652714,-0.0133711942953655,0.00641312872479069,0.00233234955711649
2546,-0.020176205313743,-0.0146886834528835,-0.00976980152911099,0.00314861180968361,0.0170190212928619,0.0103108721473255,-0.0652157015795384,-0.00157900954321479,0.00259620802572253
2547,-0.0108299074274873,-0.0051581784449276,0.020108289559689,0.00392856552665849,-0.000376027746570388,0.00830444682873941,-0.0415546960249527,-0.0307548300951241,0.00485907659696114
2548,-0.0155477517816799,-0.00175806606060242,0.0135343354621146,-0.0102161027636808,0.0256516628947237,0.00916905876652152,-0.0427324084893386,-0.00507845236698484,0.00661773737988206
2549,-0.0133655752658968,-0.0148756277011641,0.0179128419125325,-0.0146148176211621,0.00520449763691142,-0.024200444471641,-0.0204671829237626,0.0204419209439791,-0.00941053063292709
2550,-0.0032309968390719,-0.00614307455562592,0.00621936374946346,0.000141849405098566,-0.0121458300963405,0.00943760753582302,0.00027570952794458,-0.0050028404967822,-0.000884873050700217
2551,-0.00873697236760629,-0.00872758360315109,0.020783317874554,-0.00426667084604153,-0.00541542677075342,-0.00660160683247369,-0.0275639851841463,-0.0198560473278187,-0.00832891933608424
2552,-0.00875237944766006,-0.00231337603919642,0.0294785160618702,-0.0268001554872255,-0.0128315280393852,-0.0211967372375065,-0.0113561760408201,-0.00602493853575451,0.000786227017960665
2553,-0.0179015328804665,-0.0269934603005482,-0.0214264745839261,0.00937585142070001,0.0050044903033812,-0.0137292639863714,-0.019476182984282,0.0418728187568605,0.0181855171446994
2554,-0.00880962913582345,-0.0253897331386555,0.00279212533294211,0.00438977536406849,-0.00248598859455104,-0.000974518935883352,0.00114533780671334,0.0156666129611933,0.0141610826515946
2555,-0.022056080442396,0.00481289058674738,-0.00544852332907919,0.0140489613093,0.000445359165146054,0.0231762722548661,-0.00583012194593409,0.0487154492210849,-0.00295174887930332
2556,-0.00389296863465018,-0.00526738839996014,0.00390339278769083,-0.00117186446092242,-0.00163651997082161,-0.000796996782986506,0.0218674350158483,5.22670259721702e-05,-0.0242161134860874
2557,-0.0307640403209055,0.0170952523007113,-0.0212770298725493,0.00375880175233996,-0.0118663960471957,0.0251548668951517,0.0134745306925229,0.0148900172969935,0.0109002300824157
2558,-0.0353323621409632,0.0324712058987715,-0.0237060563492768,0.00503001075005436,-0.00236670193449173,-0.000408421091965752,0.0250180679210664,0.00550328746658064,0.00897238226517736
2559,-0.0271023283705868,0.0256188945903127,-0.0084156657719244,0.00439368531345566,0.011426745779729,-0.0119334711141328,0.0129989813660036,0.0210519750249589,0.0219182431726367
2560,-0.0205687782570396,0.00314818622472618,-0.00176906616849205,-0.020591515650515,0.015541899030405,-0.0410653400320225,-0.00741915380568599,0.0291034153819542,-0.00740499727719921
2561,-0.00324865939104815,-0.00768414240547539,0.00856511206236444,0.00381564229962914,-0.00807593530846326,0.00496135630442189,-0.00329922499073282,0.00209295949203666,-0.00172556509887962
2562,-0.0120449260683533,-0.019025719050082,0.011283452514458,0.0286503275821941,-0.00759352843878663,-0.00981065721823549,-0.00925555146676306,0.0138957080634995,-0.000514583389738381
2563,-0.00847208857263638,-0.0203561756269514,0.012708486134506,0.00958540994074542,-0.00187983759876167,0.0102523577161279,0.00201574521519236,-0.00125732683734664,0.0145372356885794
2564,-0.00630306888922316,-0.017850956153378,0.0104121989448934,0.00605070712184196,0.00176666753431576,0.00521704539985002,0.0127979438334086,0.00405778545060186,0.000572894476068283
2565,-0.0127687437664653,-0.0221829402413002,0.00840307699131878,0.0303668907813709,-0.0273545504576991,-0.0188046823399472,0.0031266818551045,-0.0120825825522473,-0.0385012530439989
2566,-0.0235815340380724,0.012282975488075,-0.00810074821140842,0.00613856731473715,-0.00447228545394516,0.0148192553734134,-0.0125446830645316,0.0356499729675611,0.00579445172771216
2567,-0.0166877651234426,0.0108043437999194,0.0148254187810138,0.0255996332797567,-0.00715551863124988,-0.0155037360406165,0.0120491770734092,0.0435327677623451,-0.0177473622112436
2568,-0.0167773966403889,0.0123683064801531,0.0176785783652976,0.0170327054325202,-0.0227344770174372,0.0152003316995251,-0.0241911928129404,0.0436398917398275,0.00177379618467156
2569,-0.00486706829261746,-0.0184104823960314,-0.00437176231437067,0.0103880278454366,-0.00923250701276866,0.0102606620785493,0.0157541537686182,-0.0118536894372749,-0.0040019605401127
2570,-0.0151313160308316,-0.0168975899840616,0.0193543249360511,0.0316614345180235,0.00581934694409086,0.00520204839576875,-0.00601987643686652,-0.00690335260061275,0.0113999005932605
2571,-0.00571541285199115,-0.0172248152407837,0.0038794130064216,0.0167935495468677,-0.00806122065974939,0.0077005057359977,0.0181929589064105,-0.00325764878733868,-0.00332787462070958
2572,-0.00622262705886142,-0.0233623262160829,-0.00465981249949629,-0.00736783007453497,-0.00682978759078413,0.00195140747129358,0.0119233046630238,0.0142468665354689,0.0139809482093859
2573,-0.00210648960112535,-0.00230779803580636,0.00776339080508811,-0.00258455871471314,-0.00129036366181376,0.00133898822896187,0.000457139569187639,0.000231226611644432,-0.00724961556278371
2574,-0.00689140088504512,-0.00949323851033725,0.0276110672916488,0.00411409151509573,0.00318890533637927,-0.00971046454018384,0.00447238611111762,0.00793227180043151,0.000782434273529059
2575,-0.018190072614088,-0.0131847179881044,0.000919055347722333,-0.0235533950604053,0.0321783471016989,0.00188928080522099,-0.0611073300765988,0.00532854043695848,-0.00496004972223135
2576,-0.0104172553803791,-0.0188082147718583,0.0197248836342963,-0.038589773621633,-0.0283094934448242,0.0279298652964582,-0.0103526560870038,-0.00333624075272345,-0.0200057793063603
2577,-0.0103777459504439,-0.0215696519440684,0.00791176532244283,-0.0272895877377617,-0.0355557785424646,0.0177737336635553,0.000643295013638438,-0.0126311538548998,-0.00012224624519398
2578,-0.0132648429606884,-0.0145169911379952,0.0141568617396249,-0.0356045920993792,-0.0276449878088616,0.0201449607857936,0.00105239141376295,-0.0280885715949776,-0.0212452573240302
2579,-0.00391855297112985,-0.0114599922829162,0.00573818417496564,-0.0126853976631014,-0.0116407146464465,0.00354651555835699,0.0109959884612934,-0.00443160419209955,-0.00242519747771966
2580,-0.0111731318779305,-0.0173505092888219,0.0124584538633522,-0.0207656249464093,-0.0309330001441063,0.0182585717921981,-0.000293122695717245,-0.0227958471387058,-0.0277651560850661
2581,-0.00784196926134975,-0.0201124904936372,0.0100310760433152,-0.0242259061159765,-0.0161679307415685,0.00911588980063492,0.0203345957542886,-0.0128186559083049,0.00454031607550374
2582,-0.00980018020081833,-0.00440426566738298,0.025878720595063,0.000388758824438922,0.00853363757899697,0.0177184460753683,-0.0176945187069846,-0.00094189395546464,-0.0044837684155059
2583,-0.0118934201002306,-0.00495661423649197,0.0230612886080131,-0.00501170035173062,-0.0311627913395662,0.00457469539296784,-0.0246364484486531,-0.0369718776845443,-0.0120419366216027
2584,-0.0255041023112406,0.00096708666099364,-0.0131036319285415,-0.0157373614998903,-0.00178190134907155,0.0241322855811862,-0.0435708372623574,-0.010581588166754,-0.00497593383084993
2585,-0.0131157687010156,-0.00676750615134367,0.0151412627977861,-0.0125070807912638,-0.0264192093331626,0.00175275111700744,-0.0202575454281721,-0.040751202316843,-0.0346583270345546
2586,-0.00970128720509417,-0.0104886122426665,0.0210082683331821,-0.0125398005140225,-0.0284569814583263,0.00470229759404856,-0.012081457134231,-0.0168478555054905,-0.0126190233640863
2587,-0.0312758011123238,0.0252648617633633,-0.022480762461144,-0.00345640772625157,-0.0158158700345305,0.0186068898455924,0.000923227417938267,0.0150031216092977,-0.00263104108374105
2588,-0.0209864698605613,0.0228544121466015,-0.000296116031434137,-0.00416388953381314,-0.0145288114668253,0.0276833285669372,-0.0103008484581699,0.00557786213101329,-0.00613484051994357
2589,-0.0129238320016658,0.00689049762380803,0.0253309171505169,0.000980037297781877,-0.0274728958404524,0.00586783918855467,0.0107484021028617,-0.00976535088012135,-0.0177407855149528
2590,-0.0169141148645991,0.0178021655928029,0.0179370029439037,-0.00325634819962289,0.00476438350216785,0.0158619819709576,-0.0334317339954902,0.00231302399365747,-0.0121754711556799
2591,-0.0239103666368161,0.0149636795353634,0.00418469640805627,-0.00402338792853933,0.000214213592766743,0.0182430136332589,-0.0514421017889504,0.0020858642142286,-0.0177807867472753
2592,-0.0142273248139308,0.00841750994095756,0.0301612835544824,0.00251069407537438,0.0103999370319315,0.0165479674158916,-0.0351234735332077,0.00484307736857681,-0.000629827370402776
2593,-0.0301647967233621,0.0235777355151794,-0.0199938616769761,0.00163416732739202,0.0141393307841134,0.010154298796971,0.00463005945944294,0.0028536629709279,0.0119714635925574
2594,-0.00856605382215842,0.00833855830223184,0.0230340139562156,-0.00270597112428143,-3.47278671782686e-06,0.0102210021979614,0.00107138128269408,0.0113085932144634,-0.0204942418980435
2595,-0.00642698772291412,0.00461470074392287,0.022438579185961,0.00352737068741332,0.00211713327941004,0.014079217440122,0.0023276770412282,0.00822420391933814,-0.00990447010111872
2596,-0.00700230519782009,-0.00655471865973935,0.0206803517187135,-0.00562266612966324,-0.00512757003023151,0.0431821712349608,0.0159972556360815,0.00741792979252837,0.0198544728800344
2597,-0.0126303771851744,-0.0304209604201396,0.00573766453659613,0.0324959190545381,0.0168293276370399,-0.00312721242593078,0.00732797968454685,-0.0168173975069899,0.0140143409566117
2598,-0.0170266094129733,0.00357299836641602,0.0145614683670653,-0.00717624649736468,0.0204687986620672,-0.0379072944280368,-0.0246514455556,-0.011492375646444,0.0320465908920079
2599,-0.0186678920572166,0.0119676201524873,0.0154393540536982,0.00971209141754027,0.0337680072385569,-0.036844910231784,0.000313694979744095,-0.00558115338895278,0.00189555860109111
2600,-0.0332561100649586,0.0241747925753649,-0.0265599687851485,0.00371099199077345,-0.00262144581045504,0.0134626095867992,0.000909242691549969,0.00371284318566199,-0.00738001706610798
2601,-0.0192395365934063,0.0183610421093627,0.00397200959848643,0.0016021255912815,0.0088679621832963,-0.00579192834374583,0.00691665512155168,0.0402400427650711,-0.00069560490691066
2602,-0.0139838158201586,0.0102957551402571,0.0226411782047998,0.00902769482860289,-0.00715808175999673,-0.00342370535532999,0.00226972071555969,0.0550609656139111,-0.00197297519975096
2603,-0.00644544382538216,0.00721422631117595,0.0268563285499319,-0.0146840501494303,-0.00712962160256357,-0.0134673027494066,0.0174232607734051,-0.00145622251232987,0.00369198961430883
2604,-0.0120272137123901,0.0144638842334966,0.0287933761206998,-0.0103220221405391,-0.0133231421840088,-0.0218847497977125,0.0167731304119746,-0.0122677514657034,0.0196917291876171
2605,-0.00524551155087132,0.000534532605892074,0.0248304190028941,0.00670406077382917,-0.000611906400015924,4.05416063429602e-05,-0.00898938562492319,0.0049766147938284,-0.0104887491717706
2606,-0.0126496498582332,-0.00739891784177003,0.0327538298294697,-0.0153782479698976,-0.0285845810362746,0.0411800238050016,0.00336989085515307,0.0123804661244974,0.0243869964152696
2607,-0.00228282018174012,-0.00556038137662808,0.00445862098577022,0.000553487973081838,0.000490157427416719,-0.00589520271151655,0.00366467941882765,0.00106297259462609,0.00230088660953202
2608,-0.0112114600066037,-0.000802100283332482,0.0340101877329493,0.0106566884996844,-0.00801980228059966,-0.0368326731798328,0.0211248558160782,0.00808341189995757,-0.00803774136729451
2609,-0.00919535786082939,-0.0257268377681881,0.00796078341303704,0.000639547421193208,-0.0331596808639919,0.00947073516871496,-0.00629970484666021,0.014286984330894,0.0010144209780898
2610,-0.00283678421295341,-0.00987516580366868,0.00432457489407272,-0.00927998164540944,-0.0172606450906942,0.0049965564825853,0.00816892585814545,-0.00447099773688955,-0.00296096019607364
2611,-0.0123163493024763,0.0146813826887981,0.0290635290612606,-0.0173268566773209,0.0123437697451149,-0.0153357361458544,-9.95807703216322e-06,-0.0177473030521961,0.0104879844150272
2612,-0.00895542212994986,0.00686006228530237,0.0195729654861544,-0.0160077034309092,0.00929119092628753,-0.0057034828956302,-0.00110877992664658,-0.0119904665864454,0.00186948968863614
2613,-0.00707344011121448,0.00762316297514709,0.0184023875006106,-0.0192350037128501,-0.00313554557830932,-0.0105495722231844,0.0128312891056197,-0.00513428928741533,0.000305601337152691
2614,-0.00529302395547572,0.00259061893690733,0.0181549436403391,-0.0199354264058825,-0.000740346925737373,-0.00759109287729099,0.0190705678685845,-0.00299121775662631,-0.00414910011526184
2615,-0.0241026553208478,-0.0043794109770009,-0.0176784319661352,-0.0261721773376421,0.0053418208149638,-0.0302152299044996,-0.0117732853672586,-0.00572654412021299,-0.00105534861370623
2616,-0.0152801164033883,-0.0205816688384782,9.56654298624461e-06,-0.0215604789205148,0.00603606766178407,0.000475549249961342,0.0129741170669653,-0.0240307106521679,-0.023019956178906
2617,-0.00185266938577919,-0.00416883463317812,0.00524823758739174,-0.00370625096606948,0.00376354402328591,0.00173794245605151,0.00558829877633478,0.00238428115668182,0.0030368149874462
2618,-0.015423702113764,0.0118727972361157,0.0284524758776035,-0.0059130806925256,0.0221081772163569,-0.0166328225060019,0.01001982874458,-0.0385605100826613,0.013467772765312
2619,-0.00264998488598762,-0.00578694284577121,0.00600224298339659,-0.00272082652807447,-0.00114766163336333,0.0017239174673893,0.00562250090760447,0.00557541464606084,0.00132228346963035
2620,-0.00766537307796166,-0.0258245517946522,0.00235759624707803,0.00639861449183994,-0.00853335906543174,-0.00867562530114876,0.0230326371774017,0.00436572740680029,0.00151298504844316
2621,-0.00175026637660102,-0.00698518696095584,0.00405251176680813,0.0058491021683207,-0.00466069286064659,0.00213445430477107,0.0182279728968366,0.00481066333071732,0.00590031269905603
2622,-0.0211966183217546,0.022636673892937,0.00647399699396197,-0.0127076148807531,-0.0223456838484824,-0.00331791916930656,0.00929247934612939,0.0186913504856272,0.0277164642841481
2623,-0.0163584673326852,0.0154002913595969,0.00833027389224059,0.00626802180699195,-0.0088022105686758,-0.012540577559013,0.0180267253701362,0.0299707281019838,0.0156341551756319
2624,-0.00937980677243472,0.00189766141520963,0.0160668681327179,-0.010557636367635,0.00699122804160671,0.0262559188818859,0.0166827732559243,0.0334529249758318,-0.00288235762399362
2625,-0.0160775177476675,-0.000179862283975496,0.0106413871486363,0.023857332970955,0.0161862694701592,0.000249813327848043,-0.0170388187514217,0.0382839304727309,0.0010716043719922
2626,-0.00652598343916927,-0.0238305900316328,-0.000930693371982301,0.00322773491305969,-0.0032533469143849,0.0035780960296348,0.015571671756698,0.00813295165285197,0.0100772772513161
2627,-0.00430537992296812,-0.000500064469731591,0.0127612443615013,-0.00606336130782963,0.00950848774436604,-0.00582688608675496,0.01088187702806,0.00704681522517727,0.00684620818815538
2628,-0.00368460286079291,-0.0126354552644828,0.00249989888181298,0.0055217973143112,0.00258385465423861,-0.0171645648332324,0.00531200605144856,-0.00325911839536453,0.00710780614870568
2629,-0.00777539608520925,-0.0160783397559106,0.0230360638589659,0.0125889826953291,0.0150669615387367,0.00689337295621688,0.00309339254822576,-0.0104248089238296,0.0184873177377127
2630,-0.00902978935986297,-0.00233300454606876,0.0310019532814394,-0.0108419600647263,-0.0106478107268709,-0.0127847747759952,0.0111944701815819,0.0025658789504306,0.00539673355223723
2631,-0.0170865688579975,0.00430772629307097,0.0171311718988702,0.0215153098799405,0.00297848522105063,0.00306861093124134,-0.0472854455747203,0.0413282209832046,-0.000556331035554984
2632,-0.00822980254104403,-0.0154783242588708,0.0119926104698095,0.0120475510370596,-0.00865220793163194,0.0140169498582485,0.0291069916624095,-0.0188301837221027,-0.00796591520836595
2633,-0.00642586229338492,-0.0171486966360768,0.00853103286920938,0.0226733012242939,-0.00593055414631681,0.0115583857592896,0.014659947589683,-0.0023672603402609,0.0225015148782609
2634,-0.0186571181118003,0.0180470920602081,0.0117740936644403,0.0149386410018558,-0.0167969527810401,-0.00704712033575732,0.00900423311987133,0.0340540521545251,0.000716812644752066
2635,-0.0237985152827393,0.0197163224091914,0.00829878257504097,0.00963456412888296,-0.012559959593848,-0.0183670040127386,-0.00110113914842012,0.0392140347643311,0.0137145221192443
2636,-0.0127168151680753,-0.0129171069836031,0.0169417538292951,0.0275917052948328,-0.0183655221561625,-0.0251299027694208,0.000845411536872888,0.027882695421551,-0.00363815752832231
2637,-0.00939742287196027,-0.0257802621359289,-0.00641220197569934,0.0246862534238049,-0.00850865119940613,0.005809377546375,-0.00287611594362608,-0.015863501035868,0.0118616099313819
2638,-0.0139134224666206,-0.0151165732315163,0.00982161982433132,0.0193566763247204,-0.0246587649055227,-0.0137944171701062,-0.0131551059139366,0.0173850904301339,0.00687669748567514
2639,-0.000135220259799249,0.000437914064477381,0.00115702067223981,0.00084097452471729,-8.23138425643333e-05,-0.00133901206550833,0.0013306048456101,0.000963685767830466,-0.000150572771474433
2640,-0.0191262873598337,0.00611957524083326,0.00961727027386107,-0.0110993246586415,0.0163342365767897,0.0378507360971865,0.00273376768501823,-0.0175757504715405,-0.00598160778364743
2641,-0.0115898444637917,-0.0327198702966558,0.000958838271172107,-0.0257315818926573,0.00557369878669885,-0.000973183618867966,0.0111445162903942,0.020320896856542,0.00842485509016609
2642,-0.0133690809115606,-0.0321081701874034,-0.00652418932773371,-0.0234352470505677,-0.00978415805717518,0.00778851041979972,0.0183416680002087,-0.00141773842232088,0.00487718475142046
2643,-0.00817387181281263,-0.020332733698896,0.0186471744758974,0.00460490289825757,0.00574651140479097,-0.00321151622958132,0.00123017326357493,0.00992960768064142,0.00485898747839709
2644,-0.00341163479304555,-0.0113013872893162,0.00927137596223647,0.00460692922023407,-0.00660920704542457,0.00624325331865874,0.0176267993371597,0.00790774871064288,0.00665262982540651
2645,-0.009483928456759,0.000699506975109301,0.0226446033896912,-0.035009956675162,-0.0214456803493178,-0.0121510357047486,-0.0146850838319141,-0.0282633570910343,0.00407212288317581
2646,-0.0201114660463561,-0.0144136479377972,-3.62534987549477e-05,0.000907669798998437,0.0173147445824897,-0.0217232784835485,-0.0419918240363485,-0.0304779915994604,-0.0101532824025781
2647,-0.00761510831346885,-0.012592353424096,0.0106657162918843,-0.000931332101514565,-0.033850596019977,0.00929762295382897,0.0118133273503187,0.0277131951615327,0.0018614315614904
2648,-0.00410488121001838,-0.00641119081459985,0.0107264878931239,-0.00840463692074963,-0.00852588813680375,-0.00296168439135823,0.00105830069620648,0.00268505655073428,-0.00840808132706851
2649,-0.00449129034498087,-0.0111129579576814,0.0105924912136118,-0.00478986604683649,-0.0110761562991392,0.00237395287620044,0.00278381443078801,-0.00130349755874542,-0.00269382902822841
2650,-0.0138931396063789,-0.00523355035611546,0.00898100871268151,-4.63965556460926e-05,-0.0115309875805601,-0.0264191176093408,0.0157096413981948,0.0570879685366219,0.00311815731903665
2651,-0.0229168615549441,-0.00408095810649675,-0.011416753654734,-0.0115867441881044,-0.000451086383634266,0.0374788300220869,-0.0118450772028039,-0.0294380473400041,0.00624121595056667
2652,-0.0341086453912275,0.0237836965547597,-0.0271565277552983,0.0175882912097547,-0.0188527684667047,0.00332484467357337,0.00654835985121204,0.0100326695497981,-0.00952693296257332
2653,-0.0225089693591781,-0.0181848645790218,-0.0313908419576208,-0.000549540240687318,-0.0169105679457542,0.00466700358505757,-0.0250604126720755,0.00485830483855503,0.00530214443560616
2654,-0.0144073840938572,0.0150349579846793,0.034383781900377,0.0055343124372809,0.00801563091152115,-0.00723199098762789,-0.00014927890964582,0.0333844602915103,-0.013794175590408
2655,-0.0212140103072103,0.0236233478687561,0.00428361965947217,0.00248182553473285,0.0268476094426185,-0.0301993025233334,0.00339907040827476,0.0407359483140354,0.00458500660211719
2656,-0.0112842803699441,-0.00999511829673973,0.0156314377644399,-0.00739037595263523,-0.012383234938223,-0.00777272737701556,-0.0150070980092274,-0.0162767110497614,-0.0139018269101204
2657,-0.0246372613735494,-0.00482203668579892,-0.0220164481035505,-0.0119802158957284,0.00187221840222759,0.0331805358064179,-0.0142586920223625,-0.00798927784155598,-0.0168732566547298
2658,-0.00761497969334857,-0.0218825889705002,0.013280777812906,0.0178684116212419,-0.00640689513278841,0.0156563794038942,0.0111369565349213,0.00962652069089741,0.013071114107308
2659,-0.00740020118033326,-0.0184334854039143,0.000360107839324241,0.0106650922598906,-0.00423480635828545,-0.0103603541340206,-0.0150182491073081,-0.00634659165918628,-0.0217414217190876
2660,-0.018753129551165,-0.0153511769342333,-0.00782738412300231,-0.0170766429654443,0.0193079895839684,-0.0217138409899277,-0.0224740259652527,-0.0230159809282771,-0.0349038246170164
2661,-0.0165126230697412,0.00437959563545831,0.0223167695676273,-0.0256439814848946,-0.0299821988113629,0.0196606121083395,-0.0303781453880967,-0.0118893954065362,0.0116044451572315
2662,-0.00786391723754917,-0.00912490865554692,0.0231104084466061,-0.00399029330004124,-0.0232585444666646,0.0114103901705763,-0.00267295554584612,-0.00550856844101067,-0.0141000829776367
2663,-0.00142331268356211,-0.00324092120389484,0.000754133218967228,0.00200143824962547,0.00249150579252319,-0.00435013043559265,-0.00187615570284308,-0.00295736128737082,0.00256986145776055
2664,-0.0193560313191194,-0.00629272481741593,-0.00757945060180623,-0.0153704807507554,0.0285024810701476,0.0150411442985515,-0.00937854725062287,0.00951346231110509,-0.0269943680129933
2665,-0.0281085982228072,0.0101969624722327,-0.0241483277044087,-0.0130909414223865,-0.0125072249507359,-0.0154899537841066,-0.000170994895636336,-0.00642131711167342,-0.0141777333568883
2666,-0.0258505955102373,0.0133815383906218,-0.00674495097968686,-0.0191213096591707,-0.00854457021287421,-0.00478132570243439,-0.0123851234905666,-0.036153544059296,0.0302054752488488
2667,-0.00640688380856537,-0.0197824109384338,0.00816076804372305,0.002597742147017,0.00783925632908416,-0.012547764148751,0.0200462335660711,0.0151301836142242,0.00158169807124815
2668,-0.012700346010236,-0.0194737071792535,0.0111111030943502,-0.0229022117038853,0.0341756118089554,0.0321834592295925,-0.00682749093420533,0.0131059599001309,-0.0195489790379862
2669,-0.0175696187027187,0.00558170311813166,0.0140192491288732,0.00893439917120598,0.0368224937968074,-0.0243486849404685,0.0153844290301731,-0.0247754030192381,0.00787246947225799
2670,-0.00843652028707663,-0.00872924518931626,0.0237247072358314,-0.00790150422119969,0.0140297837197901,0.0396820096022394,0.0176269838158022,0.00261566687916546,0.00131660196290196
2671,-0.0160617626917958,-0.00957229990930614,0.00244399561213519,-0.0178237331330188,0.0136072019383559,0.0144365172869578,-0.0252990612635118,-0.0466719811105037,-0.0272294783191437
2672,-0.00687751098548214,-0.0147057340694445,0.0199050090581023,-0.00130690183125383,-0.0198303129894951,0.0147752466174068,0.00130529356602549,-0.0156236416604965,-0.00493153374035083
2673,-0.0179015124917283,0.0115565781904671,0.0245917648116459,-0.0131815791514282,-0.00804690881107442,-0.00561398679049859,-0.0100989767737573,0.0195315637903286,0.0486303152483925
2674,-0.015054764314421,0.00297895087631794,0.0366920504226137,-0.0134619956708715,-0.00858862954487633,-0.010650169964099,0.0176962124623577,0.0158766640091359,0.038934064376075
2675,-0.0217728624345405,0.0254197474679147,0.00176377447389689,-0.00254616976148034,0.0125797920782359,-0.0191756100958931,0.0258143058056744,0.0360579087051789,0.00394307147322321
2676,-0.0171078057672522,0.00899378454926383,0.00248881766386445,-0.000901214926640189,0.00872226754616626,-0.0179716484351718,0.0309788334784456,0.0379474451884566,-0.00933016164327363
2677,-0.0228141288204358,0.00273632099353284,-0.00432220041183969,0.0261820437750398,0.000613680519758678,0.0036536587624704,-0.0375854906327962,0.0258158885909057,-0.00952119158659373
2678,-0.00956978090022926,-0.0101530411223194,0.0184821298675332,0.00905258258248823,0.00452422068599241,0.00824863777657405,-0.00966507512313743,0.00790993751783191,0.00311186638891772
2679,-0.0118194127343318,-0.0304232817400517,0.00263918396983224,0.0252976444818227,0.007476763700873,-0.00663765508106679,0.00505243643948574,-0.00170756707788457,0.0172422052035922
2680,-0.00727393699099839,-0.00616574358271882,0.0238738634240647,-0.005697813770055,0.00298899149853312,0.0164583323959321,0.00896752946959425,0.0113517437171373,-0.0125975104854352
2681,-0.00120859050333539,0.000153817201593704,0.00402248533664587,0.000213489760383397,-0.00114819592289501,-0.00263485529384573,0.00646279476802396,-0.00141255456297855,0.00179370198909454
2682,-0.0125203418391902,0.00613976480036264,0.0218341376485308,0.0301415682670672,0.00886053935482359,0.0234167096091551,-0.00895707639277389,0.0326637997050765,0.00032984770109118
2683,-0.0223796400791635,0.0163492919648052,0.00366813774820745,0.0148347466281214,0.0139431608589787,-0.0268429326627345,-0.0137266475224464,0.0361242150146239,-0.0183848126238456
2684,-0.0303033755381184,0.0203453013011703,-0.0249909645245055,0.0116095661557631,-0.0204335136053677,0.000502573735514505,0.0140171543144069,0.0200585398068952,0.00237213599981546
2685,-0.0209001683321706,9.2403518009851e-05,-0.00454968521937295,0.0301739236528902,0.00081069768550489,0.0129366339797975,-0.040561885312661,0.0338930800286588,0.00650263890567759
2686,-0.00486772522512562,-0.00955072334484909,0.0156172640003641,-0.00209517866509935,-0.00382345529893657,0.0116644516477797,0.00518662724320119,-0.00474761226130477,-0.00156101123247674
2687,-0.0113350620712118,-0.0103616486216929,0.0127858729798506,0.0132188859720892,-0.0136178537110209,-0.014496749825746,-0.0105157044763835,0.0172974575126061,-0.0020113885073818
2688,-0.00856854012258784,-0.0164564459926494,0.00644709845809395,0.00481361867142457,-0.00881851017851427,-0.00782179736241977,0.0233239784065591,0.00389913825394684,0.00962657036815473
2689,-0.00153568983525451,-0.00337061081704599,0.00446791561960834,-0.000693546438362993,-0.00320142675557604,-0.000585458437460769,0.00533767360953767,0.00120978738941201,0.000847752716812545
2690,-0.0090936370570759,-0.0131832751437918,0.014071262261607,-0.0326217204217012,0.00723185392787274,-0.0228897487310049,0.0218232327458786,0.0213932150402157,-0.0141789710318655
2691,-0.00884767618426459,-0.0242353030091526,-0.000798210095586692,-0.00401443232321745,-0.00248355584845223,-0.00786099741122261,0.0111652212682131,0.00352894404514392,0.0146042216701635
2692,-0.0109344842779995,-0.00820158981937095,0.0272285169000141,-0.00246950254382279,-0.0313628492649991,0.00906550329698266,0.00358660216816427,-0.0274911129426542,0.0042017415739726
2693,-0.0165772097347004,-0.0116162678091913,0.00700747671511433,-0.0368630865540546,0.00133234233411142,0.035600857111189,0.015028546434174,-0.0106444615770677,0.00152423551013805
2694,-0.0122196824913996,0.00284471924833621,0.0149280666604842,-0.00562909878293938,-0.0535569236813265,0.000939267711371026,-0.0195083576654266,0.00832929723991932,0.00688972128088077
2695,-0.0156683640852885,0.00510623177174381,0.0128884574053729,-0.0196214400431644,-0.051746447724335,0.00537467784748388,-0.0107076152368624,0.0189612239299931,0.00762757355387469
2696,-0.0100673510976371,-0.00458733703483995,0.0244820910958957,-0.0105714218884041,-0.0214769332456749,-0.00120953068468261,-0.00735115935672995,-0.0352381590870798,-0.00230468382848444
2697,-0.0082223780139925,-0.000615987730601031,0.0197063688512944,-0.00863030543724064,-0.0189311218437465,-0.00453902630315836,0.00123850288866448,-0.0259199243237964,-0.0132516044308073
2698,-0.00668531058627372,-0.0301846046541273,-0.00478903854475624,-0.0204964295033043,-0.00079352244681416,0.00278475811669754,0.0239381922923104,0.00863324152427107,-0.00685409290992349
2699,-0.0175236502506434,-0.0273499279183961,-0.00880787550767621,-0.0289918395820949,-0.00941111825058019,-0.0158396963190302,0.00533517452538802,0.0432563240171051,0.0650951157725168
2700,-0.0138624756093267,0.0101731992058792,0.00608251920378598,0.00417222296205309,0.0175558852893342,-0.0276426318287963,0.0129551204640085,0.0507820194750388,0.00624798246864608
2701,-0.012981539750318,0.00898404148817514,0.0176396586571066,0.0118937543360282,-0.0123545417817159,0.0265802012905211,-0.00610242508887508,0.031257426176921,-0.00681255227214361
2702,-0.0279811562970692,0.00490962017291589,-0.0262179016050191,0.0278161746612671,-0.017678882661556,0.00518289182484277,0.00645827280940964,0.0141552528346999,-0.0201838000947769
2703,-0.000850076068749032,-0.00143639579317872,3.61986228293652e-05,0.00216009060874921,-0.00299626536009218,0.000350822537674149,-0.00253619009452312,0.000231045892469592,0.00367123546917949
2704,-0.00388621570427083,-0.0125471016593896,0.0091827205752799,0.00293183348632873,0.0080249543353803,-0.00188361422136819,0.0129730608701835,0.00436307199853263,0.00937059048600104
2705,-0.0232398666777226,-0.00222515324677481,-0.0164461475019787,0.0110405682269752,-0.0269435420685936,-0.0126935587646621,-0.00110145202204271,0.0364338640080576,0.0204241377189667
2706,-0.00731644595877211,0.000576151238497018,0.0191303179129032,0.00693438879670896,0.00739535035669943,0.0186118086990195,-0.00307180323364072,-0.00141254843787065,0.00849710286411118
2707,-0.00304694227668056,-0.00597736098794555,0.00318297150295198,0.00278346868301354,0.00536407064911464,-0.00780793425888325,0.00990961106875087,0.00356687088397561,0.00913554022593863
2708,-0.0256188821379159,0.0118277368846279,-0.0116696333608019,-0.00577772900077195,0.0159539942256579,-0.00879398697573753,-0.0244446904647916,-0.00546108272438666,0.00640611227197264
2709,-0.0274448090506249,0.0243722786141228,-0.00832378250035749,-0.00498898778560408,-0.0109444153885282,-0.00701004789350901,0.0178927573110709,-0.00833620508173728,0.0230994594392658
2710,-0.0258611894658267,-0.00240613075084435,-0.0218595073453112,-0.00592613206470482,0.011642990119776,-0.0271271167994116,-0.0313995342926996,0.00997324646741792,-0.00136332949936783
2711,-0.0318310996081819,0.0264264037963859,-0.0172270311451851,0.0100225066830501,-0.00152258078694272,0.0118361868229236,-0.00754194824475715,0.00798052483944284,0.0105084910033438
2712,-0.0199729630377485,-0.0263607409996621,-0.0203724897653919,-0.00403966495849169,0.0204739770150734,-0.0269179004762323,-0.0340927170206496,-0.036879676368819,-0.00196284380508413
2713,-0.0161406799173548,-0.0366402004155714,-0.0267140032017698,-0.00692176540644013,0.0135342915945316,0.00649853363056022,0.0117558656726034,0.0234043550456628,0.000676118465905746
2714,-0.0203473701150614,-0.00426228182301877,-0.00632666322937104,-0.0389278770023535,-0.00622257731490261,-0.0362975465097711,-0.0251715164615987,0.0120988647258874,-0.0115481328180936
2715,-0.0186663384875682,-0.000811709283570178,0.00197277485554137,-0.046564792735179,0.000732507335478326,-0.0302904426140529,-0.0182064673214626,0.00225700268921681,-0.0094555073215146
2716,-0.00860573861401392,-0.0196922507161876,0.00825157454268685,-0.0157841191795035,-0.00363972299814639,0.0143384053077306,-0.00114040917883717,0.0143455580549899,-0.00604321399111109
2717,-0.0210721933119324,-0.00392169885536066,-0.0042167831255001,-0.0264118137224088,-0.0250684095049279,0.0198944654325276,-0.0352548559196148,-0.00507718266994618,0.053114467976374
2718,-0.0132943366300392,-0.0445702841486203,-0.0211757813169129,-0.0161048458915489,0.0010096382183879,-0.00533767187093733,0.00699991354201574,0.0242489369177889,-0.00142640889623681
2719,-0.0199999357977677,-0.0104799252606073,-0.0105324520875532,0.00879130733475501,0.00907616846826466,0.0274307263827518,-0.0376600457268744,0.00579033266667213,0.0262341626431861
2720,-0.0150261539969475,-0.0347971366050964,-0.0246099965373238,-0.0228116925503772,0.0144956866194033,0.0068468923590655,0.0258531297793216,0.0148694312153987,-0.00117003969985448
2721,-0.0140243540810872,-0.0197563934369763,0.0133910822983011,0.00401908748207434,0.000182075496522791,-0.0302730389510392,-0.0253566725660796,-0.0147315624564065,0.00030730198409454
2722,-0.0164241787834461,-0.0297067801642754,-0.0108138797579326,-0.00194234013337436,0.0201038164763691,-0.0227590986550084,-0.016243842577887,-0.0304333138467929,-0.00109676568826329
2723,-0.00459001943856982,-0.0167738678184341,0.00129928753352539,0.00527751266162151,-0.000326776453649572,-0.00800999707735256,0.0113838534037451,0.0130800368373789,0.0101274187636358
2724,-0.00533823132676293,-0.0113078622373209,-0.00460928927215759,0.00852853752422104,-0.019343562237595,0.00892283891007522,-0.011864559677628,-0.00346335180524087,0.0030594340912418
2725,-0.0157189850737558,-0.0349902101132882,-0.0222423567832489,-0.0182346553505892,0.00438703997205299,-0.0120108636475399,-0.010392226296315,0.00169580957734271,-0.00610575438188782
2726,-0.00494437860922357,-0.0189957793258941,-0.000918307749874784,-0.0013465819142308,-0.00828057723098389,-0.00470642737638202,0.0106885290030487,-0.00120532762068277,0.0123031555731662
2727,-0.00173681016749467,-0.00631449175413137,-0.000720484192148229,0.00110441972703183,0.000497635072555828,-0.00173994112373507,0.00136343081349706,0.000395811238955847,0.00631351931583227
2728,-0.0141776699560508,-0.0400773349203022,-0.0220284397203729,-0.0276854235399446,0.0269420453066046,0.0157118515226253,0.000577257379312097,0.0378837947843941,0.0111454574439677
2729,-0.0163216383264467,-0.0321087133670139,-0.0240617594156536,-0.0259829175199708,0.0113207161783015,0.0278415811912142,-0.00969806239670266,0.0396937161101341,-0.00502042905020526
2730,-0.0145796563195195,-0.0374241700242459,-0.0168797745739358,-0.0255416371476177,0.0181678417403063,0.0264069500655227,0.00914554058946114,0.0387779717653679,0.00827342642470755
2731,-0.010614746434762,-0.0350189910733597,0.00583514802772471,0.00052239241699653,-0.00756257304393243,-0.00212940410829407,-0.00439724887605782,-0.00934573607836534,0.0182966847884295
2732,-0.0113495600429325,-0.0324748831674003,7.52137694616012e-05,-0.0261623610460973,0.0110839899981618,-0.00880452954891301,0.00727502138082581,0.0260755399521459,-0.00180745726829764
2733,-0.0142919869017985,-0.0417451875328649,-0.0219866398329065,-0.028658735381356,0.00195758100762369,0.00360006733989213,-0.00164079432092435,0.019960835419197,0.00971012737602012
2734,-0.0187192601215885,-0.00941914701770435,-0.00977142982739201,-0.0185260755235878,0.0407954083063052,0.0102369354660927,0.0196014206400235,-0.0320524235532113,-0.013675599461822
2735,-0.0174577920006331,0.00335618663947961,0.0106865989347222,-0.000760432379620296,0.0405052985012464,-0.00913506181710472,-0.0107847047059825,-0.035369799814034,0.0196980980762968
2736,-0.0158652433168868,-0.029744074301029,-0.0109213076972325,0.0227869287793871,0.0200414741613396,-0.0319311525461632,-0.00678952425009888,-0.0261337043210136,0.0189737067247704
2737,-0.0268654687822343,0.013027006517773,-0.0124806589579915,-0.0260608225842098,-0.00337868433308656,-0.0198181781776834,-0.00474804678454682,-0.0060129485116121,0.00281574907625035
2738,-0.00796428384732307,-0.020995151618745,0.0108991695103413,-0.00257993729502086,-0.0029712584989199,-0.0134306468018926,0.00422749647764661,0.0110719766169222,0.00790304292815583
2739,-0.0203577078401335,-0.0107324383842211,-0.00850581922911589,-0.0200992209945623,0.0122390494091948,0.0422892638677919,-0.0160647323472062,-0.00128398034931402,-0.0103000007630663
2740,-0.0284454986583768,0.0164127390259185,-0.0163892486828353,-0.0215232381625978,-0.00398255107189335,-0.00723055938198365,-0.00454880197187863,0.00035438100364594,0.0168174023436745
2741,-0.029263806402321,0.0225714768860652,-0.0188272656777417,-0.0174548521485374,-0.00912468305018968,0.00264090547366874,0.0155014894286223,0.00225824557007086,0.0100486366899716
2742,-0.025032339789038,0.00909012879076696,-0.00956010402775396,-0.0288960558408921,0.00173299594319115,-0.0161499388208475,-0.0183467746122245,0.00843831625484002,0.0237611323522452
2743,-0.0140713303244007,0.00982238586687346,0.0148444828384561,0.000654273454895679,0.0157124759721111,-0.0133671804797845,-0.0101464999011754,-0.0393288271870751,0.00578718202098786
2744,-0.0248803831797465,0.00599401245291453,-0.0146138328295942,-0.035406754502275,-0.010957370699668,-0.0181656424953244,-0.0226741259236434,4.94002208412948e-05,0.0123671026798943
2745,-0.019087394896419,-0.0137471772915417,-0.0059645974466937,0.0227744032130395,-0.0260630176551647,-0.0284539219672147,-0.0137244533244154,0.0239579085078348,-0.0150367479682143
2746,-0.0126256429101349,0.0118347000089087,0.0178979785730268,-0.0032496743428933,0.0219121956632823,0.011929135727287,0.0202046011748799,0.00238350925417586,-0.0187124049164321
2747,-0.00207644463599123,-0.00355361828959114,0.00888280262796363,-0.00324049739767438,-0.000487448378319107,-0.000402139970960833,0.00110317191633173,0.000800154486563648,-0.00696204374451748
2748,-0.0141481518488001,-0.00806663761482244,0.0190618070149369,-0.0138304088049835,0.00772024070358559,-0.0467248160951859,-0.0305178607084452,-0.00366489978205397,0.0342995075919982
2749,-0.0304705667407274,0.0213365674626616,-0.0154874912882009,0.0160569862254261,-0.0281988955254817,0.00885006921882668,0.00142444409899554,0.0135288739498598,0.00137928952582188
2750,-0.00202198642015844,-0.00740146352810969,0.00368963764379963,0.00698105766119434,-0.000644857737918191,2.35326757765306e-05,0.0104917816372842,5.23950084237203e-05,0.00248370476208846
2751,-0.0169526847556021,0.0147450340979654,0.0145919538354501,0.00986242144890807,0.0151201197389823,-0.00442306870609728,-0.00683664816713351,0.0514855950242096,0.00568940426396375
2752,-0.00532664940443282,-0.0143825186807688,0.0113315831416075,-0.000617036866469731,-0.00778707294675719,0.00551320287599028,0.00335986245092152,0.00209641726824055,0.00845997798111021
2753,-0.00858626364784146,-0.0233794948671834,0.0101504310756627,0.0161179014869115,-0.0115261629806085,-0.00892937374872938,0.0049375429435321,0.0090961711544541,0.00461718576529594
2754,-0.00527266383656266,-0.0226089519686791,0.00577859370323044,0.00254642572075683,-0.01277360744822,0.00655255057712372,0.00747792559459679,0.00910781237702967,0.0111636147731227
2755,-0.0100332712568987,0.00905096402890291,0.0201946246472013,-0.00738306481439182,0.00680404020021554,-0.00500147738883715,0.0193877894802111,0.00475595126152153,-0.00873453395469583
2756,-0.0283147215811922,0.00543539962639074,-0.0268854624054359,0.020978819151556,-0.00525409262074431,-0.00199337129324789,0.00611787618294248,0.00221250379449091,-0.0169111148207679
2757,-0.01659419010623,-0.0278079048408738,-0.00580404086699378,-0.0173804898470742,0.0109564369404109,-0.0130211407826055,0.0141423434232112,-0.018673169842728,-0.00951748493153734
2758,-0.0248066801519092,0.00913216533070897,-0.0107450529061405,-0.0159608847890202,-0.0190846522773506,0.0124657446992538,-0.0217222129189143,-0.0093657655806125,0.0381688907742894
2759,-0.0138172926497609,-0.0399696776522314,-0.0206222765880707,-0.00669055593048281,0.0250337541579413,-0.0194800531391805,0.0081649762756222,-0.0100160034480707,-0.00874829795007451
2760,-0.0154362973735088,-0.0366249020212436,-0.0120219666144403,-0.00830035532778833,-0.00502344245047591,-0.00371794268638616,-0.0139679861561591,-0.0136171628411368,0.0291130875200705
2761,-0.0223454919767343,-0.0132712487114371,-0.0236950760679569,-0.011763499409313,0.0161207526920805,0.00731908045044746,-0.0151070588731453,-0.0182508109840838,-0.0276398655799003
2762,-0.013992031305656,-0.0435827911698474,-0.0137857922404365,-0.00893008656806193,0.00516412648908128,-0.0206933024192817,-0.0177123967732815,-0.0221278337164388,0.0134313357392321
2763,-0.0241658701782847,-0.0117294932613679,-0.0237578871129748,0.00338771972385453,-0.00472711586154175,0.00822739199552499,-0.0405644363764808,-0.00194489945347165,-0.00439241291611529
2764,-0.0066449412034563,-0.000682104016754638,0.0216844367451552,-0.00379817225830682,-0.0145494331837324,-0.000855724855888921,0.0147142939312891,-0.0014810809269738,-0.020695165996576
2765,-0.0160064095720833,0.00367185600779512,0.0157928746232016,0.0244354557585106,-0.00351857282629552,-0.0120504862206908,0.00301290257617347,0.0555191909839854,0.00613163882924833
2766,-0.0206928177649856,0.00433091281228088,-0.0102918267027525,0.0151442846165712,-0.0315763252524038,0.0047052600783229,-0.00594727072654664,0.0272877929962266,-0.00434361459152731
2767,-0.011622585223083,-0.0037108031375391,0.0212554133825629,0.0124446460452061,-0.00711365056558342,-0.0164442839130294,-0.000119038027661193,0.0315036992971901,-0.00665686514738137
2768,-0.0135966625300628,0.00969811178500166,0.0289255741449857,0.0163422941984678,0.0174255613805963,0.00855221488792371,-0.015425443538712,0.00446258951849851,-0.00376527288430445
2769,-0.00764644151005622,-0.00186269859612791,0.0146825386298257,0.00870709934634134,-0.019148544354719,-0.00609682281960105,0.00511352179149531,0.0259016606344588,-0.00697559655981096
2770,-0.00754581151653569,-0.0196617933116437,0.0106351588405445,-0.0199591746217389,-0.012480785932839,6.63633445082316e-05,0.0104142280482036,0.0192792116736354,-0.0103269643204121
2771,-0.00626397341243764,-0.0123832142437038,0.0180007391063062,-0.00176114307486476,-0.0202768152089729,-0.000630369854908073,0.00271539784793999,-0.0128897977505816,-0.00717500675884178
2772,-0.0142781823518574,-0.0326873498907596,-0.00767690224920918,-0.0426034676787217,0.00764156486223967,-0.0234237881617255,0.00323004517710828,0.0149501200224074,-0.0049307396180475
2773,-0.00473378172797863,-0.00493200663009313,0.00910058819848808,-0.00933466534850168,0.00027002569847554,-0.00630637079095194,-0.00229687127250938,0.00856276169735247,-0.0102648316329836
2774,-0.0248549654544182,0.0166363911066346,-0.00665672222833723,-0.0113578608574164,-0.0153147119138223,-0.000897596399925254,0.00762886570571035,-0.00718871856268758,0.0256601357874428
2775,-0.0132184013186168,0.0119190908945719,0.0175972637881352,-0.0168578023074888,-0.0208156154183119,-0.00251992518100465,0.0133696926586158,0.00265162254352213,0.0181070615066452
2776,-0.0287300724383953,0.0222195022201967,-0.017021480356437,-0.00235528404966962,-0.0054728998144536,0.0194931897042016,0.00275508749003345,0.0187383417064863,0.0154718790899883
2777,-0.0154309738376631,-0.0309237687644241,-0.010978749456783,-0.0166874182578187,0.00711280279903449,-0.0137200445737964,-0.0407039822176939,-0.0046057841117387,0.00633924946193161
2778,-0.0200800415357108,0.0092512467541852,0.0127824526636179,-0.0208791620658792,0.0144809263390252,-0.0255889693916085,-0.0214252422606596,-0.0246802398679323,0.031723478499857
2779,-0.0183029370138954,0.0120710010910255,0.016719059472278,-0.0189319774666481,0.015505715888183,-0.0206531876541291,-0.0128097503647064,-0.00673940528214635,0.0464738157466861
2780,-0.0203377788439609,0.00840430385140359,0.00704081257973916,-0.0290601431856968,0.0136172916857408,-0.0240918483423048,-0.0300353278794431,-0.00420284205904518,0.0294910563189169
2781,-0.00631293281076802,-0.0121764796877881,0.0193429848338005,-0.0112927839418495,-0.0280561980571129,0.0133150624590929,-0.00126802038762108,-0.0194122556082264,-0.00265741561596831
2782,-0.0209180746578591,0.00549826681005774,0.00439853477205663,-0.0363085037373973,0.00476917760545055,-0.0212013670134089,-0.0307600572590933,-0.00350343105347918,0.0324116542486034
2783,-0.00502286738523975,-0.0183323584062183,0.00897789631571377,0.0173386029149983,-0.00582091508710064,-0.00104778838306343,0.0215087950725659,0.00255054544353727,0.010955417242428
2784,-0.0129401114547816,0.0114454555259588,0.0139350077885901,-0.00288575109338326,-0.0318768067450708,0.00703182052303406,0.0212645216413519,0.0174572333760612,-0.0128746269278975
2785,-0.0174115049120648,-0.00651655407388836,-0.0028000968517809,0.0251972131585029,0.0292078646166662,-0.00863065960826475,0.041070717969398,0.0277264920983439,-0.0155217739215896
2786,-0.0312670270511063,0.0140373812778552,-0.0283942047036813,0.0169675348986054,-0.0222310435643471,0.0137520568048885,-0.00141740928705061,0.0174910024777798,0.00467213647448533
2787,-0.00634497009846279,-0.0201458042116499,0.00118916829733253,0.0152193827476431,0.00364203779161954,-0.0088949317600972,0.00704004881666194,-0.00399283613727424,0.0166774550004442
2788,-0.0017340922229938,-0.00529623357112527,0.00207368945853764,-0.00148728082035889,-0.00290836383155274,-0.00239648474319779,-0.00132049198984952,0.00050590418759084,0.00199878226659256
2789,-0.0271539999247592,0.0151246879836434,-0.00687970406095567,-0.00806016203745764,-0.0322182025811645,0.0239000764710763,0.0218356836591396,0.00188848615582168,0.0492626598136479
2790,-0.00197665479676925,-0.000838927071479483,0.00662977299245784,0.00166438575759428,-0.00294532883894764,-0.00156442638400639,0.00119330896720835,0.00284188131051689,-0.00231968804021636
2791,-0.0120819724802321,-0.031880849104228,-0.00341616326631352,-0.00438486796162986,-0.0259932463022534,0.00989091403228358,0.0142535235275306,0.0108978098813649,-0.00574841430325023
2792,-0.00272805375692477,-0.00712428501498912,-0.006197752829629,0.0188858842598174,0.00305091648652982,-0.00165008586279504,0.0150824588633824,0.00396122886205649,0.00715838923706902
2793,-0.0154229461294799,0.0148563604821437,0.0127282490759679,0.0128430955908965,0.00831025623614911,0.00296116899090305,0.00151991350126521,0.0418361574027081,-0.000587647581073645
2794,-0.0227864865400885,0.0246811643307129,0.00452301446999555,0.00826441688121726,0.00262167850274528,-0.0175077611378673,0.0197791417034611,0.0385078719814677,-0.00319599330265771
2795,-0.0314746458619934,0.0179320139340515,-0.0271100018160176,0.00939186041778395,-0.00660114230554561,-0.0112463770706411,0.016906148862603,0.0153690102758353,0.00301075263140421
2796,-0.0256629241585746,0.0015492689496217,-0.0243861331749328,0.0245571488365238,-0.0289194930862904,0.00877069654896178,-0.0150675594493686,0.0120949882337288,-0.02345630754779
2797,-0.0129136954583364,-0.029490225095375,0.00459497326924298,0.020082137769143,-0.0265254568246827,-0.00109274512947426,0.0119075248002436,0.0301607074730018,0.0297139104249888
2798,-0.0094357526461258,-0.0354836031722721,0.00129933374202041,0.0156546293492977,-0.00638969884054725,-0.0131269946520816,0.0331154036043157,-0.000728772983927052,0.0200856787703887
2799,-0.0146888061563897,-0.0339782518878952,-0.0231595420102656,-0.0205472244799049,0.0190507579844705,-0.0274158612789097,-0.00255014929778189,-0.00669478064639883,-0.011478798358666
2800,-0.00237354195196232,-0.00612534290359699,-0.0073654185179451,-0.00918700699645708,0.00537962424357489,0.0100706820320721,-0.00632320112374887,0.0203490231847242,0.00979363808130095
2801,-0.00979428243951017,-0.0177152697681679,0.0226661923417936,-0.0131280036914146,-0.0392594011372234,0.0146259893932229,-0.00344443624321957,-0.0124681010056737,0.000749425047362367
2802,-0.0107257254333366,-0.00690792666962853,0.0266267224709701,-0.0139540058242902,0.000640192849113403,0.00172772664593148,-0.0172426285870059,-0.000191829816905575,-0.0182604554926606
2803,-0.0155766726733999,-0.0107012844259502,0.00378602724505373,-0.0236950311922905,-0.00203529420178828,-0.0392108867199962,0.0129916830386484,-0.0110694672571937,-0.0219513164069909
2804,-0.0188902770035073,0.010640839071781,0.00409969976883892,8.78144384581725e-05,-0.0412677468319321,0.00578110088232033,-0.0135151240801942,0.0151145490212076,-0.00383960933926529
2805,-0.00797580054510862,-0.00529337053932611,0.0298050579985224,-0.00649079210347627,-0.0342032873015299,0.0169254055663203,-0.0162701643301338,-0.0197161359866282,-0.0193125093226169
2806,-0.0164364517175492,-0.00978930115190437,0.00934119732568975,-0.0167437427967578,-0.0421066049977375,0.00863437235524036,-0.0291225326389903,-0.0325573372242918,0.0123644532804373
2807,-0.0231460721481639,-0.0111331685480651,-0.0229748143463626,0.0164691506187079,-0.00977912325960431,-0.0136966390574932,-0.0307905456640833,0.00321382360761301,-0.0100207530322946
2808,-0.0217928858626681,0.00980918453886622,0.00723116657169073,-0.000307644661973434,-0.00857664636321543,-0.038298778446471,-0.00440558339341062,-0.0108963944150279,0.0197057989129176
2809,-0.0068727802368859,-0.0213901952416195,0.0181207918517228,-0.00385342325660828,-0.0331800966203916,0.0230264462957226,-0.00386201205263217,-0.015404101283342,-0.0142023988825628
2810,-0.0200663585538504,-0.0307560083447739,-0.0286650764297286,-0.0227276057061147,0.0107438400235801,0.0265513558305772,-0.00638025716372176,0.0320177033746623,-0.00127267172889202
2811,-0.00944243107277379,-0.00209370346579661,0.0205843046318881,-0.0166301336012773,-0.0355642920657137,0.00320942820659563,-0.00671435522073778,-0.010934437587272,-0.000704690126138149
2812,-0.00599087320866248,-0.00909446342723295,0.0120620050213965,-0.0244500791307247,0.0118620977886951,-0.0153859655748237,0.00916952217930755,0.0179933545544532,-0.012107478287976
2813,-0.00224012832999159,-0.00348910432311026,0.0066828433332714,-0.00278844052374544,-0.00333236910712431,-0.00226960865877659,0.00121124486738721,0.000857188737343394,-0.000766647768429651
2814,-0.00123478935191311,-0.00172976701316792,0.00138324718503059,-0.00230408283802426,-0.00223363818585939,-0.00109845604590773,0.00237190691290464,0.000936236480501406,-0.000737752533199056
2815,-0.0166674869756713,-0.0169701258553823,0.0068361823769198,-0.0282926681885798,0.0313240753935691,0.0339587000543573,0.00749923966312834,-0.0129937501252002,-0.0103384874741646
2816,-0.0152773133133631,-0.0027649405003865,0.0202123170253127,-0.0251468608954946,0.00627046185637854,-0.0388224736316334,-0.0286063815460661,-0.00935969574125546,0.0247443299516478
2817,-0.0220730489915884,-0.0218715339722094,-0.0295595205603119,-0.0352476958967573,-0.0015232825711493,0.000213667232263359,-0.0108680797512697,0.0271996208504371,0.00131452800007046
2818,-0.00692535344062675,-0.000336302773476953,0.0286974103099288,-0.0114115508251352,-0.0011473502287597,0.0182274136985524,-0.00350235108878457,0.0100476046843679,-0.00638242775474621
2819,-0.0144341304050943,-0.00261874641531463,0.0208768585144205,-0.0511409535667358,-0.0330454981540535,-0.0243278220838557,-0.0275158083068424,-0.0263347250797243,0.00527360523900165
2820,-0.0232181482665115,0.027534039041457,0.00131088469886663,-0.00533465238181357,-0.014641372834497,0.0229906209646238,-0.0127501065829089,0.00681290263366503,0.0115415636070545
2821,-0.0220906909711806,0.00701398465894373,0.0071574093418273,-0.0170846534087141,0.0179137807396583,0.0391490214332345,-0.0155767647496599,-0.00036862771056116,0.0140184573187385
2822,-0.0235894139017799,-0.00779111307191397,-0.0224135362858663,-0.0432518409730415,0.00800181419215653,-0.00296095842413896,-0.0130787787443813,0.00756867659843115,-0.0248277028244839
2823,-0.0175728749767696,-0.00415870347432352,0.0068746659867688,-0.0222463996555376,-0.0166536738637508,-0.0198369410065218,-0.0339359579311982,-0.0199001163664727,0.0218081938200287
2824,-0.0271571207678334,0.00426172603779753,-0.0255090189830975,-0.0203281681775135,0.0017865308715791,-0.00229973995182165,-0.0111955107172848,0.0109614608636064,-0.00657677459124435
2825,-0.0128415023858315,-0.0451260579467077,-0.0136617222835387,-0.0439948546164624,0.00706758845253101,-0.00940438312082478,0.011274621500936,0.0222862192958816,-0.00786930653033944
2826,-0.0274017210604291,0.0181976877036288,-0.00977316384947568,-0.00254904116648393,0.0082166752198024,0.00511174405698916,-0.0266424576775053,0.00610304723627922,0.00828273282036904
2827,-0.0184166715518793,0.0055491047424789,0.00928553705451953,-0.0166976886188114,-0.00106339739446833,0.0093124135833263,-0.0501629740650246,0.00262496264697952,-0.0136535361752794
2828,-0.00722380026946844,0.00349136884704003,0.0194749852836704,-0.00343219989097674,0.00488448873346827,0.00517547275280007,-0.018426009213146,0.00584168494970699,-0.00346439508607215
2829,-0.00643444430091556,0.000439446510231008,0.0159232535778714,-0.00208624503492381,-0.00047016613978671,-0.000863488600614411,-0.019166503202378,0.00519328708305714,-0.00695240109321957
2830,-0.00606837435579863,-0.000778032128110331,0.0203912759602491,-0.000628172457526059,-0.000590547821972014,-0.000778508765668162,-0.00594507725147262,0.0114017784999296,-0.00800759040515903
2831,-0.0271720808431651,0.0110315749119673,-0.0128821250227323,0.0105374764219291,0.0149509434323298,-0.0103547905551698,-0.00863660420726257,-0.00415390120808761,0.0394348529291029
2832,-0.0134614947080447,-0.0170893501646068,0.0144272375805065,0.0150483135504187,0.0108704014217714,0.00991818625170402,-0.0124093241495404,-0.0140931620355893,0.00665351420281688
2833,-0.0152057849650127,-0.0207001993403085,0.00417751086860662,0.0281051230368518,0.00344117691749735,0.0132754334161554,-0.0183529601124694,-0.00238951916910351,0.0319784459096907
2834,-0.00840370190336234,-0.0274508820614654,0.00291558291565235,-0.00887051073610844,-0.00415520666756427,0.00244469471858077,0.00546447210757668,0.00541923562287132,0.0046473277549556
2835,-0.00958397055671097,-0.00421148112629581,0.0231171948473975,-0.0105396064914269,0.00994134195584801,0.0080645702347898,-0.0314502267942526,0.00996192176366882,0.00199522863593423
2836,-0.0109951849963982,-0.0231725574566221,0.00608962328054315,-0.0252572016010002,0.00730834339215745,0.00733267761250226,0.0041270377765643,0.019624499218121,-0.0216631439854388
2837,-0.00777511312758883,-0.00416992668623973,0.0182929989709665,0.0176897821799287,-0.000264000341471719,-0.00108923685531216,0.00674453399269309,-0.00309091049364808,-0.000578693608682521
2838,-0.0182241544352473,0.000606280477092717,0.000135620735653718,0.0223381383571564,-0.00986241506375514,0.0150319962364022,0.00830441901575829,0.030276255550155,-0.0198481985942588
2839,-0.0276690537940657,0.0258692432699076,-0.00709367386022063,0.00516813913645569,-0.0173707103522571,0.0138471964804819,-0.00233789288435426,0.0210633840068989,0.00378976715104319
2840,-0.0219442196588448,0.0207554343794119,0.00108221046676186,0.00947389248144612,-0.00747818322905174,-0.0175993650243432,0.012601236938332,0.026048401755094,0.00232520128033318
2841,-0.00935571049882954,0.00651608742917386,0.0194211891873581,-0.00280433194606388,-0.00667132005137726,0.0353427677569022,-0.00307367767619525,0.00828429965771495,0.0109571733350375
2842,-0.0138329777212802,-0.0261406070960865,-0.00826421866078948,0.0227573258065491,-0.0227842110017008,-0.0166699509976985,0.00689750061806621,0.0268412050773939,0.00999481583188505
2843,-0.00456636976434492,-0.0108250594517447,0.0140908951954023,-0.00230640560390528,-6.94568831363216e-05,0.0020996778381394,0.00370280239320851,0.00471450997557246,-0.00200679755963515
2844,-0.00203249240516335,-0.00578554995927462,0.00495859431760645,-0.000846774314849458,0.000432225251987804,0.000131696197404981,0.000946591328058281,0.00475900439486752,-0.000485299377864641
2845,-0.0033676646255562,-0.00949453626569505,0.00975087220548244,-0.012864195361346,-0.0105158279521419,0.00297588231702354,0.00793976162255622,0.000363816239475016,-0.00400031477572944
2846,-0.0270010991132887,0.00854636409926025,-0.0173456630727294,0.0205850257074207,0.0130956103334476,0.0026229000645081,-0.0129868715100669,0.00742013249206386,-0.00487241256267121
2847,-0.0202585081510905,-0.0054265923516518,-0.00791680318830556,-0.0235949707533115,0.0266807032357506,0.0401658090477948,0.0139160188113234,0.00111375203567701,-0.0195761004150514
2848,-0.0211130654633213,-0.00182243163584792,-0.00991287864931325,-0.0495418945917068,0.00441629781456168,-0.0383521958877796,0.00229602474974832,-0.00438428074967368,-0.00613261383228807
2849,-0.0126139742786431,0.0034412737139551,0.0277610602858031,0.00837739148820557,-0.00771939651384272,-0.0196211999098176,-0.0124110012585067,0.0025764587906918,0.00205001320808355
2850,-0.010094563068833,0.00270040588762447,0.0246074087951371,-0.00135300035128391,-0.00798776485471725,-0.0193408789421769,-0.00165849702172054,0.00862416978144826,-0.0213642445457168
2851,-0.000888623701763424,-0.00211780350232628,0.000706703497439651,-0.00118682342254387,-0.00167525407758582,0.000361384627634782,-0.00171890373329918,-0.000603465196945509,-0.00290562477214005
2852,-0.0167759880069283,-0.00644153724909645,0.00369578955410979,-0.0468624034568804,0.00902213375976793,-0.0433425023663623,-0.0182372648595532,-0.00298049180679639,-0.0144546753475689
2853,-0.0194198493030614,-0.0252030478561346,-0.020468168550274,0.00889148656846001,0.00695383038175414,0.0174936046035629,-0.044406142643845,-0.0185426733434443,0.0104697709627206
2854,-0.0234832631242523,-0.00747998474803612,-0.0204835998413011,-0.0166047438381385,0.00686383938738525,-0.0285487462599926,-0.0219838891741481,-0.022266041662902,-0.0186995171264625
2855,-0.0142241168425287,-0.0325339518308611,-0.00633586395321413,-0.01715437233147,0.00960051630699792,-0.00218612594325371,0.00736950113541966,0.000253822263193298,-0.0109977332911417
2856,-0.0205281639539129,0.00309192492541707,-0.00293350037357383,-0.0217831551373902,-0.0142186768234825,0.0122616446885382,-0.0320606899869164,-0.0127102457960014,0.0579906638017554
2857,-0.0229981069263747,-0.000164024163349909,0.000178478649750639,0.00869363355469178,0.0252515563926907,-0.00826228333598822,-0.0317936621507134,-0.038147306776475,-0.00575337001513099
2858,-0.0296098781346842,0.0148554426843209,-0.0287513189379028,0.00752449057332584,0.00863441266409222,0.00930499528917189,0.0120210563898151,-0.00126732797666264,0.011416512704174
2859,-0.00966689800222107,-0.0174165829847164,0.01142641962348,-0.0227221994019447,0.018837747097049,-0.0031793433040431,0.0195905578846109,-0.0113008977740648,-0.00665368035754806
2860,-0.0190629997889398,-0.00720377285736241,-0.00942595636863665,-0.0426000321965439,0.00536658073911371,-0.0324585660975792,-0.00789197146586622,0.00913992494569534,-0.032632659162275
2861,-0.0147719187808272,-0.0345323111220474,-0.00445697762463343,-0.0110397186529771,-0.0100413290517958,-0.00395598401914604,0.0152420577587479,0.00574884562185668,0.00354167136937627
2862,-0.0144236664659462,-0.0267969573773306,-0.00418790023317407,-0.0352342397372857,0.0284926016139246,0.00376420370540253,-0.00064925020553645,0.0190037955946995,-0.00867097846485972
2863,-0.0177047825706666,-0.0380301391570757,-0.0200887017747634,0.0137047415597637,-0.0115172552750192,0.005123366504461,0.0050987109775959,-0.0129958294240618,0.00409408842672619
2864,-0.0198216684316085,-0.00755981454858481,-0.00516331646749654,0.0428661747229325,-0.0101372088024064,-0.0161683010903985,-0.00810201749195269,0.00654231415672864,-0.0393056524945979
2865,-0.0196618461936267,-0.0195897430226682,-0.0117080481957741,0.0338194373140437,0.0184166887515601,-0.0080131017445164,0.0134425024471809,-0.0079355665232681,0.0130705133831843
2866,-0.0266630874322801,0.0226396923061476,-0.0105812745138866,0.00481150126861481,-0.0220991067355271,0.0130187596570845,0.0193415114979912,0.00905576015573777,0.00786120296124688
2867,-0.0248794785855379,0.0281123518570047,-0.00482274738767413,-0.00921828604199359,0.00271321847003805,-0.00573267989413697,0.0182309895513062,0.0178983466870753,0.0211004540402354
2868,-0.0252335625629857,-0.00477175985899884,-0.0266108275502987,0.0315049982500055,-0.00392623194713643,0.00409467306207242,-0.0159921840797835,0.00675934328844344,0.00118143370660694
2869,-0.000957973331566956,-0.00422185996556004,-0.00278195913180257,-0.000978390072328559,-0.00256081264116475,0.0025901865750127,0.00622320575202284,-0.000504911864111437,0.000524548165633547
2870,-0.000367012286320775,0.000133307946856886,0.0015830985480221,-0.00286619961131278,-0.00290012107186149,0.00323734041560698,-0.000751269607735878,0.000663014194617678,-0.00208639522637484
2871,-0.0148452558183294,-0.0114153341931047,0.00966713021987827,-0.0368130010008624,0.016041993108142,0.0229769165396357,-0.00722289145942173,0.0214375219925705,-0.00565962168437246
2872,-0.021575353851917,0.0113909682305017,0.00650294857832542,-0.00583111867357737,0.00975662855923692,0.0169656947137618,-0.0329494206767696,-0.00793104617196634,0.00369324720017621
2873,-0.0222349688692709,-0.0109969923657444,-0.0139470997686233,-0.0288060068135219,0.0247360048594291,0.0372151544369693,-0.0156898458142165,-0.0107972618012685,-0.032008622628058
2874,-0.0209448932538025,-0.0306400921366702,-0.0310773091670548,-0.00318344071274937,0.00286161955449673,-0.00182593949225408,0.00848538174702418,0.00757437268189141,-0.0150000248581978
2875,-0.0197791099877793,-0.0302310099690949,-0.0254930789681331,-0.00236323848387781,-0.00195675119324903,-0.018313605141616,-0.0189500741241514,-0.00427152113789187,-0.0162090139678175
2876,-0.0203072089038746,-0.0272231423346567,-0.0269074305573936,-0.0268011719594478,-0.00371218325491581,-0.0188336840495486,-0.000276877525386112,-0.0279332483181751,0.00118407128926213
2877,-0.00905627730280581,-0.0263034731368499,0.00773178139359264,-0.016844748576864,0.00479292055940448,0.00201182842133083,0.0166477727228067,0.0107424973424673,0.0116979859645006
2878,-0.0160648219864964,-0.0321050153470076,-0.0214930414941097,-0.0241935392539717,0.00238941796688167,-0.0173475033309712,-0.00727936724590183,0.0134774376728755,-0.0130094592808235
2879,-0.0141130380483999,-0.0400146411153022,-0.0152835782488988,0.0175656582807314,0.00700171619852638,0.0146748363650462,-0.0150418338331396,-0.0296591991374975,0.0292355109167441
2880,-0.0257907017636883,-0.00821840517557016,-0.0271028738421409,-0.0162996842311948,0.0139310342567667,-0.0062109162520981,-0.00200556967915163,-0.0091862228561168,-0.033446072829789
2881,-0.0154388261284831,-0.028818081611572,-0.0108171405863066,-0.0401646201884367,0.0158151000729486,0.0291297971884519,-0.0116273228078758,0.0334779379833204,-0.0114150997047954
2882,-0.0186636346559219,-0.0247031508506134,-0.0209854100770501,-0.016856238515329,0.0374671198605051,0.025450786162948,-0.00537079864671867,0.00675732533806359,-0.0167779568357741
2883,-0.0262439047121535,0.00913910972405271,-0.0113531542161941,0.000224931390085209,0.0173901074586254,-0.00494612129700621,-0.0172584265671193,-0.0307084902763546,-0.016413198281626
2884,-0.0166507347839742,-0.021013224649308,-0.0142751244609831,-0.0161698598341172,0.0187525031708831,0.000458102746129321,-0.0405510351420605,0.01192858001797,-0.00754704468654105
2885,-0.0255095953548249,0.00742745456058422,-0.0130415651154729,0.0161289743743187,0.0103500789784274,-0.0223067363624869,0.00971102423089536,-0.0317618597295686,-0.0203612450378657
2886,-0.0293924910525716,0.0257430006391957,-0.0212893818461542,0.00392656106892764,0.000965545165359201,-0.0183410612728719,0.0158948769283536,0.00371927269698418,-0.0126849940093872
2887,-0.0205075087780791,-0.00126670546533048,0.00474233037506661,-0.00611620216581377,0.00848568164223464,-0.0535504720318403,-0.0570617581090615,0.00708006665033532,0.022707047880676
2888,-0.0122985577243261,-0.0214002685468526,0.0127403138231868,0.0172513664213006,0.0215117145234145,-0.0155555725424196,0.00597655653277099,-0.00799068229124672,-0.00285438103027349
2889,-0.0281836220664676,0.0138477811273883,-0.0206611319588925,-0.00575835861076216,0.00453962163986851,-0.0109390243598275,-0.0196734384444677,0.0043651167554454,0.0171580669498024
2890,-0.0266761635264353,0.0142669453361404,-0.01001133242665,0.0167660951151947,0.0175830088465658,0.000598644907143238,0.0121985666517532,-0.0312831008898705,-0.0269859851308266
2891,-0.00884823287263273,-0.0274475190369852,0.00780854783843818,-0.00222598572818277,0.0043200994584741,-0.00758675079510582,0.00397993335709858,-0.00805043260701739,0.0083145107893556
2892,-0.0240013420473666,0.0264765800456987,0.00412764450873529,0.000768297152836241,0.00535881519578971,-0.012878935746683,0.0219932317221726,-0.0108682619246346,0.00476225939389725
2893,-0.0266603991445363,0.0116329479926318,-0.014759132726578,0.0151972483680374,-0.00200424348840111,0.00740156955371108,-0.0138809569980575,-0.00317401423670525,0.00539949524458336
2894,-0.013519121403928,-0.0140764731178319,0.0138995337341494,-0.00471168983642919,0.0225625953741253,-0.0257356233581895,-0.00350613931822977,-0.0211838277362797,-0.00788643912970833
2895,-0.0106097362520686,-0.0284834579451926,0.0101087539911186,-0.0130695942003642,0.0111298945086338,-0.0108760879902204,0.00825096886276998,0.00387136551433335,-0.00209423773112291
2896,-0.0182551682911588,-0.0216733214446008,-0.00200026166316241,0.00295674106878211,0.0363361460424753,-0.0196065728750765,-0.0269825450693681,-0.0407702476646531,-0.0154275993078685
2897,-0.0138685116634643,-0.0267068374950577,0.0029560722026601,0.00743663209390562,0.00978749431231869,0.00308201714884967,-0.0202152462965808,-0.033007755680305,-0.00935400988296883
2898,-0.0164420175782597,0.020329017669674,0.0127850621742161,-0.00345057018003479,-0.00743737018737557,-0.0223484059251589,0.0183651594272075,0.0323587370882399,0.004019287308116
2899,-0.0333520383207201,0.0264624692329386,-0.0241140121054821,0.00179602543365346,0.000884000372362001,0.0217477236078419,0.0202977167624348,0.0101771731252634,0.0111409853776175
2900,-0.0154674789818484,-0.0135059114411785,0.00339736963632335,0.0261586410281173,-0.0188506940845722,-0.00941968963178801,-0.00637844165190585,0.0409121291306657,-0.0081666912262691
2901,-0.0032900586942982,-0.0109303376995572,0.000978412639197979,0.011907826489772,-0.00263857484072678,-0.00869698773215325,0.00826889368621279,0.000408978666003375,-0.0015182916916511
2902,-0.0153097795264809,-0.0175597024241576,0.00513301811033363,0.0166441259223739,-0.0207718842549635,-0.0109216535625039,0.0112995956140429,0.0238277904570616,-0.00843210244064897
2903,-0.0145352146135163,-0.0228558080689889,0.00360542443954907,0.0360709341712653,0.00348165915847114,-0.0120956829437225,0.00954391954287178,0.0151042988265489,0.00368252167402457
2904,-0.00108203793583622,-0.00429002922138104,0.00198360192507392,0.000769113572907147,-0.00117345652362574,0.00375837584719885,0.00193275768485236,0.00198595811942446,0.00103750291840815
2905,-0.0122216532540136,0.00623868473651442,0.0403542894601472,0.00443819172093589,0.0162423588651361,-0.00695538170758891,-0.0187283109250151,0.0150577723226002,-0.020005311766245
2906,-0.00618338158853659,-0.0156435435705895,-0.00788247229738443,-0.0234971261099093,-0.00793061621094061,-0.0162232103309456,0.0113997862954901,0.0171406544536312,-0.00710620876489384
2907,-0.0091461865992562,-0.0147211128719102,0.0103654842407309,-0.0346593360221036,0.00509469826259713,-0.00895349802240516,0.0148415254438209,0.0330298905521218,-0.00368907281396678
2908,-0.000328385805703149,-0.000554662145142468,0.000202190457455892,0.000412618325592584,-0.000990227589508109,-0.000500372495685087,0.000192382779917076,0.000447076195103228,-0.00241787536642608
2909,-0.00955729869890723,-0.0172892594384576,-0.00955821700553933,0.0165200581758206,0.00690203216626509,0.00728754421128837,0.0355221761712125,-0.0270011498419907,-0.0325746790082396
2910,-0.0194740722593342,-0.013859132707448,-0.0155817956140518,0.0302530268360681,-0.00315457596639482,-0.0103231882863381,0.0148504849504249,0.029669406431227,-0.00604853713289671
2911,-0.00251317233690307,-0.00704218541502837,0.000525083419302355,-0.00334018127323991,-0.0037339601012402,0.00675546557172519,0.001596729260976,-0.00208506461259477,-0.00606045994326032
2912,-0.0137902852010368,-0.0206899284446334,0.0061761990392884,0.0196131201155206,-0.00625909973531736,0.0137755402986112,0.0108880020790123,0.00230161879818513,-0.00945843900683279
2913,-0.0116129698346089,-0.0293300790585686,0.0119856886185216,0.0194020065120689,0.00501650078207225,-0.0156843717409023,0.0226191224721344,-0.0118354837748028,-0.00146195321904504
2914,-0.0214776235149681,-0.00508405978001349,-0.00968854478043245,0.0353470158499122,-0.0179821181510586,-0.00330527121724235,-0.0300457886291512,0.0408989950156633,-0.0180617393298406
2915,-0.0121646576380122,-0.00321377100813656,0.0159651564901189,0.0101758288098801,0.0111772395921989,-0.00583811946739116,-0.0202366654596578,0.0139244638284314,-0.0148061284088596
2916,-0.00121113218525622,-0.00441697494500066,0.00256378719323329,0.00430100036625582,0.00150062414720413,0.000182392332734637,0.00730077276634911,-0.00110089917378366,0.00403057123075565
2917,-0.0125954866207626,-0.0235978636273486,0.00424230825874773,-0.0194672837198687,0.0226877970439703,0.0193229299995443,0.00824125141886724,0.0278461996895579,0.00775495192321728
2918,-0.0121690063049153,-0.0263710203176804,-0.0045459231948915,-0.0377447379292071,-0.000419926879320226,0.0181314546083076,0.00768247371856095,0.0392135417285245,0.0107056080124645
2919,-0.0163507547956912,-0.0411449404998201,-0.0289640571188743,-0.0247589933376613,0.0119324454716979,0.00277291627016817,0.00335838430005246,0.0211800060194122,-0.00425954956307477
2920,-0.0202014787074775,-0.0204901170532912,-0.015625277196631,-0.0133335311199422,0.00608004258493141,-0.036872792528883,-0.0241826695630697,-0.0268452825597093,-0.0337737495900806
2921,-0.0018794305889801,-0.0028350858622804,0.00537548755998732,0.000701600078470642,0.00454429450953718,3.39313163539085e-05,0.00364026674263429,-0.00207246699980486,0.000312804273709378
2922,-0.0083991389027442,-0.00891879003413905,0.0144700252335094,-0.0272898848000786,0.00390182944645905,-0.0298691066807559,0.0136280276236411,0.012447945788237,-0.005915045826273
2923,-0.0145949227558836,-0.00732806875155805,0.0174792954804631,0.0189007088166889,0.0180745842144464,-0.00444957246326448,-0.0207671609299247,-0.0284935179212422,-0.0241475851620837
2924,-0.00687402312692707,-0.0150115886275996,0.0126489391014463,-0.0256418141791309,0.00654111727254599,-0.00945040954898056,0.0192919630760458,0.0057481857735287,0.0197500900280612
2925,-0.00467716049171484,-0.0122738299099323,2.79662219062776e-05,-0.0097739599938361,0.00172013023889158,0.00178273398633594,-0.000613263178907008,0.016331236266415,0.00245230441995023
2926,-0.0120293631998074,-0.0166304930408875,0.018915819339235,0.00856103851566583,-0.00209834779130659,-0.0218252421067138,0.00635218339401592,0.0143876407593363,-0.0125736255375592
2927,-0.0184039861818039,-0.0063688887687353,0.00603193986635578,0.00267660143581822,-0.0127281396364476,-2.72064911034574e-05,-0.0344475033975194,-0.0254429584834617,0.00992857762293419
2928,-0.0111838635821886,-0.0201120359258045,0.00686644870889375,-0.035444464030349,0.0038297682845519,-0.0247546484629137,0.00516568829311159,0.020389545117528,-0.0204914607742503
2929,-0.009774718544835,-0.0152982547557847,0.0139131452434154,-0.0273669269511723,0.0346048844010566,0.0143391116986744,-0.00760695516168925,0.0190346453474079,-0.00935316838386554
2930,-0.0220433951316398,0.00297848441501272,-0.00781119236875486,0.0194596599244553,-0.0107096973969938,-0.00452769409155487,-0.000250638681299735,0.0367086951802482,-0.0101718378059203
2931,-0.0152973718572886,0.0194437020092276,0.0203042448351992,0.0133065566131278,-0.0159672707747496,0.00384122321633327,-0.0135390511913941,0.0329263588869749,-0.0294346763553517
2932,-0.0325949125961689,0.0342103326673468,-0.01712531406054,0.00422144592508058,0.0040697433678867,-0.00155616695966698,0.0249106296855001,0.00711275762948882,-0.00887391865644669
2933,-0.030099262055672,0.0212579171757907,-0.0222420887158759,0.0134735607117622,0.00670290925670144,-0.00293087382081857,0.018512494935658,-0.00860660086031432,-0.0210645389382545
2934,-0.00258257469587919,-0.00145007600832276,0.00219074664298702,0.000290294920242774,-0.00621742874048519,-0.00973587186891386,0.00514050851076942,-0.00560389863720895,0.00178495850476223
2935,-0.0127536506017891,-0.0297098672435927,0.00429702880082331,0.0219123973908638,-0.0354297924116427,0.0063503872562682,0.0290698492541835,-0.0120769450676254,-0.0182649821416293
2936,-0.000703421872411567,-0.00183295302537899,0.00114434162247109,0.000230215300911696,-0.000345204691642932,0.000970537414814195,0.000982201622338326,0.000506569963471997,0.00017551392978935
2937,-0.0195187744199683,-0.029968100719544,-0.0250028493484171,-0.0115670452270227,0.0117111766305649,-0.0219942295878335,-0.0200537962557618,-0.0136647171863156,-0.0306347381331753
2938,-0.0184531706894026,-0.00289584110331137,0.0041804495615219,-0.0441929513185326,-0.0192320582093667,0.00980466882965422,-0.0197816416222117,-0.0204126114725568,0.0367660108982947
2939,-0.00380035189342296,-0.00898138383364938,0.000412652566926913,-0.0191042321893877,0.00355127968180493,-0.00786891077011627,0.0231204240046291,0.00334073126986489,-0.00483488593721585
2940,-0.0247612693890485,0.0211948795863217,-0.00786156809219124,0.0107779864985821,0.0187636900972342,-0.00272988712823387,0.0224005273756083,0.0128199686759239,-0.0173546128143779
2941,-0.0203397613603279,0.0292636416642582,0.00588765665769693,-0.00252107569832763,0.00262660886755246,0.00375072139604093,0.0294883756323837,0.0138838330907746,0.018397261879316
2942,-0.0226360059824056,0.0167424832492409,-0.00808262633832516,-0.00153511917685592,0.0115891270431636,0.0165454347941269,0.0196237208649058,0.0283638400908165,0.00853978741548645
2943,-0.0130659902775218,-0.0285374778644123,0.00567524134607489,0.0199784273939681,-0.00249452032661537,-0.0140956459357644,0.0150959635048191,-0.00435729735662036,0.00984134138212123
2944,-0.027510599597712,0.021039094433005,-0.0114530816725957,0.00615416776436552,-0.00133024124724474,0.0418910012816334,0.0264570097677028,0.00370093539154471,-0.00585192946641146
2945,-0.0284800794501786,0.0112166225195283,-0.0255897532235265,0.0224856355148349,-0.0261059368524467,0.015250532484939,0.000886037393745244,0.0106175073324597,-0.0162794666038488
2946,-0.00812232930718349,-0.0198331586392096,0.0159178435777002,0.0191905047401228,0.00442205440719776,0.00286943351574106,0.00818311808031334,0.00810108105056596,0.0137537376373391
2947,-0.00648313892079834,-0.0094692892476155,0.00932131950271537,0.0100595605606557,-0.00221055905613334,-0.0106471908736073,0.000527838812895098,0.000307875139557473,-0.011679345039615
2948,-0.021784637419433,-0.0109395277692882,-0.027497671435101,0.0194003346931808,-0.0050784252180044,0.0158851292910638,0.00614709307166214,0.0281060727522623,0.00767370713879777
2949,-0.00039207695875747,-0.000432696100313449,0.00245177851351431,0.00186233525132921,0.00653915807940484,0.0105074870801667,0.00598594367747909,0.00672454452527854,0.00170320359944353
2950,-0.0093075357489558,-0.00481769379661104,0.0305127917206053,-0.00945364511956771,-0.00840014313979492,-0.027109572686132,0.0137784651301712,0.00716809426111467,0.00143741883450074
2951,-0.00119223746189545,-0.00111994457186126,0.00362810888193937,0.000288159877691522,0.000688052794051311,0.00207955976419412,-0.000580409824760118,-7.32218668157546e-05,-0.00139978909895787
2952,-0.0167871433428245,-0.025727072987548,-0.0164903228372278,-0.0240521012563533,0.00458433104290407,-0.0162769420832332,-0.0229900588806778,-0.00619040185594618,-0.039584961231605
2953,-0.0261815519704463,0.00548846136486853,-0.0252951277549898,-0.0149682189172832,-0.0114829445873007,-0.010017489254718,-0.0134520665578748,-0.00956409166677238,-0.0175540059273147
2954,-0.0205865023719723,-0.00785240286836499,-0.010717098540573,-0.00502018090248945,-0.000517326487581813,-0.0295963185819723,-0.0348980161972839,-0.0276981090744356,-0.0129580224027742
2955,-0.0092273331456637,-0.0354993166564811,-0.00377058095947763,-0.0226382449964441,0.00643390655741607,0.00078241266293022,0.0277863858067806,0.00773512628309883,0.000346879824186641
2956,-0.000331237743277651,0.00184573088996493,-0.00282303028415169,-0.00352473729166687,-0.000298361219128365,0.00331023991180336,0.000517596830052407,-0.00644613565028458,-0.0118326811865384
2957,-0.021531983856201,0.0193410239705088,0.000283681255254701,0.0087524069126531,-0.0118145578381644,-0.00592173519337909,0.018937229432933,-0.0038611932895973,-0.0346243901207279
2958,-0.0251824967440128,0.0150055938568742,-0.0107554460676015,0.017684582805821,-0.0123138405578605,0.0100183529101998,-0.0100868846035737,0.02855362343046,-0.00953925175989079
2959,-0.0294113148039673,0.0221021126176936,-0.0184937451821865,-0.00339475260238611,-0.00734394273594019,0.0213181622489486,0.0157440812919029,0.00482495438488436,0.0281933661957279
2960,-0.0262938509309735,0.00987582757124461,-0.0198149571051633,0.01759806994025,-0.0105386164682769,-0.00890216568976975,0.0140501293095763,0.0183619647236424,0.00136383238457769
2961,-0.0134499767486638,0.0151261720994788,0.0153209429949575,0.0128064372157508,-0.0209730493364684,-0.00511687144471375,-0.002289806701814,0.0276755748257723,-0.0169556943530032
2962,-0.0280731727067824,0.0222490887437277,-0.00785125281668348,0.0143376906684369,0.0145058459059118,-0.0172635310783203,0.0132448702877849,0.00643529318875811,-0.000298823944489643
2963,-0.0218888492700577,0.00345664641201186,-0.0140140896587803,0.032389594895718,0.00159552388196605,-0.0121283258877611,0.0100774201592366,0.0327929378328584,-0.0253462863262778
2964,-0.010016786655993,0.0079183128547307,0.0213195004610227,0.00991021765061308,-0.0020702870321115,-0.0155049045715825,-0.0161137280339891,0.0221710886203673,-0.0246053149159934
2965,-0.0204153546807596,-0.0110034680428797,-0.00134584105255998,0.0178099499054431,-0.0332995157406091,0.0038214582662599,-0.0122538723432136,-0.0337583112172757,-0.0155527810127964
2966,-0.0172818912083984,-0.0250835746163958,-0.0107103301460661,0.0121174737752944,-0.0383419344384796,0.0181451970109732,0.00578423906909024,0.0237273193089618,0.00314456945856106
2967,-0.0136998763732757,-0.0229230218959732,-0.00053171917928448,0.0288259307072036,-0.0116142859090289,-0.0127535822333428,-0.00271094585161143,-0.00905913493857351,0.0168108969083662
2968,-0.00249462822962324,-0.0034496651334023,0.00620723019410478,-0.00801945870601518,0.00242087349046237,-0.00358840186858157,0.00778919919503716,0.000371821855580521,-0.00407666044388669
2969,-0.0243310561490658,0.00990688904392944,-0.017415933884399,0.0204207152055057,-0.00498772733707196,-0.0178708070850388,0.0178131931070578,0.0182423781951075,-0.0123009626564574
2970,-0.0248058125405731,0.0152512907347721,-0.00916414076260413,0.0252752701309255,-0.000342864416907172,-0.00596091933718747,0.012085539132983,0.0231724358498406,-0.021522686974973
2971,-0.00241963980645033,-0.00591684178312084,0.00385890600421407,0.00241166323606767,-0.00338710545559401,-0.00179707191990324,-0.000827892938386808,-0.000525060719694972,0.00200885630457706
2972,-0.0159265891452332,-0.0243419687832631,-0.00304998296901422,0.004778178806625,0.0160637778904487,0.016523322712522,0.0368177471179404,-0.00561868263477866,-0.0146147542313056
2973,-0.024578702573987,0.0123260702650847,-0.00715546447442608,0.0145698361551831,0.0163731388172993,0.0147338964502902,0.00378412862564529,0.0332835507436907,-0.0396977180617209
2974,-0.0103400948041442,0.00568148249955243,0.0171366270891852,-0.0100792115545541,-0.0259633018737661,-0.00467148349064841,0.0277916075147343,-0.00753086808567619,-0.0168395463601482
2975,-0.00995045590948779,-0.0304577869708473,0.00693851026607485,0.0146189507809621,-0.0258065893218016,0.00576358415206576,0.0170075762409042,-0.00269170669351326,0.00396812155976802
2976,-0.0166132557362446,-0.0156581539683809,-0.0061550465457004,-0.0119201862522828,0.0347478890822575,-0.0214500952234033,-0.0100076797124796,-0.0302668711885244,-0.022382619885107
2977,-0.0237904191368583,-0.0103817582340869,-0.0208788193110336,-0.034378547684198,0.00676195847182711,-0.0190302002885702,-0.00264912246098924,-0.00365933885800528,-0.0303151087556964
2978,-0.0160447667695549,0.00422877890792491,0.0226595532848009,-0.0242322815429733,0.0176929946292056,-0.0368687691213388,-0.0273927523236006,-0.0228351163969358,0.0341759935176087
2979,-0.0228191302295798,-0.00841441576118233,-0.0151778412767403,-0.0199778181630377,0.00543084474472727,-0.0456814863684686,-0.0159268843123323,-0.0240078970465661,-0.0345762782629293
2980,-0.0111524448985155,-0.0296007455521458,-0.00545171417442843,-0.0226115812346181,0.0308367225052572,0.0212896495828711,0.0116622823376043,0.00538630212648871,-0.00848015854578552
2981,-0.0167481253768931,-0.0243420990026313,-0.0128473256570794,-0.043483663938972,0.0087175137822081,-0.00281538549439809,-0.0179988352224883,0.0196092530425514,-0.029300619160499
2982,-0.0201085335823166,-0.0250602309584758,-0.0266214792545221,-0.0130276510369604,0.00541376659640394,-0.00562628411644875,-0.0254490271212418,-0.0106817098455213,-0.041010279611243
2983,-0.000220684940175283,0.000169186032000486,0.00116272803889978,-0.000247046148730963,0.000304407836041643,-0.00041193959801781,-0.000122491237205195,0.00145730044883531,-9.8979084459078e-05
2984,-0.0255866484823091,0.0136876657770559,-0.00828295316874481,0.00627010709537795,-0.0125563637516998,-0.0240123792375235,-0.0102962669208183,0.0383958781579308,0.0105502288457379
2985,-0.0185257340502468,-0.0140827376614376,-0.0100447805943925,-0.0278807411128164,0.0034106291548565,-0.0372205532258397,-0.0281477343706862,-0.00956194900289065,-0.0137841108546926
2986,-0.00134131038376187,-0.00378326897406689,0.00327213632869589,-0.00722342623940308,-0.00685248088137735,0.00426183023062389,-0.000958160155038647,0.00371294135898673,-0.00888051605296067
2987,-0.016274456428034,-0.000622634167352666,0.0153146232775856,-0.00371055892329188,0.0269051557888759,-0.0372470350227581,-0.034191511817913,0.00557693906526056,0.00503015812203319
2988,-0.00319613647719056,-0.00720394151285697,-0.00532301761977697,-0.00481456924924913,0.00379097444446742,-0.00493554888436485,0.00626995391433204,0.00744602167901244,-0.00690698684666212
2989,-0.0151913759433384,0.0179293329159347,0.018038731050669,-0.0198420280197934,-0.00844211742319627,0.0116062170090237,-0.0111922045894438,0.00772038130856122,0.00538471554224912
2990,-6.75557973622689e-05,0.000259360042930118,-0.00035985831481475,0.000181990629129954,0.000312764173787485,0.000100925437626956,-0.000506431922500581,-0.000150315838230298,-0.00158483078682108
2991,-0.0271852623996113,0.0158454081219248,-0.0129171434387087,0.00279046568526941,-0.0078226069941837,0.00498564924658982,-0.0339062162622225,0.0110540621277161,-0.00933488269255841
2992,-0.0128841274214738,-0.0310415650898589,0.00212797203686574,0.00727928190675059,0.0244692849455057,-0.0163900377026578,-0.00356830534780953,-0.0281624869686147,-0.009337733081775
2993,-0.000926052938798115,-0.00308926851795658,0.00352664112944041,-0.000899017819092014,0.0018165971137046,0.00134170463243039,0.00490592741053654,0.00245460698283366,7.03109129253935e-05
2994,-0.0219968556407488,0.00891630623916888,0.0117204215994891,-0.00443261953070226,-0.0100339313630004,0.0308779404169375,0.00100490045556771,0.00426093925737547,0.0358837997404454
2995,-0.0167640000837167,-0.00271011875365374,0.00881517922611792,-0.00800927923067634,0.0137997597995577,-0.0216983983444916,-0.04115347568005,-0.022639114567589,-0.0212856650405139
2996,-0.00445399761185436,-0.0175856763862845,-0.0057401338923044,-0.0135663057836543,-0.00175428158601382,-0.00771269601495126,0.0146640428688188,0.000165517818801924,-0.000913908790283353
2997,-0.000808084092852819,-0.00386605622102588,-0.000186802806458631,-0.00395344542204777,-0.0186370664513035,0.00511595272311607,0.000246920712060179,-0.011893172925066,-0.00454899373332669
2998,-0.0141414345357639,-0.0295056180037749,-0.00951636722457856,-0.0173333012893193,0.0202001230081517,0.000638741099744684,0.0245517552538937,-0.0111437263384059,-0.0199976936705274
2999,-0.00947415047829285,-0.0199404803417516,0.0151564052827561,0.00688838804638652,-0.0203319100158982,0.000754338031387533,0.00848874326105763,0.00657739327348328,0.00461200974449087
3000,-0.0221791856043728,0.0172131340315523,-0.000290480340075792,0.00988018827032126,-0.00448463179591049,-0.0250550322036255,-0.00296351038363122,0.0368279045387763,0.011356995285945
3001,-0.000156724906980753,-0.000314478992220089,0.00142516627546166,-0.000175214978578274,0.00097497540966538,0.000690643888176615,0.00171585110252821,0.00100564589614611,-0.000830819098135944
3002,-0.0093399783486612,-0.0326615200776694,-0.000908730244962713,0.00301946926930057,-0.00339533599338239,0.00838656832329518,0.00819284194142043,-0.00173598501330276,0.0272606835108439
3003,-0.0118792429692922,-0.035070457473316,-0.000669182481278449,-0.0177656358342074,0.00694935054655589,-0.0078480949857798,0.0190145568332739,-0.00250690040810127,0.0122949744680915
3004,-0.00832884339813608,-0.0291909964201511,0.00274660473279611,-0.00555568547140966,-0.0193071276139771,0.00842453793363892,0.0141296600563883,-0.00606568292520834,0.0121367196164497
3005,-0.0143673627910957,-0.0408393963927066,-0.0233301605275548,-0.0145299564221809,0.00424867926109578,-0.0134646592829648,0.0164282890481144,-0.0119106413420037,0.0177329482012047
3006,-0.013563980584476,0.0129554544394182,0.0185609921831767,0.0186655656108177,0.0163767968091974,0.00142232940226086,0.00236233529591047,0.0192373359732718,-0.034826449591419
3007,-0.000313053178592353,-0.0012398086609583,0.000757724457433788,-3.66475464872973e-05,-0.000247992278371007,0.00090778521381585,0.000950285045543672,0.000515389467583855,0.000387335139673776
3008,-0.00143846676804128,-0.00529150539669952,0.00303216869991689,-0.00130321241877293,0.000865715136004286,0.000660045975108225,0.00503882348240773,0.00207404645220351,0.0024487136545441
3009,-0.0137195603022203,-0.0245205043377069,0.00231450914132755,-0.0357338734472024,0.00365838334407209,-0.0337286277148655,-0.00870336888850036,0.0118205050725739,-0.0296979952536454
3010,-0.0022873520602317,-0.00878648091283907,-0.0033115072950204,-0.00739845925975487,-0.00281125362576188,0.0154508117473811,0.010557772149451,0.00842939003518699,-0.00289920682184998
3011,-0.000828629500322538,-0.00055027912626139,-0.00553464421155932,0.00249813779247109,0.00632014174999037,-0.00598229618844717,0.00331162867119399,-0.00794893430422529,-0.0125127174280988
3012,-0.0121257072087237,-0.0118313059247521,0.0207891056603257,-0.00659975008647689,-0.028626297259214,0.00400333842040413,-0.0273317100657654,-0.00706142922601436,-0.0124565400207213
3013,-0.000945100933930978,0.00145562961600973,0.00330525647542577,-0.00337940696448316,-0.0036859330188227,-0.0113713263183237,0.00500419334983067,0.00275145350648422,-0.00429449062984778
3014,-0.000178541171522468,-0.000730880683554353,0.000332118922255521,-0.00048029704439626,0.00138493867611122,-0.00129392414810749,0.000121493813785721,0.000929482277183076,0.00107971576563555
3015,-0.0129991832922318,0.00253175253690419,0.00463703286335191,0.0146864008272016,-0.0195409915143125,-0.0247382036754396,0.0118549839776527,0.0322815155295934,-0.00389016052305875
3016,-0.00857316403020993,-0.00901239636626704,0.0119444802521414,0.010408145544469,-0.00936065512613081,0.0125996682255546,0.00263200436582602,0.025074096370063,-0.0225362693475674
3017,-0.0107307571797585,-0.0151093263763617,0.0128824453003574,0.0193790689677143,-0.0111419817195985,0.01081302859271,-0.00595775269512454,0.00734878429556819,-0.0226253084557766
3018,-0.0139246660076728,-0.0265100061905904,-0.00536152341287482,0.0269147985193138,-0.00756177615627052,0.0125989823509235,0.0302059725908774,-0.00951508167484906,-0.00627484055170113
3019,-0.00264319716179611,-0.00612556302591218,0.00505834765180481,0.00296532486865895,-0.00221454451156321,-0.00140470236911835,0.00241698052900657,0.00225120998763089,-0.00431876675350932
3020,-0.0127622356879433,0.00921420009577701,0.0269718287745702,-0.00106580626663304,0.0120771768364647,0.00809143067452164,-0.0120302096594093,0.003440056935982,-0.00539979414992973
3021,-0.0202932260637947,-0.0101243470147468,-0.0125631355883315,-0.0168427475982518,0.041491409322873,-0.000480174501923396,-0.0378537013161785,-0.0246643591476309,-0.00754471849391062
3022,-0.00446153970179276,-0.0160417655020248,0.00258011243846396,0.00646469245069811,-0.00560145195348229,-0.00285468502616229,-0.000759528273911906,-0.00256999048442526,0.0130696319241156
3023,-0.0253174758272277,0.000382977920158638,-0.0119330950419667,0.0204749121790521,-5.20116310410038e-05,-0.0160284387341563,0.0141062380378517,-0.0300497236225683,-0.0336159067701234
3024,-0.0203521031735313,0.0133872873726508,0.00447471748651446,0.00545349901286608,0.0393724826673963,0.0095776781700382,0.011221892929635,0.00366532544556918,0.00940725829649522
3025,-0.0118695976887145,0.0061494584084531,0.0237401706480119,0.00377592866085085,0.0323369015676929,0.0124914819233135,0.017595024526962,0.0188355657211394,0.0126118140282849
3026,-0.018099555609041,0.011059064897197,0.0170238393529578,0.00893974111619895,0.0149258006492618,-0.0356043412425843,0.00569296288852725,-0.0173096506629463,-0.0140782680059378
3027,-0.0227173999011776,0.0125032206519565,-0.0016962707440017,0.012533739058122,-4.67072943933217e-05,-0.00449717962627361,0.0138059362546988,-0.0190563786950287,-0.0486429487499007
3028,-0.0206557724333633,-0.00827044938725794,-0.0104355986200637,-0.000289681133513892,0.0205885807147582,-0.0112779503895099,-0.02468942135678,-0.0390517897659124,9.63635911250697e-05
3029,-0.0248917980295647,0.0161816632753088,-0.00183407710749996,0.0199031396593038,0.0099875851496168,-0.0203038241044301,0.011321512568059,-0.0166653356640851,-0.0301512833272332
3030,-0.0266920677048048,0.0209923005070431,-0.0102167465903504,0.00545096644467576,-0.0101647807508625,0.015802303072117,-0.0152382038055872,0.0118559902615838,-0.00329066872852568
3031,-0.0167092888353695,0.00994976541949324,0.0143431908648519,0.00985169110460913,0.00158397557665202,0.0123020946804897,-0.0237413401345004,0.0214411602454154,-0.022492621716412
3032,-0.0273531743976411,0.0208071969593665,-0.0115713996685808,0.0104649852497346,0.0215780906955595,0.00670344613682184,0.00939253722506004,0.00575098620605453,-0.00128477951389932
3033,-0.0269558749237465,0.0248812404141065,-0.00667445987621219,-0.00379852507262024,0.00824645781230121,-0.0206347500620157,0.0184772927855908,-0.00703233280088028,0.0154377941427816
3034,-0.0163066605324164,0.0148664155419312,0.0167286326855196,0.000326431538004944,0.0305560335789058,-0.02724548249627,0.0171771219897726,-0.0174146248619063,0.0127470081180115
3035,-0.0144955730113475,0.000762382656769443,0.0189435049981749,0.00745359885644185,0.0191368337329382,0.0113340810814893,-0.0268612916431234,0.0112101311698228,0.00262793796069592
3036,-0.0188368856877316,0.0123237969561037,0.0157466878322976,0.00839763979663538,0.0348254636381291,-0.0193816566956318,0.00834469631560296,-0.0330533903403148,-0.0122704686468795
3037,-0.0227362721819654,-0.00854751140789053,-0.0226405993304189,0.0209481117730199,0.0147770040280723,-0.00332481934721549,0.00895961751708159,-0.0231166617913644,-0.00192024593701815
3038,-0.0197808796507864,-0.00107088818186737,0.00797320513905407,0.024559079452386,0.0231142822364175,-0.00401021415757267,-0.0456163690538905,0.000258231144018992,-0.00722527249702291
3039,-0.0153024946619198,-0.00660277337457672,0.00570418486898167,0.0216065624810684,-0.0365016444641402,-0.00830702158135405,0.000773896904199807,-0.00417686024012366,0.0246443735199556
3040,-0.0227050162851098,0.0150534864808338,-0.00507800413809544,0.0135399887289123,0.000167021456162887,-0.00924168615667501,-0.00500377502632889,0.0278559892166038,-0.0124061413118034
3041,-0.0195619379571576,0.0093390479032976,0.0097849909429473,-0.00248212985539894,-0.0147298696532441,0.0164784011108804,0.0070264571263363,-0.00588728077465656,0.0250752745525288
3042,-0.026577436984711,0.0134438058435005,-0.00487171413985459,-0.0047653057224563,-0.0372488871582548,-0.00715741813844391,0.00781103055448189,0.0310891160794161,0.0460716923644307
3043,-0.0171553930135346,-0.0154517422104311,-0.0064937324457111,0.0184832104935022,-0.0340079342260881,-0.0139043182536478,-0.0332619826394878,0.013825435679356,0.0514696891027484
3044,-0.0255186188772699,0.0135580893037229,-0.00734998746511175,0.00644259200511501,-0.0193838003715275,-0.0150346155712035,-0.00260296222499099,0.00908948371733086,0.0400933630303947
3045,-0.00716466458142897,0.010296936336824,0.0263271013004766,-0.00969982226341658,0.0160318472109286,0.00276527559172531,0.00815765410234379,0.00269719273005476,-0.00717731725219047
3046,-0.0195455599554411,0.0161925134177324,0.0120436882191905,-0.00481236808311717,0.0204145092066508,-0.0070373019524565,0.0233838726216265,-0.0241123836539439,0.0157579662070102
3047,-0.0189700595621252,0.012241702244032,0.0105420787581282,0.0173279884081517,0.0339290972202991,0.00606477235865897,0.00689974050209786,-0.0210189110950619,-0.0163293017069528
3048,-0.0257327041899873,0.0104094256615622,-0.00577018501414983,0.0237897915332615,0.0102582826168075,-0.00785098112372513,0.0147554482765088,-0.0147390315039481,-0.0357413256687606
3049,-0.0154531755290793,-0.0113915648072707,0.00876583959481849,0.0184064317321533,-0.0261911527203099,-0.0268919656723594,-0.010963143954336,0.0209375340508101,-0.0116725795697561
3050,-0.0174480422799247,0.0202742860222052,0.0110155219470719,0.00476733078846406,-0.0163537034037313,0.0144093604490549,0.0282751109259537,0.0204784318388611,-0.0114064222125191
3051,-0.0186749079025653,0.0129811004743145,0.0186270705012485,-0.00103456426313964,0.00359295788237922,-0.0271853413703755,0.00381958301989364,-0.0044450000933889,0.0223444493761167
3052,-0.0164447041911178,0.00772351426403922,0.0287520027832368,0.00299966030965268,-0.0250314277877814,-0.044861008327035,-0.0215221243790591,-0.00798305647176849,-0.00251281728700837
3053,-0.0116893311427507,0.00566040898214443,0.0108164283443917,0.0102108735760157,-0.00511304989765149,0.00219773728023231,-0.007886795756997,0.0267888233271287,-0.0162236564624894
3054,-0.00112325876698096,-0.00416062152334884,0.00176119372767796,-0.00132687219122818,-0.00128175335052778,-0.00163237221361924,0.00316779419052405,-6.50349747396737e-05,0.00381278473656081
3055,-0.000538004125688356,-0.000590264760348519,0.0024352395074274,0.00147967529209331,-0.00915756562628743,0.00911236444369021,0.000866552209426672,-0.00836222619370792,-0.0107431321139936
3056,-0.014830910535237,-0.0308489137869427,0.00416813013409979,0.0230236165197384,-0.0132495093820972,-0.00197204401121363,0.0221912004565433,0.0156021847698753,0.0137252816975124
3057,-0.00600629189162965,-0.0188126549432991,0.000829197003200809,0.00715180023327503,0.00323338656129345,0.00347007660882043,-0.00146606861552164,-0.000387161698727496,0.0094559574963522
3058,-0.00775055332958406,-0.0207652617426437,0.00768822654637492,-0.00542871349010798,-0.00854910604564052,-0.00803552321906261,0.00119543376049985,0.00886454632955268,0.00754937553474941
3059,-0.0114185210403909,-0.0336080633963349,-0.000716780391952556,-0.0339715345106242,-0.0014155007329263,0.0114442584628017,0.0070538901849184,0.0214922784166799,0.0039591265139625
3060,-0.0179221671230325,0.016126973691573,0.00874826723618795,0.015745025539019,-0.017142772677341,-0.011878164473744,0.0119021739494183,0.0156666887034955,-0.0172193866171187
3061,-0.0124337390336914,0.009446206317353,0.0166362471061611,0.00291562424964186,0.00497517723806779,0.0132351880182193,0.0173189086575032,0.00542354506755673,-0.0386891957034533
3062,-0.0167109499463813,0.00988518549380597,0.00983791105638606,0.00673948466265956,0.00838849178846016,0.0312695876193218,0.028051564730409,0.00292150523680464,-0.019704599521177
3063,-0.00223724453216897,-0.0068503316168824,0.000411605646199142,0.00270947064786969,0.00136534496094166,-0.00629870605444354,0.00432290805949236,0.00308446454037707,-0.00658636692895015
3064,-0.0123722789363203,-0.0334412191756622,-0.00973393178506433,0.017017889684864,-0.0101534088917495,0.0137974019241934,0.0391951752184168,-0.0260996166546103,-0.00800867036832729
3065,-0.000280463443808576,0.000219528038700547,-0.00156381635668479,-0.0024756652976829,0.000231025330703579,0.00214319058126002,0.00333425337476729,-0.00415596452233677,0.00306444188894889
3066,-0.00078327935522414,-0.00237331391017432,0.00162901151325124,-0.000455997622232764,-0.000709812280409551,-0.000134560259857294,-2.84723873779916e-05,0.00106240274374449,0.00140309699588566
3067,-0.00495491517415133,-0.0158627738327101,0.010116048173565,0.000690079611650554,0.000728645926171205,-0.00126288394742607,0.00969779308371274,0.00556914978518294,0.00547753064155384
3068,-0.00389994112511415,-0.0126416649712359,0.00718365162859148,-0.000459657901978641,-0.00119496686085815,0.00240573967657133,0.00971878633602067,0.00467990517833066,0.00475901367905432
3069,-0.00026400623925902,0.00021912671302642,-0.00176013943919413,-0.00395229741069504,-0.00109371115704173,0.000990380774195692,0.00669570048623471,0.00148400719075665,-0.0110534994018813
3070,-0.0013210865854349,-0.00616789369709317,0.000187543687452316,0.00198835843942099,-0.00119201906353611,-0.000153048711567495,0.00369483300708241,0.00157636922534181,0.00740486052795934
3071,-0.0193296668084464,-0.0166790677019626,-0.0118904992359099,-0.0256866340653921,0.0278657563149641,-0.0124491391125242,0.000832205260265609,-0.0317366677814413,-0.0284247462929632
3072,-4.12990877835986e-05,4.08382741160668e-05,-0.000401424033997279,-0.00145863856908067,-0.00265728796419478,0.000649563975303111,0.00169175916809371,-0.00188832674778358,0.000966356352504544
3073,-0.0249544389013531,0.0174772381761511,-0.00746691433562709,0.0110934301612343,-0.0171900914162648,-0.00670492445029092,0.00691143839594878,0.0208627306650237,-0.0230272960893402
3074,-0.0116939199247072,0.00336928571320188,0.0164413895735856,0.0210157616986338,0.0184457574262105,0.00597073340967129,0.0074571013834934,0.0166760142097458,-0.0286895259059227
3075,-0.0220789167750873,0.0215430447152652,0.00275198665443498,-7.68326223984596e-05,-0.0286716785455226,-0.00494934349448572,0.0273430873101342,0.000209605823965814,0.0123178073920532
3076,-0.0243116623229148,0.0264814751302412,0.000295593279407551,0.00563147564418091,-0.00178232066565857,0.00838925189344086,0.0139849321264098,0.0173404950619597,-0.015122326218174
3077,-0.013946505355819,-0.0218800705157697,-0.00130016587419634,0.0214966631097491,-0.00958272457855318,0.00482496176424143,3.74156257804865e-05,0.0340441798790005,-0.0315283583061899
3078,-0.00289313324353909,-0.00401764344931138,0.000102746614372715,0.00582562511453064,-0.0106231477634592,0.00644197318838514,-0.000643757417462656,-0.0108732789903356,-0.00273401443795056
3079,-0.0133372513895098,-0.0272816806701927,0.00321244374648584,-0.021301718062422,-0.0108465803976988,-0.0131782349673065,-0.00317038824059047,0.0175309357100996,-0.0174731565777573
3080,-0.00040268993434396,-0.00155189619175367,-0.00210050077981726,-0.00285320388823952,-0.00201089532044515,-0.00429215359013122,0.00211812844114542,0.00605591383550731,-0.00550013926279186
3081,-0.0102833315516802,-0.0264696214757145,0.00690912119978892,-0.0226715378227148,-0.000470388983583454,0.0152940722611711,0.014461239287771,0.036284401031074,0.0196074833332646
3082,-0.022453218145881,-0.020132432463412,-0.0287600270315416,-0.0196595900020106,0.01506837000635,0.0106136524420705,-0.00306739873994148,0.0325657280399632,-0.0175528599188942
3083,-0.0185709737849049,-0.00572505446832057,-0.000881318840697219,-0.00203157637655971,0.0276094860401568,-0.00966186576725511,-0.0499833881553488,-0.00260585087520272,0.0121715004593488
3084,-0.0105082913837067,-0.0200102295405644,0.00171569753344628,-0.0147436735755219,0.00137917659336754,0.00399227771631594,-0.00540249629093037,0.0153896483275596,0.0060177254251805
3085,-0.0162990506934872,-0.0244785336982037,0.00171953873100897,-0.0213513825567611,0.00554997430843756,0.00597696775267753,0.0211793389826184,0.0168750448516998,0.0247924622540134
3086,-0.00925886337087359,-0.0230522483426059,0.00945535798551133,-0.0375396806164945,0.013332875517795,-0.0108060875284615,0.0305440660277577,0.0374283082917902,-0.00591485347662914
3087,-7.83624534903763e-05,-0.000157239496110045,0.000712583137730831,-8.7607489289137e-05,0.00048748770483269,0.000345321944088308,0.000857925551264105,0.000502822948073053,-0.000415409549067972
3088,-0.00668107603273948,-0.0107756644424049,0.0168945884009188,-0.00308480061063032,0.00127224684605789,0.0043089955567703,-0.00355140919293394,0.00919671636427586,-0.00771188265606362
3089,-0.00207623830985478,-0.00503517168280346,0.0047580169783511,-0.0087860395726419,-0.00138277778380449,-0.00461156717453801,0.00901481075238124,0.00146874252218903,0.00702844020789643
3090,-0.00056583941155773,-0.00160261237319893,0.000754047085933538,-0.000961526473946238,0.000835493566284816,0.00052014711805641,0.00237879523443297,0.000742085156208538,-0.000689865828494158
3091,-0.0157069939889998,0.0200325738103788,0.0144562942758336,0.0017244428932612,-0.00560834679159805,-0.0241185981296322,0.0177958804156871,0.0215166823918972,-0.042856649256545
3092,-0.0255299133344011,0.000316569852624263,-0.0158767055114135,0.0328880681478903,-0.0119201047165997,-0.00736211358965894,-0.00586416790976947,0.00500012939106489,-0.0377040467498875
3093,-0.0141341820403988,-0.0153840699228789,0.0173059399889856,0.0110922577578321,-0.0127084266362159,-0.0161073068222184,0.00722139956380562,-0.0112969753475231,-0.0369388917150211
3094,-0.00835568542438295,-0.0208538887244429,0.0018149664816372,0.0139191445466734,-0.0140425603658452,0.0134310910513156,0.014306857383813,-0.00223763527363612,-0.0240236648807985
3095,-0.0118211448954213,-0.0301435944108523,-0.00445112984498199,0.024728312989322,-0.0177072208879653,-0.0133290687659375,0.00654278242320956,-0.00664342185205188,0.0169445858120347
3096,-0.000156724906980753,-0.000314478992220089,0.00142516627546166,-0.000175214978578274,0.00097497540966538,0.000690643888176615,0.00171585110252821,0.00100564589614611,-0.000830819098135944
3097,-0.000163030621148161,0.00335297099011622,0.00178286046648221,0.00196426315116179,-0.00549189818429048,0.00470051147019544,0.0120962771577687,-0.00245808782467281,-0.0175133847582596
3098,-0.000273192770844979,-9.85659904059944e-05,-0.000226019347757167,0.000915485781797782,-0.000409064523139028,0.00108910841147973,0.00192971993204227,2.55005271904038e-05,-0.00349202424266687
3099,-0.0162969331569781,0.0124871974769759,0.0152798139775707,0.008637136118377,-0.0112848016692145,0.00745419655091197,-0.000203744222240982,0.0200921559487398,-0.0340440432967885
3100,-0.01279436155044,0.00706556916439844,0.0194148058334882,0.025114034676988,0.0108075644668645,0.0161639023639212,0.0119556435088639,0.0114692591447455,-0.0248948189221463
3101,-0.017542221918962,0.018127716610136,0.0112675622840715,0.0130254608482418,-0.0136668123773721,0.0108167877090752,-0.011599477696478,0.0238712948610952,-0.0343937419012832
3102,-0.0186334019504378,0.0033991033336944,0.0259561081304833,0.0133830678303252,-0.03189578637273,0.0124953812907395,0.00881557220720283,0.00297352141111812,-0.0275714684610911
3103,-0.0243843179265688,0.00224489864807536,-0.0151354455116142,0.0176064977115125,-0.0395569603265753,-0.00350476126433435,0.00129456259708998,0.0103920555290089,-0.000770115938858565
3104,-0.0107079191778066,-0.0336116085846767,0.00517919892715101,-4.48878277512861e-05,-0.00483439551716446,0.00350286295586277,-0.00522464063081622,0.00639026750281952,0.0119200755198572
3105,-0.0150033131455726,-0.0333493832546091,-0.00669247294129364,-0.0175518916396817,0.0198426790959453,-0.0210222410641002,0.00432894106822214,-0.0155245574435989,-0.00847000771704822
3106,-0.00808693266268054,-0.00808057202382542,0.021237617019788,-0.00243200521380291,0.00469996944666623,-0.011270093362933,-0.0138683122627545,0.00118314674936569,0.00653574002871038
3107,-0.00738932761708883,-0.0271345479135993,0.00439762884776284,-0.0066601230868981,0.00409048771641924,-0.0056687875472116,0.0170774157336401,-0.00307984642300252,0.000263184970455511
3108,-0.0227913663654876,-0.0120797976847106,-0.0237577078668906,-0.0323377072823017,0.00507914898410892,-0.0191302443142634,-0.00830449314505244,0.0155927064112421,-0.0139778035944489
3109,-0.00389526917633619,-0.00447481068766033,-0.00169843397288796,-0.00674997377936117,-0.00997306681050234,-0.00208948445348389,0.0159391127716329,0.00188087928345262,-0.00823802236668537
3110,-0.00146248614295622,-0.00540683300333093,0.004867791859161,0.000393480889494938,-0.00198863242248257,-0.00218507121402281,0.00283963963306254,0.00127734081829318,0.00333643189874291
3111,-0.00154354749118838,-0.00394189567210288,0.00265680560003042,-0.00712720422009083,-0.00214217108548309,-0.00077526407749001,0.00695601265305696,0.00279067057535728,0.000930576400428716
3112,-0.0134052439091027,-0.0314167462223745,0.00600929718723416,-0.0143992478404381,0.000262334419712467,0.00194717148272848,0.00123681539682009,0.0214166226326635,-0.0108357877228935
3113,-0.0128893137185411,-0.0157049988266416,0.00555578518943446,-0.0427888179958503,0.000561223412742042,-0.034598508696476,-0.00227306660619198,0.00792491344910049,-0.00205715763086089
3114,-0.00933566738703404,-0.0218207033652294,0.00117031554233188,-0.0324710765938077,-0.027194243911268,0.00371673496661349,0.00727180949174699,0.0104959520224676,0.0013338549463827
3115,-0.0168033164555954,-0.0295204716112875,-0.0171709704322995,-0.0340364411663952,0.0268145437935255,0.0144966926199884,-0.00865979326372167,0.0358451740529531,-0.013399140581115
3116,-0.0223619173171056,-0.0138272542802368,-0.019094704988076,0.00147223520071788,-0.00201311658572147,-0.0279843294380646,-0.0254270580956325,-0.0298199202063471,0.00567731874381878
3117,-0.00846189718307343,-0.0152318614362391,0.0125735456875545,0.00154284545900022,0.0046180275968142,-0.00353813103473363,0.0084594997028625,0.00653235931309971,0.00198035052155259
3118,-0.00641724987672448,-0.0122392258033143,0.00819926748995604,-0.0103582851521548,-0.0289758304819308,0.0027634438806665,-0.00479156730581856,-0.00856477210632944,-0.0102005670422556
3119,-0.00803473276968476,-0.00726962433524012,0.0202772783971022,-0.0238252215035768,0.00888720566750251,0.00123628374879992,0.0074018546761795,-0.00289460996112387,0.00534021178185327
3120,-0.00245435601424753,-0.00884189168469175,0.00348541055738786,-0.00465344165746647,-0.0110922080917233,0.00322822083648317,-0.00193324331344072,0.000435828132869911,0.00129699619313058
3121,-0.0231062319107408,-0.0131341449287985,-0.0104625032236957,-0.000759366408943715,0.0165445056219031,-0.00702850764633814,-0.0375196686847342,-0.0473834304322193,-0.00349400986729161
3122,-0.00883848268380896,-0.0253595203368408,0.00663046183948036,-0.0214810744395115,0.00462718564405488,0.0270106907341354,0.0132270367422221,0.0168032957811834,0.0105535758380493
3123,-0.0182119803833488,-0.0279218611241917,-0.0171683487225246,-0.0228330465560331,0.0167693753692536,-0.0178425230388952,0.0130838675665681,-0.0285015834054072,-0.0242609416789551
3124,-0.0051293115816476,-0.015101342496213,0.00918023743987141,-0.00588564993919886,-0.0369069349574129,0.00843993641874067,0.00460170115488151,-0.0184956779617501,-0.0068275270560155
3125,-0.00150412853664388,-0.00488287950121027,0.0020541216121819,0.00421687867193623,-0.00119401583924208,-0.0012952391704398,0.00526491036860916,-0.00114810494507419,-0.00373802805012428
3126,-0.00144008799616429,-0.00522925238487601,-0.00079605850489587,0.00372804202476144,0.00393657655359748,0.00148527427844292,0.00489105856211334,-0.000961495480208616,0.00918682863593362
3127,-0.0182111198525137,0.0205488254363607,0.00282936549454581,-0.010458747444907,-0.012165376160536,-0.0109123773584824,0.0385549891589925,0.0076378990301623,-0.00679584080249103
3128,-0.0184878491104691,0.00973429866901981,0.00171312171093889,0.0121057252129874,-0.0316945499905496,-0.0141815597092456,0.0212923117423571,0.0152252793631348,-0.0129894548928407
3129,-0.0159002291591927,-0.0291226863499041,-0.0166815145104722,0.0360512764455107,0.00128640833738156,-0.00169384079375555,0.0174598875128096,-0.0148760244552784,0.000180936762244986
3130,-0.0232427279023684,0.00417868089642548,-0.000917386315940129,0.0169364424055525,0.0133797180207222,0.00945784061424813,-0.0454818399577317,0.0170604532137822,0.00774233671785432
3131,-0.0257525667358712,-0.00767442837252831,-0.0278408781612007,-0.0125757601736137,0.0124825805880086,-0.00310099583425318,-0.0278716670772312,-0.0187644356920387,-0.0134744659286789
3132,-0.0275744358530404,0.012387437939846,-0.0149944934871229,-0.00136806954824569,0.0178340771231037,-0.0118809928203167,-0.00894634399309313,-0.0256228126066948,-0.0190934669600878
3133,-0.0293402990539652,0.0173561199642818,-0.0237109065501851,0.00298110343584681,0.0100439110269929,0.0010294292160681,-0.00421661534503649,0.00361563566516688,0.00460815789295431
3134,-0.0275136605041556,0.00469256957711152,-0.0270126587823074,-0.00367157201572646,-0.00633234853571106,-0.0062743742223282,-0.0185173917005155,0.00449904883114738,-0.0266518520139073
3135,-0.0286096403526473,0.00965981602815856,-0.0246022564096746,-0.0125206078296663,0.00865099061738124,0.00367835684621442,-0.0101488836266838,-0.00282030533517022,-0.0164801751893941
3136,-0.0162872501553896,-0.0289094028051291,-0.0146427612550058,-0.0358887902775455,-0.00286483336075203,-0.00836012034500933,0.0087940320126361,0.0347184997461728,-0.012574197015019
3137,-0.0194621775002751,-0.018218364511157,-0.0182192235397482,-0.049567974952367,0.00668738766993442,-0.0229397665526458,0.000944443199913487,0.0226578966153489,-0.0333235911779221
3138,-0.0170740796585358,-0.00580985160377503,0.00210201718771732,-0.0542263712788104,0.00272379667787955,-0.0401824892272205,-0.020364227333581,0.00826789404135282,0.0104993881374357
3139,-0.010774692371755,-0.00661813875830242,0.012064230831927,-0.0428045402597706,0.00117501940747865,-0.0257656668718427,0.0174319356783771,0.014063670745701,-0.0316863731272639
3140,-0.0139210343946586,-0.0202055903591925,0.00539191015356784,-0.0340404936653206,0.0151181098049781,-0.0216434599899902,0.0276152105577204,0.0126082888406118,-0.0267074748313202
3141,-0.0150755415741201,-0.0176434381371304,0.0109636451564907,-0.00599449835651589,0.0132643440784791,-0.0445717128346838,-0.0138972309928919,-0.0132092580696627,0.00541681182254291
3142,-0.013043727644702,-0.0328694374174532,-0.00970121500126411,-0.0211104101943032,0.0107594415071425,-0.0131479544602597,0.00930743171377433,0.0156365242781698,0.0017742870657636
3143,-0.0105143634247056,-0.0116784167031068,0.00711804858674767,-0.0458203820699209,0.00673480973742825,-0.0484604087413164,0.0145402238078826,0.0185762776361118,-0.0116683472656452
3144,-0.00142447543791503,-0.00146569421767182,0.0031921095907766,-0.00495088810231341,0.00178149698055503,-0.00478943439536645,0.00296244361618409,0.00635242629937339,-0.00548765201151204
3145,-0.00515394546106428,-0.0167090443441129,0.00488700239545545,0.0016263753379644,0.00726543286450244,-0.00665899341472214,-0.00471499405442296,0.010471421368225,-0.00146044282385948
3146,-0.0112455208286361,-0.0190705332141045,0.011776772301737,-0.0443613256596778,-0.0147784179081764,-0.00816814327221217,0.0177998687444416,0.00755087480291899,0.0156334730227971
3147,-0.000220684940175283,0.000169186032000486,0.00116272803889978,-0.000247046148730963,0.000304407836041643,-0.00041193959801781,-0.000122491237205195,0.00145730044883531,-9.8979084459078e-05
3148,-0.00185377727050513,-0.00787705512466522,0.00328075282697852,-0.00113992101405079,-0.000633815594810901,0.00117040278789392,0.00676246648982006,0.00357575695155354,0.00434776512196159
3149,-0.00286299337317302,-0.00738623235237301,0.00428654938417483,0.00250671023347211,-0.000680118782439792,-0.000611485402459178,0.00444548465858908,-0.000674379018261522,-0.00295782104803495
3150,-0.0157571645574055,-0.0281734105968945,-0.0126591389303999,-0.0376904634890738,-0.00232116472277129,-0.0213959687581771,0.00869842380299717,0.00241613898323248,-0.0226214827917789
3151,-0.0019262906820277,-0.00874225884449122,0.00407671301232677,0.000176918918100604,0.00250582763615591,0.00368465486020694,0.0056331184798589,0.00234336385636027,0.00133235440419692
3152,-0.000783708617317072,0.000316474428296986,0.000598514784994266,0.00210896830801691,-0.00292962763735889,0.00127310255884452,0.00235022581030803,0.00654628485686874,0.00131605898509843
3153,-0.000455321284741631,-0.000164276650676657,-0.000376698912928615,0.00152580963632964,-0.000681774205231714,0.00181518068579956,0.00321619988673711,4.25008786506723e-05,-0.00582004040444479
3154,-0.0213968406908839,-0.00294647290977567,-0.0114772589775383,-0.0268698548061918,-0.02179165733569,-0.0309111286471317,-0.00889561800541802,0.0492812004030481,0.0118787431292513
3155,-0.0113221107211693,0.000623194988329062,0.0246752576513148,-0.00612407575844438,0.0103448407193602,0.00638743724171489,-0.0305000222728942,0.0157369859576883,-0.00247739951297434
3156,-0.0283909568872122,0.0187061904640738,-0.0133414915523464,0.00876116364714763,-0.00184517840219437,-0.00748649498207184,0.0115100100859304,-0.00386981898751514,-0.011621405532707
3157,-0.0136588753722614,0.00795152064659172,0.0245830315025653,0.00186873744205208,0.00711635652637443,0.00645209218572966,-0.032439395154118,0.0256940860553925,0.00933179210114191
3158,-0.0139768710716184,0.00678433413847555,0.0203530016649822,-0.00177248925415283,0.0220091254741841,0.032621700419157,-0.0130344250118412,0.000645557844302249,-0.00901358704160544
3159,-0.00906573511940714,-0.00331287276819677,0.0211755254170028,-0.0245374430958779,-0.000732181265753505,-0.010424218329483,-0.0068880130552075,0.00815782212653353,-0.00950028819740725
3160,-0.00551344857228641,-0.00238639448657346,0.0152807218237436,-0.0033736424721716,-0.00292603186517682,0.0037799428422875,0.00222243830670396,-0.00115067056790108,0.00671855658866994
3161,-0.00920920414820702,-0.00185095572672627,0.0254263293973507,0.0143788750941653,0.00692433653321852,0.0172193373591183,-0.0254342855036371,-0.0115143866021498,-8.96383534278468e-05
3162,-0.00848464013688108,-0.00264393055290536,0.0214101737750299,0.00211184903923535,0.0113976968924527,0.0210386435925139,-0.0164705535085469,-0.00238334913457517,-0.00033874856851743
3163,-0.00727715822395626,-0.00195869746854364,0.024161241554829,0.000852063122299603,0.0210514709490094,0.022430254610901,-0.0178580792848602,-0.00508120125411749,0.00729938816275517
3164,-0.0133627104967476,0.00389700129678413,0.0237851957143316,-0.0013669772384665,0.0120235672201638,-0.00705117641176769,-0.044397602699846,0.0079304803608037,0.000724337759698612
3165,-0.0108461005063753,-0.012324455283517,0.0231230687835555,-0.00628784462526795,0.00109062210632423,0.00609957886766331,-0.00763778376313614,0.000469166491743574,0.0059178935485556
3166,-0.0254204435969832,0.00563059357887139,-0.00895112425680514,-0.006419855549989,0.0122701943179958,0.0428107741107003,-0.0252765958744569,-0.0160578928460317,0.017108136434245
3167,-0.0208185747945297,0.00258127777214631,0.00820356766205045,-0.00215077465412121,0.0192485314866852,0.0481585816597385,-0.0302743172346553,-0.00824449200357451,0.00311319772971887
3168,-0.0191053350154342,0.00186271213366021,0.0121493294693711,0.00121241725829047,0.0237482102667171,0.0492034776351475,-0.0241069872946484,-0.0147109605971435,0.00195107972745392
3169,-0.0120145640616871,-0.000942674889078285,0.0310321054746131,-0.00222514828654537,0.0167860041044145,0.0553271195977848,-0.0140941093093571,0.00779465965769306,-0.0125100146914689
3170,-0.00837304104509028,-0.0049814733087862,0.0224324184294078,-0.0101365233102263,0.00809721163744734,0.019697063521303,0.0165543853871543,0.0179365067926566,-0.0135046185084294
3171,-0.00933100735189133,0.00192836810942053,0.0257267426055871,-0.0190125977815784,0.0016943530270663,0.0140342650734443,0.00697243566054839,-0.0226122869024132,0.0115113140740342
3172,-0.00906764988844271,-0.0273982662354311,0.00160401557804148,0.0030012735031545,0.00366783111788134,0.00012471075922825,-0.000458592230955737,-0.00368527925860002,0.0136188238430085
3173,-0.00894630478840678,-0.00804813939163899,0.0230184016739497,-0.00993731386728232,0.00496853748108733,-0.00358663531076765,0.0117297002617164,-0.0066981391074329,0.0102454210045214
3174,-0.0233452803439245,0.0120864423881918,0.000108403484867623,-0.0121831250917816,0.0183255793221766,-0.0156808158899968,0.0294986621429259,-0.0404884985913431,-0.00904833198889071
3175,-0.0181882501277932,-0.0158191802816012,-0.00920431656670488,-0.0464891485253559,0.0270082754638462,-0.0157525218145721,0.00716853241989395,0.000754014032297578,0.00370685666497401
3176,-0.0153954808807148,-0.01296435469697,-0.00693403460103212,-0.0498965390663071,0.0146128520129938,-0.0305002813805215,0.0195283828558284,0.0151617734125383,0.000601668920948308
3177,-0.000360971843199776,-0.000847946351594358,0.00140256622599141,-0.000279490925706344,0.000649299036814961,0.00051143499601378,0.00315410852629859,0.00292131047394195,-0.000288655373174655
3178,-0.0306614817076094,0.0265073691360427,-0.0200415948493142,0.00889349644130212,0.00705232093750667,0.00583680494993438,0.0315552617708197,0.011337190307218,-0.00616012255916976
3179,-0.0199695704596641,0.0201060957696514,0.0138476616571927,0.00862562748906244,-0.0221099646797461,0.00231657852275586,0.0312213278049302,0.018326719692936,-0.0301974980599593
3180,-0.00513934365154908,-0.019162411371969,-0.00317337699160802,0.0149970025222866,-0.0118749967131203,-0.00339448377406322,0.00216570365352291,0.0105854299176869,0.00717702655120718
3181,-0.0188219647319769,-0.00463562214861337,0.0092671868224252,-0.00790592496878218,0.0181791449081628,-0.0179822419836433,-0.029180872275835,-0.0297305991688738,0.0138450360824415
3182,-0.00194933740514219,-0.00596890049699713,0.00366842360579417,-0.00137748689962561,0.00252170500419106,0.0011756085324809,0.00497969386399941,0.000186114304977579,-0.00053095735350038
3183,-0.0111072720439942,-0.0216746626236497,-0.00387378256612624,-0.0147844166773438,0.0342483420994163,-0.00706049521830487,0.0283205722445786,0.0137717549399981,0.00426924124914452
3184,-0.00817344605377838,-0.0280337417258832,-0.0152120244971377,-0.0108228562950309,-0.0124856613534282,-0.0058018938711478,0.0126408786910392,0.0046812846546395,0.0174403879986627
3185,-0.0142005385295852,-0.037101602857449,-0.00480271233724898,-0.00385542503926609,-0.00407476340603372,-0.000945162743663724,0.0215574280041822,0.0190718663835828,0.0191879656444214
3186,-0.0120457494963464,-0.0247145534942686,0.00559726245721476,-0.0494468552947612,-0.00260781299929635,-0.0136560955583309,0.0254186475642295,0.00993654030767275,0.0141521197382582
3187,-0.0287145355726424,0.0148485405332596,-0.0214530225336596,0.00797027621585794,0.00304361615381029,-0.00363137504086415,0.0242883827597642,-0.00916780026037114,0.0122707579764549
3188,-0.00651684656568901,-0.0208957955972805,0.00999093875013488,-0.00321738241064307,-0.00400443521349079,0.00515310988159061,0.00774855107313868,0.00706956825212191,0.00316322570665298
3189,-0.0201300189614842,-0.00229638569037076,-0.00877548549719849,-0.0225903297106681,-0.00260503809425186,-0.0467418072659692,-0.00900763142669299,0.0165091203252599,-0.036374699168596
3190,-0.0304122945765849,0.0231977736945693,-0.0212568479046337,-0.00781351825249339,-0.00977961757813952,-0.00225134517723556,-0.0187194907854987,0.0120069151964457,-0.0118783750867222
3191,-0.0171921923840703,-0.0190947526330466,-0.0083083411078596,0.0189554138761275,-0.00452229868873474,0.00349044027841685,-0.0458108131243926,0.002830151726253,0.0131929474028558
3192,-0.0108479750674212,-0.0251504541395295,0.0142366414569132,0.00362985599522553,-0.00387665995686924,0.000304455690439356,-0.00205502540563527,-0.0181243841465749,-0.00275175853439877
3193,-0.0268691230296278,0.00148510766701839,-0.0246376367048317,0.0167412104323651,-0.00574932755043028,0.013139361561137,-0.0201449866498541,-0.00128134978764466,-0.0167321758021215
3194,-0.0139537077055383,-0.0250290440458168,0.00954155432862095,0.0243766922759037,0.00638403782565101,-0.015721395058021,0.009405443797615,-0.0209975958226493,0.00550321889126096
3195,-0.0164512420465226,-0.0136875013451103,0.00672515004850118,0.0199986925061897,0.0198184964532844,-0.0282459942375692,-0.0135813976167444,-0.0223872372413786,0.0232366680156175
3196,-0.0125990535617511,-0.0133980703584366,0.0186120388912138,-0.0269312664272825,-0.000479242610627057,-0.0305635811363459,-0.00267179500360983,0.0153344899926573,-0.00862183608891735
3197,-0.0126563315749088,-0.00842907537768862,0.00946741326065724,-0.000618160881735752,0.0191125795060749,-0.0222675806208069,-0.00981065988156187,0.0118280053515744,-0.0261540427695332
3198,-0.0239539917759307,-0.0106425610812815,-0.0155278926949101,0.00897889011993353,-0.0116110543682532,0.0547554752971919,-0.0382823317829158,-0.014187381178274,0.0343471494560327
3199,-0.0150142169510002,0.00181709230419213,0.015562843576291,-0.0436325609769123,0.00413798749510132,-0.0369832245930788,-0.0154082293544689,-0.00551773218320893,-0.0141129507187181
3200,-0.00883577594693516,0.00403035929273694,0.0339921339222994,-0.0285790278592047,-0.00235317672884304,-0.0248534680976735,-0.0130467975119219,-0.00424389727634139,-0.0213248459806082
3201,-0.00786284496577633,0.00212569694058696,0.0247993129573614,-0.0281897394006148,0.00234775789059964,-0.0146559252990755,0.000973627226502782,-0.002260584947079,-0.0150191890081108
3202,-0.00710758138216274,-0.000219113822498428,0.0243384577998573,-0.0242379421970421,0.000903206691324117,-0.00946970274696027,0.00701689530670244,-0.00102949033657818,-0.020225537675085
3203,-0.00689057165464531,0.0031062493346544,0.0258583604544707,-0.0254248580030427,0.00598511400873534,-0.0129081638245993,0.00466933661358324,0.000445860548921348,-0.00573578365651796
3204,-0.0265575591860953,-0.00670125545376204,-0.0288222204587171,-0.0236722394107399,-0.00384657573594143,-0.00260277057627487,-0.00492865648412768,0.0278724905299569,-0.00689000482334101
3205,-0.011579508664842,0.0025559300864761,0.025139883197161,0.021458842380425,0.0412728144505337,-0.0153887194534197,0.00355018518931532,0.00343102822802293,0.00187225282549345
3206,-0.00311818283510475,0.00236612173712704,0.0124485173598854,0.00582134611566835,-0.00496411314353578,0.0109479829449955,-0.00768223327097187,0.0010291737368488,-0.00665556963427062
3207,-0.015643651899097,0.0146680574007684,0.0185521793982695,-0.0111470849549642,-0.00533403150833729,0.0226726212637361,0.00323353334079318,-0.0105930179931496,0.0270199595319016
3208,-0.00918288257623371,0.0142399143276917,0.0299151304270577,-0.00867110590074004,-0.00021181928482979,0.0235998639614351,0.0104468286108716,-0.00508911542890764,0.0133473846847638
3209,-0.00845678736833374,0.00960042277323774,0.0262047184562271,-0.0177222709544979,0.00187179509896957,0.0124831498032292,0.0109466614678413,0.001046862953017,0.0138771884306128
3210,-0.0186731764852569,0.0170988868654642,0.0205308310352872,-0.0168145987362739,-0.000954714086670481,-0.0257412530566573,-0.00801578705785904,-0.0363107051190745,0.0113094135670033
3211,-0.00775114382998562,-0.00708871101922808,0.0220701718119387,-0.00585639309201474,-0.00956398545143487,-0.00776610439009601,-0.0230927917213079,0.00161356974513559,0.0092175426448697
3212,-0.00288617773912116,-7.02968074266167e-05,0.0110765547101621,-0.0118562295717694,-0.00135052273460973,-0.0162055318675953,0.000322229193851472,0.00448833621999969,0.00375351247049144
3213,-0.0148532815632265,0.0160798373316788,0.0369564008597764,-0.017768235458263,-0.00166700251388848,-0.0191278336799006,-0.0214496501683383,-0.0121483994960925,0.0275372413702148
3214,-0.0145108009968722,-0.0132195782040133,0.00354571951714737,-0.0237428052202718,0.00659167701626153,-0.0429575924078718,-0.00238976466834412,0.0232584668144374,0.0195496843571727
3215,-0.0107371825589557,-0.0310056472579217,0.00476893171711186,0.00561862510711053,-0.00567800366722552,0.0154675303974562,0.0044465805980178,0.0210157742041065,0.0214850665103457
3216,-0.0142262282627729,-0.0307613091409458,-0.00845704874542079,-0.0374668848057512,0.0132910137261068,-0.0133184352496768,0.0142900968490316,-0.017755094204206,-0.0149347749903318
3217,-0.028930782632817,0.0243343465098931,-0.0144544236246003,0.00479943057907071,0.0104556798938826,-0.000444342752652792,0.00697497418704878,-0.0101361868486069,0.00605330448719317
3218,-0.00965169976698489,-0.0233955704323432,0.00980819641512731,0.000220764353497199,0.00259424304864484,-0.0111132827970544,0.00679485766299374,-0.0160117265462099,0.0118440138129715
3219,-0.0245421355910275,0.0222674181870207,-0.00185426362729056,0.00395063790871228,0.0128285400886598,0.0162540748728029,0.00508322799004065,0.00215033153637047,-0.0272892698692574
3220,-0.022277181272415,-0.00982531585104849,-0.0144801636957473,-0.0226259247921758,0.0301577944856882,0.00108634941346751,-0.0200031021875201,-0.0142797361776512,-0.0303941324835024
3221,-0.0216197946055838,0.0262062878769996,0.00282252759072369,0.00203480642030265,-0.0133523576038172,-0.00410411612105203,0.0230082052491855,-0.000322555374454218,-0.00239721364259222
3222,-0.0112000008242466,0.00659700575355414,0.0167545397274194,0.0290643182274847,0.00450551694100692,0.0100343854077356,0.0110523377163095,0.0153384452894664,-0.0273904756916905
3223,-0.00987576914508429,0.00674537227937716,0.0210524584681747,0.0195227164872761,0.00727304752104953,0.00848726104871285,0.00637664941919449,0.0117636650721926,-0.0280548708507814
3224,-0.0142117987773764,-0.0347884060657877,-0.0126662592463722,0.00957108831838388,-0.0041692368343126,0.00835011694864569,0.0477778769929767,-0.0212484076793803,-0.000214208361663315
3225,-0.017283697160597,-0.00636270612943212,0.00116213431129567,0.0198176463524456,-0.026213699734664,-0.00120374402163874,0.0216344712535942,-0.00646237132265996,-0.0343444249022321
3226,-0.000289186118785875,0.00102686755372933,0.00213996697047188,0.00167494511542129,0.00117459020879637,-0.000697323787801255,0.00101639424219261,-0.000710781998718101,-0.00164501095663004
3227,-0.0092662083723458,-0.0205989229465118,0.0107101740548623,-0.00873954659654874,-0.0284320266302093,-0.00767927788270083,-0.0100875940697808,-0.0129309655487664,-0.00466272079671619
3228,-0.000245332804988001,-0.000871604824124686,0.00068331686261056,-0.00039180134554347,-0.000543323607242424,0.000402251479891502,0.000426232213980387,0.000536759174119123,-0.000199321245805511
3229,-0.026978603336009,0.0118323702072301,-0.0185359593254986,-0.00508680133872992,-0.0094245100334044,-0.017199722007988,0.0102092903830319,-0.0318328917676732,0.000397638099892455
3230,-0.021986850633722,-0.0218121569026432,-0.0295612528122743,-0.016043247324132,0.017487977738998,0.0143449482750023,-0.0154525162943483,0.0290053146889331,-0.011662721449299
3231,-0.00254523762438855,0.00123960654496947,0.0118032737820701,-0.000536233076591477,0.00182099347259453,0.000595558529426863,-0.00384877024553874,0.00618094402896046,-0.00421705342624796
3232,-0.00486479342546518,0.0020064197916671,0.016560745355463,-0.0161488192802346,-0.0137972340210689,0.00853433827628234,0.00898441142166128,-0.00738169813216666,0.00472266488057297
3233,-0.00713933852937637,-0.0200497796770645,0.00711674838339398,-0.00159290177709678,0.00914451344976551,-0.00792077467214201,-0.00535185450997873,-0.00146873646812779,-0.00215727170772268
3234,-0.0199005794493917,0.0110149605681057,0.0188457213610516,0.0105142072225514,0.0259481154661319,0.030561039715063,-0.00623190057598504,0.00110350293830613,0.0105422019948719
3235,-0.018999362384729,-0.0218261126763333,-0.0243962856472687,-0.0386121342489104,0.00320050711624163,-0.033095041428515,0.00102001486431878,0.0123703600426212,-0.0289602898991815
3236,-0.0249082902241822,-0.00953736264613541,-0.024388895593467,-0.026095859265674,-0.000560647959429962,-0.01849104056464,-0.0125344886012258,-0.00978396849562248,-0.0333263862136
3237,-0.0242757426637305,-0.0122888652710134,-0.0258135958809952,-0.0261797292120323,0.0201667285691813,-0.00854783820131151,-0.00527352069590687,-0.0177287787662842,-0.0384407951513832
3238,-0.0165702903190528,-0.0361853839722669,-0.031063714996811,-0.0152655351401434,-0.00251724187621438,-0.0271939578450995,-0.00671238061491957,0.0136950022240255,0.0305636105506342
3239,-0.0308467094759477,0.0192745006943134,-0.021731119764296,-0.00797990261356677,-0.00846877064575442,-3.47867369649e-05,0.0183858747819207,-0.0171447552354606,0.00563346392159024
3240,-0.0014846221223864,-0.0031599727298358,0.00418990092166954,-0.00126878681831091,0.000705062732685927,-0.00204932427601883,0.00220045879612393,0.00323857163754447,-9.60772051714667e-05
3241,-0.00700613708863163,-0.0294067795972325,-0.0192407958652906,-0.00975547731782641,-0.00725447635054146,0.00651167761085035,0.00637021149018968,-0.00977977485255019,-0.00272646702673625
3242,-0.00612339304035538,-0.00643026680277262,0.0111272932693254,-0.0119955154855695,-0.020833315120313,-0.00777736773885016,0.00658838605795704,-0.00149420010120899,0.0122929298822246
3243,-0.0158884200758127,-0.0376908521032639,-0.017489187155511,-0.0129893490559749,0.0223084544268621,-0.00275963780385862,0.0103635046056457,-0.0071998980771282,-0.0191746543646779
3244,-0.025431863552761,0.0110659166852632,-0.0136300200909585,0.0116434155543002,-0.0272335723863731,-0.0110301847741936,0.00350882123294591,-0.011505910297913,0.00676879812242501
3245,-0.0179078144637338,0.0138968812704425,0.0152605534016385,0.021302181222407,0.0183658542174726,0.00790521634448345,-0.0248072068835981,0.00757754996767722,-0.019693249113909
3246,-0.0192214685276526,-0.000711398386335605,0.00525504294030183,0.000902303829966416,0.027445214947663,-0.0186158487432747,-0.0277710874785386,-0.0206776343263986,-0.0142938401283962
3247,-0.0230869935151084,0.012729890516813,0.00395044237478166,-0.0146379958564979,0.00872433079752623,0.00519045045082028,-0.00389058389635201,-0.0250131437766214,0.058267444282176
3248,-0.0184098888235311,-0.00476757892392616,0.0153381681396839,0.0173204314727426,0.0141727065515886,0.000381835360853553,-0.0455383735364502,-0.0322542217338942,-0.00792204654765618
3249,-0.0306134748901495,0.0182253716421339,-0.026291571181603,0.013110610650769,-0.0173839787802295,0.00895351521964799,0.00758723064047155,0.0103034825130832,0.00168918612195337
3250,-0.00170935242412841,-0.00191775694589967,0.00469629240621034,0.000949071921055061,-0.00148881288011424,-0.00414828501570639,-0.000687981138506197,0.00172446788723782,-0.00415887465420222
3251,-0.0191669737588055,0.00901332168291996,0.0109924290747581,-0.000839682005267815,0.00960412834447204,0.0141749992060382,0.0291339091501268,0.0053190084387666,-0.0180114688755266
3252,-0.0160525057544092,0.0252154112402179,0.0164318752551188,0.0105829913205544,-8.11719455294021e-05,0.00163299221137661,0.0385708469970973,0.000903955333205895,-0.0186182570254244
3253,-0.000340476749126897,0.00055874190020087,-0.000583959408754432,-0.00016647344587493,0.0023853659243298,-0.00402723297013711,-0.0026653736371695,-0.00115277784803415,-0.00331986145254265
3254,-0.00363215376197479,-0.0101004278480267,0.00342902283537527,-0.0176090353741434,-0.0176777782277828,0.00707906736725367,0.00570367403096506,9.65688071876874e-05,-0.0098321540268053
3255,-0.0116295164219086,-0.0120329082454967,0.0128264175380834,-0.0473869623822796,0.0034388656709054,-0.0327151796834084,-0.000281675312901202,0.0351755243571453,-0.0280752128600633
3256,-0.00361239450392567,-0.0119622426232581,0.00630926684658957,-0.0174116269913146,-0.0195184752201636,0.012322432357219,0.00380624581096129,-0.00134202569121746,-0.000651671958369973
3257,-0.0206600785848263,0.0241405579285402,0.00424336414533848,-0.00664480910015803,0.0154469388162042,0.0164836682756285,0.0144010055740525,-0.00780126099017413,0.0203669348953978
3258,-0.00719396346636713,-0.0161430002881999,0.0108660474307739,-0.00907478240593887,-0.0136022508246752,0.00589951271767407,0.00130486947846691,0.00214929253405318,-0.00848702375552579
3259,-0.0121592805913614,-0.00821702637846082,0.021728958721278,-0.0181646418765822,0.00118132542941855,0.0193343042496148,-0.0342567886867011,0.0120624680394611,0.0187901050197125
3260,-0.00798435296140125,-0.0205738204728326,0.0075119289834313,-0.016328722448101,0.00430193808751367,0.00185986021751962,0.0157401187120882,0.0063171259494559,0.0035796753249813
3261,-0.000231545573195566,-0.000701353107824054,0.000762012706598501,-0.00024696618293132,0.000712481299604718,0.00276745256209015,0.00145760958177472,0.00115565019986291,0.000928069189243235
3262,-0.0205319171241798,0.000580207825204734,-0.00745402312990864,-0.0407366943710432,0.00907659279604384,-0.021926858997088,-0.0135611419263959,0.00298108745692176,-0.0136107664125834
3263,-0.00786299029502811,-0.0136112027259782,0.0180723092934332,0.00344932044211218,-0.00631133462692324,0.0110827119083132,-0.00662185370731721,0.0127741621327568,0.00531803311195979
3264,-0.0125443625639965,-0.0262204372158875,0.00391156908883326,-0.0012809752438427,0.0160108522224714,-0.0146536861461858,-0.000755953620823948,-0.0225240852573797,-0.0122435737039579
3265,-0.012876400665232,-0.00915552956949584,0.0238396964949689,-0.00327628359669089,0.0220256994089133,0.00364262154696101,-0.0246595993380409,-0.00938357730271989,-0.00367178664756643
3266,-0.0231066548442996,-0.0096907532457889,-0.0164642327605861,-0.0131972381614094,0.000947415486750579,-0.0302085319960355,-0.0272430283271784,-0.0298226512156704,-0.0392474974130057
3267,-0.0291965094258357,0.0208528138249694,-0.0178563275251868,0.00733414152022477,-0.0148769827811307,-0.000273940472972766,0.0273200079392492,-0.0214376718980217,-0.0133837201329443
3268,-0.0142679520331328,-0.00375497854410443,0.0107821604551147,0.0125406021349826,0.0208318426641693,-0.00284672609621434,-0.0121942606963492,0.0191150893989943,-0.0117638781756473
3269,-0.0206663570272875,0.00129420523030867,0.00176535554840539,-0.00439340221540228,0.040794856244637,0.000443654356851692,-0.0426175461453221,0.00199800927289347,0.00828942293559114
3270,-0.0145404116419853,-0.00367898843359407,0.0355341979064048,0.0284047766780242,0.0167982303701121,-0.0137378269644035,-0.0155469003296467,-0.0178003927782398,-0.0057866497206521
3271,-0.014190997795676,-0.0235685254032419,-0.00553665119810117,-0.0133589488632776,-0.0315178884652226,0.00073288103988786,0.00330722060939411,-0.0116627795723037,0.0421682314384899
3272,-0.0256511335597822,-0.00723111307003928,-0.0264323286110065,-0.00705791790902831,-0.000633028910031529,0.000841198795393844,-0.0204028575369548,-0.0063290268930507,-0.0210265341904435
3273,-0.0238027177675721,0.00382722019164868,-0.000908609057672176,-0.00461391045790066,0.0189441840229458,-0.0402795169654791,-0.0344343094172777,-0.00844946571206327,0.0246729394440305
3274,-0.0158115627072609,-0.0113668717214887,0.005476378707899,-0.0234000285098947,0.00948571801680135,-0.0213194925379469,-0.0350187485416877,0.00164447534709842,-0.0340012095178017
3275,-0.0236039976639151,-0.00494058998197196,-0.0161499270742513,-0.0230584794120055,0.0189539935690851,0.02180014983704,-0.0190938428854788,0.0141494458303432,-0.0276696638711855
3276,-0.0236661096747715,0.00624043113002807,-0.00515601034249623,-0.0359287334615217,-0.0104724642351413,-0.0232008433447452,-0.0275253607528025,0.00934346013857148,-0.0137769110527386
3277,-0.0123184745193655,-0.0097256616399434,0.000817832528133115,0.0277770890183103,-0.0353709527946913,0.000279970121768916,0.00647138777554015,-0.00483979568904191,-0.034323007426586
3278,-0.0291811115605558,0.0294846926224715,-0.0122955185329238,0.00032778145944916,0.00218039709616034,-0.00325137138469626,0.0314811736344178,0.00935253258733848,-0.015848723075031
3279,-0.00882656173601395,0.0149587414604093,0.0283801652947535,0.00897460222120542,-0.0203641396679236,0.0128373345037054,0.00435428301007994,0.00265416031443028,-0.0353935067275319
3280,-0.027372186951156,0.0225751556158195,-0.0101902336027027,0.00966707727804167,0.0150121768099443,0.0112578652695048,0.0232812273316227,0.0063054738521683,-0.0278794709445804
3281,-0.0231351678633905,0.0231103389827102,-0.00517075505981871,0.00486065127014889,-0.000948929234493292,-0.0245159408178527,0.0370545748939083,0.00562126241492897,-0.0263137163756147
3282,-0.0111018214652234,-0.0267731538393849,0.00169710009009959,0.0286731893621969,-0.0198742173657441,-0.000383479609554973,0.0185292351314021,-0.0165437954280129,-0.0144264661798598
3283,-0.019284566951538,0.0042672729309123,0.0114824744816169,0.0351324932116502,-0.0240117682657356,0.00586608907222073,-0.00594750104596571,-0.0201921400602911,-0.0409289486333905
3284,-0.0195137406545793,-0.0098921847410772,-0.0131554171113458,-0.018194369584622,0.00686920601634274,0.00460791336858538,-0.000595401729714938,0.0598349306216094,0.0128341053139456
3285,-0.0023718345180887,-0.00904041369244188,0.0046700929703234,-0.00213039236973911,0.00142971602098579,0.00111227912444837,0.00566085700002011,0.00314994819689896,0.00366402070699881
3286,-0.0101377359526968,-0.0183361381703241,0.014389006642892,0.0119150151575758,-0.00966041620042501,-0.0203286868831169,0.00559066376177154,0.0166639711847468,0.0190186153487669
3287,-0.0132644847986931,-0.00499949087000839,0.0148570718368562,-0.0518070568421658,-0.00154722368397338,-0.045188447441172,-0.0360669577100471,-0.0194315917557931,0.00724209000381012
3288,-0.00755636639929508,-0.0128853785006978,0.0185852268328194,-0.0238667676357215,0.00470486866828973,0.00765329922966229,0.00836557344031766,0.0226743505739239,-0.0176092490126021
3289,-0.0175481375904434,-0.0251038598864976,-0.0112591208582861,0.00554294639641097,-0.0143230864759097,0.0159644385717542,-0.0391368324276963,0.00980174851531656,0.0251985355724766
3290,-0.00239991242750149,-0.00641104582957484,0.000897855785964284,-0.00788721308328872,0.00357287751726343,-0.0029056922276149,0.00180911806541446,0.00331380721401617,-0.00270971571646446
3291,-0.00316767313125672,-0.0058736847848075,0.0090040914604136,-0.00229715456640283,-0.0092867471790807,-0.0145318086973376,-0.00281918637615617,0.00370369295269486,0.0173956160634979
3292,-0.0216296912299356,0.00432536151747249,-0.00356574496789638,-0.00920810174232904,0.0196331061514071,-0.00405248369343852,-0.0459064875187878,0.00141000803184395,0.00941829667668136
3293,-0.0167782827457687,0.00948348026889111,0.0151987426148086,-0.00905188274542149,0.00564820674173898,0.00392785525424264,-0.0531774198495897,0.0074894034782083,-0.0195844836574822
3294,-0.0273236351787618,0.0139828902634322,-0.014454912253465,0.00719962557531525,0.0187333658172876,-0.000274937580086107,-0.0194169094799773,-0.00157932336139582,0.0106240116242694
3295,-0.0250313011506759,0.0228830339747836,-0.00195547753748621,-0.0150308531047756,-0.0191447421421465,-0.012145106422162,0.0027821155309932,-0.0166876920329991,0.0194319084846043
3296,-0.0168494693843664,-0.00403641565219492,0.00639870670028423,0.0181165630233669,0.0434811321427966,-0.0178303211790792,-0.0114612569873944,-0.0328519274179244,-0.0137031681940084
3297,-0.0175162055870565,-0.0101136767996512,0.00447520545685779,-0.007520418480198,0.00954162048642516,-0.0356914399980696,-0.0323784108613942,0.0124584632982666,-0.000650630003845368
3298,-0.000370878073145824,-0.00107821054138661,-0.00307986803777127,-0.000736047055784944,0.0042064295808038,-0.00156027126933345,0.000154280064614479,5.11459458874152e-05,0.00710408121832394
3299,-0.00862136969284463,-0.0246300077030279,-0.0128687338355301,0.0049854728333586,0.00241529678741177,-0.00371225304847697,0.00882413987950917,0.00789854070977098,0.000285657766855966
3300,-0.00791636868804879,-0.0330581239990452,-0.00563239794803919,-0.0166254390863057,0.00506359573932805,0.00711982030188853,0.0234936172619448,0.0282420902779707,0.0101812764472737
3301,-0.00394735910292261,-0.0130957934740869,0.00111616810743678,-0.0015369315882221,-0.00376948839179567,-0.00444309142441146,0.00553236672838308,0.00230087951291278,-0.00167920491414474
3302,-0.0231347642197711,0.0209232937953005,-0.00971023293400311,0.0122188398292519,0.00680254663135465,0.00611183439795763,0.0184272473665277,0.0138285338899742,-0.0129622992047918
3303,-0.0223666824443619,0.0107866821437188,-0.0126853719103664,0.0140777388039598,-0.0373883492729896,0.00754820079989059,-0.0106596021091265,0.0142833456716986,-0.0101420635101193
3304,-0.0271596201167465,0.0214661265741833,-0.00877962348346416,0.0180599674811229,0.0110827023729232,0.00184877207070526,0.00738927906749294,0.0135607917359642,-0.0213608892211091
3305,-0.011425221371677,-0.012592282549844,0.0086387477018108,0.0246812926288972,0.00514723642519897,-0.015301127876363,0.00279438248824533,0.00132649332245922,-0.00361276304087062
3306,-0.019659936597581,-0.012290442653022,-0.0146687718946916,0.0375034009608747,-0.0123636339528592,0.0299882369182061,-0.00940597600269552,-0.0153064295751867,-0.0228215371751889
3307,-0.012527687352922,-0.0297699623645894,0.00170156063000972,0.00444075734304278,-0.0248339045052214,-0.00597649797948365,0.00794711828783507,0.0187979209739882,-0.00435651906045138
3308,-0.00806492429606456,-0.0136747357394526,0.0106008936208575,0.0194517749367566,-0.000969799139347583,0.00581212620241982,0.0124409176918771,-0.00113745514294039,-0.00833286725105931
3309,-0.000876322607289728,-0.00387068506197195,0.00106709821909826,0.000252750207759126,-0.00145945936179054,0.00209163859348524,0.001057455297233,0.00229787578762513,-0.000284903061710347
3310,-0.0289330847767294,0.0118959760989969,-0.0290732819779327,0.00909631594342167,-0.00126856295463212,-0.00538589853015156,-0.00918976079580522,0.020412121671956,-0.00152073882977026
3311,-0.0121019530653696,-0.00889709059909395,0.0184935945844375,-0.00516722818498366,-0.0241052062033899,0.00952014125599122,-0.0459928771870112,0.0196951979484592,0.0130921460535431
3312,-0.0232187492448033,-0.0138823946274819,-0.0267189589805258,-0.00722419640666577,0.0116782352951297,0.0185931786117385,0.00451292174329055,-0.0126547388565485,-0.013427607199733
3313,-0.0200189011838978,-0.0177373646032453,-0.0135556304322166,-0.0115128753111591,0.00118821067292883,-0.00892138977421022,0.0134296800744048,-0.0321169119411769,-0.0310301098367595
3314,-0.013107514488518,-0.0384298750818688,-0.00981432874811604,-0.000635824460637156,-0.00549728110497663,0.000888019573676376,-0.0101916599012446,-0.00895059690283047,0.00348951149133747
3315,-0.0204981879036482,-0.0151006949267806,-0.015057734487128,-0.0100977627448679,0.0309434833506532,0.0401581478087825,-0.0140395753721452,-0.0259379029360417,-0.0230157040826729
3316,-0.0175964284417586,-0.0193371780845489,-0.00946537560307117,-0.0133653641597216,0.0417095433390961,0.0443292923087596,-0.00470141292500045,0.00498082184335481,-0.00655722999653617
3317,-0.0144485123834724,-0.0244539057991037,-0.000350916101726101,0.000138972155927429,-0.0341516597924373,0.00102793069011565,-0.0341291842998663,-0.0213593120817173,-0.000170288218597168
3318,-0.0243753884347156,-0.00311859976853821,-0.0203896086083484,-0.0218216157684587,-0.00464556121112979,-0.0295572092155705,-0.00982782845380401,-0.0101499428801448,-0.0036267264250696
3319,-0.0280014216344025,0.0261883562058087,-0.0112772518742246,-0.0100972186708352,-0.00943482715824865,-0.00194246301898885,-0.028078221109698,0.0198356568213907,-0.00377457657464984
3320,-0.0120217289378867,-0.000554072128786899,0.0219628822141887,0.0364757087548045,-0.0175914028842358,0.00840098103338282,0.0095068119929951,0.0149612920294145,-0.0277372882745441
3321,-0.0199798652997043,-0.00350716958841565,-0.00348374600210187,0.0307997796964265,0.012073454349141,-0.0208913566333301,0.024214880490244,-0.00868938389510616,-0.0279571803961354
3322,-0.0270874557024838,0.030490495265344,-0.0124535129532243,-0.002212377832589,-0.00131592115206204,-0.0101764276434817,0.0306776291151838,0.00501959334684624,-0.00823517595639429
3323,-0.0215993773870134,-0.00441812252073587,-0.0116810252128569,0.0339237420621308,-0.0168867496790809,0.0217113056099525,-0.0182258951372571,0.0286173069476574,-0.0325609522190962
3324,-0.0120010028887811,-0.00887684373028885,0.0261844257625069,0.0143744313557456,-0.00603270796493845,-0.0371173596178245,-0.0142945725620963,0.00527004124011168,0.0131528731069267
3325,-0.0102892422081037,-0.0341667929695544,-0.00316316209294401,-0.0162194540654743,0.00154165328749276,0.00449549464530657,0.0222877771948326,0.0263498718703588,0.0051617663250935
3326,-0.00691308824998081,-0.00980211997143956,0.0154241643624382,0.0180392854229732,-0.0149459879365772,0.00799527195412511,0.0319034123661675,-0.0162357385402467,-0.0176336497266722
3327,-0.00397345558582366,-0.00506157264547988,0.0105952117717766,0.00198768097626481,-0.00760142293761979,-0.00327131192394232,0.00389554636810978,0.00506507977571583,-0.00152841101235204
3328,-0.010411800509358,0.0119079016684957,0.0128170099368782,-0.00135204677500396,-0.00225242604876335,0.0108176403875215,0.0228127101270244,0.0276443803545949,-0.0210137337083711
3329,-0.0199860686251362,0.0151774538087265,0.0052327452809561,0.0199517460249825,0.0152977991342731,0.00845398140905004,0.0259818065479752,0.0163855322557445,-0.0419688828981674
3330,-0.0234144454756267,0.00250740715900961,-0.0120804742927117,0.0224065692868499,-0.0118539738863756,0.0105936950163368,0.0015707783669944,-0.00383824097295534,-0.0244784165557651
3331,-0.011241793537386,-0.0250122477647823,-0.00642774778515202,0.0200323775432992,-0.000169194556801238,-1.41391297631456e-05,0.00988931329516803,-0.00393177340610425,0.000481825802517473
3332,-0.00971655038827897,-0.0201156061355996,0.00380942564489883,0.0157815687451915,-0.0116734101070912,0.00256929614887913,0.00256208098671004,-0.0232992851984694,-0.00514553276969097
3333,-0.00926761794436626,-0.0253852791667385,-0.00343670258841873,0.017887890531811,-0.03423699946932,0.0220871356436549,0.00310878291040803,0.0116640155726201,-0.0257238710659319
3334,-0.00635081736861313,-0.0171308819769668,0.00361034531017713,0.00967979147907751,-0.00412429258829308,-0.000868981130602132,0.0225503810736474,0.0104754448762393,0.0013838015327752
3335,-0.0165914987224742,-0.0140705414589185,-0.00271029949226418,0.0295376217205903,-0.0371528684339936,0.0199072383041659,0.00181621039897756,-0.00511401533656579,-0.0149587113266896
3336,-0.00656114499688665,-0.00367482862664618,0.0167098694064996,-0.0098804025595474,-0.0246826384718833,0.00130039845632767,0.0194142692015119,-0.00435288861584826,0.0074365332025855
3337,-0.00440826585997985,-0.00993137408165302,0.0110264992709119,-0.00340007839808374,-0.0132012998524068,0.0069175053657036,0.00592557261169988,-0.00238675334635749,0.00515645011531942
3338,-0.00248023189625663,-0.00512426651926086,0.00465658828660619,-0.00170718209667649,-0.00584779571696754,0.00212002244848361,0.00699584190751428,-0.000657305920729289,-0.000805831345103247
3339,-0.00214897737582018,-0.00710392904620865,0.00689274805269058,-0.00234464503238189,0.000460809261109552,-0.000273647780752269,0.00547053666051127,0.000337177128378319,0.00287135007748586
3340,-0.0179943670633151,-0.00645710464905869,0.0096465078083405,-0.0243757576282015,-0.0423312044424794,-0.0152030642107644,-0.0211379072967569,-0.0221633997889295,0.0341939599526816
3341,-0.0107479325391728,-0.00942053834077499,0.0173127933518623,0.00933676603300167,0.0116615951516405,-0.0218993451567524,-0.0210512715200899,-0.0127405358268368,-0.00468462165596899
3342,-0.0327374432105225,0.0357256444526848,-0.0186161942812776,0.00159610751279541,-0.00685783219218427,-0.00311938333988701,0.0273673105213768,0.00232169585186756,-0.00184248598674118
3343,-0.0108664974423056,0.00485687402861655,0.00277115915087827,0.0205317834758633,0.000316914850682392,-0.0146672511107466,0.0290893127925695,-0.0122615401340345,-0.0386487636345376
3344,-0.00919331547369721,-0.0226296993433908,-0.00750594506369884,0.00493611987424723,0.00267164127003931,-0.00360618789782575,0.0184755097341247,-0.0208187556725614,-0.0160853736172529
3345,-0.00579928490002124,-0.0114567366177978,0.00824181079557887,0.00750023728761031,-0.0115662460123761,0.00313595536270692,-0.00286100033093628,0.00912149266355357,0.00571219805644273
3346,-0.0132835436882551,-0.0052270345008168,0.0107891911584854,-0.00671021723081671,0.0128719905952272,-0.0316089099119131,-0.0398852440572548,0.0170297244995439,0.0214507582728606
3347,-0.00840212195585269,-0.0116325779868806,0.0139052547566727,-0.0339050532361497,0.0153932008967789,-0.0192817107552231,0.0211166481290303,0.0314628650985636,-0.00827833958415539
3348,-0.01098660190855,-0.0228457725073753,0.00679883099008907,-0.00167456660196381,0.00557271528634134,-0.0110845893328762,-0.0112146681155225,-0.0164830289344545,-0.00406656061033473
3349,-0.0089558312760366,-0.0100876488323897,0.0222220463512287,-0.0158214626656691,-0.0183551242763943,0.00166920808894916,0.00215557978009625,-0.0157576591604103,-0.00190598259744928
3350,-0.0105207579205017,-0.0297907034794587,0.00158011000889084,-0.019016844891839,-0.000331433098931684,-0.0232213907838207,0.00130839357609453,0.0298612088930663,0.000613152498915188
3351,-0.0122046782538656,-0.00771524955836564,0.0143954992563173,-0.0216509340902824,0.00101607848391636,0.000485417327333384,-0.0283350911957692,0.015490076146171,-0.0152071071869956
3352,-0.0218310930733892,0.0133279118107725,0.00487198784070049,-0.00246060218008421,0.0259004106965447,-0.00219684558247001,-0.0333476571920982,0.0017080824619816,0.0104917176497428
3353,-0.0031520565051482,-0.00495497686759407,0.00287742837075374,-0.0101112388489595,-0.00905037898848361,-0.00242392967318771,-0.000321425915007706,0.00271920108470792,-0.00217456200330705
3354,-0.0102970101027025,0.0160802622245144,0.0090648463495055,-0.00806882673117137,-0.0123560909565284,-0.00412721469649976,0.0172685133697448,0.0144117656583436,-0.00682519462071707
3355,-0.0181010383258795,0.00572485919070309,0.00992199447697405,0.0275911377186941,0.0133624524699928,0.0151230656706665,0.0339958032335767,-0.0119051413877748,-0.044620725929862
3356,-0.00155997502308985,0.00106041273268452,-0.00409818099433776,0.00125679045383249,0.00509562330302034,-0.00505576482692637,0.00926852100732209,-0.00249922954866569,-0.00907098555083489
3357,-0.00966461536300053,0.00831364562586127,0.0212954715543232,0.00772941564544471,-0.0179599516517031,0.0263471838234486,-0.0191551804394913,0.0140001467649058,-0.0358612811070264
3358,-0.00876459611309674,0.0021133383944189,0.0134642906527556,0.0249404094517059,0.00439386933211082,-0.00470668270885834,-0.0297567786080385,-0.0139576236063324,-0.0307014560883313
3359,-0.0210876642209181,-0.00730027681560765,-0.0199150433626974,0.0146215091998738,-0.0168636916165927,0.00785078544357222,0.0195548526833548,-0.0135745700404427,-0.0152589244026104
3360,-0.0140706710681461,-0.0183309239701919,0.00561502378839872,-0.027266344914746,0.0338402688904404,0.0307714626538337,0.0203673465868277,0.0163139129502226,-0.0203094851534946
3361,-0.0120269754983992,-0.00756804597925873,0.00742104090547119,-0.0288718522179816,0.0212318485325824,0.0290891879370927,0.0079209338871515,0.00690619753557855,-0.0224409757992703
3362,-0.00170574217051252,0.00135816158225878,0.00694087076859079,-0.00260141600760598,0.00219171568172482,0.00035133410667081,0.0013011078724411,0.00108359803560057,0.000965094706802704
3363,-0.00982123971814384,-0.015931474132719,0.00960463008331892,-0.0322491692687977,0.0248149153311339,0.000883663459712508,0.0133080963183205,0.00655424717085766,0.000118597137693262
3364,-0.001268814380755,-0.000681577600827207,-0.000971222646727409,-0.0057382188382798,-0.000164741958445588,0.00204296611928081,0.0112290086308167,-0.000285054837468001,-0.00223911686020866
3365,-0.0159562460734194,-0.0183819973927647,-0.00770227290470886,-0.0200185104720435,0.0389245876053451,0.0357425931568619,0.017509027006476,-0.0035425309435113,-0.00308184305429509
3366,-0.0107597912862107,-0.0210290631313155,0.0086528556102072,-0.0247153584141156,0.0198604783343841,0.00563040987248034,0.0180013337665216,0.0122363110569498,-0.00306529923963991
3367,-0.0158910576341759,-0.0206612390264644,-0.0168875338971459,-0.0224347144022118,0.0205815999449072,0.0409737822824615,0.0341642307840962,0.0508964879512575,0.0197098866709568
3368,-0.000493365207473401,0.000843070744621158,0.00206898540487134,-0.00504179404076892,0.00333211929035838,0.00557951953388708,0.00994147715857326,-0.00509331873963924,0.000389438253525119
3369,-0.0237174528301198,0.00615266937962754,-0.0109637564353246,0.00227714408268995,-0.0248626998515559,0.0317674859191219,-0.0225274566168257,0.0235797087203014,0.0041224661482037
3370,-0.00244336306661146,-0.00562217092367223,-0.00723104825026198,-0.00233792581510385,0.00309349680262625,-0.00518062034092332,0.005536707556749,0.00155667915088626,0.00216295768521928
3371,-0.00761772649469512,-0.012785586516843,0.0145607665821233,-0.0194213382272948,0.0220619998355702,0.0072757814484187,0.0130894009949332,0.0136202820961092,-0.00501327518099641
3372,-0.00541630938356062,-0.00528862685145821,0.0157464716070202,-0.0190528441119396,0.00389262952990462,0.0307356834138698,0.00525401138202278,0.00995781817223466,-0.00199826640952374
3373,-0.0105331112355499,-0.0209700817443933,0.0108826288456104,-0.0128703890711928,0.0310203344428902,0.0274739621361198,0.00674140559570818,-0.00619670512891556,0.0223313190056296
3374,-0.0154942441810579,-0.026496704151294,-0.00327864108538809,-0.00650263723282848,-0.00415445515926378,0.00385539474106332,-0.0588202106292569,0.0234651441617272,0.0292086088246822
3375,-0.0208435237764855,0.00972562689634092,0.00404885864212414,0.000486759304764791,0.0189028539269246,-0.0112044812582154,-0.0309179461946827,0.0187024729275403,0.00881353289837989
3376,-0.0233844029521357,0.0244682140916388,-0.00264298220220657,5.59833902668159e-05,-0.00247657076553393,0.0130682036672173,0.02970093527058,0.0182049987564634,-0.00156505881853463
3377,-0.0132408134990589,0.00568305716580557,0.0171070646894636,0.0256512872068651,0.000400638999379445,0.0139784379998991,0.000509828615365644,0.0185696479295175,-0.0368777744392023
3378,-0.0206241344571407,0.0251443676834985,0.00675949036947902,0.0192615530730299,-0.0195765868078756,-0.00110313932498504,-0.0103988439227096,0.0362709966226797,-0.0268150363212537
3379,-0.0237284074382093,0.00752542672417969,-0.0148672147730489,0.017742839402627,-0.00583058833879759,0.00384756150233181,-0.00710182909250391,0.0235060507207638,-0.0334496354989781
3380,-0.0142608674340691,0.0054883234923443,0.0121777647088,-0.0341211712042152,-0.0060179520394614,-0.0108428283092949,-0.0480753329837859,0.0143385626698467,-0.0403809132592736
3381,-0.0107387843062831,-0.0237321081254332,0.0113063071472096,0.0229372870626618,-0.00494166819770276,-0.00037352772889496,-0.0029513454724409,-0.00553628156911006,0.00557406952478657
3382,-0.000475867913868047,0.000474715561075988,-0.000497292997350409,-0.00104938516981448,0.00171454591466332,0.00141478126164641,-0.00166582002388536,0.000386104374596713,-0.00283948418298916
3383,-0.0152044742518009,-0.0216545741890112,-0.00376813185006066,-0.0379972899668051,0.00407978462336838,0.0124189918653242,-0.0187506441039659,0.0395789787512614,0.00250556506477425
3384,-0.0242272626625048,0.0283315167746812,-0.00538122087799487,-0.000629500807273773,-0.00247972816963121,-0.00259080069338964,0.0325060689268287,0.0204731987640293,-0.00268406409395703
3385,-0.0291102005046029,0.0280152130748672,-0.0167978516791898,-0.0024941217344621,-0.0111276645770463,0.00680017775159276,0.0234611513208745,0.00895579523470834,0.00306789529349742
3386,-0.0081029756083894,-0.0110372151924496,0.00798759068095832,0.014991179999773,-0.0214521740742845,0.00407393374653351,-0.00362819179152784,-0.00488794425408473,0.000899193027162104
3387,-0.00978173897979325,-0.0159812800671492,0.00477335350283589,0.00500686463095855,-0.0172200812133464,0.0113795583581245,0.0271148366995305,-0.00748265410119438,-0.00260547388375252
3388,-0.0125352316461672,-0.0224321429455987,-0.00423947536337526,-0.0292663700812901,-0.0398241692649962,0.0219950295637981,0.0117945460127845,0.012048521662541,-0.0094606165734442
3389,-0.0128339640801813,-0.0115752027397441,0.00686518113670868,-0.0521210727135247,0.0055211394534151,-0.0260843971297696,0.00159155330018408,0.0212038932505478,-0.0068679530092885
3390,-0.022654746116399,-0.0179290855268995,-0.027384768476407,-0.0220319450873298,0.00974003523538783,0.0144740843643071,-0.0104063555226534,0.0265240584268103,-0.00109235110271031
3391,-0.00197311329080305,-0.00385002993562063,0.00459626972838268,0.00492757740570328,0.00100678668115047,0.00139982440950207,0.000988112854508736,-0.00129541149102465,0.00329778362347172
3392,-0.0109903726910077,-0.0321671504345576,-0.00489609612547285,-0.0221955982464663,-0.00271679322291233,0.00561846539498158,0.0192994968653022,0.0402784982261208,0.0121690579695194
3393,-0.0198811347907751,0.00218125187870212,-0.000281523310604993,-0.0301272258811724,0.00889324603786425,-0.0209769910319697,-0.032720806845562,0.00100797061784458,0.0357975930342445
3394,-0.0189615612663904,-0.0187162268479857,-0.0169587368434039,-0.05047111032063,0.00126680499238905,-0.0348823894443087,0.00857417037806094,0.0312074335667052,-0.0170107854701346
3395,-0.022279520742385,0.0128367458471373,0.00419665122771743,-0.0219950800309543,0.00526174649629541,-0.0196264311765962,-0.0286349801321736,-0.000476790915972674,0.0342416163837038
3396,-0.00321256022267539,-0.00972235752332367,0.00337464181657892,0.0088624290332143,-0.00956729974369576,0.00180121819621637,0.0249794491352476,0.00957332191336473,0.00113059665991988
3397,-0.00968842049016987,-0.0258106088408539,0.0104334599564142,-0.00666840030477922,-0.0243799865418309,0.00773140433663495,0.00498285072821722,0.00733698566778219,0.01213066972044
3398,-0.0198107029561724,0.0187699776247893,0.0109146142499823,-0.0232965221526491,-0.00108498809573546,-0.0113739598032803,-0.010879510298007,-0.010441303461784,0.0344504736519591
3399,-0.0210579415612592,0.0119568691696235,0.00562883389787366,-0.0289145807271837,0.00762365578451188,-0.0199429299565877,-0.0216528168365443,0.00783570073505843,0.0360198786192022
3400,-0.00566713584926611,-0.012566989024582,-0.00387810391143417,-0.0164458432716191,0.00401564650598554,-0.00327290854927812,0.00825631532190772,0.0362497071602151,0.0089294251669325
3401,-0.00330073564491777,-0.0102039284175851,0.00363125695328438,-0.00998340566612592,0.00317556800856895,-0.00286713319377135,0.00739511531754906,0.00769940290823608,-0.00669256357579175
3402,-0.00489639838151595,-0.00937853548937418,0.00710190681017817,-0.026043460183535,0.00367113985877475,0.00220212091257699,0.0143204525373399,0.0289651783475686,-0.009682574882104
3403,-0.0117627053316483,-0.00772116080841558,0.00974650714465358,-0.056280910603086,0.00693191394863942,-0.0266768877493283,-0.00188182825605347,0.0145473558103425,-0.0194752728795771
3404,-0.00595923567514117,-0.0108502971580469,0.00948951488540068,-0.032545078421468,-0.000752383064706986,-0.00529332698903638,0.0243103575487676,0.0168393468306074,-0.00840806155352988
3405,-0.00908962365277808,-0.0284207240956611,0.00362268298271867,0.000421937734921556,-0.00489034616563232,0.00151540192048401,0.000514849322494963,0.0188577799948668,0.00654436406546866
3406,-0.0128557073990328,0.0161559361562665,0.0205525337850586,0.00806633408189831,-0.00590509069542886,0.00265824965578133,0.0153128660858275,0.0269851211934234,-0.0440118055810175
3407,4.78317434948123e-05,-0.000658462194174484,-0.00307345684813659,-0.00261306101613327,-0.00189800337905118,-0.00221322663908462,0.00343461253237961,0.00545467911830562,0.00791866775900054
3408,-0.00316734323120437,-0.00287923152236687,0.0035366910351644,-0.0146738878561438,-0.0141030258304279,-0.00274590044969647,-0.000917241990455188,0.00419918449036681,-0.00985558682331212
3409,-0.0214254939871203,-0.000184746655456152,-0.0208008607167554,-0.000914439755413509,0.00301058459536859,-0.0213524253006375,-0.0282225193927153,0.00404985493703377,0.000195813576498423
3410,-0.00035639590500528,-0.00124481108112737,0.000133264421263808,0.000749734901259375,0.000377879360342004,-0.000752400950141068,0.000189388579575151,0.000426507441779734,9.64630173715755e-05
3411,-0.00142341001818756,-0.000508317734309254,0.00186330540176287,-0.00313309247143961,-0.00627610487056057,0.00409322898532524,0.00794481264701812,-0.0031244948704096,0.0054320543587532
3412,-0.0191111870202128,-0.0113280058694836,-0.0078101729760189,-0.0366690517290085,-0.00532967799497787,-0.0110914381629203,-0.0109448093920621,0.0417668646939219,0.00895987310170889
3413,-0.0228452548310331,0.00028972491446471,-0.0105120163190871,-0.0382431417131772,0.00574672290122801,-0.0313260214761316,-0.00560367324737225,0.00946324034236238,0.0149858483701864
3414,-0.013503181905957,-0.0313600668969737,-0.00832187582895731,-0.0202196775967769,-0.0149138241554911,-0.0142451886896505,-0.0106568661360954,0.0249500554596423,-0.00834817175930028
3415,-0.000736661573611713,-0.00364711143882167,-0.00133481985948394,-0.00174835349393986,-0.00279916193006993,0.00478544111241591,0.000436099337556495,-0.0063406425814716,-0.00753660020070295
3416,-0.00308309635734579,-0.01250551514729,-0.000373528612695073,-0.0102264095685391,0.000821301476762889,-0.00107215358814907,0.0127370202864611,0.0137087887346761,-0.00665404134744464
3417,-0.0100359432843112,-0.0265223923934607,0.00643835834278839,-0.0343869210179755,-0.0443203923784605,-0.00165121508831358,0.0181226783400955,-0.00285013895967047,0.0327555859482745
3418,-0.00806640627957098,-0.0218432746555147,0.0128884489354535,-0.0240690357671244,-0.0357383746689136,-0.000862640402136591,0.0212061442456193,-0.0039807853639398,0.0108439516934966
3419,-0.0123270518367679,0.0075498060714792,0.0251796662667022,-0.0137003189430236,-0.0404413660907165,0.00918811892801651,0.00020896157710135,0.0056660878231867,0.00240447257321572
3420,-0.00860647116978732,-0.000694088175751193,0.0263792203021713,-0.00832975416227815,-0.0298621046231895,0.003846583943204,0.00658530629946039,-0.00366449500470528,-0.00465250449706335
3421,-0.00851116039222235,-0.000518754826604444,0.0175831151037811,-0.00636717030924315,-0.0372996345973752,0.00887933254967836,0.00224869625915291,-0.0129838968668246,0.00434283417720822
3422,-0.00670208382460498,-0.000726139939069592,0.016978239082134,-0.00363991841819166,-0.0324055428997186,0.00725939864890079,0.00572719476012489,-0.00349251724952678,-0.000119294341805006
3423,-0.00614596071518315,-0.000572486130074425,0.0165076050462564,-0.00333479668132022,-0.0269876714406679,0.00977700072914574,0.00470376897405592,-0.00615490952989849,0.00288206455567292
3424,-0.00480243962749155,-0.00523798478228924,0.0111653821831943,-0.00416582881361415,-0.022812652962065,0.004729267299198,0.0083106949898658,-0.00468013499667437,7.33480816368801e-05
3425,-0.00147284395425334,-0.00359917956620814,0.00149045448061739,-0.00087447115601833,-0.0035271782011438,0.000739936741320817,0.00249142730775283,-0.00339192799434321,0.00875447469439827
3426,-0.00615800406314317,-0.000108980341993732,0.0196902088771982,-0.0129206386129789,0.003880156939162,7.46010423596115e-05,-0.00505568052307417,0.0132932697713539,-0.00501880348142418
3427,-0.0242036958905554,-0.00636082849126067,-0.0149094457914806,-0.00480870251845938,0.032313327007496,0.00823764301034412,-0.0134374454240523,-0.0410656531909808,-0.0236733550523444
3428,-0.00976259578250238,0.00509869880173526,0.0282849431154109,-0.001500341772861,0.00443290972305886,0.0172363595653904,-0.0109688173849077,0.0212647111898165,0.00423105355463279
3429,-0.0077449344997624,-0.0165138343580956,-0.00294680082882317,-0.0371201156391237,0.00336798804012265,-0.0104248532613896,0.0301533313882897,0.0329430191237253,-0.0128900620300971
3430,-0.0298387801909099,0.0178864876746578,-0.0219299580562292,-0.0120588184835616,-0.00499264876261054,0.00882798203923473,-0.0174304611911528,0.0132015798590006,-0.00178137486932937
3431,-0.0148284200252455,-2.01623580207333e-05,0.0153304898743027,-0.0174239354212927,0.0206505144703934,0.0275374992954936,-0.0107319582089136,-0.0208796556438776,-0.0243899956525274
3432,-0.00794054935820459,-0.000421296939610069,0.0262011085815116,-0.00398014305932362,0.00847877736397745,0.0136952455150132,0.00775647885800686,-0.00798269562966046,-0.00605782472073122
3433,-0.00950477447663261,-0.00729191750976452,0.0230019166894838,-0.0197021382737455,0.0218769185828694,0.0124475242660267,0.000703117301352682,0.00478232255240499,-0.018066388607767
3434,-0.021651676694262,0.00199444193702736,-0.000965485294300532,-0.0196063661031793,0.025862776330373,0.0284529265990244,0.0243851489929593,-0.0237143489782781,-0.0319443641418829
3435,-0.015379784532444,-0.0194172580975321,-0.0101013398976509,-0.00953583112145144,-0.0430353324534427,0.00801523904392174,-0.0218734142390264,-0.0176572574593866,-0.0130155887488657
3436,-0.0135330883050116,-0.0325088694237376,0.0157577624750197,0.019041301446983,-0.0163564086530172,0.00878329413073513,-0.00241447555145665,-0.00467792689346587,0.026530365932372
3437,-0.0159208425787237,-0.0263099039590623,-0.0133992167679744,-0.0263889716687086,0.0211872459302841,-0.00140795385546395,0.0170362605730922,-0.0164946310633803,-0.0202045603373316
3438,-0.016156554830161,-0.0352820726614851,-0.00763998914304594,-0.00190076862733724,-0.0187876132856854,0.0122806746370749,-0.0246141855292635,-0.00412638394664998,0.00429687857946753
3439,-0.0144789911522637,-0.0237668373760941,0.00414773133264098,-0.00730747570441324,-0.0300112591823229,0.0111088919325449,-0.0246318595487342,0.018265030710542,0.00538150509619945
3440,-0.0207132490294898,-0.00533492191635006,-0.00772923227218457,-0.0429538934862642,-0.00952178195787143,-0.032810389030916,-0.0244305054715825,0.00929743643968469,-0.00648396451308254
3441,-0.0166195789132689,-0.00382618935056605,0.00735731895273065,-0.0512984629703665,-0.00310318346637269,-0.0297159974650519,-0.0168612738136979,0.00863021417169074,-0.0174063719306916
3442,-0.0279174588289372,0.00194469408489712,-0.0294026529763153,0.00141884501993773,-0.0200005858027698,-0.00837243075446908,-0.0191360630447513,0.0159478188629012,-0.0066750109019876
3443,-0.0196679162001186,-0.0131086510546242,-0.0118009514699338,0.0017489659565113,0.0229221809007222,-0.0162662361189479,-0.0278230238285445,-0.0238465144466774,0.000546991876200693
3444,-0.0229995491358812,-0.00451395517824438,-0.020920702788202,-0.00955229232506196,0.0100571712893701,-0.0128688445601846,-0.0335448914478986,-0.0103747866289964,-0.00326400940943863
3445,-0.020035609122742,0.0133813560626851,0.010571681949225,0.0118396308353087,-0.00503978101336819,-0.0293246185586321,-0.000304064645689255,-0.0272244884493367,0.000112540980096951
3446,-0.000305791085692631,0.000173423024274062,0.00136686449845903,-0.00146371919806791,-5.02022061442478e-05,0.00410373005170804,0.00268936257183505,-0.000126473286139331,0.000349900209667317
3447,-0.0158047971646793,0.0150089054749043,0.0154128826863361,-0.0158740678740037,0.00174943095833894,-0.0174724245493105,-0.0311370371751831,-0.00286653216344245,-0.00532284774078408
3448,-0.00980135602358814,0.00754347537889637,0.021543589997641,-0.00876968210965039,0.00327040276224924,0.00264028469865242,-0.0299462965227757,-0.00572101352090608,-0.0139041575553977
3449,-0.00960488768748053,0.00810331831332093,0.0234586119186548,-0.00178755041047217,0.00521066303581993,0.0107288651764895,-0.0279496266842364,-0.000873880405403295,-0.00672567201737237
3450,-0.00894259378593328,-0.00418954338398878,0.0244013791795733,0.00206201575629303,0.00587369932299144,-0.00443844786213112,-0.0246949151155788,-0.00241522597567313,-0.0216668559691122
3451,-0.00892700406256007,-0.0063277209579012,0.0200760055502552,-0.00225236557781676,-0.0226900833995899,0.00748692725554498,-0.0225230412421299,-0.00710255801785883,-0.0120302395165294
3452,-0.0119998765700742,-0.00324389209348972,0.010365186123282,-0.0144852369612825,-0.0349769836842171,0.015448077050282,-0.0506525864898013,-0.0162487220257911,-0.00108126326192351
3453,-0.00695326597434188,-0.00545033778996856,0.0130560882813539,-0.0079532259490692,-0.0254422067178162,0.00779878708213711,-0.0163783909090311,-0.0105554020204856,-0.00947990995358457
3454,-0.00639515714703256,-0.00406034404597127,0.0182518006847531,-0.0131524525436409,-0.018261251648479,0.00670137151703944,-0.0103994194186998,-0.00461685822378628,-0.00948703477056896
3455,-0.00855449311519768,-0.0078559077408952,0.0231677615439407,-0.00839172495301825,-0.0364332965780183,0.0144151541320198,-0.00175674345050768,-0.0211079932467086,-0.0114180673000757
3456,-0.0169911309007055,0.0183070883483265,0.014869572011939,-0.0148943706745091,-0.017344817031199,-0.00915529853443237,0.0105134308662612,-0.00906514124828466,0.0180603427224501
3457,-0.0208952312022659,0.0174915085446576,0.004847749023201,-0.0137597419155886,-0.0107985365515525,-0.00729784384521734,-0.00738481905536019,-0.0155318526169713,0.0163110754623194
3458,-0.0243631542037623,0.0106304788605237,-0.00708554656530775,-0.0127168455422918,0.00379705291817433,-0.00425120587368142,0.00480082785892187,-0.0300200837072932,0.031139673752494
3459,-0.0182156711301897,-0.0215090063909385,-0.0178742542583113,-0.0220993234224611,-0.0236179449055627,0.0108711894840017,-0.012077461539487,-0.00958712911803171,0.032279246855672
3460,-0.0204836151488986,0.0109912912174696,0.00339278493562599,-0.0200536834689603,-0.0150901379089689,-0.0108770704129404,-0.00425094673327922,-0.0145913119234112,0.0359950742799475
3461,-0.0253426221819338,0.0129718335589105,-0.013166167940048,-0.0197794609580586,-0.0207411692135114,-0.00608493281807857,-0.00495894692294748,-0.0182203801246739,0.0183553054101679
3462,-0.0253350435536423,0.0123809230404806,-0.0116636326142654,-0.0205594617677208,-0.0233728414184105,-0.00351660532863878,0.000615089360865496,-0.0161628319613505,0.020085019548846
3463,-0.0202182826240781,0.0108352925943147,0.000979538740363488,-0.0192623198760336,-0.0151944974033339,-0.00726401388094174,-0.00918823907329528,-0.0271665838183511,0.0301855383055194
3464,-0.0146018366813111,0.0125666575359524,0.0192564932862533,-0.00437488083358299,0.0262956244765746,-0.0155481804731201,-0.00682142703997703,-0.0120370353959105,0.0203041306228212
3465,-0.0218711319962873,0.000217103116304957,-0.0115541976577442,-0.00737695431918704,-0.0258491591397434,-0.0263971743954466,-0.0165859104056447,-0.00341135191455148,0.015584407545166
3466,-0.017985543900351,-0.00163105793246621,0.00123232113278336,0.00209645374121853,0.0114824599916291,-0.0341774009876213,-0.0300051505534405,-0.0363049046284439,0.00594257435857168
3467,-0.0143396810220353,0.00607748855033086,0.0272734373515071,-0.00874217555752223,-0.0200752141917532,0.0103083216801873,-0.0127029579839025,-0.0347753368748192,0.00723859692962422
3468,-0.00938128594796334,-0.00481291287878695,0.0246446873961508,0.00469631410921541,-0.0265923212441198,0.00782175812997538,-0.00557318524300105,-0.0157868555279809,-0.0232884204737835
3469,-0.0105283574912382,0.00830384345361063,0.0243628054196741,-0.0228148026084811,-0.00214011594815729,-0.000808058695339973,-0.0195096332416162,0.00588347720494769,0.0155993766155312
3470,-0.0107074071113592,-0.0203444592141655,0.0065815858246672,0.00519872702278176,0.0204575631626957,-0.0136827940967116,0.00596303922066963,-0.00174452231633564,0.0108032853800359
3471,-0.0201361656813676,0.00203994946541488,-0.00130402659765759,0.00652290670725815,0.0235512609145084,0.00547458868528278,-0.0446071030913063,0.0167408741475247,0.0142559113111708
3472,-0.0184188749287236,-0.0225741270165952,-0.00254457274345096,0.0148324233804682,0.0213266356031139,-0.00673049832912154,0.0158266140917833,-0.0259602185449637,-0.0173292001072426
3473,-0.0134585573487756,-0.0171929841508437,0.0106632806249307,-0.00505090084713653,0.0209010597248855,-0.0156602171275424,-0.00934395622839584,-0.0204942507059674,0.0093817877592928
3474,-0.0100547774624359,0.000178565192424617,0.0298119089074994,-0.00862142406825513,0.008059661186166,0.014585337536985,-0.01964649171419,-0.00946137512211472,0.0309162709964953
3475,-0.00935642669451334,-0.00315804286246534,0.0271044489454622,-0.0136960845429991,0.00304715308045639,-0.00666407201082572,-0.0224823299584252,0.00126840786358592,0.00126625983048694
3476,-0.0205152572722475,0.0284358222580174,0.00686801412060355,0.00317325074535765,-0.00600310016564439,-0.00250441463036231,0.0299704594370724,0.0188654251737214,-0.00916647562313091
3477,-0.0137399821109541,-0.0164650388524366,0.0129514119173112,0.0104360312687501,-0.0388610752604162,0.0117823912853236,0.00246933376912901,0.000280027709940502,-0.0248005476386129
3478,-0.0105893603628046,-0.0210150159455444,0.00745049622410103,0.0182606118563782,-0.00443504676523049,0.0228580099256039,0.00404439262496701,-0.00964299934070788,-0.0169051725452446
3479,-0.0150828598175759,-0.0310505754133117,-0.00523706681398133,0.0240440050392418,-0.00158475523511532,-0.0101609840176334,0.0197043346078522,-0.0106370399643272,-0.0315820699031109
3480,-0.00693075600089062,-0.0119914000363563,0.00541994961771128,0.00361066161644284,-0.0164311698533995,-0.0135440603592113,-0.00954628568025742,0.00510934537761912,-0.0116410885259689
3481,-0.00058838758003004,-0.00100934028872586,0.00164596151986562,-0.000426781094314935,-0.000313946389218345,-0.000968451647981683,-0.000726138194458293,6.19882775777905e-05,-0.000828585047203657
3482,-0.0251227127836346,0.00806119379157079,-0.0060779051235209,0.0129340857775009,0.0246274898940069,-0.0115948587183331,0.00341472559512643,-0.0339018244915217,-0.0160907977557128
3483,-0.0179730399071287,-0.0235109758565492,-0.0205358033412502,-0.0203683030630334,0.0125504318050006,-0.0323348760775508,-0.0169139843167976,0.00238427196151222,-0.0174926893445082
3484,-0.0154726450268174,-0.0100498183190477,0.0110869428398468,-0.00630245446408448,-0.0151260852329569,0.0170207352581574,-0.0308663692072595,-0.00989310248266391,0.000847996053773444
3485,-0.0145926961634251,-0.0137966589013491,0.01300503957448,-0.0432233403902482,-0.0254704290695453,-0.0370154669835915,-0.0177704288410416,0.00381198792438154,0.010578312902068
3486,-0.0163607148629905,-0.0145978661487895,0.0121987410741705,-0.00826119408092167,-0.041012835492341,0.0177703814143556,-0.0367293290037016,-0.0189346920607285,0.00297805918500587
3487,-0.0199528440947609,-0.0194357435271476,-0.0123615172961657,0.00921976471014455,-0.0231409039009867,-0.0353425807769008,-0.00195450932672853,0.0247346208123505,-0.00283388133581412
3488,-0.0197841162487398,0.00402623164301946,0.00246186791164285,-0.0241846823945757,-0.00566208091206707,-0.0210137966959314,-0.0313325708678376,0.00725999718177476,0.000216745528533832
3489,-0.0212931672429174,-0.0257654912686534,-0.0293425719832659,-0.0247941326907594,-0.00168781585220078,-0.0187644480768736,-0.0305613572550439,0.0113161807079308,-0.0119366699794002
3490,-0.0113059781402611,-0.0294305044324931,0.00396056557738834,-0.00934541533955111,0.00834018185861694,-0.0210224617392674,-0.0209356490358561,0.00444046256513279,0.0115370339454838
3491,-0.0101512059237256,-0.0233155401550309,0.0103763864606306,-0.0171646255326029,-0.0295179967859707,-0.00104769263682475,-0.00664431357766691,-0.00664472850137126,-0.0161109611404536
3492,-0.0225628855952102,-0.0117072888474014,-0.0230741794148309,-0.0116091128998438,0.0123607638474863,-0.0153219470889941,-0.011752988164844,-0.0134597570322336,-0.0418155231085661
3493,-0.0141558451735711,-0.029982199762569,0.00146793511704993,-0.0173524279551018,-0.00339713653919621,-0.0119319339944917,-0.0110787440041655,0.0119021497282887,0.0043039873437232
3494,-0.0240170418428917,-0.00595317761550532,-0.0208906876935925,-0.0138933681714799,-0.00134710838524308,-0.0293815471778158,-0.0190811575843141,0.00206364884830628,-0.0293110150340177
3495,-0.0111483724452146,-0.0357266293322814,-0.00482534977495616,-0.0291753126582298,-0.0095130270505183,-0.00251541413046335,0.0175270221252984,0.0192786503313659,-0.00525712200533435
3496,-0.013246423638848,-0.0282346561902112,-0.00113432104536132,-0.0379245970642713,-0.00101975286667078,-0.0295919117783399,0.00579391501010129,0.0301615062604093,-0.0322512583857676
3497,-0.0148469908866695,-0.0246471486756466,-0.002545880124943,-0.026349089636183,0.00512466249928253,-0.01570372720955,-0.00906445353136811,0.00901108363725453,-0.0160516221430709
3498,-0.0140918608982292,-0.0337163368099032,-0.00374226783257979,-0.0208467926217595,0.00812179008513249,0.00426406600714386,0.00403534376176978,0.0291384831526151,0.0150107133769324
3499,-0.0203066614763601,0.015719284142327,0.0143968254117448,-0.0183080033216112,-0.0192025762908663,-0.00912125432830892,-0.0214785769138989,-0.0042539060393229,0.0452317171384978
3500,-0.019121285845261,-0.026485138036654,-0.025372160399197,-0.0202028249835628,-0.0118331069567082,-0.0237912839312796,-0.012002943770791,0.0184318889811867,-0.0165552975175948
3501,-0.0212487514936843,-0.0181768326594314,-0.0305857709200715,-0.0160391562880881,0.00171065570067251,0.0147158358556085,0.0114020865102776,0.0291510286682834,-0.00828273366029409
3502,-0.0110169481661021,0.00693785128898247,0.0252123065061525,0.022990440426225,0.00978820531926964,0.00955215175903311,-0.00151072554115913,0.018913936003135,-0.0373098621670862
3503,-0.0231818245706074,0.024583632028775,-0.000735002401156091,0.00469367035823459,-0.0120931938407349,-0.00805538519654942,0.0208041358909382,0.0145453068718403,-0.0148275603483493
3504,-0.0241083175981437,0.0219139000986409,-0.000311645056007913,0.00189854700912519,-0.0158500966922516,0.0147206081452246,0.0325169189828559,0.0051039277647526,0.0128005627768108
3505,-0.0146123759915228,-0.0333983272240595,-0.0131521704301469,0.0228679291048221,-0.0171825441294067,-0.0321980568148689,0.0261316652693019,-0.00962734188778632,-0.015721113731229
3506,-0.0171935771695597,-0.0219939932411778,-0.00705806474883686,0.0287729158851617,-0.0358039870965812,0.00808177388107251,-0.0113656096473907,-0.0132298684672687,-0.0351846433942381
3507,-0.000664853443179653,-0.000273129304083095,-0.00195914706839079,0.000657077972453046,0.00157968468108611,0.00204616910228161,-0.00559615981190198,0.000437795684626129,-0.00378476003745449
3508,-0.00803625483969102,-0.0254368187770458,0.00718182582864709,0.00311562586981197,-0.0110175802616622,0.000854843426033158,0.0147160707616391,0.00536755643939156,0.00897527745531825
3509,-0.0310997902475612,0.0241266934832385,-0.0276523825540282,0.00462017321979658,-0.00733085231203577,0.0230363689995489,0.0206741978153303,0.0101108767590476,0.00490695550862662
3510,-0.0198188026129507,0.0220415686544091,0.00520337960501865,0.0148299712528614,-0.0191305707417569,-0.00372622208049603,-0.00878543658998421,0.0263960001267436,-0.0324794730739681
3511,-0.027957153895151,0.0364806250988005,-0.00762290184189008,-0.000228302078703598,0.00664133418960774,-0.00668349780832489,0.0358122604857984,0.00443201025588969,-0.0130545206922985
3512,-0.0165612889785888,0.0141896603483562,0.00884433453895269,-0.00856470309871847,-0.00879381870649006,0.0174169455565292,0.0216435544882322,0.0286415854101128,-0.0173440134620416
3513,-0.0261207836077374,0.0243021697160051,-0.0145435271113582,9.58527901456806e-05,6.51612049371522e-05,-0.0148671025513352,0.028736141266655,0.00421555049426263,-0.0141999632569716
3514,-0.00876370822118067,-0.0229675654928468,0.00575589924981181,0.0226937210622156,-0.00425585061822349,-0.00253295189321061,0.0113612916304022,-0.00348560644169187,0.0133508855090636
3515,-0.00653415843461069,-0.0155186155730818,0.00782655620877734,-0.0167719023534855,-0.0225561330709838,0.0071150893868803,0.00418481535395858,0.0046120630080899,-0.0119121564314999
3516,-0.0126977986982512,-0.00227796380572193,0.0219380727511585,-0.0191669831381452,-0.0233602075209154,-0.0142751771284483,-0.0171435745691367,-0.00882633078122003,0.00186594871605715
3517,-0.00926505130411347,-0.0125474658892543,0.0253458902419442,-0.0225009504562038,0.00277582273615549,0.0468727516984918,0.0202289129631407,0.00121938466804807,-0.00972497945768632
3518,-0.0185886490043561,0.00161439428020268,0.00373112787337567,-0.0178080695817426,-0.0159704703179663,0.00238477034469098,-0.0666634756091061,0.0299963922182597,-0.011352590195948
3519,-0.00915478309037689,-0.00444235470467723,0.0200489652216823,-0.00319890901789767,-0.0192778116006451,-0.0109781712338623,-0.0113067278285871,-0.00163752892090006,-0.00912221683744113
3520,-0.000372356220434809,0.00014536095379991,8.79573461883079e-05,-0.00163506298759381,-0.000709778543318272,-0.00339886114010379,0.00217742887732897,0.00303726647395305,-0.00167876954918067
3521,-0.0250676280356165,0.0160388658121868,-0.010511385613305,-0.0146265424214435,0.00581299270929265,-0.017417108980891,-0.00908334894926463,0.012842458779611,0.024109843451678
3522,-0.0152549343625659,0.0147360075105243,0.0156676694713241,-0.0114191548565137,-0.000967735903087772,-0.0216913117332345,-0.0132375082355718,0.0188146958759076,0.0178300864870698
3523,-0.0109835418760037,-0.0152644099981132,0.0139593542542919,0.00680197209199686,-0.0165101665684188,-0.0220994045427837,-0.0081930507657195,0.0184897033980415,0.0162396563975717
3524,-0.0115028117195649,0.0092753411833898,0.0228042158216628,-0.0282137160262642,-0.00370577642375937,-0.0235629425235595,-0.00859087543228273,1.8567764351487e-05,0.00213016441030316
3525,-0.00752645686948509,0.00616616711046803,0.0222165710064475,-0.0281594932354186,0.000500421880950779,-0.0227882597789822,0.00110729535893359,0.00270618686674688,-0.0170656920144233
3526,-0.00731435715999369,0.00816446210652477,0.0238697147010395,-0.0283386395383615,0.000769115715824927,-0.0104032633641805,0.00602026172772127,0.00797812633367664,-0.00811752683030044
3527,-0.0135918726475457,-0.011438916901591,0.00690653813625793,-0.0431267489563332,-0.0116932691152112,-0.0384078772229974,-0.0411670029846399,0.0325678159629918,0.011220531805698
3528,-0.0211994513065314,0.0133036314050393,0.00881870631986093,-0.0218575444475122,-0.014825350911522,-0.017252317021393,-0.0114012961165885,-0.00362309636204029,0.0414310847247777
3529,-0.0147992288010563,-0.00400501609172171,0.0137183614912356,-0.0480877537184697,-0.0178453749336066,-0.000537630944822206,-0.0102386054382262,0.0154504340424574,0.0365792597506876
3530,-0.000924348984372968,-0.00217648089189301,0.0028965472572434,-0.00276264435943614,-0.000435356331856182,0.00097160845824223,0.00111759979271434,-0.00148787379292897,-0.000662551803773578
3531,-0.0145745581712971,0.00396975202788953,0.0200373573925815,-0.000843485851495765,0.00283340180706881,-0.00269133568576876,-0.0372779637181061,0.0447707664895063,-0.00130589454642748
3532,-0.00737886284646563,0.00487808322540258,0.0242481642218706,-0.0060350030360786,-0.00267472295829609,-0.000211987676208131,-0.0115983746477905,0.0231006710513837,-0.0151867766609969
3533,-0.0071943008637382,-0.0053128237137536,0.0195168343571286,-0.014390888728742,-0.00725097609338474,0.0385698193510932,0.0126453861666202,0.00357194198212638,-0.00734707877480464
3534,-0.00763648996651204,-0.00858061022584068,0.0223276372078444,-0.0195935060702869,0.0053922552334894,0.0464775037533202,0.0230680145746899,0.00586839408547557,-0.0122377849852008
3535,-0.00338970306237349,-0.00750502492715827,0.00280718196115497,-0.00882868657363988,-0.0162751283754425,0.0020623992485433,-0.00683710645131988,0.00129275339865048,-0.00737935270376538
3536,-0.00318584541203029,-0.00691104220372277,0.00371059056627807,-0.00922044561462969,0.00601381026823225,-0.00498382684574715,0.00588891724047215,0.00371353756298297,-0.00833767436806776
3537,-9.55295539494343e-05,0.00114186025086804,-0.00273255314547255,-0.00199357771429534,0.000446264258497827,0.00263285028819781,-0.00298469532102206,0.00321186319808875,-0.00292210395179141
3538,-0.00835473961667575,-0.00946063264367016,0.0147091019516192,-0.0484668381069248,-0.0123584412141065,-0.00334878022323967,0.0148738856636096,0.0287414471663993,0.00643416519588393
3539,-0.00656867614719746,0.000921497674997873,0.0133692615073777,-0.0206061356837391,-0.0170673016165381,-0.00922877021897313,-0.00728894067471219,0.0235777753615373,-0.0244355004378803
3540,-0.00848892425126342,-0.000516335786646719,0.015484461907965,-0.0255790138051502,-0.0122144760701001,-0.0265585627517121,0.00518311897307273,0.020412483530273,-0.0264975640849205
3541,-0.0213153860415948,-0.0129998235522387,-0.0145228941398525,0.0340610181565746,-0.0270120740872621,-0.0182536282415214,-0.00166706023860689,0.00534184198371706,-0.0394831230537451
3542,-0.0180548484650382,0.0107350493898028,0.0202002898847734,0.0138687279708035,0.0265460999930203,0.000332574321156735,0.0174482854356796,0.00288802105645191,-0.0362571121150032
3543,-0.0201454301869032,0.0248260161799207,0.00162814600050109,0.00838046961574545,-0.0254785377128494,0.00509448756898843,0.00148759102151276,0.0173678036814113,-0.0292373890254156
3544,-0.0183762750219504,-0.0002038097171298,-0.000207302228867055,0.0284125097270511,-0.0317527490063283,0.0234288530955168,-0.0102394217409542,0.00219094798091164,-0.0122355499894961
3545,-0.0170441936744202,-0.0287727127012077,-0.00757274053666117,0.0286583476565083,-0.00897777489298325,-0.00490867104064946,0.0179734893538416,-0.0134837877912588,-0.00627229104009002
3546,-0.017560319556362,-0.0249678396550069,-0.022816760120665,-0.0267291422652079,0.000189243739774438,-0.0306644477647611,0.0182114400909286,0.0201608736680521,-0.00910582817964847
3547,-0.0178292421067907,-0.0301642426640784,-0.0244617383271068,-0.02896771158732,0.00951165014976882,-0.0238483420723291,0.0100706532651656,0.0207476781492496,-0.0311346139107228
3548,-0.0136664107453266,-0.0103440866924298,0.0145595383227051,0.0249851929751651,-0.0260803202389699,0.0143528108164789,-0.00977961316252282,0.00734618456852227,-0.016866532803352
3549,-0.0214974051980245,0.0194853730836374,0.00262906940774726,-0.00196504704664641,0.0238261974223403,-0.000488969268407179,-0.00599624290750997,-0.00411252986854242,-0.00351849097988781
3550,-0.0124568371586269,-0.0156902998912555,-0.00472744323202624,-0.044296935347653,0.00682422077160575,-0.0215382589139979,0.0189852027173092,0.041180289234191,-0.0258173141593491
3551,-0.0297297394939145,0.030606132440215,-0.0140554006845502,-0.00199179832818567,-0.0127135536439694,0.0113649861357324,0.0230842103799776,0.00291841305310891,0.014558438813689
3552,-0.0139692018673365,-0.0233212575503492,-0.00022336872078113,0.0198885679757494,-0.0325911950622309,0.0179583817229764,-0.00501023591924652,-0.00327677118111854,-0.0416627981672931
3553,-0.0142894895256674,-0.0267636772114092,-0.00810665676768611,0.0111422598588666,-0.00751666188879511,-0.017834107181593,0.0179189846304065,-0.0229226058884229,-0.0297963983670113
3554,-0.00580559080055837,-0.0168900261077254,0.011163003426248,0.0129568824815077,-0.00298214328460967,-0.00210457031838113,0.0161858358347072,-0.00070211517827942,-0.00134520714196433
3555,-0.00743284766094093,-0.00565216250522482,0.017513582784845,0.00404318707342625,-0.00769829703664005,-0.00600391835844959,0.0108785445017028,0.0186460816420134,-0.0110762310876086
3556,-0.0233197673568467,0.0280596480251943,0.000306106624444765,0.0111275429406662,-0.0023802768679511,-0.0103473807150747,0.0246286266765491,0.0185322861885891,-0.0305785774764314
3557,-0.00774936293824052,0.00980549187590321,0.0134814331017208,-0.0121221072230181,-0.011037073837085,0.023515862517776,0.0077640490305032,-0.00211298602600289,-0.00821753097312788
3558,-0.00141517838016588,-0.00641844038171409,0.0017462505681093,-0.00111987344926542,-0.0045441724750209,0.00345053628382487,0.00224894968529477,0.00289417734423852,-0.000370427279520216
3559,-0.0200449750684808,-0.0219332974161436,-0.0220629390218341,-0.0382182215972378,0.0159995373389731,-0.0245840766483363,-0.00735808775658575,0.0317874438663505,-0.0263646053828627
3560,-0.0132142857160552,0.0156323269894938,0.0217834264162166,-0.0158232500197682,-0.00828209986672107,-0.0122290947899824,-0.00141391571455723,-0.0107549478084118,0.0201661700650198
3561,-0.00492745182005721,-0.0177193399831401,0.00614562490155116,-0.00965897362258764,-0.00310625396745629,-0.00490605318665234,0.0128284254517942,0.0112486987783278,-0.00317965036872156
3562,-0.00910857443251919,0.00205097549979806,0.0262949604215655,-0.0134888576737267,0.00171500844891207,-0.011662544167657,-0.0278775347925389,0.00871120783508413,-0.0159395748356716
3563,-0.00904312660880812,-0.0107484580702752,0.0240761218772423,-0.0117324825162896,-0.00986514233540529,0.00354752212841693,-0.000546325733137792,0.00453083738746737,0.00539897044076944
3564,-0.0110858657506094,-0.00372192549384774,0.0185989297173844,-0.0387158186222831,0.0102819377191099,-0.016044075456737,0.0184585924493259,0.0293437336187509,-0.010843414785197
3565,-0.0141722294919921,-0.00193366142788779,0.0176941746313331,-0.0425196257655667,-0.0129559059949309,-0.00697365498040229,-0.0146009436956322,0.00938046367793639,0.0178184798271313
3566,-0.0121687393195414,-0.0364072284350061,-0.0136817608709747,-0.0364383258759059,0.010665074264229,-0.022602654529725,0.0182422125028523,0.00917565675155672,-0.0198910889305385
3567,-0.0246016716246586,0.0214076341666493,-0.00649461496002877,0.00608213910320551,0.00812929425005669,0.0119155106011527,-0.00551365471568693,0.024148596455181,-0.0183964261998405
3568,-0.0128793078248528,-0.00396945198511208,0.0206997602983695,0.00717104412919552,-0.0109876833888853,-0.0499076148789908,-0.000935883232362227,0.0287226373545637,-0.0214928891123058
3569,-0.0248401860091573,-0.009614966675018,-0.0303670401709305,-0.0156634913463369,-0.00300501048518008,-0.0188263155931723,-0.019637710013954,-0.00732573186499165,-0.0175830297088771
3570,-0.0201329334615611,-0.00125156985369727,-0.00741659338030045,-0.0263760624547658,-0.00641031424317027,0.0130383713361972,-0.0484062637038411,0.0356242100004305,-0.0207513039157756
3571,-0.013357482697586,-0.0277228030264393,-0.0109012426260455,-0.0139272231014777,0.0007630448185729,-0.0134231576438834,-0.0131161819821058,0.0105863024683896,-0.0231520720667291
3572,-0.0196354854289511,-0.0174064425118772,-0.0193710208338107,-0.0283036071454301,-0.00810803691262385,0.00558824397275977,-0.0342890558973998,0.0472368432341085,-0.0130817869442186
3573,-0.0128039468599406,-0.0318217659833495,-0.00843720331504121,0.00753487209937838,-0.00274306554463308,-0.00985699830247444,-0.00728611158046521,0.00203821274509408,0.0123344148980556
3574,-0.00686522429528787,-0.0135733811200436,0.00596198343025291,0.00836510965059774,0.0045957482910045,-0.00676213721461095,0.0221970632300678,-0.00753571865880019,0.00478780821917353
3575,-0.00230127245946202,-0.00338171411093101,0.000877386637735879,-0.0117358677967348,0.000779900712907374,0.00617315625375969,0.00978876679805392,0.0125940907927618,-0.0103213518867784
3576,-0.0218429544907268,-0.020833081476932,-0.0260864746297203,-0.0131377254048507,0.00821905794152297,0.00386076975038992,-0.0491665292356561,5.28820316342974e-05,0.027087589920362
3577,-0.00634868788533351,-0.00228389236546297,0.0162660684101934,-0.00501607295851436,0.00970417328811789,0.0110131462132221,0.00866351829413052,0.00173050085099287,-0.0141485193845306
3578,-0.0156533219166377,0.0193260761058224,0.0182954690228032,0.00607273957926721,-0.00870368819623294,0.00374541040175571,0.00841489752172589,0.0260700148780253,-0.0288311788966664
3579,-0.0135784440124096,-0.0391905075153307,-0.010525224947873,0.0208001263475163,-0.00974641484303178,0.00236771520517417,0.0211082291372183,-0.0102406696320586,0.0117476398960063
3580,-0.0143110152152938,-0.0255269905328232,-0.0082841629993795,0.0363298162911772,-0.0156370149510285,-0.0147867820364549,0.00801297032768917,-0.0191450693888581,-0.0260822995199075
3581,-0.010822539355152,0.00888755944170422,0.0111760349093294,0.0255471189001839,0.0167055986246414,-0.00652080394794958,0.0170715462997186,0.00649756114846056,-0.0361636486263164
3582,-0.0164658940865491,0.020994603226395,0.0211682651518001,0.0130236202681602,0.0013995322530829,-0.00273997212588788,0.0183170788137072,0.00224435102714754,-0.0337889976530085
3583,-0.0165143551576711,0.0233595527429453,0.010750102335928,-0.000340430156181826,-0.0181472519705924,-0.00861371845228793,0.0283337523225405,0.0208096683908251,-0.0189741787693651
3584,-0.0253712369041179,0.0247719138552582,-0.00870689200037424,-0.00505828875158649,0.00160859838228329,-0.00943768555773258,0.0323785305721433,0.00393155737589218,-0.00991154943428397
3585,-0.00103209029350664,-0.0038374420208493,0.00315358368959049,-0.0025644865649211,-0.000908205662081598,-0.00227729196166008,0.000937414103248028,0.00461330023292413,0.00202974271652236
3586,-0.00813187957839384,-0.0171424506215806,0.0158724866047482,0.00430927229046693,-0.0136622531598204,0.00911568343058985,0.00370334445192172,0.000638057396305121,-0.0123643848075891
3587,-0.0214205367280707,-0.00309256197362679,-0.00242670244556244,0.0378216232348023,0.00367350861035067,-0.00471824689650583,-0.003428739561245,-0.015653582531551,-0.0469308059600505
3588,-0.00772382627961284,-0.0198220815523141,0.0153344600239703,-0.0214326936995734,-0.021945002575732,-0.00233557122177352,0.00428274829379601,0.00730469821806622,-0.00635860725949645
3589,-0.00726640094991631,-0.0129792418846722,0.0135960858968743,-0.0325711782493353,-0.0315840133592644,-0.00923772366919506,0.00411400006492128,0.00560275086904776,0.00546651610739764
3590,-0.0149301935080143,-0.000873771846044973,0.00151309717331614,-0.0270338848997451,0.00331545908501094,-0.0162818435308579,-0.0165342060867407,0.0112540300869364,-0.00683788414147966
3591,-0.0147339825576426,0.0170633943175443,0.0219730839743812,-0.00194724531308409,-0.00650153834799115,-0.0118493617255603,-0.022152742517936,0.0170437990692766,-0.0212000837406727
3592,-0.0230931605669567,0.00911933623835921,-0.007831541341886,-0.0356834739531012,0.00146711291773627,-0.0214428374779368,-0.0254444679648358,0.0214980575660784,0.00535413627479742
3593,-0.00953655437859018,-0.00376088598538708,0.0267132331041738,-0.0150825494247855,-0.0379761402394308,0.00960778953789705,-0.0209346163208587,-0.0291417382407927,-0.0146221751863913
3594,-0.0076197000084148,-0.00432495492830385,0.0223291399698683,-0.00651492483764863,-0.0358865872843643,0.0186902858979278,-0.00796017473476796,-0.0229997633236393,-0.0128430969071294
3595,-0.00727358653566594,-0.00218118038864305,0.0196494998752297,-0.0114456017062157,-0.0431559361921226,0.0214681464190363,-0.00612586515432976,-0.0180962606187054,-0.0136626257149005
3596,-0.00900474258472186,-0.00151222174673121,0.0224843629518151,-0.0140872576242032,-0.0379553908432359,0.00752633033355208,-0.0171078824415273,-0.0121722189769952,-0.0202986023092228
3597,-0.0155246772540969,0.0158259780829742,0.0159424402267179,-0.0142387670547897,0.00448930489731393,-0.0241441939432913,-0.00460378319039892,0.0181888735875295,0.00572603129470699
3598,-0.000248803886102829,0.000547338050348253,0.00144755323133862,-0.00130907680842338,-0.00475077579064458,0.00157278966993843,0.000141522969555632,-0.00200440921577626,-0.00136808059338617
3599,-0.00707105548827006,-0.00567140928556696,0.0240298340231587,-0.00166606569486558,-0.0172833595254289,0.0224573352825259,-0.00588985030736595,-0.0205847996687506,-0.0239862124013415
3600,-0.0249981579057499,0.0169289401107007,-0.00710340399108331,0.012920390233139,0.0372134708663121,-0.00959399615280793,-0.0106939683154403,0.000275507377384618,-0.0200378181022962
3601,-0.0104556300596259,-0.0197613141801664,0.00176045999961095,-0.0204101263712376,0.0107004957003835,-0.00862868175405867,0.0174686356396698,0.0267606953634786,-0.0239343264199827
3602,-0.0154095530076549,0.00791766974036285,0.0161904781988003,-0.0158076343007651,0.000440202654641191,-0.00602603278943652,-0.0473339522116984,0.0352817633336125,-0.0297835864246235
3603,-0.00625159662337939,-0.0122508227425591,0.0150308284181737,-0.0215430618599648,-0.0332522036977742,-0.00669327070340879,-0.0154757810678674,-0.00306230669502539,-0.0236876221553356
3604,-0.00778515939677808,-0.0128179567402617,0.0262990113114453,0.0107439485310568,-0.00613735934387034,-0.00838475314885968,0.00234948315638732,-0.000986276025190985,-0.00575357099113871
3605,-0.0132852700114729,-0.0291891931827465,-0.0022340840269727,-0.0473768161820701,0.00806549592100866,-0.0167016434483162,0.0109203636446389,0.0153008189564089,-0.00959431908318185
3606,-0.00477115431876614,-0.0146229320049303,0.00396899877248586,-0.0170001277766663,-0.00308362970322555,-0.00183304194466285,0.0168477421973485,0.00405199940388414,-0.00368961516479734
3607,-0.0130310885679067,-0.0223571420282841,0.00986390587638203,0.0327192587550655,-0.0229922551763233,0.0376320717349457,-0.000417304532982499,-0.0241125904642329,0.00118481933028757
3608,-0.0215627869193732,-0.00265505861662074,-0.00622565240357387,0.0421814495740186,-0.0121788217293372,-0.00783421397697937,-0.0284961723951128,-0.010962555660624,-0.0305461326218521
3609,-0.00696440569242132,-0.0190949189439359,0.0105543242571565,-0.00189855678463711,-0.00247373429290697,-0.00887728307656374,0.0165437709722462,0.0120678531457547,-0.00510026245253774
3610,-0.00725124922147427,-0.0266628807642095,0.00934926361854606,0.0223915938545516,-0.00953674242479617,0.0158404402002343,0.0236414581797722,-0.0102231892595724,0.00481414595685479
3611,-0.0111530929014572,-0.0360273461364106,-0.0100094264417906,0.0254003672902377,0.00316564347502648,0.00408871177375719,0.0232282547677946,-0.00631745409585636,0.00212365417603973
3612,-0.0114805781759153,0.00694968499271237,0.0261875453922801,0.0134668872629772,-0.0166544534622054,-0.0153251779693528,0.0119239269956731,0.00563192468368714,-0.0227919109225979
3613,-0.0120850245402766,-0.0165149575374787,0.0103326156636503,0.0294479269902197,-0.0322807206190146,0.00920124668594484,-0.00119835229856793,-0.0040334087019286,-0.0179725353268011
3614,-0.0159165071728693,-0.0299349315029074,-0.00497843854757891,0.0196034445244754,-0.0195258708373519,0.0203117762499703,0.00314816040099796,-0.00654779000662703,-0.0339234912352709
3615,-0.00765980099684408,-0.0168384146281172,0.00642516707750066,0.00317395096567664,-0.00712991296536368,-0.00877884362476452,-0.00030646520817873,-0.0032718932315225,-0.0150096152718272
3616,-0.0184720884452116,0.0193467700393845,0.0134420860800389,0.0140605004323136,0.0042846153643395,0.00707472798035361,0.0136427986605052,0.00779112544525314,-0.0448651338821559
3617,-0.00805005568497105,-0.0217269618692036,0.0023269526068663,0.0121778083000962,-0.00295491857419603,-0.00311808444039314,-0.0040947392744105,-0.00847923143005766,-0.00629660329743324
3618,-0.0234541218268871,0.0153696130809931,-0.00688413767357494,0.0115286394580759,-0.0258430429606273,0.000843117932226813,0.0199857112669824,0.00600643370202076,-0.001446637326293
3619,-0.0139990990590886,0.0106155717394534,0.021992048114573,-0.0207128748419027,-0.0317805501004837,0.0135103482708636,0.0088919651678828,-0.0089571609149719,-0.0217302243651758
3620,-0.0187006600812314,0.00315647211697367,0.0101157911691776,0.0212661393168625,-0.0154898866737475,0.0175928242147701,-0.00638421494135763,-0.00128317793217655,-0.0526116575927958
3621,-0.0029408671952574,-0.00866154879324998,0.000912813269766977,-0.00570097649981854,-0.00286142956702781,0.00559265936291419,0.00132210128934127,0.00853592958389258,-0.00694892965827276
3622,-0.00595961741817135,-0.0106449443836498,0.00973761706344869,0.0125939551933295,-0.012139276579582,0.00311582922803061,0.0139812990197229,0.00194346182005158,-0.010625382158484
3623,-0.0267397864379799,0.0193293760898502,-0.0101533195996524,-0.00140963735443696,-0.00869428497444887,0.0208013118148102,-0.0198551079499525,0.018530073037067,-0.0108493093795105
3624,-0.0204170218977964,0.0166176839478974,0.00244075000514324,0.00394955121508271,0.00198544630769403,0.0145115034953119,-0.0176601725727193,0.0366438789207398,-0.0266047599203428
3625,-0.0137608227574152,-0.0297285446281635,-0.00433492614062076,-0.0260612194680092,0.0235860301346354,-0.00903946939702579,0.0191426024935694,-0.000280258096490647,-0.0350072050920445
3626,-0.0226432069082934,-0.00424267231421315,-0.0219418549121384,-0.0295960280860355,0.0111407139105063,-0.00898212137298648,0.0121497634589648,0.0168739308472778,-0.0384499006646913
3627,-0.0150732542957248,-0.0341855261959024,-0.0241069158567851,-0.018106566132287,-0.00327619919624699,-0.00381713192389087,0.023829101455053,0.00547828144706527,-0.038351037619498
3628,-0.0216808109221522,-0.00146533235341037,-0.0153283651808359,-0.0347978903661379,0.0141081548781635,0.0103351352921808,-0.0116471950243399,0.0213969650243376,-0.0176832509283707
3629,-0.0092523507533339,-0.0201191282423996,0.00724805112033836,0.0107262534513557,0.0174930996521058,0.00134552292863291,0.000182871398465196,0.0121101271750245,0.00880350730891793
3630,-0.00211209556482473,-0.00886202486570093,0.0037045403490741,-0.00747625809099973,-0.0108980553775354,0.00528692649511567,0.00357267108832418,0.000123434134517593,-0.00186369169893311
3631,-0.00105037646821904,-0.00110549055055457,0.00357298634771742,-0.00199868186349096,0.000130538938373871,0.000636505427290714,0.000473938729150169,0.00290873019730224,0.0072153263003794
3632,-0.00977453028459666,0.00852090116418412,0.0213756209954456,-0.0139822884066452,0.00307808466377335,0.0246638687382041,-0.00351129311662171,-0.0128282169890996,0.0095129868611626
3633,-0.00411297210934181,-0.0149147967268522,0.00846509936411787,-0.0171757880788926,-0.00872945831313682,-0.000324642356683003,0.0131288535544717,0.0111489342580091,-0.000713072288491125
3634,-0.0151499860987048,0.0190605447210902,0.0222155613649653,0.0127506258244096,-0.0137639639321716,-0.0365581515704544,0.0245243404888218,-0.00127143334243401,-0.00443630091121377
3635,-0.00563665774309823,-0.0214069224529294,0.00242062191494499,0.0194516507072234,-0.0144342095885127,0.0148880571168457,0.0394327433662057,0.00487323207494163,-0.0045674231216991
3636,-0.00045615686738788,0.00354650090318743,0.0015560467019497,0.0023433167932293,0.00374656972435175,0.00829971085733568,-0.00752646240308102,-0.00121895868280777,-0.00408005229513157
3637,-0.019736967213285,0.0102220186517341,0.0087456298882384,0.0284921154407782,-0.011618732358033,0.025936195064244,0.00171617203251303,-0.00988182558330374,-0.026982558629871
3638,-0.00423059884177577,-0.0118589608227714,0.000544676442220862,0.0118626563054193,-0.00640333966546481,0.00147113418899299,0.0132532212205623,-0.00395226929423931,-0.00711352232358803
3639,-0.00798470691893355,-9.53512502962133e-05,0.0208109951711378,0.00357374826164966,0.00543769381663102,0.008577002645792,-0.000815565639227849,0.00672194754941582,-0.0355925372512442
3640,-0.00740245949609345,-0.0191443525432646,0.00254766227868605,0.0176514730069058,-0.00668489697576921,0.00860699303054839,0.0124736992550454,-0.0106187049986675,-0.00648855262302574
3641,-0.00905531344684862,-0.0249364640982221,0.00797857602507741,0.0151906053390595,-0.0181872717829516,-0.00116792251503984,0.00107568240625007,-0.0117906542246017,-0.0327556206364756
3642,-0.00200485632846141,-0.00183650219552918,0.0062954853483684,0.00540066656872007,0.00144495099524059,0.00449513684111414,0.00943198048306088,-0.00044233264453894,-0.011366684751411
3643,-0.00117893007343876,-0.00294285545479853,-0.00237733487491195,-2.09716815704478e-05,0.000228264546074961,0.00110268959988014,-0.0047724028985017,0.00147609287567313,-9.47499562632582e-05
3644,-0.012215946897813,0.0194801388128737,0.027370546281176,-0.00907074819662039,-0.0137933058703799,0.00332762060343569,0.0129800535551679,-0.0237453588727811,0.000573976624916941
3645,-0.000258253273584276,0.000779450717359862,0.000465342031037362,-3.09769573976851e-06,-0.00146745629203092,-0.0034856985201122,-0.00113442385296714,-0.00298514842413179,-0.0039626975376473
3646,-0.00125002283848318,0.000353349658815377,0.00559706331156492,-0.000122957438194829,0.00028189806986599,0.00933266189594338,0.00894008695538088,-0.00849770676735686,-0.00690028538690939
3647,-0.00344022738279982,-0.00454821778116587,0.00324758225234633,0.00357498753514572,-0.0102768517438929,0.0174617390349095,0.00291891722041467,0.00109500178336863,-0.00250774113338934
3648,-0.0254397138640322,0.0128293154844746,-0.0141369479299415,0.0228637454757901,-0.0106730362921548,0.00297306400547685,0.00875977469069732,0.00435141705348949,-0.0262169387563248
3649,-0.0076833519541395,-0.0208403080024627,0.00148156203723753,0.00936405294368456,-0.00491611022042303,-0.000953297405621691,0.0259404300251517,-0.0104559896133775,-0.0113984246665185
3650,-0.0115681972377702,0.00773969815471475,0.0185953792848353,0.00991631544343963,-0.0135513670090481,-0.0104214083668348,0.0167603554479768,-0.00752676325758524,-0.0380674812019462
3651,-0.0177694827395476,0.0059343940248784,0.0131275171221145,0.02203966169458,-0.043448539057275,-0.00739613156682083,-0.00299816824660512,0.00343072769767189,-0.0399948038466112
3652,-0.0326218752867704,0.0231358184382175,-0.0252103869088183,0.0158454393364635,-0.00937529239887506,0.00508170585686736,0.0147099753338041,0.00254606577798177,-0.0164541362249348
3653,-0.00989407940651986,-0.000302133124122742,0.0200885164140169,0.00668121342483307,-0.0156688642203238,-0.0168666746703592,0.0156476449104599,-0.00125468842031056,-0.031305011110973
3654,-0.000199004577529054,-0.000154186319466297,0.00152665345714797,-0.000375926355792733,0.00116592232932466,0.00199137539339647,0.00258954851261555,-8.7561459810953e-05,1.49566631379272e-05
3655,-0.00843293391372799,-0.0178301348652994,0.0169135411160719,0.0148007250745602,-0.00803983695536766,0.0173688160583982,0.00688499815400035,-0.0101869133942352,-0.0101869004524008
3656,-0.0135120096245176,6.69363624901174e-05,0.0173699565603779,0.028048532438419,2.02307716700189e-05,0.00140834200186405,0.00398809095935662,-0.0101482980432789,-0.0411132540994422
3657,-0.00759261763647992,-0.0212311292680165,0.00546458690959274,0.00827017450310045,-0.00478689970206893,-0.00100991117047963,0.0248433394261174,0.000308616003443286,-0.0206294467758933
3658,-0.012077206874379,-0.029790670891555,0.0040072137794844,0.0200552324932223,-0.01825700035371,0.00245624351324075,0.0131133915633511,-0.0238167358997083,-0.00298277479217894
3659,-7.18210779081216e-05,0.000330755912496213,-5.67717886627794e-05,0.000133042339814092,0.000127109637859528,-0.00162279199086633,-0.000897577464863339,0.000180007404562541,0.000442495840013933
3660,-0.00465273860135999,-0.00978414192942021,0.0127470382672103,-0.00303062620710744,-0.00474216596943906,0.00956232545899279,-0.0106264568817302,0.0139999849677811,0.0035376455827052
3661,-0.0102060642749198,-0.0211087527603621,0.0125485255419933,0.00701276674025895,-0.000621448198422793,-0.0203406280753139,0.00176711392695394,-0.00625584277530229,-0.00495960950197462
3662,-0.00933966884315312,0.00224963988342873,0.0214110406146768,0.0131021446418667,-0.023174643123569,0.00711444606567232,0.0196072729904066,0.0112006707265279,-0.030805754152087
3663,-0.0120759589681546,-0.0138700680733463,0.00873092191960498,0.0260104810350993,-0.000895817969251844,-0.00489073856276219,0.00146234211172013,-0.0215837344570698,-0.0301268137456749
3664,-0.0176722359975312,-0.0180640626764188,-0.00639374192314781,0.0349831936396857,-0.0263163790691627,0.0309361526227508,-0.000725342550216446,-0.0335687306217421,-0.0286623239145552
3665,-0.029818884246737,0.0147655439072134,-0.0246795325996949,0.0176359375055673,-0.0154377940038004,0.0127905550291619,-0.00065372800938854,0.00140181436047215,-0.0304217040118567
3666,-0.00799668876336541,-0.00893650927641175,0.00926504936729601,0.0128925683338303,-0.00990810443247344,-0.0017028961715271,0.00464061997392049,-0.0178104638233717,-0.0177442009370725
3667,-0.00924916418467323,-0.0109108590873724,0.0186899858913856,0.0184598636986534,-0.00676070683257607,0.0217305293346684,0.0144316826335256,-0.0151630922994588,-0.0282773351921909
3668,-0.0127584934345167,-0.0206956414334715,0.0154973813014707,0.0234039094223058,-0.0209887900384329,0.0143607082072207,0.0149992695637488,-0.0289922877323543,-0.0177029607691247
3669,-0.0164922579251662,-0.0184034987074769,0.000959310664080251,0.0397115697572488,-0.0143825140603841,-0.0219932919688237,0.0133342841926633,-0.0403302855165368,-0.0399875315712443
3670,-0.0280133366397361,0.0274824758061303,-0.00426488640095207,0.00715540498388824,0.0169196179896159,-0.00679462230491519,0.0366190332869497,-0.0145215360993651,-0.0257710384120756
3671,-0.0161299009567592,0.00267361377117539,0.0159921718327052,0.00197208837941639,-0.0452374095307043,0.00966364826343365,-0.00492439092889176,-0.031528000085872,-0.0182747899382451
3672,-0.0119559919362653,-0.000622192708587949,0.0205828365690867,-0.00471372796904473,-0.0421783981030863,0.0171876650859145,-0.0107144016556141,-0.0337649158040266,-0.0188168166193575
3673,-0.00831198284569376,-0.000723563304775373,0.0254945152135344,-0.00565908352310059,-0.0311869115175399,0.00519594113928745,-0.0036301014182031,-0.0215070145755432,-0.00407835180079412
3674,-0.0139168295934932,-0.0285601313136273,0.00234323002490258,0.00338525091085074,-0.023896405399168,0.0267929327287558,0.0111126118440644,-0.0107702735865288,0.00583112092853232
3675,-0.00917745424230386,-0.0130409411860312,0.014960509174466,-0.0223153153457556,0.00715769758661855,0.0227881319977491,0.0123371861301016,0.000987181744969441,-0.0330307426698818
3676,-0.00826522765964072,-0.00907510159940201,0.0148745562094681,-0.0228398924265306,-3.97149648552714e-05,0.0163791137834798,0.0206927829899704,0.00880678951843613,-0.0344024728377845
3677,-0.011369975354744,-0.0035723372655954,0.010417189249119,-0.018772124079286,-0.0292704546018943,0.00432256293492025,0.0122559008832058,-0.0255355055478515,-0.0258474632342843
3678,-0.00681647951582888,-0.0143290973533704,0.011877567998005,-0.0291701718653235,0.000550846986654524,0.00880613372907363,0.0165999751142457,0.00564183116239045,-0.0278427584115137
3679,-0.0182575587488879,-0.0217119409017898,-0.0227555759045248,0.0133204155770273,-0.0243861570047049,0.0279104334092955,-0.00313900227557717,0.00741916779048431,-0.0180529891338758
3680,-0.0167839006495658,0.000582999786298748,0.00843698153953154,-0.0385636311382442,-0.00158894993977546,0.00788367659708684,0.0235046276868981,-0.0198776366817119,-0.0186947955550726
3681,-0.0224766915584831,0.00902489611353876,-0.00341140882705552,-0.0303005782852746,-0.00810635949297167,0.0173170434335773,0.0149696807196062,-0.0303667151021822,-0.00999005279318641
3682,-0.0171663172112351,0.00103661584754307,0.00788525925855208,-0.0385546309372169,-0.00610199334291137,0.0439662549875949,-0.00139249105815687,-0.0281889462502181,-0.037942435999207
3683,-0.0188034993990378,-0.0200326212675156,-0.0181734386882392,-0.0303363276871152,0.00852090831274858,0.0211756665465938,0.0195751782849133,0.0223346895609541,-0.0548734134906968
3684,-0.0161134532665382,-0.00516795546421915,-0.0018355991142281,-0.0406210845755931,-0.0221187961865304,0.0100942898474249,0.00490184937296966,-0.0137073133345391,-0.0351308359976283
3685,-0.00436280875142697,-0.00728450350582772,0.00628975220702779,-0.0221057377292905,-0.0152758218677542,0.0147903566401626,0.0136093835402059,-0.00335139567749426,-0.00769981628527187
3686,-0.0185050628012996,-0.00832385454949833,-0.00697314023418356,-0.0480403346502984,-0.0192712105667047,0.0111629692742558,0.0186473238764791,-0.0172653942792297,-0.0199206669947654
3687,-0.00410617772489943,-0.00907662500266088,0.0040879070574309,-0.0133390808769104,-0.0106508425596583,0.0116988130289196,0.0158451689315089,-0.00675760505689229,0.0080157558069217
3688,-0.00727491734854597,-0.0152168557778301,0.00853391016768349,-0.0249268385233875,-0.0319473426907964,0.00381676997408346,0.0180653154265627,-0.00229338166334418,-0.00672130581719953
3689,-0.00712024930878437,-0.0210103512469311,0.00260519211328971,-0.0131782426435362,-0.0195249638065943,0.00532138461189773,0.0197089815571817,-0.0125886311243817,-0.00674410521545952
3690,-0.0181278436394185,-0.0106846595951986,0.000717996121707102,-0.0339717770942181,0.0160482203087976,0.0148132985070757,0.0362425414749417,-0.0155903240769762,-0.0405678869754557
3691,-0.0142250073891061,0.00774464298611085,0.0197650840068002,-0.0295959111844234,-0.0312165518148864,0.00315842628185417,-0.000371383273346213,-0.0232031699297866,-0.0178154144611739
3692,-0.00563440518832659,-0.00299598782558267,0.0136187915351439,-0.0066993078647113,-0.0168994342585776,0.0165508214287313,0.000808160688223037,-0.0135465099870675,-0.0137013709896525
3693,-0.00521005841328811,-0.00384911826541227,0.0124754344724634,-0.00520037787960885,-0.0219476748269076,0.0165954120667185,0.00729860455230906,-0.0113407375134346,-0.0173629940487853
3694,-0.00402992561172602,-0.00380654586077298,0.00997106438984635,-0.00204724097652163,-0.0119367079874942,0.0118374410555914,0.00463405525354952,-0.000286388277366739,-0.0077837684844707
3695,-0.00566462839996339,-0.00441047198816436,0.0138584569942402,-0.00765331650284893,-0.0189896220562253,0.0146995539167463,0.007846201821471,-0.00706564501667637,-0.0135390227043997
3696,-0.00495863273663587,-0.00299055357123541,0.0121654075685961,-0.006664376087802,-0.0161349536009905,0.0158357759146819,0.0153264510010958,-0.0101340678068514,-0.0189175206715124
3697,-0.0159353169508804,-0.0163658372051545,0.00503296688147298,0.0315159078317035,-0.0157067226458065,0.0125805124687045,-0.00527434396323131,-0.00870715780207149,-0.0137066098762524
3698,-0.00269983694732757,-0.00842800751189548,0.00320852388767817,0.00204970035651693,0.00181310790045032,0.00620374723032428,0.0129842554854976,0.00457763231425222,-0.00871846100071612
3699,-0.00378149513987174,0.00543010251984436,0.0163214901627015,-0.00496985185933324,-0.000336733088393092,0.0303776632263471,0.00945584387705489,-0.00417721878132363,-0.0079303129904932
3700,-0.0120116568199531,0.00931826903218431,0.0169011527015737,-0.00417301779056513,-0.0164135844073686,-0.0110625945848609,0.0186581644761816,-0.00551033096054652,-0.0261736638705376
3701,-0.0140853939686612,-0.0223128838009412,0.000795585262349362,-0.0159153591006463,-0.0182242064188362,-0.00780844166634376,0.024755815397722,0.00706577916401973,-0.0202700064278509
3702,-0.0286032977000137,0.0304759133400763,-0.0131639056975389,0.0096133009783671,-0.0058071352714091,0.0142342148212106,0.0197850126198717,0.0152587164077107,-0.0147525061947036
3703,-0.0227294518147147,-0.00714023906383619,-0.0041954205984073,0.0373894939106717,-0.0292861183944377,0.0100179551674572,-0.0177849441458915,-0.0203066138176114,-0.0526164513774076
3704,-0.0136775848473124,-0.0222178520840311,0.0131637798747736,0.0165912029680959,-0.0120645555945949,-0.0233542866645511,-0.00602955143858177,-0.032561012898982,-0.0341664478146873
3705,-0.0101191043126874,-0.0360907713326992,-0.00433841005432294,0.0346944665613177,-0.0150497013335145,0.00929419174943999,0.0227692668486242,-0.0215504726349759,-0.0298135545382283
3706,-0.0259301103681771,0.011415366599075,-0.0104865030708399,0.0201589567027061,-0.00509225808261463,-0.0166429246036465,0.0270262629256555,-0.00783584999836649,-0.0346586445490138
