"movieID","X1","X2","X3","X4","X5","X6","X7","X8"
1,-0.0325644570981291,0.0263719405451763,-0.0222254179257998,0.00176445367623677,0.00373613220295733,0.0215088458076519,0.0106403428384915,-0.00690816994408045
2,-0.0212724755905884,0.0188205454928778,0.00603606876157665,-0.00795155959537226,0.00629696796964687,0.0222038021188484,0.0180500479447527,0.00537860469950517
3,-0.0196463487711964,0.0207545693817849,0.00829652292198608,0.00491661882882384,0.0190534768003665,0.0279395847851052,-0.000706870746355656,-0.0285937058590908
4,-0.0129400842313142,-0.00802738924144206,0.0183915631078965,0.0225133373183825,0.029051187849039,0.00525371284002183,-0.00713939327463663,0.0110769155768594
5,-0.0155227611106316,0.00919529771480131,0.0214847519917824,0.00822046362532329,0.0400442635008023,0.00254040946938507,-0.0156542304047818,-0.0114459556624791
6,-0.0280287754521642,0.0214694555328664,-0.0106335918355392,0.00714675150527837,-0.00957055342418125,-0.0195411111989308,0.00557713706336397,0.00312380832984052
7,-0.0182922344394782,0.00676441688279555,0.0146077171687232,0.00550481009380595,0.0466230499932152,-0.00650663000298748,-0.00732772284946764,0.0289576605118972
8,-0.012211290714954,-0.00078245563155475,0.0279104396122268,-0.014988382752454,0.016453978983338,0.0341667169042242,0.00297992440882244,-0.0192294439329575
9,-0.0105050631505654,0.00991428830003403,0.0340700632243637,-0.0214433185127305,-0.00342698211528402,-0.0288589965281844,0.00268167511426715,-0.00328886848975642
10,-0.0241344319060336,0.0248446940372752,0.00373051172710803,-0.0133208328407463,-0.000285266836576091,-0.00774460321476462,0.0125950231842177,0.0153342261628414
11,-0.0270315801801624,0.022204735970089,-0.00835840436083273,0.00408293123140756,0.0251372903432644,-0.000817002199399339,0.00446799752392801,0.000258316129893398
12,-0.00978704826217707,0.00312816829879343,0.0226226408206727,-0.0130283186093724,-0.0158566268742735,0.0363093310464128,-0.0033093936462606,-0.0169988151302792
13,-0.0141487523299725,-0.00624596264056541,0.0219463960674782,-0.0173536553987357,0.0208116857597477,0.0450208779262899,0.00347092937651082,-0.0159123512618221
14,-0.0176199945434106,-0.0140171655976026,0.0037981895427694,0.027446221597001,0.000784828445567011,-0.021651446314211,0.0074309353203558,-0.0334109887072348
15,-0.0112430184534578,0.0129012548655462,0.0350293120627146,-0.0138772455086723,0.0116855914271438,-0.00463070030096032,0.00472089095773457,-0.000630859010889586
16,-0.026837647254952,0.0174010168915317,-0.00698492111536675,0.0153834883163977,-0.0151326659584907,-0.0135506130208162,-0.0120059103911345,-0.0267156102978511
17,-0.0277163913753107,0.00818328948829162,-0.0207812594164657,0.0142467011080194,0.0217977412543375,0.0129728459530999,0.0228084750404779,0.00499211355799154
18,-0.0160927808371584,0.00267127272936236,0.0296334917498675,0.0191639923711239,-0.0111622523911441,-0.0160523693082775,-0.0206434347935484,0.00339590038839824
19,-0.0154584337878069,0.0228395094758482,0.0135729036380337,-0.0046162966027036,-0.00658269187730542,0.00524818218885877,-0.0191630261934713,-0.0193841307986632
20,-0.0115287670840785,0.00707884052733845,0.0320597979413435,-0.00322014599954836,0.00114864542903167,-0.0299493378144751,0.0143398043986574,0.000859741985599754
21,-0.0283638738736298,0.0210717991244218,-0.0198273570340381,0.00387425311862363,-0.0033379267332003,-0.000265980458264561,-0.00918545148327904,0.00494213103172791
22,-0.0196020810858544,0.0130319476140397,0.0148452262115556,0.013522611347797,0.0132452181181751,-0.02915167209238,0.00440396399410723,-0.0204194915688555
23,-0.0125890674517152,0.00891925684857168,0.0341377924336193,-0.00365072294537338,-0.0017003399171142,-0.0153021723641277,0.016304799066956,-0.00476760432082663
24,-0.0228761340128247,0.023589411204031,0.00239324371302579,0.00530555596760169,-0.00811287757234181,0.000304123453722517,0.00481788934402827,-0.0148912855206896
25,-0.0272676047369414,0.0123342227455851,-0.0220424734070152,0.01507791142397,-0.0174542546786294,-0.00952580686380996,0.00105153691613646,-0.0129576689395608
26,-0.0166584100470502,-0.0128863957212929,0.0207903286496434,0.0218683482025519,0.0136503214035106,0.00107173047246727,0.0209469540386538,-0.000194821046988532
27,-0.0117219155051642,-0.0046091852626552,0.0283214651224915,0.0157076106193434,0.0206580298728835,0.00945011051147807,0.00796523192918412,-0.0216331622046777
28,-0.0174537018286725,-0.032502042347916,-0.0157082915085667,0.0178516088731875,0.0354510957246475,0.0173963569110766,0.00879722417766771,0.0434408344646936
29,-0.0241337894016899,0.00457252665417193,-0.00562026699155175,0.00874009726583955,-0.0364131236755323,0.0261301778238701,-0.00888085641587872,0.0358710347180952
30,-0.0139318733206958,-0.0360205905831642,-0.00762857309962098,0.016358797825865,-0.00620455584808433,-0.00867103768870283,0.0106086374933698,-0.00557423888272324
31,-0.0141987618571484,0.00209959434860432,0.0274150133973938,0.0194095851516936,0.0297922365803551,-0.0113207892230821,0.0202306074660897,-0.00152598015259908
32,-0.030149683417329,0.0223537331460988,-0.0180427205866897,0.00855731313816739,-0.024154172940194,0.010699756080546,-0.00246950748072809,0.00676139286641598
33,-0.00163059122650425,-0.00219277921723107,0.00461808524156436,-0.00242648145598278,-0.00423852219084744,-0.0122855346420462,0.00161250861394791,-0.00185185722077281
34,-0.0305444840920061,0.017660208904389,-0.0260062477177675,0.00670614985286679,0.00515447037433725,0.0200475865529549,0.0111692311986756,-0.00711332798273884
35,-0.0120819816325191,-0.0279976536189768,0.00408513242884208,0.0222277470175563,0.00874136308402947,0.00784703440411107,0.0174227107548965,0.0197258205889586
36,-0.0290616424760317,0.0120620311808058,-0.0223877063655826,0.016958285573111,0.002018788025763,0.00727503497251779,0.018446800606861,-0.0174067982020245
37,-0.0040574864876122,-0.00579892185270655,0.00835253096137952,0.00196227996046074,0.00380875262915455,-0.000195268667797522,0.00100136876198293,-0.0038417694599281
38,-0.00562311335805526,0.00495930374401525,0.0275187527108433,-0.00775781939290432,0.0308289248609444,0.0224863893244066,-0.0149295588887505,-0.0134190310452104
39,-0.02647700722557,0.0127396108812153,-0.0133317822165773,0.0130050721663766,0.0110171030872865,0.0154975213461863,-0.00660126638856284,0.00827833509664272
40,-0.0109947868219303,-0.0261825616175041,0.00636158676973584,0.0232772780589932,0.0133738206733814,-0.0173261707750464,0.0154113809686479,-0.0204980852904645
41,-0.0239353422366826,-0.0109544081107423,-0.0263408047137206,0.0125330002023986,-0.0041196464286401,-0.0134741019748657,0.0136536416238129,-0.00210549692296305
42,-0.0148384090881659,0.00499576794108856,0.0228099669330961,0.00843701837570942,-0.017720172444328,-0.0287662621173508,-0.00952923470654399,-0.00577759032252056
43,-0.0188412952701882,-0.0125851791652346,-0.013638569826009,0.0271739637254009,-0.00728647303747572,-0.00625941154970965,-0.0480580120670061,-0.0143867503740185
44,-0.0138623444208861,0.0159231496161249,0.0303065220217639,-0.00930832111109391,-0.0136656503548114,0.00857214157855047,0.00656828115152186,0.00824981387643742
45,-0.0228237581736079,-0.000639129238975865,-0.0118460542843535,0.0189168942452793,-0.00935760661304369,-0.000305357274034674,-0.0217707917946548,0.0107384958668544
46,-0.0132968165936615,-0.00788101359735632,0.0215274166749314,0.0203090724153056,0.0397693954741243,0.00271211580899229,-0.00133920310513258,0.014996061153967
47,-0.0311117648932085,0.0265591221855459,-0.0143390278908565,0.015933166052942,-0.0202732711505152,-0.00390707182140493,0.00634544408313254,-0.0176781290286707
48,-0.0159042281576887,0.00497486914491927,0.0140799996588222,-6.71849339413255e-05,0.0288591548409876,0.0295787005768319,0.0272612279569665,-0.000689127575051144
49,-0.0109628491238011,-0.0256229961684219,0.0178748062190661,0.0162429356256646,-0.00222255751248895,0.00567706420170196,0.00647197459438669,0.00618521778836918
50,-0.0351303925367201,0.0272517627808194,-0.0251930054347678,0.0121277891469884,-0.0116760632958724,-0.00197420256777179,0.000897422470355793,-0.0081406008174861
51,-0.0222034297613093,-0.0014768378047449,-0.00447213758214761,0.019374031254075,0.0128322327082524,0.00238758775150843,-0.0363015780560275,0.0155517333725738
52,-0.00529974621627706,-0.0179241560684145,-0.00980677763362742,0.0119512600381056,-0.00504784074074762,-0.00393477091860366,0.0104220044239798,0.0141240930012852
53,-0.00726515879603787,0.00458265092906635,0.0230693695553244,-0.00178989508451754,0.0205585508829191,0.0344040425922831,-0.00941183575468081,-0.0235492621633934
54,-0.0110703971047071,-0.0276352748881341,0.00761141076799435,0.0195274429485278,0.00475004503388246,-0.012518539484306,-0.00470571428031656,0.00481455020707509
55,-0.00165046875227989,0.00510177375707105,0.0112319743554229,-0.0104424649595825,0.000116431897045878,0.00468404905907421,0.00183471749334702,-1.75987562159853e-05
56,-0.0149306039615221,-0.0160999611725803,0.0164270986472366,0.0234280674415345,0.0115043493593082,0.00539346631680337,0.00623534885050762,-0.00013080643398553
57,-0.026423482733773,-0.000181034573329628,-0.0242989602255654,0.0214041051667544,0.0170931746140234,-0.00506772145052446,0.00129473627708626,0.000249857863047361
58,-0.00312037629594177,-0.00642196365595349,0.00827170112097512,0.00616537970053694,-0.00558426726813026,0.00150609269800095,0.00453027074158825,0.00152515363182961
59,-0.0200764587322466,0.00922720299428279,0.00725185931007751,-0.00648256981336424,0.0109786427413256,0.0194670846347471,0.0233947535003998,0.007300682415232
60,-0.0100986738581306,-0.00239539578057689,0.037379334892519,0.0105873289529035,0.00913032086108219,-0.0201115509404437,0.00761135470124067,-0.0201840804183964
61,-0.0233692463566566,0.0156623130285399,0.00374566215294235,0.0103988373076717,0.0337317259688138,-0.00685223698038386,0.0300815727459304,-0.00427443605007742
62,-0.0122389082116361,0.0100560592906754,0.0276042817430955,0.0102190893524763,-0.00717978025769528,0.0241563362756439,-0.0300079011720156,-0.0259195582488098
63,-0.0091800219797881,-0.00433417431314071,0.0259115737079699,0.0125165876131486,0.025868165259279,0.00363516335463378,-0.0128766759998563,-0.00689527949088856
64,-0.00875974691778408,0.0055493859529462,0.0281181582683545,-0.00138647504165495,0.00165527062811135,0.0177391374472248,-0.0218969686887916,-0.0145446376270201
65,-0.00770991333802127,0.00519767030553806,0.0179069308312915,-0.00217316627522222,-0.0137632540401226,0.00464230782160938,0.00295016138404651,0.00493804547109914
66,-0.00248698674192272,-0.00977420113325428,0.00750799630218191,-6.10112531927751e-05,-0.0026352910971054,-0.00125714381293066,0.00242151503180911,-0.00363218054364483
67,-0.0140258628507633,-0.02550387036121,0.00182497201125481,0.020021713394386,0.0117648839722502,0.00327494229944014,-0.0162759000752444,0.0280939583833016
68,-0.0229268741977054,0.0143951486742833,0.00829801291122993,0.0127063776811108,0.000740247448772363,0.00460828520733873,-0.0460856917952529,-0.012512627745804
69,-0.0206432185869545,0.0218880408266213,0.00698827851162183,-0.00615305961159863,-0.0390867113628643,0.00708263259496978,-0.00154665949609444,-0.0148738811477392
70,-0.00840308590439704,0.00836828523028537,0.0301309884197585,-0.015799024866853,-0.00115501645599342,-0.0214700342084698,-0.00229117150309843,-0.00785856126001271
71,-0.0158497218650686,-0.021064869022716,0.0134860335680524,0.0254603382960986,-0.00999105537131523,0.0104972762296552,-0.0102958772587447,0.012119496563537
72,-0.0230805682461881,0.00254570327832555,-0.000483475691880926,0.0142273473462466,0.0271934855874163,0.0104934653941759,0.0514238745114636,-0.0258684833588476
73,-0.0123635367933681,-2.10175400909825e-06,0.0264677979951669,0.0226251854030575,0.0459939001764457,-0.00434777306187249,-0.00579254493672178,-0.00390270265161197
74,-0.00316705255547946,0.00291966694371855,0.0122025955033874,0.00165325264463844,0.00218397066918864,0.00595513257834233,-0.00672169430164847,-0.00803971940312352
75,-0.0123959938991749,0.00364888215043187,0.0285994430802065,-0.00769182360026045,-0.038313469508895,-0.00432498856613077,0.0218160773775759,0.0119184946825363
76,-0.0110191445404233,-0.0352671364676653,0.00166155376494617,0.000725980070828884,-0.00712885971525945,0.0121158358391763,-0.00888215385557795,-0.0033139523061571
77,-0.011246930868771,-0.0253296941403917,0.0186824933297928,0.00904131262486037,-0.00526927377065217,-0.0184222842771301,-0.00107386855578588,-0.0190940028686603
78,-0.0113290944121808,-0.0017601282384534,0.0265456354100636,0.0101216458049136,0.0127109181684675,-0.0239755139461412,0.0143369715505219,-0.00235545699423163
79,-0.0132894231344913,-0.0313986229118965,-0.0135801171690304,0.0204015964848938,-0.0112898132887127,0.0109460992957282,0.0209615863976924,0.00519422188874389
80,-0.0155797109499905,-0.00424148884897871,0.0214059150034197,0.0170643932904911,-0.0116319074325789,-0.0320517486897611,-0.0227264304730573,0.0152433584681545
81,-0.0153519111128672,-0.0311487469432527,-0.0108586166065353,0.0306771782062016,0.0120265068259153,-0.00216632116629421,0.02909324574224,0.0191507182085062
82,-0.0112396070406386,-0.0294936726687927,0.00340849161174497,0.0164927938674129,-0.00297767818417178,0.00500654258181618,0.0259516497289819,0.00077115433204329
83,-0.00693388917370523,-0.0253880861412638,0.00328769848151553,0.0132578408073397,0.00580284179784442,0.0233466368231881,0.00153395264667592,0.00306668678395035
84,-0.0154274243864775,-0.0240900174833551,-0.00389800554541037,0.0214054123510446,0.0137626009338092,0.00142161423406679,0.0082275280509593,0.0191817834944281
85,-0.0215101906451348,0.0190029007343252,0.0134536331173272,0.00617942938249118,-0.0137863381456883,-0.033776927816658,-0.0237856190821322,-0.0312103680378366
86,-0.00881500569333462,0.000113888638180223,0.0228766213042418,-0.0150379821018645,0.0110069839182936,0.0189004576512722,-0.00470925863921516,-0.0140632849543227
87,-0.0132262285582311,0.0126263212680435,0.0358019824614377,0.00583096723408283,0.00887341511835647,0.0068506799586578,-0.0323401254442167,-0.0270730621594093
88,-0.0159113603616679,0.00904381546047141,0.030095556389537,-0.000216034576199921,-0.00864069983787625,-0.0346242697283472,0.00960380554442324,0.0120992258246497
89,-0.00285103658075767,-0.00980902322228434,0.000428298081137323,0.00745316064030816,0.00252342331569344,-0.0122438047532123,0.011783050362317,-0.00877849902372575
90,-0.00941572877008909,-0.0133378912976063,0.023784368971714,0.00660838545365872,-0.00383191876170287,-0.000688662137705681,0.00308494723739453,-0.000437373024298977
91,-0.00881652797291118,-0.00150113119606158,0.0284345475820422,-0.00702351632446517,-0.00156341879029166,0.00959399342863145,0.00367524731127242,-0.00314810990647142
92,-0.019700801509096,-0.00727078222624979,0.00812587938636556,0.0382029791372799,0.0104935822070138,-0.0156443522636134,-0.0163426217650349,-0.00500579273469285
93,-0.0161961246456046,0.0155698990871126,0.0234621980514519,-0.0139957430726183,-0.000665430747160314,-0.0207634135047209,0.0152085070782538,0.00395477367536117
94,-0.00791513624646763,-0.0230406190659553,0.00233354025220073,-0.00310450533308849,0.0021070753153065,0.00555127768031263,2.07018438972907e-05,0.00869235483773754
95,-0.0133458653874906,-0.0260127732107776,0.00583857828302712,0.027602688887882,-0.0229415001226739,0.0023813199336081,0.00274956722253423,0.00639965486134838
96,-0.00213607609630028,-0.00644885679611501,0.00626098963622995,-0.00131607871298168,-0.00314751875572013,0.000659857194202252,-0.00102407691854742,-0.00463654666044947
97,-0.0121866314246157,-0.029433619752388,0.0104651944935749,0.00639996938438599,-0.0188181183084595,0.00983019517599109,0.00453629366401665,-0.0171628098161164
98,-0.013879551801922,-0.00684323665900333,0.0189994682281758,0.0110590464014769,-0.00188164100932787,-0.0403241209482582,0.00838064945130789,-0.0125449137939976
99,-0.0219159184473407,-0.00189918759599807,-0.00572015942703123,0.025865409695753,-0.0217974349424046,0.00886041370074412,-0.0498742497669171,0.0173380774772774
100,-0.00697447417125054,1.08352792619049e-05,0.022149988593078,0.00665421446940367,0.00994970556440865,0.00803712192591962,-0.00693003814246441,-0.005287326383108
101,-0.00980630925654597,-0.013566551317592,0.0305652616871603,0.00418954909480736,-0.00552421618758177,-0.0183956844669553,-0.00219816530737643,-0.00958242109924384
102,-0.0239455740261286,0.0302274677881791,0.00477407505102602,0.00953355023525139,-0.00813488814231407,-0.00184059437292162,-0.0329750260359084,-0.0191618402786975
103,-0.0185885118924497,-0.00299946553352229,-0.00366191478670144,0.0179691714790001,0.0349923740546727,-0.00982023750435692,0.0168070601470054,-0.00326561032867979
104,-0.00543008027564655,-0.0178024236077396,-0.00382691188962241,0.0141364093755465,-0.0103175170648527,0.00521730209050903,0.0054530421846508,-0.000385537571354821
105,-0.0156150881413059,0.00191666280951929,0.0150381762108321,-0.0152620629700869,0.0196906133510127,0.0488631372747283,-0.00921864364284029,0.0159798873871988
106,-0.00380070504174071,-0.0122693142726541,0.00831562936546543,-0.00245089340504411,-0.00786799136919553,-0.00577199408200022,-0.000809113643158222,0.000564478070353139
107,-0.0328907302346028,0.0346309464889042,-0.0142900581901809,0.00018456163684258,-0.00605337043387116,-0.0060698647939257,0.0206415984961714,-0.00805455607825463
108,-0.0311785123508604,0.0144452440145921,-0.0316057615141681,0.00593027378255647,-0.0237451183372197,-0.00612821904295028,0.00066541330536408,-0.0177850996062412
109,-0.0231323947144054,0.0177927736313383,0.00451633340789554,-0.00953775243822084,-0.00757859206663641,0.00226367848725671,-0.00411615140386145,0.0278795512352067
110,-0.0109100723391586,-0.0137637046987042,0.0283460945276614,0.0123993771237472,0.00849011885743381,-0.0260958379975528,0.0139308260667364,-0.020168431248311
111,-0.00510321594382347,-0.0129046317189295,0.00827958038954065,0.00748466242490715,0.0077310555764116,0.00249060041025741,0.0105599700945963,-0.00955994246037042
112,-0.0133265201594936,-0.0333410979526902,-0.00138366065656064,-0.00312402932547067,0.0279048350259736,0.0278970855385389,0.0260292982994919,-0.014913713091595
113,-0.0144403554699089,-0.0240897285150798,0.0124890813360774,0.0118547282800535,-0.0227094889433634,-0.00906015203381064,-0.00131933386037244,-0.00340197412827117
114,-0.0127573106051994,-0.0094534736670778,0.0205434380748653,0.0187674697096352,0.0191353715083279,0.0116944149683263,-0.0292056234287928,0.00167317856541633
115,-0.0050454079119289,-0.00790039558031669,0.0112004695171683,-0.00415935845506246,0.0073560589979701,-0.00543268571918071,0.00220580047746026,-0.0102103684970885
116,-0.00152643244559135,-0.00192048498310615,0.00325310919005723,0.0034250088273126,0.0011426038615136,-0.00234130719373549,0.00371664277957265,-0.00379398387696029
117,-0.0138707752353336,-0.0311276729996197,-0.00260575688797121,0.00755940808901084,-0.00806319442221467,-0.00406993872825516,0.0254472508360802,-0.0139526816310358
118,-0.0143879804209291,0.00132161929866871,0.0240176239794306,0.0111121487401486,0.0167878055498563,-0.00855423096686022,-0.0175214060347841,0.00207068623247147
119,-0.0186621794955926,-0.0240585489947401,-0.00823540227381419,0.0217169996275615,-0.00479617233351201,-0.00561657205173576,-0.0150112691139161,0.0176687122352296
120,-0.00595006273391598,-0.0166663649648977,0.00406523500978052,0.00830145982071523,0.00267695507752776,-0.0128997447777856,0.013765698735464,-0.00186359066863149
121,-0.0219870170128232,-0.00526400688631372,-0.00226717162687423,0.0301554422769333,0.000837094585802556,0.00680271270043423,-0.0434231644049771,0.0098121417588931
122,-0.00951150049595705,0.00619422690067805,0.0184460131602101,-0.00196384677578949,0.0049345542798846,0.0206055234724335,0.00728084288575208,-0.00469433263157939
123,-9.33087195593323e-05,-8.46652688946389e-05,-6.39036145358123e-05,0.000322141069015685,-7.73946058530454e-05,0.000441365287342881,0.00050763426486372,-0.00110150976491918
124,-0.00799586122236033,-0.027006661431687,-3.48772580985435e-05,0.00585719383047041,-0.0145443374291779,0.00346757842558359,0.00656339295039223,-0.000210461334869696
125,-0.00549067829988042,-0.0138603574727938,0.00915869066312206,0.0102582465950443,0.00337626082070246,0.00178361590777304,-0.00168800933330319,-0.000423262026712287
126,-0.0015654934406685,-0.00565500098754477,0.00152661668901713,0.00299483595329939,-0.00260402836528716,0.00234158531932038,-0.00205508870432204,0.000844149967094757
127,-0.00693685205814615,-0.0172140678420488,0.00660767594303984,0.00469856564733705,0.00432922795419837,-0.0110363063803425,-0.0074107126719738,0.00356305089009575
128,-0.0102149238685633,-0.00657047606886789,0.0253582450852927,0.00793003068093527,-0.00641885381205147,-0.0243825915853845,-0.00313344913496179,-0.00975717961160753
129,-9.11883308505786e-05,-0.000171014642686146,0.000164072680347655,0.000126728433529316,-0.000169462425040223,-0.000388373347811746,-0.000164396424616979,-0.000367513991218128
130,-0.00109058909145691,-0.00442955190252804,-0.00198118935255964,-0.00134414663045146,-0.00598313739542613,0.00660300015827338,0.000665761286879244,-0.00569239576147288
131,-0.0112022173205556,0.00575887929366771,0.0362749923020408,-0.0112080666185274,0.0166466994132546,0.0133439420034534,-0.0238991548635204,0.000455100107559702
132,-0.00451383979341833,-0.016776341056687,0.00325852776256279,-0.000193920931390837,-0.00424322555419951,0.0129694610258269,0.000562870001047395,-0.00164793418547364
133,-0.00567130224897588,-0.0140456487542318,0.00812723360062396,0.0114936908795072,-0.00184018883238889,0.00793006874738945,0.0187967916519954,0.00453564712651485
134,-0.00147745922738098,-0.00508985610344876,0.00314605463221822,-0.00192692886138803,-7.99691168405463e-05,0.00034595819216622,0.000970906822482149,-0.00207776772313344
135,-0.000610893887527854,-0.00104386644474791,0.00193882615924328,-0.00164071757978527,0.0024737898993139,-0.000120444297851338,0.00352453802865148,-0.00110797701585096
136,-0.0131289330270041,-0.0044874271530124,0.0286044700086776,0.0129763834870425,0.0503722308211982,-0.0175147389712293,0.00478911090485503,0.0122537074326154
137,-0.0239255883237109,0.0109754669384443,-0.00335943648741568,0.0105134439229537,0.027930477757704,0.00595166938836713,-0.0138653728280663,0.00846409975099439
138,-7.09697609370731e-05,-9.35239335045935e-05,0.000630210709531631,-0.000220133334911902,0.000460862116641199,0.000312239866489911,0.000237048332174902,-0.000939163627060382
139,-0.0239483976834561,0.0112320915832545,-0.0103804108281873,0.0258416921396263,0.00692677184395884,0.0069254958594439,0.0154126675419041,-0.0197416943623893
140,-0.0179504581032577,0.0199682718621753,0.0247779200927112,-0.00997779060874303,-0.00129906973445602,-0.0332685816983466,-0.00655394751862645,0.00753861925172054
141,-0.00533157162083042,-0.0045350001854628,0.0201592368284943,-0.0139259741084644,0.0159866842383953,0.018321483496012,0.00758976332966697,-0.0189874198436175
142,-0.0187333281168867,-0.00315378681565579,0.00972276367230354,0.042622807833433,-0.000961165099591554,-0.0194738290555038,0.0179712794387129,-0.00757641962678145
143,-0.00727612976106937,-0.0238235181337505,0.0105348271237705,0.000851793301876995,-0.00135476810742937,0.00875784492931392,0.00606076270413276,0.00405003642035238
144,-0.0124805286355453,-0.0284978466240793,0.0164906972427705,0.0108446891587763,-0.0214828884824614,0.000555197422764017,-0.0227131586910865,0.0075017251804586
145,-0.031592512678557,0.0283602245960126,-0.0183639241053991,-0.00206808872160359,0.0084973894921771,0.000422597082216332,0.0258512169571901,-0.00961034799724332
146,-0.0251984162974645,0.0143159616793376,-0.00726364588665036,0.00105644488916069,0.0135874009592028,-0.0272866034211668,0.0103239564708027,0.00828607947287071
147,-0.0101187054873921,-0.0265072625396627,0.0144862452368723,0.00692509549547719,-0.0331221088556773,0.00362562554181846,0.0118107534238916,0.0170450583874477
148,-0.0167787835972567,0.0177405242925438,0.014640932300919,-0.00647256209273481,0.00816326208655491,-0.00195566273550221,0.0163058695418832,0.0045149174160609
149,-0.0159499854861634,-0.0349253213808396,-0.0237753759618615,-0.00343436793754313,0.0113044722013314,-0.00673235877226231,0.0136725498696759,0.00404914239406887
150,-0.014352983030844,-0.0244657192371725,0.0026238619839621,0.0137726633560514,0.00979363907247769,-0.0244719880360963,0.0248525020677448,0.0097862486873923
151,-0.0145433878603086,-0.0220460136421654,0.0118727625257641,0.0146852549745823,-0.00877031922309879,0.00333760751848838,-0.029628464640651,0.017898647645511
152,-0.0145496106131513,0.0038334570895579,0.0213363384685764,-0.00240010256796835,-0.00252500804008894,-0.000997297697944905,-0.0188777746693461,-0.00293428060926978
153,-0.0145104264961551,0.00800216067862429,0.0264031635490989,-0.00440016347191419,0.0158832720867113,0.0263728396013005,0.0173980028259493,0.00444062358402763
154,-0.0162036292151763,-0.0109008054744006,0.0146119175661068,0.0187402363910336,-0.0164518180623853,-0.0007562097792882,0.00476933083606456,-0.02366110703309
155,-0.012866305241247,0.0165227103673837,0.0206324063692496,-0.0150815645993609,-0.00156335755934369,-0.0102468779133343,0.0232379046520189,0.00524937245119041
156,-0.0268402952169675,0.0244255301325555,-0.00665078307114286,-0.00177516223187913,0.00954277426517109,-0.0154272797612678,0.0334383534767572,-0.000960878659024448
157,-0.0253497717650592,-0.00298003411182544,-0.0280816538040214,0.0102079397889852,-0.0291645079387765,0.0158746150190425,-0.0159056669402468,-0.00953442287878045
158,-0.0212807463009866,0.0184474549843511,0.0155973013740615,0.000781752531208337,-0.00523073322916627,-0.0223502054717115,-0.010952733849404,0.0258624220676157
159,-0.0225561823657776,-0.001756397407998,-0.013743594341757,0.00810895969992304,-0.00318054158081756,-0.0312894636234215,-0.0262722269688452,0.0078215187022441
160,-0.0221325639863292,0.0222003855894029,0.015037789293967,-0.00829168701716079,-0.00230243152263944,-0.0208907456119535,0.00460243547408561,0.0098100695774433
161,-0.0090116921802073,-0.0119038487689302,0.0180903180841867,0.0130072710859243,-0.0144465316655287,0.0274206841402574,-0.00294405569344592,0.00307170132905374
162,-0.0030624072487511,-0.0128104353692971,0.00403969395382883,0.0024498196387985,-0.0028579664622649,0.00314377240270783,0.00824754226690795,-0.00464449272439915
163,-0.0142755238127319,0.0125755975795085,0.0331929743275849,-0.00443787180254381,0.0281036177200606,-0.013953377810952,0.039055551415507,0.00755931777282659
164,-0.0089352958403288,0.00442453988526802,0.0209357580552266,-0.00672831948241137,0.0206909285302621,0.0044697711684548,0.015759457370154,-0.0202494247876274
165,-0.0169312248867218,0.0193184093609173,0.0330655215051461,-0.00161657684522452,0.00227020520131302,-0.00911440847418458,-0.000619648994655817,0.00443473924226547
166,-0.0141212756305094,-0.0178610948796595,0.0240015195576453,0.0263992765635102,0.0131685758473732,0.015472647153074,-0.0123056657882201,0.0316770005145835
167,-0.0141912461006737,0.0130852732265122,0.0215108837220615,-0.0116502403058922,-0.0119703888054248,0.00307740904743238,0.0126900974515686,0.0352688602724773
168,-0.0116690036445482,0.0149203504385681,0.0262771810239069,-0.0156636132452583,-0.013338099981128,0.000773474075085173,0.00475782041622753,0.0170497402043568
169,-0.00919659885735518,0.00599480373050102,0.0315989823036474,-0.00448868132170454,0.00551489409832559,0.0123334600604637,-0.0189007680410217,-0.0150710682015534
170,-0.0180761720213978,-0.00729013389506522,0.000115201460234662,0.0413417665043994,-0.021559411276024,-0.0146801864718686,0.0237293939962879,-0.0322853991438119
171,-0.0198531294091913,-0.0170387124660328,-0.0121019542398148,0.0232315405426666,-0.01822594996733,0.0138125850819833,-0.039237366571641,0.0106589138527316
172,-0.0105191200783984,-0.00803628345719528,0.0281827046684097,0.00471110236518712,-0.0333099145847032,0.0048387154109443,0.0154636493521135,0.00720075552391606
173,-0.00880065129491074,-0.022157739932428,0.0117696311335419,0.00433249610285241,-0.00821840519598049,0.0101473993158416,-0.00481253770877065,0.000758458193805334
174,-0.00755338953874654,-0.0134688757941919,0.0169357346073556,0.0167647372503447,0.0152180847348197,0.00630510331817637,-0.00206529618797781,-0.00313331449514168
175,-0.0226757590524933,0.0219276351727797,0.00863458673883134,0.0123535112662665,-0.00803336482558129,0.00961560895869014,-0.0385412042156678,0.000333218262795293
176,-0.00650596436337245,0.0016035759960898,0.0239399796243888,-0.00783459475840721,0.00143991753142215,0.0194093375564586,-0.002911371446598,-0.00374442250610516
177,-0.0112999286527043,-0.0181277174657835,0.0170152180775528,0.0207679649844106,0.0302754409900537,0.00477891811170417,0.0030475790377813,0.0221130347447254
178,-0.0101189420169187,-0.025688934779518,0.0174403002192078,-0.000448464320648024,-0.0163429965815501,-0.00341593678522763,0.00415503929964953,0.00340746558745197
179,-0.00842682749305119,-0.0254311574612375,0.0203432812298244,0.00616954618979268,-0.0125814877128051,0.0113629448455862,0.00566040976804637,0.00133192932017821
180,-0.0178047766754589,0.0196439223545521,0.017468850971807,-0.0113576105757062,0.00210169098333914,-0.00797316316278428,0.0335779303531088,0.0114592330181181
181,-0.0134202296934775,0.00729010413034342,0.0274128054128714,0.00806940250285362,0.0219215880241323,0.00180163474711584,-0.0115040911675938,-0.0200877440708106
182,-0.0158119482358457,-0.0143164693156353,0.00939192529113219,0.0240002615707737,0.00693528655247475,0.0178842045356704,-0.0217505367859509,0.00337825140470572
183,-0.0145953884816155,-0.00234134570601259,0.026437155438159,-0.00294547080052564,-0.0356588178793951,0.0017028604873657,0.010830242444444,0.0193801459566196
184,-0.00804773551572641,-0.0148945587830069,0.00846077920127653,-0.00421616984984397,0.00268175729666485,0.0014925030008589,-0.00497872711179092,-0.0135217700412435
185,-0.0144588310493665,-0.0286597151814461,-0.00279697090701672,0.0159943196570673,-0.032508074318156,0.01001689615206,-0.00226393019521026,0.0145865051193133
186,-0.00994890990083215,-0.00771679211676924,0.0273267714117548,0.0129020140034195,0.0129617167378091,-0.00251403316828828,0.0132732595192176,-0.00997040298417423
187,-0.00165894673712793,-0.00278346035067949,0.00264349100144573,-0.000953247641162871,-0.00250457395152837,0.00288065777288826,-0.00260379712033209,-0.00508155336719264
188,-0.0116554463883195,0.00690626372350162,0.0166824407285165,-0.00266361373597118,-0.0118698206710182,-0.00212177405683925,-0.013101426280733,-0.00804883275700541
189,-0.0187947387636941,-0.0197040049578336,-0.00544802524875017,0.0381425147188952,0.00122632757212169,0.00856241257967322,0.0020591763132502,-0.00884021875184926
190,-0.0120784934229489,-0.00880167152135021,0.0253594024395367,0.0151669836085143,0.0460127151368331,-0.0132971889364263,-0.0130780246543539,0.0133914105701401
191,-0.015386593639491,0.012423065684257,0.022096240631468,-0.0125801209596428,-0.0228144935557708,-0.0106106040599614,0.0191903020318645,0.0026643956040512
192,-0.00669573224519892,-0.016961080475651,0.00850460128985596,0.00661988652602554,-0.0011606787415113,-0.00178915424489643,0.0153110235828566,-0.0161760943103904
193,-0.0214307704929866,0.0148870552275681,0.00554602398077797,-0.00298287573734387,-0.0275318045857712,-0.00863894477253811,0.000835513182115728,0.0224698675692483
194,-0.0158064094505602,-0.035327260761352,-0.0114189543360636,0.0113843978446018,0.0286166044369976,0.0111816946617936,0.0247836163274772,-0.014468801075479
195,-0.00480521690656157,-0.0078671458854002,0.0153030790415189,0.000581356233670681,0.00259778649017781,-0.00607938605990253,0.00462139263438161,-0.00992607195020588
196,-0.00924811182081383,-0.0130249373089764,0.0174275873742192,0.00741908201571554,-0.00608508729248626,-0.00138159086336452,-2.0873384254828e-05,-0.0173554045254691
197,-0.00808590534164252,-0.0123352178756494,0.0108521574056699,0.0115761782441831,0.00334683924604117,-0.000193101801442039,0.014324111326992,0.0013103438776397
198,-0.0159100708514525,-0.00605914614390795,0.0178567603658705,0.0215074534237071,0.0254812250667303,0.0129362450784629,-0.0150150328046028,0.0116306719711992
199,-0.0129617456997748,0.0144076979525984,0.0297285102781276,-0.01572517356439,0.000468490961821483,-0.0313640880936846,0.0109141568536145,-0.00487816126836745
200,-0.0148174318988533,-0.0222403479345232,0.0194010008442667,0.0310669016880431,0.00613681475349511,-0.00143468482866564,-0.0148732599259356,0.0118982552917454
201,-0.0146960500678114,-0.0287787486605358,0.00338937760630864,0.0169955487889583,-0.00739709833507661,0.029648449704062,-0.00442860634226792,-0.00824045568708392
202,-0.0125477291930505,-0.0053316781198763,0.0292161297669971,0.0114243165730685,0.0451146245653124,-0.0215286517533897,0.00976928578920952,0.024259457911384
203,-0.0158367071480106,0.0151453250973713,0.0171418365371499,-0.0102963693942889,-0.00703836734794886,-0.00774667239608145,0.0228010419044199,0.00836263757456972
204,-0.00949229126843779,-0.00642356661901741,0.0240669793125292,0.010659226275173,-0.00220825546557914,-0.00844792124566163,-0.016320979478527,-0.0133253015879763
205,-0.0114432007917807,-0.00679143886523982,0.0189470379325274,-0.0189358797677703,-0.00447303597273427,-0.0200925868268165,0.0126140557100868,-0.0218047395577398
206,-0.0124579329372199,-0.0292964562531112,-0.000743264003111739,0.0137213778612075,0.000780779049271077,0.00222259166605246,-0.000231033743193727,-0.00439171720319981
207,-0.0033472603628268,0.00020156546186093,0.0115877337040904,0.000335441492927362,0.00807386433330781,0.00863879512277105,-0.00209307731954139,-0.00929693319578843
208,-0.0192334099036243,-0.0276660737167729,-0.0242374635406727,0.0238023547293578,0.00790023325000313,-0.00584146029173853,0.0167072074674871,0.00722178524417993
209,-0.0111136195125437,-0.0350902779273359,0.00638627034687192,0.0189011219174521,-0.0125707483403234,-0.0014180022261583,0.0220243143989026,0.0138011829733304
210,-0.0179482935471282,-0.0201084896628178,0.00297515713271256,0.0363772330041373,0.0213786964283944,0.00198047849210819,0.0121810701493947,0.0243807434363802
211,-0.017786606622586,0.0221296568843832,0.0209635172034153,0.0160700823126414,-0.00428755696584367,0.0137104879002065,-0.0392326611318767,-0.0300198119976349
212,-0.0113678789135697,-0.0015763214569001,0.0269686330780234,0.000306081027336019,-0.00425119975287439,-0.0156227775873462,0.00437171334591602,-0.0122295868077957
213,-0.0152237467857945,-0.0037953397934848,0.0209119439166153,0.0202828272642466,0.0346012824795687,-0.0127159413632783,0.00508657153197305,0.010101979552653
214,-0.00878261550639821,-0.0133454542991207,0.020795271153931,0.00628140293498943,0.000501544303187062,0.0135668026550503,0.00377632814669754,-0.00512662605175593
215,-0.00492533332621815,-0.0111123782798698,0.0107167950754856,-0.00597651683738173,-0.0169465956651262,0.00498577238546164,0.00429693852191848,-0.00506454312512179
216,-0.0197096019635828,-0.00340832158873511,0.0012728090796133,0.0215568848371375,0.031350884453337,-0.0120981600470019,0.0168117390134331,0.00738981499316568
217,-0.028884277447673,0.0222685401509912,-0.0125563053397463,0.0112302680992936,-0.0207839843391232,0.00576806739963581,-0.0209146200671821,-0.0023377667551564
218,-0.019108561901758,-0.00370836673633575,0.00989871622968438,0.00984575110628684,0.0320316053030301,-0.0100939902401617,-0.023069349810484,0.0307391694572659
219,-0.0163879095157565,0.00624699991296218,0.0201524509931561,0.0132795422343785,0.0221781785154403,-0.0515724555190394,-0.000216469867526645,-0.00531269597844016
220,-0.000270443712246821,0.000533514407373062,0.000642886975467974,0.00042359946216384,-0.00149940127611875,-0.000582267790259558,0.000458162837319775,-0.00120064668097145
221,-0.011976695901413,0.00990109219735755,0.0346904452147705,-0.0120223487908494,0.000254550014980257,-0.0245711392525735,0.011579290076218,0.00192285212481912
222,-0.00475961889017752,-0.00876826103949341,0.00845944527419787,-0.000718977088587129,-0.00256991928053049,-0.000818842330337153,-0.000856377259535496,-0.00660136850485532
223,-0.0144933022217213,-0.0254183769403704,0.0143739989410558,0.0195020844929132,-0.0129977673818535,-0.0160198389537541,-0.00315541783113132,0.0108954173011587
224,-0.0203031205904061,-0.0022458808230113,0.00161870109326983,0.0175394423213781,0.0102625933987197,-0.0311888064711894,0.017090210276016,-0.00899726270894088
225,-0.0228992279707635,0.0275667506788477,0.000780417207876145,0.00201837091578045,-0.0120198644441631,-0.000922103202113339,-0.0335293995293125,-0.0297340758543218
226,-0.0250261979374976,-0.00715698637587716,-0.0186949595708916,0.0229760153571251,0.0166040290390276,-0.000403100994001746,0.000481384768360108,0.0252438467043672
227,-0.0196447960251175,-0.0146150164419976,-0.0173050010460794,0.0265207245115842,-0.032718279162467,-0.0174141470460637,-0.027605218818599,-0.0117334593262592
228,-0.0113479081808443,0.0052176653813679,0.0239887730883042,0.00215998329224002,0.0159288084292786,-0.00144607582231782,-0.0166868828921537,0.00115594156643168
229,-0.0266323965078026,0.00876996403983258,-0.0225455819511499,0.00797403303882441,-0.0266065295451244,0.0247510192745178,-0.0177659118024717,-0.0143609181998278
230,-0.0163598734028119,0.000366069316330575,0.0193713724042162,0.0107155683877364,0.0450612493485631,0.000940928753520588,-0.0122300407348519,0.0219913055694534
231,-0.0152403668862722,0.00463639390934686,0.0214883966614185,0.0145908861326216,0.0371252597344163,-0.014206131262949,-0.0223365240707255,0.00583432628752514
232,-0.00930286535063513,-0.011264059851988,0.0235927698853667,-0.00657499670230809,0.00990455978234347,0.0201199481128474,0.0198236946753398,-0.0198606170386063
233,-0.0131878757463008,0.00440881011610611,0.0250887996508371,-0.0119848229688581,0.0087098690451503,0.0415685293826256,-0.0144415281913593,-0.00325443116419647
234,-0.0102683996312972,-0.00516268265304608,0.0244147787728377,0.00147612574364364,-0.0253829301855376,0.00386549906627408,0.0245512040528942,-0.0167730598394074
235,-0.00953973332689228,-0.0139734494418218,0.0267358170289534,-0.00153705512598001,0.0112573978679853,0.0135973908126042,0.00167667512469933,-0.000246935782613136
236,-0.0150117289592688,-0.0214592510912315,-0.00627272642280353,0.00435862965987881,0.00152912180271552,0.022153672365563,0.0507154792683472,-0.00472662061337621
237,-0.00274750141508284,-0.000192131124768454,0.0122958545402016,-0.00643119110018573,0.0070933329516329,0.0068064169625896,-0.00335602975063287,-0.00295431086123691
238,-0.00366235029462492,-0.00416107577421091,0.008873767193429,-0.00429774312037946,-0.00348891376350962,0.011502507907357,0.00063410349088923,-0.00607206760742412
239,-0.00415456408915755,-0.00902351412904168,0.00227839667506603,0.00148490316697336,-0.0100944393020512,-0.00180935037765997,0.0065850380945257,-0.00412946739589486
240,-0.0314020808576353,0.0140046635881476,-0.0260946591985869,0.0191967088764651,-0.00688683233144507,0.0122783035539838,0.00542510107377647,-0.0121749473558913
241,-0.0245880303402941,-0.00170297023944147,-0.0206166019891177,0.017967821015982,-0.0209485643550569,0.0161867674618821,0.00567626673871539,0.0115780740636394
242,-0.0135220777686526,-0.00312398786802473,0.0273329318784564,-0.00128798066729268,0.0301571682068503,0.00229323723552185,-0.0129586276487907,-0.00275846905579128
243,-0.021069649440534,-0.00174344070114154,0.00482589089409825,0.0263578731165451,0.0353646245020247,-0.00961449479201294,0.016268075425683,0.0100929501132586
244,-0.00701450768406214,-0.000504503088778743,0.0295681725256366,-0.0010050762728175,0.00535573898435229,0.0232981987150495,-0.00864200351121106,-0.0221338586272357
245,-0.00806152350837578,-0.00478627326868867,0.0218727429563043,-0.0149268473098214,-0.0118992210185043,-0.0030641138835952,0.00347558753617323,-0.010596895060329
246,-0.017662761116632,0.00677580900810351,0.0183697122567559,0.00746239925689453,0.0386287806729803,0.00392503329683959,-0.0161396118555365,0.0133608972436285
247,-0.025342608093982,0.0249837588824045,-0.00104118795780081,0.00725951292726467,-0.0219084619378336,0.00287395721937757,0.0264976432427016,-0.00306080410067042
248,-0.00957907728545407,-0.0244391566261679,0.0111231786785769,0.011786856717632,0.0110964215615237,-0.0191043165083861,0.0162875117388591,-0.00597583732241871
249,-0.00825850545524452,0.00319950846871895,0.0260331133534155,0.00454014314154346,-0.00629250291720696,0.0124437624271374,-0.0125505769842699,-0.0242279770825464
250,-0.0136823814341068,0.0068919536778613,0.0262351780988136,-0.0138183210754564,0.00762749802565437,0.0161292579382419,0.0172101039318048,0.0194014277025154
251,-0.0141528439561395,0.00317148316910216,0.0361168608849177,0.00703463086761213,0.00739441284580144,-0.0433071558488634,0.0100911694081195,-0.00479926036887351
252,-0.00952447590084508,0.00413094725274468,0.0257421260580593,-0.0214150862958955,0.0131472470473352,0.0354665071598482,0.0207015343138872,-0.00305957497939297
253,-0.0121579511573024,-0.0065509670650142,0.0259023355762967,-0.000854659055923495,-0.0177677119703693,-0.0250233078089326,-0.0099671080512009,-0.00295033267857
254,-0.0348241108882356,0.0290580962889141,-0.0212497598319556,-0.00623391919933162,-0.00794177560508671,0.0101181204915562,0.0150347418245982,0.00493247254164073
255,-0.0193692632220077,-0.00795753096706843,-0.000864571449881688,0.0249319549091595,0.043302745870519,0.00698603936540952,-0.000291944097571591,-0.0201216164181861
256,-0.0192410169107509,-0.0122258021872595,0.000797208700052605,0.0156937348180382,0.0227916005114113,0.0528380062912347,0.0345978656819906,-0.00446510537424577
257,-0.0103944440030883,-0.034900897276024,0.00588902447091398,0.0171616471514388,-0.00487113260286497,-0.00299337068594067,0.0150215064092206,0.0082581256538936
258,-0.00211696023658193,-0.00874098473732794,0.00593159356031864,0.00663090982837669,-0.00762193627193636,0.00153278430636511,0.000369867004484946,0.00212290518605046
259,-0.0276582553716235,0.00859491691859935,-0.0227205885184086,0.0174754914520082,0.00683991532711797,0.00114088233754807,0.0155588687552675,0.0166430666318494
260,-0.0250244876665237,0.0216904458862934,-0.007500706625492,0.00661691028676294,0.00961221505883721,-0.00984238662570874,0.0338451028287716,-0.0148319582873111
261,-0.0111515109319597,0.00970281217669011,0.0370043567017458,0.000357708971324471,0.00993381157727591,0.00179082983936346,-0.0147098599337456,-0.0147295394565109
262,-0.0130912514650266,-0.0230867124743709,0.00818388208446782,0.0175846036658214,-0.00900079876074044,0.021898151637185,0.0192709476389734,-0.013396903441087
263,-0.0126978731423711,-0.0258844312532813,0.0173487471028797,0.0260745044110006,0.00643114006513839,-0.00216281799377243,0.0113359614454197,0.0087407735407909
264,-0.0112410410003149,-0.0116891839465948,0.019602518315729,0.0172425725721058,0.048906933285096,-0.0215822027357823,0.00586321826132051,0.0112372172875704
265,-0.0123843983714779,-0.0164945661230083,0.0207987021967734,0.0180039400065314,0.0167102479845256,-0.00739238547420837,0.00965413756911878,-0.0196779669046625
266,-0.0238850822451661,-0.00414572652498027,-0.0193127552325456,0.012868500031413,0.00602800433031094,0.00088273829441514,0.0152780097691422,0.00368962623141066
267,-0.0129326920490147,-0.00414432835258912,0.0288066716504428,0.0097372539368886,-0.0288387442323549,-0.00139835017279411,0.0194638958232958,0.00773183637470595
268,-0.00510537651133809,0.0021430074837732,0.0242982112221569,0.00672070477994072,0.00944145866200924,0.0199209205368399,-0.00349812028012418,-0.0213768043938649
269,-0.0105990812319707,-0.00510339983067553,0.0288565681500763,0.00373639076091679,0.0113243769738674,0.0175622829045844,-0.0138414332111535,-0.0134762145768122
270,-0.0129475784261374,0.00543170008078077,0.0247265827156817,0.00631959735560544,0.0343997590417272,-0.00623639785939583,-0.0160387535512128,0.000269498343722533
271,-0.0175991706952006,0.00503979535425589,0.0100067120490021,-6.93237809411566e-05,0.0282230533004354,0.00508794039356384,0.05199259367109,-0.0214764328734157
272,-0.0105312129856939,-0.0188562062697823,0.0177205520947806,0.00643950935818664,0.00647789731778563,0.00182557417073183,-0.00485874001473394,0.00682749041093886
273,-0.0131880056829001,-0.0268370070522382,0.00607699531896247,0.0213373060233955,0.014121581312937,-0.00901127317512769,0.0142189335763062,-0.0187812962873055
274,-0.0190455114657016,0.00188947854607289,0.0184377924675732,0.0214304397872942,0.0129570508739943,-0.0347533080226254,0.00264224002339255,-0.00985983431758167
275,-0.0208800279026493,-0.00883407294700951,-0.00357218365206491,0.0275595002414071,0.00693048197113759,-0.0145293763764126,-0.00599099232963313,-0.0076088301475352
276,-0.0166987775687112,-0.00567171311655952,0.0111779976836999,0.0230596395943334,0.0410161302379968,-0.0113645720361583,0.0142703093911114,-0.00236135141464181
277,-0.00578626453124002,-0.00623052795392793,0.00875624521444815,0.00506952325930735,-0.0220830523305394,-0.0041799030092776,0.00509167822614128,-0.00814334771544927
278,-0.000591733018877227,-0.00111417037187394,0.00195526479859015,0.000881119399167039,-0.000831433653250228,-0.0021903868131624,-0.000694022611427333,-0.000211322603676622
279,-0.0070539042497473,-0.0174481860511809,0.0108684602527298,0.0149104254448874,0.00593395146485329,-0.0092752601530216,-0.000987088630109118,0.0165677042899436
280,-0.0207404190460963,0.00935401493119875,-0.000701395741902576,0.00937593739123273,-0.0402749632776626,-0.0127991532908428,0.0041553796131494,0.010025291346754
281,-0.0135375281971103,-0.00632256383758544,0.0305345660314508,0.0237292874314696,0.0459146136341039,-0.0032255369406891,-0.0140508960318068,0.0196361105691956
282,-0.0196751585230863,-0.0187724417816758,-0.0252296246966841,0.0197539809177772,-0.0102951728677197,-0.0441811564022586,0.0168536081854965,0.00297062957986469
283,-0.00822046776238712,-0.00169655321386379,0.0259865091050333,-0.00021644875465198,-0.00664570824344793,0.00335768923477929,-0.00710375199378676,-0.0178622261362708
284,-0.0201855406890551,0.02065261005053,0.0164265458040482,-0.00901428997645198,0.00666695820717194,-0.0166524867526723,0.0262562592346173,0.0079903444797199
285,-0.0316215008092502,0.02345149346225,-0.0193000613614703,0.0109453236695119,-0.0152652713391763,0.00477921853005026,-0.00140949621972801,-0.00226829902776971
286,-0.0114472430826971,-0.0182619860085905,0.0166993928417361,0.025143313667893,0.00746162595083545,-0.00146970221905702,-0.007224600357575,0.00387647126973979
287,-0.00912053537034831,-0.0122569832344767,0.0239436704484369,-0.00440045321358955,0.00437810173691308,0.009086122661822,0.00188615621462326,-0.00650502477349831
288,-0.0334856687422099,0.0238479272143641,-0.0266056240376916,0.0129254072927179,-0.0267015027460984,-0.00181442331557645,-0.00854439639422724,-0.0162079198106503
289,-0.00961555957613834,-0.0133804768420576,0.0190237983141721,0.0128638990086241,0.00177509915487943,-0.000482531321897016,-0.00210062541745435,-0.0154187353415999
290,-0.00942675180195216,-0.0232855186610035,0.00092655979083686,0.0199786205963581,-0.0018856376019058,0.0142435039031761,-0.00459378179396848,0.0219392215780138
291,-0.0186605564189108,-0.0146579916292693,-0.00878898445802747,0.036725304988319,-0.0230193318203689,-0.0161071841851479,-0.0191181965739255,-0.0162985049032094
292,-0.0269235083909035,0.00978688135126802,-0.0153120765084404,0.0194095055499551,0.00613440527720543,0.00804216245224407,0.00162195931034362,-0.0103418151300973
293,-0.0111968909064359,-0.0287361952742782,0.00704722091330409,0.0215458885549528,0.00730645744151864,0.00372968453610128,0.00801587311381423,0.00390839854853368
294,-0.0154224100051943,-0.030579203049787,0.00763230654394292,0.0256988641789289,0.0198070095515075,-0.0089074903952785,0.00253030403351216,0.0384228127887471
295,-0.0173420634292545,0.0143527312062764,0.0180219385470201,-0.0168946850722067,-0.0127527849024135,-0.00839447840025298,0.0137002370333703,0.00527261036684959
296,-0.0111125354223775,-0.0108037514073041,0.018387262099859,-0.00371998050836229,0.0156650261490632,-0.00682027388078151,0.00535253796301708,-0.00279638923725754
297,-0.0110250699736147,-0.0158698247502838,0.010222588134423,0.0139269410532674,0.0129697212903929,-0.00624613269771766,-0.0282884461013935,0.0144440086021922
298,-0.0223239916649118,-0.0204341869596581,-0.0264111554321849,0.0251713257771284,0.000979827063439328,0.00741630704214383,0.014066983597974,0.0126775182965612
299,-0.0190522386708889,-0.0285580763135423,-0.0146854896518648,0.029283515808743,-0.00277003379039657,-0.00280753689514215,0.0189781793858145,0.0409223680582872
300,-0.0178545126596923,-0.0286049423008686,-0.0116312003150082,0.0350306245774219,0.00301274749524094,-0.000248300285435838,0.0149499859696886,0.00886178358699741
301,-0.0134074773524391,-0.0291434979558787,-0.0128066309686564,0.0201633223654845,0.00490470524652256,0.0049168838140575,0.0133753622312309,-0.00113493240797057
302,-0.0014052831912565,0.00369717988747655,0.0105255295418037,0.000266404544983641,0.00682808801633916,0.019267606983247,0.00143182855826484,-0.0095086385245621
303,-0.000528100191375286,-0.00139897688598086,0.00237505272539037,-0.000476740412390195,0.000588470702676378,-0.00156098323921342,0.000634199460850721,-0.00239427241301697
304,-0.0109224840829768,-0.00960035147832926,0.0173979135428006,0.00373485307967028,0.00536363844255503,0.0254670206990238,-0.0258422528403806,-0.00569467626078131
305,-0.00935912719676523,-0.00215167964983162,0.023552737875195,-0.0164081226002727,0.0163455432986484,0.0468395124672652,0.0103002609542672,-0.00552933570371222
306,-0.0261658956956959,0.00337372673866808,-0.0239524821492718,0.0209345326984794,0.00251153087670979,0.0261112110874719,-0.0167031035824511,-0.0086632109189976
307,-0.0101377306059969,0.00968249366914518,0.0419384670806296,-0.0106719813920118,0.00842633161685998,-0.0285276589305608,0.00481173822252848,-0.00392180844135491
308,-0.0233827492586601,0.024746954623343,0.0058704647352113,-0.0122849695011097,-0.0052708317895549,-0.000934053428648176,0.0274066765541261,0.0106765060303256
309,-0.0200636289390554,0.0199749105310909,0.00955103145100429,-0.013825205182499,0.0193393501716874,0.0174092326221357,0.0162590655865334,0.0107025970896304
310,-0.0359051257847454,0.0319041393132995,-0.0229578148944252,0.00943710227842471,-0.00212940467930169,-0.00048713572489831,0.01460116017589,-0.0113301981640783
311,-0.0208454741709533,-0.0116617821734901,-0.00492177784610278,0.0236087221209237,-0.0278226678952308,-0.00931195667033053,-0.0358328808937091,0.0240781996745573
312,-0.00995824703893759,-0.0270164692518908,0.00730730253275505,0.0036293937893716,-0.0164508485315561,-0.000134559580161729,-0.00376549811461486,0.00429802514723403
313,-0.0132007574895105,-0.0296283218969078,-0.000175882239610854,0.0386866716716754,0.0053924391534066,0.00560883673692718,0.0305342603111777,0.0131246660347799
314,-0.0183652902325684,-0.0123873083895888,0.0118173352898221,0.0292338033473288,-0.0132169165714801,-0.0108610935182218,-0.0380109963192347,0.0168780235790497
315,-0.0127794331144327,-0.0243169238335184,0.0179611637715444,0.0115659845639243,0.00471492255419653,0.0129049189342245,-0.018142310530451,0.0197914019218201
316,-0.00789712763863288,0.00253925142182167,0.0295847490488895,0.00636743346481937,-0.00303207300339226,0.0189211886757078,-0.0283041978134261,-0.0276510700246883
317,-0.0169348051253328,-0.0350809123386202,-0.0073088890279033,0.0288939394577494,-0.00221971183209573,-0.00297867440445198,0.0265305263264054,0.00347462170528116
318,-0.014452381588346,0.00617843040410256,0.0159888281818988,-0.00264927640583658,-0.0212483809557896,0.0227410986825953,-0.000763198112810077,0.0477953008473114
319,-0.01296822652664,-0.00191590335110486,0.0302891672760529,0.00117397936734591,-0.0339062205219052,0.0108375066160891,0.00827138355751737,0.00077640375950001
320,-0.0233789345807984,0.0196804043885886,-0.000687756079028245,-0.0120395762866663,-0.00225776117762776,0.0050668489483089,0.0356771043894023,0.0143806947951973
321,-0.0115310841015537,-0.000746882405073065,0.0242441821214686,0.000410282924724494,-0.025029852135727,0.0313754805189989,0.00661406496602353,-0.00620850688859484
322,-0.00725917392990705,-0.023286830988376,0.00974652138972875,0.0153986943823394,-0.00381097388055588,0.00230476865005872,0.0191306294673502,-0.00790371234565492
323,-0.0105810795515237,-0.00258363716581704,0.0231788603792362,-0.0139353518879604,-0.028367529945454,0.013547726151733,0.0082429434377927,-0.00385738975195562
324,-0.0212034305424545,0.0221063119289609,0.0166514826770344,0.00744851378376435,0.00617126622243559,-0.000578156306550366,-0.0351501358434895,-0.0124350097999463
325,-0.0157581836774066,-0.0330700405610894,-0.0159326484340406,0.0173244397599334,-0.00801486953661806,0.00874102498887311,-0.00625844827140244,0.0267289600261337
326,-0.010535603228701,-0.0305794029003804,0.00641916040558099,0.0103347865172346,-0.0160453625479248,-0.0175419615701674,-0.00570819979907607,0.00478356829568941
327,-0.00531747957789061,-1.9982157691947e-05,0.0141894402184038,-0.00617197272170232,-0.00545906755159909,-0.0149008743755586,-6.80511533019654e-05,-0.0131573022411708
328,-0.0270950355641111,0.00757504964956352,-0.0162910443800234,0.0212088957068222,0.00263725191002595,0.00221176223994469,0.00610674381974893,-0.0118219229583471
329,-0.0149579838784999,0.0149658122134233,0.028798447630544,-0.0129363471015386,-0.0228602816546103,-0.00730816015716432,0.00458754913660556,0.0202826861006727
330,-0.0201439416413571,0.00893497541193676,0.010501110715204,0.00577094300084053,0.0402460021460721,-0.000737049556965316,-0.00797949735088929,0.0184333997261772
331,-0.0146379602929759,-0.00472193049205656,0.0315025833240507,-0.00180138865229373,0.00182758474346355,-0.00177586428309986,0.0273715935159884,-0.0104206327947398
332,-0.0112136181082337,-0.0307093936019122,0.0067721901708642,0.0299323368132692,-0.00390357956708414,0.0136951210015949,0.00426179552970064,0.00348740183798706
333,-0.0224095573615217,-0.00699516868231661,-0.0111471045505871,0.017517023170245,0.0150016396649654,0.0124824048814114,-0.0221881393757537,0.0269814110831889
334,-0.0087221574922595,-0.00556161644829017,0.0179503099873792,-0.00455769680203976,0.0170180085107179,0.0305106888467431,0.00764119718695577,-0.0195193491243571
335,-0.0229760808347375,0.0264439156048419,0.000596253004117523,-2.75881180431273e-05,-0.00463672241764678,0.00499099756641607,-0.0176040867501263,-0.0194544236312394
336,-0.0261794766443828,0.00489826635675543,-0.0175067340192061,0.0182109054429511,0.0109003034340361,0.00920761246664082,-0.0189758442509819,0.00733335841179946
337,-0.0167917060147947,-0.0151717708826153,0.0126658142091216,0.0185391462360677,-0.00255802592144231,0.0205093802992591,0.00520637468111449,0.00240880592502074
338,-0.0113878729404484,-0.0253583476650379,0.00994255297674394,0.0207701379905063,-0.0108432171796479,-0.012564219162442,-0.00499683941122292,-0.00693284085950257
339,-0.0236268018448019,0.000537607045814778,-0.0121427917669776,0.0202940376889537,0.00462278378465008,0.0126296957524001,-0.0278420392590541,0.016916912306837
340,-0.0261446193147282,0.025405617594581,-0.00248712634205819,-0.00636578117287966,0.00415649179194137,-0.0170326640195567,0.020213633386725,0.000940457089803894
341,-0.0218149964298643,0.0135495175831757,0.00136841544888675,0.00371459239659847,0.0259561649206588,-0.028487890691835,0.0161475220588579,-0.00984207731110893
342,-0.0158549235841216,-0.00832806350448501,0.0175424288089595,0.0191016984311601,0.0447483961602016,0.00945887463467985,-0.0210646376560615,0.013163861215628
343,-0.0167144674277759,-0.0137979961394792,0.00680679870258606,0.0221117279872938,0.00963321248919466,0.00796978585344989,-0.00726436182668721,-0.00622353674184171
344,-0.0215670947238652,0.0197835234985937,0.0160751681708902,-0.00548909213526245,-0.0212541061167994,-0.0057124639553822,0.00911419167768778,0.0294524366205691
345,-0.0134091437715023,-0.0112684465987446,0.0271962355045223,0.00251984350268553,0.00232883856075818,-0.0218272883219915,0.00389470353624492,-0.012990571165052
346,-0.0111125979088559,0.00651571883932506,0.0253002156119629,-0.0069375007219706,0.021604259036902,0.0187927469922333,-0.00785534895304304,0.00145669411429383
347,-0.0320347925350386,0.0335326339270787,-0.0151798540355522,0.00460331312837268,0.00637483752765174,-0.00179356385839222,0.0163969649860818,-0.0184184764599331
348,-0.0274160545776874,0.0130848252131568,-0.0174400265053693,0.0118177773329847,0.0139087423475812,0.00478283961923282,-0.00463780899928655,0.004839255456326
349,-0.0161834159256708,0.00313526173912504,0.0239965339136425,0.0305040027382111,-0.00339302885521052,-0.017227731196979,0.00998583837695405,-0.0299596506125052
350,-0.00765478949394108,-0.0222604867489451,0.0153643400228182,0.00635306055254636,-0.00305430225703492,-0.000511075858604736,-0.00193157648276655,-0.00564045516168616
351,-0.0110830904988313,0.00908993218601199,0.0333116173398473,-0.00869107218044346,0.0257120161751719,-0.00907442786214565,-0.00167130460665715,-0.00287677300175185
352,-0.0165559954643071,-0.00160764265103298,0.0226851603995976,0.0116529901636796,0.044662474895782,-0.00537403099744859,0.0133961668010504,0.0192936301469412
353,-0.0181796365771391,0.00487967107833666,0.0167625277380394,-0.00140327635997502,0.0258516207910801,0.0266892155103222,0.00784071239517338,0.016981777834902
354,-0.0153081704845817,-0.0408585001394579,-0.0140559741965514,0.00957016783495685,-0.0103839015439056,0.0166247049376685,-0.00957891205098123,-0.00958805410913801
355,-0.0289462210562245,0.0269134812705264,-0.0107431393689938,0.00223258700482857,0.00921755466011395,0.0193028963860747,0.0219001574232372,-0.0114158318913021
356,-0.0118357100600745,-0.0211993187830141,0.0197047023358835,0.0150497388052741,-0.00692614721403897,-0.0110432986721251,0.0178159862788014,-0.0059528032463018
357,-0.014584396184939,0.00149387220379136,0.0168883365387943,0.00843651118011608,-0.0284580783262639,0.0229072661775128,0.0111468274923499,-0.00102708170344366
358,-0.024851286161075,0.0232548158549009,-0.00702193601994074,-0.00540442024562798,0.000170059156955615,0.00710075153346995,-0.00223214371067326,0.00638139937542852
359,-0.0240593828429653,0.0250760415890655,0.00572604230834921,-0.00645577162926437,0.00933796511941662,0.000529163751576316,-0.00216827839142948,-0.000288005626829048
360,-0.0124235290855455,-0.0236663222199751,0.0146806739044528,0.023536477256536,0.00396028073984782,-0.00275283707191986,0.0101237830324124,0.0146631717304116
361,-0.0188133974648708,0.0168891098269173,0.00885595575571035,-0.00209374734351278,0.000674174263545272,0.0178579407351314,-0.0319259638893745,-0.0144566614681058
362,-0.017150960988328,-0.00203164208913088,0.0180345187334385,0.0148113516039524,0.0164019508481059,-0.0124577947044786,-0.0165310570012134,0.0121854336211741
363,-0.0181416346291802,0.00176851789590461,0.00949844963409121,0.0304803752515925,0.0226623373846737,-0.00020460554425357,-0.0247906132346018,-0.00374886669328066
364,-0.0216238939665292,-0.00900860598670727,-0.0103808837237015,0.0159878639030035,-0.0172343458803552,-0.0362973389671619,-0.0190877322992992,-0.00170126452600136
365,-0.00879433790417407,0.00444110064172796,0.0260329394787735,-0.00115623448166788,0.0183696556914786,0.024281096545195,-0.00391059932022394,-0.0143616535691945
366,-0.00825771531713981,-0.0184387235501052,0.0137257026382906,0.0118469154748559,0.0026347541150366,0.00372610380963476,0.0161476889815265,-0.00701672420502194
367,-0.0185754396943837,0.0138200749053581,0.020921744385345,-0.00642160493644554,0.0101685544438217,-0.0242088371929226,0.0162373898112504,0.0141127485053937
368,-0.0266147347092048,0.0244488067423085,-0.00632523592835866,-0.00409133955214689,0.00874621690418143,-0.00436814914393968,0.0190535102187719,0.00272186083423389
369,-0.0112200502384861,-0.00676618457304279,0.0324547700637774,0.00783885341326396,0.0442804822944201,-0.0183782021040667,-0.0213699597865508,0.0100119567674554
370,-0.0157440949808634,0.0137823918455091,0.020946235702475,-0.0212419377200528,-0.0095457951406141,-0.00795777775671379,0.0218528278897492,0.0105621107349612
371,-0.0256927632699534,0.0258682873574053,0.000660316495426452,-0.00670374317461371,0.00741357839727814,-0.00623173459884254,0.0165233712554189,0.0124673975532205
372,-0.0169413557139469,0.00183645111855591,0.0138809467708602,0.0235941063087672,0.0406552813382507,-0.0132303983626211,0.0177752071671437,-0.00388988084055536
373,-0.0147132708288748,0.00563426733913591,0.0279946921636014,-0.00181547794376132,-0.027391636199134,-0.00727516446285925,0.0159402871421785,0.00253065012275812
374,-0.0197151783829916,0.0159328454816954,0.010493818927611,-0.0102506295063978,0.012340190003317,-0.0171793163833266,0.0181417908606505,-0.0251437635819738
375,-0.0101850622008889,-0.0100135709519754,0.0255068905468936,-0.00765793167428959,-0.0128358127076639,-0.0287936436148551,-0.0098943721401638,-0.00856641771730529
376,-0.00528958730496044,-0.0182706765556409,0.00499405541264891,0.00289965822273145,-0.00886661554187912,0.00172249750389034,0.013731999987993,0.0048080331419411
377,-0.00862051455338172,-0.0113680142574574,0.0180679149363786,0.00905909934236943,-0.00744135049868337,0.00932954597273473,-0.00117752620475281,-0.00850188300174515
378,-0.0112884694444712,0.00844364518123539,0.0351952272982904,-0.0137037599778574,0.00708468357557349,-0.0156840642418184,-0.0207374086497055,-0.00472922488135092
379,-0.0149957144123128,-0.0253779244239024,0.0101282935035679,0.0253576751189211,-0.00735929100693065,-0.0253066642767552,0.0198647157798456,-0.0116491834109371
380,-0.00813966620396475,-0.0310640395500175,0.00352584944513322,0.00559122081450566,0.00330890240000186,-0.00399763558630293,2.66282901285858e-05,0.0104122671418055
381,-0.0131018229271069,-0.0300760523997873,0.00137554154506271,-0.0117368758316576,-0.00830209841920569,0.0212841044372488,-0.0151446824515849,0.0117360658422029
382,-0.0112528255694991,-0.00283792744763063,0.0314159283941487,0.0147042240614673,0.00451918372170375,-0.0131382019719134,0.00784844200092719,-0.00526539460070118
383,-0.00789290940038071,-0.0192958604722951,0.0126374954525984,-0.00935731028922771,-0.0127569724471932,0.0168973668696474,0.00257991705484218,-0.00365705562162848
384,-0.00791436863070863,0.0081729403654155,0.0266172017881145,-0.0114374535813438,-0.00331997857782354,0.00609071616783216,0.00992056926105984,0.00163986330555737
385,-0.00885909666797864,-0.0110989315867058,0.022707584894618,-0.00680048311221248,-0.0139766632203995,-0.00978062212941517,-0.0148235729999577,-0.00612159847217686
386,-0.00133867643287797,-0.00391627294967615,0.00275160720354419,0.000304031979542987,-0.000289402344746261,0.00156158931913839,0.000530122878443712,-0.00299393919021825
387,-0.00234290582994602,-0.00252917640028244,0.00646060718856809,-0.000501003791019241,-0.0212129566037514,0.00965511672283246,0.0164398768862254,0.00651904935001612
388,-0.000758000181359142,-0.00397566774005694,0.000251490563619255,0.000389243992245226,0.000168044611027181,-0.000791039529218847,0.00175789391620614,0.000894937363126548
389,-0.000830342308175973,-0.00219398544016612,0.00131988912390498,-0.000779766126588849,0.0012843813583713,-0.00398516926730733,0.000367709849471666,-0.002352363815236
390,-0.000224850836556841,0.000576165947168873,-0.00122969305093575,-0.00199887785148709,0.000890188378589206,-0.00579099246104646,0.00396496187135554,0.00304525455568652
391,-0.00252054634558668,-0.000461024216094759,0.00887060092057868,0.00302629798122101,0.00463669447770851,-0.00583174056719473,0.00271563300290883,-0.00527942980831107
392,-0.00977693919918447,0.0150094504550015,0.0303868661345658,-0.0146429483086715,-0.0140155421249049,-0.00423508369207042,0.0134393715340573,0.0048106639663245
393,-0.00408825376714841,-0.014474693704509,-0.00223661662265589,0.00961242954454124,-0.00209777532130298,0.00380955848643067,0.00661640070717157,-0.00187741200413223
394,-0.0136340894029406,0.00547053829006709,0.0230311255321786,0.0034289301602181,-0.0487521340472957,-0.00190139785627114,-0.0107606065301814,0.00453716048940468
395,-0.0131939211844533,0.00208671616463119,0.0350666034526682,0.00923544859586209,0.0228328096752848,-0.010069350924101,0.00348977526075441,-0.0357818032260278
396,-0.0110602612917438,0.00210484139564864,0.0287463971714076,0.012768387196132,0.0164926738828394,-0.0105935978778107,0.0026495665505256,-0.0329152232153041
397,-0.0190824718732258,0.0109969474580973,0.00456895753239819,-0.00594832871182155,-0.00778607987540951,0.021431372685335,-0.0154549327799155,0.0188175627375226
398,-0.00596363142258133,-0.0096239888807857,0.0163967233256889,-0.00212917253450114,-0.000861678148696275,0.00287650080855898,-0.00418827331445372,-0.00969543874705456
399,-0.0203352761580097,-0.0135395413903873,-0.0189098438062423,0.0174337295280044,0.0310092832190936,0.00250470665582676,0.0251515947227689,0.00701909145437318
400,-0.0131269445961144,0.00831380238777028,0.0269033864960465,-0.00105623756694915,-0.00184928084105108,0.0122448144967023,-0.0221006688572914,-0.0152047659801433
401,-0.0111738781735783,0.000910094091901251,0.0338576347581898,-0.00506715820332526,0.0175647722968257,0.00141116690939547,-0.0118481220068956,-0.0106664311574755
402,-0.0118552533501636,0.00800372654489913,0.029644259738975,0.0017923318983634,0.0167311023299611,-0.0106424940443117,-0.00558689204749058,9.42426482156993e-05
403,-0.0106449566034761,-1.18495755414745e-05,0.0225232328534476,-0.0177193496534231,0.00709197942072435,-0.0100912349589713,0.00222673632378799,-0.0198963665858383
404,-0.01621399229403,-0.0173660705176562,0.0017182056238867,0.0238791222254045,0.00815587457063257,-0.0100476141556312,-0.0651287408216699,0.0406969236097134
405,-0.00782050680475816,-0.0103865052617383,0.0209998507970049,0.00606578852685787,-0.000767960171848232,0.00311910039785795,-0.00470973506912391,-0.0124212716632649
406,-0.0101088884926641,0.00641915603958713,0.0219311687728827,-0.00675727314511338,0.00965337366973855,0.0100226280144111,-0.0232127120138749,-0.0259163128229282
407,-0.0127744513431758,0.0164254774460671,0.0277784339361911,-0.0108558775006464,0.0100937920945548,-0.00575567269922426,0.00514788170745796,0.0022184343660636
408,-0.0150903796586167,-0.0129890508349555,0.0170567352439139,-0.0218258883487481,0.0293571737627955,0.0237882208323839,0.0168132913908199,0.0101965802017791
409,-0.0110276959143609,-0.0183798801644106,0.0284853632316815,0.00779778582908117,9.19097306851068e-05,-0.0218322390748818,-0.0102196814665822,-0.0058358442858109
410,-0.0151829084642879,0.0119161234179031,0.0325037324208286,-0.00998640713114624,0.00544029914630596,-0.0262050976264167,0.0112900528448985,0.0110344866686311
411,-0.0112476986856252,-0.0042602825629971,0.0243881661023733,0.00665504490463503,0.0160795024305938,-0.0148285310435586,0.00175924321709251,-0.0161546957962441
412,-0.0134685190553329,-0.036661071197101,0.0010933739427409,0.03318000215618,0.0187237109154117,-0.00975507199279373,0.0176421407611124,-0.00333138889945627
413,-0.0152593899258388,-0.00241557739027847,0.0171985534098594,-0.0169455424963917,-0.0319567169476822,0.000755940142631597,0.0178682056857658,0.0166902187500702
414,-0.0115676823284678,-0.00289022276453862,0.018785248113451,0.0173400194425744,-0.00674592731040019,-0.0242326226258471,-0.00242255750400787,0.00751136221664184
415,-0.0224822590489512,0.00060326481774733,0.00503478893425119,0.0333111965769055,0.00179720608409773,-0.0360443526553555,-0.0104448976677841,-0.0274454396979951
416,-0.0112758966921448,-0.00253908943914929,0.0155865484939651,0.00346399579802178,-0.0119091637104414,0.0294898554103605,-0.0448740117285057,-0.0120205829774432
417,-0.0067925471427902,-0.0100751533027293,0.0194754918785633,0.00114189627483274,0.00955089077309157,0.00199769815126695,0.00167971965362668,-0.0100261405053416
418,-0.0221838747176948,0.00406842703911967,0.00280481894530249,0.0201629990997443,-0.00206703211670543,-0.036645959855592,-0.00557435237104431,-0.00735648961578529
419,-0.0158143831167264,0.0192966898589849,0.0159626606202364,-0.00950820722248902,0.0143615449590023,-0.00930918679624111,-0.00270694893222861,-0.00281855226791309
420,-0.010356876130499,-0.00490671888982444,0.0313506380486094,0.0026034588549363,0.0143039466637044,0.0172258275622116,-0.015104374916318,-0.0135035190353822
421,-0.0192925822146216,0.0230529309839755,0.0132735936618163,-0.0111080627209676,-0.00543794382579716,-0.0134431554502984,0.015020988414955,-0.00892973553060771
422,-0.0154608398531344,0.0125203375960645,0.0165620072893972,-0.0156574392146304,-0.0095121562775179,0.0210027363551928,0.00238899625005784,0.0127611885835152
423,-0.0116019422569761,-0.00156184722480849,0.0297027586035718,0.00196152440299857,0.00497429162484365,-0.0331705805854977,-0.00366984412271412,-0.00139849012361098
424,-0.0085037116118223,-0.00127037993358995,0.0222550467058302,-0.00178182752100433,0.0153556255647387,0.00915567231764389,-0.0126572963793936,-0.019200426120908
425,-0.0120628300320787,0.00724165727496242,0.0316321595810285,-0.0110159938153308,0.00994377102249878,-0.0149999653779223,-0.0171335866139382,-0.00475792617556465
426,-0.00175193450526744,-0.00389125660366756,0.00334615878274968,0.00105058779275798,0.00112564580160428,0.00724208589252522,-0.00299702409993355,0.00168647734548159
427,-0.0269344865779922,0.0186720691417015,-0.00756387173209563,0.00165530520687482,0.0242510145693656,0.00387451824486594,-0.00431653356274064,0.0118503964073369
428,-0.0262067847071702,0.0179208911113391,-0.00832034254179074,0.0173034576510431,-0.0079822256314782,0.00521964836886909,-0.0263708449018457,-0.00708201900702363
429,-0.0175238497393281,0.0190199838659325,0.0196001085110257,-0.0167630107022444,-0.00915219573880161,0.00035718337809342,0.0188120639481307,0.0146937379765496
430,-0.0115186181865167,-0.0205837225392563,0.0099034017575858,0.00282480460660104,-0.0107500099397311,0.00452740513640388,-0.00476815437344665,0.00140326506236381
431,-0.010902191721878,-0.0107023769246915,0.00885101814110699,0.00694424868632207,0.00442902039091071,0.00743437702306568,-0.00810434314291341,0.0149232796962743
432,-0.0127698391693636,0.00298158748630638,0.0202364978671814,-0.00223034350744465,0.00812155854057408,-0.00648715519677619,-0.013285363592693,-0.0287779141279418
433,-0.0211683229133242,-0.0233772664952336,-0.0214508600554209,0.0224321369783834,0.016764428052053,-0.00527237163080783,0.0231869954246432,0.0215829190324672
434,-0.0083942261135527,-0.0128471398501399,0.0184970540558994,0.00662735858296652,0.0110721695866507,0.00600556657459306,9.92930167071272e-05,0.0110839586685564
435,-0.0197819822429228,-0.0155320780377598,-0.0064248119254651,0.0243734451007415,0.00077252641078135,-0.0162310543967419,-0.00125902014448063,0.00756884173955685
436,-0.015298748132481,-0.00889867482134384,0.0247314616597183,0.0177344786957079,-0.0150464818494241,0.0248560188426535,-0.0438102856995531,0.0174962528596029
437,-0.0172684137125514,0.0109840679373278,0.027938767311519,0.013094890817057,0.0200927275460135,-0.0088825654049346,-0.00768479545922889,-0.00293074955169691
438,-0.0150499858000077,-0.0155120689675579,0.00892062338196907,0.0141146553022983,-0.00344512400426769,-0.0296807930246904,0.00495527553042896,0.0215694944336922
439,-0.0112144824511085,-0.0282240249128065,0.00273681932282881,0.0103959676581221,0.0145258673837761,0.000838616932244259,0.00112379614661037,0.00561093324123337
440,-0.0124541870375865,-0.00161485575676261,0.0342025366499352,0.00385201610636637,0.026943733365946,0.00563048486105795,-0.0357624876018741,-0.00667573971222032
441,-0.0256319833192743,0.0232719921836188,-0.00531182524676651,0.0042821088763666,0.0137968668008845,-0.0224563949336664,0.00722956481782304,-0.0148480364428376
442,-0.0134845332106793,0.00392983052480604,0.0159628293587244,-0.00729285901525144,0.0259067756107507,0.0138202229619173,0.0338230676566435,-0.00951093796882872
443,-0.0174284816603655,-0.0241504199990007,0.00867395224103881,0.031234551541523,-0.0207151806689119,-0.0243315969137812,-0.00749619791788748,-0.00614282078637209
444,-0.0317217287684856,0.0291152499720911,-0.0169636232228539,-0.00139599309966106,0.00245684790176822,-0.00548734120482455,0.0213150851708944,-0.00147100128052919
445,-0.0146894219140897,0.00260634770719483,0.0174573649836317,-0.0208702475428688,-0.0091138648872612,-0.0233578978853898,0.00957983406353411,-0.0255790080873292
446,-0.0119788437108328,0.00470841473969622,0.0317135736671917,-0.0125742473329512,0.00433953755203329,-0.0475303878203695,-0.00479267041051825,-0.00847322237874962
447,-0.00672164231218135,-0.000986758741265753,0.0275529858552264,0.00411533509636172,0.0198608010212702,0.00405736067968008,-0.00112833923420304,-0.0130434704198095
448,-0.0128697522725008,-0.0283001941302188,0.00483985570585482,0.0227795305829553,0.00152836515884931,0.00605368016820111,0.0152031905540853,0.00677916983998074
449,-0.00781305830005359,-0.00954939846238416,0.0186650174553566,-0.00229020282399702,0.0112327174882996,-0.00718516808506562,0.0109882152661274,0.0117947801679327
450,-0.00971935441339192,-0.00953307573620689,0.0280516766099981,0.00726208297684662,0.0103132625605646,-0.0273915421570893,0.00143902333771312,-0.00882694989783413
451,-0.0125876813859642,0.0114908833569179,0.0330608948872982,-0.023129218453881,-0.0109208882233336,-0.0277774298346707,0.000224236650462721,0.0027956680999065
452,-0.0158846105893853,-0.0124153537497913,0.0143493295422009,0.00715118901602116,0.00111902525497596,-0.0325176981277341,0.0202314135215501,-0.0193255276588419
453,-0.01876632900419,0.0210138077934147,0.00658623739860701,-0.0102151453845945,-0.0105329081341867,0.0136683719463185,-0.0132631567436172,0.00743705718995747
454,-0.0132725988908232,-0.0104302297152451,0.0202217746021765,0.00588976089109923,0.000958569004835158,0.00329385765515719,-0.0320102771932927,0.0131913029319829
455,-0.0189387110116476,0.00101063289108314,0.00746607991709877,0.00419620986669352,0.0305027148822913,-0.000697683275246738,0.000623422658126982,0.0304949384604367
456,-0.0111411028480778,-0.0191552431298819,0.0121100511884624,0.0281343155232423,0.0213299567240434,-0.0122863201166048,0.0277804347832441,0.00933286857267887
457,-0.00589090101450387,-0.00104499972554918,0.020222475182315,-0.00169601810889387,-0.00145649411308002,0.00343255654087146,-0.00664833124847137,-0.0148419190894061
458,-0.024525424500833,0.00667101660374594,-0.00936860739829932,0.00993795043878574,-0.00654767820326416,0.00836366708173165,-0.0384915836312123,0.0230622799406927
459,-0.00998055920879831,-0.0140072517088129,0.0230119077412357,0.00430266741888621,0.00732820478838071,0.0040391274361692,-0.0107119504087732,0.00326992824695461
460,-0.00983478690792103,0.0102782596202341,0.0286650836612274,-0.00091064987051725,0.00358105623378655,0.0115642678672114,-0.0150708016209554,-0.0160693459016673
461,-0.0280146905188522,0.0220413823244836,-0.00844345784293418,-0.00158651664992388,0.0029565948155842,-0.0155624352514978,0.0139521291700711,0.00560301840759922
462,-0.0224824650578342,-0.00908518336824978,-0.00705036159299574,0.0278914667181023,0.0151928990750482,-0.020268949873816,0.0116048266707922,-0.001981762566791
463,-0.00935367525759992,-0.0160100066400029,0.018565692785302,0.0179649108030797,0.00451951790682224,-0.00627880284546558,-0.00129509934921921,-0.0100092446111749
464,-0.017293052271348,-0.013424716856942,0.00893642415142212,0.0266476956278925,0.0235011628391152,-0.00698304119025866,0.019894962614167,-0.0184387308286203
465,-0.00664253140619662,-0.00938556692778779,0.0214820781108262,0.00289320706549544,-0.00039082084449556,-0.000659046406022705,0.00039380878042507,-0.0112471461871129
466,-0.0120255033773744,0.00358981886468054,0.0394938525674822,-0.00943226183275221,-0.00547243992430693,-0.0186012303171739,0.0103570587245466,0.00231861517120734
467,-0.028920748996374,0.0301061185196756,-0.00917102476844785,-0.00668587540650048,-0.00603107514306511,0.00216175698457515,0.0259781631037773,-0.0104154456893726
468,-0.0194241486202625,0.00278374171301204,0.00625141115362782,0.0236131137145801,-0.0347613381109992,-0.0149333959171124,0.0019850805443075,-0.00932946430938573
469,-0.0180919397755125,-0.000877137148550012,0.0102765041095062,0.0275045757157101,-0.033319117118564,-0.0176028684809101,-0.0289804849766757,-0.00319118030162836
470,-0.0136586946953495,-0.0321153446957598,0.00403711831073321,0.0353767331528416,-0.00514819721438887,0.0085890662650172,0.00782105141440627,0.000486261253669993
471,-0.00713172792371594,0.000845496035801755,0.0234897032285645,-0.0148878163245022,0.0115403680691889,0.0132894106330309,0.0130033218812403,-0.0316921509530837
472,-0.0141555318295718,0.0120107179294887,0.0204815100730325,-0.0166430584641259,-0.00301692734017002,-0.000352552815185692,0.00227949108595522,0.0289004947625615
473,-0.0101396192649764,-0.000871632987034697,0.0307848756867022,0.00230467401710261,0.0299583222296067,0.029452060907697,-0.0143199784862511,-0.0197007471695232
474,-0.00934189953768712,0.00714828210049825,0.0288449946989666,-0.0204234811071526,0.00226758369195174,0.0021786815628155,-0.0126991474753583,-0.0217311905564921
475,-0.011324678819597,-0.0275117021707744,0.0109269577358358,0.0173802732697038,-0.00729762994244379,-0.0060645472315092,0.00466636448850519,0.00505025172142043
476,-0.0106308048527989,-0.00154617389207487,0.0245700498139917,0.000155092895682954,0.019418310157305,0.0108416176975854,-0.0144515994417049,-0.0114719010598813
477,-0.0174771215043247,-0.00411000899711745,0.0117201095146396,0.0149342752412657,0.00831568899275697,-0.0358510881304251,0.0176714124054967,-0.0239268856744835
478,-0.0171847253862767,0.00210519092703051,0.0219862881155141,0.00733278354760326,0.0289853256196973,-0.0212218522546523,0.0247541420998786,0.0052573075272547
479,-0.0208432550308559,-0.0123052793687716,-0.00895430357381017,0.0256153217725796,0.0127998979010484,-0.0120456888974429,-0.0416205359009977,0.0309073759210333
480,-0.0223905570770126,0.00999669579018276,0.00827202849682095,0.0100449778188,-0.0145543938363486,-0.0382414078591585,-0.00549073099357834,0.0205600820739595
481,-0.0178701226729593,0.0107604098916294,0.0230953265173009,-0.016385249016048,0.00746455599822674,-0.0290416995755477,0.0252300907201304,0.0186190477204712
482,-0.0110457324455684,-0.0325177994647049,-0.00537118385717461,-0.00858661960739269,-0.00713451207141143,0.00194903633648105,-0.00622875125460216,-0.00324250246422393
483,-0.0105827620394046,-0.0309211120440668,0.00376744634214,0.00908954683269878,-0.0146084723570229,0.0109368458212855,0.00579439813240002,0.00545333224586826
484,-0.0272963411581391,0.0085121570005894,-0.0133512703007385,0.00765637321210361,0.0230643595888478,0.0212888754359076,0.0139807656496249,0.0307431305010369
485,-0.0103072034054086,-0.00988211077711304,0.0176242825025569,0.00712536390136981,0.0206715341673058,-0.0238607161473858,0.0138823782638036,0.015219465626404
486,-0.0104139834878181,-0.0135653120852726,0.026859070987092,0.00426058859305182,0.0118794851211585,-0.00467770411659266,-0.00436360790860617,0.0148332638497624
487,-0.0233478468695959,0.019513949277287,0.00129355309304341,0.0051401484975074,0.0288405194761282,0.00333469525917356,0.0084358424444577,-0.00110092662884532
488,-0.014150135020429,-0.0293648345476281,0.00239008441401238,0.023687136948929,-0.0131376881834247,0.00459999845638897,0.00319347489448614,-0.00579351854857642
489,-0.00800807899930092,0.00819734012132045,0.0303944312488862,-0.00853339324078659,0.00621217558916509,0.00950311370926526,-0.00486012622429336,0.00364604446406034
490,-0.00615647200429087,-0.023964922548836,0.0072471285822276,0.00524170822301213,-0.0155214161121705,0.00348849822133083,0.0102058171611921,0.00698543991777736
491,-0.0138111229957667,0.00964217127739601,0.0358333402882007,-0.0171174602543886,-0.0202644812364663,-0.0171721948944205,0.0107015677978883,0.0107628417759518
492,-0.0100987699786896,-0.00700444899218673,0.0251991671118365,0.00293009130567308,0.015530679875752,0.0177540722203079,-0.0110435713866552,-0.0062129895547926
493,-0.0143887337232254,-0.0272331329602387,-0.000728525075389167,0.0281595188838262,0.00687086354227932,0.0210232755086688,0.0189302430674949,0.0137744783353424
494,-0.0212672374778313,0.00532600131073793,0.0132783147306404,0.00594421269416886,-0.00616261866113815,-0.0348961589258258,0.00294080004190211,0.0284956798021398
495,-0.0265830971208249,0.0133620490936956,-0.00835234620362428,0.0157520870665717,0.0243060336889785,-0.0160112474645876,0.0225144042703932,-0.0110507414756009
496,-0.0224176987276991,-0.00779242208216097,-0.0168626684184982,0.0204759877518109,0.016904439681617,-0.00128667624779734,0.0268354722103092,0.0116787879334075
497,-0.00824356988376907,-0.00844886919082618,0.0274339045526752,0.0149536403683061,0.00932919498562016,0.00586632505615969,0.00401036925802141,-0.00914807305603532
498,-0.0142457732220189,0.0179458362555031,0.0359023369627268,0.000126790184507594,0.00653064100505102,-0.0350736645493684,0.000200858891708139,-0.0165014870492368
499,-0.0129076124793209,0.000380221613828428,0.024412802723713,-0.01810149763271,-0.0352454333945151,-0.00163840017034537,0.0194335901075238,0.00794198651912411
500,-0.0122331810116206,-0.0097918939489827,0.0301706124965178,-0.00839969140063251,0.0141335130787941,0.0119944528433443,-0.0169186477785702,-0.00767293167332252
501,-0.0216440396493894,0.0105253246909886,0.0104753050135901,0.0130934890403679,0.000978728528934791,-0.000814576177371051,-0.0485127279436681,0.00887246694657467
502,-0.0246366941767464,-0.00344770200175842,-0.0203428821606851,0.0185756478130976,0.0128097104053737,0.00713052638777713,0.0348715642421121,0.0057418690961015
503,-0.0139863528986198,0.00705898053063317,0.0294095960285662,-0.00518706221594392,0.0252416272863899,-0.00916732362476213,-0.00309446768503786,-0.00959739684315997
504,-0.0169487477662515,0.0119410914146728,0.0249294795587353,-0.0097442143565966,0.0137639829008842,-0.0494670528479777,0.00553212324809684,0.0272391937148128
505,-0.0108003250519392,-0.00574634439101644,0.0255946142625032,0.00937845570332799,0.00526504004452035,0.0118661567534545,-0.0249434946212,-0.00111560884203345
506,-0.0084077983788183,0.009621813579761,0.0265367400984592,-0.0116691220612675,-0.0160209819008674,-0.00221989308111579,0.0206869374142572,0.00854010772445458
507,-0.0156657596271912,0.0143846021775432,0.0234687752541694,-0.00330496491032573,0.00950129922584947,0.0222441022564404,-0.0228492150195912,0.000389447421621161
508,-0.0152636053089923,-0.0101869231560868,0.020478478008999,0.0106481350711147,-0.0168850794464232,-0.0315704823663092,-0.0207879920342699,0.000367522489491623
509,-0.0150870529160262,-0.0195887196883586,0.0196144788236427,0.00646338468701287,-0.0282277090338192,-0.00830465672157497,0.00747620078141866,0.00953705929250123
510,-0.0148735405849547,-0.0312429240745074,0.000558608010969705,0.0337030523474575,0.00322909489313079,-0.0162673622556487,0.00723639829850039,0.00511723483558072
511,-0.0262297752507085,0.0254762098316476,-0.00473150878422131,0.00586751834636924,0.00699189669159177,-0.00380734714640431,0.0262535800474805,-0.0157251554110417
512,-0.00819815492148439,-0.0230077591380079,0.0166594798561154,0.00454478198748632,0.00210181751690642,-0.00451562426257995,0.00679999587912007,-0.0136697262796438
513,-0.00381055170003712,-0.0111081440204157,0.0060765885013641,0.00192827615734453,-0.00141366039308941,0.00494592739724535,0.00253528168722028,-0.00038838618052579
514,-0.0356378092945351,0.0277972038889878,-0.0261746644046832,0.00729310056944248,0.000210958906723924,0.00280782463004664,0.0232219507007179,-0.0157512103210193
515,-0.0115098068366298,-0.00556057237890425,0.0198730731160423,0.0055724644091744,-4.74988130878029e-05,-0.00405013347461172,-0.0159380511490132,-0.0169601980799993
516,-0.0304934211341602,0.0192001736052646,-0.0201421947660161,0.01287290989365,0.00740362023477785,0.000921718077078604,0.0029237594488442,-0.0112899008108207
517,-0.00132280261921341,-0.003873795660482,0.00324693966393168,6.31253270297932e-05,-0.00171314679670441,-0.00657706840296176,-0.000198693299280593,-0.00234598197547587
518,-0.0224876815610533,-0.00101562018880754,-0.00816867325036644,0.00977485033023598,0.0281918569164182,0.0290378178367599,0.0432019650959307,-0.00674667907036214
519,-0.0180296927662418,-0.00151675221979435,0.000978197637783626,0.0202271048696185,-0.0275155465600694,0.0263760459964913,-0.016617368188705,-0.00718033059020334
520,-0.0126726957911873,0.00311635631700735,0.0295971553232082,-0.0220044654969421,-0.009098217189785,-0.0145139747694905,-0.00029133883810303,0.0267959477386073
521,-0.0207922866016637,-0.010831728816088,-0.0065650273120856,0.0141720366015123,0.037992586931944,0.00140192484290389,0.036216022977119,0.0179693397503588
522,-0.0203793720161595,-0.017842764552428,-0.0129343045306594,0.0314797224371664,-0.00150944990910967,-0.000848812183754153,-0.00330639714798569,-0.0251304259565463
523,-0.0129343283675198,-0.00494722875891596,0.0288919797074938,0.000629442237684469,0.00935546166191924,0.00042187340597717,-0.00308970998070388,-0.00220719953550099
524,-0.0155931113423956,-0.0128120359995998,0.009347951460307,0.0141419906302335,0.0208874074684821,-0.00919021147659361,-0.0162279864334316,0.0325266167999068
525,-0.0246226337366385,0.00129864234630244,-0.0117756075245406,0.0289598755469449,-0.00618874403884299,0.00274434031050591,-0.00954171657457365,-0.00185877852722626
526,-0.0246043204465898,0.0163457650671651,-0.00255890145842336,0.00728740951332203,0.0381700102610096,-0.00267500316278855,0.00968138829043172,0.00407109144014998
527,-0.0109026453514336,0.00113260955215318,0.0194301481326187,0.00353942967390835,-0.00194706673379807,-0.0320476152713713,-0.000686428877488821,-0.000340812234729735
528,-0.0319603925279616,0.0184035087660901,-0.025150773781407,-0.0027390489323842,-0.0227111197935464,0.00330965332749217,0.00970046872904568,0.0136894748518907
529,-0.0124237114791906,0.0104687645844659,0.0340914613939738,0.000203655408984229,0.0163356466801215,0.0118837832471753,-0.0161435794730743,-0.000304046298208494
530,-0.0228421391652181,0.01587405966841,0.00292425166404265,0.00876443645415033,0.00265210871796959,0.0104052354074633,-0.0283511550144476,0.0226673131945704
531,-0.0117098595977313,0.00807602329908823,0.0316782809541446,-0.00871182225920673,-0.00103982228961569,-0.0340887151042856,0.0107659864906351,-0.0027943316832583
532,-0.000284428435528973,-0.00117834998385233,-0.000904590223194111,-0.00019553373304302,0.000264352546507684,0.00206605268285519,0.00048126510613469,-0.00229385301553224
533,-0.00923774233763961,0.00932900548260888,0.021880733916712,-0.0129402071723791,-0.00868219059581735,0.0196630978937728,0.00991345473194095,0.0119287006574141
534,-0.011817287046554,0.00495132634110087,0.0365485031288474,-0.0133302173995507,-0.00218036747136891,-0.0226529666034677,0.00792106532629884,0.00677540179498911
535,-0.0114980071015418,0.0119292562637201,0.0327155037982172,-0.011660876779894,0.000824321517456004,-0.0183392857078247,0.00694520793836671,0.00233343293026474
536,-0.0175200145554684,-0.0288622052404726,-0.0260670283892058,0.0174942755730971,-0.00461010970882853,0.0187288214709881,-0.00902853575512068,0.00104423669906519
537,-0.0143116615678058,-0.000611845431842563,0.0282168560913491,0.0255688615291085,0.013813468753928,-0.00539262002087467,-0.0213812184967253,0.00736129662482664
538,-0.0269871491948455,0.0148131863201912,-0.0140635389846483,0.00458604106837583,-0.0221948832462862,0.0323805636839534,0.00364198178466849,0.013110049124938
539,-0.0195781274804906,0.0183593559189012,0.0159490208225416,-0.00823765674861852,0.0228937242705145,-0.00650856896120992,0.00724166643740543,0.0149412603712225
540,-0.0282920618911704,0.032591702551564,-0.00436490295000781,-0.00564615931350437,-0.00463031152612191,-0.0179047203651909,0.0172202923737096,-0.00195360425753756
541,-0.00823448853376316,-0.00853480655182133,0.0147651411547559,-0.00629247254573955,-0.00649238221435275,-0.0164179862268206,0.00606576426709991,-0.00223717191753781
542,-0.0270301977946892,0.0170187141626198,-0.00638716527746678,0.01215990877636,-0.0195791927411464,-0.0189976341157827,-0.0193483166308346,0.0110381064071272
543,-0.0220506718318662,-0.0186815597156435,-0.00875037552003057,0.0247927366032632,-0.0122302059194619,0.0152229768332165,0.00121465361767262,-0.0113558924633506
544,-0.00122854421255515,-0.0063392026507489,-0.00260223689774202,-0.00146528291388638,-0.00266594194827787,0.00233990864417245,0.000709633998136252,-0.00656260766036996
545,-0.0110075436035786,0.0028549287705101,0.0275558006841989,-0.0176270189160249,0.0120628736750005,0.0339205860875335,0.000351492104432216,-0.0061854492725012
546,-0.00239898536317425,-0.00690396537693104,0.000365389121745731,-0.00455318481634279,-0.000719220994656435,-0.011213957623187,0.000162310161944015,-0.00469252034940235
547,-0.00430057041889595,-0.0154033191036043,0.00308204223334451,0.00685813604094977,0.00111730567910867,-0.000264637224094469,0.00380109537189446,0.00659136116906161
548,-0.0073740766139685,-0.0156002976062645,0.0162869322719274,-0.00303371611364242,-0.0127404886168772,-0.0117868748841959,-0.0096687833747816,-0.0024772411649627
549,-0.0236152077114572,-0.00266814054692667,-0.0155108824220604,0.0275304927992327,-0.0130490424942244,0.0125026412884184,-0.0303582233401996,-0.0140000463629774
550,-0.00718487294526133,-0.0214739043278519,-0.00117433115331484,-0.00413505633565695,-0.002592577532813,-0.000167228732425053,0.00462915246328696,0.00321875408045503
551,-0.00832107955986217,-0.0029904574029654,0.0291873924572289,-0.00280319584973742,0.00246389313892903,0.00409842367913845,-0.011092738648799,-0.00681288493948689
552,-0.0107344125629175,-0.0235484963104941,0.0175402573209344,0.00408882871674467,-0.0330038153047494,0.00900873151513997,0.0122635266724055,0.0229042709458912
553,-0.00597288732352232,-0.0157659342011233,0.00919134168502945,0.00579208570993353,0.00839703210275644,0.00564702142421904,-0.00124601535991306,0.00232390545993836
554,-0.00719006787902974,-0.0226529960983826,0.00509198939001102,0.0177020322875425,-0.010395451256062,0.00790683304097646,0.00262450669542609,-0.00296852254993931
555,-0.0102733918142484,-0.0373886968223819,-0.00224550362515085,0.0122815418239493,0.00297711555990837,0.0245384103722283,-0.00750392301300651,0.0236426490086296
556,-0.0116122347702377,0.000708795343931516,0.0312106906996115,-0.00824090416648935,0.0290703902648898,0.0248955894598098,-0.0127310166755485,-0.0225112065985113
557,-0.00908203797164723,-0.0191592249286651,0.000307052364352172,0.0143505151118155,-0.00259252492149744,-0.00303698703722836,0.0145164251487714,0.00320898330924834
558,-0.0114513899449351,-0.0265413039252302,0.0134070326001074,0.0256795326585932,0.00723281758844858,-0.0198952064980535,0.00914423587523707,0.00304709825393551
559,-0.000972649747716307,-0.00214580208587749,0.00428276969252206,-0.000933430402772132,0.0011096906229257,-0.00265207730808694,0.00112216172793395,-0.00452037098440931
560,-0.00901586638098645,-0.0232790932543733,-0.00152446270678777,0.0162134803152525,0.00404713788224355,-0.00594154315047379,0.0115928885356445,0.000321958433391947
561,-0.0157061804028676,-0.0192175420751164,0.00759375508866693,0.0364925771539005,-0.00979574465285628,-0.00307301664491025,-0.0226330177551021,0.00269928275380156
562,-0.0113095204881476,0.000117008455156319,0.0277470542071571,-0.00873757298878829,0.0202871808066593,0.0317187089073789,-0.00975476484004604,-0.0237990628981689
563,-0.000562728622892396,-0.00131686863355175,0.000440308327707319,-0.00125275830622055,-0.000232348046751301,0.000795942735206082,-0.00386688047201739,-0.00104225968343905
564,-0.00885920137622159,-0.00423600775378904,0.0287565088410563,-0.0117356547141982,0.0331407795721108,0.0263333049204816,0.0108973176537192,-0.0133571454640873
565,-0.00156568377780724,-0.00582104869745504,-0.000435368908236063,0.00362808862289209,-0.00697037075980454,-0.000848456344430208,-0.00444336609664457,0.0068308825310684
566,-0.000141939521874146,-0.000187047867009187,0.00126042141906326,-0.000440266669823803,0.000921724233282399,0.000624479732979822,0.000474096664349805,-0.00187832725412076
567,-0.0129143938972683,-0.0154464248377709,0.0211683765981008,0.0142559020307543,0.0186275078072865,0.0037631789610592,-0.000258588759494464,0.0132530866728923
568,-0.017290774330952,-0.0287188477869317,-0.00725133192348031,0.0126574558419607,-0.00878576357738738,0.0354460097089386,-0.00246786451368739,0.00646066620466309
569,-0.00133104928880306,-0.00257336034614478,0.00338697828131125,0.000166001837795413,-0.00175285582273445,0.000838361166644306,0.000790775090101498,0.00122319210702443
570,-0.0092200795150095,-0.0254468560585532,-0.00512646634835177,0.0170232263771404,-0.00996252555033949,0.0205564612563434,-0.00252311021109097,0.020546458703901
571,-0.00133061115839122,-0.00471402439013726,0.00297028466660057,-0.00188490125120126,0.000450014070975459,0.000865581112864069,0.00102466027905263,-0.00180154674994417
572,-0.0174568074490417,0.00227572800536718,0.00888119431798312,-0.00108616364041622,0.00374076080166199,0.0239513577471727,-0.0307899159841147,0.0171884906284154
573,-0.0203163734839402,0.0188516110755295,0.0080247954506092,-0.00543085682833053,0.0276542310018933,0.0131792112809465,-0.000370209275630221,-0.00331691380182972
574,-0.0248202451777018,0.0224502241107575,-0.00175993677800897,0.00122816177536832,0.0249023177845845,-0.00953274902413167,0.0310339405458106,-0.00501039206356123
575,-0.0283485238472851,0.0235234384810027,-0.0124705771349093,-0.000318326971423576,0.0106544670473337,0.0236814208273045,0.0128356422423492,0.00422998380187874
576,-0.0311191194122689,0.0296486217786547,-0.0144278829294774,-0.00503756502447084,-0.0161835071361195,-0.000776678716158344,0.0197297139003549,0.0019910658749989
577,-0.0299278809460223,0.0250718019169406,-0.0166593586269697,0.00140088726913336,0.00975223263906313,-0.0103282978662928,0.0318067742020597,-0.00675257352782929
578,-0.000564369554769862,0.000562542204842248,0.00386244666152471,-0.00327012368984355,-0.00113006727171416,-0.000813872901944281,0.00325906288072125,0.00201840316799898
579,-0.0272523785382367,0.0259163875748079,-0.00578330989612174,-0.00511232261683002,-0.0134193171414983,0.0104854606493851,0.0130771558579798,0.0142004578751668
580,-0.0345127710756659,0.0289095455727822,-0.0241121741408395,0.00705058109544808,-0.0128626010754962,-0.0030349480509202,0.0190828434141918,-0.0147060246281911
581,-0.0251330477448321,0.00407478679182969,-0.0118324890544419,-0.0150047214136923,0.0127670800750017,0.0305943664776279,0.0158401407224879,0.00058430712441825
582,-0.028493735044087,0.0205135051875809,-0.0142627705208752,0.00247262749392343,0.0134984788320018,0.026428222689485,0.0267508552298287,0.00107395406520837
583,-0.0223396679050932,-0.00180953087681285,-0.00532562333613007,-0.0200366324718769,0.0084602934608019,0.0416407775280951,0.0127526689250134,0.00416718678990375
584,-0.0245488326882416,0.0208332851839688,-0.000320729581379372,0.00857822022303434,0.0331773464459672,-0.000845342711095961,0.014219696455454,0.00264219847174746
585,-0.00435684266245066,-0.00707005240997131,-0.00386336384971736,0.000147592158861987,0.00382704551321916,0.00545268442074128,0.00200277428395427,0.0270071651723131
586,-0.0198824766279712,-0.014745140418304,-0.0193390084917424,-0.041211433615645,-0.0170658028067139,-0.030130119258486,-0.00979438561875015,-0.0243373354882778
587,-0.00857034005639273,-0.015378485131248,0.0262975601356701,0.00830115252706149,-0.0211275305127984,-0.00880684658808208,0.00260201515958882,-0.000521365167794631
588,-0.000212909282811219,-0.000280571800513782,0.00189063212859489,-0.000660400004735704,0.0013825863499236,0.000936719599469733,0.000711144996524707,-0.00281749088118115
589,-0.0137357401843731,-0.0370687264965823,-0.00556947001893739,-0.0048770351518747,-0.00916539395926016,0.00543837075052678,0.00498213344990293,0.00886431104601998
590,-0.0124059059705964,-0.00387538386465368,0.0297599134908676,0.0193351316724273,0.0149311094717107,0.0109257594321025,-0.00430840652603071,-0.000350569458904124
591,-0.0148521952382295,0.000245748893072762,0.0252559497269292,0.0139962607484182,0.046628864712306,-0.00720064456250553,0.00531341260625066,0.00795913642339054
592,-0.00834267778831621,-0.00493769641736496,0.0214111759306798,-0.000569422226560965,-0.0309743700976308,0.0151888287045724,0.00314339336676602,-0.00128697960591359
593,-0.00108123681197583,-0.00367916826067418,0.00237071626372866,-0.00127945111514212,0.000166635538170366,0.000267488581963798,0.000601261202524526,-0.00169218087653389
594,-0.0330330486622895,0.017631430352326,-0.0299342319768319,0.0119667943566411,-0.0205062746539374,0.000716267178789985,0.000651657781326373,-0.0168182326391226
595,-0.00960842358210142,0.00131862279728664,0.0320311903886508,-0.0111846711152306,0.015285531986403,0.0205512703894121,0.01345356686262,-0.0175471935119642
596,-0.0212127366996332,0.0159148294220328,0.00903270319812334,-0.0168064248003456,-0.0270061737794855,-0.0102480105567827,0.0101336649190843,0.0410741261380383
597,-0.0100259269418371,0.00451469525614098,0.0270385783053911,-0.00528322921911156,-0.0361608438987823,0.00359544148115856,0.0251547387975213,0.011423498914219
598,-0.0122058237217303,-0.0056167485786723,0.0161721418808945,0.00721275931437705,0.00561792909111136,-0.00151332964598428,-0.00589166681458745,0.000281238439907871
599,-0.0133382268062507,-0.0251826177527689,0.0133680982822101,0.0247532268794551,0.0470641083013175,-0.000644625567911089,0.0115384531160242,0.00398615340678887
600,-0.00379840798491418,-0.011505609681489,0.00842592754493106,0.00407712112351908,-0.00760330914675641,-0.00339562262358928,0.00273327245611544,-0.00607687387957825
601,-0.0140155063859884,-0.0349983251615824,-0.0324804454079923,-0.0270938388359756,0.0130371690494998,-0.0121979857771811,-0.00128809848340587,-0.00159033899327412
602,-0.0180923283493627,-0.000753354335274704,0.00611987770703169,-0.0179484426860301,0.0135185855657388,0.0422305010295369,-0.00401326000835218,0.00139121407446107
603,-0.00768461620667484,-0.026413784915946,0.00770870842055267,0.0182165673670138,-0.00845890050559964,0.00731058461436685,0.0177734146708595,-0.00243496090438575
604,-0.00189295324821041,-0.00251999883848949,0.00195878714826765,0.00496165905547072,0.0130723971255373,0.00298293181575076,-0.00671398766919678,0.0131179103153356
605,-0.00780563072341876,-0.00907767725867356,0.0209822506043446,0.0132362991029503,0.0100088471147767,-0.00124388096810654,-0.00687329448042044,-0.00475600750387101
606,-0.0113238589719724,-0.0383413426825974,-0.00149188608805572,0.00267297748757734,-0.00283547258240012,-0.00357356600662072,0.0129373237454077,0.0196748483100298
607,-0.00123794859872178,-0.00282346477490054,0.00322293741743817,0.00529561307522991,0.0055680806492661,0.00157983902737534,0.00328139869047907,-0.00200543435732237
608,-0.000347323680491623,-2.38785610974391e-05,-0.00353697448561511,-0.000806278941534362,0.00189071374829803,-0.00762663524702482,-0.00524835012074363,-0.00602114523600737
609,-0.00497598464040473,-0.00702653922221252,0.0188305354718892,-0.00986056256826186,0.00399995398385921,0.00534701776825566,-0.00516136231683091,-0.0131844407845371
610,-0.0160237168699436,-0.0112393599809227,0.0282981100099253,0.0249247736414127,-0.0229426888095495,0.00192254883637091,-0.00957131907370915,-0.000898350714063482
611,-0.0255256969177286,0.0158902991242379,0.000256352868204457,0.0183210132954722,0.00897348879323571,-0.0267244293058786,-0.00305519233018925,-0.0200215079511391
612,-0.00309023856085268,-0.0085739123728541,0.00496230954134579,0.00237719250981606,0.00191722011130054,-0.0109518438345974,-0.00295710957377211,-0.00600211969598888
613,-0.00748602663606501,-0.00159247598890642,0.02371759073359,-0.017941872270508,0.0144864829372744,0.02860590388779,-0.00276044480342215,-0.0222811742013504
614,-0.00675417440238357,-0.0266156812654629,0.00429733073028615,0.00223274658039482,-0.00935903544637125,-0.0116038419236976,0.00874268386688751,0.0075739007538802
615,-0.00866367411161059,-0.0243260160075132,0.00657824988118913,0.00971564955878684,-0.00676670074044918,0.0136819671720275,-0.0180271682048461,0.00511302726409708
616,-0.000760396797728086,0.000904905816624235,0.00440231520987464,-0.00169261331409498,0.00131180011661914,0.00585478675249357,-0.00179407510709269,-0.00686636064924003
617,-0.0167326801028757,-0.00894576202847133,0.0269972124005158,0.011701102877641,0.0184509919478937,-0.000837327884798382,-0.0266824007632012,0.0088890735908963
618,-0.0122358882395195,0.0105135364086665,0.0279459410595094,-0.00908476091262567,0.00898093867333509,0.00596136089012991,-0.0214244837433701,-0.0156952918047553
619,-0.00822940707218129,-0.0162906605938692,0.0125656480666511,0.00738937511002932,0.0122242735651842,-0.00206848436582193,-0.00110952423576385,0.00864914308144244
620,-0.0115455859161602,-0.0175173656798635,0.0118915212196708,0.0173526781382491,0.00278715167279799,0.0140879600482353,-0.0144440489426384,-0.00787097532996748
621,-0.0103973458291251,-0.0118124049896484,0.024425048925675,0.00727318002816152,-0.00290251322477748,-0.0191778446820266,0.00242800556377238,-0.00750084926414166
622,-0.000198418688790298,-0.000562159610439019,-4.7501939058728e-05,-0.000134478925198542,-8.36963664012572e-05,0.0010082628704825,-0.000273076832475336,-0.000365547662098418
623,-0.000142276707327978,0.000333933800013805,0.000803146568848629,0.000461899704795372,-0.00193796351074731,0.00320795249630023,0.0055492689381218,-0.00112036642280873
624,-0.000714523995909367,-0.000862751267480046,0.000492652081247622,-0.00341536670219221,0.000902808238224964,0.000766152575687354,0.000828725655747473,-0.00384522744535327
625,-0.000141939521874146,-0.000187047867009187,0.00126042141906326,-0.000440266669823803,0.000921724233282399,0.000624479732979822,0.000474096664349805,-0.00187832725412076
626,-0.00726243618093594,-0.0306067501653337,-0.00457299609669023,0.0178915818039084,0.00253582948681343,0.00542621359332217,0.0158500136611642,0.00712246823708553
627,-0.0232841635289054,0.0126577097122118,0.00230435533859835,0.00490140608900454,0.0104009507263244,-0.0250630116607063,0.0214503212058641,-0.00745089387086291
628,-0.025984475401717,0.0291352359928796,-0.00721719413839622,-0.000730072606160027,-0.0003929781910464,-0.000957242003090807,0.0172480748171027,-0.00441584969082095
629,-0.00766128841998116,-0.0300505158942993,0.00309845088433239,0.0111669909703919,-0.0122257431267096,0.0145874665205277,0.00835935557357543,0.00990923677430493
630,-0.014555660692175,-0.023837525236515,0.010048991630102,0.029408188528765,0.0226409586057382,-0.0104254497844049,0.0179929270455553,0.0113951591715728
631,-0.000141939521874146,-0.000187047867009187,0.00126042141906326,-0.000440266669823803,0.000921724233282399,0.000624479732979822,0.000474096664349805,-0.00187832725412076
632,-0.00409337212835782,-0.0119573041914552,0.00744914835799796,0.0011021103038133,-0.00319992082740599,-0.00488815233580079,-0.000293837506552743,0.00671260179655642
633,-0.0200778655371626,0.0203735585004275,0.0143909709553307,-0.0106328472565549,0.00577138267511654,0.00983283503129787,0.0264934644738297,0.0190991987224649
634,-8.60030986783109e-05,0.00026826617982967,-0.000282960104709563,-0.000659387290937767,0.000271019338901101,-0.00045452879703052,-0.000644125588913676,0.00012435888008459
635,-0.00828039091186744,-0.00299215007420521,0.0306579981253857,0.00098670682495493,0.0203213836705286,0.0101176669156634,-0.003319928309786,-0.00996928934476823
636,-0.000717729035160212,0.000718414855406916,0.00227033188776628,0.000670808354289138,-0.000913765821497241,0.00244962195625411,0.000759331450240324,-0.00662446695106186
637,-0.000486731318072771,-0.00182255404379002,-0.000577102491826677,0.00294308596412584,-0.00346376228700705,0.000550205647171945,-0.00290159394945627,0.00386420427909006
638,-0.00963309173524904,-0.0331107533150929,0.00973698907235806,-0.00515714118031902,-0.013084880692603,-0.000563125605201964,-0.00398443870260151,-0.00152219264447159
639,-0.000465903856328858,-0.00136617441504324,0.00196077698113569,-0.000900957148570116,0.0010008180364583,0.000822971524747385,0.000703925355018399,-0.0022375556748465
640,-0.022837697161218,0.0072955986683492,-0.00489953229508025,0.00347717308813638,-0.0116871570269907,0.0399255022849907,0.015716512290481,0.00197063046860122
641,-0.014517517541967,0.00478894706559945,0.0258603595949089,0.00597545960631721,0.00280100495540303,-0.0253456464811989,0.00467935884513242,-0.0118094568094848
642,-0.0188428606729711,0.00397260397919494,0.012394215162155,0.0094028414127848,-0.0164384151086051,0.0333959218951815,-0.0412199668213709,-0.000531916085232855
643,-0.0045829261465288,-0.00791560369618614,0.0152807803614553,-0.00368015098671357,0.00327386964279244,-0.000150613719528091,-0.00085016916364016,-0.00518512659015911
644,-0.011263404505404,-0.0291272552841787,-0.00453829162007157,0.022369198918933,-0.00942406047209454,-0.000920037457003775,0.0142139298507114,0.0194967855060272
645,-0.00180900158368464,-0.00810418770827314,0.00248959373065089,-0.00129606952698291,-0.000474818259835534,9.7978189630415e-05,0.00267977134961278,-0.00231717469000451
646,-0.00665592102908459,0.00877285757788588,0.0242892403695956,-0.0171810579481847,-0.00279308031375829,-0.0171556672831146,0.00203331394974977,-0.00247316042842864
647,-0.0131696789193678,-0.0451455091369369,-0.0229879319035367,-0.0135466550541199,0.00263418930464491,0.00511117830384638,0.0166552093355771,-0.00537716368980679
648,-0.0101721838333789,-0.03469896615679,-0.00434709605874542,-0.00285159505631669,-0.00549481453403088,-0.00570761256961047,0.019833543434927,-0.00775618233171766
649,-0.0142770406576608,-0.0436871151998658,-0.0258727098548822,2.94254164817074e-05,0.00375846842267619,0.00582364930004894,0.0303014570999803,-0.00420896257965748
650,-0.0242470552595203,0.0160361001538317,-0.00347467838658804,-0.00180706811844698,-0.017154621909173,0.0321958649359158,-0.0190322069257921,0.0434234464768364
651,-0.000399512947501524,-0.00157463349299027,0.00265079258383106,0.0012825502577042,-0.00178947158255329,0.00234905946173305,0.00270655027893867,-0.00321314812638173
652,-0.0164641439644959,0.0160884607648212,0.0120592201874917,-0.00833951762464246,0.0115733841477932,0.0107350467803851,0.00721560548000822,-0.00369212529537776
653,-0.0169625469266494,0.000500066631760401,0.00299121568167898,-0.0272798542014034,-0.0242519420133806,0.00940733310776624,0.00699997303989445,0.0372998493036928
654,-0.0298424791540824,0.0101118606824835,-0.0230199660995821,0.0209359471272356,-0.00759151718292928,-0.0160178034354994,0.00435509110947477,-0.024307293377131
655,-0.0012228638834639,-0.00582711150205126,0.000140609495626729,-0.000259670980271751,0.00338258199921937,0.00202158519304582,0.00191224912228342,-0.000275396925056962
656,-0.0117895952307044,-0.0264800960952758,0.00617183437075973,-0.0186856413917274,-0.0270627444247496,0.0193307885154472,-0.00387550064943261,0.0108650523513347
657,-0.00629143432260684,-0.0257234547352417,-0.00605541082517068,-0.0167656970144708,-0.0136200047122148,-0.00656549634186904,0.000700938076960214,-0.0142682241502766
658,-0.00207882229681348,-0.00912009260319905,0.00584068178101717,0.0025342968675114,-0.0106517642566126,0.00337122779841588,0.00297464128905057,-0.00284508578619715
659,-5.12309148770601e-05,0.000463928584000617,0.000240916361566082,9.03207559930229e-05,-0.000378239278483992,-4.12224625385091e-05,-8.26088158054604e-05,-0.00146164979198975
660,-0.00999874580507187,-0.0218576891564213,0.0124045244695956,0.0250733345241204,-0.00367727022398189,-0.000500434224537215,0.0215295387115817,-0.0081468634441724
661,-0.00182330790157511,-0.00466727599398919,0.00344880850031692,-0.00127243392581407,0.00392900352406443,0.0022596748854359,-0.00310039559459714,-0.00672752381961563
662,-0.01131356680093,0.00830418181759306,0.0211179761605639,-0.0155176516033693,0.0143249364505763,0.000832982854496293,0.00439392334688256,-0.00789597686960742
663,-0.000808825832169185,-0.000405539708470938,0.00374471187608225,-0.000654950312536709,-0.00256843639802639,-0.000355941973486019,0.00064496461356525,-0.00311506444697326
664,-0.0121869180298364,-0.00569269256271649,0.0308753024122913,-0.00366720608492793,0.0446519532693474,0.00118091779411684,-0.0234301039793186,0.0176228844626426
665,-0.00649229197697735,0.00499942993163501,0.033761405735061,-0.0265867170996462,-0.0186753897770055,-0.00864862340796829,0.0039881824348022,0.0161842454902657
666,-0.00975485151825251,0.00965748892654238,0.0408636071867935,-0.0203488101361671,-0.00148213949034312,-0.0219269945815168,0.00545660678743035,0.00689048611195192
667,-0.0150939525922396,-0.00207570448014682,0.0213145712170273,0.0112430784451106,-0.00606885267323973,-0.0508082508920827,-0.0130280257976185,-0.00703188212943019
668,-0.00188522287314952,-0.00800941842232248,0.000731216005672932,-2.27428838370323e-05,-0.00563850173195087,0.00176485432171878,-0.000671043027482664,-0.000426412440305763
669,-0.0108419191235218,-0.0138333190405284,0.0216684035765352,0.0152643553767348,0.00548656262066709,-0.012701588282532,0.00643066348516249,0.0043486976788487
670,-0.00144849477221602,-0.00614040451428066,0.000559050770233288,0.00391568012910527,-0.00307603102680294,0.00673460150279617,0.00271248429361556,-0.00262026027869015
671,-0.017523497292263,0.00260014737834432,0.0232348469458275,0.0162658394060809,0.00939926809482616,0.0259130202369234,-0.0231919458065061,0.00767193723813348
672,-0.00133061115839122,-0.00471402439013726,0.00297028466660057,-0.00188490125120126,0.000450014070975459,0.000865581112864069,0.00102466027905263,-0.00180154674994417
673,-0.00863464396323629,-0.0319311217500779,0.00430430868207124,-0.0206277360570013,-0.00716368711419959,0.00393819097725247,0.000570146669225615,-0.0119367252839411
674,-0.00277121244291624,-0.00460731004127967,0.00427690189827439,0.00212364865198425,0.00225124821540511,0.00316224096531179,0.00198955956404622,-0.00128353977608851
675,-0.00701379005832097,0.00898453153808037,0.0290481467363677,-0.0104789654967825,-0.00300565483524833,-0.00507135307406829,0.00164596734461486,-0.00401593842830308
676,-0.0123889851244375,-0.0305708300913029,0.00495136938163434,0.0133915565935858,0.00890843757333002,0.00610388295388701,-0.0099907449661187,0.017956257174093
677,-0.000601457993038276,1.83905082487781e-05,0.00297616403101135,0.0019806075313662,0.00103800387457352,-0.000459869283417329,0.00130159630377386,-0.00291070700348522
678,-0.0193759183393995,0.00518301872100715,-0.000605011657064675,-0.00125753275658613,-0.0030649948654401,-0.0359645335232868,-0.00945369657471101,-0.000201860651554821
679,-0.0211350747449636,0.00586726495230723,0.00552549431142156,0.0147716995544315,0.0245747005427436,0.0108643573964072,-0.0104638111755392,0.0197806511756912
680,-0.0130427698269569,-0.00132223596156335,0.023526183105231,-0.0107248990807646,0.0164484342172955,0.0469547486190317,0.00619480910248348,-0.00316840999942451
681,-0.0079821711115505,-0.00212425195754062,0.0306974922493014,-0.00316121099510922,0.00645019155980997,0.00618554518675043,-0.0161943741539371,-0.0166740547772709
682,-0.00922823454248204,-0.00234115760986998,0.0211446632150474,-0.0208216061358785,0.0264026712144792,0.0146361338916461,0.00027762505188103,-0.0108383752294043
683,-0.00178774893819136,-0.00582584877250339,0.00218406569748102,0.00108862423159084,0.00136338114938192,-0.000915459570622495,0.0026635577426481,0.00271381300772729
684,-0.0199180843447815,-0.0120002888866845,-0.0137336054993558,0.0131997374392971,-0.0370192891037101,0.00853321438600938,-0.0158808653868453,-0.000848762335270105
685,-0.0138226933610175,-0.0282339018581448,0.00446632196657899,0.0188348606714114,0.0175023640994797,-0.0202920230504279,0.0223735892699985,0.00425725152489498
686,-0.00745243966349051,-0.0148605776302932,0.0150647574763842,-0.00385206605585988,-0.0203297580415456,-0.00486942286609104,-0.00662215330864272,-0.00934620721005294
687,-0.00100219886851031,-0.00459505285446662,0.00276845712701314,0.00101928104644521,-0.000659526973494283,-0.000114439673952678,0.000891706398135713,-0.000372360946059286
688,-0.0108141152499636,-0.0161558895053921,0.0148407695736296,-0.0114197441302727,-0.0280314382126032,-0.000549694097250482,0.00729100572778195,0.00950334112358176
689,-0.0146094936189016,0.00821390985609181,0.0258342376837122,0.00109333991279136,0.0143361381199053,-0.00177363471895046,-0.0186045539135149,-0.00421456833634871
690,-0.0303693652632892,0.0117438838145257,-0.0211398012239032,0.00258374775283191,-0.00176828873180038,0.0461357841675893,-0.00101903722921631,0.0342207716457496
691,-0.0103406179232797,-0.0274841080698525,-0.0112674577292186,-0.00672375760622739,-0.00598767477940768,0.0237301314407301,0.0103359708867397,-0.0143564200722911
692,-0.0174545576957792,0.0122192647165819,0.015029133363583,0.00540420955756171,-0.029189249001473,0.00857342825952789,0.0154253791110584,-0.00407847038746392
693,-0.0113022145936772,-0.00631971287344789,0.0316099983716603,0.00654607820359782,0.00143616380342519,0.00452213897758589,-0.0249574145064708,-0.001068753996295
694,-0.00460117360371748,-0.00909881150049124,0.0125938894558659,0.00343723864329717,0.000141909204501906,-0.00338387860884389,0.0106527425396091,-0.00944698017480048
695,-0.0193869178691701,-0.0169978977033492,-0.00147687211713208,0.0182608753199845,0.0200333530376565,0.016169026404732,-0.0170370875161552,0.0467530513763169
696,-0.000988917029791388,-0.0068354481541108,0.00202737539661898,0.00142135664059212,-0.00910040337324891,0.00666708483317816,0.00459717489125889,-0.00412905341743618
697,-0.000132513824673841,-0.000694059960732556,0.000709931702549928,0.000847037291496132,-0.00133714134468387,0.000860144136938156,0.00111449877143855,-0.000692231908737093
698,-0.0105232292124537,-0.0165176383681116,0.0183730575185622,0.000780382189126097,-0.00242665546484039,-0.023102200765951,0.00453561365579886,0.00154768932468086
699,-0.00347167995522593,-0.0054079113334166,0.0134097417745677,-0.000356410790899007,-0.00400124939254186,0.00211351182433018,0.00281745806664066,-0.00765122196163019
700,-0.0257627852551784,0.0296848811211321,0.00505515377021076,-0.00361488158597235,0.00433209396455271,-0.0114911360693661,0.0190357842727125,0.000557071167111445
701,-0.00149898423258431,-0.00214680606715471,0.00737651243267668,0.00109294726224757,0.000808130267934857,0.0087448362855479,-0.00469412768403529,-0.00878431150001249
702,-0.0126383390084188,-0.0212290368789064,0.00792778874027875,0.0073387527555951,-0.0443411163483244,0.0387105461054281,0.000503781089459463,-0.00540502115714171
703,-0.021925945703101,0.0267484261461002,0.0045232182208041,-0.00794850747156124,0.00656319086938047,-0.00708976669697578,0.0183510814357038,-0.0110918191233127
704,-0.0101177457413173,0.0111008830954878,0.0199685659576387,-0.0162622233369699,-0.0185229703334282,-0.0015533651290524,-0.00347329086962042,0.00317158561598453
705,-0.0227200081671648,0.0101295322871293,0.00694143493110547,-0.0012691742772515,-0.0414976515751531,0.0287775813602118,-0.0152084415196013,0.0375367344166883
706,-0.010190087176072,0.000898132663655196,0.0288096474619117,-0.000157153456782862,-0.023915774135739,-0.00421274806942269,0.0213942307153515,-0.0111291184825272
707,-0.0107121208541095,0.0065111712200694,0.030270326203859,-0.00893338014529124,0.0124991156739437,0.00796293402623975,-0.0262246110558118,-0.0221568931104535
708,-0.00102216828820442,-0.00454669491192064,0.00190206837712997,-0.00122231524042545,-0.0016494290171668,-0.000726669151618187,0.000763043755393163,-0.000115005073329896
709,-0.0321207902511031,0.0157326169739774,-0.0197004776930645,0.00435282432937191,-0.0031641104918265,0.0324033888578035,-0.00645964523046556,0.0246139637830772
710,-0.0107654404277558,-0.0360814710641602,-0.0111784212079166,-0.0267340544362812,0.00170183016992752,-0.0117135294120367,-0.0152854431826287,-0.00410883756499724
711,-0.00685050536678105,-0.00166544074908446,0.0235289393132639,-0.00873275516534106,0.00906373623866856,0.0150804997242476,-0.0167965125179535,-0.0145833867508426
712,-0.0178340987185322,0.010755589419867,0.0151878974998887,-0.0157482552655646,-0.0234476776267506,-0.0070148344558963,0.0272849633582166,0.018710328431316
713,-0.00129126969380311,-0.0030226830772703,0.000119010027632518,-0.00593366217942243,-0.00154470063902895,-0.00104487949853992,0.00269874192543117,-0.00528350809682193
714,-0.0332673597181531,0.0168583453706887,-0.0323911546091386,-0.00341619503180782,-0.0185744896253903,0.00983221715137671,0.00119019687357038,-0.00271290949461205
715,-0.00665017843066663,-0.0258426128594307,0.00430717301485946,-0.00851110321965824,-0.00510167555651544,0.0141210446035163,-0.000465347309478584,0.00442580656982865
716,-0.00936483859466053,-0.0256667576019383,0.0124917126578407,0.0120629225123655,0.00982000189874314,0.0083982092260352,0.0137685254823047,0.00382335851350229
717,-0.00542029186178378,-0.00229219279421665,0.0170514290387691,-0.00384534261938194,0.0140964909338913,0.01967623194887,0.00988383905488535,-0.0127423367696411
718,-0.00500123125426046,-0.0145958278585774,0.00589714162362858,-0.0194166879333766,-0.000123404261409089,0.00604267476750287,0.00449555275487248,-0.00997143978179429
719,-0.000987487904489073,-0.00478664281541745,0.00102573405769809,0.00473409917598652,-0.00400666352396302,0.010628361058987,0.00882277202855858,-0.00423166240807393
720,-0.00304338015806788,-0.00768477942387593,0.00382963918085657,-0.00221833300563437,-0.00082538107356877,0.00109536617083941,-0.00420937701163024,-0.00122682422108054
721,-0.000530055298695365,-0.00277623984293022,0.00283972681019971,0.00338814916598453,-0.00534856537873549,0.00344057654775262,0.00445799508575422,-0.00276892763494837
722,-0.0158557615074064,-0.0335523517141631,-0.0217403520334443,0.0159625738275,-0.0108691300940265,0.0045433792844031,0.01893060849265,0.0138305951955134
723,-0.0112455654314063,-0.0164405523416962,0.007546402330334,-0.00869835149461511,-0.00265272162885473,-0.037874190658959,0.00420981682636545,-0.00723961261388754
724,-0.0136658697797092,0.00278238148129713,0.0229181911975356,-0.0174805711670489,0.00966621057755676,0.00275787215020947,-0.0145849173280621,0.0217706655561456
725,-0.0113485751282897,0.0107493075818252,0.0239246931343613,0.0046677349429014,0.00358523709504938,-0.013976025397893,-0.00902802975932069,-0.012798148642571
726,-0.000997958368793417,-0.00353551829260294,0.00222771349995043,-0.00141367593840095,0.000337510553231594,0.000649185834648049,0.000768495209289473,-0.00135116006245813
727,-0.0120078940480846,-0.0230182208775553,0.0164984913169421,0.0338641254582311,0.00299712246850272,0.00563053303654321,0.0119914537547783,0.00944198685573348
728,-0.0118993926878825,0.00725615090801403,0.0315877619040929,0.00266796831863009,0.0230695721099105,0.0124605714048437,-0.00221953583758426,-0.0108127531266728
729,-0.0123629595354409,-0.02938669311403,0.0144989497870441,0.0244334497977659,-0.00780277504223867,0.0168606501801639,0.00803672972740328,-0.00874564546863806
730,-0.00842961277396067,-0.0247321416141944,0.0140785038067857,0.0181596674651228,0.00326924796731852,-0.000843823294875693,0.0149284385379253,0.000497973301004524
731,-0.00609113525248185,-0.0163591836844964,0.00636459213803463,-0.000214128250361539,-0.00180263801218426,0.00280678578792436,-0.00438306994461751,-0.0101258219292423
732,-0.00669822882310584,-0.00907245694064021,-0.00768687036069409,-0.0101783205282818,0.0074855917203526,-0.00348144896131633,0.00564174675168869,0.0199714388986693
733,-0.00100219886851031,-0.00459505285446662,0.00276845712701314,0.00101928104644521,-0.000659526973494283,-0.000114439673952678,0.000891706398135713,-0.000372360946059286
734,-0.00402859287875415,-0.0143807834037617,0.00430965991782775,-0.00712243106969569,-0.0109533774933056,0.00531813629922594,0.00177581951685109,0.00546287849783342
735,-0.00229306001936671,-0.00866720083816067,0.00313730418941763,0.00197686890254184,-0.00407876764891487,0.00651310828466589,0.00215187249044045,0.00441234503378482
736,-0.0287292512136856,0.0140738714156385,-0.0229133246148764,0.0178067005986637,-0.0279526123760826,0.00685329499682845,-0.00267717052933614,-0.00953470685912977
737,-0.00993198532532914,-0.0111742075168583,0.0171603016359907,0.0101519768448304,0.0283162253493071,0.00386621609491478,-0.0114589102719798,-0.00356664755787996
738,-0.0253674595289639,0.033111450274707,0.00117382808778869,-0.0107830744556885,0.000601859213149721,0.000419721937769722,0.022839442275563,-0.00914351431062365
739,-0.0158406394877346,-0.0166921104279331,0.0128560723513832,0.0238805051812348,0.0176433675244402,-0.012174037265721,0.00537781758742318,0.0112586999177011
740,-0.0111863673667639,-0.00111587594488355,0.0279902277401014,0.00357704837441078,0.000340917238204467,-0.0331370279255384,-0.00493540470063364,-0.00699754901290806
741,-0.0178502699424726,0.00301358522228615,0.0122247927946957,-0.00181270321866649,0.0175336593570099,0.036055447056875,0.0220611773229392,0.00299415736529755
742,-0.0155334744843665,0.00670686440499626,0.0147973806615739,0.0123545052161783,-0.0174214342646931,0.00627929981931261,-0.0359233668463014,-0.0100116086492311
743,-0.022906388313518,0.0165281231037678,0.0014432367962009,0.0108075210247974,-0.0188970681181817,-0.00430653410263853,-0.0443937662065603,-0.00548015181584053
744,-0.0153795751162631,0.0135662696728487,0.0315164573958184,-0.016716086715048,0.00927051273010059,-0.0354275355517766,0.00753521741365898,0.0148531847375217
745,-0.00203835009816448,-0.00652960325556227,0.00240749764292795,0.000780560729746123,-0.00150536727219424,-0.00199315383400826,-0.00249923345864772,0.00355781326419174
746,-0.0222082714016735,0.025440818016194,1.28910752089249e-05,-7.54863634044465e-05,-0.00531918895925243,0.00538391086825184,0.00642079411291258,-0.00689496480997669
747,-0.000899246169834048,-0.000898109821158478,0.0017353875377043,0.000860857137616387,0.000787118978902263,0.00337518091288245,-0.000766406927592073,-0.00225450783644235
748,-0.000508700182422987,0.00127071073439437,0.00228057401798116,-0.00124147755751562,-0.000891616330588079,-5.06444908141651e-05,-0.0017930996620904,-0.00155744773285276
749,-0.000854949506022703,-0.0017192588812271,0.00055827071215065,0.00228766890774852,-0.00291297398257441,-0.00878473798012898,-0.000234613320797425,-0.00131238767464229
750,-0.000968680443409644,-0.00466508652133727,0.00101561480704194,-8.95615577498774e-05,-0.00373253051613924,0.00249673993388376,-0.000626794761896022,-0.000855969491180919
751,-0.00352991004089966,-0.0125681468578432,-0.00334800458722759,-0.0068335236957488,-0.00161573621172942,0.00634263863560932,0.0050055187524137,-0.00572261097118582
752,-0.00224439110316748,-0.00848675476286906,0.0052969291835316,-0.00257487386243293,-3.77188092232381e-05,0.00298074316821926,0.00132174963347061,-0.00229340378422934
753,-0.0124101339216272,0.00848096506553243,0.033092582867956,-0.0130785813460342,-0.000296235726307551,-0.0183096094059802,0.0164052631379727,-0.00259620936250364
754,-0.0202148853019132,0.0148984863820065,0.0115694833031193,-0.00487859659069153,-0.0274713461125964,0.0185036964085752,-0.00645915759305436,0.00234966659839465
755,-0.028043503403994,0.00337913751124126,-0.0268704956635568,0.0151161900455241,-0.00385947568755323,-0.0168612818588272,-0.00691587250418794,-0.00594675851973605
756,-0.0139966180202484,-0.00781011944993399,0.0189466967884994,0.000276043216507228,0.0195753953562364,0.0396987669109305,-0.0133994407790603,-0.00340538863456717
757,-0.0204666924095307,0.0103109459832721,0.0123387215043215,0.00273144377389031,0.0315303872410372,-0.0262249252311074,0.0270490298811388,0.00409807644804997
758,-0.0123661234304739,-0.0350346004223444,0.003687192717475,0.0289550742466719,0.000582916839260774,0.00596201918379133,0.00020532646744846,0.0137406263815376
759,-0.0175480766830409,0.00607649364102608,0.0153328654330267,0.0239265871442324,0.00652003063212971,0.0102903534798786,0.0113258115053723,-0.0311752749955938
760,-0.0206783946632942,0.0146649616405744,0.0181881900865035,0.0134494827987716,0.0303834763079104,-0.0179734224221364,0.0138442887866349,-0.0320543418617315
761,-0.0113763269375425,-0.0259352582628935,0.0101630450039063,0.00896622373228779,-0.00850901631844324,-0.009600947002931,-0.00213136271112036,-0.0176807948637337
762,-0.00404139303483199,-0.0136493830410663,-0.00544075042309554,-0.00312241429728124,0.0062611816539152,0.00019302151095369,-0.0076309212835258,0.00563818906002902
763,-0.0102396628849376,-0.0017917838987103,0.0306105727125317,-0.0210673949560864,0.0256709597118639,0.0131023627852532,0.000805337091397301,-0.0198354973850749
764,-0.00987708512947254,0.00688193012102255,0.0368210116386183,-0.00879073496783962,-0.000731121563218764,-0.0171385071247341,0.00572007854660156,-0.00187411292741281
765,-0.00635435422762749,0.00191280761900667,0.0167909877218326,-0.0102486269264882,0.00725518423230385,0.013080001306463,-0.00758643045493987,-0.00405587073807252
766,-0.00583683482704762,-0.0125355555108004,0.00535315209620912,-0.00292942608672328,0.00262813285600306,0.000651036203760972,0.00490610573789773,0.000307737067177714
767,-0.00975492295851643,-0.00683166841396293,0.0227466839491874,0.00151233272766722,0.0137542182194061,0.00663391055752837,-0.00982376660632889,-0.0151470891904332
768,-0.00081646506645682,-0.00130024469779596,0.00228576311008405,-0.00142731483192717,-0.000865040434935131,0.000458871996647358,-0.00167275423885307,-0.00069478947197861
769,-0.00193941206626012,-7.94302128001366e-05,0.00901023864956453,-0.00345468881769158,0.00127254953986242,-0.000139684168072455,0.00231711864686869,-0.00114416594564742
770,-0.0128933658169139,-0.00137956819191299,0.0163656422098942,0.00980890077945537,0.00435761168551709,0.029128953203961,-0.0257268393140358,0.00446031345279202
771,-0.00275623582174418,-0.00670967789393594,0.000126903142082143,-0.00737173191296489,0.00108536508196167,-0.000684581621569652,-9.28290839930998e-05,-0.00680169732821128
772,-0.000668512735534368,-0.00221892756212681,0.00119279516837204,0.00177275869874112,0.000928529431761954,0.000218041477155806,-0.000443075063547963,0.000569387590855275
773,-0.00250538069479149,-0.00868768181055147,-0.000589376611772533,0.00135517228090301,-0.00410698820704702,-0.000892677607622063,-0.00337740772951874,-0.000788791927485767
774,-0.0112335462342951,-0.0328747176101847,-0.0143657114744565,-0.00826035626592256,-0.0115138061271486,0.00941122670907504,-0.00100193239914481,0.00308372223991179
775,-7.21880599125138e-05,0.000671972554600923,-0.000148660863302413,-0.000267010118194352,-3.25986736614732e-05,-0.000720185549913267,0.000812588727148054,0.000694081737639561
776,-0.00154461603635195,-0.00571110790380796,0.0022352286751013,-0.0033762380676244,-0.00244688542413669,-0.00125636235247874,8.28966095216736e-05,-0.00393804696581942
777,-0.0120059614260599,-0.00530657499302162,0.0202627062244998,-0.0208211407515459,0.0174194572755847,0.0167432697255479,0.0173448593000037,-0.0169043074057392
778,-0.0113943636618011,-0.00148122084428992,0.0215161537132667,-0.00321491515798594,-2.01554313457764e-05,0.0264582521436934,-0.0170289488379321,0.0146008582291412
779,-0.0137090349146895,0.00124810018653677,0.0241984158769185,0.0033877511885256,0.0399370078437463,0.0131755155537586,-0.00787393851835935,0.00600952426626274
780,-0.00909888544856118,-0.0248014605615594,0.0116088656376804,0.0217177994328586,-0.00519312266856649,0.00170352900602544,0.0163632338565431,-0.00414178839776623
781,-0.0225642974701688,0.02112995617445,0.00883050545268193,0.00359762488297118,0.0158550850075753,-0.0229385193088435,0.012387744983233,-0.00986557669372276
782,-0.0086358677732162,-0.000788485374925288,0.027145448028262,0.00658774745614606,0.00250873799298856,0.00833666501438977,-0.0227317733964288,-0.022665295431191
783,-0.00153870949855879,-0.00251697301792597,0.00488776646711757,-0.00148105542029295,0.00277805168981579,0.00144154478292208,-0.00280122502724426,-0.00420034152993593
784,-0.0160404256075376,0.0058259227355956,0.0225250461242904,-0.00319488054303205,-0.00425811914983554,-0.0252694926035323,-0.0139265842747921,-0.00442155730422706
785,-0.0124029140857068,0.012896718789473,0.0322745066518361,-0.0129571947253261,0.0118025248584863,-0.0287070981008692,0.020061824019031,0.00628892905780787
786,-0.020080076968477,0.00347316125159596,0.00760256615887557,0.0133196649776932,0.0260121859814124,0.0409408539151574,-0.025170872227731,0.00190574171728228
787,-0.0221869624729748,-0.00364739998233639,-0.00370088010826771,0.0193855413849675,0.0384598834356712,0.0126184596738842,-0.00558782761756119,0.0235681165222913
788,-0.0106900033588356,0.0147015752074551,0.0281936036694445,-0.00726595632910601,-0.00473251262729036,-0.000706912694735548,0.0192388074272483,0.0023951719433034
789,-0.0090933685870647,0.00137106959651149,0.0320440787938555,-0.00200310207758926,0.00999054203019148,0.0167075721621363,-0.0143126483189504,-0.0137885509301496
790,-0.00750682918571562,-0.0281769491833898,0.00117976942989852,-0.0138150144135176,-0.029306755469736,0.0180760225614189,0.0137368098624915,-0.00457624447901711
791,-0.0108099531118559,0.00187650823453056,0.0235227280006393,0.000995649378962337,-0.0370973055736769,0.0117083410968007,-0.00227118603812331,-0.0167280081405794
792,-0.000212460433101235,-0.000442126864502712,0.000216954918478449,-0.000651874462752697,-4.76245776787434e-05,-0.000810415903125569,2.06560639039981e-06,0.000200965802554374
793,-0.00412474072253505,-0.0122455482942156,0.00324923830347194,0.000326505043693509,0.000623199928050478,-0.000248046351081121,0.00607238239760973,0.0005518788116204
794,-0.0117894088114011,-0.0341444175272687,0.000324778386757914,0.0233256585826103,-0.00506696000296127,0.00349307340550791,0.0162505752567984,0.00357563614697057
795,-0.00237279714940403,-0.00509391713829908,0.00813233896079389,-0.00516268973541948,-0.00179862939399525,-0.000437344209064835,0.0010152563975642,-0.00486509133638033
796,-0.0172171675440135,-0.0101715881413132,0.0087172029802147,0.0126964032024331,0.0298989434857903,-0.0259269329605714,0.0299788117548372,0.00130300868485402
797,-0.0117078880718363,0.00870573930833484,0.0301770214291916,-0.0205283050492941,-0.0198264581879662,-0.00441387964631123,0.00506405304029814,0.0192820757315021
798,-0.0105361257594254,-0.0315246477720193,-0.00709876212550999,0.0167981425828459,-0.00269784908312529,-0.000706564188372016,0.0111146765569866,0.00940982956049134
799,-0.0157777914275056,-0.0172012863936494,0.00618641921630352,0.0365378612931104,-0.00811248356222154,-3.26088567273323e-05,0.0103918552932073,-0.0122025980725226
800,-0.0204970024469573,0.0158103211643242,0.00968030275877505,0.00762782873695365,0.0206142729365727,-0.0177930780524851,-0.01280964130493,-0.00159036504780085
801,-0.00287911842047652,-0.00579758344034325,0.00232955729597034,-0.00411638274426698,-0.00157469473330939,-0.00362627259247116,-0.0017569961708267,-0.00619428005311273
802,-0.00508712245212391,-0.0198112818424589,-0.000398167534818988,-0.00518970711928625,-0.00741077837545806,0.000919310501736208,-0.00165963026629889,-0.0084149456393437
803,-0.035603657844112,0.0240934415851198,-0.0299728936464499,0.00215413951367384,-0.014431027207772,-0.00420999824612371,0.0112034690401874,-0.0105491670941009
804,-0.000141939521874146,-0.000187047867009187,0.00126042141906326,-0.000440266669823803,0.000921724233282399,0.000624479732979822,0.000474096664349805,-0.00187832725412076
805,-0.00571100856490791,-0.0148284260884095,0.0126365781355829,-0.00167941061052141,-0.00274850845860509,0.00646374872149231,0.000916656979943107,0.00059381098244318
806,-0.0193991684325422,0.0135681096260901,0.0177796069628505,-0.0191849431882887,-0.0084069194372676,-0.0206192284052112,-0.0306987094392324,0.0402284066679467
807,-0.0118361934764896,-0.0277935919930499,0.00881467283050864,0.0161455994071248,-0.00101606956222118,0.002716372648569,0.0036596643389827,0.00918244496373393
808,-0.00397652959401998,-0.0138239635142779,-0.00343132825530205,0.00339299464054357,-0.0021900752559042,0.0256670986445296,0.00343735454498681,-0.0034954142489747
809,-0.00575768593235663,-0.021686813633244,-0.00232140470123635,6.00767460896504e-05,-0.00721608369505303,0.0154927678417183,-0.0097286915008105,0.00027421599836416
810,-0.000523737834309711,-0.000381909629705139,0.000601657513148717,-0.000191677293926404,1.15087886765429e-05,0.000306779551140722,-0.00110295886752897,-0.00133494953015413
811,-0.0265811510926666,0.00845208669165432,-0.0157590244383714,0.0165133360972665,-0.00893745971513679,-0.0211748839412861,-0.00991935978828556,-0.00387735785360091
812,-0.00558352391640138,0.000249538885670429,0.0224525709335373,-0.00425157148463949,0.00656580012344961,0.0130166099674608,-0.00919648847828281,-0.0176842401726987
813,-0.000583107760483145,0.000189385870728719,0.000775956459912544,-0.00327221599490307,-0.00110496791829847,-0.0023090458397759,0.000405069924941321,-0.00424606186592252
814,-0.0113942520393032,-0.0206693161145777,0.0107738700319764,0.0140254393951445,0.00395522368876216,-0.00347141992294159,-0.0109513981404727,-0.00656634338585376
815,-0.00683406237529294,-0.00196872567161194,0.0264879597290842,-0.0111022184383337,0.00751684127567422,0.005865218660723,-0.0118359542945355,-0.0196963750469211
816,-0.000140907495356268,-0.00131417789652201,-0.00243111108244887,-0.000646813853169233,0.000196342458803379,0.000562656198513635,0.00332763547711407,0.0023458674429824
817,-0.0048328380148815,-0.0101086675648464,0.0154311254497952,-0.00197395993477723,-0.00761759268261998,-0.00828497366074674,0.00558938145598844,-0.00854775526049932
818,-0.0123534723699778,-0.0025588346601762,0.037822210838622,0.0158375687961566,0.00987728993860433,0.00760888842914536,-0.015388469518103,-0.0249375868508001
819,-0.00662580893050527,-0.0031467023953453,0.0203742483658313,-0.0155621669960046,-0.0112553823347685,-0.00650581247493574,-0.0055901883227707,-0.00688621911826734
820,-0.00904046305665794,-0.0219492076724258,0.0118527822226978,0.0238679570265823,-0.00349798523697872,0.00392183766401246,0.00647869313971435,-0.00400167881231578
821,0,0,0,0,0,0,0,0
822,-0.0119530419232974,-0.00138541996825922,0.0287408394467737,0.00116048453020402,-0.0300587665430291,0.00142890487257189,0.0243340376466411,-0.00149372815913986
823,-0.0102116162183704,0.00115187536458367,0.0212988190973467,-0.0127828849236378,-0.0301418315960552,-0.0118645892502309,0.0139700661162665,0.0128016837025237
824,-0.00924383544255565,0.00171128233383327,0.0301806791869624,-0.010940814204925,0.0219599056260552,0.0200207007932105,-0.00613931432095343,-0.0134433825865808
825,-0.00969775704439865,-0.0117089938629355,0.0275407020573924,0.00983416462924586,-0.016581824241796,-0.0124444526369206,0.00496700249570697,0.00381401904775049
826,-0.001499053159055,-0.00489128469331637,0.0033412072348037,0.000809880233341835,-0.00126761455265168,0.000583127239920951,1.80096043920047e-05,-0.000560477164143671
827,-0.00945421582665586,-0.00501606025242165,0.023913803758113,-0.0060270391212039,0.0106648394475376,0.00934691876996709,0.0200325527756294,-0.0184756260636579
828,-0.0109645567298583,0.0143253761735811,0.040763085013973,-0.00459853375323138,0.00547404702514937,-0.0154696395589229,-0.00133083435333446,-0.0125252052028079
829,-0.000844786172814908,-0.00305661011442623,0.000966347129093844,0.00261283065971849,-0.000325466855510245,-0.00312456155814517,0.00141114883886623,0.00312542789250279
830,-0.00732813874569452,-0.00566740244309805,0.0208678546835788,-0.0111954774679203,0.00952411555711986,0.0260986995256003,0.00747209654556953,-0.0171631486542925
831,-0.000254461183985153,-0.000443760804034355,-0.00281443851217067,0.00151617478325537,-0.00100276290849635,-0.00368831954060939,0.000804892820476301,0.00266710001984762
832,-0.0100338013880009,-1.29313705113144e-05,0.0216423151429335,0.00570989581707618,-0.0324710741498381,0.00224800628256803,0.0233551435002619,-0.0117858030991559
833,-0.0200821330888014,-0.0145667418286111,-0.00119863140384478,0.0138180702920311,0.0368963077533561,0.0279385868518771,0.00302293860592927,0.0278379253719532
834,-0.0162546990820969,-0.0161921308380268,0.0138005617819901,0.00506671869705075,-0.0220020370873505,0.00191559981626342,0.0105739995786536,-0.032340190052736
835,-0.000199756473750762,-0.000787316746495133,0.00132539629191553,0.000641275128852101,-0.000894735791276645,0.00117452973086652,0.00135327513946934,-0.00160657406319087
836,-0.0118935729586829,-0.0328254469912416,0.00219259014475417,0.0239295956647085,-0.00703930362353338,0.00703106906192209,0.0128724441336633,0.0185645344017131
837,-0.0150196800373671,-0.0183892723020828,-0.00955021440863135,-0.0478534788907378,0.0174507033733129,-0.0196259951751677,-0.00341764659864983,-0.0181075872746821
838,-0.0242897526465601,-0.0121809593568307,-0.0295863524023333,-0.0193726538197462,0.0259726623231266,0.0167652621491894,-0.00238213677423766,0.0101838202004459
839,-0.0285183884300278,0.00574067024387253,-0.0249819041246732,-0.00842059750283617,0.0157274627191854,0.0306765948317284,0.00594405221431995,-0.00781195952262147
840,-0.0195226622377125,-0.0143732731357378,-0.0150228982081977,-0.017485073550894,0.0276350678989679,0.0423374242354529,0.0050306266747087,-0.0109254862746371
841,-0.0131443656355663,-0.0311974601459642,-0.00399542139032337,-0.0157545916486716,0.0342695038546527,0.0499556368084092,0.0138645061315346,-0.00625217277238474
842,-0.0290756974420195,0.0127527927707713,-0.0260744220256483,0.00516502599825084,0.00906170839144061,0.0103295160580699,0.0171478676132742,-0.00889374092434259
843,-0.0313143745027099,0.0141335438412498,-0.0294406478379908,-0.00495254424563808,-0.00522877305688712,0.00412827190540067,0.00498448226657765,-0.0126580547914862
844,-0.03323896414049,0.0165586889183176,-0.0310786225238906,-0.00499999655480096,-0.00275823839936052,0.00327431697360798,0.00631080874258952,-0.0078483787845006
845,-0.0217552408417859,-0.0173098849215016,-0.0247704750687046,-0.028715389894208,0.0269531076369804,0.022661109519221,-0.0213213023820474,-0.0164406522213281
846,-0.0190544227105166,-0.0262930094908552,-0.0286822050999335,-0.0340872882079647,0.011204572680321,0.00022094886610111,-0.0165878487819028,-0.0103367923983038
847,-0.0150535646881045,-0.0321519954882132,-0.0123696003451414,-0.024606113235975,0.0333198370797592,0.0319934565780327,-0.0218076977986838,-0.00433358302453049
848,-0.0335201843676134,0.0200026625455892,-0.0297394538149643,-0.00166832787465461,-0.00538064829321075,0.00949567235756614,0.00934294074689523,-0.0120580164105591
849,-0.0250848539436234,-0.00609399921252995,-0.0293408709124397,-0.0149618651405636,0.0124966013655029,-0.00192857311577362,-0.0158059890226984,-0.00819030638343327
850,-0.028725819340115,0.00392521064910465,-0.0307103550115559,-0.0126188605812687,0.00832402061348038,0.0158293939697411,-0.0132922045708212,-0.00544518589055241
851,-0.0215051342742429,-0.0164390889301949,-0.0192502960965442,-0.0237065982432616,0.038174230309174,0.00350135700010849,-0.021283698908082,0.00925929053027199
852,-0.0334340763692514,0.0160772706959356,-0.0327562388430854,-0.00409154226709055,0.00145294675783879,0.0025433499549346,0.00794063537896889,-0.00613936660649575
853,-0.0317441486959713,0.0152040577125793,-0.0309808845108959,-0.00845383895314149,-0.00454130934980812,0.00519984479077334,-0.015108477726478,-0.0180232318022895
854,-0.0262034665179398,0.00342972917942427,-0.0155207852104153,-0.00593935272427789,0.0290611971305398,0.0203375874223575,0.0278936556499745,0.00369542364693825
855,-0.0215601023233161,-0.0130246077602815,-0.0120169989185087,-0.00695727556224524,0.0405406995014168,0.0132141188396057,-0.00172168834456537,0.0102928139642762
856,-0.023041464504836,-0.0130983801760192,-0.0202110686966948,-0.00991493301294986,0.0415975695074364,0.0182109299523783,-0.0057796273424664,0.0118209634371057
857,-0.014070252060229,-0.0148687254052502,0.0131814843989332,-0.010987546233791,0.0415843162832446,0.0380743101325277,0.0298474938419994,-0.0217203066033797
858,-0.0155162225326152,-0.025678001596193,-0.0093265742196559,-0.0225308840427709,0.0343526203419352,0.0478586917270805,0.0216108947832497,-0.00701389620123546
859,-0.0324611249200561,0.01874097302114,-0.0256579029976124,-0.00543571918631452,0.00371090139233295,0.0163026483560915,0.0238231659529874,-0.00597375943137032
860,-0.0303424032088138,0.020231034848418,-0.025188000183003,-0.00157824562685801,0.0119973411038605,0.00799660375552436,0.0234487004574869,-0.0195361800564411
861,-0.0215114886263228,-0.0122249344361617,-0.0199119333755636,-0.0126439639274044,0.0101155594990374,0.0012933902382904,-0.0478741867785061,0.0201667688333292
862,-0.0243766875941302,-0.0168465860430233,-0.0341308056714599,-0.0167799941850752,-0.000466028704955929,-0.00253730056057128,-0.016943324420433,-0.0140261458007892
863,-0.0318854571550665,0.0112585293741241,-0.0323491449560981,-0.00460620188526851,-0.0111594377048393,0.00810672610158103,0.00528329486096018,-0.0177531860537508
864,-0.0303070799268821,0.0144879289869226,-0.0303735929249096,-0.00802828843007124,-0.0257030103375059,-0.000298968614130881,0.0151244865670714,0.000232752854214516
865,-0.00577384913122764,-0.0145145451696196,0.00656742918510393,-0.0163190109030124,0.00251975229076872,-0.00247110040395115,0.00259530261373311,0.00269653703396881
866,-0.0224963232852351,-0.0209522693590281,-0.0268908057910161,-0.0151432765696623,0.021124739435887,0.00997862776024386,0.00139239134777278,-0.0106322119249293
867,-0.0145937761246097,-0.0378767617564499,-0.0128807220738265,-0.0175855742377785,0.0149026697315081,0.0368861551377379,-0.0112704964350884,-0.00401197707285627
868,-0.0244885284253235,-0.0119875922706633,-0.027877015794669,-0.0143747746125804,0.0187405757350788,0.000551528790396468,-0.00403938363633991,-0.00700822576966676
869,-0.0133413444154304,-0.0331202652255259,-0.0153785693323239,-0.0416478548874629,0.00596874568332645,-0.00279170115952277,-0.0222282101954857,-0.0201372619031595
870,-0.0239684398091646,-0.0141134983017107,-0.0314798155932865,-0.0265118162227564,0.0162548612036762,-0.0031882940434272,-0.0176730167194596,-0.00134791573399697
871,-0.017670378798963,-0.029844680579222,-0.0242303380964379,-0.0254610384252769,0.0217609103987303,-0.0174157158494436,-0.00705206448457556,-0.00458750789996198
872,-0.0191416291668996,-0.00889735076110711,-0.00961850754406881,-0.0159625079370288,0.0549102492249688,0.0088530727447306,0.00948546185651503,0.00133418992009765
873,-0.0241308047018774,-0.0060544716218138,-0.0236659972460584,-0.0203866840106006,0.0320916561869802,-0.0018248314683113,-0.0106953180106106,0.00856205048869844
874,-0.0245432070358897,0.01145186841925,-0.00739329196902707,-0.00631947436208956,0.0312784159482025,0.0259872348042412,0.00442850067160029,0.00794287478248939
875,-0.012547538795878,-0.0325614298732611,-0.000294703778042435,-0.0297698154892138,0.020812149439786,0.037952653843217,-0.00265075887819964,-0.0187105715706816
876,-0.0147158724050486,-0.0412156824167831,-0.0213727433563722,-0.0280814557271146,0.024252266336414,0.0177150641345126,-0.00690850886024956,-0.0107594846682489
877,-0.0118520769757988,-0.0318300823313171,-0.000382277312570271,-0.00724847380903755,0.0469391260580044,0.00156361877902272,-0.00065931122387148,-0.00569682333591139
878,-0.0157753082964777,-0.0207171799803783,-0.00475976700296771,-0.0140742480526357,0.0359786753116747,0.041942627267731,0.0248159247503082,0.00641196213684499
879,-0.00555136419250317,-0.0135056569466421,0.0130553967887108,-0.013243124240027,0.0124271628862248,0.00686215848767498,-0.00307685904265292,-0.0108336966121435
880,-0.0251374168906804,0.00377889403245781,-0.0171823122886592,-0.0352621831476928,0.00794200765975673,0.0112099794982891,0.00571557870962314,0.0140350950120497
881,-0.0168966524782407,-0.00894925752715723,0.00580508362875641,-0.048292843497815,0.0084792107338005,0.00401721009697592,0.0139799667082267,-0.00802147821219152
882,-0.0182901114051173,-0.0291010056074368,-0.0320405710455356,-0.034561199502576,0.0134678924578132,-0.00768352041884421,-0.0226942460158599,-0.0254166470218853
883,-0.0180962373958267,-0.0210271586426286,-0.0125882802676487,-0.040874602023294,0.0316536034657704,0.00665134842033404,0.0132161583867968,0.002179463964998
884,-0.0144302629063918,-0.0329792362739589,-0.00599708034737569,-0.0317024015080577,0.0123172879640178,-0.00497461008000901,0.00919579402700909,-0.0159034299394264
885,-0.0185855469889028,-0.0265029218264703,-0.0215550486709664,-0.0263570247261511,0.0386206849629797,0.0283275423675302,-0.0065968648703019,-0.014146187196941
886,-0.0171390792805568,-0.0245063020497381,-0.0141587579352106,-0.0390179745688478,0.0169502033888524,0.0156316153579308,-0.0299080984977375,-0.004375464983618
887,-0.0172425279613351,-0.0275345933140444,-0.0215595240655522,-0.042155819216509,0.0173117817711541,0.0207631252520806,-0.031898623593219,-0.0106107279802092
888,-0.0161913300700551,-0.0265243111881133,-0.00483677146231821,-0.0131537832582683,0.017411110150261,0.00174327995752485,0.021294847598584,-0.0221462643068011
889,-0.0185411725102678,-0.0263908684862714,-0.0299097262142236,-0.0220484385314011,0.0038975527907165,-0.0126922296061638,0.00767661857581126,-0.021517407646559
890,-0.0186542063278205,-0.0293941076440856,-0.0280459910120884,-0.0459332789282391,0.0109537801724515,-0.00105155280713836,-0.0241284550950271,-0.00950190108322216
891,-0.0210994583287563,-0.0206994475950804,-0.0242202108445518,-0.0262026668918073,0.0188781727211728,0.0330304737956902,-0.0190604576738064,-0.0130569542696883
892,-0.0189662101378835,-0.00611812246279127,-0.0124214044633858,-0.0390493439690543,0.0229128917976308,0.00518771186282946,-0.0113846407520039,-0.000635627577284907
893,-0.0308116277994145,0.0127532774112179,-0.0222402656018033,-0.00344940306263342,0.01873601605777,0.00767723658892263,0.0327875985862872,-0.0103838319672063
894,-0.0257166743151921,-0.006286994933961,-0.0242520913380017,-0.0187424492892278,0.0190480451033389,0.00449849088566855,0.0220986360558546,-0.0116730232308782
895,-0.0226414775431276,-0.0120289091915868,-0.021857916497115,-0.0228318088789091,0.0244433391454886,0.0254554297226762,-0.0207661071349022,-0.00740785861799407
896,-0.0113815440509627,-0.0221852364980981,-0.00265166841146818,-0.0240613392092048,0.0375792248036858,0.0167898772962042,-0.0052893048286495,-0.0110238766171094
897,-0.0111152451819097,-0.013782627992887,0.000433812061363686,-0.016077260666532,0.0204648281542948,0.0019950657679259,0.00755396899813091,-0.0151082575249864
898,-0.00598994880371477,-0.0180804738363147,0.00423500727059253,-0.0241666224571774,0.00186688159334455,0.0096785659669205,0.000188860490448434,-0.0187553205054728
899,-0.0129675085623635,-0.0346477294062794,-0.00729573812950405,-0.0265288569717849,0.00636360408364551,0.00174850433564537,0.0179874874332033,-0.0272883619260345
900,-0.00772819352989937,-0.0225062866120519,0.00223168497140624,-0.023235892465111,-0.00641033092983803,-0.00451100423824212,0.000128955268191788,-0.0253291840419918
901,-0.00968567837007916,-0.0145964972337411,0.00962284976019097,-0.0153175781763694,0.0222765252680433,0.018547359096599,0.0109494040875293,-0.0124758789415899
902,-0.00662706897250016,-0.0175327168587839,0.0106884606910765,-0.0179413415523928,-0.00277708636595802,1.79832435577321e-05,0.00102873637706864,-0.0211952158032888
903,-0.0122054282547685,-0.0244171691533528,0.00898514924584465,-0.0249935524864404,0.0260789667398772,0.0368829917060655,0.00898084075014062,0.00426549694902205
904,-0.0111017912170579,-0.017100997763355,0.00901135218711838,-0.0465852435230888,0.00509118641800131,-0.0101433401102181,0.000129785227821774,-0.0319103725763507
905,-0.0201083575411173,-0.0199235003792116,-0.0242819118937311,-0.0334548711177157,0.0150525291647284,-0.0079593665438457,-0.028294569448305,-0.0223285729866775
906,-0.0040768574687421,-0.0114069258183677,0.00545917411662705,-0.00964283523817599,0.00578909470847733,0.00148847464040461,7.5726113936897e-05,-0.00242709172955876
907,-0.00718824722418099,-0.011945006649254,0.00393410496491328,-0.0333354558821208,-0.000849808708094596,-0.0164589050877989,-0.013315173488445,-0.0363433355057383
908,-0.0238441117766288,0.00968677738171445,-0.0106944664468735,-0.00907750461977168,-0.0411660153599385,0.016093091950586,-0.00509829826503765,-0.0137053984591722
909,-0.0300987874541418,0.010926323958714,-0.0308843736011195,-0.01451241587002,0.00882907446742205,0.00248611894051236,0.00719502580630292,0.00188063099104611
910,-0.00947587606448068,-0.0359479535016091,0.00222745912233132,-0.0173006928923716,0.00279421403011896,0.0143493675052942,-0.0121802617152268,-0.00875738039872748
911,-0.0218162138977275,-0.0195755856415844,-0.0240202717513514,-0.0129291628140923,0.0199498288824535,-0.000326235600313961,-0.00114682169812024,-0.00274707960198097
912,-0.00350447648866519,-0.0105248641114971,0.00160237053472581,-0.00783250858175156,0.00740232201897166,0.00395531461519183,0.00391356885224826,-0.013670434972062
913,-0.0146582789420899,-0.0342963408456645,-0.014365162504041,-0.0382251804380581,0.0156087929408449,-0.00348997774742815,0.00327811239474653,-0.0183629518240491
914,-0.00743014164073494,-0.0229184361385101,0.00337691714048017,-0.0243356115541813,0.00764012647509183,0.00143754320411124,-0.0110208729374868,-0.0158481136164728
915,-0.000167717410188072,0.000461008808981002,-0.000296107141628356,-0.000822662520346011,-0.000456511590244991,0.000785853517359508,-0.0042463500210367,-0.000757426231971021
916,-0.0140755623973452,-0.0271616857997318,-0.000577499360309669,-0.0222823010268716,0.0217213497251553,-0.0160088313937668,0.00579260921067533,-0.0197495121705289
917,-0.000415968849529215,0.000943944442753568,0.00129050138324178,-1.35019959298778e-05,0.000833382528284675,0.000797556409765381,-0.00191584088839334,-0.00268648817920628
918,-0.0149226236283469,-0.0396050055977334,-0.0237772697918488,-0.0227360574257801,3.00839455897862e-05,0.0118612171490615,-0.00354914709644655,-0.00333714503175673
919,-0.00264098474229511,-0.00382687225584883,0.00858954582180778,-0.00839792967069047,-0.000349756593886452,0.000829264056055455,0.00421812828975925,-0.00798971057403744
920,-0.00259379160678258,-0.00248964365379911,0.0115673263277051,0.00106091709532637,0.00293252654708185,-0.00275577517308844,0.00296486160864068,-0.00690010020210199
921,-0.0133304318411105,-0.03741185154635,-0.0149321164139203,-0.0296644544567566,0.0169377153092362,-0.00983424167690512,0.000430429061686961,-0.0173204779588276
922,-0.00807386016767092,-0.0196313381479492,0.0203937048590613,0.006374638008497,0.00225179724520437,0.00235131451387074,-0.00437715107422878,0.00164359346736647
923,-0.00148657751153412,-0.00661261580234452,0.000601217464822393,0.00818323727755379,0.00852076243237096,0.00787009682616908,0.00328866308013037,-2.86554437151469e-05
924,-0.0214767183873001,0.00326938825413573,-0.00230136122753863,0.00258717252319598,0.0365799459999006,0.0316481707472736,0.0247077746894016,-0.00857729302050754
925,-0.00909122461608846,-0.0227218787561581,0.0153962149087336,0.0146937787554018,0.00614251382128421,-0.0195172584699068,-0.00403853447266372,0.0090656739939008
926,-0.0134099052779923,-0.02272026659044,0.0164138881808079,0.0202057041226602,0.00307544959074727,0.00696414799663855,-0.00515528959740819,0.00309162998268163
927,-0.000824020915226542,0.00076682259108654,0.000389130629141409,-0.00209651292306922,-0.000967474659126924,0.00786921474131856,0.00535753448027962,-0.00984321247879372
928,-0.00798256073072168,0.00298433742610783,0.0323338844664658,-0.0136206148710996,-0.00922018596276658,-0.0217049693237709,0.00750867225625655,-0.0132611668572974
929,-0.0189212852244839,-0.00280988102800099,0.0120387491192119,0.0125595299473246,0.016263598643558,-0.0383145560089529,0.0203716645786911,-0.0132760301005536
930,-0.00614120746422497,-0.00725100469438685,0.018711424032907,-0.00592174696302304,0.00931664520456721,-0.000994843419942723,-0.00886943225803864,-0.022255463367723
931,-0.00448770696379921,-0.0110314979302547,0.0145263209573945,0.00285094468397842,-0.00636638201045522,-0.00674368834496982,0.00404796648654907,-0.00165210949439285
932,-0.026666662250788,-0.000759696288554647,-0.0243499717471257,0.0246540274945895,0.00447361388198174,0.00483744975117459,0.000341180251509753,-0.0048680725794843
933,-0.0158312818011674,0.0169071027171188,0.0242769497878487,-0.0132401760489047,-0.0199487633736717,-0.0203245282778089,0.0103657481673552,0.00763287360415228
934,-0.0087954378091083,-0.0285739088612629,0.0129555901293221,0.013022609056099,-0.00715366729070395,0.00445586615223569,0.00458758537597919,-0.00660551795984973
935,-0.0138840029959222,-0.00344428488863202,0.0301172029966945,0.0129488129052925,-0.00198868050314188,-0.0252154492665833,0.00289989452579449,-0.012299660875478
936,-0.0194863654058797,0.00735176571117826,0.00946525707255244,0.00876979920217715,-0.00670176772335184,-0.024815864602721,-0.0256425755333217,-0.0131795684478689
937,-0.0074598240685724,-0.013265917708625,0.0178277534107,0.0128248127947709,-0.0106824270807276,-0.000993426460260552,-0.0121161845635908,-0.000869426395190408
938,-0.00428837858926474,-0.0159960614791536,0.00136624808509349,0.0104806691286108,-0.0013244628847453,0.0103296451783335,-0.00239323096449018,0.00284991302619891
939,-0.0127976504026577,-0.00355884736789741,0.0268747784705403,0.00813010809070783,0.00253963659379308,-0.0285836141252774,-0.00317110247469473,-0.011070638307434
940,-0.00941931488594175,0.00535548047166379,0.0380783516926558,-0.0195799058011041,0.00638942698808203,-0.0362618753245769,0.00292812478032549,-0.00126015658416426
941,-0.00931007640192218,0.00551709825252924,0.0310606729479313,-0.00322851152129241,0.0179101932763753,0.0234123328196514,0.000827523955605178,-0.0191728661553516
942,-0.0127796906056145,-0.00263317717781701,0.0225387486861866,0.00253380055620274,0.0188958247475642,-0.045975429193335,0.0116264233851735,-0.0194944899928726
943,-0.0152396386700457,0.00355297451341088,0.00834642390060964,-0.0321279652334639,0.0133384852079343,0.00839728118952189,-0.0205781381506436,-0.00252361820983202
944,-0.0125255039983554,-0.008977167935851,0.0106650677843953,-0.041852377412411,0.0226649956608608,-0.00955003925810894,0.00893111907144613,-0.0258695815068034
945,-0.017264712891673,0.00126835881666441,0.010829529791166,-0.0140434400750892,0.0028981605426831,0.0438525887876257,0.00980362280623367,0.0247179787022543
946,-0.0160262238047223,-0.00142081083141923,0.0118746876774343,-0.0223951066724502,0.0255147613205269,0.0250706091684052,-0.0118918051651505,0.00578101811167083
947,-0.0123516830954261,-0.00236205268462035,0.0169891521363561,-0.0282635087308856,0.0184735051733553,0.0209245128387656,-0.00564818262537318,0.0112613536575983
948,-0.0230476281047637,0.00428769972325106,-0.00279945649298297,-0.00633462034569252,0.0182598862855276,0.0129061081813805,0.0235945032140623,-0.016265756859062
949,-0.0184826086104784,-0.00202386086859586,0.00852205330690959,-0.0123462328156507,0.0384731923911305,0.0361961349624911,0.0269969533408106,0.00611289152935132
950,-0.0127269973040458,-0.0160344766872472,0.0100796375735451,-0.0163424133677936,0.0396295861652196,0.0443920898211142,0.00959335899341166,-0.0153804989095759
951,-0.0174044483725386,0.00708933933165991,0.0203965590828521,-0.0101460002730182,0.0191280356002113,0.0264105302343722,0.025905719202821,-0.00168614443162798
952,-0.0141021397910076,-0.00522945178515559,0.0155322573249868,-0.0212538630907579,0.0171574396096487,0.0293429899383851,-0.0157203041400872,-0.0227903729743143
953,-0.0189610990783523,0.00152871444578818,0.00864554984087482,-0.0237321099833174,0.0205032278157552,0.0223068474613965,0.00161452939314177,-0.00554239950443111
954,-0.0130336082835186,-0.00858721436793025,0.0157514126565582,-0.0236590087775663,0.0259714705805424,0.033830606312595,-0.0131004001906943,-0.0114511723340294
955,-0.0240249542524164,0.00866893471627352,-0.0125196512094193,-0.0293454918203572,-0.00592065379791002,0.0146224629238017,0.014153466020183,0.00889261637635001
956,-0.0181873915607818,0.01028931939458,0.0183422512096087,-0.00295410068054465,0.0314984083121839,0.0132916050438753,-0.0114434398501634,0.0111867889483217
957,-0.0133387446085522,0.007026051715562,0.0214063533340681,-0.0107226635560217,0.0266284692398848,0.0182579351741887,0.00588614833482829,-0.00940645288112646
958,-0.0211635920301286,-0.00193311472543182,0.0019286377734628,-0.0129158177556104,0.0263856231722996,0.0460463251247517,0.0210132549132202,0.0155801041515766
959,-0.020752841445933,-0.0083868953794691,0.006694159841133,-0.0227206220214287,0.0152403124019083,0.050856009142352,0.00999434009999591,0.00583098357916996
960,-0.0121898648109145,-0.0145460944985492,0.0169882847898163,-0.0348192412583616,0.00976327295877893,0.0513967883382879,-0.0035892596252789,-0.0112713713916072
961,-0.0177842158477332,0.000403971309502959,0.0197957469888445,-0.0189980518174586,0.00986889311596447,0.048420494159003,0.00379450098413511,0.0191752875435385
962,-0.00424731870461545,-0.00714888548494557,0.00648025971939593,-0.00899336781694153,0.021400356432863,0.0148358969098073,0.0120469587085609,-0.0059002676257954
963,-0.0191633886214652,0.0165642711136115,0.0165300775471537,0.009392598482388,0.0189076446013224,-0.00087760437916909,0.0315769801948409,-0.00450410726105396
964,-0.0277943787285568,0.0160662073028403,-0.0140482802707304,-0.00464962110169657,0.0168170014806405,0.0308364096599869,0.0168913276573989,0.00324302724567884
965,-0.0218817459984187,-0.000980853277975615,-0.0017249448728401,-0.0158450631132284,0.0104569884018705,0.0404111982810774,0.0181525513788186,0.00487887152518213
966,-0.0149914324915783,-0.00141151585821696,0.0187161785603634,-0.0126979788595047,0.0221484682538481,0.0341302630411458,0.0150373219485756,0.0283747925193651
967,-0.0203956480581088,0.0072695163631441,0.00485633670155985,-0.0104267347911206,0.00771867134772791,0.0449994756910577,-0.000890639585676179,0.0145254476345421
968,-0.0232342629075817,0.00292757692034648,-0.00612167839285407,-0.0118841672859665,-0.00297532820932212,0.0443663040454286,-0.00876842499833944,0.00897434914518345
969,-0.0181009720741367,0.00423521852752644,0.0144494869425319,-0.00819394956936558,0.0105649737972537,0.0521493018182089,0.000731770741807419,0.00788507422563654
970,-0.0200810831980792,-0.00756210772935097,0.000853529851597567,0.0224248693783652,-0.0242962798689109,-0.022581804290051,-0.0141412938473884,0.000526707590647979
971,-0.0275288246739883,0.0125956625971758,-0.0130321843441746,-0.00294970356388243,0.0267484239305621,0.0183077360417538,0.039569673066777,-0.00438173340151082
972,-0.0306347851744965,0.0294350523783296,-0.00870826894791766,-0.00927926734188715,-0.00649922843639296,-0.00696890788461016,0.0119280154343027,0.00992153566388664
973,-0.0151015114963172,0.0156275004145836,0.0206445702990383,-0.0131198964445584,-0.0138478915231187,-0.00780721573014327,0.0189404275210695,0.016054592393569
974,-0.00519545966371379,-0.0147699000859318,0.00258336275668035,0.00546766373449257,-0.00249093625119442,-0.00216496988551699,0.00449284820541769,0.00540237162953752
975,-0.00134824824564734,-0.00560830250722965,-0.00287351376841071,0.00467250830980982,-0.00682662598605878,0.00531994240347679,0.0105794901775538,-0.00613961601000717
976,-0.00329460499869234,-0.0114128155723879,0.00659460473096197,-0.00134596569014692,-0.00103157248653175,0.00353367364526461,0.00376150707228362,-0.00504072640693959
977,-0.0240900214634543,-0.00879932041549423,-0.0286212983501113,0.0203850099979915,0.00442439681753052,0.00462751153355007,0.0246845677160769,-0.0208176912447507
978,-0.0232047437495004,0.0141752699517399,0.000207946995938537,0.00287184504268966,0.0241027806108494,0.012468081390259,-0.00517590878021494,0.00753931202599231
979,-0.0118138743784238,-0.0066708020397731,0.0263481630042515,0.0186346001724381,0.0284736777877773,-0.016620479862121,-0.00459250832964281,0.00410241158618316
980,-0.0113099312821589,-0.0254297006687311,0.00970074524174,0.0167850466523801,0.00325157636847689,-0.0107310721316612,0.00795685518527759,-0.00832300812409324
981,-0.0171004629664697,-0.0220605299911636,0.00120009859592841,0.0298892410130399,-0.0172822253022287,0.0232463504985355,0.0284144167422951,0.0398409750371603
982,-0.0202736194816391,0.0160115219356376,0.0204499168261412,-0.00587519065638877,-0.0012641506098074,-0.0302706917534595,-0.00377361667069937,0.0267096203251777
983,-0.0196100370218234,0.019160183763103,0.018304212485641,-0.0115144376096876,0.00453178421875353,-0.0186910135556121,0.0280011013377765,0.00482015630253462
984,-0.0189985915823262,-0.0155694744758526,0.0028521143566689,0.0205400496277115,-0.0196637373244701,0.00958371687070777,-0.0199054631932645,-0.0139285197516685
985,-0.0149444635328246,-0.0151197696158742,0.0108998236311486,0.0308681151926363,-0.0160919289297593,-0.000537817167255506,-0.000759681982251075,-0.0196667664712838
986,-0.00986032912932775,-0.0184910235974768,0.0125341761369662,-0.000241390702572377,-0.0170255883233862,-0.0113020183244959,-0.0112259195387837,-0.0105361985503403
987,-0.014237465166959,-0.0257127450878118,0.00777422782932361,0.018201630407117,-0.00843661767159835,-0.0030099591667049,0.0156577877678102,-0.0126999054574063
988,-0.00686624158364185,-0.0124028761122564,0.020168619358058,-0.00346725858202478,-0.0056881639681295,-0.00679934435029853,-0.000262009385742816,-0.0104150083994664
989,-0.012793366220262,-0.0293951466660598,-0.00163757921194226,0.0224931865127757,0.00367361971973495,-0.00480008081325288,0.0178295512936944,-0.00116951045410492
990,-0.0179311539212715,-0.015815545734461,-1.80106034099035e-05,0.0262672880268422,0.0200786917943461,0.0327363111375284,-0.0122624560497774,0.0225030865018722
991,-0.00505872502148457,-0.0126847211188257,0.00285691752759485,0.00907099771287144,-0.000115831466809023,-0.00736680405008574,0.0119324047215592,-0.00162190793486593
992,-0.0233822572764774,0.00999726596059245,-0.0079312768543871,0.0183239795166495,0.0135614758201602,0.0119600327345186,0.012067091370522,-0.00486493995251187
993,-0.0286711752067801,0.0196587425246409,-0.0155253692794499,0.0194139503940317,-0.00192440303382834,-0.00981841345645437,-0.0248697473102892,-0.004157808299571
994,-0.0224971948558214,0.0115935733443614,0.00417206941710339,0.0197924722044531,0.0158048900286308,-0.0315222969231056,0.00264861390630234,-0.013637794319521
995,3.3930328787022e-05,0.00308570867190585,-0.00188425141547788,-0.00104557715682969,0.000295812478204672,-0.00586193680153725,-0.00254863802244211,0.0019501410213737
996,-0.00959537961385238,-0.0211998364873172,0.0126291199105975,0.0157030146768155,-0.00368967934368856,0.00565019912893856,0.0105308124864501,0.00446755932929442
997,-0.0150169750665838,0.00700084823108769,0.0153087028340434,-0.0107953569275853,0.00936268964299724,0.0404420772409657,0.000980002910542229,-0.00351913890424031
998,-0.0193652103009793,-0.0286175016786777,-0.022199844155421,-0.0122184944246671,0.0352312869489057,0.0277510282524478,-0.00884169542179866,0.00896964303525429
999,-0.00895486582558619,-0.0262007900691348,-0.000932392958228824,-0.0198548595624047,0.0160943191613872,0.0333125304391025,-0.0198928695035813,-0.00931197839351525
1000,-0.0105406319517452,-0.0311750310663135,-0.00404317615782307,-0.0330100234144894,0.00131501535601752,-0.0118845064069442,-0.0291580550494971,-0.0234142717712855
1001,-0.0131799718662283,-0.0351726563231544,-0.0154643988587512,-0.0479766125970092,-0.00693180207608265,-0.0080739646955048,-0.0338501281724526,-0.0271552438070247
1002,-0.00131155163121485,-0.00597085174659115,-5.59458678647501e-05,-0.00406377510520002,-2.09781934272943e-05,0.00202400568352812,0.00203370187199704,-0.00273035309848972
1003,-0.00299713305876984,-0.00640360448281553,0.00145081512947566,-0.00396784087434742,0.00788187416149702,-0.000510041228373687,-0.00304657588315145,-0.00148441308718171
1004,-0.0293139574126738,0.018450564372435,-0.0176146260929974,0.00128509705075942,-0.00687630410894252,0.0299994869624662,0.00465890707909756,0.00839818641395354
1005,-0.010245123430068,-0.029807931815505,0.00310845582721374,-0.0128250639921272,-0.0201382362717977,0.00406490445258168,0.011953313245502,-0.00818689482869605
1006,-0.0272370875774963,0.0077499979181154,-0.0275289142634206,-0.0163476529826098,-0.0145950901969438,0.0132596146562666,-0.0147039956321308,0.0153533864901266
1007,-0.0219764862379707,-0.00609232852612716,-0.0179152449249647,-0.0139358475949177,-0.00460930919198626,0.0132983056667819,-0.0508354986514541,-0.00474016420842217
1008,-0.0303274284680906,0.0192567744473769,-0.0212381785087335,0.00395594009338468,-0.00596932031289744,0.00526936141313332,-0.0130946679116774,0.0109946503462562
1009,-0.0299172552003302,0.017188979995196,-0.0217932617352337,0.00234247106031638,-0.0158094180832746,0.0126928965163696,-0.0173656531232306,0.0118415331880654
1010,-0.0215496019100459,-0.00578947087703956,-0.0107053668049353,-0.00919705516918438,0.026240994269541,0.0202609980791623,-0.00702880939564746,0.0271131331496725
1011,-0.0164741526287894,-0.0261791553427083,-0.0118765546584941,-0.0234145803500991,0.0155747613494958,-0.0294370860213552,-0.00321258735792017,-0.00760100821060744
1012,-0.0153715203291483,-0.00567827059602895,0.0108422544269809,-0.0373863641825208,0.0243588846164737,0.0280656743274067,-0.0136390187267676,-0.00253958221805227
1013,-0.0265546322847238,-0.000303289646384108,-0.0257422324969928,-0.00975883719349017,-0.00523740871692901,-0.0199932974315349,0.0100447425153548,-0.0159250538445316
1014,-0.0170122973047771,-0.0150668430293759,-0.00964896814486321,-0.0424145379146891,0.0103447568984936,-0.0204594545091971,0.0345726962737283,-0.0153634591341694
1015,-0.0226260884091742,-0.0137378976894682,-0.0271791105069812,-0.0227385051278389,0.0199649331292962,-0.0131562848993637,-0.00787406316597356,-0.0119425378096385
1016,-0.00730976626430494,-0.0106533916101407,0.00399891012266502,-0.0027936598450311,0.0143302924987865,0.0200419388954317,0.0171041344787197,-0.0163811652328821
1017,-0.0209040870170698,0.0129637193500274,0.00459109666720781,0.00716822961402307,0.0398880171927523,0.0130212707896319,0.0282323472610386,0.00627618634273428
1018,-0.0307531143001387,0.0192732929531839,-0.0206951541197152,0.0150228828606653,-0.0323003400953928,-0.00229612917648886,-0.0192537632936382,-0.024495345162472
1019,-0.0317236688627924,0.024174367782829,-0.0215606157205223,0.00360751572127607,-0.0130385718778832,-0.0098906056455201,0.0166572694681402,-0.00592088118916169
1020,-0.0169626259650961,0.0149361385224173,0.0166303128706798,-0.00256645169553703,0.0129736981556012,-0.00499567615124071,-0.020577387173191,0.00720208147450078
1021,-0.0247257667551124,0.0202657594961368,-0.00374325879604384,0.00282708872133971,0.00362736446223121,-0.0358732648040313,0.000885685193338284,-0.00213805670018395
1022,-0.0253559167918058,0.0216543772772437,-0.00887726057003619,0.0105672000410246,-0.0152784945308623,-0.00643767605254269,-0.00440863133987289,-0.0215565402719486
1023,-0.0269169818416449,0.00541940425135873,-0.0282059072204751,0.0163860572917178,-0.00151612302149583,3.48714801406779e-05,0.0147864894001547,-0.00927191333052773
1024,-0.0264933548653737,0.00455886891467315,-0.0227878972084558,0.0203280069493599,-0.0259984288370293,-0.00635718692643806,-0.00498517966459756,-0.0177720329904088
1025,-0.0203283622103459,-0.0258022693156403,-0.0166697818716751,0.0124522557879525,0.0282955804186691,-0.0170617082145106,0.0459722625789809,0.0334557194340175
1026,-0.0315566863135998,0.0255630188452009,-0.0214353396459469,-0.00148777922412751,0.00606932079472223,0.0119850846854756,0.0229066066459289,-0.00282093052148306
1027,-0.00221218934855627,-0.00435441677913755,0.00398427210174971,-0.00068120128077264,-0.00355454833079975,-0.00161717628443927,-0.00332737872951536,0.00245377306453039
1028,-0.022332691977504,-0.0116190372587318,-0.0158978733966252,-0.0195807348715944,0.022272863451618,0.0181181766865524,0.0282903691728288,-0.00518582600193467
1029,-0.0161513797630575,0.0211419425937927,0.0229984283709098,-0.00166636362204354,0.0131702202470156,-0.013614478365337,0.0150141827579092,0.00483554368726307
1030,-0.0264091178585453,0.0301849468282124,-4.50104705678699e-05,-0.000831825509664352,0.017075347108868,-0.0149581896091204,0.0221453807313511,0.00957155880922642
1031,-0.00156208092383206,-0.00156612232811113,0.00509447525283908,0.00029117417970041,-0.00411871439105471,-0.000214816743193001,0.00134016217545896,0.000388636401234617
1032,-0.0231603072757227,-0.0109344956286173,-0.0206390811884141,-0.00299904718263567,0.0126146415570427,-0.00153162693812614,0.0195187764010211,-0.0185362661853439
1033,-0.0260957093611503,-0.0076153624869661,-0.0306156736284511,-0.00609654123776268,0.00954698278894892,0.00215981230276706,0.016232527734912,-0.00762033181825427
1034,-0.00556549200376104,-0.0062592166053114,0.0198752065080864,0.00278112164519328,-0.0165341709269582,0.0168793728407919,0.0115840907987328,-0.00951324105942076
1035,-0.00042479385945215,-0.000348316160012379,-0.000539156599621552,0.00228371291031348,0.00132670839633785,0.0030340199466744,0.00274467795256913,0.000123577163460229
1036,-0.0182391439937034,-0.0263101221975021,-0.00231507867715081,0.0160157726676347,-0.0198404820116339,0.0253132841377185,0.0251183909005357,0.00264158441102683
1037,-0.0107687738711699,-0.0287320323534008,0.0119622085127951,-0.00221478092924283,-0.0196742449169943,-0.00945242859976878,0.00123647195760153,0.00728893070711834
1038,-0.0118835699794527,-0.00402902812829081,0.0243964593250447,-0.000731507604933251,0.0262857981083087,-0.00315587881905006,-0.0129469917862118,-0.00842877239834432
1039,-0.00920391958404949,-0.0187252797258696,0.0200760788388189,0.00589917954997146,-0.00825628950115214,3.97601996465215e-05,0.00521941272794438,-0.0134460000559589
1040,-7.09697609370731e-05,-9.35239335045935e-05,0.000630210709531631,-0.000220133334911902,0.000460862116641199,0.000312239866489911,0.000237048332174902,-0.000939163627060382
1041,-0.00776703337769962,-0.0219284260093789,0.00535153509284586,0.00702914633199546,-0.0056528327751905,0.000621218351129942,0.00931063710444012,0.0102121401849193
1042,-0.00681779127626003,-0.0222671756387742,0.00263032652637804,0.0170617989536003,-0.0132159336196147,-0.00579007230778278,0.00753551282976461,0.00379758730084782
1043,-0.000141939521874146,-0.000187047867009187,0.00126042141906326,-0.000440266669823803,0.000921724233282399,0.000624479732979822,0.000474096664349805,-0.00187832725412076
1044,-0.0107914505004567,-0.021087606729839,0.0135349630659612,0.0225066643091719,-0.00876826354339074,-0.00177128049220253,0.00507242579405771,-0.00905913767897942
1045,-0.0229509285827865,0.00457309083027687,-1.74665326346601e-05,0.0223527580512629,-0.0129561443703888,0.00412828147073,-0.00698965225785254,-0.0215266157487701
1046,-0.00683378757299301,-0.0123514963360353,0.0153385613452114,-0.000364033293981887,-0.00924805414697173,0.00558610747555403,0.00590165211260323,-0.00509126744630407
1047,-0.0122836784690865,-0.0285618595362826,0.00171297787804727,0.00461948092955608,-0.0176976286430917,0.0182626151385696,0.0148164771854105,-0.00432713799068017
1048,-0.0239387167199382,0.00125727390402745,-0.0123110409998441,0.0111603939359114,0.0347678422129585,-0.0153819138031413,0.0194800829246669,0.020837121740872
1049,-0.0232678020065301,0.00360019349610757,-0.0112499299699374,-0.0251976344089345,0.00855877993625479,0.00991455535921683,-0.0319185655682312,0.00532219013071318
1050,-0.0134753921149019,0.0114852670287197,0.0167026028358997,0.0030780106015108,-0.00960315962432973,0.017313474932854,-0.0113114304904466,0.0117757292543097
1051,-0.0286414604147389,0.0298943484478002,-0.0128339611993654,-0.000704142218555757,-0.00933688860354287,0.0047532766222382,0.00920564468571295,0.000511122319684741
1052,-0.0111908222760601,-0.0132895297502558,0.0217257284413858,-0.00996892932135951,-0.0355436854479917,0.0052006040848299,0.0150698022259673,0.0142191328536604
1053,-0.0237159586079399,0.0188876007478281,-0.000690097400931785,-0.0123392958118173,-0.0208599691458954,-0.00112558702462059,0.00711357179325072,0.0198857972872
1054,-0.0150127346196617,-0.0100463660200344,0.0142125559526174,-0.0124416400792769,-0.0333547969691503,-0.00235217425000338,0.0223403446868168,0.0344366352869904
1055,-0.0203400277643421,-0.0335189958546223,-0.0236873184785091,0.00851585021952755,0.0233123799412034,-0.01180867888593,-0.000742615067352599,0.0519753493702552
1056,-0.0209241790464066,-0.0290082720902662,-0.01968680071869,0.0160152253512285,0.0175767754571699,-0.0146333063087193,0.0228800287016341,0.0476024328388247
1057,-0.000868405386476998,-0.00158803787809643,0.00236740852907274,0.000254545245602608,-0.0012234937326159,0.000571099638141061,-0.000502792524351441,0.000869629398113111
1058,-0.00112719466916911,-0.00226473905672665,0.00185141592846104,0.00257591241684638,-0.0012586147924138,-0.000459507918188264,-0.00139979594370359,0.00157646654333639
1059,-0.0180947196070593,0.000382641596356379,0.00745343933857934,-0.00811722611030239,0.0353498452308729,0.00274702935322861,-0.016937813334093,0.031330245477889
1060,-0.0336779200500937,0.0253487717936981,-0.0237193113371188,0.000465467760460542,-0.0164153432728866,0.0115919670012894,-0.00925829166472519,0.00597760534217817
1061,-0.00454332550801045,-0.0152876093231577,0.00875168967593977,-0.00685414885519192,-0.00517897080316269,0.00476595394749193,0.00294320351129287,-0.0049187523766052
1062,-0.00182797680728039,-0.00471370085380623,4.88381906367022e-06,0.00300126148694272,-0.00106587623983549,0.00419721542137956,-0.000953884294997284,0.00343850284725018
1063,-0.000164501662523563,8.70497154219943e-05,0.00096059157351775,-0.000358182630844474,0.000592364385369049,0.000254102427995936,0.000296417434575522,-0.00147704762426402
1064,-0.00822080996166439,-0.0223372585011938,0.00192093550231263,-0.00501056200549908,-0.00361559121896897,0.0068682833495025,-0.00361312493216299,0.013882640200702
1065,-0.000122928187875289,0.000361361944772957,0.00108053918241213,-0.000313034971880547,-0.00347695979489974,1.86066344839487e-05,-0.00279806234543831,0.000254236796584932
1066,-0.0281163467934883,-0.000276376436814271,-0.0192322835907324,0.015464608048187,-0.0149936535349163,0.0111030473889628,0.0048879591784368,-0.0195244254085504
1067,-0.03334364328267,0.0198725967225591,-0.0248837055437379,0.00285152249237548,-0.0057666755977118,0.0293528323257657,0.00188123618129141,0.0132449119317995
1068,-0.00224457963344517,-0.00703241494878667,0.00452880972816909,0.00315237785468988,-0.00987555463173403,0.00242296361270452,0.00309923392803145,-0.00518207613494558
1069,-0.0173486830093899,-0.0337068365298415,-0.0232131954491674,-0.00173709494873974,0.0129628846144598,-0.0117277960055255,0.0128690530341641,0.0327515148952274
1070,-0.00952444704919613,-0.0286900894479588,0.00608600209931488,-0.014110378617362,-0.0260833257886595,0.0151902102164172,-0.00898310686908456,0.00941285888082289
1071,-0.00807839483233585,-0.0273544263321862,-0.00517286257204678,-0.029605805110485,-0.0124512621252754,-0.0214265236146118,-0.0184256076588402,-0.0219573357426952
1072,-0.00617988855070329,-0.00822984220747702,0.00904483995386798,-0.0245397406663315,-0.00221795742248045,-0.00803392154423315,-0.0199957160043711,-0.0158813960837414
1073,-0.00706669349469455,-0.0211620357728781,-0.0036140453977912,-0.0203150172454985,-0.00474766483849683,-0.0167944736734143,-0.0103258452015248,-0.00851341989206583
1074,-0.00267440959768186,-0.00893303647289567,0.00670244240189417,-0.00373979223384398,-0.00174444039955253,-0.000419239311035199,0.000345534406271393,-0.00327836164533672
1075,-0.0156700511154838,-0.0376280943427601,-0.0168342172016291,-0.00847392953263387,0.000311366910897109,-0.0169254226703714,-0.00155965972408342,3.471484164119e-05
1076,-0.0166263616361525,-0.0290075533015427,-0.0132363223607455,-0.0189343493258088,0.00558763588342065,-0.00155541034148959,-0.0146957526930124,-0.00856483605369424
1077,-0.00670928371292134,-0.0136087645360184,-0.00635505693169897,0.00940298786018235,-0.00806043776599873,-0.00877802482791757,0.0185825210169956,-0.00778526136714821
1078,-0.00197711338207245,-0.00925619191331027,0.000921285958871938,-0.00139714662229419,-0.0033914332754909,0.00897237889763557,-0.000342167292399432,-0.00243825564275741
1079,-0.000257560098831953,-0.000978510672219641,-7.61763810515672e-05,0.00054952894106706,0.000573046591014715,-0.00035486381959658,4.87025067384226e-05,3.77131126062549e-05
1080,-0.0128768520357259,0.00157830918434413,0.0259565022704329,-0.00156226819440858,0.0264747944953238,-0.00183438768070524,-0.00766751610422894,-0.0074050418369747
1081,-0.00444590196583933,-0.00856888974989452,0.011190115134881,-0.00945390995531067,-0.0142811877722724,0.00512355359518815,-0.00506203541702793,-0.0100309788598938
1082,-0.0122781148404108,-0.0299331409399373,0.00602155319382826,0.00423715052172558,-0.0120584002864164,0.00167066366160258,0.0136699539929533,-0.0260478597764175
1083,-0.00327332146591884,0.000820977877364367,0.0149791983823172,-0.00201258388096639,-0.0016013776071903,0.000229881680082547,-8.85715656142732e-05,-0.00197278541030851
1084,-0.0253575575972555,0.00628779329329057,-0.0178660996351056,0.0236103973691212,-0.0145400314123418,0.030333749783793,-0.00953188096241572,-0.00304471546246958
1085,-0.0291560767973478,0.00682828838129134,-0.025398567851746,0.00939274761462236,0.0179187731175893,0.00145246555624563,-0.00757282776125886,0.0205093258162171
1086,-0.0165911188443367,-0.0187219597702987,-0.00806962265814827,0.0147112565869488,-0.0126437037046953,-0.0095934742506868,-0.0072170690010729,0.0457484945768626
1087,-0.00254112714663872,-0.00170414545227779,-0.00489631684484561,2.66830594153676e-05,0.00218966778505155,0.00831782463466697,-0.00423151404562153,0.00232755449413146
1088,-0.0233291576224496,-0.00174784063616068,-0.0186047143400819,0.0104681133562978,-0.0294522918037606,0.0272742810010507,-0.01895276784854,0.0435024294761364
1089,-0.0165060558717011,-0.032866529926363,-0.0220291502427722,0.0262383003012091,0.00747581780836302,-0.00164475841371272,0.0120907261142238,0.0214312329245414
1090,-0.0168253170046164,-0.0283630799485974,-0.00256354051679388,0.0199506722888224,0.0391761363499282,-0.00419546086747216,0.0272691174587906,0.0318357695970226
1091,-0.0225362877269234,-0.0201045273739008,-0.0279013283303325,-0.0261155106740993,-0.00424120460484494,-0.0152918665198286,0.00201554537257889,-0.0239832172410562
1092,-0.0277373023020852,0.0108443842304953,-0.0267349156306989,0.0116561955022134,-0.0181363512456673,-0.00225413850159325,-0.00425421711588834,-0.0130274137659433
1093,-0.0150817200532736,-0.0301925310241519,0.0035194135345791,5.13831953145368e-05,0.0304760358143095,0.00638316673901131,-0.0238996778650541,0.0214149257670328
1094,-0.00319309474803437,-0.00670580436261068,0.013879775610015,-0.013776399167622,-0.00793637046971525,-0.01609587849617,0.0032589983548426,-0.000334707861887993
1095,-0.0258273374408677,0.00769171645891675,-0.0245297905774248,0.0138117217473964,0.00827768733127752,-0.00734028843807915,0.0329101818977221,0.00212292660233933
1096,-0.0166264656827447,-0.0302780935723874,-0.00173695574396996,0.0104947852176782,0.00813086861572378,-0.0116524147489327,-0.0130061395344866,0.0225392887681506
1097,-0.0235581188052958,-0.0122894086794658,-0.0226030631200007,0.00928722707448626,0.0156148783500198,-0.0039054355720139,0.0241762380331012,0.0245282453030948
1098,-0.0228869095354719,-0.00730656037159431,-0.0223496925369028,0.0169895756459425,0.000603168199363755,-0.0107279976830239,-0.00283844781062059,0.0157962848933192
1099,-0.015706027481817,-0.0290232252197492,0.000594406538424344,0.0251316063748009,0.00855213194762165,-0.00268511076155378,0.0256338435612776,0.0051214044053944
1100,-0.0268578586833401,0.00226837292707659,-0.0244037979867784,0.0155188875089055,0.0142399551964559,0.0128885950731647,-0.00203573063768523,0.00966445492427839
1101,-0.0235748019187424,-0.0160416629834597,-0.0304760141548601,0.00505657150409965,-0.0156800858008841,0.00360657759208475,0.00396430967887717,-0.00746271335606727
1102,-0.014689181569897,-0.0288332217134274,0.00200541103492547,0.0299250022938962,0.0111410791236284,0.00220641862962236,0.00796354528992824,0.0103515463947363
1103,-0.0159180803042254,-0.0117006052924864,0.00602779305827646,0.024148055368246,-0.00739864517038845,0.0258374770517894,0.000720584125637289,0.0175835671099366
1104,-0.0173556336005807,-0.0288913970101328,-0.0070054037302432,0.0180662212776825,-0.0105945886261919,0.0208450389959388,0.0101022439544991,0.00172923280210678
1105,-0.0348033858210763,0.0236651222859214,-0.0299462470322567,0.00631976213074498,-0.0110399373034358,8.50772115960442e-05,0.0105614793714587,-0.0121876582309283
1106,-0.020586090924109,0.00717930801008863,0.00702397017162766,-0.00556182573482391,-0.0232416008224545,0.0214338768705146,-0.0293091631119986,-0.000748938468566678
1107,-0.0336489188165556,0.0285784413242273,-0.0192804794174566,-0.00343229540896223,-0.0110718248248147,0.0106452219375387,0.0150233055443962,0.00593551272288438
1108,-0.0334843315490384,0.0277856617068143,-0.0216616738022476,0.00295108998004929,-0.00152038476795913,0.0145098665488725,0.00202827821938121,0.0119134536381639
1109,-0.0350849379456356,0.0289898200331447,-0.0211962438727231,-0.00664880102222669,-0.00730646542378028,0.00623813758031842,0.0130602943053999,0.00329108512533609
1110,-0.0277048238189838,0.00749927984246397,-0.0238903601259225,0.00226177743162631,-0.0316049174954908,0.0172242236002715,-0.00393566531071492,0.0243528639922055
1111,-0.0302838487113486,0.0217595828808195,-0.013827680687513,-0.00656031535951549,-0.0248392071125471,-0.00184278000224586,0.0209270016403229,0.0122287441808535
1112,-0.0287876509154591,0.0149670868319338,-0.0199001228123298,-0.0198011471377556,-0.0153243651795349,-0.0137651145822856,-0.0090356347058957,0.010866895250271
1113,-0.0134696626586004,-0.0328580488005407,-0.00930652475163246,-0.00651603882353088,-0.00791098549380156,0.0127840045667156,-0.0151140353795032,0.0169976718928208
1114,-0.0325358642192991,0.018465014333761,-0.0263187327903398,-0.00347226408951951,0.0051257037048392,0.000980212874262801,0.0175712819599645,-0.00245415657285431
1115,-0.0313884896334106,0.0122402385450471,-0.0305506823794595,-0.0128958071792122,-0.00713474404127906,-0.00569654873058924,0.0131454718234825,-0.00117576625293693
1116,-0.0164252749542766,0.0179434335577932,0.0337472157454758,-0.0154063193529864,-0.0183468350386852,0.0202752286713585,0.00207838113770692,0.0453861648271873
1117,-0.0302040514337205,0.0144475670451297,-0.0294612861988769,0.00466815327733834,-0.0360892934863744,0.00613508796331021,-0.00723457295567697,-0.0031933444971654
1118,-0.0326652631119101,0.0134370534023997,-0.0300875865605869,-0.00224404554481799,0.00717457212737448,0.0042884509883563,0.013362901570962,-0.00576683770985331
1119,-0.0322201135178021,0.0192592471963694,-0.0274539374398504,0.00281269827767786,-0.0254666319200427,-0.0109051733490468,0.00735522147267887,-0.00671519487839156
1120,-0.0193523974857603,-0.0144806938149753,-0.0128654266998321,-0.0398063508775526,-0.0226076254383915,-0.026947833207575,-0.00960538280133082,-0.0119766297984955
1121,-0.0317115579139647,0.0312741221854726,-0.0159401947710229,-0.00401376086526328,-0.00649179985131238,0.0106275153971572,0.0178128114436815,0.00306094237151411
1122,-0.0197758518554411,-0.0278136984641841,-0.0223196299314917,0.00674585228094802,0.00867806553511842,-0.00208765864215534,-0.0226636074674546,0.0392704116390265
1123,-0.0246178536148096,-0.0139961106781264,-0.0355264867400255,-0.0213145210021822,-0.00418730353142197,-0.00104104998882151,-0.0204684666284241,-0.0159431543125764
1124,-0.0332119120298349,0.024329752606269,-0.0254784804373381,0.0100264566846646,-0.0212876057539369,-0.0044577883193173,-0.00163006360589934,-0.0221168904445713
1125,-0.0307339414091972,0.0191022021873798,-0.0186436281185036,-0.00866922553471158,-0.0241553214172104,-0.00334881196424402,0.018689355011037,0.00980646784462448
1126,-0.0258737859764509,0.0206835841239423,-0.00521259601703459,-0.00401199508798969,-0.0283547125731611,0.00869019484185412,-0.0035870207303708,0.0257303260513928
1127,-0.0165867567606481,-0.0156917755143501,0.0162944205348174,0.0161187924158517,-0.018477273544307,-0.0179497891128616,-0.00719320402860205,0.0514948740614722
1128,-0.0249962893816049,-0.0127242140211697,-0.0300556286678753,-0.00520157968034775,-0.0115201234562483,-0.0107358970197142,0.0122387557832883,0.0218654619376318
1129,-0.0240316274252818,0.00566086185967191,-0.000922796224727055,-0.013790276352962,-0.0384276390293658,-0.0140125475755418,-0.0373082627381794,0.0342933596049024
1130,-0.0314310482732901,0.0150105730832054,-0.0263367291046826,-0.00536733812133209,-0.0191317992445166,0.00770680002251654,0.0228489000031602,-0.0209193431066698
1131,-0.0299288403592688,0.0245660185232553,-0.018327483715417,-0.00795861485118184,-0.00723758014786034,0.00853147831520928,-0.0145976800815522,0.0126368509326267
1132,-0.0340189665691268,0.0225669535911442,-0.0291268980455687,0.00247064138463973,-0.0165792149097239,-0.00609342978787457,0.0066394139428652,-0.0142176773678224
1133,-0.0318584657906407,0.0239211384533963,-0.0227381258201104,0.0051919747831327,-0.023351805112861,-0.00653242032333332,0.00679649547287152,-0.00306181035911724
1134,-0.0287716308249828,0.00912677887445568,-0.0176559200224925,0.00595690713763313,-0.00203094895069222,0.0404972054892707,-0.0142290761575283,0.0322525987868508
1135,-0.029555120604164,0.00548965889175664,-0.0246939531197056,-0.00656258652914939,0.00965574183757754,-0.00338737737553067,0.00562461981425828,0.0294452438555672
1136,-0.0322714489870168,0.017646654193144,-0.0258746584908172,0.0038176791943983,-0.00277934840363857,0.00221506987502907,0.021861370016929,0.00925049473631029
1137,-0.0199011301288823,-0.0118591638578918,-0.0142326904338195,-0.0454835318970775,0.037342366035523,-0.00192169565028703,-0.0177510617087792,0.000560506339747193
1138,-0.0215974584338964,-0.0108119467814876,-0.0137794150166578,-0.00593646735772885,0.00473808460047274,-0.0484703626728955,-0.0186551393051475,0.0197401429567201
1139,-0.0293758368408744,0.00721308746082121,-0.0314897808237841,0.00916204198837749,-0.0195107163444634,-0.0113368493980148,-0.00407584948879366,-0.0204027130384234
1140,-0.0299834877526596,0.00851935406336702,-0.0352216672905158,0.00804811121609796,-0.00854644703469939,0.00672090226227778,-0.0113248202050464,-0.00451419650315789
1141,-0.0302675981729847,0.016752582998533,-0.0219404430718553,-0.0018649067885272,0.00690807258379062,-0.00590804908617358,0.0131696006628889,0.00904308140406483
1142,-0.0105824933206021,-0.0318357080748686,-0.00247596782816887,-0.0296466112583346,-0.0366735949559897,0.00131814436563966,-0.00773605514626281,0.0206882912366853
1143,-0.0328253860783581,0.0187673912167998,-0.0257636610329025,-0.00141790301345804,-0.0108290765296012,-0.00636167917809157,0.0175306253602653,5.21200217500498e-05
1144,-0.0323489716931043,0.019937968227606,-0.0257677556587217,-0.00645839230646011,0.00658788252485677,-0.00607332565100504,-0.00377514903954378,-0.0040562970688329
1145,-0.0288187550350955,0.00553063316496353,-0.0273565699928048,0.00501170744012189,0.00191966068871107,0.012884857580783,-0.0167790700220841,0.00916063244880044
1146,-0.0140730675791972,-0.032607059895854,0.00229092248526911,0.0449320953326938,-0.0148586731284262,0.0327031550666236,-0.033614450154198,0.00946692444748986
1147,-0.0229575129476893,-0.019437492274418,-0.0349150008612521,-0.0120836860121896,0.00169313538035709,-0.0106946348350505,0.00237110606273182,0.000776659636148175
1148,-0.0242430844312768,-0.00817526912449941,-0.0246450364925157,-0.0012468437319649,0.0111965400909284,0.00621883808313892,-0.0246686452861231,0.0250599464003805
1149,-0.0310648033634733,0.0248925453387259,-0.0151279278742663,-0.00972935105833688,-0.0139811228352963,-0.00527131383324929,0.0167979807997325,0.0110579858101829
1150,-0.0140806174800614,-0.0201276471161897,0.021185455270579,0.00619692270272425,-0.0339313229114634,0.0305015021600903,-0.0022461089629159,0.0120723926856056
1151,-0.0328308179687555,0.0273896265778642,-0.0201355390760263,0.000684246802413121,0.00223698262871033,-0.00220421967611879,0.0227680162051407,0.00155742352323733
1152,-0.023870536189562,-0.00168776716987017,-0.0103126508705144,0.0190107972225758,-0.00484541051304993,0.0157490093131943,-0.026918686670251,0.0575501938674057
1153,-0.0251607887906425,-0.00717508248294834,-0.0325567937265268,0.00241967936185119,-0.00194075409759865,-0.00890976234123796,-0.0286627172781639,0.0109372740770577
1154,-0.0253574390045878,0.000372044360439098,-0.0167642601305349,0.0188073857353961,-0.0225593503658118,-0.0133733941926366,-0.00986130844102623,-0.00567928765019651
1155,-0.0299578965860357,0.0223304091183675,-0.0131127310785341,0.0161406660854026,0.0154469053267674,-0.0035383393344868,0.0189888130167618,0.00869100032663176
1156,-0.0313595768065583,0.0119645926092187,-0.0311806496967481,0.00291456211315004,0.000951163824112295,0.00168853365302006,0.00517443976300274,-0.00737748676328338
1157,-0.0253035554580936,-0.00257319780257876,-0.0289673154472544,-0.0121490884224373,-0.021961733799631,0.00858998738987183,-0.0276663244807266,-0.0332376115812297
1158,-0.0308548500846348,0.0232497550320186,-0.0170324276735733,0.00689642442006774,-0.0240258399417083,0.00347797201073834,0.00734022519966145,-0.00574152828639853
1159,-0.0330537465172756,0.0203912141813653,-0.0265633547735323,-0.00578291551741099,-0.00654677319512209,-0.00110747712817151,0.0182973513647689,-0.0141355697111323
1160,-0.0178712811702708,-0.0299054510071394,-0.0330391977014768,-0.020636348393361,-0.00397459251465831,-0.00740036743158827,-0.0214395251974247,-0.0182609097332481
1161,-0.030706351701092,0.0091950345843076,-0.0338300264382134,-0.00114932021728431,-0.0126418817430143,-0.00740683414255593,-0.0106947358175597,-0.00906222778042617
1162,-0.023362122129193,-0.00469226535177794,-0.0105248910308422,-0.043120342554642,-0.016497165530919,-0.00827348289206509,0.0324619716810668,0.0208460834204137
1163,-0.023356626819655,-0.0128082212999877,-0.0288241010972604,-0.0395741296241567,-0.00301350195057004,-0.0147598524124216,0.000324765495874317,-0.00441470031608605
1164,-0.0122807396108196,-0.0178070134779174,0.0117386423096011,-0.00168174953313496,-0.0419036239027627,0.0114123304805123,-0.00766053898332579,0.0246936311827825
1165,-0.0264662513724864,-0.00123139349358337,-0.0277129910795757,-0.022725143354414,-0.00825315793755982,0.014482662151886,-0.0197361347999979,0.00269021524640032
1166,-0.0248227609386763,0.0122677931405807,0.00322376001601362,0.00393668955580624,0.00356723742972743,0.0108225590912613,-0.0346418547012125,0.0471863717782504
1167,-0.0317242019017198,0.0233670274226633,-0.0225471851676549,0.00719858068966526,-0.0235620965296224,0.000614793773038051,0.0204700222886519,0.000841978389536561
1168,-0.03273855023307,0.0276230115456709,-0.0232367681227312,0.00716422616387028,-0.00203532150417585,0.00640825627010515,0.0122839473644324,-0.00165061339064614
1169,-0.0195872848128189,-0.0278623186406024,-0.0319838163737338,-0.0193896759023384,-0.010029592085196,-0.00407203718522181,-0.0293276602300329,-0.0256818715795927
1170,-0.0249490575983219,0.0146290485039747,-0.0098142020536448,-0.00472696501224626,-0.0406683425137186,0.0126150581093764,-0.00731911588998635,0.0178922760878203
1171,-0.0309566899584807,0.0156521880174185,-0.0225063304085891,-0.0178243093761296,0.000548596749278951,-0.0140307626726691,0.00735126295654148,0.00335594932011434
1172,-0.0295179875660561,0.011526939457884,-0.0239417085948856,0.0081239693835655,-0.0129940131390934,-0.0288955559504955,0.00940671784886911,-0.0182351911725579
1173,-0.0197087796148195,-0.0281552294292056,-0.0239583442275426,-0.00269823322005783,0.0120539538366952,-0.0163785803029495,-0.0096632803873855,0.03343265939287
1174,-0.0311782998557481,0.0229678065888098,-0.0203097088807878,0.00391178632205578,-0.00247707258965794,0.0120860972233421,-0.00633654914422031,-0.0019828439194571
1175,-0.0319085538322852,0.0237798782173036,-0.0253552502445447,-0.00230630598591372,-0.0193139462453543,-0.0089964015306615,0.00719058117329776,-0.00631784353607038
1176,-0.0291971100331603,0.00589599306456346,-0.0308350742556967,-0.010875809003751,-0.00787385646491387,-0.00793035717081285,-0.0106199613871398,-0.0155677846216042
1177,-0.0199153246676225,0.00468429787425008,0.0149336703126895,0.0257966960392873,0.00152335719387985,0.00144446637084118,0.00011469172194766,0.0152199324462693
1178,-0.0293650229068645,0.0122989700964558,-0.0240266090318308,-0.0129295454436685,0.0059049536235618,0.0211844571195412,0.00553234837772091,-0.0156842001809214
1179,-0.0315104879834329,0.029674363272978,-0.0155579812526576,-0.00378287671261452,0.000779089005866161,0.0125580754354291,0.0126652765320112,0.00103618861991799
1180,-0.0235828787592879,0.00284737030757496,-0.00242104019215528,0.017575459438148,0.0319683499252532,-0.000488730528651916,0.031643069769918,-0.00469460460377127
1181,-0.0295829471617828,0.0136305390688411,-0.0243116741008992,-0.0183333943586547,-0.00389358266479283,-0.0218988338838618,0.00387735717799437,-0.0105591456906161
1182,-0.0164689488232796,-0.0321631936140992,-0.0208699125652394,0.000732240366219174,-0.0122299975079748,0.00119572157389242,-0.0344828860134931,0.0361884430725601
1183,-0.02314018656395,0.00857629962702417,0.00155788001654839,0.000893133133484683,-0.0377909811130657,0.0183808202539135,-0.0168484188646749,0.0415242851394296
1184,-0.025087484897907,0.0197988556931968,0.00262779310165664,-0.0139321509105372,-0.00925922265289717,-0.00727081771836843,0.00480246580252609,0.0463958303649202
1185,-0.0325406694546504,0.0212118747067884,-0.0296849866295464,-0.00426070135405993,-0.00689513928553617,-0.00266870604551233,-0.00342163450946398,-0.0110458047839391
1186,-0.0260496894139706,0.000841411792058708,-0.0185895016961658,0.00305359944609993,0.0257493706180735,-0.0149346932760765,0.015310397153372,0.0343254520344712
1187,-0.0319529313002268,0.0190071372251014,-0.0256928338975323,-0.00989109808563509,-0.0113452364193216,0.0174509512716945,0.000615122619231889,0.00972132211467573
1188,-0.0183969709308718,-0.0180628976611238,-0.0094401206953461,0.0347962842595278,0.00217479246639272,0.00551578045245103,-0.0341416740024964,0.0217644197338501
1189,-0.0229190819797537,-0.0189552422105868,-0.0229724772934492,0.0222825600526198,0.0149833142717909,-0.00502725722686547,0.0116389086562815,0.00330223708124358
1190,-0.019685690978451,-0.0198953596481333,-0.0223834805592123,-0.0269059229070079,0.0074064865695338,0.0152944036662837,-0.0407213721736478,-0.00679557463160367
1191,-0.0276970965618574,0.00904496428675105,-0.0196403442973769,-0.00778904439138757,-0.00236783341568521,0.0297471192988883,0.00998162424437156,-0.00536729746683189
1192,-0.0240648460542451,-0.00539525487229999,-0.0246020027630285,-0.0348279624353227,0.00315281205067596,-0.0175631362057272,-0.00472890070856949,-0.0190108028846724
1193,-0.0262732722199352,-0.000798452433135321,-0.0291368240374557,-0.0229953045489441,-0.00885496901558134,0.0105527171374256,-0.0145829593012079,-0.0302813505482254
1194,-0.0259295479214845,0.00759015041694338,-0.0126287147067522,0.0162759739371008,-0.0150465003727414,0.024300173609742,-0.020588250525704,0.0236241111137489
1195,-0.021913104009921,0.00823026122448138,0.0058835640122432,-0.000869931844468061,0.0289716820416107,0.00721546659409713,0.0365544506943643,0.0204238938010806
1196,-0.0284604237053188,0.0164810694118682,-0.0175905529545767,-0.0225407588091561,-0.000320785344251821,-0.0107289357558307,0.0272539922391788,0.00059273100771033
1197,-0.0306764059723851,0.0137328207129657,-0.0289076590103282,0.00529292292710452,-0.0174671072101951,0.0171827886158996,-0.0199663750813549,0.00576121584603699
1198,-0.021130769988912,-0.0197996057851395,-0.0145660393198834,-0.000679139247157346,-0.0134427131230105,-0.00518506053435392,-0.00646841627248788,0.034174367916812
1199,-0.0193024272531082,-0.00181801584605731,0.0137979474541301,0.0115017324777745,0.0303110573666841,-0.0217906622347911,0.007701909637316,0.0446067593396325
1200,-0.031591518181489,0.0300730035308596,-0.0128708049112659,-0.00448708470971338,-0.00101002013458105,0.00720590950176621,0.014627523386656,0.00600809037645495
1201,-0.0265740297531181,0.000484040499773143,-0.0271885836037475,-0.00529533284865302,0.00213404744050963,-0.00776977129517108,-0.0219824855751188,0.00299129018470801
1202,-0.0287485993220718,0.00595243475028461,-0.0209834631292044,0.00706587537801046,0.0145258398506854,-0.00421277686178031,0.0248598733886428,0.016514970430908
1203,-0.030200490325401,0.0136363413223571,-0.0272869855723428,-0.0119284806851754,-0.000961397214773424,-0.00246856244449916,-0.00419852503451743,-0.0084614944651966
1204,-0.0182158587687813,-0.0236408391016944,-0.013609143552616,0.0214192433211925,0.00475768513747847,-0.00200823532382128,0.0187890211686015,0.0214578738221012
1205,-0.0242859396266313,-0.00983532303432172,-0.0273387496720664,0.0101544211739793,0.0202108417355826,0.00585995403795263,0.0051877609374003,0.0194930933512496
1206,-0.0229340827631026,0.0118908184675723,0.00760018043585868,-0.00310316554021711,0.0100318266814401,0.00720249622382567,-0.0219326385819279,0.0517579245123685
1207,-0.0257306275444004,0.0157908024897031,-0.00599451374743633,0.00949203977200299,-0.0174432921491611,-0.00623742129233711,0.0061752360506549,0.0329679810465282
1208,-0.0306276682272366,0.010344498470832,-0.0264206320579976,0.000960414020777247,0.00129425471603351,-0.00967484277992253,0.0211912369844368,0.00816922234007523
1209,-0.0213991949275176,-0.0246338950570229,-0.0256187230240572,0.0101525276784494,0.0116400098807144,-0.00791210939039523,0.0100793501355116,0.0426574076690615
1210,-0.0203946154472447,-0.0058213540185563,-4.90765117566006e-05,-0.0440662156305177,-0.0221052687165875,-0.00358097556644527,0.0286655063134009,0.0346424965450254
1211,-0.0295297629242803,0.0238674925156485,-0.0136750626723029,0.00502356025167571,0.0172749131897727,0.00163626505469938,0.0177423205486675,-0.00958921565076268
1212,-0.0237087691960337,-0.00911323263923921,-0.0232398279972074,-0.0334597286689476,0.0010571173248667,-0.0145442576410592,-0.00758583005097561,0.0130405655486953
1213,-0.0316383405868071,0.0201176306943164,-0.0266137403678142,-0.00873246824737947,-0.00011957588243639,-0.00898466159144391,0.00142724324852818,-0.00383173811251735
1214,-0.0155780855573003,-0.0330286748897013,-0.00699279922509152,0.0200344499058354,-0.00452167983637836,-0.00653736964876293,-0.0159096938251824,0.0303164221985271
1215,-0.0178857251123677,-0.0103170249509095,0.00413747276896575,-0.00191703620587089,-0.0406394412238648,0.00902440946881015,0.00973189026033414,0.0439387175308942
1216,-0.0305156629991149,0.0211023790505305,-0.0207558049179875,0.00833073241828411,0.0199167752042827,0.00068711412498427,0.000227195598070889,0.00789732577195785
1217,-0.0123722168201446,-0.0210132652749964,0.015172331090933,0.0115024937728384,-0.0246412598815782,0.0195756044447264,-0.0133823620215202,-0.00548572108614848
1218,-0.00119296218881616,-0.00261731668886777,0.00200614027512412,0.000721220694539709,-0.00236798108208077,0.00215456307832383,-0.000656819219200067,-0.000129750842749901
1219,-0.00966312356434681,-0.0214131172410283,0.015463162972225,0.0173779080478891,-0.0179210076907484,-0.00175890471175131,0.00473476898349497,-0.00352283835037946
1220,-0.00474889263185716,-0.00612052845281147,0.0119213144632454,-0.00245720743724642,-0.00451837299821673,-0.000149521955813767,-0.00704662394006237,-0.00522000354774115
1221,-0.00153980915374597,-0.00584185013337414,0.00213321530658558,-0.000994812297053882,-0.00228537337887736,0.00364248666034335,0.0015843892592358,0.000656544922382095
1222,-0.000564916477239831,-0.000191511378443668,-0.00151886077948067,-0.00194012095396165,0.00563950374153534,0.00361405143404228,0.00223293000250901,-0.00261774560944765
1223,-0.0127221402192157,-0.0113540541191857,0.0114094066516546,0.000758701549875453,0.0143138367118166,0.00229601516301055,-0.000988606053624293,-0.00693357847303097
1224,-0.0194475829899697,0.0137796525115364,0.00592015835887832,-0.0101996078739002,-0.0224515957227504,-0.00913294267226269,0.0241122157956899,0.00911940036858983
1225,-0.0252014785249807,0.0147027679770863,-0.00419679242116077,-0.0120904846232504,-0.0296309926122845,0.0026866236177967,0.00934478528098856,0.0226456706987048
1226,-0.00614921208176506,-0.00286677942702568,0.0127299231007833,-0.00332311950601859,-0.0134325148861938,0.00558336474556941,0.00841988847429025,-0.0048713280204547
1227,-0.00476732611841509,-0.00841048339186562,0.00946817076508624,-0.00417714795282085,-0.0139056070477016,0.0081194288433415,0.00236318783356214,-0.0044765146306642
1228,-0.00407704097620476,-0.00524598365642689,0.0144916932900409,0.00189506601072873,-0.0110264598458383,0.0147495790833527,0.00793773484447104,-0.00630124616051476
1229,-0.0045678205489893,-0.00673934524796819,0.0108354161399921,-0.000780123078681113,-0.0102365233873834,0.0107962788795188,0.00574692327972186,-0.00730278963306148
1230,-0.00795992548080899,-0.006172091917411,0.0227106230405862,-0.00169702662960445,-0.016161562711281,0.0105895733613055,0.0115374928376428,-0.00293048584723517
1231,-0.0178623698048651,0.0102102486106274,0.00734839395974961,-0.00787411058723881,-0.0240441786005462,-0.0016490104338449,0.0324485332266982,-0.0085595250517214
1232,-0.00489482192426227,-0.00385455317222688,0.0194428499611532,-0.00289682630928436,-0.00930644739900245,0.00217916282693989,0.0186495656974943,-0.00593603873666752
1233,-0.00746732460826112,-0.0252645925557988,0.0108403662555895,-0.00577838977034924,-0.0307876555984134,0.00410726901045546,0.0101037560856169,0.00240931153035315
1234,-0.0127537025911814,-0.00591493213459102,0.028654466814196,0.0102849755647374,-0.0159516391503543,0.0221582728175051,0.0109057262896374,0.0362598625927214
1235,-0.0115643179904399,-0.0222077757618869,0.0142129383411082,-0.00336783247988913,-0.0211165042067769,-0.000632845077587067,0.023077303913533,0.0107133032907111
1236,-0.0109305592518313,-0.0211761128281188,0.0158550397397679,0.000261448625545978,-0.0305477668473907,-0.00503056673458219,0.0174171521581599,0.0220945707426161
1237,-0.0291293435465902,0.0170546997329318,-0.0236574909775857,-0.00993460370119763,-0.0156219212708477,0.00900982357483383,0.0192948877367806,-0.0103667337887608
1238,-0.0150528259224147,-0.0060983521236045,0.00568542533300003,-0.0381619329081643,-0.0253561795685744,0.0102047051799385,0.0160313791505104,0.00737647638215348
1239,-0.00451440933395576,-0.0106234442832331,0.0101769191764323,-0.00444900090977684,-0.0149607927151088,0.00394002916165388,-0.00145009531101396,0.00287168591120127
1240,-0.00847690097192717,-0.012078074061082,0.0200751511504239,0.000906162666705568,-0.0251304145611224,-0.000231546751817795,0.00116150104078093,-0.0102764195066336
1241,-0.0130257113024398,-0.0159910285041242,-0.00261586887511124,-0.0308304585263768,-0.0397562428293515,0.0210365783580652,0.01975003976377,-0.0208092553837985
1242,-0.0227140516408553,0.0152750037800717,0.0021614984846711,7.89321856129763e-05,-0.0208114596548696,0.000793773525207252,0.0287648337868052,0.0139211514949563
1243,-0.0176469383795921,-0.0209734783215934,-0.0107352228668121,-0.0393384114939892,-0.0276871515438387,0.0153274268588599,0.0160974080240209,-0.00909976814867747
1244,-0.00959574603764649,-0.0201222769119738,0.0149995319761252,-0.00341447272341695,-0.034844153149925,-0.00238612536404778,0.0170833927720674,0.00253675266787185
1245,-0.0140619794019816,-0.00199382183653486,0.0170490619552191,0.00546079477245426,-0.0357177040420157,0.00679722824634553,0.0155199415555952,0.0124757757798184
1246,-0.0264103223022448,0.0167656729714541,-0.0128368908742922,0.00938914788954387,-0.00407213866045437,-0.0233779359028962,0.0166713394474248,-0.0158281646462372
1247,-0.0237634335475473,-0.00418596807691486,-0.0188490303907771,-0.0185716537816138,-0.00591069307222359,-0.0260338193833098,-0.00829753114888045,-0.0114320419458303
1248,-0.0249672810861929,0.00876963125977469,-0.0125764118095969,0.00125885803558954,-0.0244067580849735,0.00237410771983584,0.0296217341492026,-0.0057989174202998
1249,-0.0134681965138534,-0.0132091008333107,0.0144820145998453,-0.0126570850656597,-0.03855264009561,0.000231863067878957,0.0171941128603691,0.0257976113567925
1250,-0.0209040572652972,0.0078517213587766,0.00823217891636023,0.0010464611550009,-0.0344028625788118,0.00188313738794601,0.0256518260870301,0.017507652830083
1251,-0.0201314394847613,-0.0156617839698997,-0.0166420254326392,-0.0314339686540745,-0.0314704634393274,0.0300703351062834,0.00752571245056672,0.0142613874994701
1252,-0.00547031198913915,-0.0156854109208517,0.00493852561821328,-0.0041133144889603,-0.0274858864334993,0.0146648437971052,-0.0102336898999784,0.00636618150167133
1253,-0.0223646504044312,0.00262318083742789,-0.00576119342770301,-0.0120289971315674,-0.0272285001234736,-0.00702896561682165,0.0331092821894207,0.0225619224504104
1254,-0.0110104619569687,-0.0245389534609068,0.0184923962808216,0.00726557981697546,-0.00548455250384559,-0.011778549323694,-0.00868179118768228,-0.000517243432668932
1255,-0.0133111143600886,-0.00694499042334849,0.0189975723817533,0.0106776716862699,-0.0158082627296278,-0.0265196247602278,-0.00802509354606521,-0.00352474770741851
1256,-0.0119340924924914,-0.0028213967625145,0.0306243445248608,0.00458075788860999,0.0527316763330646,0.00243199097998681,0.000358790114896713,0.0165914201073537
1257,-0.0190917200720641,-0.0222140109188754,-0.0206723123522807,0.0290846062065144,-0.011904994529221,-0.000996434696757096,0.0105159779165854,0.0137244379291613
1258,-0.0119954918946316,-0.00574317694256109,0.0287811423457592,0.0146848573464717,-0.0337440937584528,0.0116212042613385,-0.00517273717346273,0.00451322853091977
1259,-0.027109143283065,0.0241483888359884,-0.00752404288011337,-0.00861986629763928,-0.00348758826642785,0.0121195283737158,0.0318849042748481,0.011720693840874
1260,-0.0257284284127425,0.00668185314002762,-0.0127514305794101,0.0229767077238633,0.0141818796400222,-0.00546855944992422,0.00460652960866148,0.00138014471453617
1261,-0.0322676345376673,0.0208322173148193,-0.0243008363544653,0.0134106916684699,-0.00966249101325407,-0.00455731780692882,0.0104341819800276,-0.0179762376543027
1262,-0.0113689937974917,0.0123003614350413,0.0270882308455447,-0.0130459739138418,0.0213355558423803,0.0114066372005546,0.00891043581525284,0.00360353022010216
1263,-0.000903015256567792,-0.00578043603596148,-0.00272785100385361,0.00016816588887337,-0.000457667901167564,0.00171517571302879,0.000493606677253894,0.00112985058589002
1264,-0.0207702138303271,-0.0189739158308182,-0.00989514118190203,0.0213553131165994,-0.0413583371951486,0.00836241532925936,-0.00548538828884047,-0.022473691655006
1265,-0.0149962519017741,-0.0399827126553302,-0.0267892084668288,-0.0175572863261762,0.0178849995895873,-0.0103076999051188,-0.00978696012131017,-0.00921962409564273
1266,-0.0119933107849949,-0.00342071415265607,0.0254400267185552,0.0115285053667922,0.035497144516735,0.00404123737573409,0.00764877140379418,-0.00602520329064923
1267,-0.00109694732152896,-0.0059818329798174,0.00223978177229773,0.000316440656154327,-0.00408417233173393,-0.00349956343011409,0.00228431062671825,0.00101235023871913
1268,-0.0131785078602344,-0.0384452652955601,0.00542998846918168,0.0158441236095666,0.000652368918215756,0.00247380971243884,0.0188691111418332,0.00683564075282828
1269,-0.0153070555664694,-0.0182380895729819,0.00739976231489404,0.0146129409355274,0.013253396861803,-0.0156849390343331,0.00667106117438526,-0.00942472987213554
1270,-0.0172917903921516,0.00924965911947589,0.00832742018855014,-0.0043488865185778,0.028623966457351,0.0287485573545422,0.0133443857667438,-0.0101999717050246
1271,-0.00402602212982496,-0.012408210442772,0.00653789263745489,0.00628249071432102,-0.00821532788579933,0.00429081723396173,0.00886380776407577,-0.00466839934593515
1272,-0.0230783562290183,0.0227918421214261,0.00995259107134326,-0.0093762068764411,0.00739186591725247,-0.0191038910830729,0.0108340965439206,0.015018271846858
1273,-0.0194233658894826,0.012736438169825,0.00979745589089974,-0.0195145395538128,-0.0115437953577549,-0.00271448147476251,0.034596436590592,0.0333526428528963
1274,-0.0234657606475957,0.0209831373126477,0.00213247201526986,-0.0120659339310871,-0.00471136133594473,0.00941356004278912,0.0277098743494928,0.0113030556575474
1275,-0.0155000063554666,0.013379848317348,0.0165770251430926,-0.0261747305269008,-0.00334712421895108,-0.00584814389753405,0.0364049048547673,0.0284127607307635
1276,-0.0277720836176001,0.0200736334160572,-0.00987770338128929,-0.0147944519043948,-0.00982589846998295,0.00355186389252354,0.0182346623450476,0.0259226646517825
1277,-0.0227171218534991,0.0171416845469231,-0.00145582789047061,-0.0201623495568019,-0.00382397764199848,0.00180511778441824,0.0248209646226114,0.0217765793528551
1278,-0.0254961916674589,0.018265273609582,-0.00313721969091688,-0.0156656873545802,-0.00062753939044845,0.00545314154897524,0.0261808636709989,0.0220433764766948
1279,-0.0206718644144264,0.0172430675926373,0.00456914459663256,-0.00628672250148981,-0.00818943178325914,0.0105598967212426,0.0109610111777702,0.0125449904832546
1280,-0.0219631081670884,0.026588030092105,0.0158576821076498,-0.00676624403243347,-9.41504057310972e-05,-0.018055962232228,0.00807232338186531,0.019764569392412
1281,-0.0178050883324367,0.0235314739461004,0.0205441135367578,-0.00359052303557476,0.00377838888077959,-0.00991349218807887,0.0136634543145707,-0.000119279881293233
1282,-0.0250972411451096,0.0167379288115638,-0.00477719306244468,0.00532750791973512,0.0286555407964503,0.0182989212755423,0.0127218974465514,0.0156467886858468
1283,-0.0105886470119821,0.00181625978346026,0.0115291104007861,-0.0035290046177322,0.0246609188202966,0.0179341191318527,0.0174839467729314,0.0251619387481355
1284,-0.0103984642421194,0.00907180079014012,0.0394899048915402,-0.0174847307949828,0.00158895435929707,-0.0379034060046875,0.00220741959273081,0.00159123375564539
1285,-0.00210935653864615,0.00231277957911981,0.00858369915801126,-0.00335236827552434,-0.00937948229006219,0.00361762190449953,0.00270738973316864,-0.0044782208709019
1286,-0.00432084093900262,-0.0125868596710709,0.00747202382637928,0.0049245203875458,0.00392176574856206,-0.00575213105536595,0.0104270176769558,-0.00488834979529525
1287,-0.018167999964595,0.0143326398355224,0.0228041542449359,-0.01624793740674,0.0091016083745829,-0.0290744068440963,0.0100916419146883,0.0143790093073256
1288,-7.09697609370731e-05,-9.35239335045935e-05,0.000630210709531631,-0.000220133334911902,0.000460862116641199,0.000312239866489911,0.000237048332174902,-0.000939163627060382
1289,-0.0315960623912065,0.0225257789359425,-0.0219355174326677,-0.00646517453068671,-0.0183693794352332,-0.00244263382368936,0.0237312622421998,-0.00821471704364589
1290,-0.014882332943139,0.0141547695629549,0.0200525293749491,-0.0107685623041806,-0.0183399415201269,-0.00340147813270787,0.0224010386190713,-0.00281340199722373
1291,-0.00918508163374478,0.0105581211662536,0.024259652558511,0.00268642478854551,-0.0139631059307522,0.00327271029407629,0.0180510803480748,-0.00692433482736236
1292,-0.0144122310775577,0.00428376342909846,0.0311659636181377,-0.00623683343697706,0.0147057204290446,0.00964990591079883,-0.0147689795112412,-0.0134431839127839
1293,-0.0201806418203445,0.0141265440682944,0.000819364018575318,0.000898065313138924,-0.0281998066774818,0.0204158592525152,-0.00767539129139774,0.00696906122511944
1294,-0.0206550982818455,-0.0107826998373031,-0.0120857357093855,0.0262254904978603,-0.0119708566733647,0.0100426690278552,-0.0254213098005915,0.00202221374748548
1295,-0.0282236893927966,0.023583025630493,-0.0126700646913746,0.0101838020910953,0.00794596415125205,-0.0036308394533828,0.0137339059033282,-0.0164337964651894
1296,-0.0305930899260044,0.0165244766959712,-0.0240287839505907,0.0106111087983208,-0.0182066712381643,0.00859038284098853,-0.0173243813197219,0.00331897786153711
1297,-0.0193166638150691,-0.0102938330088102,-0.0072177870395534,-0.00100218954535192,0.0168152107750228,-0.0202186555770906,-0.0328566437681281,0.0374990274520751
1298,-0.028945655313968,0.0295765073489971,-0.0119346236887095,-0.000407856642930737,-0.00150473539712718,0.00400318316020729,0.0164697186111451,0.00686412142967307
1299,-0.0155440101184094,-0.022183545037306,0.0036849573260167,0.0193520523258111,0.00789260704181131,-0.0179176133811821,0.00772425816431863,-0.0383231524257214
1300,-0.0114568821492724,5.18352803143219e-05,0.0253703563724507,0.0120398428982482,0.0434473775925876,-0.0206935551584547,0.0191765533840897,-0.0154838104940468
1301,-0.0121753360230436,-0.0212748968277104,0.0160969628856854,0.0360314958797311,0.0120655937448623,-0.00046517726669556,0.0229910937725517,-0.0137227272826277
1302,-0.0180778568872663,-0.000392160829416492,0.0162523704600294,0.0134438733427809,0.0172043360049069,-0.0490949358169986,0.0188766597043572,-0.0152419700894202
1303,-0.0124813279640133,-0.0161696924315706,0.0179115367363778,0.0159950056602206,-0.00723773804606341,-0.0421756229520503,-0.00213819335664947,0.00102219926825741
1304,-0.0192166448231776,0.0124224944213538,0.00731989889641315,0.0097775410869306,-0.0263633115408291,0.00934532738433708,-0.0461369902126822,-0.00756735294962839
1305,-0.00943071619892675,-0.0298331707186236,0.00495095729978228,0.00740486762886792,-0.0126201568588873,0.00743082939490252,0.0201040408434012,-0.0015075232524802
1306,-0.0257838833420944,0.0222610054588362,-0.00447701190922099,0.0107129685676135,-0.0199316880139997,0.0141660722176182,0.0211163226549076,-0.013463549619275
1307,-0.0279830041882265,0.022775068635884,-0.00896614005051708,-0.00171076883181777,0.00746901215056376,-0.0172185388330457,0.0281301093624778,0.00403851853317178
1308,-0.017177857976883,0.0059874554120157,0.0161172440309853,0.0027705784975004,0.0398279205897598,-0.0166641842643735,0.000855453281006967,0.0131500581151022
1309,-0.0127554083967602,-0.00669212368069269,0.0238169189187276,0.0172261022919831,0.0267703063174558,0.00603426393892949,-0.013587519340918,-0.00286399061107053
1310,-0.028002956960264,0.0101026543064135,-0.0165246171905666,0.0146771066635246,0.00742602120191603,0.00859547721190059,0.0322860946294146,-0.00677783545874168
1311,-0.00887654134615272,-0.0301739387650798,0.00846517626531223,0.0103168014184696,-0.00967108073677573,-0.0062033791993181,0.0157261902352664,-0.00430125683274372
1312,-0.0131204831363029,-0.0261122607819577,0.00588016953507513,0.021981896173008,8.72786978934532e-05,0.00279566748923299,-0.010065564029538,0.00827356549080308
1313,-0.0193620719375645,-0.00565734124336667,0.00986256010295011,0.0198370560000084,0.010427078194639,0.0229668962761727,-0.0324608818874039,0.00152699272505179
1314,-0.0115131579019298,-0.0309834653490292,-0.00626265116095279,0.0118484594027696,-0.0057858988208461,-0.00375426184408072,0.00247333196775256,-0.000755702827476917
1315,-0.0178256764864507,-0.00335405828127986,-0.00022819827422242,0.0217291954898889,0.0370980332334464,0.0365613393907268,0.0380093256949101,-0.0100082022332603
1316,-0.0099283905968239,-0.0235898914422513,0.00421822071345502,0.0182215198665689,0.011906155511987,0.0051909812509511,0.0101291008986471,0.00774664257748825
1317,-0.0178787997738982,-0.0307500919311029,-0.0241843553957459,-0.00858700613033562,0.00373884866717093,0.000492719002482021,0.00479929282129653,0.00377117445837219
1318,-0.00469823075993142,-0.010876603776478,0.00231296388320133,-0.00367489171476093,-0.0102853118849216,-0.00420718570674091,0.00104491599573807,-0.00985027629433077
1319,-0.0082690019619933,-0.0123645195065601,0.00804412786998115,0.0117587316471785,-0.00278748221130053,0.0109902217390095,-0.00652208921116629,-0.00348383973955607
1320,-0.0154416529119611,0.00738515443679538,0.0198071593808043,0.000539199114607578,0.0239669337554315,-0.0494915175487962,0.00551817058597445,-0.0046904990160237
1321,-0.00607290339927438,-0.0253807969937964,-0.0190032659493661,-0.0141694016722388,0.0010371236779292,0.00804501288378198,0.00364076896325484,-0.0234253133201853
1322,-0.0176263969022463,0.00140543530213822,0.0168906987110114,-0.00156674456589212,0.00588831061471007,0.0192124158841987,-0.0360077637678417,0.0121695510002144
1323,-0.00731055525567656,-0.00905506632907526,0.0165960018689224,-0.00430304900279036,0.0097249565726541,0.00621542318751899,0.0168863039391273,-0.0221087715375649
1324,-0.00797935803077257,-0.004871166114475,0.0282959547520703,-0.00277012094566173,-0.000968287067100768,-0.0170017127982257,0.00338702713574549,-0.0102885232014829
1325,-0.0116515306652219,-0.0287964992363988,0.00183959797331074,0.0110116981796596,-0.0133619250788805,-0.00460982863862037,0.0216880458400572,-0.000311063006097233
1326,-0.0186688751903003,0.0129017729130782,0.0174626192291805,-0.0138943164797013,-0.00465603358084363,-0.0226564888954224,-0.0245903606995897,0.038822888274828
1327,-0.000300693278041803,-0.000666311077729021,0.000780755842320359,-3.68058115431403e-05,-0.000223323872644024,0.000134927026691065,-0.000515774268955242,-0.000225574333257912
1328,-0.0124292304782144,0.0155810062723987,0.0276336157846698,-0.00759467484996791,-0.00818624903835189,-0.0102501853732044,-0.0240831546445199,-0.0112030166236553
1329,-0.0107995306429964,0.00384782773244146,0.035427515624466,-0.0148142925095018,-0.0028088165965182,-0.0257114769991864,0.00800768869506391,-0.00519552225526403
1330,-0.0007411756638428,-0.00104734173222161,0.000597247688183357,0.00253824701262707,-0.0103513325517992,0.00459315650784478,0.00733923792689335,-0.005177704325583
1331,-0.000787906699588343,-0.000948803212185951,0.00114412647652475,-0.00164636722928291,-0.00817475733925446,-0.00515364750581292,0.00812582993174101,-0.000192370850128927
1332,-0.00451383649378435,-0.0117370716052496,0.00763101034746216,-0.00640516179088688,0.00797974069714404,-0.0010373706503072,0.00738787722606389,-0.0147288068829945
1333,-0.00829503828811067,-0.0166918473599428,0.0125997167776866,0.00647810911457183,-0.0112272457848264,-0.0148229783330332,-0.00113215048879099,-0.00699476487066273
1334,-0.0131314744863859,0.0122178793523387,0.0322277875069689,-0.0164119789298583,0.00682825148662432,-0.0198106734983532,0.0224657224884706,0.000618900758118247
1335,-0.00786908087435042,-0.00104550525861421,0.0310580109894152,-0.00842196950774259,0.00245315723494968,0.0058270227534648,-0.0141802209030772,-0.0235984896743988
1336,-0.0123119312939761,-0.00619270237250248,0.0269451269041366,0.00369253105329662,0.00530464203199666,0.00569312576669415,-0.00127182970349534,-0.0139395033672751
1337,-0.019857122994339,0.0012270630471275,0.00966960745469196,0.0100575102100257,0.0278054479032285,0.0110445523830193,-0.0276171787407427,0.0239668671589207
1338,-0.0140533388921942,-0.0105246159646741,0.0200802169851249,0.00861719926288378,0.0115846753370256,-0.0248375187862693,0.00820836473037433,-0.0176852465851681
1339,-0.00464737602166272,-0.0124482633160726,0.00553411960215738,-0.00122097713274345,0.00222363402674068,0.00347422180263757,0.00484759989762893,-0.00429613687541152
1340,-0.00886455425016403,0.0112213660928049,0.0304892669253012,-0.0127963704180006,0.00741622421080909,0.00603521385374555,-0.00869703537853468,-0.0187775646220894
1341,-0.0205090372753144,-0.0204035987890187,-0.0215120980490248,0.0303671359331511,0.0137854757834167,-0.000249704088913891,0.00298428014164716,0.0383317103321294
1342,-0.0131173279313401,-0.016449086696815,0.0221175477204725,0.0172982141629181,-0.00688769047265537,0.000959522765308923,-0.0140484405129853,-0.00612184875587273
1343,-0.0268461114638064,0.00448083341726487,-0.015375625785152,0.0217908992749477,-0.00113114474901337,0.0303266583547151,-0.0237299540322504,0.0171534961756962
1344,-0.00755954470722432,-0.0227348367891639,-0.000583578937395896,0.00928349147154978,-0.00213440412392878,-0.0130489292215191,0.0059926632525841,0.0098969725141619
1345,-0.0102512544426527,0.000690179365926976,0.0232982130990664,0.00510206179089708,0.0326975565825043,0.00885041064510303,-0.0105328449732109,0.00664048189581942
1346,-0.0135665938972571,-0.00996155973611794,0.0161655810011683,0.0264112462394969,-0.00118547718557357,0.0106851632532341,-0.0230506960627059,-0.000402895811322736
1347,-0.00708200244965272,-0.0160906526664353,0.00784677995226066,0.0125563315609838,0.0175275658935094,0.00336199377064992,-0.00470614191167199,0.0112501164830258
1348,-0.00882177051764059,0.00567916031365781,0.0292495422005691,0.00737084504594144,0.00367386559308065,0.0204803641744346,-0.0152041362053219,-0.015432867030685
1349,-0.0149409960576666,0.00380478640710495,0.0255643514179272,0.00706254936453499,0.0393718792350333,-0.00772257184420493,-0.0184569072802132,0.0103033751184039
1350,-0.00834976637668686,-0.0150021870583373,0.0153533710295135,0.00495316196101197,-0.00210048441041199,0.00235723555980807,0.00449907411581009,0.0063615030579116
1351,-0.0195943264035999,0.0151948618443217,0.0144941247246686,-0.00589190961281489,0.0132320167576234,-0.0409616762298685,-0.00399851780447384,-0.00196909627918614
1352,-0.0116019117361359,-0.00223004455493712,0.0179531903413517,-0.0141880013947683,0.0195247459622862,0.0296679003044304,-0.00824871748755982,-0.0164073496194173
1353,-0.012432010324659,0.0100867496419359,0.0260587377023958,0.00217466306876681,0.0108753854404386,0.0134108737105851,-0.0192163322725527,-0.0276815416622051
1354,-0.0101896648418847,-0.00844250614081746,0.0249455454077841,0.00385835891165282,0.0243577980267092,0.00565390981097747,0.00199731051873479,-0.0206281793952762
1355,-0.0147313589588635,-0.0163583284494919,0.00823765642074915,0.025507500406047,-0.0346019243587502,-0.0053514883837469,-0.0051877354089947,0.00491917659417402
1356,-0.0180013350815111,-0.00869469963481991,0.0157419152473526,0.0186880316151208,0.000728281886688044,-0.0300590679222626,0.0305848991175826,-0.0329734320514546
1357,-0.0282492352649409,0.0191137160330808,-0.0155894560479494,0.0117974232525726,-0.011594276992617,-0.00848982300460622,-0.000263295684429642,-0.0211129576338129
1358,-0.0138099507486487,0.00568504028893262,0.0217617424246996,0.0107587824764191,0.00329847054817161,0.00306651226390738,-0.0269996917406636,-0.00591226762945024
1359,-0.00145137753781879,-0.00288827941872715,0.00657894284332901,-0.00252493519350041,0.000638192741945213,0.000709164217880201,0.00170893634905798,-0.00501032903394645
1360,-0.00250031737384888,-0.0105356458170348,-0.00250461380721494,0.00606071115989009,-0.00447686850343277,0.00153348763097885,0.0126302283386816,-0.000299116683072353
1361,-0.0108613452420343,-0.0168374496043883,0.0260279117445606,0.00351090896838538,-0.0175533318651301,-0.0359568947233108,-0.00755065445996077,-0.00413694408471198
1362,-0.011408220699109,-0.00583356986930031,0.0139079735343962,0.0118353692520987,0.00170343860784641,0.010526334112806,-0.0109681278738532,-0.0108177383545142
1363,-0.00885930562456066,0.00528961745307004,0.0296538327246767,-0.00966722770244073,0.0234569043717407,0.0211554329394229,-0.0130296272975968,-0.0087104561272455
1364,-0.0143528201888353,-0.0119034726759276,0.0145583158507345,0.0157906292249922,0.014187133676891,-0.0145696540337528,0.0282204093872292,0.00626368881134547
1365,-0.0224292862956417,0.0135253063168186,0.00405958297417083,0.0162644335985644,-0.00632960423548479,-0.0101197769259612,-0.0316949000452892,-0.00655681874017453
1366,-0.00950570466028591,-0.0148651677381955,0.0229406208125796,0.0151670509780751,0.0176981520447127,-0.0103168520299039,0.00773688308180021,0.00818742253271353
1367,-0.0172313426010432,0.0179220703883268,0.0288742279933041,-0.00655520400841179,0.015882692061022,-0.0308720798847344,0.00656838722619278,0.0332856350294192
1368,-0.0176746154809934,-0.00729526980615175,0.00997410664508704,0.006666260818645,0.00102105134480516,-0.0442104985697258,0.00335389674318105,0.0425198792525312
1369,-0.0143900284334576,-0.0207955216272199,0.00764593227066092,0.0230055164762762,-0.0105759335362577,-0.00833809072226733,-0.0105144465206886,-0.000104155159634206
1370,-0.011574255967324,-0.0159572270805867,0.0143780449557098,0.0130791176538346,-0.0265209657024586,-0.0103354233341686,0.0156785545579856,-0.0211052189015707
1371,-0.0175280869063365,-0.025231248183692,-0.0105591506836372,0.0320835070583382,0.00190893246907287,-0.00621026406563671,-0.0178371997853441,0.0146149194824442
1372,-0.0230530875726539,0.0226434261498767,0.00742037242976609,0.0030888788157829,0.0152506647851719,-0.00181666709844471,-0.019167177581888,-0.00401372695419493
1373,-0.00428254005561933,-0.0141152727945025,0.00561872063689291,0.00521116615902371,-0.00162353283277181,0.00332387444164327,0.00766829522321196,-0.00293539811922339
1374,-0.016390207030169,0.00209585393098075,0.0161345414297706,0.00947097360876761,0.0320775039134259,0.0082516590790428,0.0244560203953559,-0.0179430516101723
1375,-0.014943739085935,0.00840142678331138,0.0247498438214441,0.000891730716256749,0.0139924707403872,-0.0427033527579452,0.0128969387880404,-0.00324366340451264
1376,-0.00849072079762441,-0.00448636927521427,0.0269375786079753,-0.00669414944101865,0.00821039860991545,0.0318859460244934,-0.00899346481827413,-0.00941716487940193
1377,-0.00520109913364697,-0.00556928330158289,0.0157449277234979,-0.00692537638818814,0.00219534232731844,-0.00490550993012423,-0.00764879079817097,-0.0124345523340727
1378,-0.0073948063138748,-0.0199230805010029,0.0114456683472124,0.00907569503371807,0.0047332740503298,0.00037676171365492,-0.00600948303239816,0.00986753100689754
1379,-0.00345182693300683,0.0106694500127423,0.0208227144405985,0.00466052574079445,0.00184354811943598,0.0165733588582699,0.000622017363624154,-0.0118217001375718
1380,-0.00462350959311831,-0.00232064315522029,0.0165665390555608,-0.00925975664315571,0.00156883729452346,0.00361999745995854,-0.000181538017302523,-0.00412791299864466
1381,-0.00764497624974493,-0.0135022597032639,0.00601454138377382,0.00423867216684995,0.0262622488720145,-0.00548756549331323,0.00763648180456609,-0.0203807035277061
1382,-0.00680916941190036,0.00487871848016375,0.032380569595885,-0.0132074577557084,-0.00563647984476256,-0.0128833038905396,0.00325911446257554,-0.0013040602543769
1383,-0.0154104509307943,-0.00783384879471944,0.0162250925741619,0.0238639146748186,0.0275068932603457,-0.0120761931529581,-0.000209638138152651,0.00897539526916472
1384,-0.0118726369923876,0.00836894307797957,0.0182319109294217,-0.0118571548561836,-0.0106180253486909,-0.0102497529062095,0.0216578341275115,-0.0123409485673632
1385,-0.0287089556580954,0.021050372044415,-0.0148561894347381,0.0119136200810783,-0.00504074162899504,0.00538933259490457,-0.0147400787442075,-0.00399111061701519
1386,-0.00644067761846968,-0.0143312975350302,0.0156790811574681,-0.000465229405098315,-0.00279500330914326,-0.00337091459900988,0.00122903737550821,-0.0057887651795742
1387,-0.00576754856995198,-0.0188381820777424,0.00306822604691247,0.00712068410037984,-0.00775621248198861,-0.00189456426179274,-0.00320430847264936,0.00268342172039835
1388,-0.0123897178734699,0.00715163443247736,0.0184277471274759,-0.00315535855322895,0.00291290790854039,0.00300230665117725,-0.0251206006682036,-0.0169284253905261
1389,-0.00760521149520394,-0.0255013549755172,0.0104027694042787,0.000206295480810103,-0.0125067730179291,0.00441522362458646,0.00937476420095974,0.00409413386216811
1390,-0.0117368605916668,-0.0265706035764927,0.0105223011424372,0.00505351567593605,0.0139231943114403,-0.0219523829778137,0.0206412446011431,-0.0127639733862027
1391,-0.0110841084422056,-0.0193908993490801,0.0214920283623233,0.012799303427584,-0.0167546489792371,-0.0171084154456937,-0.0154890410711873,-0.0115666961319853
1392,-0.008290221809953,-0.0207201529903536,0.00803414809636332,0.0251476782962987,-0.00545945850961512,0.0102363021531558,0.0206525467545327,0.00270755749744426
1393,-0.00110762388169469,-0.00370376825141298,0.00334799322663611,-0.00181584769899315,0.00117049041019714,0.00123999271097354,0.00118317060031598,-0.00300237708906652
1394,-0.00894895027548397,-0.0240066713210862,0.00322287297336225,0.0121530291543579,0.00126041029729053,-0.002556059233754,0.0106959675706742,0.00680478062211856
1395,-0.0211972029998293,0.00838226496695692,-0.00499067773586776,0.0107538394836609,-0.00176387679996094,0.0161013020352738,-0.0266353580242401,-0.00995285087409829
1396,-0.00353762612298993,-0.0108526248950794,0.00415521479295027,0.0030472676797323,0.000286640043624065,-0.00627769116673701,-0.00248575843605851,-0.000594252745896117
1397,-0.01109722361339,0.00743182296537544,0.0360205573847401,-0.00412531230459377,0.00708913407086635,-0.0188978557431049,0.00902120599714223,-0.0064739093648665
1398,-0.0146042991861329,-0.0221982471355324,0.0103919457179056,0.0141673056494655,-0.0114200081679032,0.0136857573790195,-0.0189021464244708,0.0136337840386062
1399,-0.0284842723736739,0.0280378074402179,-0.015112912208864,0.00846803897648073,-0.0213046916821006,0.0157078064410957,-0.0307332102530198,-0.0103506372273492
1400,-0.0187928573815876,0.0099766943694634,0.0238007637693119,-0.00862317527539485,-0.0079411483812624,-0.0344828502348487,0.00614262093518721,0.0189127786932568
1401,-0.0031721434789379,-0.010776292803685,0.00687409547309934,0.00755405351293707,-0.00522164988232344,-0.00250403296170086,0.00649108800626405,0.00924879132580591
1402,-0.00584302037532949,-0.0103925622554448,0.0158669988238981,0.00129214055339957,-0.00045120626554685,0.0010962787243533,7.04808160801743e-05,-0.00225239300546745
1403,-0.00275088059620965,-0.00749799441398117,0.00889636453847967,0.00505818705814624,-0.00530073881134692,0.000521092421951951,0.00525710666106367,-0.0021221135049819
1404,-0.0105363886562684,-0.0033016488846572,0.0257080870987544,-0.00031193675710169,-0.00842205462946408,-0.0326749422783975,-0.0153656958487083,-0.0147333189256003
1405,-0.00705721696859394,0.00140964217331976,0.0212645837413575,-0.0149929681290389,-0.0160469680917802,0.00875318621230553,-0.000660433758116489,0.0214050367283961
1406,-0.0102327135008845,-0.00418101034116479,0.0267820638119349,0.00783275183751569,0.00591253987422863,0.0114267155064006,0.00339840099702219,-0.0209862953605498
1407,-0.0262564249146166,0.0259534153395402,-0.0030877084420219,-0.00238318320295261,-0.0144220990097272,0.00616688573882772,0.0109248179600887,0.0200741337485164
1408,-0.000778144708848009,-0.00313011950653712,0.000429930598666447,-0.000530158711783413,-0.0016575288709014,0.00186192864322862,-0.000954605078697655,0.000193041632278286
1409,-0.00948091381764323,-0.0168339811379144,0.0134310982668122,0.0078983784985101,-0.0251433424272209,0.0208087427594162,0.00324631054624599,-0.0127898776274484
1410,-0.00705489790824737,-0.0146773904679777,0.0158837785605019,0.0091687074827473,0.00805609439679378,-0.00597017372009706,-0.00407522449979983,-0.0125297868583492
1411,-0.00228279764938867,0.00155077578131921,0.00915144336533343,0.00607190397874462,-0.00224841079190418,-0.00537877009498751,0.00434372554229578,-0.00580915438213564
1412,-0.00962480250482387,-0.0319590404481917,0.000601916885319488,0.0139426059163938,-0.0081964121696101,-0.00424010555149364,0.0174051981056193,-0.000403398195894454
1413,-0.003741261461288,-0.0122273517686477,0.00277141937638635,-0.00324002289369473,-0.00161750074808771,0.00227537197319165,0.00338884664125627,-0.00462178746390914
1414,-0.0139351868079722,-0.0250378266846088,0.0083053165103383,0.0360753602586736,0.00804404919959545,0.00844066876942179,0.00649416412969703,0.0127863888277267
1415,-0.0267844908706845,-0.0013906576088217,-0.0217014929386751,0.018716313394507,0.0141629947318607,0.00643282572016195,-0.00827172879272081,0.0112351628488115
1416,-0.00122849381560946,-0.000293335639502611,0.000982357914032541,-0.00311283102602326,0.00152396302429315,0.00915027670921674,0.000771943257542318,0.00182081178647465
1417,-0.00505465370372659,-0.011926364669819,0.00889643885372751,0.00636358634086817,-0.0067105942360791,0.000986582533741767,-0.005163145595976,0.000772094981800405
1418,-0.0169560344915327,0.00552897755731612,0.0187045039524725,0.00554712377983806,0.0273277534736818,-0.0116722717710113,-0.0252979148171178,0.00321315560909671
1419,-0.0184943965858332,-0.0154243778842482,-0.00587192837035702,0.0264842959930035,0.0297134295074411,0.00711413144647577,-0.0118260956676869,0.0149525399377552
1420,-0.00415871951494842,-0.0156020680554732,0.00721592795452382,0.00615996094311783,-0.00900166591356771,0.00600626035185208,0.00540441227167843,-0.00144547282145363
1421,-0.021111562986252,0.0238960112079839,0.00206062629192497,-0.0138232202973822,-0.00710636313482728,-0.00116801500335166,0.0303415125506245,-0.0174866900552491
1422,-0.0148264124513872,-0.0354454442670259,-0.00428445629946633,0.0434720123551735,0.0111950269540205,-0.00869187704396176,0.0285013078321287,0.0035527337716527
1423,-0.0134899109029165,-0.026135481052613,0.00203472037248061,0.0132285333203324,-0.0296582100396235,0.0110589787709086,-0.0291574993883018,0.011316453962158
1424,-0.0108983309833851,-0.0133103279005499,0.0193664955738502,-0.006784811923177,0.0192286329271585,0.0210144211029413,0.0118805627604866,-0.0222338227503251
1425,-0.00141345512878829,-0.00371154240030228,0.00228221393188137,-0.00158035205756737,0.000117422617304346,0.000913989410308814,0.000733073563210154,-0.00165943387441785
1426,-0.00638507753324422,-0.0171372571761343,0.00778407239942782,0.0056824307799324,-0.00064466890312865,0.000265995815852051,0.0123809733531748,0.0111850295457346
1427,-0.0109098669764349,-0.00454429967902032,0.0323241794755606,0.00285150252393168,0.0108247661419762,0.00116411399864311,-0.0174263723571326,-0.00938619359588548
1428,-0.00888635252419374,-0.00572221435668619,0.0287898962021399,-0.0124339246453094,0.0131178837921065,0.0157230056207627,-0.000986672906839502,-0.024076445071282
1429,-0.0210879932129113,0.0246839211477555,0.0121702593235719,-0.00450395186381709,-0.00133140929577737,-0.0156023177599058,0.0154692260891444,-0.0108294185654455
1430,-0.00197513918553757,-0.00521521882259761,0.00532058868573234,-0.00120632421461554,-0.00204967004333026,-0.000922902449151532,-0.000635171840948229,-0.00393987129208739
1431,-0.0144453067801735,-0.0273172248907072,0.000786879781851757,0.0254002247926618,0.00848984399332829,0.00376040415141926,0.0230754102583793,0.0271224565686218
1432,-0.00178036577073079,-0.0040337682283881,0.00295950868164808,-0.00361006768723975,-0.00320132438523837,0.00064505996664963,0.00195053924346209,-0.00194069639042036
1433,-0.010100049281962,0.013904654588075,0.0179462330909999,-0.0100306549782517,0.00807010310539161,-0.0121516940250922,0.00570653199489303,-0.00770480489857771
1434,-0.000325211518360772,-0.000619662012163184,0.00138737405332128,-0.000848781222416904,0.000838997871301717,0.000890430660398928,-0.000817221224870891,-0.0022044696849737
1435,-0.00258337738963572,-0.00440586186988182,0.00651864886005951,4.18827848224482e-05,0.0077096621102404,0.00495075967970786,-0.0011617496443388,-0.00448901620545352
1436,-0.0127471209325029,0.0141042108521292,0.0203640276433146,-0.0185591624295604,0.00926447309582355,-0.00354440706712515,0.0193763077430383,0.00250837274828966
1437,-0.0109798917354765,-0.0227929736467746,0.0152144311578326,0.0287630220175528,-0.0209838031359461,0.00916462914598153,-0.00898125291593774,-0.00752009097728655
1438,-0.0128466997606086,-0.026953124941928,0.0160684070000184,0.00654237519740409,0.0165379838009735,-0.00463220008248087,-0.00374302703359701,0.0243010281968419
1439,-0.00750347407413422,-0.00604108155746637,0.0132203763991985,-0.00581803930816037,-0.00362834248511863,-0.0115622716984906,-0.00358265088277901,-0.0039070266889622
1440,-0.0203031306843835,0.0157631930600849,0.00790241854873363,-0.00401891070013216,0.0123750685807313,0.0331632577682122,0.00998355425356782,0.00955377227003264
1441,-0.0050536258477321,-0.016455982102361,0.00481701605765631,0.00544220524002688,-0.00742138159731356,0.00303450873663898,-0.00407392437026523,-0.00198570022555763
1442,-0.0215099638559388,0.0122249294261891,0.00617411908390916,0.0112816382410021,0.0303783522312542,0.000287182487701524,-0.000802195092153036,-0.00607808527848378
1443,-0.00795968037906052,-0.0123366230816014,0.0181040349103301,-0.00589345136970464,-0.0349164562819747,0.0221201357652639,0.00662286045851777,0.0102563729258772
1444,-0.0124368119909439,-0.0382869637705412,-0.00167962492660622,0.019258794240245,0.00045675724364373,0.0198167833878021,-0.0104860517100535,0.0209187383524306
1445,-0.0100146076267,-0.0322680258616391,0.00368146965719299,-0.00664570225088364,-0.011843912279851,0.0056828696243304,-0.00556405059269506,-0.000161174402554396
1446,-0.0240972352547897,0.024309331181415,0.00196568550310325,-0.00526670563104017,-0.00564266120329311,-0.0114897065404873,0.0232275222136748,0.00108327345350271
1447,-0.00557258563308886,-0.0124910329878223,0.00407925357871762,0.0181660866368383,-0.00608623848647406,0.0017379072743071,-0.000631455195233633,0.0132179433613744
1448,-0.00607163398962976,-0.0194463800329441,0.0001787347232019,0.00103138106584501,-0.00585300267053525,0.00114284047131413,0.00518827924422718,0.00104160513249703
1449,2.02074252413332e-06,0.000324930064962349,-0.0015535767962725,0.00104951952653791,-0.0015563931428156,0.00115459579661207,-0.00757040206178556,0.00103979239618665
1450,-0.0290702647923369,0.0286775420218946,-0.0128091463262366,-0.00526166368147639,-0.00234164093825143,0.0120765612869339,0.0149210769416552,0.000106508740620131
1451,-0.0109622691284911,-0.0013298464022622,0.030696438787413,-0.00476705554880287,0.0168062630906814,0.0013874052609093,-0.0119817660045657,-0.0259884538607183
1452,-0.0130432878038909,0.0037175463322143,0.0263825764113046,-0.0154500644324443,0.0256026108709519,0.0144276496640097,0.0145097231129173,-0.0225569274993422
1453,-0.00690371251081736,-0.00159296579976446,0.018047291471767,-0.00114317356778473,0.00963029530963743,0.0398143174788854,0.00295173805678307,-0.0162381773311921
1454,-0.0292292538135854,0.0257009932657734,-0.0142830013669816,0.00165955884901059,-0.00131963903724992,0.00132360679404336,0.0284422612460958,0.00472460219520086
1455,-0.00900686396671786,-0.0236915272859257,0.0117262130411948,0.00714755616175644,-0.00937217091886532,0.00735422293915177,-0.0164085436186079,0.00862514100023897
1456,-0.018134970859562,0.0145737604676763,0.0191947451132376,0.000141960048265837,0.00814802001657802,-0.0237100639175664,0.0228475418356175,0.00133314502184933
1457,-0.0206145809191939,0.0146445930441455,0.00971127827967038,-0.0236601488842283,-0.013144761561897,-0.0136983589830728,-0.0184217191355644,0.0490226445315092
1458,-0.0147642223459188,0.00623199579025333,0.023979052033875,0.000223508481147482,0.0231919157601606,0.026317886110645,-0.0164961107480411,0.00279679859999302
1459,-0.022903506665649,0.0108464917268918,-0.00650037350291262,0.00997916026057027,-0.00751601379215342,-0.0199559887448198,-0.0212464839607669,-0.0111863378480715
1460,-0.0134948916723008,0.0107473551025309,0.0215099278011677,-0.00279075681925065,-0.0277999663459748,-0.0059258273322191,0.0137434156550998,0.00832610899205402
1461,-0.0142671961851259,0.0122635790142298,0.0197292010436276,-0.0105900992937148,-0.0212188093947405,0.00183913507439843,0.0197799715009068,0.0145154241800297
1462,-0.00934847332629768,-0.00191657862769417,0.0227777720125657,-0.0132864802008064,0.0237633233352091,0.0307035311541724,-0.000424276932125551,-0.0182609601087015
1463,-0.0124156458472608,-0.000227586179998344,0.0282079193030298,0.0163360044741481,0.0328329566408147,-0.00311365374616318,-0.0227676670686507,0.00437984790536465
1464,-0.0214992706381782,-0.00970201108817749,-0.0133545908899967,0.0226155079660926,-0.0266266291161916,-0.0102066933443002,0.00610912812171383,-0.0193132367794263
1465,-0.00723278289372232,-0.00041892524794976,0.0185385996241259,-0.00621135099450825,0.0194074993367304,0.00953151928284272,0.0156588980851381,-0.00280930913830079
1466,-0.0108122874521523,-0.0301351793809266,0.00800342609054608,0.00967920505010885,-0.00517955704454317,0.0148048177934937,0.0198406992204178,-0.00463270309292698
1467,-0.0222355614695671,0.0215965898544949,0.0102995725515187,-0.00241409360556,0.0112925575555121,-0.0219322592243415,0.00527322296361652,0.00849145841326201
1468,-0.0122144394846011,0.0031739065067471,0.0319593745980646,0.00433240630084927,-0.00524693852989895,-0.0264140540971266,0.0100208804636899,0.000394599239006621
1469,-0.00677697314371722,0.000173430039106136,0.0248848187056778,-0.0113041757882919,-0.000856619808175737,-0.0034691386343201,-0.000293459311201775,0.00362465552349378
1470,-0.0135145661382934,-0.0148095933375268,0.00894675131969746,0.0214339342937506,-0.00955431543661023,-0.000934311080321178,-0.0154262469116796,-0.00108251712602965
1471,-0.0111281527524794,-0.00261655801696838,0.0338217856658206,-0.000431915341854455,-0.00163223184354996,-0.0282634858995864,-0.00659383638081905,-0.00680806654019012
1472,-0.00642278638640401,0.000764107051157645,0.0269903953741368,-0.0075310078026705,0.0134158574001277,0.0137571441683653,-0.00966018437709404,-0.0205344776876345
1473,-0.0151631082681216,0.00488058112644555,0.0191473154993782,-0.00804170643100635,-0.0280006590754792,-0.010159505752473,0.0279199868556077,-0.00426627854851618
1474,-0.00995241123284168,0.00680108419058727,0.0390615065624244,-0.00821261626504883,-0.00672791406841045,-0.00206085622341311,-0.000648985119808839,-0.0165734366886505
1475,-0.0118648241806702,-0.00226089688816167,0.0276599931671614,0.0130151415216855,0.0142311094415374,-0.00119455001420011,0.00750275057337446,-0.00222075427888997
1476,-0.00963057393183528,0.00349440428703603,0.0340635012422337,-0.0164352280966456,-0.00570761676737111,0.00543683819512497,0.0128085909077673,0.0186359321688869
1477,-0.0246882439727426,0.026384539957914,0.000745450198203904,-0.00882723867228969,0.0132258337589552,-0.0124097736426055,0.0264139340486932,-0.0046424947651397
1478,-0.0124325698669889,-0.00368370028553683,0.0160070214284031,0.0109239088301637,-0.00996306584870625,-0.024548238765353,0.00245163692256874,-0.0108682846795001
1479,-0.0306257687781157,0.028001144953962,-0.0137919548817967,-0.0052010764231108,0.00252668506479894,-0.00968906367322865,0.0209979851651057,0.00278288149810436
1480,-0.0144955126654241,-0.0274429799722294,-0.00661588531055798,0.0373504343134735,-0.00443506399736826,0.00999672239185082,-0.00462511600020417,-0.00966075859446378
1481,-0.013315206213614,-0.0120377880332655,0.0238825581176416,0.0219491141029691,0.00866627344668237,0.00631283683063314,-0.0218624194010169,0.00283870883659841
1482,-0.00798395773204126,-0.0239946908001381,0.0127450685877044,0.0101951684272224,-0.00309900040975217,-0.00191615642538001,0.00765260297295093,-0.00519702787325474
1483,-0.0193871967409094,0.00542129491564262,0.0123671225035636,0.0101618356533318,0.0269122147399597,0.00314308022248618,-0.0245482505384754,0.01399204709297
1484,-0.0197511588461686,0.0111716123454317,0.0198926171134352,-0.00611486651874698,-0.00246355479816468,-0.0410891845081607,0.021703619910181,0.00558981703519627
1485,-0.0173568308008733,0.0140970940763089,0.0188802344386795,-0.01378689839206,0.00218380578864972,-0.0299270294424999,0.0294909059918862,0.0123144933293958
1486,-0.0329651046805591,0.0215069758964617,-0.0261539767050129,0.00803680126570123,-0.012004464279406,-0.00340573121044708,-0.000598142485329666,-0.00819333761120116
1487,-0.0211877499055811,0.0116937925416025,0.00753616254843542,0.0129534088829968,0.0172320965088171,-0.0201088503619765,0.0273705342815301,-0.00665449380564804
1488,-0.0201509359979252,0.0174407327799569,0.0155768890605422,0.0108724479611612,0.00394371067011767,-0.0296272990627043,0.0114895180930808,-0.00638262902029314
1489,-0.0134945136344389,-0.0124978811618258,0.028425879601879,0.0250250193309482,0.0146795688231119,-0.00574924530447841,0.00628581716569333,-0.0228789906379982
1490,-0.00258788938835219,-0.00747450152449037,0.00489723393224135,-0.00187646970187372,-0.00379996485012037,0.00242242112999139,-0.00241399125999963,-0.00303107917953454
1491,-0.00919971009533862,0.00243511106844351,0.0235958999741202,0.00341730909233564,-0.0262740390380194,0.0179273741103694,0.00267768314439945,-0.00732722490668862
1492,-0.00952703878627943,-0.015630564511695,0.0115135522953878,0.0269708467097066,0.0116449400937758,-0.0258535116725043,0.0132879140100684,0.00857287495099913
1493,-0.029472431158294,0.0259386270681541,-0.0118715282973602,0.00749771824495545,-0.0065158630382978,-0.0129601720649259,0.00384270896882673,-0.0112719398342235
1494,-0.00869534884794467,0.00654467068105272,0.0344288784153594,-0.0205179744536616,0.00167049334509322,-0.0224381967899961,-0.000588083075110113,-0.000203015144953083
1495,-0.0161258922430912,-0.00303424229453807,0.0109296688316074,0.00446517245590024,-0.0200374699816666,-0.0505828279282555,-0.0161548222670326,0.0175151989056268
1496,-0.0134136106873292,-0.00950968562602395,0.0269182883091623,0.0103198580452863,0.0250645217295455,-0.000453188404453852,-0.0150140602660249,0.0180914270283339
1497,-0.000141939521874146,-0.000187047867009187,0.00126042141906326,-0.000440266669823803,0.000921724233282399,0.000624479732979822,0.000474096664349805,-0.00187832725412076
1498,-0.0134791538638193,-0.0171906503273273,0.0167031850082992,-0.00042248266086032,-0.0144430009063792,-0.0307468948107089,-0.00237754743499201,-0.0182606258233124
1499,-0.00628092917038838,-0.00700165031826338,0.016343863401754,-0.00364053449955795,0.015156322769742,0.000458377876800135,-0.00268451072218129,-0.0149091028942375
1500,-0.019468339684485,-0.0161544112512052,-0.00535970698262423,0.0268631323070981,0.00845488244006662,-0.0199370722387383,0.0124486968814243,-0.00442652933040391
1501,-0.0239414452307928,-0.00365162745022325,-0.0183431830763021,0.0314033101421968,-0.0160431581883292,0.00315079989133393,-0.00142177873118978,-0.02434432939611
1502,-0.00222551246021321,-0.00285398431789082,0.00742270715868633,0.00221061856165989,-0.00132250712426929,-0.00216018516098488,0.000188587935717651,-0.000568893030126063
1503,-0.0284262775193574,0.021785569526459,-0.0141653550725082,0.0176960323775113,-0.0131054546153158,0.00346434934468411,-0.016715113093837,-0.0108052476818597
1504,-0.0126018872780444,0.00531782471739383,0.0213870289436259,-0.00649764859523697,0.00362586829574129,0.0043272877667803,-0.0178835998573312,-0.0113050514163383
1505,-0.0291695532883117,0.0158955979320169,-0.0201404886723963,0.0147876393599954,0.00839560797766839,0.0113591703841845,-0.00167318013731186,0.000721123425677271
1506,-0.0131367247072343,-0.00489176475989487,0.0317812289847731,0.0112684585861658,0.014233178525716,0.00929725643648867,-0.0114159728329413,-0.00287449811085011
1507,-0.0177085789078838,-0.0255580235220794,-0.00839578680683421,0.0236473655685963,0.0366745702923322,-0.00796679868725759,0.022622820477982,0.0261523334793448
1508,-0.015286457628938,0.0137372172583677,0.0168931398215905,0.00365505249048683,-0.0169046958728965,-0.00174698099667246,0.0318780890799122,-0.0257244877156706
1509,-0.0244685207235283,0.0252987301023737,0.000900398960663425,0.00204032698501064,-0.0195926906187722,-0.00805969210645024,0.0172767898022399,-0.0152638973771068
1510,-0.0117084797438206,0.00952487828923902,0.0295716942676878,-0.00918833129389332,0.00954283054298141,0.0189475120897871,-0.0239012943375233,-0.0255156477325685
1511,-0.0121680842611182,-0.00746861966342029,0.0314295026826096,0.0082251314125186,-0.00795622239444598,-0.0232165167859167,-0.00658528268397362,0.000653316370114734
1512,-0.0177333277193508,-0.00995127873138784,0.00703423090093881,0.0324247096141678,-0.00845076128812581,-0.00648978294219336,-0.0263525316927686,0.0168466175676748
1513,-0.0184354795814179,-0.0196254390180372,-0.00995034030440003,0.0221637397281297,-0.0253777890236314,0.0308448680838981,0.00409358905450696,0.0103065935276655
1514,-0.0116258011630811,-0.0264093637862503,0.0128258469382782,0.0223520006152442,0.00714074381857468,-0.0073279054416682,0.0195110242783398,0.00147456910419805
1515,-0.00754837557806943,-0.0178062051711985,0.0154918460707145,0.00241245914633559,-0.00119982156853895,-0.000771151760206149,0.00832789634325891,-0.00505265313653658
1516,-0.00222927664238559,-0.00706572406309916,0.00478846181701639,-0.00223028997348311,-0.00309427321205859,-0.00145447214952586,-0.000495573890255462,-0.0016372797497444
1517,-0.0281779379437833,0.0216358248171119,-0.0136135539523093,0.00791117904616596,-0.0142431571175152,0.0108738258821036,0.0145527078645702,0.00806346939237574
1518,-0.0139650223116833,-0.00711001456276467,0.0213193082224125,0.00431785399719436,0.0190546238611004,0.0563565125665858,0.00898605221030486,0.0143131166676522
1519,-0.00941490115614292,-0.0089069859603523,0.0249169944630392,0.00288485739580873,-0.027122092948302,0.0140224293060421,0.00280337649866519,0.00192045894016407
1520,-0.00518763664462277,-0.0144394890062945,0.00113465377737765,0.013257587968269,0.0171478647644073,-0.000336905699653302,0.00819644042463926,0.0128013215671837
1521,-0.00848166570119227,-0.0176626038104907,-0.000813702041887958,0.00605522903377816,-0.0043290682831438,0.0101488126975159,0.0153378934077636,0.0143494852909862
1522,-0.0143368599911068,-0.00725304212927636,0.0226605280440835,0.0305543835930883,0.00895347996583633,-0.000479469698813342,-0.0198181135160598,0.0101213311538419
1523,-0.0032579169114152,-0.00517579821847969,0.00344447663679734,0.00455318722249781,-0.00621864416521671,-0.00419401169722334,0.00255423085728463,-0.00360525798417891
1524,-0.0160842059237438,-0.0241118340228412,0.00450071106657273,0.026582198673653,0.0141626029209544,-0.0223847777802995,0.00772225824587428,-0.0064802247743352
1525,-0.0144997666368777,-0.00308938719705216,0.0172356387343396,1.06662016623571e-05,-0.0060882614106647,-0.045019970254321,0.00945281396672315,-0.0177994220994535
1526,-0.00659275026830582,-0.00784213431375756,0.0153525631639499,0.00493585066004215,-0.00591513668783444,-0.028513357887563,-0.0147051604684207,-0.00320986630911092
1527,-0.0272815557585898,0.0209748360815915,-0.00647910949348795,-0.00628576966801802,0.00299578923908793,-0.015226344128057,-0.0287255125525038,0.0208783012612737
1528,-0.00375619582783625,-0.0112816349071256,0.00926643202774246,0.0121533432156479,-0.00830075322272792,0.0092791776638882,0.00699473223944627,0.00281951391159192
1529,-0.0139245243232474,0.0134043593035755,0.0226290509830927,-0.00120854806659893,0.00746400276745727,0.0193485661598547,-0.0227601500614341,-0.0113451311848776
1530,-0.00699965242330247,-0.0139001744548509,0.0130525312391909,0.00246519967398156,0.00607295546873162,-0.0129845640473318,-0.00490799299550924,0.00356349687996639
1531,-0.0127227984953934,0.00533644770231377,0.0289952407713141,-0.00560205992618592,-0.00303258941197031,-0.0289372140452534,-0.000449984348883187,0.00911957500820002
1532,-0.0082547543241018,-0.0148168483172687,0.0197550178398829,0.011366400125931,0.00215421357392695,-0.0207417957718648,0.00148883254095965,-0.00635394496384629
1533,-0.0112345677107576,-0.0287729846280538,0.00510227053289535,0.0170152594060582,0.0145924575223039,-0.000178993839348168,0.0152080960964887,0.0305086410393244
1534,-0.0147420272058407,-0.0269744101448025,0.00298960836979262,0.0295849430814004,0.0141717257574758,-0.0308820999900928,0.0197793861393534,0.00107807872819229
1535,-0.00866421712197531,-0.0112988025558788,0.0221936626720297,0.0145914265568561,-0.00858565773887414,-0.0227387170579828,0.000134496608870032,-0.0155824532089132
1536,-0.0200544524634537,0.00724998588482396,0.0138160833508642,0.0178446363896499,0.0205399139075117,-0.0131494898770309,0.0201216943650229,-0.0297286881622964
1537,-0.0282174334369476,0.012785476016118,-0.0219332941901333,0.0197671488093379,-0.0242119868283414,-0.000654960558979819,-0.00945583788247508,-0.0232008692957845
1538,-0.0287287808631994,0.012702723353617,-0.0207709975758049,-0.00172001066830897,0.0155717896657403,-0.0139609988313415,0.0175642222935303,0.0108925677119468
1539,-0.00515916454375688,-0.0117192670628138,0.0179529629886561,-0.00152330413680126,-0.00835986426077,-0.0127031757222296,0.000207274771066417,-0.00564004758734727
1540,-0.019939167474294,0.0187028577899664,0.0111098418536427,-0.0120952124456739,-0.0285486661863029,-0.00191644078847374,0.0152580954345259,0.00400102605151222
1541,-0.00904219556422109,-0.0216209871780429,0.0156240905178873,0.00996507928079871,0.00721536213382816,-4.77110281806763e-05,-0.00501032924909953,-0.000946687612449404
1542,-0.0242385524327417,0.00134146379117454,-0.0100708240337179,0.0187002424325444,0.0297227666848672,-0.00665808317429023,0.0254930428340193,0.00226952040233562
1543,-0.00506486733649116,0.00210028055561068,0.0161901588548257,-0.00326871095170863,-0.000457883858202804,0.0135394368899102,-0.0168680771330922,-0.00662397192903427
1544,-0.0245281396078685,0.00834083866571906,-0.00387665824683544,0.020734256793793,0.026727306642628,-0.00595584246991425,-0.0170327204251977,0.00706225849966784
1545,-0.0076844949359413,0.0125084959838815,0.0373416733842228,-0.00712254880934057,-0.00769975508463524,0.00181778443000867,0.00492446521437163,0.00542942336581657
1546,-0.0301050533113971,0.0243552492793429,-0.0183614002088286,0.0118048241847398,-0.0065316675376549,0.0166879823216001,0.0154592341387271,-0.0100194486258154
1547,-0.0173245949403029,-0.0231263928110973,-0.00286730510119724,0.0282346426617202,0.0263755300716511,-0.0189436340628258,0.014183111875772,0.0215651266748153
1548,-0.0136939195314561,-0.0344082747256431,-0.00705984110361764,0.0122648456398572,0.0207099839592025,0.0105523687802221,0.0143321824245196,0.0195165470801721
1549,-0.00431235035963091,-0.00720407290785518,0.0125623295315132,-0.00171223778496081,0.00915577493684717,0.00324351725938491,0.00435923104436584,-0.0104116270859971
1550,-0.0132639613968168,-0.00482049297123688,0.0293713940755528,0.0153332240252004,0.010329877857412,-0.0407084848755093,-0.00473723716000982,-0.008580193179569
1551,-0.0149757755290223,0.0137045828542111,0.0313700432899724,-0.00803186103221142,0.00954162015928967,-0.0408455434337269,0.000994966673081091,0.00357220865359905
1552,-0.0172178956520656,0.00537277524307382,0.0212419481937166,0.000559970062829099,0.02646744548197,0.0425034685840424,0.0207975939729858,0.00282291712096298
1553,-0.0192101439290538,0.0145855863807393,0.0129787052654171,0.00366402166723624,0.0209864289884585,-0.00168811778159065,-0.0270904929847103,0.00600840424133262
1554,-0.0176903282488995,0.0123760423405511,0.0163809058352026,-0.00996567508640709,-0.0206786472675054,-0.0114553756963137,0.0197938327436953,0.0175276613076885
1555,-0.00390537580172895,0.00196549333081697,0.00884173514756931,-0.0175056876063483,-0.0132327718854118,-0.0139680636329443,0.00982297720675588,0.0137339180378684
1556,-0.0247299634477831,0.0142787390003881,0.000153332147773852,0.00790943970626551,0.00873624251628957,-0.0146436905683088,0.0398464543028318,-0.014449760791536
1557,-0.026342070584789,0.00545956370514179,-0.024054992946518,0.0131980745357369,-0.00599380127308042,-0.00680445306608025,0.00543850126502298,-0.0285653337317221
1558,-0.0109843494719234,-0.031885167647428,0.00402992654011305,0.0171434011451122,0.0078231085707224,-0.00356427547644331,0.00349398050833756,0.00101036841811072
1559,-0.0091175747344777,-0.030683980503741,0.0114396058994776,0.0151004274926655,-0.000675525026991336,0.00514256669745767,0.00675948153823358,0.00211537864568925
1560,-0.0156515324922003,-0.0210283538438685,-0.00571697989942109,0.0269004356765735,-0.02788431798666,0.000121034970140242,0.0178397904331629,-0.0028866005176215
1561,-0.0195583426133842,-0.00647896005212831,-0.00128929906913467,0.0271252289211918,0.00201444663849469,0.00418805167046994,-0.0270929789219941,-0.0106364068473853
1562,-0.0125267800127646,0.0102162867807144,0.0217946722085671,-0.0143265973112499,0.0169335183153922,0.0360157763032526,0.015107181465645,0.0135754952032338
1563,-0.0102019445371712,0.000896160223587383,0.0384686713897897,-0.00648646773484787,0.0201398470136882,0.00852741012321263,-0.00847967856529008,-0.0203533569846233
1564,-0.0321839606015753,0.0278148873540866,-0.0177386253211585,0.0116023206269806,0.00396648907353044,-0.0033562820608867,0.0194356828711659,-0.0104297259205749
1565,-0.00827613396573526,0.00599542276709062,0.0182057032217436,-0.00436934764251888,0.0238582353700084,0.0251447223744797,-0.00920187305627672,-0.0116535553767858
1566,-0.000178027885251523,0.000197468591701855,-0.0011006319874713,-0.00164643675806512,2.41690171308181e-05,0.00148079784774647,0.00320410400627337,0.00191083854892934
1567,-0.0228424153993027,0.0113131388596126,-0.00637655750194181,0.0148761993975229,0.0142587275965913,-0.0149794402898294,-0.0123670053886364,-0.00743230583157683
1568,-0.0160946033739007,0.00414984438880323,0.0194820078062012,-0.0058906614706208,0.0123609656609547,0.0260166042406373,-0.00827578265069505,0.00351881442091606
1569,-0.000481877624573846,-0.002210812729458,0.000667267211326864,-0.00024732600229412,-0.00033484200140317,5.86720909908241e-05,-0.000163165172670993,0.000616112600125869
1570,-0.00593704946615148,-0.0173039253200752,0.0143335310323701,0.00100537061497823,-0.00944906284940651,0.00483447277930548,-0.00112987026066262,0.000420649008457416
1571,-0.0173736274282641,0.0123567439495378,0.0139118447671459,0.00470416147436073,-0.019767174004761,0.0153505968064603,0.0187902121443634,-0.0284591882161475
1572,-0.0024583073152825,-0.00363219458056233,0.00676422957375925,0.00566621725873922,-0.00151153962080709,-0.0121940456276513,0.00791135860569461,-0.0010593730078647
1573,-0.0239692896182099,-0.00752003777947853,-0.0222823963155613,0.0275910327082978,-0.0160469328018273,0.00405363841511015,0.00135808866881278,-0.0128854235143232
1574,-0.001261651445008,-0.00013508564349451,0.00220181705114021,-0.00452576067804659,-0.0057362764213312,-0.000166453650135675,0.00486523405554019,-0.00318776035718585
1575,-0.0272220596917575,0.0272132005392746,-0.0108077047628461,0.00108827112443964,0.0152866497773355,-0.00353489436895808,0.0338985027982119,-0.0230430855829109
1576,-0.0228682067934658,0.0214497781851557,0.00679483810954282,-0.0115863436488919,0.010941592842007,-0.0184999006343198,0.00925045301028278,0.014038716005325
1577,-0.000247563126634732,-0.000501070209511799,-0.000637945231855474,-0.00245737431806591,-0.00167648363033363,-0.00346104409291376,0.00244207565013967,-0.0014924956085334
1578,-0.00948124013980774,-0.020879601836142,0.000837443938660752,0.018539564847426,0.0111746280311752,-0.0163075086255967,0.0213709715797049,-0.00722426753499368
1579,-0.0142386006942711,0.00737776339290868,0.025293263993303,0.0114147809219563,0.00758326927599789,-0.00828455359087016,0.0340860189606874,-0.012464731444382
1580,-0.0163047515793816,-0.0031799334578938,0.00806295274018087,0.00891207614276575,0.0351098549906391,-0.0243275333783992,0.043389895683463,-0.0166177764479164
1581,-0.00928190631855003,-0.0273692014426725,0.00959651954735565,0.0108150401748331,0.00304246792291795,0.00768013705106874,0.00803725871068638,0.00321877556620003
1582,-0.026607621179021,0.0130492214899765,-0.0172754068908114,0.0134604790031032,-0.018692271210483,-0.0081423897816665,-0.00462544448129804,-0.0195406861325299
1583,-0.0210946212093055,-0.0122369159121898,-0.00894353531236113,0.0253347164122797,0.00473177988806906,-0.00364989144211683,0.0184717726952065,0.00652514414748333
1584,-0.00665294982436708,0.00318160921194744,0.0281532790272246,-0.010525555246359,0.004905864070528,0.00738847092956676,-0.00907286807978048,-0.00545035041128622
1585,-0.0272980588557681,0.0163817516987199,-0.0183956944110755,0.019746766232254,-0.0265772447151189,0.00810917775401753,-0.030703549186655,-0.0177177853813742
1586,-0.0125003842899318,-0.0249135642866292,0.00400939349301156,0.0209741436039077,0.00952217324769706,-0.0203333944174855,-0.00182842167362659,0.0183124608232132
1587,-0.0190057765946043,-0.0193188632752138,-0.00908400538288115,0.0323296932090216,0.00772513959313093,0.0276222725492374,0.00108289201079779,0.013231617437849
1588,-0.0169250925827483,-0.00591984164220363,0.00957964956296303,0.0288209268529897,0.0213349178938323,-0.0163702680092365,0.00823648862435683,0.00505011474195714
1589,-0.00564015361120144,-0.00174572388242528,0.0136293281042696,-0.00826340509027998,0.000494456429857774,0.00704806086375038,0.00197667029986668,-0.0122776491277188
1590,-0.00252157011976796,-0.00927545289874164,-0.00231687477257169,0.00695699501717755,0.00103668877060429,-0.0124773628060547,0.0060911848255562,0.0033465057830494
1591,-0.00745147969509316,-0.0218008946386387,0.000240221978197731,0.00947460532891456,-0.00225161639346239,0.00555253301938552,-0.0029408433427895,0.00853422780841245
1592,-0.00994669449824728,0.00394914787514261,0.0298899036807582,-0.0233470721631912,-0.0118834137926627,-0.0197522529088416,0.00701562973665122,-0.00600480482439795
1593,-0.00912993513632848,0.00492769253216813,0.0343747803452471,0.00399025424327405,0.00876296675900778,0.00696988135603307,-0.0300232437407878,-0.0220780091849697
1594,-0.0265072860095385,0.015177583105185,-0.0172211423150448,0.012905355112493,0.00226643221507373,0.00902288013949993,-0.00716307559907816,-0.00967191261033005
1595,-0.0279406999649679,0.0181340753074409,-0.0133696970041048,0.00445518350366586,-0.0262009515649072,0.0101512790690934,0.00958312178365494,-0.000522319109215942
1596,-0.00649481333788825,-0.0153240816866984,0.0100932686555819,0.000939338527956242,0.00280657250693406,0.000387827040825773,0.00290868394565784,0.0119459739659272
1597,-0.00812490062158759,0.00161524216392172,0.0324185644881806,-0.0162970840156118,-0.00523606102455161,0.016137463998986,0.0112042818097066,0.00228172438276759
1598,-0.012126678257627,0.00942809508068161,0.0336658599835589,-0.0138624578119865,0.000278010405150989,-0.0299700806629361,0.0122907139115631,0.00381521489911853
1599,-0.0167645445910703,0.0183003671924754,0.0206360537305743,0.015999260592145,-0.0111107753634881,0.00461671205979299,-0.0485995334325686,-0.0106647103305421
1600,-0.0206934980837574,0.0155661576432297,0.0149774842716036,0.000522920740258101,-0.00709928568322185,-0.0301861431308823,0.0012606407891464,-0.0026853441345172
1601,-0.0103925322259851,-0.0170594765649134,0.0184400950358354,0.0182825480364261,0.0168393892407893,0.00112827070346853,-1.72469465588785e-05,0.0304274463199277
1602,-0.0082932638609781,-0.00896263051276775,0.028589211250027,-0.00655216698237545,-0.0264104275575922,0.0117044334726103,0.0113289789978223,0.0149811182851018
1603,-0.0170488657592815,-0.00877034180094628,0.0179745428281251,0.0308208223350149,0.0198142450352684,-0.0176101028985773,0.0256454122818581,0.0116096292261915
1604,-0.0137724205453661,-0.0323487682194184,0.012230202267705,0.0260922884978771,-0.0182767424956045,-0.0176918638474097,0.0175336194799063,0.0120084670179043
1605,-0.00921343338695209,-0.000856958905135295,0.0159570686892365,0.00758039156217434,0.00656517569443653,0.0290468833934385,-0.00841554765917491,-0.00293457983785716
1606,-0.0120061563415299,0.00308454680108527,0.0335932083569857,-0.00799345009771419,-0.0233545704988736,-0.0117650115177338,0.0224043637823346,0.0166116746150427
1607,-0.000212909282811219,-0.000280571800513782,0.00189063212859489,-0.000660400004735704,0.0013825863499236,0.000936719599469733,0.000711144996524707,-0.00281749088118115
1608,-0.00873113629392231,-0.0215235403880227,0.0139375259412197,0.00831915704456269,0.00880570931298246,-0.000163153401306554,0.00075824225358722,0.00968477873243778
1609,-0.0169528094101474,0.0129652141162458,0.0236771892114793,-0.0160427778251177,-0.0182077179065118,-0.0250822423999187,-0.00348932239068012,0.025659522729544
1610,-0.00798660748749218,-0.0136243758347002,0.0163078009723199,0.00669442130276972,-0.0108553114953134,-0.0305673288889187,-0.0131211899013695,-0.00304145984275933
1611,-0.00906583567390649,-0.00900475447195088,0.0273371894727158,-0.00246532935556044,-0.0303707795548861,0.00397248983634786,0.0068321345908069,0.00431570249217482
1612,-0.0142484450058971,0.0118130872146483,0.0145708697354925,-0.0141209593570838,0.0104923822686649,0.0183893304448327,0.00972101248018414,0.00520214053661773
1613,-0.00116891285361128,-0.00395842753215685,0.00284834555448666,3.85845856177035e-05,-0.00265566832064465,0.00240461339500722,-0.000404424782831697,-0.00192985449351925
1614,-0.0235469137199149,0.0202819464809395,0.00581014849425149,0.00906141905160215,0.0108981127944229,0.00871094242135614,-0.0178811315966185,0.00738358730649431
1615,-0.0159477223998249,0.0174925670859268,0.0185096900206643,-0.00727117760330706,-0.0051421703221315,-0.0122622048266367,0.0280422566425195,0.00502253404493454
1616,-0.00420882233862352,-0.0103375596859513,0.00518907964272139,0.00168310954206862,-0.0101924630144534,0.00521077114278477,-0.0045057290338828,0.0111363155416054
1617,-0.0027198084512433,-0.00779188409910479,0.00387991579203064,0.00367164854343457,0.00185067066007508,0.00102257265071387,0.00350201129636492,0.00202854900809212
1618,-0.0171179833680844,0.00886471926979446,0.00686712090336803,-0.000230953163646196,-0.00471988174916783,-0.0456660321283283,-0.0223868779596724,-0.0228568044765667
1619,-0.0308068685148624,0.0260964553968371,-0.019325698854815,0.00950360165236517,0.00614206436943773,-0.00259056407274326,0.00342608750322185,-0.016378080898348
1620,-0.0173279174537707,-0.00448445923423025,0.00941219031745304,-0.00314194897102213,-0.0304683445565837,-0.0378302668107804,-0.00678270288062868,0.00803293192303383
1621,8.66512601097349e-05,0.000664027469899048,-0.002100684593181,0.00135393690615931,-0.000114509289130963,-0.000143261683530444,0.00539785884662102,-0.00510487831249104
1622,-0.0159996448558831,-0.0318143837178759,-0.00507280540574966,0.0266564158469228,-0.018244651893894,-0.0326563807561692,0.0256512249201091,0.0179760552459135
1623,-0.01098944884155,-0.0164517813524655,0.0252458139628005,0.00348077504956351,-0.0128954162931893,-0.0147967857771874,-0.00948386353807966,-0.0131315575994338
1624,-0.016174843364698,0.0133987863974678,0.0279167494400868,-0.0100141350081338,0.00719922792314846,-0.0369120181088516,0.015502845127672,0.0070474614680163
1625,-0.00533211331965637,-0.00591511005351717,0.0146537132738076,0.000434631425180233,-0.00153971073525407,0.00677905039872585,-0.011610080922531,-0.00419009688691775
1626,-0.0154702626589799,-0.0240572279879837,-0.0062961087685372,0.0341951720786009,0.000747604218017604,-0.00549084491221672,-0.0189239123060346,0.00986854313580407
1627,-0.00211136203949225,-0.00811602217445166,0.0054669701005864,0.000320920087894644,-0.000151963807290142,-0.00307381460678557,-0.000154580608340735,-0.000302827410735193
1628,-0.00201412891642003,-0.00727540831766913,0.00552926806739197,0.000297146718506275,-0.00466798284320035,-0.00392102164402399,0.0028978945522759,0.000498171810728794
1629,-0.0269257116779402,0.00891174089212959,-0.00427966162705106,0.00698700519982826,0.00918100907124774,-0.00883921753464126,0.00089438329701198,-0.0165674305279835
1630,-0.00801092920506126,-0.0123234757484932,0.0222175971701306,-0.00107583708479514,-0.00667723013758015,-0.0133440588563115,0.0101283857577149,-0.00885275678054586
1631,-0.0179110192115948,0.00958810827798949,0.022932766430059,0.00812297683324625,-0.0202478544949049,-0.0454144881910626,-0.0101758319244519,-0.000880174485503331
1632,-0.0159739062433462,0.0108551218618754,0.0250250493401036,-0.00765954173480145,0.0236383840762191,-0.0190585410057108,0.027353897876357,0.0164600265274789
1633,-0.0141610230255689,0.00181939204329121,0.0286896803726981,0.00792072067154267,5.17658797707045e-05,-0.0204133477805769,-0.00741112876865904,-0.0219374497207009
1634,-0.0231999830770023,0.0181278374609999,0.00397517222443194,0.00625797719039878,-0.00950853512510546,-0.0192445920297022,-0.0118189324078012,-0.0107226927133702
1635,-0.013864149804183,0.00355005659267087,0.0199953528362294,-0.00765197610931716,0.0238458403154883,0.0356910736260233,-0.00199029476248045,-0.000965652436462222
1636,-0.00708539741614362,-0.00870112182980557,0.0172503431893935,0.0142544356494568,0.00792873731806619,-0.017666071728273,0.00225117298679464,0.00101774948406119
1637,-0.0125517454919887,-0.0326066864244351,0.00746328309181823,-0.00158524122264225,-0.0109266695420693,-0.000477225911405085,-0.00555499073574553,0.00326268983991406
1638,-0.0210790310080805,-0.00235398922406443,-0.000409075991783566,0.0222612860734119,0.0147331741111138,-0.0176264603510795,0.00470475874071836,-0.0147876269658268
1639,-0.00694405318422836,-0.0223312000579742,0.0113536326329693,0.0122043257656343,-0.00914493829642948,0.0114569790943807,0.00387176634355002,-0.000911800467245812
1640,-0.0128607660296574,-0.0191057911345466,0.0185966379759292,0.00496327946371993,0.0239130102006221,0.0263795802599863,-0.00118154331048279,-0.0090564927601163
1641,-0.00911636229118078,-0.0195774363131703,0.0046434570495019,0.0231914279875051,0.00767496264096526,-0.00224467296313093,0.0176676153330774,0.00512850833477484
1642,-0.000171348305234459,0.00125496704662403,0.000504260596855306,-0.00011835465057008,-0.000174319068848267,0.00463654662315328,0.000644228933907402,-1.37716167417051e-05
1643,-0.0127274574152888,-0.00897630535798701,0.0247375339269092,0.0243230848790221,0.0116375219133976,-0.010881201940552,-0.011839435494857,-0.00159018003977721
1644,-0.00586386125876078,-0.00640972192703778,0.011884828072568,0.00405894681605965,0.00430381721285513,0.00305382420505623,-0.00312368556470576,0.000267615215242107
1645,-0.000665305579195612,-0.00235701219506863,0.00148514233330028,-0.000942450625600632,0.000225007035487729,0.000432790556432035,0.000512330139526314,-0.000900773374972084
1646,-0.0144463309738668,-0.00688566782845008,0.0239404368302666,0.0265290730217357,0.0368811592206414,-0.00146431071730081,-0.0172250825467967,0.00878100798785632
1647,-0.00590500214765084,-0.00516992961728522,0.0157463431946669,-0.00497034993251231,0.0068183022398085,0.0127025706544484,-0.00109461273662353,-0.0163439109098677
1648,-0.0162549657490548,-0.00098401832476749,0.022565527414269,0.0167197168483946,-0.00834633174543806,-0.00593827017822817,-0.0336504406787439,0.00172944763969476
1649,-0.00761022414691478,-0.00187566414893923,0.0320618094357215,-0.00792788889533695,-0.0040084331514741,-0.0182409322225058,-0.00492720438619305,-0.0163084648536671
1650,-0.00591748004833024,-0.00489860768652047,0.0137132244160514,-0.00793923451125508,0.0084354683913815,0.00747044062928612,0.0076869790721302,-0.00599671916806826
1651,-0.0186147341328735,-0.0154338484340827,0.0135184441382133,0.0199723501952124,-0.0182268185859371,0.0217546603607879,-0.0431330423192048,0.00610078660059389
1652,-0.00854812700593522,-0.026538934339939,0.00862093151000492,0.0151668222508629,0.00354016203338981,-0.023236478003298,0.0124887311932038,-0.00378628036379023
1653,-0.00023222558047655,0.00049700893732828,-0.000237762553119565,-0.00313519491755989,-0.0031132368467691,-0.000478971048377653,0.004217964987959,0.0026511471577064
1654,-0.0146120821843603,0.0177682845013575,0.02058358539908,-0.0130053557094341,-0.0125138037025827,0.00230279618176255,0.0215819403353278,0.00760921003334469
1655,-9.53003974111733e-05,0.00167150679001059,-0.00147728617896208,0.000123166080974771,0.00112878069361118,-0.00123232124973782,-0.00660598443192215,-0.00699127826500667
1656,-0.0140578878076349,0.013596412726456,0.0324401862427615,-0.0117478788650911,0.00808706815275053,-0.0389273919348726,-0.000226300068440285,0.00271969405814386
1657,-0.0261979566842579,0.00404779524401699,-0.0136547533374435,0.0204377788179971,-0.00321292867476012,-0.0154043358022581,-0.00503285680636332,0.00263868768481156
1658,-0.0181286062831174,0.0100544678457953,0.0171635129374259,0.00617504213883512,0.0323860644422108,-0.0157214509534311,0.013756499993208,-0.00745262617812666
1659,-0.0150926671660909,-0.0185126790640134,0.00732373378153323,0.0326967773254128,-0.00749546610739163,0.0237583803733561,0.000996834253273146,-0.0051431410828473
1660,-0.0108258265422465,0.00230824566686063,0.0232825575597928,-0.0101768919639054,0.0213502586544827,0.0126423793987656,0.00114485866852432,-0.0268160437110753
1661,-0.00870313626954743,0.00110215607974359,0.0291869103918311,-0.000575712497681514,0.0188009763800617,-0.00411670618453743,-0.00409520548351709,-0.0159276755498598
1662,-0.0166221421146624,-0.0142742603253375,0.0129971060245984,0.0362897606395984,0.00522985884697859,-0.00544093412350664,0.0120059531820529,-0.0217719750310484
1663,-0.0122818137804298,-0.0136520616397839,0.0221998448189429,0.0129441895376225,-0.00695012652199707,-0.0316588505074802,-0.00569923313013354,-0.00984608329260238
1664,-0.000712873730482533,-0.00172508278474063,0.00146118086028303,0.000806789957589131,-0.00241806484479086,-0.00229767920988806,-0.00690709545208403,-0.00422244865164411
1665,-0.000115343338215695,0.000410585275486274,0.000590614238157914,-0.000669656563462951,0.00198078471221278,0.00726764582032853,0.000896296130394909,-0.00372486122332745
1666,-0.00956070867097433,-0.0352445706701015,0.00713916419842471,0.0235265825244527,-0.010981839997874,-0.00956803498809276,0.00925983609146735,0.0138155979807519
1667,-0.0212230492345744,-0.0013973894980369,0.0109566575791937,0.0260691062588354,-0.00470347434602012,-0.0151420618432509,-0.037477366862805,0.030212291163966
1668,-0.00787078390122562,-0.024004160141709,0.00675027053097959,0.00738905851517164,-0.00857966669287113,-0.00204876602660135,-0.0107545171906097,0.00892697489708367
1669,-0.0160307907739428,-0.000188596906316208,0.0145605806637453,-0.0170625715330043,0.00788922695720891,0.0428487244031807,0.00189921414019221,0.0209174677225675
1670,-0.00227866761972756,0.000309280929547549,0.00802948689627723,-0.0108189396752759,0.000957155361485679,-0.00391541619899877,0.00507561627416803,-0.00563559062276958
1671,-0.00483184895207874,-0.0113787501663817,0.00399986364466821,-0.00035312527915569,0.0119878387863926,-0.000329569837623765,0.000311990630240116,0.00360071053477477
1672,-0.000850709906383449,-0.00392013696928507,0.000666439714086475,0.00120338303880411,-0.00158314798882056,0.00141446164659177,0.00064672372228892,0.00493684989456612
1673,-0.000141939521874146,-0.000187047867009187,0.00126042141906326,-0.000440266669823803,0.000921724233282399,0.000624479732979822,0.000474096664349805,-0.00187832725412076
1674,-0.00475324182574427,-0.00973084671903184,0.00808679762540523,-0.00475905104597484,-0.00773931697538752,0.00405135668122267,-0.0124324519699966,0.00248962177618046
1675,-0.0102647705553474,-0.00256427003583434,0.0338504533028168,0.0219888335022815,0.0192863507417662,0.0142778354585764,-0.0238949500886429,0.00516792427367874
1676,-0.0100426236315886,0.00256898238549315,0.0308468358322883,0.00712415902147462,0.0135728431768235,0.0107646556415047,-0.00901062140451806,-0.0125960019539516
1677,-0.0125821396031086,-0.0192077287292112,0.0121647733020835,0.0110571409321835,-0.017087488050763,0.0200209337647028,0.00647240749308158,-0.00937508566243709
1678,-0.00829130568952315,-0.0174905177930744,0.00896920421132317,-0.00420391737986859,-0.00506738526760469,-0.000622469553688966,-0.0169407681605371,-0.00802099080687774
1679,-0.0168382922537769,0.0131672345900326,0.027099161465855,-0.0154768412002861,-0.00152048533204511,-0.004542232601029,-0.0233430729704916,0.0205481586816345
1680,-0.0093079213610118,-0.0287643810094722,-0.00166595001249306,0.014709219123211,-0.0221088391870515,-0.00876187404340577,0.00657036620644458,0.0197763914716727
1681,-0.0123722270912989,-0.0301401933469317,-0.00116483619243824,0.0236122064153401,-0.0141385475869873,-0.00683631051411642,0.0213536023516068,0.0207408903165722
1682,-0.00177050094100423,-0.00539546070608159,0.0026390528413675,0.00135222127749918,-0.00709360801124799,0.00608474805280011,0.00849436084140403,-0.00711054316903025
1683,-0.00842213401691302,0.00495155492446408,0.0257581523083945,-0.0152932725662592,-0.0260005693110613,-0.00670468893167444,0.0178758784804039,-0.00610465870160186
1684,-0.00970959661885112,0.0114670877492368,0.0289789922617657,-0.00572436179608532,0.0181464636095328,-0.00280291601344154,-0.0198668496964831,-0.0169577882437273
1685,-0.0046361404000653,-0.00684019741705993,0.0143201228281535,0.00303459591893177,0.00151283610442585,0.0078736227653135,-0.00934330482971858,-0.0127205453826987
1686,-0.0126971035940916,-0.0317966298700011,0.000249162083562409,0.0101566129634094,-0.0105946949187432,0.0176964053965352,-0.00696850361734815,-0.0130346022585917
1687,-0.014247953558417,0.0133339024983704,0.0383568068981687,-0.00512457190442686,-0.0157183481813058,-0.0177336695585168,-0.0207661107372771,0.0120040623161718
1688,-0.00674048048935707,-0.000384828846994888,0.0326002743633212,-0.0117430995301744,-0.00150686039799896,-0.00678689052975125,0.0107296327190504,0.00708468814901381
1689,-0.000846149536809481,-0.00279748053338606,-0.000358460649020706,-0.00115158000623728,-0.00163796958106948,-0.000619325954373711,0.00114512958705659,0.00166414263505711
1690,-0.00713645236743949,-1.90218724132829e-06,0.034182233334257,-0.00690113468902678,-0.00788010151357406,-0.0107930300175335,0.00890747013933228,-0.0105676877014612
1691,-0.0154816858448901,-0.0129848446087803,0.0179507235980198,0.0304258867859621,0.00669691054197371,0.0171154820166459,-0.00488876620514902,-0.000851920856138092
1692,-0.00281869342023393,-0.00697296839178036,0.00428642626167091,-0.000752197067711372,0.00539253918066483,0.0133692823443232,-0.00673035977405229,-0.00349275104913129
1693,-0.00500881152222875,-0.0187237196996946,0.00833139093204327,0.00116966277796341,-0.00281479601728894,-0.00117459473897036,0.00460136817077414,0.00125885527500982
1694,-0.0229047119350172,0.00734671337925025,0.00369332390053964,0.0111323085844206,0.0230416216961846,-0.0147353077978661,0.0512974855390999,-0.019588959190006
1695,-0.00950111813210758,-0.0124769260476085,0.0114394521090194,0.020241194638556,0.00595840771085853,0.00412948792360861,0.00440788614093549,0.0221095586328906
1696,-0.0157023584605446,-0.0172559359297186,0.00756691480889853,0.0283371496889238,-0.00741017494185876,0.0222893138435507,-0.0294785947641458,0.0177154726635373
1697,-0.0207772819253503,0.0199666657567962,0.0099120557556447,-0.00772506938296646,-0.00590737381992146,-0.00376315288885389,0.0396831538460028,-0.00646358677294173
1698,-0.0020186477053599,-0.00207129290938021,0.00339635376168359,0.000773759214002855,0.00298571308708368,0.00434313096176063,0.0072986669475509,-0.00655598019299268
1699,-0.00297840073634339,0.0026078479003416,0.0131082015816871,0.00167285836055527,-0.000581886031132421,-0.00179924583846525,-0.00494362897831974,-0.00801988368860255
1700,-0.0074733072815,-0.0194409004082092,0.000892566468906644,0.032658618577124,-0.0116890244600724,0.00324922467895811,0.0428451697700533,0.0113272038643978
1701,-0.0097929220954349,-0.0194060685523219,0.0117836906239016,0.0202234941754865,0.00611734323523731,-0.0138452989441039,0.0130062037993486,-0.00751213523995655
1702,-0.00973468908144202,0.0037261764083774,0.0331833437576979,-0.00471667664095972,0.00552281184711789,0.0475662140351915,-0.00480940818562828,0.00842859558002634
1703,-0.0122313273780264,0.0145427393646935,0.0246846022709912,-0.0185867148603779,-0.0112168465356284,-0.00599824706247623,0.0254278883282706,-0.00394751850095312
1704,-0.0237744665763469,0.00642725792283786,-0.0100400345404745,0.0185956020048401,0.00207313317552903,-0.00411689619383559,-0.0255017827931411,0.000946261142199178
1705,-0.0187757848174009,0.00544155452936922,0.00608612084226305,0.0267296265294178,-0.0318351072067053,0.0257817693225922,-0.0270726317033076,-0.00942644014218896
1706,-0.0244656451070019,0.0025587828074085,-0.0182571093576341,0.0260349933930753,-0.00914353710346009,0.00763243311317076,-0.0253464414019889,-0.00295353932114684
1707,-0.00210555098856003,-0.00205658410310534,0.0102552524994815,-0.00189527460515414,-0.00268779658514623,0.000815980781972533,-0.0035556762388957,-0.00825958448317941
1708,-0.00842477173396721,0.00694811426688683,0.0313446525548161,0.00257165474436081,0.00503989408260962,0.0117949293833347,-0.0251006900026278,-0.0254089821895431
1709,-0.0152290237655289,0.00497023020188655,0.0164054973965794,0.0148977773784785,0.0411623772404027,-0.00901855494469144,-0.00499881778617358,-0.00865597689405766
1710,-0.0131185849868339,-0.0306777740118187,0.0118545354115058,0.00258334001232451,-0.0122772612452547,-0.0149157035512705,-0.0173539582869445,0.00793738603015585
1711,-0.00303960205328918,-0.0056151534606278,0.00517548265795129,-1.81490228903466e-05,0.00260736089799987,-0.00886153990252575,0.00542987419544293,-0.00829537683059869
1712,-0.00298259431906173,-0.00939818851962365,0.00538508112131511,0.000268154309721958,-0.00535933147623484,0.00365135741216338,0.00164181090990976,-0.00102937529211091
1713,-0.0199930095478696,0.0121010865117388,0.00957379084604373,0.0126788952520481,0.0186929532701735,-0.0392211267404353,-0.00294393046458501,-0.0169465595819808
1714,-0.00817509950981037,-0.0291741597014607,-0.00921848283554523,0.00760689942867996,0.00263206647874728,0.000344554753209982,0.00352319157492198,0.0118891751482528
1715,-0.0173081676179103,0.01401974045939,0.0154481784965331,-0.00142939344619572,0.0210764383546207,-0.00861978494172032,0.0123313572857515,-0.00516579282927465
1716,-0.017520360074865,0.01305281213549,0.0218122338015603,0.020748593894847,0.0116110370967822,0.0178267342100706,-0.0256822531081146,-0.00985473468261693
1717,-0.0109654764594645,-0.0285786906084336,0.0103540869667338,0.00594907328018897,0.00924297340261771,0.00476674760578899,-0.00033311153516333,-0.000918031718407844
1718,-0.015325657135562,-0.0237457098539692,0.00315252096786243,0.0331345888222434,-0.00811423093810155,-0.00886641600447192,0.00737476905794662,0.0069213729265698
1719,-0.00735079490745359,-0.0186957620099662,0.00620025412544343,0.00069502945684423,0.00510825304666006,-0.0179064145081117,0.00902457656201024,-0.0048006284031527
1720,-0.00494382004833667,-0.00533516309119059,0.00561401773560991,-0.00232196865647264,-0.00395968191702389,0.0040575399036302,0.0020564789637248,0.00133211587854593
1721,-0.014505942643135,-0.0391542591211403,-0.0142561115074773,0.0424370378382134,-0.00267356515019173,0.0128277578137557,0.0217214199786537,0.00481419812375872
1722,-0.00324463777572648,-0.00914206810575089,-0.000277392365299321,0.00573085038792686,-0.00908458722397005,0.000406038580894973,-0.00202507922904008,0.00431642526394615
1723,-0.00872679328021083,-0.0157673748466942,0.0157757725674602,0.0230677840417425,-0.00417804385490124,0.000729253470241948,0.00759634000267697,0.003940407313708
1724,-0.00267010337230233,-0.00438228112034255,0.00576595347117578,0.0019096199979476,0.00442364539996548,0.00114120315930288,-0.00161486971603671,0.00563449895463991
1725,-0.0141619728816628,-0.0252424836410506,-0.0010484285806004,0.0286264499322221,-0.0195418138601259,0.00837750340243533,-0.0202505415238884,0.00478287839987905
1726,-0.000155874748007817,0.000105450118471704,0.000663380689962847,0.000169575930416942,0.000108950256907419,0.000436740133616079,0.000327654413160789,0.000649435782733543
1727,-0.0102164722757709,-0.0238169153384045,0.00522723136334366,0.0137570995279692,-0.00625549414956507,0.00728149468475183,-0.00626081192357149,0.018721415939255
1728,-0.0240179294150989,0.0161268032271739,0.00556455118839422,-0.00348253273253812,0.0181074841107744,0.0356603169717531,0.0137622823056404,0.00763630820803186
1729,-0.000212909282811219,-0.000280571800513782,0.00189063212859489,-0.000660400004735704,0.0013825863499236,0.000936719599469733,0.000711144996524707,-0.00281749088118115
1730,-0.0263363943991405,0.0250910544248661,-0.00742379616581044,-0.000983969740784316,-0.00711335854463663,-0.00224992676906234,0.0230648216198724,0.00430530370715581
1731,-0.0133679302709176,-0.0261851536070095,0.0109408644187862,0.0113237531599629,-0.0127961979274462,1.321702050693e-07,-0.0221840217855632,0.0136783297868038
1732,-0.0192862540222541,0.0200968031134399,0.00575779204690681,0.00217233561394601,0.00624952606540053,0.00517864883746386,-0.0192307352527103,-0.0240427193957784
1733,-0.0292504955616281,0.0173194314482066,-0.0227572676650809,0.00598745144421556,-0.0101458562827521,-0.00610737606260301,-0.00637668175063182,-0.00357347283138425
1734,-0.0180295376347124,-0.0270295126810765,-0.0281899218254089,-0.0159491317611233,0.00404317303592924,-0.00556709762636733,0.0168730756933897,0.0120862330440473
1735,-0.0253053230693831,0.00147114709779192,-0.0194338671908052,0.0242966591781062,0.0122917417123443,0.00711269745106392,-0.00927390650853414,0.000370221134141992
1736,-0.000127198050700907,0.000899134534759589,0.000984377436299907,0.000475504368915957,-0.000580150598607826,0.000887656712700506,-0.00756721871777337,-0.00613167766697103
1737,-0.0212937738082534,-0.00217012484445108,-0.0119478880234322,0.0274164833176143,-0.0228019655392399,-0.00326723910952225,-0.0334228039077921,-0.00474157444836252
1738,-0.0204302759590326,0.0286925670036075,0.0152688199308745,-0.00928751781363864,0.00439969225985843,-0.00809262342855848,0.0258640087533487,-0.0105168042758979
1739,-0.0182122084841602,0.0241768940878269,0.0245477893179828,-0.00783866164976696,0.0116314782635579,-0.0140673947659306,0.00213923985920908,0.00373420256964773
1740,-0.0156086600043231,-0.00852655680272613,0.0114088072883601,-0.000237082852051601,0.0258910344481935,0.0409580387717129,-0.010556366138083,-0.0100894071665667
1741,-0.0147432543213552,0.0123993477936229,0.0260659550304078,-0.0126556496064239,-0.0114783249278615,0.0119872038872818,0.00405383393983227,-0.0018937904658334
1742,-0.0259881248010849,0.0128094338870133,-0.0102783889128657,0.010560933012041,-0.0343396265831672,0.0125908695040049,-0.0113601920097853,0.00954658962183686
1743,-0.0130853295136471,-0.0261163575559232,0.00520086045198933,0.0266417819824621,-0.0128689005399928,-0.0139737527020653,-0.00654606115222009,-0.00551914636923375
1744,-0.0296620480757697,0.027135894172689,-0.012114823086827,0.0156833223640938,-0.00968642102759452,-0.00204246856469017,-0.0237431874372229,-0.0259888689470256
1745,-0.0128069981760941,-0.0110379572095998,-0.00074591908256329,-0.0198082099606273,-0.0263311141102402,0.0225782333198596,0.000656562526690797,0.0247464725924719
1746,-0.0140956692923056,-0.0281478327589434,-0.000225116577324168,-0.035862981712382,0.0112695873631584,-0.00362913615455648,0.00352592261129044,-0.0273226118738107
1747,-0.0095646496675601,-0.0239008064343567,0.00378386325750722,-0.0158068763054201,0.0275898109886001,0.0236079163898543,-0.00140264912949468,-0.00390325914316723
1748,-0.0240160929687098,-0.00819768716067247,-0.0208860876714697,-0.034144180818764,0.00652679485355086,-0.0115625808674484,0.00668829029864524,-0.0134660557962371
1749,-0.00906006482199982,-0.019490926527438,0.0156769263116439,-0.0291096174705286,0.00639809215328444,-0.00669258480884282,0.00990549359935539,-0.0305338590812977
1750,-0.0144278482669279,-0.0350237965968223,-0.0199001221513176,-0.0231474164673726,0.0129972508591514,0.00292649431291221,-0.00224782135477175,-0.0273575066897823
1751,-0.00306840046909306,-0.00802191258925559,0.00721144248431625,-0.0066699855804029,0.00263328395495985,0.00388653994112489,0.00123534049361917,-0.00898141040907901
1752,-0.0212037146680343,-0.0114058183052079,-0.0198381971682674,-0.0438938587375097,0.00661144637221851,-0.0168219303907813,0.00993904768367442,0.000705601057862911
1753,-0.00985440709657438,-0.0265073934017986,0.00714814632698483,-0.029824671898374,0.015522665301786,0.0228246415258141,0.00398375597827206,-0.0155322064467714
1754,-0.00788310902178719,-0.0252225953471521,-0.00420275174923501,-0.0247562845533416,-0.00227437683753407,0.00450667065068023,0.0012976102968657,-0.0137770788844983
1755,-0.0145469603765953,-0.033472420846955,-0.00454269799799328,-0.0324045224717317,0.0191631386244599,0.0227474515811649,-0.0271776143129633,-0.00870183087765676
1756,-0.0143816550414376,-0.0386956460609845,-0.0188932616624191,-0.0316317220076867,0.020448403711444,0.00215888004240043,0.0162325671531771,-0.024515251736465
1757,-0.0142742646356947,-0.0323352378350202,-0.010811625982571,-0.0374673866262888,0.0204074124883801,0.00513309976232833,0.0234790082183063,-0.0196468170824967
1758,-0.0109890576209008,-0.0244865076355925,0.00918568352775806,-0.0460633696257099,0.0344433143561207,0.0219475381901306,-0.0136325650082807,-0.0222987029870427
1759,-0.0152131416256143,-0.0356472578439248,-0.0238804348736523,-0.0229866008250903,0.00364181388961729,-0.0105944408733221,-0.00369756631953748,-0.0316057428450517
1760,-0.0196909804122177,-0.0214664669939913,-0.0232197483736198,-0.0295796327433981,0.00820618609231894,-0.0100902779392487,0.00844030833193703,-0.0335698927778258
1761,-0.0141298774687774,-0.0389059593475461,-0.0138503050575765,-0.0281836762833211,0.0147544637459664,-0.00314204985240888,0.00319990987062343,-0.0206459908045328
1762,-0.016989219334962,-0.028075772744837,-0.0196822525951497,-0.0274218206571119,0.01246657374945,0.0332258681321523,0.0160881061626315,-0.0166255469542473
1763,-0.0169094435926589,-0.0287692714360831,-0.0146918595622547,-0.032779354094079,0.0199219026364943,-0.01305177219095,-0.00157856113605647,-0.0358498122967675
1764,-0.0129119340081945,-0.0242042822878138,0.00761692543439957,-0.0191224966152804,0.00971299235586003,1.9532158871461e-05,0.018150727860683,-0.0133735055420949
1765,-0.0211083752071606,-0.0171655309796348,-0.0237376871850703,-0.0260171854841122,0.0162325084936275,-0.0188790497506446,0.0145021497786149,-0.0177809005413556
1766,-0.0246762137926022,-0.0120623475040047,-0.0300189811063545,-0.0142988258126348,0.00882680207480748,-0.0133250482496299,-0.00243962036486124,-0.0261073150374579
1767,-0.0185872834818523,-0.0274177110319542,-0.0218274595632492,-0.0100783673798895,0.0246090698446593,-0.0167992147366015,0.0135991464013318,-0.00981673639826854
1768,-0.0271336670335369,0.00487326010128383,-0.0235659612867041,-0.00227577908934449,0.019850493865072,0.02223480169769,0.03298669033915,-0.00144701148255826
1769,-0.0181089747385639,-0.0246922630690137,-0.0257354013270785,-0.0284734030868259,0.0248592865870758,0.00894580710229839,-0.0326808433648517,-0.00752286637855621
1770,-0.0216230889138823,-0.0209782366060555,-0.0255615602401261,-0.0236295083586743,0.0183508327429361,-0.0135270722514334,0.0282955445589216,-0.00951710295692856
1771,-0.022200675289244,-0.0142092358571469,-0.0248340456971538,-0.0217144815404224,0.0176246876097391,-0.0303205845982888,-0.00363848682495791,-0.026534931742392
1772,-0.0189675111857405,-0.00997398491704382,-0.00254842045585732,-0.01355604942337,0.0344058851881065,0.0328500735333676,0.0403912756392201,0.00809654471313424
1773,-0.0245296331691645,-0.0106150200771504,-0.0328624111205478,-0.00377964598285618,-0.00371737516763015,-0.0148811405590256,0.0071388193983869,-0.0177241183718968
1774,-0.0283601240657112,0.0100452554023126,-0.0266338523947748,-0.0140017929360708,-0.00481985661185363,-0.0207125410032313,-0.00374046059109454,-0.0022736985914461
1775,-0.0297332625359706,0.0232262285340129,-0.0160998168833628,-0.00731041010120487,-0.000426125934779676,-0.0116940217821042,0.0104367245169319,0.00801177059757546
1776,-0.0251537407649135,0.00135450047224126,-0.0179333837954279,0.00821773385065611,0.0210738253126891,-0.0183357114473991,0.022926660112985,0.0163700510218082
1777,-0.0262735756777665,-0.00210332453251062,-0.0221950845836778,0.00949418465310415,0.0168472819887552,-0.00237704135883229,0.0253306427835684,0.0181633141152078
1778,-0.02610375191739,0.0058381962601042,-0.019611162443982,0.00453361589571043,0.0235413963003028,-0.00634920935413699,0.0315462066248108,0.0162875806690021
1779,-0.0234547667643092,0.000293244292674289,-0.00946701967483162,0.0167553853299072,0.0313959868525954,-5.15408351096213e-06,0.000655975783508154,0.0207616365534944
1780,-0.0278620263493626,0.0160714637307375,-0.0277359102435684,0.00769688123301219,0.014146003402109,-0.00582903757714216,-0.00568933610980136,-0.00610102738325047
1781,-0.0275128766150937,0.00209322855620643,-0.0218325048023311,0.00905494664858512,0.00507334272438164,-0.013675968547481,0.0248089647798666,0.00615895397796804
1782,-0.0324417040674569,0.0285379446582499,-0.0220094185334578,0.00849409135290458,0.00423507303154399,0.00359890048402287,0.012365146669642,-0.0128563122973585
1783,-0.0258164598185331,0.00480686725537111,-0.0132743930126288,0.00273365122738778,0.0288580702192554,-0.0113119384471666,0.0248473402939543,0.0228892127434256
1784,-0.021804835050976,-0.0130345112737411,-0.0225477824573157,-0.0122123466133372,-0.00145520393473287,0.0159797600352305,-0.049548050804359,-0.00247097460675204
1785,-0.0182292814861316,-0.0244415378023985,-0.023648015224735,-0.0206862201590475,0.00773617130522226,-0.0241274164469709,-0.00331173217384599,-0.00851515318290921
1786,-0.0265930188524405,0.0114686887036182,-0.0252115613314982,0.00219873999637229,-0.0272231883332503,0.013480824682309,-0.0139818007703688,0.00630190289390711
1787,-0.0164997140875415,-0.0217887662423755,-0.00245044713380142,0.0285719896158654,-0.0016275417339223,0.0203299098889158,-0.0539659168090788,0.0300150942026139
1788,-0.0218891659592219,0.0102538896013386,0.00847409441269669,0.00056816663816448,-0.00367881382213759,0.0411046094102471,0.00720893153672588,0.0435566442235256
1789,-0.0305775764878764,0.0271150198159218,-0.0141454745826246,0.0121413255474696,-0.00429254587390773,0.0101367603572534,0.00693118118510054,0.00658617938261046
1790,-0.0118942301557769,0.00373011183488594,0.0178448051658185,0.00376767456353602,-0.0249638771203391,0.0106905583678588,0.0211350271603146,-0.000170669435884959
1791,-0.0127632795543746,-0.00150128224451218,0.0200529871215805,0.00699469335050889,-0.0278600689201408,0.0190061609207021,0.0228502827298497,0.00200481602296465
1792,-0.01098788115964,0.00082252351987321,0.0183032354373858,0.00107393304955216,-0.0218574935052529,0.0158736206968034,0.0256702310291012,0.000489721467210403
1793,-0.00920536489649354,-0.0015674605201351,0.0160783782153482,-0.000140141050746782,-0.0243836469989128,0.0181589523430816,0.0185705715081186,-0.00407564190455287
1794,-0.00989819930822054,0.00270896847521986,0.0228807309619284,0.000647998646979441,-0.0231855471164753,0.0154135453070592,0.0231770709286791,-0.0115222096404385
1795,-0.0159099402128725,0.00336282870589212,0.0187373825893302,0.00186519868982665,-0.0346419827960598,-0.0101226126735522,0.0298980539773901,0.00496971565821167
1796,-0.0103808963350179,-0.000943524530002591,0.0260277189897575,0.00629525157853864,-0.0276637818883295,0.00391127719995545,0.0270847438924231,0.00647598474883572
1797,-0.00895534195695302,-0.00147883620768905,0.0191985167315364,-0.000307415242851721,-0.0237348900008667,0.0152970909602577,0.0199355848998759,-0.00654038712476911
1798,-0.00951614337829456,0.000618170020402435,0.0242108451144259,-0.000887999786826602,-0.0286931381394559,0.0157355684173441,0.0208301378056858,-0.00110254545870408
1799,-0.00764700968618974,-0.00245014684668245,0.0222895131240068,0.00318304018666694,-0.0305067525685266,0.0162493709802568,0.0170682998572864,-0.00150627603932768
1800,-0.00775642784490188,-0.00394357943163575,0.0222972330532848,0.00407725310778416,-0.0344726525807881,0.0221514008362461,0.0148368875272943,-0.00269671617898921
1801,-0.00720539542256096,-0.00188343636839706,0.0234495143601986,0.00233899354547462,-0.0307260646300867,0.0194891698562939,0.0177955575793527,-0.00731611168485199
1802,-0.00629030462565334,-0.00266333567486546,0.0201489730963857,0.00204212192527564,-0.0250428998256963,0.0206277532530032,0.0106461707469223,-0.00342763752050489
1803,-0.0235983270321685,0.00884910182635969,-0.00359843498996763,-0.0103530475364532,-0.039092440818844,0.00877817067349128,0.016580451265296,0.00214727177991707
1804,-0.0123115733734068,0.000823091167754822,0.0237789279991455,-0.00146167810086792,-0.0376098474100635,-0.000608797308590014,0.0146055046062371,0.00927998696090274
1805,-0.00730049227620292,-0.0121249292346331,0.0163773037929721,-0.00409552155496309,-0.0274714409023681,0.0121075670447441,0.019032014346968,0.00168109183146287
1806,-0.00879858575727841,-0.000621888584798063,0.0270702220464747,0.0070104305349531,-0.0334454340589897,0.0161842316258627,0.017470598093709,-0.00309972798147646
1807,-0.00924122246248596,0.00358247961040682,0.0234934988072377,0.00558823130217227,-0.0280950539699603,0.013303630942563,0.019868302231423,-0.00718043437349328
1808,-0.0087325061039405,-0.00993748799602018,0.0208041313551084,0.0106006113284784,-0.0267064804140274,0.00262218774444522,0.0267177274540165,0.00129027856636318
1809,-0.00662141445122136,-0.01516980305777,0.0157964498479722,-0.000769363072609227,-0.024253822112405,0.0152486203619139,0.0107668314607903,0.00186721630556778
1810,-0.00332415281271209,-0.00759738201918881,0.00729866089733593,-0.00132179829285118,-0.0108818978272715,0.00209000096831357,0.00345567579879154,0.00040973321363872
1811,-0.00409515763216816,-0.00861830677108431,0.00789890333717783,-0.00526543858069431,-0.013696974988517,0.00776804812420679,0.00290524913422984,-0.0124282436116771
1812,-0.0121958013535346,-0.000784221270412399,0.0184025282114393,0.00077264695526583,-0.0355623715536302,0.0155134295786266,0.0136716171538809,-0.00391279080309801
1813,-0.00832842323535475,-0.0016908629439666,0.0204799801864488,0.00464138874431483,-0.0309107411570501,0.0116583515106736,0.00901709803596981,-0.0108688278986666
1814,-0.00621488698599643,-0.00230134908518322,0.020615399393675,0.000983650576192706,-0.0287349492318188,0.0195537899561095,0.00540926073522923,-0.0172229319813757
1815,-0.0267299001328028,0.0178722110849514,-0.0083433126115177,-0.00583675486864002,-0.0178833415200703,0.00246510400410143,0.0235767908512895,0.0211677092335537
1816,-0.0112596614891639,0.00411199698307806,0.0244912917249076,0.00803166517985196,-0.0266041233354764,0.00834782806408517,0.018530379720871,0.0210393258634465
1817,-0.00738742541379599,-0.00103004349187547,0.0220651920382626,0.00431757292927379,-0.0161992983633627,0.0192163628782824,0.0139154393203682,0.0199277141709433
1818,-0.0294374545393596,0.0178616151034293,-0.0203977470489668,-0.00262260821997363,-0.0319804074765329,-0.00939611168925918,0.0254116315725157,-0.0115366124170029
1819,-0.00678685485397412,-0.00991061070129282,0.011121752342552,0.00132164290719449,-0.015683459774714,0.00355629250339256,0.0181982485316812,-0.00792899581998074
1820,-0.0115589154869903,-0.00584332321384611,0.0237457265787091,0.0023009160966075,-0.0360973282690459,-0.0049586250452366,0.0130456088565038,0.0106091693169185
1821,-0.0287714586549075,0.0286957885019889,-0.00721145797657178,-0.00808277101272826,0.00422726274875339,-0.00834909570086177,0.00650251397905121,0.0089721960665311
1822,-0.0248316212386861,0.0277916870227801,0.00140250966369753,-0.00760432040867676,0.00772931029044616,-0.0107633197390261,-0.00198511295851978,0.00853950663086522
1823,-0.0197477591816868,0.0243324777767142,0.0173974803447668,-0.00762088688652861,0.0134719216934236,-0.0174340525969909,-0.0063937655582019,0.00268051688258381
1824,-0.0227983219482805,0.0202346884805315,0.00233412202532666,-0.00730884584374869,-0.0207983967345235,0.0161021765365556,0.00880890737388728,0.0167633614031316
1825,-0.0132977043793008,0.00962956706144272,0.0214039553923523,-0.00304732463898739,-0.0220473933948012,0.0317639495608898,-0.00763407564752054,-0.00209590489396984
1826,-0.0234285748892482,0.0189239688666433,0.00677865632656766,0.00819611162373365,0.00602751561636834,0.0295612156904917,-0.003758646562854,0.0310042924483202
1827,-0.0247349675587241,0.0235664339209959,0.000763787582389726,-0.007384586649185,0.015426599919288,-0.00314476727129049,0.0175729315790539,0.00987763166429992
1828,-0.0116931778608073,-0.0115815745038512,0.014250428220559,0.023019141454681,0.000420708980877846,0.00931017329492358,-0.00946657875691071,0.00791196075568579
1829,-0.00471791333890851,-0.0142783072912789,0.00720095913277575,0.00111065588678564,-0.0136472067807648,-0.00445777412138388,-0.000639985659757805,-0.00232146066124372
1830,-0.0185710306112559,-0.000827632583108006,0.00523385051215606,-0.0381894279207979,-0.0215952790319318,-0.0240065607556353,0.0229665503832315,0.0405068256735655
1831,-0.0214193978630456,-0.0172269472791536,-0.024314038039306,-0.026148342233869,-0.0242208157074182,0.0221263443691865,0.0133897268569551,0.0243276300454522
1832,-0.0244583000056925,0.0265595352853245,0.000449392538791847,-0.00862641084817326,-0.00270997410806397,0.0112934092619228,0.00918969825311055,0.00830611881067467
1833,-0.0231416560107146,0.0241458818247581,0.00129966415197801,-0.0106155237506591,0.000509275629325115,0.0196507533400792,0.014165888578735,0.00206620459897708
1834,-0.0260668633046413,0.0252048733595566,-0.0124541770085159,-0.00500446505029974,-0.00348721520737104,-0.00557830235037094,-0.00255021489569518,-0.0158726498869594
1835,-0.0148076081227317,-0.00722828452847188,0.0133910783956124,-0.00810136217931664,0.0227464353938433,0.0513363306852355,-0.0066909089758023,0.00275180173010137
1836,-0.0202289104020287,0.00589761965469478,0.00128545500902935,-0.0290715504770973,0.00927232906130093,0.0289504534959554,-0.00235276564608108,0.0011837114938368
1837,-0.0111614653436788,0.00106708070013121,0.0220845843377889,-0.0218974725278133,0.0236215934336208,0.0216588141360604,-5.44276460764947e-05,-0.0184657193677423
1838,-0.0119873211873889,-0.0047465237008149,0.0175432537255547,-0.0215539782813963,0.0134360346459232,0.0542229506810812,0.0107104225046857,0.00689585138562776
1839,-0.0245555221441864,0.00265565644829695,-0.0119021818058956,-0.0118724931901079,0.0119199552584578,0.0336661601777652,0.0179807850299956,-0.00307410047624647
1840,-0.0307937570940597,0.00721554422611793,-0.0298997806958646,-0.0238038941536333,-0.0091361679250063,-0.0059163384141295,0.00414310114665711,0.0214522681900554
1841,-0.0277294701817576,0.00638419685940752,-0.0205349026668164,0.0104624464598771,0.000764924518574628,-0.00821599999138667,0.0117599178119197,0.0234849069363867
1842,-0.0214543175519334,0.014105240086112,0.00497253058388381,-0.0093757830931972,-0.023293695689476,-0.00524944420029974,0.0282522091731716,0.0500651937935546
1843,-0.0195038458054785,-0.0179979021495996,-0.0173275832761571,0.00127083773940263,-0.0138874979644885,-0.0208338490542204,-0.0164169897776473,0.024792303230644
1844,-0.0262227893485909,0.0268041963705653,-0.0104715820766802,0.00356645956286643,-0.00146524909406641,-0.011434851827475,0.0196874045898749,-0.00834386579366301
1845,-0.0158747625188314,-0.0199595857143514,0.00458960410120938,0.0107391295811177,-0.0173779490584189,-0.0168485638846594,0.0101352947298802,0.0196170613921433
1846,-0.0196258077250024,-0.00796997053003719,-0.00855193585223562,0.0265929687073454,-0.00213766210977381,-0.0141057594035705,-0.00488751892821,0.00215493086658871
1847,-0.0113558493859354,0.00348962224434847,0.0282888106226796,0.0113812839101465,-0.0193800520707426,0.0076527325214807,0.0205912985217681,-0.0209612330308375
1848,-0.011392721257875,0.00555196704702875,0.0231123464769489,-0.000891164097525265,0.00237162267967261,0.0101166643088786,-0.0381756736685721,-0.0129915882696986
1849,-0.0341807411854472,0.0321908705896677,-0.0221442195474341,0.000644699580455521,-0.00658675294172752,-0.00473340073311978,0.0202721732554009,-0.01504822822275
1850,-0.0142594921067789,-0.0211895298149563,0.0242233499012232,0.0219104439193871,0.00303317938058622,0.0194655375835788,-0.0134679836383551,0.00657430316025724
1851,-0.00918003060640983,-0.00912457237209613,0.0189689958060371,-0.022492262485424,0.0169411551289658,0.0230282801996168,-0.00964675503568285,-0.0158026135695039
1852,-0.00967320896537316,-0.0122112614556568,0.0190248322788574,-0.0217689765561644,0.0141545456309777,0.015067344786718,-0.00324492704415339,-0.0120702918574397
1853,-0.0163051784398537,0.00484853362401474,0.0203784662759106,-0.0162894200224389,-0.00112384691676148,0.0434523060353928,0.0219717438788949,0.0212428124011021
1854,-0.0143556343091536,0.00534979147664413,0.019388864906913,-0.0232002597057666,-0.0170051472477264,-0.00803482536710921,0.0111134377871537,0.0392432495538078
1855,-0.010849160063823,-0.0109764810944199,0.0246024518594578,-0.0290908604599087,0.00513382014773658,0.0185790990943834,-0.00940914203184306,-0.0121770718633379
1856,-0.0091606677377693,0.000391807450803249,0.0267662919550281,-0.00640478558370922,0.0108916254862016,0.0136132593313587,-0.00652498174020521,-0.0106302996650218
1857,-0.0151084104176876,-0.00689765557722468,0.0125628183636266,-0.00785962386689291,0.0127661971035078,0.0301680024878092,-0.0382265313892995,-0.00166407506110009
1858,-0.0145651724329434,0.0109862965633839,0.018089792997972,-0.0168447803769382,-0.0141538456724487,0.0472782124495366,-0.0306389355230218,-0.00248482000804039
1859,-0.000239140192720425,-0.00066986485444253,0.000364629464396358,0.00063750653413409,-0.000187599993752484,-0.000203268180527807,0.000741461775209328,-0.000272022034642094
1860,-0.0126942707334257,-0.00456359986804991,0.0170153191958191,-0.0292706996765352,0.0158735170266359,0.0281798818370062,-0.00950010648916442,-0.00596172262646116
1861,-0.0147443636196777,0.0144855666664702,0.0143996005438926,-0.00741943070731171,-0.00117706713999013,0.0224389496172846,-0.045005913306484,0.0224114893676019
1862,-0.0109838774428945,0.00858820256161596,0.0294996736862305,-0.00512727367729246,0.0222110337180152,0.0273759905950387,-0.00316542906712805,-0.0169876455914444
1863,-0.0143427682991945,-0.0054546024587546,0.0164861067227566,-0.0316789402275968,0.00939105839124713,0.037024102454049,0.0144930819179504,0.0113503991317045
1864,-0.00884795827520376,-0.0147065373410095,0.024245075236421,-0.00640734906220963,0.00381191535242211,0.00854065988580989,-0.0120408658054066,0.00283526164363939
1865,-0.0127133425287732,-0.00539493774580745,0.0310024335086116,-0.00297786781685835,0.0355508335363108,0.00733582373276658,0.0180139587926131,0.0063009255058447
1866,-0.0213137558288428,0.0151579023759187,0.0126830806256802,-0.0107587333832546,0.000307020873325028,0.017377255073452,0.0343364313990007,0.0261984390128031
1867,-0.00753291575918531,-0.0121302062270032,0.0182595619381153,-0.0192146466137202,0.0124252597400769,0.0205428098687636,0.011337668224788,-0.00237042009503591
1868,-0.0134295988787673,-0.00838505072764913,0.0303220952028919,-0.0202736025653379,0.0128799897694635,0.0479931575041778,-0.00515354291425332,0.0226148911080453
1869,-0.010289396100669,-0.0118075808347109,0.0160705703185604,-0.0277843645964174,0.0186806602192663,0.0260567817395196,-0.0146544094492999,-0.0201816233825139
1870,-0.0105725549395124,0.00236341415569693,0.031062153317157,-0.0133984281303401,0.0210335560606095,0.0115987005934739,-0.0155869420700499,0.013281203737176
1871,-0.0110998546582472,-0.00136913208408857,0.0183172319658788,-0.0257974534843014,0.0250026446277497,0.00781422267161614,-0.00915029289202824,-0.0053151296956465
1872,-0.0120631694792418,-0.00150826915839078,0.0320835342915911,-0.00282808441212027,0.0165899708776571,0.0231190058646068,-0.00444685144671508,-0.0130935065072662
1873,-0.0124972607708828,0.0103702977919623,0.0147829669386702,-0.0167054505690731,-0.000340383008142476,0.024881103243923,0.0194162997859666,-0.00380156168739883
1874,-0.0202667156970023,0.0159230353646946,0.00195821559504516,-0.0139918466712835,0.00230010752288478,0.018181411865319,0.0162438453749659,0.00496351815086352
1875,-0.0100290852953928,-0.00695536568900642,0.0184425682663226,-0.028498393095374,0.00859127067193066,0.00391870900672127,-0.00980673917682862,-0.0143644059361963
1876,-0.00815823705816014,-0.00753980017151098,0.0106824130890661,-0.0214930009769339,0.0135504419174771,0.0107682750221789,0.013050947280008,-0.010037066045022
1877,-0.0142634835647236,-0.00631572915643474,0.0202473956258088,-0.0289847589706569,0.0231765593574868,0.0271827303398182,0.0064401092667026,-0.00240508986874273
1878,-0.0241433928935253,0.0220356049007641,0.0077207369643959,-0.00353603725001101,0.0055284522451059,-0.0172020386411902,0.0135168451480983,0.00851979973577374
1879,-0.017908181380692,0.00735392062133287,0.0130984089242826,0.000795794810163067,0.0304403528162259,0.0371588844012834,0.0203682957547816,-0.00672427495509987
1880,-0.0146816525843488,0.010497437242933,0.0278987703250882,0.0086138182333999,-0.0102926537609369,0.0201415911270049,-0.034344982431742,-0.0184617857131799
1881,-0.00340258203741548,-0.0046249621295292,0.00187269710894842,0.00168944148080704,-0.00784311697975662,-0.00239466343430696,-0.00197756468988726,-0.00606055939548059
1882,-0.0114707779509779,-0.0270514491809162,0.00610476242869381,0.0293171201361057,0.0206141594190325,-0.00489928531951814,0.0124097539354956,0.028935582397782
1883,-0.00303546442106126,-0.00423049565618507,0.00852751352808118,0.00924975972381648,-0.00571996690469484,0.00289582190325253,0.00779456270305031,-0.00801898011120366
1884,-0.0281532078655608,0.00538847247626102,-0.0261525927859852,0.0135986685119883,-0.0105783158419787,0.00850105393281269,-0.0273790805518397,0.00252751961670041
1885,-0.0214123256802559,-0.00871023931944888,-0.0160192026994014,0.00585692307749735,0.01217477003757,0.00731846527833158,-0.0274141178080154,0.0331210447050604
1886,-0.0139078674773985,-0.0376803542217713,-0.0218783182361561,-0.0425687588448774,-0.00625273242700099,-0.0245160743507564,-0.039048849919879,-0.0126173232208608
1887,-0.0262200208596195,0.0023672141447509,-0.0255940540574574,-0.00758515323897524,0.0197054558476181,-0.0160374466333037,0.0214064904438335,-0.00680800748210475
1888,-0.0154761301005779,-0.0385704330231717,-0.0253726963707338,0.00671696486154176,0.0054988928378701,0.00133208593916672,0.0121828631989032,0.00940042869279251
1889,-0.0164591251063234,-0.0333056648194213,-0.0166475903071062,0.0153946629179883,0.0350728711668873,-0.0240184998361483,0.00291263223815229,0.0206714889720615
1890,-0.0237207088125984,-0.00858280221172773,-0.0333950179835581,-0.00103841666474589,0.00565983295811227,-0.0162072609353149,-0.0366794806720348,-0.0242731035156068
1891,-0.0204347954597844,-0.00801101265571933,0.00991540601206735,0.0254546454065785,0.0243415332374906,-0.0304662765891913,0.0120373321497232,-0.00445458641560049
1892,-0.017686023943175,0.01546917925583,0.0152101647069996,-0.0102610967951378,-0.00752508071049131,0.0215528638464131,-0.00929820288365097,0.00657068867033437
1893,-0.0167731250999134,-0.0138335146923446,-0.00382587154623688,0.00172109843629466,0.00251500871406382,-0.0215284876636907,-0.0366752139852342,0.0331912186781806
1894,-0.00851324406175939,-0.028813794300455,0.0088350471039867,-0.00995896955780674,-0.0026438614687345,-0.000264164188788927,-0.00302460554355771,-0.00492615854981147
1895,-0.0142872237311768,-0.0374332827906149,-0.0186711637244086,-0.0109305005462299,0.000473884897919075,-0.0161994279510968,0.00124993505162711,0.0118346560544293
1896,-0.0250802327206007,0.000899715591560232,-0.0245234030552457,0.0123994891090229,-0.0247829387037395,-0.0158030556273993,-0.0142513955726077,-0.00137952501987242
1897,-0.0172021603589999,-0.00645749600947943,0.01030693405078,-0.0148483033476284,0.0324480505498818,0.0281716353772728,0.00633195110121342,0.0290064988694994
1898,-0.0254724463900713,0.0108040858227125,-0.00716385967421598,-0.00983724277376095,0.00971871109141374,0.0309848099505009,0.00242430147869761,0.0072928682271937
1899,-0.00704922076091491,-0.0139824211743387,0.0153857984398876,-0.0191478293949642,0.0127548376856158,0.00595882403395492,0.0112383370408136,-0.013621985739827
1900,-0.0255498233424073,0.010282159560559,-0.00895194037716985,-0.00775484415051125,0.020413767586911,0.0275022144257482,0.01471198467989,0.00952791743500407
1901,-0.0261119713789634,0.0159674777010387,-0.00806100968783658,0.00334299163990252,0.020135738424541,0.0283707043557589,0.0179180867852656,0.00867535268479653
1902,-0.0156093635612384,0.0132683092425072,0.0205014830913946,-0.00550257972241978,0.0198434353229435,0.0173366547153735,0.00353624151412349,-0.0089990486288676
1903,-0.0186633075660796,-0.000734817220894053,0.0137338547938898,-0.00577510794142568,0.0274042228136992,0.0499178355231475,-0.00520599174156192,0.0170202078619533
1904,-0.0134842097232173,0.00108525361499743,0.0270554465598806,0.00118151350862817,0.0362678482933357,0.0477115130487909,0.0264599372738071,-0.00573422607449677
1905,-0.0234081843314242,0.00854027955929841,-0.00852568738651797,-0.0177010492593833,0.017099847354601,0.0348378949500024,0.00611633263810667,0.00641207708078196
1906,-0.0109573138916102,-0.012846377159463,0.0188509061430539,-0.00443657826667793,0.0202956933994772,0.0209020708044902,0.0171230353340379,0.00696699235027782
1907,-0.0222893194561415,0.00330229025449316,-0.00502038339956579,-0.0142961862069275,0.0180623503846915,0.0406807145831067,0.00814305668378535,0.0065414566342209
1908,-0.0165309517013724,0.00562311355531527,0.00400823155229007,-0.00396158162137004,0.00887584487887085,0.0286503508008817,0.00789759942554711,0.0234521905074755
1909,-0.01509156834027,-0.00218266473774924,0.0227157683169266,-0.00959316136951621,0.0178446069915808,0.0487667181698247,0.0139543677284746,0.0167647730151902
1910,-0.0172201797505013,-0.00375430897887675,0.0113951356263156,-0.0234371505710137,0.016124297138264,0.0494209541436156,0.00327929085480441,0.0228924968034027
1911,-0.0126975958802669,-0.0026984196215372,0.025828159708659,-0.0143162381507659,-0.00816866966730455,0.043309135402941,0.0172777636404787,0.0322222387081436
1912,-0.0106420501488116,0.000630707601654897,0.0217597030602072,-0.00728995680061364,0.00773064013473534,0.0391675278794919,0.00464447147659106,-0.00209873582741839
1913,-0.0154934425111944,0.00161585388126987,0.0124116035117994,0.00309212951838959,-0.0150994913714751,0.0520255403933471,-0.0116551888721562,0.00359535697006643
1914,-0.0206391572146819,0.0150154892732253,0.00407043252311703,-0.0161237799091196,-0.0021888448520024,0.00799973789717811,0.0236227523863891,0.0208467366606369
1915,-0.0128365800544639,-0.0054931194738996,0.0187692737875697,-0.0224385760876656,0.0190323850387633,0.0156347832421757,-0.00948236821892407,0.00089461027169208
1916,-0.02106985682885,-0.00133514972224817,0.00181419556902898,-0.0100825390781241,0.0200570020441927,0.0441847801990346,0.0215262887113801,0.0200805685122272
1917,-0.0174757449807056,-0.00640597081151352,0.0128133060944511,-0.00489059459310678,-0.0271097615069119,0.024563348171664,0.00655652948974371,0.0378767790631718
1918,-0.0110053380557069,-0.00925185193426173,0.0138302628161625,-0.0345186649244675,0.0231530492871912,0.0209394778372862,-0.00198085173649229,-0.0218715005714047
1919,-0.0158235096461116,-0.0127067611724209,0.0058259208623826,-0.0350824764475307,0.0243754159454966,0.0477056928799022,0.0235185735137017,-0.00880906028349303
1920,-0.0251526126431557,0.016005594709869,-0.0104265682586231,-0.00423079118802392,0.011115736631682,0.00870577638972882,0.00242673797524378,0.0164313082439454
1921,-0.00720760903876566,-0.0120089534198532,0.0129124151734016,-0.0201212891910698,0.0115642710326062,-0.00488870830742963,0.0145312815372896,-0.0130545396806568
1922,-0.0156635705497981,-0.0158110071346828,0.00312121274556352,-0.0277196710911094,0.00979644329060125,0.0552597499852035,0.00605515786885317,-0.0175541028272682
1923,-0.0085677087657415,0.00239559925117861,0.0333441124850168,-0.0192482730703455,0.0159538448039233,0.0214294148063586,0.00447769266010612,-0.0188276507679414
1924,-0.0126757537987488,-0.0233501865538826,0.0116728338331906,0.00898824463219229,0.0043922045921916,-0.00801058120752068,0.00336486712500806,0.0153428705373757
1925,-0.0219572929010517,0.0151367638865659,0.00313335836907858,-0.0104478313734058,-0.0177793354849621,0.013145046544286,0.0108480426728957,0.0435315176286392
1926,-0.0177585396497167,0.00365293638600597,0.0193161135263021,0.0202396354818066,0.0321422340858791,-0.00319441661149643,0.0342943460999167,-0.0101747414860624
1927,-0.0115710698853318,-0.000313145040981994,0.0253923979895772,0.00523204164640074,-0.0350609882643206,0.00939598851208007,0.0151100043175642,-0.00780932490480596
1928,-0.025377920716089,0.00909591330601554,-0.00944765780523681,0.00811064912765543,0.0129198163330784,0.00585495196750363,-0.0294203666039077,0.0257281145322192
1929,-0.0275509661911798,0.0178568242485829,-0.0121682278595821,0.00565998034457068,-0.00969858911089864,0.0025208934787471,-0.0307822671241025,0.0157554514110741
1930,-0.0201262736411447,0.00329041847483965,-0.00167287176384217,-0.0066665815352946,-0.00161114693259851,-0.00786263681858702,-0.0473579431701956,0.0173260844298643
1931,-0.0182296611926872,0.00141954577084773,0.00963622973348779,-0.00697119009913996,-0.00409436722454798,0.0190504684464425,-0.0410624776717324,0.0445928870788072
1932,-0.0213230026487043,-0.00164737870161797,-0.00233311634792816,0.0242193726422645,0.0200396729102718,-0.0254655056287371,0.00117993528888118,0.00593307306022147
1933,-0.00800072442840468,-0.00860571919578564,0.0229474690620633,0.000235231140825434,-0.025318004484704,0.00376102563226903,0.0148374547318459,0.00318887430370839
1934,-0.0225516951185681,0.00239464561351824,0.00528090318316459,0.0128462456216976,0.0232296202917309,-0.0163573976849354,0.00245803355058358,0.0306482978049655
1935,-0.0264581832024202,0.0247400378132158,-0.00322081343113616,-0.00946164508009985,-0.00125052236299769,-0.00365584841269298,0.0144291711639351,0.0123626672997464
1936,-0.0204094740772451,0.0116122858201822,0.00885946856270253,-0.0186336757923092,-0.0110583350353635,0.0022439047358956,0.00866614418773762,0.0436589799448449
1937,-0.0191111320892299,-0.00868804884353075,0.000559576792055259,-0.0358978140627254,-0.0230515767077393,-0.0120914009972887,0.0116849164821888,0.0613762691060499
1938,-0.0214985488784715,-0.00192336113156334,0.000788528831003129,-0.00793797857546872,-0.0250018454946326,-0.0102913706507933,0.0233735875061476,0.0456178855155223
1939,-0.0095419052824289,0.00100818507644587,0.0257700589430077,0.00297011224711305,-0.0299442590151035,0.00803269561337419,0.0153529105610529,0.0185179536808459
1940,-0.014952256368566,0.00557138225358344,0.0247114495764931,9.46784697801825e-05,-0.0235426779434771,-0.00720868880038907,0.023665920537618,0.00806775813065292
1941,-0.0137256207662193,0.00303170026988926,0.0220163907835394,0.00783695150164551,-0.0282197506655649,-0.00155405178881001,0.0303137639174032,0.0119016738816913
1942,-0.0127100236712534,0.00827867839147736,0.022996947382309,0.00472220933643001,-0.0277499546438041,-0.000209059268597388,0.0284724153001632,0.0110386490426172
1943,-0.0141702408228486,0.00440402656220003,0.0213952447921126,-0.0097479361422535,0.0126404287760651,0.030370081749761,0.00326984803910601,-0.00454319604768637
1944,-0.0219460036683183,0.014149150356674,-4.94718445472288e-05,-0.00623990983363995,0.00213496885363239,0.0201544585751923,-0.0171179010111347,0.0163470260053448
1945,-0.0208791469971545,0.010699402434545,0.013108769584268,0.013502670549791,0.035473773717885,0.0178677208164875,0.0213225670250993,0.014558311852844
1946,-0.0163341337245731,0.0143412852149989,0.0150300634156611,-0.00445388898635868,0.0045560755949538,-0.0249167430212405,0.0131070293329352,-0.0120722031210374
1947,-0.00283530301627594,-0.00730103036554212,0.00415554235964831,0.0111436113907808,0.00313777491840971,0.00388321239107259,0.00870061788760656,0.00283738872736948
1948,-0.00914014677030804,-0.0149896315209623,0.0178897298165585,0.021002421757709,-0.00628324399980246,0.0115159235976956,-0.00851244879299406,0.00328547948149682
1949,-0.00262744396197413,-0.0160953977126021,-0.00779262463848486,0.00821359198089152,-0.0118671049560548,0.00302632729725098,0.00274818724139389,0.00332272934031531
1950,-0.0196466045707395,-0.0241109749208312,-0.0285739735485755,-0.0123313050588504,0.0135416066388595,-0.0247677372523455,-0.0160011914070766,0.0148210372927063
1951,-0.0106478368363392,-0.0333484218568183,0.000894341799858045,-0.00403647375373167,0.00344892039955282,-0.00179680382594164,0.00468204205859997,0.00268464103811427
1952,-0.0201231009294774,-0.0269993740543666,-0.0283716036104893,-0.00524056104666556,0.00487893342957622,-0.000277311039964688,0.0151616317436641,-0.00860894949644437
1953,-0.0214525299531434,0.0148001372243577,0.00487055997581627,-0.00862594214712524,0.0169735856641723,0.00310336161878472,-0.0169579192144077,0.0280962594685997
1954,-0.0212858248458981,0.0154789246736471,0.0121666832088589,0.000393469712673495,0.00756306032082567,-0.00333240638279989,-0.0382135960339985,0.0263404693603668
1955,-0.0163708832994925,0.00137144248037753,0.0124270869437901,-0.0192376890015733,0.014978786935315,0.0384609685682442,0.0256600701967864,0.00283937101714246
1956,-0.0181972312473778,0.00539507788097792,0.0110914921627745,-0.0107836898821178,0.0241641148247361,0.016854232566564,-0.0172165729571909,0.0121560870388997
1957,-0.0247951006051825,0.0048365911694993,-0.00899130441064589,-0.00713589301171384,0.0189006949795262,0.0355661977244153,0.00375428577283927,0.0175241511153285
1958,-0.0248978508467291,0.000784779936658875,-0.0101379297201612,-0.00336391984109783,-0.00601159046218271,0.0256872092952213,0.0100428535662338,0.0365884092639574
1959,-0.02174950411488,0.00568680813170805,0.0154841497507026,-0.00312108256401591,-0.00736047134424974,0.0403002558518657,0.00633532289088317,0.0541322374039286
1960,-0.0231409094491242,0.0110583910199201,0.00275373081963762,-0.00705791253966479,-0.0104373287851457,0.0276744385209257,0.00910472433709799,0.0499153810758622
1961,-0.0192804627227067,0.00593617679695816,0.0137161982438154,-0.000957841852392551,0.0206607927310253,0.040392327241918,0.0085476654795069,0.00420211943064065
1962,-0.012708863476357,0.00131695533014411,0.023150679784998,-0.00637301357318126,0.0252289233781663,0.0354518602128674,0.00653924131016264,-0.0108161695273294
1963,-0.0186304411079624,0.00864039017727672,0.016719753397716,-0.00245029368922416,-0.00803758921213419,0.0273930539921374,0.00795635237096848,0.0521459014432905
1964,-0.0256470615880714,0.0125304425129147,-0.00330144626530225,0.0127887801585637,0.0109268073777695,0.00936364131897845,-0.0113112532556179,0.0290517533986508
1965,-0.0225013991557242,0.0106138805161373,0.000837011865640941,0.014467220288828,0.0180731256569885,0.0135894019890162,-0.00259315711440878,0.0315472504541527
1966,-0.0192513472636269,0.00738724632794398,0.00888583623484416,0.0115803568905898,0.0204194533001974,-0.0128158409175858,0.0156621728480337,0.0337252321358718
1967,-0.0173371051195993,0.0164248285518548,0.00481340358792441,0.000953847246168116,-0.00623024892785471,-0.00428824876462922,-0.0245372370794842,-0.00507012523180769
1968,-0.0129647504618959,-0.00413231015691895,0.0219530254331301,-0.00209532147466207,-0.03137829650703,0.0107277483278724,0.00951914849141661,0.00869265327419495
1969,-0.00886268905381221,-0.00148327855949025,0.0268051815035565,-0.00235928347997968,-0.0205791283570695,0.0235467508399831,0.00947225161309756,0.0137312176089855
1970,-0.0260586409750649,0.00854379834775752,-0.013672973143967,-0.00396836910184709,0.0161499905936219,0.00497849520888297,-0.00865482453915706,0.0331918061274299
1971,-0.0157974757856217,-0.000969205556513969,0.0120825115484721,-0.0123587895865621,0.0365398227753153,0.0202251845868673,-0.0178899529057459,0.0154051047560241
1972,-0.0076992921053313,0.00394887948763074,0.020859070692421,-0.0105382229595399,0.0216686529323899,0.0227561742040182,-0.00655207907608398,-0.0251555696498582
1973,-0.0108557539475278,0.00844767343500237,0.0178906660720401,-0.0107142992621461,-0.00840796806503062,-0.0032957589647827,-0.000779893194218742,0.00533179342098972
1974,-0.0132029369836738,-0.00245315054170589,0.0180622891416649,0.0178245612596315,0.0282334408247087,0.00463944607091202,0.0234786254654688,0.0232698175937838
1975,-0.0185355582161609,-0.00981960198479107,0.000515315782469653,0.0308851286102708,-0.00193198110744464,0.00285190257221753,-0.0349637936294479,0.000497885040693794
1976,-0.0062313421379971,-0.0106296337164246,0.0152628553198442,0.000351124422022686,0.0191027971437499,0.00472550090919553,0.000415089709890185,-0.0169055115871502
1977,-0.00770806013532533,-0.0196287092052283,0.0144233022411394,0.00773944051362153,0.00151906617592578,0.0012576915408067,0.0155949304347876,0.0106138722086065
1978,-0.00621974958999771,-0.0124723733041752,0.0047731426578329,0.00124161216816512,-0.0264273629794208,0.00452964155196903,0.0085676958260686,0.00143182658260535
1979,-0.0176859143341132,-0.00874950506640506,-0.00127908602897912,0.0118184385509902,-0.0454027794723089,-0.00441467618951683,0.00657068675235893,-0.00145158331695365
1980,-0.0265251104124796,0.00605074773809339,-0.0242599707008551,0.00270956557374621,-0.0284483947446486,0.00502301801491618,0.0213571803337404,-0.0177110473518026
1981,-0.0229574141099594,0.0128889747186316,0.00778174048927478,-0.00216563241342154,-0.000507729332079625,0.0341026710532723,0.0166470071409975,0.029346466410782
1982,-0.0107288049552464,0.00440676954139423,0.020937772475308,-0.0104366774375486,0.000568118989694263,0.0391161427127217,0.00983887581108309,0.00763606128634077
1983,-0.0133394544584772,-0.00281128358802537,0.0133382501932535,-0.0111813172380685,-0.0166585889577817,0.0187152610595516,0.00248187673829738,0.012571262412877
1984,-0.00494198701702269,-0.00852886439873696,0.00609065646154254,-0.00616079748754559,-0.012909091959912,-6.27786836500778e-05,-0.0150458368576084,-0.00947140534483537
1985,-0.0142152896408985,-0.0216994256980642,0.0105794625884721,0.0290628193207329,-0.00344623371496474,-0.00645309700582249,-0.00233709191427132,-0.0185310562611898
1986,-0.0164968416678013,-0.0043047671361295,0.0268386131453519,0.0401147925158415,0.00474756550859068,-0.0286915784607241,-0.0103383224162512,0.00151841415382369
1987,-0.0214574370026958,0.0212926083008629,0.0147925051647824,-0.00640826355174292,-0.023907623006813,-0.00615758950858591,0.0152647473152574,0.0193684456445374
1988,-0.0131053738115941,-0.0114746023330848,0.0203725118320865,0.0175069431681296,0.0356496504849264,-0.018237166450909,0.0108313931498088,0.0168681939156524
1989,-0.0114212791741348,0.00934750273351178,0.033471149169029,0.0107257011998491,-0.0023363905694899,0.0180718711366964,-0.0204189141365303,-0.0203330269486468
1990,-0.0109966442252361,0.0179254428294552,0.030614275735348,-0.0105286485250865,-0.00139382967886147,0.00456471649030935,-0.0242455374681558,-0.0198074198971332
1991,-0.0172325044401101,-0.0246991033848809,-0.00683324797624572,0.03138083716673,0.0226039741725464,0.00392327615401736,-0.0250503219125756,0.0220726928413457
1992,-0.00221348478209532,-0.00392221803789309,0.00459774305051189,0.00262604978806518,0.00748128198397074,0.00323090270737543,0.00480518440347634,-0.00178987706680916
1993,-0.0154623539125241,-0.0148743846031045,0.00353315393593514,-0.0267481369788571,-0.0296562986959683,0.0319188907018065,-0.00318063383179684,0.0690482365192354
1994,-0.0267381022764382,0.0178288605179463,-0.0125556541480708,0.00043782740329222,-0.0145247511217731,0.0197788776453748,-0.00603347933254336,0.0193275569160083
1995,-0.00789588035500575,-0.0221756291466611,0.0160703293350841,0.0159561804085801,0.00596590498283739,-0.0028462268866384,0.0140506154319834,0.00876977951438015
1996,-0.0203834394508402,-0.0183136831704779,-0.0185126451519848,-0.0130428015530331,-0.00267788035284524,-0.00229310175720563,0.00716843468795762,-0.00808348464187767
1997,-0.0120554169479599,-0.0243735206875966,0.00674521917334737,-0.0153660998583433,0.00391107606324568,-0.00636721302887386,-0.0184989735738499,0.00495912172543096
1998,-0.0150087290787365,-0.0245999034560102,-0.00152557465635289,-0.020736379670664,-0.00921790143547963,-0.00597687416870782,0.000150883613227298,-0.014009133830382
1999,-0.0107770996509953,-0.0202333611048375,0.00822574759224646,-0.0277722271823811,0.00493921269581226,-0.0066367527569213,-0.00164607082000541,-0.0166858317627887
2000,-0.0120192213007178,-0.0222049450410376,0.0125209674043258,-0.0235916642469846,0.00587006511911359,-0.0144790011385677,-0.00318634238926143,-0.0133442064338162
2001,-0.0151901333903673,-0.0235068292555238,-0.00873916487782733,-0.027455384397244,0.00106992055786414,-0.0161125607973531,-0.0256981243858549,-0.00818891325958279
2002,-0.0125758610961785,-0.0330179574921754,-0.0115468494457284,-0.0373086692716841,0.000640446096655631,-0.0229481784062616,-0.0254890491178163,-0.0102173142793225
2003,-0.0192190262318685,-0.0196567667450015,-0.0112067801636855,-0.0294064325188639,0.0149374485297642,-0.00937045831901659,0.0028052737368744,-0.00603305156883641
2004,-0.0163042118468913,-0.0220675458608302,-0.00975094719225473,-0.0288754201721792,0.0115874303595507,-0.0170120578457518,-0.0116494553494304,-0.00771337370488129
2005,-0.00841079260980934,-0.0218100970894305,0.0129715347843684,-0.0178119648883529,0.00364583183672603,0.000455972959591726,-0.00817545492574549,-0.00740987733848339
2006,-0.026047062588967,-0.00615333017313769,-0.0322559438836947,-0.0173663173741133,0.00179331566914642,-0.00237611303320202,-0.0127545238069675,-0.0155878209570376
2007,-0.00937216719350358,-0.0284780869730235,0.00791544563414592,-0.0225792821642755,0.0103464842128868,-0.014897553602981,-0.0163792968404586,-0.0107597529697436
2008,-0.0159674457454766,0.00942919790443923,0.014379307983343,0.0183846410789285,-0.0137633167250853,-0.00943540255462817,-0.0267942004166061,-0.0374721611608784
2009,-0.0103101441807105,-0.0148638260752818,0.0169431755540351,-0.0108981870715831,-0.0214957526298321,0.0108193730238012,-0.0157437873803873,0.00241411689044434
2010,-0.0117099557138062,-0.0115099844554207,0.0211034966718849,0.00600117996899239,0.00468299832108888,-0.0141076175000277,0.00729382061449757,-0.0188994687068793
2011,-0.00442438959891727,-0.0148072125711514,0.00398260304304737,-0.00221922118091341,0.0033572557370935,0.00681127701454254,0.00311723688693099,0.0010704993892909
2012,-0.00381375883026659,-0.0100882943682678,0.007468851066685,0.0120477665269237,-0.00039594821070697,0.00718438626540694,0.00749526874775898,0.000775468456884198
2013,-0.0230980448691386,0.0201255038115052,0.00693751654680594,-0.00728677369220923,-0.000698944699088575,0.0131898662556795,0.00766272887578841,0.0414237985257912
2014,-0.0302693027042864,0.0237741534804595,-0.0140093728900209,-0.00115251141354979,0.000213741079324442,-0.0074018786950052,0.0104359006343458,0.0119004117043328
2015,-0.0132884587830092,0.00647791021784038,0.0347159003552033,0.0120008903205661,-0.00152922340268511,0.0144652041752032,-0.0370138581517452,-0.0141680904642486
2016,-0.00594994917547743,0.00356157573828071,0.0264922954372627,-0.0172841550157134,-0.00931351020160766,-0.0195440478663019,0.00129543301024694,0.000875042085522984
2017,-0.00591650626047642,-0.0116679458596616,0.00514789587144726,0.00262927072320109,0.0118393798492957,-0.0136910266586404,0.0137731188642402,-0.0164927008038396
2018,-0.001061142666178,-0.00209594549606121,0.00120300441304901,0.00568444835792895,0.000556763977812751,-0.00093409807944579,-0.00203408985778221,0.00702736071195244
2019,-0.00317719455268138,-0.00730706866974938,0.000695784388918766,-0.0102232768950817,-0.000401737836953843,0.000860389299066337,0.00834408387931851,-0.00737516293227777
2020,-0.00752740078981451,-0.0237881309946251,0.000986989287334805,-0.0213545334748727,-0.00234235627293268,0.0112677510631788,0.00646520823763981,-0.0236228947817983
2021,-0.0190389879021915,-0.019326825943255,-0.014873304204095,-0.0334767282914642,0.000362420026225359,-0.019659421722177,0.00351418359562422,-0.0193861333771334
2022,-0.0182952816039373,-0.0342032425799983,-0.0273854008943658,-0.0328944257286745,0.0110716772286787,-0.00611245049680741,-0.0261906014418172,-0.00619920743543818
2023,-0.0150225651146769,-0.0292406914880853,-0.010103431937357,-0.0413511092826077,-0.00247813820125264,-0.00443598874356071,-0.00652317545524717,-0.00496450626942118
2024,-0.0106081399816152,-0.0269911306052777,0.00191113516364603,-0.0240011767168046,0.0103773724085803,0.0132904338445699,-0.0065370396614815,-0.0223589641523719
2025,-0.0174300542242239,-0.0283568858397678,-0.0211784601005179,-0.0374907708659831,0.0137501967091801,-0.00622416986813706,-0.0367471459373451,-0.0199071005654505
2026,-0.00456922623858589,-0.0120906382273741,0.00720178451202521,-0.0103152794527326,0.000644184706087972,0.00269280062123938,0.00309690728119365,-0.0119529045955954
2027,-0.0182106826316333,-0.0299464922047314,-0.0261913122364752,-0.0332545843602718,0.0213310553299823,0.0135853738921132,-0.0328166859962828,-0.0103009192237703
2028,-0.00544965011521792,-0.0178314679214508,0.00713731590893866,-0.0123544224084247,0.00120771764052319,-0.00116203687155568,0.00151600287181757,-0.00963509299333712
2029,-0.0124073962749745,-0.0345589737849569,-0.00346628697419107,-0.0318872653540067,-0.00520478686021118,-0.00694731694170308,-0.010735634949529,-0.0193274264932195
2030,-0.00761596450912714,-0.0273006741538059,0.00875318718695586,-0.017878011674775,0.00455323483817108,-0.00992134820360962,-0.0108977919405797,0.00124251731092934
2031,-0.0181115125435314,-0.0262410933809952,-0.0144596086433691,-0.0225305210871712,0.0113956189275673,-0.0106659647298766,-0.00812306858907494,-0.0027553350302565
2032,-0.000218257557095591,0.000193262440280737,0.00107789086249213,-0.000384576860653166,0.000263422754877544,-0.000607729145303771,-0.000903732468364604,-0.000693805031066388
2033,-0.000997958368793417,-0.00353551829260294,0.00222771349995043,-0.00141367593840095,0.000337510553231594,0.000649185834648049,0.000768495209289473,-0.00135116006245813
2034,-0.00663113626796563,-0.0191720802859389,0.00703347749544897,-0.0131819702585596,0.00414464582058959,0.00844846509638741,-0.0152305095077829,-0.0110528323308936
2035,-0.000218257557095591,0.000193262440280737,0.00107789086249213,-0.000384576860653166,0.000263422754877544,-0.000607729145303771,-0.000903732468364604,-0.000693805031066388
2036,-0.000629774262926512,-0.00164345448011646,0.00104853372444298,-0.000924636859920449,-0.00043541119418994,-0.00032128422464199,-0.000688698508614625,-0.00118300732350195
2037,-0.00423019939883014,-0.011846640992385,-0.00159426952276757,-0.0104848272437162,-0.00326911448565523,-0.00136212742103312,-0.0104992330247902,-0.00380025655950569
2038,-0.0061157688980318,-0.0162733124379567,0.00938222785497919,-0.00737415774541773,-0.000653294914920185,-0.000468298301973687,-0.00226339642186139,-0.016055294960275
2039,-0.00222766585892953,-0.00748228340514572,0.00327464506918736,-0.00494272368548489,-1.6839444861664e-05,0.0045538008199783,-0.00239499642798008,-0.00390465444172428
2040,-0.000543004702092013,-0.00210690830629609,0.00222893337257333,0.0009774176699769,-0.00139311125305835,-0.000934826736982105,0.000459789943113129,0.00267486445696998
2041,-0.00955201927845725,-0.0257490142448233,0.00693032561903125,-0.0156096698432698,0.00675632864392021,0.00537055583565589,-0.00984610855679999,-0.00810924112152152
2042,-0.0208857130095695,0.00669718927671948,0.0115981595212046,0.0248799518645725,-0.00295938717164956,-0.0308367704644622,-0.00876908061441112,-0.014359031015572
2043,-0.0178080652625418,0.00326733787655212,0.016400474379319,-0.00733531858730612,-0.040591254223572,0.0116775701688112,0.0258878066052207,0.0193237028847614
2044,-0.00136630393288655,-0.00285201335038407,0.00348772556789322,-0.00107454121669528,3.77130182672254e-06,0.000672488406385819,0.000500977499252504,-0.00478459790203907
2045,-0.00255656713769184,-0.00557864295358739,0.00698559044494258,0.00196409185253174,-0.00254466631563567,0.000241891182127815,0.00143840152421343,-0.00212983699086683
2046,-0.000141939521874146,-0.000187047867009187,0.00126042141906326,-0.000440266669823803,0.000921724233282399,0.000624479732979822,0.000474096664349805,-0.00187832725412076
2047,-0.0203375464344883,0.0103875552504903,0.0151630057030869,0.0186577595643906,0.0240747520422322,-0.0106889033911102,0.0306975165329488,-0.0266001654976263
2048,-0.0136649119545825,-0.0215869010207675,0.0139264886020793,0.0145296023256267,0.00996052818151509,-0.0139877989923265,0.0171611050537851,-0.022304009910103
2049,-0.014873360257398,-0.035323954599195,-0.0237506602117231,-0.0164171397890944,-0.000815949778386436,-0.00674325242835784,-0.00969141727214586,-0.00683566392800799
2050,-0.0160588876538674,-0.0325295650471684,-0.0197015923165529,-0.00518128466670719,0.00543307100668925,-0.0110489377090102,-0.00980329038216652,0.0129919329589889
2051,-0.0201746461097713,-0.00591127552741586,0.000627426515938153,0.00204730192655789,0.0201768137942423,-0.0136746686361787,-0.0073463987840039,0.0340669333675056
2052,-0.0146691126913123,-0.00209422882977796,0.0168354210166251,0.0072535900921551,0.00662851852798027,0.000113311439632817,-0.00888929489729978,0.0236454849288848
2053,-0.00333579263106175,-0.00625587463084275,0.0092741681564424,-0.000222709604848397,-0.00286373466257809,-0.00495622944250646,-0.00117420742550459,0.00081433806419366
2054,-0.0258486946397952,0.00303571868592132,-0.0218107131459693,0.0129746324997836,0.0125237107452782,-0.00675672522639157,-0.0123159029405012,0.0111504415552189
2055,-0.0017643311525454,0.000107056646375715,0.00337521628356325,0.00112101727963244,0.00573419895283592,0.00127766523022789,-0.00419997919966245,0.01004869623052
2056,-0.021294574357223,0.00226017663294035,0.00130538487313849,0.00156703794258709,0.0315122600114481,-0.00682413996560433,-0.00382538796149842,0.0374765254052236
2057,-0.00612303220210309,-0.0132169985329004,0.00826664568209403,-0.00285558906131007,0.00496842181284986,-0.00643878752980356,-0.00014653684586393,-0.000572135744732667
2058,-0.0192385788115769,-0.00284637540365112,-0.00624154395901577,-0.000336221440054373,0.0194876746927153,-0.00432804285039936,-0.0364573509772834,0.021949338872377
2059,-0.0289665813633748,0.0129096205815597,-0.0182145962428824,0.0131790673695859,0.00799476389714827,0.00855764974690956,-0.00844535737003766,0.0155888019766428
2060,-0.0159786164889567,0.00554064597816948,0.032571594524103,0.00916972084184321,0.0133215691543853,-0.00241132429340336,-0.0368687374577656,0.01388087495998
2061,-0.0124681700648815,-0.0212923289380533,0.0172434141374318,0.0122427203759331,0.00325828484962157,-0.00170407241749707,0.0117512840658467,-0.0128435776245648
2062,-0.00144767869120965,-0.0012298792091427,-0.000261691248455556,0.00104184229074174,0.00166190405370322,0.00905047311949629,-0.0015244606583323,0.00136583299290558
2063,-0.0147371535953848,-0.00166240869383518,0.0273292551353242,0.0120013240272547,0.021146554944433,-0.00284033688768189,-0.000837248323001606,0.00760640525974868
2064,-0.0146829234877377,0.0120303201601102,0.0216170692773087,-0.0054313381496795,-0.00291581705003845,0.0212336061438947,0.00230349280059405,0.0359305008667232
2065,-0.000429046612352476,-0.00116696700332041,4.00557024445517e-05,0.000150732408340737,-0.00114840183971017,-0.000221496452268224,-5.07501361991974e-05,0.000277166478877947
2066,-0.0112859657965914,-0.00609730017279369,0.0230433323615961,-0.0100018551360877,-0.00042906757259726,0.00281293664027018,-0.0208587443621911,0.000948300528828169
2067,-0.00649031519663558,-0.0149957190308148,0.0144733272756973,-0.0107861366360745,-0.0194961295732676,0.00470324315000769,0.00152021905137604,0.00150987440166163
2068,-0.00774552258861221,-0.0173926423760656,0.0141944133757958,-0.00114573992714289,0.00198164381264056,-0.000934181345057452,-0.00441640401495419,-0.00255850780086597
2069,-0.000541001460472292,-0.000573279672782942,0.00138886709167624,0.00098737827850815,0.000564096594773417,-0.00156368466031005,-0.0027767032872784,0.0018749167093702
2070,-0.0137909385734424,-0.00197537749592671,0.0166935771206155,-0.00496138389155621,0.0232652527460054,-0.013348226204499,-0.0209323151352314,0.0407922288821029
2071,-0.0109051926708362,-0.00537489077038922,0.0227974637721814,-0.00125331053914187,-0.0135932945856761,-0.0292611677872534,-0.0035347042226104,0.00729066702774888
2072,-0.0159708444323747,0.00251912604907693,0.0301554856145164,0.00167935913709705,0.00560592675447607,0.0102946642786388,-0.0382131027893823,0.0452655945000509
2073,-0.0202389824108956,0.00802102093765424,0.00420834988099826,0.0140556082500649,0.0240077996225987,-0.020881412132315,-0.00791720378815407,0.0100267432133868
2074,-0.0155608645354327,0.00453379076382257,0.0289515461945371,0.0129769873289858,-0.00289908727585742,-0.0106229649322356,0.0216877297436165,0.0158095538581611
2075,-0.0118116846490958,-0.0116716491910905,0.0180715187622322,0.00745023229856361,0.0141586379294998,-0.00826634645293085,-0.00188844170814367,-0.00570079068313283
2076,-0.00861006895122032,0.000791361159769114,0.0250964111972891,0.000895299171094714,0.0077285093867195,0.0181130850500114,-0.00880768376576194,0.00697460873042443
2077,-0.0136466459165648,-0.00431957294323387,0.0239838495769217,-0.000516100240590301,0.0283725543617056,-0.00400153003325433,-0.00278689827770196,0.0199234046680962
2078,-0.0121302658737067,-0.0144515030309762,0.0242516492595642,0.0188547775246134,-0.00738398389303975,-0.0327292039618701,-0.00797459743736197,0.00400380385698098
2079,-0.029207062252456,0.0265423587713027,-0.0100531071327293,0.00489625672585577,0.0135856134476612,-0.0149312271901732,0.0157712581453049,-0.0123130791916445
2080,-0.0146943749560206,0.00464897818488919,0.0160898715767203,0.0142979933865708,0.0236698728662095,-0.0174366214551456,0.0218169781272968,-0.0178586163594679
2081,-0.0132409781238973,-0.0157264532000122,0.023500452047872,0.0247460348113932,-0.0170330563674849,-0.000540279825999935,-0.0122437224857208,-0.0064864126597203
2082,-0.01496291218996,-0.0181069790454156,0.0131855060124762,0.0359492812917015,0.0103933623962697,-0.0275181228478388,0.0213828478654233,-0.0219797816626585
2083,-0.0225911276398167,0.0214844957695841,0.0132096314587711,-0.00963746099294286,0.00186038760038762,-0.0101214226215811,-0.00522879698886656,0.0188875941315774
2084,-0.013319561276782,-0.009094287498353,0.0216107592182903,-0.00597174439814834,-0.0350935198487133,0.0184952999482971,-0.0235864234573504,0.0447299906583655
2085,-0.0145618502929986,-0.0287441065486272,0.00267809151493134,0.0287865046350885,-0.000321159534220811,-0.013274965303908,0.0118548014438954,-0.0120746238561484
2086,-0.000141939521874146,-0.000187047867009187,0.00126042141906326,-0.000440266669823803,0.000921724233282399,0.000624479732979822,0.000474096664349805,-0.00187832725412076
2087,-0.0234877023258488,0.0156847954490364,0.00187285090396152,-0.00703923915389246,-0.0129516287196626,-0.024388304928466,-0.00010366527181041,0.0177863422738341
2088,-0.0122602707308926,0.00741312308318611,0.0281655162127426,0.00613287245032545,-0.0222229415387503,0.010632741043163,0.0120185597481908,-0.0272384497051562
2089,-0.0173008810481463,-0.00312529244920437,0.0134137974134136,0.0258219444219835,-0.0153899690031752,-0.0324902560061667,-0.0330897996624396,-0.00338598458546979
2090,-0.0061491269724013,-0.00882007128651916,0.00988916585168985,0.00443307663537855,-0.00623770609759412,-0.0136776038741267,-0.014650484169899,0.000596659018861072
2091,-0.0207082135289335,-0.000448106972805559,-0.0106073016249792,0.0319178109110378,-0.0133353290525198,0.0229574443699515,-0.039558664126665,-0.00259277685970797
2092,-0.0106597286885369,-0.0250205939717116,0.00149974616100533,0.0151093917513081,-0.00659092699931518,-0.0132064930424533,0.0013669054483523,-0.0101069430626344
2093,-0.0123692819958194,-0.0345247536048044,-0.0126550585833549,0.0176189970493311,0.000733359724487186,0.00251215150218665,0.0114169742929703,0.00200001196563961
2094,-0.0121934415695509,-0.0378155943256926,-0.00108663026740248,-0.0163536771451244,-0.016563864006718,-0.0064995216889633,-0.00767942796335024,-0.00357983310389784
2095,-0.00826956311483415,-0.00962285737102595,0.0151542973271348,-0.0257664645988473,-0.0037035502150458,0.00474770577706974,-0.0236838732323179,0.0035867823444271
2096,-0.015374259021866,-0.0138951446062854,-0.00125356811545204,-0.0498679447017669,-0.0254980945954657,-0.0114142975635373,0.00829786101509614,0.0197428470067923
2097,-0.0239522546095962,0.0101114076041898,-0.00153436683019894,-0.0160600170465616,-0.0289905465511584,-0.0115797287103264,0.0157191867835575,0.0285897866182704
2098,-0.0287225531116531,0.0103753775070534,-0.0265209295896239,0.0203143743973096,-0.011661201187539,0.0045702095926526,-0.015204539641428,-0.0111364781038124
2099,-0.0149517096958656,-0.0215436732462843,-0.00452454917596794,-0.000644339955682528,-0.00686192562488832,0.00399406938171369,-0.0397313351687612,0.0207573740747758
2100,-0.0277269082543694,0.0153819716806181,-0.0191217628878298,0.0103291961947634,-0.00984210009048729,0.0255365438891968,0.00590100539402216,0.00307867426659677
2101,-0.00689940836098542,-0.00625777698380497,0.0172243800721095,0.0151617953082095,0.00373036770976383,0.00103435209700689,-0.01293888606135,0.00713837025679474
2102,-0.0084696864430239,-0.0198972917466811,0.00344783408288169,0.00965606927513928,0.0148815288429913,-0.0109689921771486,0.0106847513992933,-0.011832330048848
2103,-0.0252423542819262,0.0169525611497237,-0.00577473488208143,0.00396325089660927,0.00267004302731706,0.0159284193175397,0.00101556468857059,0.00334473234793589
2104,-0.0161006810140388,-0.0219929973641347,0.016566515937104,0.016966534407557,-0.00189675981825001,0.0153063183616276,-0.0104102515740129,-0.00269269902377907
2105,-0.0103885244479035,0.0110644087425255,0.0284029320424942,0.000986658823628162,0.00728371787112835,0.0106501655065877,-0.0252776964719241,-0.0171958145266526
2106,-0.018449031045388,0.0103440781495265,0.0161651179214224,0.00233729302087308,0.0202110018135743,0.00932038716964937,0.0297918314090531,0.0224775610783688
2107,-0.003812638927452,-0.0052288640567618,0.0135316289191404,0.00415042797910901,-0.0041019050770306,0.00123667428268158,0.0032823830549708,-0.0118055880800211
2108,-0.00290384651098246,-0.00797910353263005,0.00655407263716887,-0.00713219751165303,0.00892353131278643,0.00496860981042732,-0.00454762759002328,-0.00458689830483274
2109,-0.0264533088835269,0.000622079665004328,-0.0282761337433117,-0.0153612969017358,-0.00154729295076211,0.0234153455451284,-0.0174008087140523,0.000843092154114051
2110,-0.0217275366500463,0.00999425685383992,0.00951930133189431,0.000235693167129695,0.0035492865808024,0.00440872420591706,-0.0436668396850383,0.0468803897147147
2111,-0.0288923988999914,0.0245605063833083,-0.0147637728331912,0.00215802578846006,0.0129518910876069,-0.00140405079837832,-0.00793113780862192,-0.00194684755956361
2112,-0.0193841791491224,-0.0254792027134751,-0.0328213324450475,-0.00429765825519694,-0.00228790731899446,-0.00624882969392281,-0.0127215715611217,-0.0230641245260787
2113,-0.00510142616608214,-0.014998894465351,0.0058561143201323,0.00578957585139553,-0.00760270023195829,0.00652020211083243,0.00602642467786647,0.000114600515779769
2114,-0.00919895819385376,-0.0234434742294055,0.00815682340257107,0.026921596519286,-0.0133554327892915,0.00544183688890138,0.00802840492425241,0.0101588893276276
2115,-0.0101065263327967,0.00350894188002322,0.0282547898904827,-0.00704541696992952,0.0109463029479959,0.00184318695639856,-0.0161316185805995,-0.0172260889563232
2116,-0.00869955453525936,-0.00417046629738849,0.022413776267973,-0.00898064971694019,-0.000592303445529309,-0.039663717599585,-0.004301833817676,-0.0082306036900337
2117,-3.47634927501744e-05,0.00083780908182353,0.000329742529906809,-0.000198269440713059,-0.00130559140641521,-0.00399472552131192,-0.00453979244881858,-0.00245036948088659
2118,-0.00162434739602796,-0.00593159282722671,0.00301695501553863,0.00501697340634383,0.00162420966108923,-0.00862811118898762,0.00249137884797263,0.00461265937620478
2119,-0.0225605552006169,0.00401765244260843,0.00817437477672758,0.0295722524090984,-0.00754735459995691,0.00181584644947146,-0.0248428925236136,-0.0271393671144512
2120,-0.0213337145919882,0.0117723118364711,0.00325895400040138,-0.0217933786237889,-0.0199240238312563,-0.0182336770542664,0.0102459052496821,0.0392656923460327
2121,-0.0227272010269907,-0.00712995851299602,-0.0100582819305557,0.00829264232973874,0.0311156712106113,-0.0221053031798265,0.00122592939377074,0.0231006967569285
2122,-0.0271576311849288,-4.97685067045233e-05,-0.0235631174565566,-0.000212866349147414,-0.00100570750371562,-0.00252123336300628,0.0281442461278703,0.00868475506833985
2123,-0.0143264947846029,-0.0205872514020858,0.00816079991889084,0.0143324192861825,0.002380521412296,-0.0209453550617161,0.0355716012620703,0.0055220758028336
2124,-0.00882339834802687,-0.00548720854076929,0.0238128514197288,0.00700546315978992,-0.0282431109078722,0.0231794312877048,0.00717210795753129,-0.00602325685236756
2125,-0.0144632642410649,0.00146444433238414,0.0220531497915367,0.0109316540561068,0.0407625529979159,-0.000196409290079604,0.00277289829764368,0.0190952739957196
2126,-0.00417257861323749,-0.0079168127195544,0.00901072764484112,0.00229881468310037,-0.00630038314625049,0.00252154178388601,-0.00551672753956476,-0.00285608428436685
2127,-0.021330649747737,-0.00822530914212264,-0.0133419690331144,0.0347544296320795,-0.0338714276279817,-0.00620132640620958,-0.0315551467725052,-0.0144275144822609
2128,-0.0155913572510232,0.00116801303056026,0.0223078261435745,0.0166155317098961,-0.00914537808339685,-0.0292561111450525,-0.00379328733682351,-0.0181397623570162
2129,-0.0280154501997701,0.018582832435658,-0.0136698627066578,0.00874450271793315,0.00558105052928346,0.0114675913798503,-0.000813319216116853,0.000960071016375783
2130,-0.0140879915840701,0.0122698181847162,0.0260953412195282,-0.0216860806111091,-0.0167694543956178,-0.0203432543697115,0.0172090811547112,0.0112947347215398
2131,-0.0130211896393124,-0.0342444884936918,0.000151207544757532,0.00683372892550687,-0.0132616309950642,0.00903044670126047,-0.00722246837169688,0.0134985509450769
2132,-0.0341520745632577,0.029016082802865,-0.024383059178711,0.0112210573187124,0.00160276095708845,0.00966002485615083,0.0139135038715336,-0.00695242070069848
2133,-0.0144556699262095,0.00343045892564912,0.026509792670884,0.0148381911889578,-0.0251168798296901,0.0214545740467486,-0.0366572766040837,-0.00366850018962039
2134,-0.00493372596399049,-0.00961978973871936,0.0092092024830676,-0.00386939991204985,-0.00743277516780976,-0.0272270084273367,0.00563984101012611,-0.0092610378730157
2135,-0.0114479695829099,-0.00747558042049775,0.0254289249858211,0.00487795066572661,-0.0329678626716553,0.0108886203053032,0.0102656414242024,0.0119897640465063
2136,-0.0117233569001195,0.00144244137724076,0.0294717329355115,-6.76683788172872e-05,-0.0357948088577107,-0.000805996139275252,0.00906146575684741,0.000109934515625636
2137,-0.0308645397035146,0.0232567184276781,-0.0113257497905446,0.0217456892211012,-0.00983995215633321,-0.00437916826648847,-0.00222111235840815,-0.0186059513984608
2138,-0.0184403804498285,-0.0293819169942509,-0.00964507212401068,0.0182778878857716,-0.0216390926258006,0.0228855421402779,0.0200973668017113,0.0161457987765862
2139,-0.0146806527434033,-0.01800438529665,0.0126245847565306,0.0303904496771059,0.0189380630257093,-0.0148999515977382,-0.0172781979975346,0.0230634736922655
2140,-0.00351956470869132,0.00135206135720798,0.00938814707953362,-0.00123006150692261,-0.0100370332250213,-0.00654723874514895,0.00183179375041687,-0.0110260351377352
2141,-0.0260960037312361,0.00346606372541185,-0.0246327310147814,0.0234688631778423,-0.0120756180575401,0.00601394466559906,-0.0111699416651713,-0.0220885013931401
2142,-0.0172505278746876,0.0115932211634793,0.0214923276357728,-0.00644860187933211,-0.00075350405106695,-0.0317714541393919,0.0117158597967516,0.00692284216373515
2143,-0.0165331389845782,0.0202764891840779,0.0237687056156727,0.00700937171910058,-0.00192974775253381,0.00460249998339139,-0.0263100227818289,-0.0309008507545965
2144,-0.0309538817168423,0.0203209757376964,-0.0228365449798787,0.0164591714577573,-0.0019374368190746,0.00538798223411164,-0.00116887128745345,-0.0177694334785778
2145,-0.0141261472436614,-0.014218368432762,-0.0007179701854035,0.0345455149323443,-0.020339762712698,0.0162679260932379,-0.0385106644941523,-0.0223719564107557
2146,-0.0111296765180443,0.0124840708739834,0.0220999776492328,-0.00647792244233128,-0.0189765006285254,0.0031770639882519,0.018491458634513,-0.0333264002100595
2147,-0.00788307674009083,-0.00436026226896771,0.0206891617102249,-0.00615028077980028,0.0228757081801004,0.00761179994297445,0.0198772026113561,-0.023303783323906
2148,-0.0201968736649131,0.012214882083975,0.0107764426283186,0.0114985207775542,0.0187473698266635,-0.0215523105797167,-0.008311411381228,-0.00416319676023563
2149,-0.0107107270077096,-0.028894889807484,0.00562836168125443,0.0136822557452625,0.0153707348950574,-0.00253307342602989,0.00821544199558921,0.00155601721283625
2150,-0.00562885780698367,-0.0123211834124289,0.00823816725161463,0.00189446912842609,-0.00925759092477099,0.0187546046401038,-0.0185054606189362,0.00156649520702732
2151,-0.000670633635248319,0.000442508274356923,0.00124854856509033,9.45402066315749e-05,-0.00108988955471897,-0.00153312137743895,-0.00200506305980333,-0.00419976291283806
2152,-0.0187478764739543,-0.00555364710744122,0.0026285421110261,-0.021084092676238,-0.00530820387328059,-0.0332314971621445,-0.00503479461429689,0.025753768123272
2153,-0.0112594689830334,-0.0317707328211758,0.00149356077893421,-0.00715391846178911,0.00717478368030318,-0.0115950165584306,0.00538475728457404,0.0033183840440157
2154,-0.0168269628987324,-0.008649440826104,0.00281693511591343,-0.0325634975353356,-0.0158374208855337,-0.0144539171054939,0.016445674905576,0.0257635938362667
2155,-0.0151972150461551,-0.014252568984047,0.0159764128752384,-0.0240028294704038,-0.0143607587784312,-0.0459884156339574,-0.0147309265815638,-0.00230610965028227
2156,-0.0216943967265648,-0.00815529826280659,-0.017860504736339,0.0154914107105695,-0.00302248509209096,-0.00247723930620923,-0.0100674447324447,0.00625799539790378
2157,-0.0180363415086135,-0.0182903483135118,-0.00704679794547725,0.00429470980195009,0.00824855244526791,-0.000152640469403468,-0.0423402726852352,0.0343424780928863
2158,-0.00606554343372463,-0.0084641996185997,0.0245380628548186,-0.0120307340602061,0.00106785087939855,0.00996165766216477,-0.00917368925611044,-0.00461548906430726
2159,-0.0147036223414907,-0.0443129349352388,-0.0275027757368058,-0.00882303440468091,0.00110832165047445,0.00812664999761329,-0.00527218694499186,-0.00580719950339786
2160,-0.0279019518343589,0.011596910824977,-0.0210538031136565,0.0028163925892301,0.0187354690881714,-0.00767209225411124,0.00262804962874641,0.0178599054756586
2161,-0.02534162885454,0.0249861058195662,0.00161347360368451,-0.00370691763990593,0.00517981992533967,-0.0164054908337848,0.0242128703842248,0.00462028836014563
2162,-0.0118111372003159,-0.00271326106596561,0.0222373431649652,-0.00728445897000074,0.012098353304948,0.0442132591254865,-0.0155277382911906,-0.0106711143197792
2163,-0.0299543982185393,0.0248333405142682,-0.0184147346594917,0.00460260313788712,-0.000571901388112431,0.0232503929964525,0.00202550401680103,-0.00947404064149148
2164,-0.0124476442602757,-0.0163958745176527,0.0141391826019521,0.0239980841913834,-0.00687057919879212,0.0180277767103804,-0.00491896267221349,-0.0102846376123229
2165,-0.0200838823772188,-0.0275357093516755,-0.017984262778961,0.0325857533292124,0.00444449740541555,-0.00374826398412938,0.0314465866962255,-7.47527741111776e-05
2166,-0.00305698515816315,-0.00756388733592684,0.0083824233765108,-0.000415114230720775,-0.00308591747877405,0.000147432167803901,0.00406940352232099,-0.00869868874234426
2167,-0.0287092479513791,0.0133317732500844,-0.0206732510275691,0.00848273532263415,0.0151248186609774,0.00400877565332449,-0.00165113155879019,0.00169949856923213
2168,-0.016663268643789,-0.0382460976488073,-0.018591016046178,0.0283259147077176,-0.0227690299847659,-0.00200437151512818,-0.000359915016013666,0.00237621066888093
2169,-0.0153266115389432,-0.0181729286420741,-0.00527009993927827,-0.0144167150338449,-0.0186441830617935,-0.00285659654381297,-0.0393770503632163,0.0086862684522332
2170,-0.00843446943430115,-0.0322359612038472,-0.00971491366605891,-0.00439146157308795,-0.0191665955802545,0.014635585520964,-0.00714770900920628,-0.00313887141932793
2171,-0.0162491744820531,-0.00750328521812387,0.0108863995060976,-0.0332021526554377,-0.0330532302810808,-0.00166721892447765,-0.00167303329418068,0.0382590856592241
2172,-0.0110573135413337,-0.00310413809261178,0.026146247920119,-0.0286246246634862,-0.0320074759503634,0.0110024035764958,0.00113928817401716,0.0254690680856893
2173,-0.0112778842211853,0.000382128399328946,0.0218950827978028,-0.0372253975898372,-0.026571098236304,0.00600545717588731,0.00949598883103206,0.0295118497048381
2174,-0.0243366325041539,0.00470226568092912,-0.0171798542936841,-0.0282612218738347,-0.0162519543622393,0.00926354325060302,0.0178839702081645,0.0103269563008258
2175,-0.0166629764212021,0.00968522708057482,0.0139691695848223,-0.014478655869405,-0.013110308949153,0.00155374228276855,0.0163894775929257,0.0245377147149029
2176,-0.00616000973134654,-0.0052443492428159,0.0190970866958577,-0.00793733021480905,-0.0118092317184309,0.00975881345768252,0.0133710458655847,-0.000461125741321828
2177,-0.021833680070914,0.00788674647774707,-0.018916066633102,0.00514005313191432,0.0101843922514491,0.010543286024332,-0.0255693136638898,-0.00420155380123155
2178,-0.0163841503319499,-0.00549079601493084,0.0205973404902752,-0.0236777339690861,0.00939896734164559,-0.0364147635232754,-0.000555457704335725,0.0501817782037858
2179,-0.0241070534441899,0.0181633044042426,0.00195728851628157,-0.000236403141549469,0.00743219493018434,-0.011332503206447,-0.0373004443333664,0.0269037363941016
2180,-0.0153056614455831,0.0118267228819082,0.0299678413874326,-0.00681916834679863,0.0212283263593861,-0.00417038082675587,-0.0289426217800817,0.0428971306988019
2181,-0.0119692578517994,0.0103724358695296,0.026408303124717,-0.022860674522752,-0.00315610183990815,0.00493588228551682,-0.00610284970410378,0.0237953300525151
2182,-0.0145611227625536,0.00402113141338795,0.0284276256156817,-0.00441977795303966,0.0174212746913734,-0.00132628916059832,-0.0183690019588132,0.0274127510883984
2183,-0.0171317115713716,0.0116395810010648,0.0199074725991165,0.00196868672349679,0.0141857033906303,0.0022436527841654,-0.00562664286985685,0.0186743460532881
2184,-0.0174745925792985,0.011612020179967,0.0238328176858939,-0.0192453500189091,0.00940093529183818,-0.0222683980410877,-0.00437428513396759,0.0408024970283642
2185,-0.0115626270301792,-0.00647331876651137,0.0288858044138299,-0.023399162553262,-0.0362874225477058,-0.00636210220961832,0.0123029714682786,0.0332836429120316
2186,-0.017328229506034,0.0134217384776582,0.021222683752687,-0.0106508918076272,0.00510779833815911,0.00812701269423185,-0.0186809566407848,0.0253855395628674
2187,-0.0114183802149304,0.0134122644545342,0.0306804478913006,-0.00845416357527691,0.00937010974066234,0.0143919969147435,-0.0110839646451568,0.00658746234115536
2188,-0.0111513179058285,0.0114532032457957,0.0208083314239474,-0.00718758908645189,0.00517298055324666,0.0122927835742893,-0.00870531058516811,-0.00229738130812086
2189,-0.00871923224311755,0.00913147463077128,0.0289156138090245,-0.00352901414754976,0.000191208592489312,0.0187822620532116,-0.0140102769738612,0.00158447114645179
2190,-0.00815227885708,0.00854338347023817,0.0229386459252502,-0.00957321929112821,0.00621321403376479,0.0192910239078893,-0.00767726390667765,0.00145983447553408
2191,-0.00734938045822249,0.00710500095699686,0.0236035721356011,-0.0128270344294932,-0.00193914278650191,0.0125993538203698,-0.00403459054506332,-0.00193525541931482
2192,-0.0241644199568399,0.0063128204490959,-0.0183782742098797,0.0088515816276672,-0.000393560806776862,0.027419620629639,0.00443049938118136,-0.0186818778622648
2193,-0.0119327914712438,-0.00573362616397449,0.0216751812322724,0.0110794979927261,0.0204071561092924,0.00319703737948239,-0.0227720448660376,0.00193040172585303
2194,-0.00793977070570232,-0.0070418959179849,0.0211765017679188,0.0050360891454454,-0.00324746935994229,0.00142787982926122,-0.00690048363346713,-0.00581745619178767
2195,-0.0147266019953124,0.00721070686335217,0.0199761085460678,0.0158893898007398,-0.00975646511002442,-0.0202494825836897,-0.0327077001980433,-0.00687854658486787
2196,-0.00657921648683901,-0.0172456988065441,0.00219673028404177,0.0193120851714636,-0.00543872064595225,-0.00120116778224872,0.0208713321840184,0.0048150143240751
2197,-0.0154711751186177,0.0101651278405294,0.00984588686621027,0.00802488579068653,-0.0175133978949764,0.0010457541803199,0.0133462142171008,-0.0309578449616439
2198,-0.0232540414220051,-0.00239861891786955,-0.0124768446499815,0.0242201440667433,0.000709841397612891,-0.000517135185589111,-0.0452760098506465,-0.000874281731997841
2199,-0.0271534898541241,0.0131655633282274,-0.0156760680483922,0.0152505858367799,-0.0174550756735414,-0.0110313175838589,0.00521585126826713,-0.0188964530680732
2200,-0.0115384450514625,0.0151183316395454,0.0174815124354623,-0.00240537281290008,0.00572133774605267,0.0122884826796569,-0.0234269918978334,-0.0342897541531653
2201,-0.0229616743460529,0.0208994647639806,0.00121748479670684,-0.0130444772155458,-0.000752216316869979,0.0053646246286543,0.0362397463735416,0.0138084401273239
2202,-0.0260578327219464,0.023759465709452,-0.00778394661363673,0.00570934718889634,0.00709072866034544,0.0258994015099902,0.00118653592559079,-0.0181361573202335
2203,-0.0267608436872531,0.00660641685888487,-0.0230848103049741,0.0194432261135835,-0.0223433435888648,0.0136758762441653,-0.0323121528678166,0.0034155178961983
2204,-0.0323863674744996,0.0245763556666944,-0.0254004744156967,0.00784555246186863,0.0058236644640763,0.0104915683237043,0.00509468840213213,-0.00744220696510793
2205,-0.00873249297722702,-0.023680954403175,0.0148184522230198,-0.00984499716453215,0.00920422051717801,-0.00576430311145349,0.00580907868599005,-0.00579503862130188
2206,-0.0234707906937405,0.00100959228336937,-0.00920883118528182,-0.018533421527859,0.0289175611501388,0.0171484473289145,0.0362859269340952,-0.0117359451765863
2207,-0.013886462262042,0.0122650583200542,0.0234953827746931,-0.0128524281882623,0.00968476371844201,0.0325724985741136,0.024539968226189,-0.0199158430903546
2208,-0.0108015377124839,-0.0105965109585174,0.0232577006820396,-0.0112081124283192,0.0132863372299433,0.0137110657244191,0.0145418480783591,-6.20837616477716e-05
2209,-0.0211490874343321,0.00640743923627341,0.00279462859650635,-0.0312151224392296,-0.00617463719991702,-0.0429521635961481,0.00241328646226499,0.0174284367655989
2210,-0.0166719378952422,0.0198748289773809,0.0223717489227506,-0.0111986650583465,-0.00426658670519797,-0.0180831688799722,0.0115273181061637,0.00144542894174982
2211,-0.0215119479431948,0.0124770035136688,0.00837763012559442,-0.0203071453057511,0.00376635704306919,-0.0328519773194421,0.00213765266122306,0.0237379784296989
2212,-0.0124979186012153,0.0190018607614989,0.0267115280170613,-0.015599485821832,-0.00429203575812475,-0.0160735115979536,0.0208690316866333,-0.000357275105939112
2213,-0.0199939425970787,0.015473795919109,0.00991192767151686,-0.0124330300874094,0.0213300465562719,-0.00331282478351923,0.0122208194077404,0.0264872184622949
2214,-0.0263333847549434,0.018376987460727,-0.00708197102693051,-0.00931054167343479,0.0168785703595117,-0.00205243417246026,0.00689670402759368,0.0205976906886691
2215,-0.0261249602190329,0.0188824284394505,-0.00988336865345498,-0.0118292205718314,0.00711134987336553,0.00344477665858252,0.0220223085857325,0.0146878713299316
2216,-0.0136019207858762,0.00771293124908193,0.0199026526661473,-0.0197075721105606,0.00451012342363651,0.00950984557388805,0.0077029896422697,0.0179085471547157
2217,-0.020854915512019,0.0195234221251852,0.00831918617483698,-0.012675967715948,0.00450195288207956,-0.0221107465025618,0.00480326211278763,0.0155600410363189
2218,-0.0182022843656992,0.0190347970179047,0.0154577353812155,-0.00608417062715086,0.00676214846970851,-0.0199310236846968,0.0107600537361356,0.00904027235504048
2219,-0.0163874066920225,0.0239504256974518,0.0218611058643212,-0.000408042597178419,0.00586955285113289,-0.0175029051151835,0.0148699828822284,0.00419568371369697
2220,-0.0104512716137667,0.0149176979554649,0.0244246348702619,-0.0122588471184509,0.00190516685354376,-0.0138888093167683,0.0158329608747887,-0.00849332064344699
2221,-0.0207608928520451,0.0172857774855954,0.0148836684575538,0.0114886499060693,-0.000741934120662323,0.0281074871285851,-0.0224199976902613,0.0108181045510681
2222,-0.0194524996938476,0.0065784218163562,0.0120492875071326,-0.0244257501407848,0.00486692902842169,-0.0195180756982398,0.000712558852262865,0.0590123001645327
2223,-0.00651220196269042,-0.0162696224975668,0.0152735617533855,-0.00194337371301658,0.00334845043244846,-0.007647527829601,0.00445924102279271,-0.0110119255802564
2224,-0.0183808435800123,0.0101280731614029,0.0147588529921988,-0.00824828447788037,0.0113483723965134,-0.0241785979144594,-0.0416304430082276,0.026685760406025
2225,-0.0115672337528278,-0.0245538776917707,0.00429833523119133,0.00528409368899262,0.0271016534442421,-0.00874328041508447,-0.0121979203121076,0.0174794083235023
2226,-0.0142978155997652,-0.0121727954206791,0.016005710777266,-0.000298789298144101,0.0153672647447791,-0.0120455836665155,-0.0344845287187657,0.0214099204895256
2227,-0.0127790735640833,-0.0239570071998255,0.0152703199103099,0.00336278974061752,0.00538842481611658,-0.0146372359452421,0.0115065212451792,-0.000232746608846095
2228,-0.0224317503310099,0.0133427690705778,0.00805634256644964,0.00175042084958594,0.0200683145969699,-0.0019315333603635,0.0127879245035199,0.0230856113763895
2229,-0.0157671462515057,0.0150773046338804,0.01843943313567,-0.0098572585329037,0.0124252040160499,0.00388071543346766,0.0139524964511085,0.0183046096545433
2230,-0.00988820920437497,0.00985983865743689,0.0295313003915716,-0.00936522578333452,0.012351688654453,-0.00167128604892864,0.0144519776305342,0.0160700824320644
2231,-0.0239556721095277,0.0248144124068151,0.00999683647250485,-0.00400822733827892,0.0063434702276982,-0.00265721123451656,-0.0157356892387457,0.0084066045324734
2232,-0.0216502033860122,0.0164839471170886,0.00318668195663033,0.0038959624030842,0.0350446484132722,-0.00156582103483103,0.0141570569033316,-0.00365784161414476
2233,-0.0138147179343357,-0.0205323853212172,0.0217232587064661,0.0193548983690406,-0.00450610168137745,-0.0431222863568375,-6.07699277900396e-05,0.0075993225409024
2234,-0.00831834466853296,-0.0152544017114346,0.00922077567187547,0.0156010746854928,0.0165157948173907,-0.00950906517354687,0.00126277547048012,0.0154238270996189
2235,-0.0259024315558776,0.00971607224480255,-0.0288004460588395,0.013252430876613,-0.0227296895017562,-0.0112525343812484,0.0142630288566318,-0.0107231578570068
2236,-0.0162995593958476,0.0124212278881066,0.0148724566188556,0.00175708112143501,-0.0272072618986195,0.012002871172386,-0.015467131320873,-0.019922542272546
2237,-0.0129719263278855,0.00231185414959345,0.0308121848515482,-0.00481568410082473,0.00911605506177678,0.0186538977286406,0.01085098510743,-0.00760673893621243
2238,-0.0145383355388894,-0.00786865317047336,0.00912031840260048,-0.0308358300187645,-1.75968203017142e-06,0.0273657442766117,0.0380553522832217,-0.0163277452181233
2239,-0.0193625678386604,0.0225338402838842,0.0123848799758215,0.00792749570790877,0.0269419239033089,-0.0103336007279862,-0.013122600712204,-0.0268686985659711
2240,-0.0148641700322461,0.00226941556248694,0.0172742476105591,0.0206082385493333,0.0391525451525495,0.00411981154422436,0.0170995040537218,-0.0118398228251683
2241,-0.0235367008150733,0.0139054535473145,-0.00818526674602466,0.0115654120402874,0.00224869552486048,-0.0152505574521083,-0.0229973021184787,-0.0322198237980343
2242,-0.0154966142439414,-0.015215915428497,0.00889942334578191,0.0314580396599011,-0.0180766293333054,-0.000663385930298384,-0.028137648460144,-0.0338845973542372
2243,-0.0137127821297652,-0.014318248255421,0.008775361600378,0.018731288958618,-0.00648349718641036,-0.0209088846138807,-0.0189117357632607,-0.00577079466154642
2244,-0.0162171077154741,-0.0129982741405464,0.0152144876695856,0.0140518259295982,0.0416817350965252,0.0135167228801188,-0.00979488398869673,0.0172210240326899
2245,-0.0143797062152623,-0.0260827076610603,0.00567388710910067,0.0282837640581247,-0.0109921853051808,0.00610642282114426,0.0185216862791298,-0.00467786873208184
2246,-0.000476372793616018,-0.00180745504681183,-0.00216683102720781,0.00335019901129879,-0.0025210289408912,-0.000388402623633855,0.00387672637685568,-0.00449988850631402
2247,-0.0181426869395028,-0.0171665568781383,-0.0090719217072624,0.0275843504559021,-0.0196771767759769,-0.0206540706854152,0.0010428990893117,-0.0247457005511455
2248,-0.0127842377683483,-0.0146651381154311,0.019690404947784,0.00574061846315382,-0.0127226212086126,-0.0184011186053596,-0.00618492613180203,-0.0107630632548312
2249,-0.00955197970802604,-0.0180922408770135,0.010658649863271,0.00167957450165952,-0.00642063432355654,-0.0227439132977573,-0.0125015627616396,-0.0187088505698297
2250,-0.0167003177654401,-0.0246564522764473,-0.00459295829346418,0.0374837296864286,0.0120408611430471,0.00639538887429117,0.02556879976151,0.00691924144805076
2251,-0.017967761416628,-0.00974848349058203,0.00951276572396665,0.0422426255891319,0.0206176869980751,-0.0202177203338535,-0.00234966716212547,-0.0149676608410671
2252,-0.00313629713488251,-0.00734906159184361,0.00147367379609521,-0.0045157429342459,-0.00722982649344836,0.00246667143908732,0.0031371003826848,-0.00821366298339698
2253,-0.0108786113650629,-0.00194553136162396,0.033252433455854,0.00419383788490146,0.0206409447870231,-0.00661003605723044,0.00567813407173472,-0.00565707137588508
2254,-0.00889716859248184,-0.00850416441888124,0.0318654070672632,0.0107957136975552,-0.0096012440194979,-0.0094910492345464,0.00441004944699899,-0.00395569972819239
2255,-0.0172172989930711,0.0127612737396208,0.0220813770173043,0.014099972781871,0.0108742541271955,-0.00747023465836772,-0.0107102914360989,-0.0247476222814538
2256,-0.011683984157934,0.00965955117148298,0.02679311522968,-0.014287592391992,-0.0132264520874167,-0.00573293002379577,0.0157710914522639,0.00494539400170542
2257,-0.00496677099821091,-0.00170130843603719,0.0163914818217654,0.00414772732329216,-0.000754158190834289,0.0168929832624647,0.0024367849975799,0.000592241060836159
2258,-0.0110956980607044,0.00989919087276136,0.0246971536228401,-0.00541019974603413,-0.0112197636532875,0.0104144868194318,0.00757536610424794,0.0204426368263799
2259,-0.00966299734516814,-0.00929956673590475,0.0245511749988867,0.000719379053387421,-0.0357225462835285,0.0144667385743564,0.0114375787108021,0.00410420782647423
2260,-0.00321331533441228,-0.00324575088439749,0.00988303396000675,-0.0123175620012252,-0.017273110101402,0.00338511777517976,0.00612576548867883,-0.00530599699977702
2261,-0.0175536364085532,0.000635563360890305,0.0114574361511398,0.000401362067160811,0.0203001067046053,0.0243326343619535,0.00375068072313879,0.0451037669648806
2262,-0.0204254620872232,0.00276112208843721,-0.00539090647392561,-0.0227669302899213,-0.0211920132754966,0.00800732199134108,0.0368972029514513,0.00204297709571023
2263,-0.0247332601242011,0.0157612491348993,-0.00862763902017482,-0.000717157101603784,-0.025590072775935,-0.000336767133174467,0.0244703513730481,0.00536092925732903
2264,-0.0116465856998298,0.0094589587998584,0.0214874230481349,-0.00846758668818409,-0.024595962775994,0.00735817835095745,0.0216614887077826,0.00654696777740055
2265,-0.0186452191100094,0.00716184606851656,0.0151255100574472,-0.0193021622993246,0.00819258028550056,-0.0347219039963754,-0.031409385802681,0.0439900435736846
2266,-0.0124811908127002,0.00840045581015965,0.025308940735059,-0.00651223841259145,0.00131753561339172,-0.00129439097304947,-0.0228319568000037,-0.00271451692524495
2267,-0.0151886930198718,-0.00609946470337146,0.00793111130662727,-0.0123346079324098,-0.0485403095129688,-0.00419358204365624,0.0105299251575544,0.0201481705078142
2268,-0.00981934209822959,-0.00231290837156981,0.0168688415398036,-3.5933297064519e-05,-0.042734750343776,0.00847989222044894,0.000401325670082856,0.0120058383756915
2269,-0.00685712514691224,-0.00984369416277805,0.0185596350278406,0.00318131084563874,-0.0282824355471237,0.0109223777995286,0.0162096086251778,-0.0122495214602743
2270,-0.00653096129158405,-0.00558352120631138,0.0125463968580267,0.00106660498448914,-0.0249616751653733,0.0171307211936462,0.00270866130619072,-0.00164917203707788
2271,-0.0212572448857402,0.00478112116971826,0.00267538648734307,-0.0059146494509045,0.0208995495524064,0.00117520343213938,-0.0337635743879753,0.0384029798131158
2272,-0.00278240038103035,-0.00452046648185671,0.00778770208127011,-0.000908995127275448,-0.0112897695425131,0.00987083510656063,0.010950471629756,0.0115071435547478
2273,-0.00674257420343438,-0.0131793522766661,0.0174503564924361,0.000545808723904943,-0.0212981497397582,0.0126432057533669,0.0120182197840915,0.00226433483280552
2274,-0.0055296972515573,-0.0148659992596299,0.00415742183176685,-0.00409026819412127,0.00529972090498263,-0.0142431006201005,0.00180258001474467,0.0042411219447005
2275,-0.0226568401574012,-0.00818986284504261,-0.010862358155592,-0.00935914907060494,0.0154539199534667,-0.0404926112634179,-0.0125859705266452,0.0570519093323757
2276,-0.0154523258857523,0.00886113470977884,0.0218337297544093,-0.0107400369340221,0.032206512397087,-0.00998048477149003,-0.00441241385864313,0.0465576707558467
2277,-0.0201526947759852,0.000854687551024888,0.000773383636636945,-8.2598203678043e-05,0.0246635405568732,-3.94708800836646e-05,-0.0177957561389624,0.0286402118322179
2278,-0.0233968035636366,0.0184720734309551,0.00073050381621635,-0.0177579001857754,0.0135148551554458,-0.00403805938500479,-0.00339422570265154,0.0219575445026092
2279,-0.0144698773083501,0.0144453513867143,0.0200433708291453,-0.0209230916633827,0.00942760754412188,-0.00360132520089456,0.005935634290474,0.0164969705049101
2280,-0.0123697107283916,-0.00567824702961606,0.0242662045119843,-0.0142242226591059,0.00861187302959566,-0.00580506839319479,-0.0184089610994645,0.00153092910951934
2281,-0.0135135994980708,0.00781368909209772,0.0190023239887346,-0.00116917604167089,0.0227144742943312,0.000190012253060993,-0.00424508530385488,0.0123555690349418
2282,-0.0215008652252488,0.00461137367573099,0.00135585860103572,-0.00117872561297871,0.0132928395049521,-0.0288372245374558,-0.0158383265907135,0.026015025134141
2283,-0.0138625399977501,-0.0105754538908719,0.0114981254894726,-0.0238342797707654,-0.0201119589835364,-0.0539275279912776,-0.0190591189635049,0.00376724476367674
2284,-0.0177018563678212,0.0065794053528155,0.0196105376956163,-0.0211023736126899,-0.00344532679521326,-0.0296484669820136,-0.00837870799064255,0.0334639037752934
2285,-0.00817544282091937,0.000953863669881698,0.0244506403944172,-0.0149207337977395,0.00536188432357489,0.00589666043722439,0.0108253865591574,0.00247236506094365
2286,-0.0210395757000004,0.0222628500513729,0.00886641690173576,-0.00328861336510475,-0.00795327566479148,0.0210372645074341,-0.0272198353744789,0.0163751180527666
2287,-0.00791011681722878,-0.0126524748265635,0.0145274937162889,0.00756442143136389,-0.000113521287103916,-0.0162271323029246,0.00829077379315459,-0.0178589403474361
2288,-0.000406927706580483,-0.00344435722369787,-0.00335886009934898,0.00587066560384873,-0.00368703949768201,-0.0064390251928541,-0.00546158046458122,-0.0122829385274835
2289,-0.0101452026342672,-0.0308564479825094,0.0029657042119551,0.0250492231625022,-0.00712288381341561,-0.00140143119672621,0.0248667309138777,0.00644025820712715
2290,-0.0103411863389645,-0.0232896874943228,0.0102499424027578,0.00519250545104597,-0.0102421532697709,0.00342556967576744,-0.0172470370965462,-0.00673251428358653
2291,-0.00900678568196925,-0.023166066394262,0.0102522764980822,-0.000351309316232504,-0.0190819418036477,0.00879645967570644,0.00393410263243431,0.00187656165575152
2292,-0.000141939521874146,-0.000187047867009187,0.00126042141906326,-0.000440266669823803,0.000921724233282399,0.000624479732979822,0.000474096664349805,-0.00187832725412076
2293,-0.0195781732403703,0.0169713743429383,0.00974642351940615,0.0127174583076038,0.0142994954808877,-0.00206198263276354,-0.0383980003356347,-0.0174145769550946
2294,-0.00205326892480416,-0.00759073406108602,0.00675694373954744,0.00364657417892058,-0.000999107092147754,0.00623533866159169,0.00613644675478032,0.000337785195258342
2295,-0.00256178451457517,-0.00282401234612736,0.00550436504831941,-0.00202710931455021,-0.00874595861846924,-0.00954714114216143,-0.00105910898352448,-0.00378668740157182
2296,-0.0139520424575381,-0.0338407219143665,-0.00703611476483907,-0.0118222365678142,-0.0284313325651776,0.0121355959016829,0.0064863340244666,-0.0017276089611128
2297,-0.0234886251224672,0.0227933978865459,0.00285164638837402,-0.00284309984612801,-0.0140513828287382,-0.0176707415909692,-0.0196287866314219,-0.0122926121635131
2298,-0.0138857687393134,0.00561681950391798,0.0224447360723786,0.0208627388726477,0.00420575332762125,0.00370954933833293,-0.0449429946778608,-0.0286779256025154
2299,-0.0168906471706732,0.0043278971324278,0.00817560472112915,0.017925172814263,-0.0090252882890105,-0.0129303344845669,-0.0518674559065381,-0.0148265825406812
2300,-0.0105871474084089,-0.0350102340608821,-0.00259159829883728,0.0153934447841483,0.00698875804433775,-0.000898508357963371,0.0183361443823052,0.00112990282854877
2301,-0.0126860373429616,-0.0180275508515573,0.0139787546025836,-0.00512642365874611,0.00341733905774344,-0.024419518769846,-0.000718780972352331,-0.0253837160142583
2302,-0.0145627552199223,-0.0204044762742869,0.00323860678358949,-0.0321536284600112,-0.0434080004183753,0.00499345019268697,0.00567429218668154,0.03692831949644
2303,-0.0188411193205533,0.00869941146515116,0.0182412224966028,0.00122989486631208,0.0311367763943253,0.00409413639619124,-0.0205637564418167,0.00783653662073215
2304,-0.0131225912149323,0.00499926360659932,0.0195118067543155,0.00233885632781773,0.0399756465385501,-0.0243923928946463,0.0146211615566127,0.0138964698145226
2305,-0.0100266103440531,0.00885876213580361,0.0304881727444199,-0.0144816636910241,-0.0033961616314322,0.020381541014043,0.0110695970381723,0.00533395371458957
2306,-0.0128952390399402,-0.0229262824642099,0.0160789401117087,0.00974557244657209,0.00220289265999537,0.0331829949222789,-0.0217023010652787,0.0175065156566592
2307,-0.0120009133704677,-0.00200429474452139,0.0215799843731603,0.0237900509183118,0.000174911546188615,0.00525189451839868,-0.0304892987521339,-0.00308747712311033
2308,-0.0307968939396416,0.0257930337342337,-0.0143033453183994,0.00571374322980897,0.0139953399105964,0.00409418215699768,0.0287541223631421,-0.00827387875691189
2309,-0.0274635768300818,0.0222850654104788,-0.00732231119256314,0.0076249056222446,-0.0138525682088301,0.0121173009756393,-0.0267723876122743,-0.00144921321541672
2310,-0.00548049713556445,-0.0254645025126835,0.00127212731505834,0.00246173688310258,-0.0140328147018707,0.0190782506570095,0.00595903322872334,0.000834318075183792
2311,-0.0156173880959975,0.00024092645452711,0.0151823232487837,0.0204834305506536,0.00475655757400345,-0.00190473846060732,-0.0317685021520235,-0.0106871358006776
2312,-0.0161374710749553,0.0108929814638617,0.015663442168922,-0.000459223264784205,-0.0175816607595828,-0.0331391234136123,-0.00488007698542196,-0.0302474660404627
2313,-0.0147843423054804,0.00032948685674443,0.0258251413509724,0.0224860589700555,0.0429975738262865,0.00921932001609291,-0.00690421020098194,-0.000345735267773054
2314,-0.011574168666203,-0.0120391070977589,0.0154900953742374,0.0128628177426008,-0.0247385973466477,-0.00178427571095667,-0.033957657464556,0.00781334225747805
2315,-0.0066062545355481,-0.013410613043644,0.0197670600723337,0.0057848597299248,0.00532573717187667,0.00705077548302453,-0.00157812828480247,-0.00861083933781769
2316,-0.00222894612319508,-0.00395081061768172,0.00657838637356175,-8.80309926107774e-05,0.00615777427673728,0.00546135455414496,-0.00233959797421107,-0.0085292880235526
2317,-0.0150205621099727,-0.0295960124645922,-0.00662593489186349,-0.0271597372404086,0.00116616154033716,-0.0248747184962871,-0.0253262806903453,0.00676021539188215
2318,-0.00897907910931296,-0.0305683165754464,-0.00572820828298122,-0.00737955239794702,-0.00457305819156827,-0.00275014443841602,0.00544362153842611,-0.00348852484613426
2319,-0.0149634862835416,0.00877327830561038,0.0230109686704975,0.00420347340001889,-0.0348419913469217,0.00249540895220047,0.0227749938252299,0.00556754153852174
2320,-0.00715323208394993,-0.00281959612234281,0.0215417776837649,0.00450180631770397,-0.026496101184774,0.0120968506610543,0.0156141197562141,-0.0210343835187998
2321,-0.00643661304126302,-0.00780104587554843,0.0170735872059998,0.00153897252334811,-0.0190899242944681,0.00916243709082932,0.0128318151590561,-0.0038687102961909
2322,-0.00567679130034703,-0.00213975788617721,0.0185150399958325,0.00495648751541345,-0.0193595292854749,0.0128777649396373,0.0200326572866392,-0.00465992573915003
2323,-0.016654468480604,0.00481889597908071,0.0139573277853653,-0.00441996056608387,-0.030164326883004,0.00234341471205386,0.00638726426509126,0.0184711892734836
2324,-0.0186510243853543,-0.000508514572566367,0.0125929899574331,-0.0074604969523377,0.0166580300226561,-0.0182450400908021,-0.0568598335465571,0.0408503766518231
2325,-0.0137242885382727,-0.0121241768717173,0.0141792640338737,-0.0267247898391025,-0.027629185954636,0.00849839005016085,0.0263251890111878,-0.00243051387886941
2326,-0.0162601240885122,-0.00469281130812307,0.00598792577240803,-0.0277089178928,0.0163202964559058,-0.015236238875463,0.00201628028101212,0.0131330128637883
2327,-0.0124158707879064,-0.00669322969002471,0.00404014695299768,-0.0238125970359539,0.0147932087147817,-0.0133985362644243,-0.00328274540768114,-0.00224622503040691
2328,-0.0103651125743091,-0.00295046826465984,0.0121389474474792,-0.018741930600542,0.00694748589245562,-0.0134823146571982,0.00170727182097384,-0.0167165852266904
2329,-0.0086504366077856,-0.0134514844202749,0.0144734912361356,-0.00872907756767529,-0.00446814400299009,-0.0147126342781096,-0.00140730722597929,-0.00556996559044106
2330,-0.0155054921882116,0.0031024612460115,0.0111708724342817,-0.0291472879301952,-0.00228154981427643,-0.0285044858281466,0.0241590658633512,0.0124970330484478
2331,-0.0102419589924973,-0.00555507642660468,0.0175092871627898,-0.0145986076285285,-0.0252244759663233,-0.00560730423098725,0.00244224211477883,0.00658938575119804
2332,-0.0110994409767995,0.00487135611212217,0.0130188585616104,-0.0259053627967576,-0.023102369821058,-0.0162177377560025,-0.012506836560509,-0.00981024957179574
2333,-0.0199195162321989,0.00220019535736096,0.00251938361478842,-0.0293654669420595,-0.01816391495568,-0.00945728339942145,0.00894049295660799,0.030702293231994
2334,-0.0215188297000578,0.0110956545128934,0.00387512418636825,-0.0215897468513498,-0.0196411538417907,-0.0036096454590206,0.0148510774451313,0.0300806328803122
2335,-0.0269835803579797,0.0157404313419697,-0.0128144794588303,-0.0117468545338174,-0.0192362970639086,0.00121327142795415,0.018384108163923,0.00941153513463028
2336,-0.0144778693526332,0.00105786581382446,0.0155113227828438,-0.0352966767267701,-0.0237472779172202,0.00022253511745734,0.0126959279742637,0.013285380572039
2337,-0.0145566603958835,0.00965561803887983,0.0174015003216981,-0.0258941573336701,-0.0180215709374506,-0.00144653209500699,0.0111455752975783,0.00199731128503702
2338,-0.0147833227503302,0.00283469408695165,0.0135970282090729,-0.0302009189602618,-0.0247292429944213,-0.00541331349469585,0.0138398094291278,0.0194229266745339
2339,-0.0177336579781038,0.0072310525638469,0.0109658531613608,-0.024195882494058,-0.0184935900573592,0.00618670563006191,0.0145917073414105,0.0176958303039463
2340,-0.00558481576155645,-0.00378086241603949,0.00862342488470496,-0.0218763743975092,0.000455563454380267,-0.0141513397219015,0.0133289591559627,-0.0114550078967293
2341,-0.0118657269474234,-0.00213347084854259,0.0172124439117932,-0.0305861476472131,-0.00633298678213842,-0.0185995339984004,0.00251546596321153,-0.00706817462365466
2342,-0.00694220287948764,-0.00874366688170655,0.00624548180998152,-0.0121150488962951,-0.00257074819699104,0.000136345805955997,-0.00613991817383031,-0.00589885169715791
2343,-0.00680139767279587,-0.00539770370001508,0.0129699125314897,-0.0096293363377207,0.00540427173604865,-0.000249887314860275,0.00261281195274282,-0.0071956026378207
2344,-0.00267163244055518,-0.0118247891815613,0.00359342315331738,-0.000896479997383451,-0.0121375810656561,0.00803815905150536,0.00967316007313515,-0.00561554699341458
2345,-0.0240480217887437,0.0190592708323472,-0.00369705574894961,0.00734994723775721,0.0163171893598092,-0.00177102541870923,-0.0143747719048332,-0.0167116584257139
2346,-0.0142885487891161,0.00249174964339577,0.0271290192928598,-0.00768664609876922,-0.0171744448736631,-0.0413597316979326,-0.0136936388355795,0.00528042331465345
2347,-0.0209759945714956,0.018270803044655,0.00709029795604103,0.0165275044671147,-0.00829706150925023,0.000206128092285569,-0.0218158397569015,-0.0316401864886431
2348,-0.0271900908796914,0.0181564319696221,-0.0110467584594084,0.0183389605092864,-0.0173718484542684,-0.00717257373419304,-0.0409364313994428,-0.00645482622222437
2349,-0.00115517272019672,-0.0041597681451154,0.0023364478213589,0.00171735699604498,-0.00230368533973131,0.00095069324659985,-0.000717896814339906,0.000760954883241444
2350,-0.00524466407098969,-0.018932585334881,0.00239444987916212,0.0158364042971394,-0.00572321604855854,-0.00539168112932537,0.00900407162617095,0.00580206353196229
2351,-0.00640644698878266,-0.0158640782476184,0.0134668506456537,0.00561806126847623,-0.0018005213243491,0.00407192564159516,0.00546724847618802,0.000147426689484176
2352,-0.0169806827750618,0.00760416952922908,0.00863171666731506,0.0246562168146299,0.00457562447057765,0.00884091189602121,-0.0347129218421665,-0.049848813474477
2353,-0.00822027432892865,0.000379926616330588,0.0263887571907076,0.00050171535037006,-0.0223771521953696,0.015350828834349,0.0102764750477473,-0.00994114009126231
2354,-0.0101532632015142,0.0088475467003085,0.0296457220067247,-0.0142019436245799,-0.00879330777867566,0.00708969679199264,0.0181353925308599,0.0101861284199592
2355,-0.018237135564703,-0.0138235366868169,-0.00305931440203306,-0.0203216411493821,-0.0273164633624957,0.00267905173607218,0.0244779193268174,0.0104901642399561
2356,-0.0161509379371889,-0.0196407206760769,-0.00335419427069173,0.0151096259908216,-0.0110654671503308,-0.0264087847899148,-0.00569904237194336,0.0237204969762544
2357,-0.0068730391198327,-0.00491458891061958,0.0268131178526597,-0.00116993914505506,-0.00453021804496279,0.0181448989729495,-0.00695548299095166,-0.0139093780615123
2358,-0.0148639968082078,-0.0120365815477116,0.00597358045605439,-0.0295312473005074,-0.0366799652056285,0.00460334913166137,0.0133358536601924,0.0120176028022264
2359,-0.0132650552987353,-0.0148142560352909,0.00914819103985965,-0.0283726535576329,-0.0396176810764336,0.00579032788912549,0.0129673694182489,0.00865969106209397
2360,-0.00838540799896616,0.00597849584177562,0.0165454519697478,-0.000651977643458619,0.00533016724194546,0.0140000387506618,-0.0267793006130605,-0.020758605720507
2361,-0.000590501480180275,-0.000646390276848326,0.00319930318656884,0.000731373916723274,-0.000588958154039358,0.00346454386999563,3.34466849886902e-05,-0.00275474454232805
2362,-0.00313779261573199,-0.00945582208333206,0.00853737570794108,0.00263649370904512,-0.00839666448013011,0.00332496963102169,0.00630279167609136,-0.00588893418673414
2363,-0.0126983989229075,0.00322021698727626,0.0260039677408405,0.0158320855733667,0.0284934245651247,-0.000317182829136658,-0.00770288512277384,-0.00225171920418625
2364,-0.00582921948729716,-0.00217401834104859,0.0219903926584829,-0.00899614435018787,0.0190545621563151,0.0314431975193861,0.00590357179089416,-0.0128425901804097
2365,-0.0147998790398776,-0.00390179926507536,0.0183347902011843,0.0135532701054092,-0.0541518480490034,-0.0103463378678371,-0.0243123998660568,0.000949647222576836
2366,-0.013777088889558,-0.000789842957486345,0.0289905014097515,0.0108380570273642,-0.000321809472491969,-0.0380658864793013,-0.00947087686129836,-0.00566602152963724
2367,-0.00560651951562145,-0.0122608660686832,0.00493866340798583,0.00288976357780132,0.00238427907640455,0.0175208733087504,0.000429313380914332,-0.000795588402071281
2368,-0.000665242686451709,-0.00198982579430977,0.00228603046182574,-0.000759319735786663,-8.30565991548228e-06,0.000282959023156566,0.000339114427513388,-0.000779680640201938
2369,-0.0203700948741076,-0.00884392793262005,-0.00403620613553908,-0.0164553974779687,0.033355636594558,0.0312414244269148,0.0415525071351443,-0.00179493741185344
2370,-0.0076454319903021,-0.00148678460343404,0.0197764237880623,-0.00784393935267243,0.00866755746211556,0.0403287302507955,0.00180499044744303,-0.0157158467923489
2371,-0.0185716374794253,0.0055820000318068,0.0131579882170488,0.0169914938067966,0.0252173240889242,0.00111401614228786,-0.0256700722209394,0.000674627390366999
2372,-0.0119319934499531,0.0144891360976709,0.0181647558295835,0.000686872718460145,-0.0118674279734826,-0.00171583785129475,-0.029200075239087,-0.00811351507258349
2373,-0.00566371040739918,-0.0114301131237025,0.00812009283558373,0.000641696424665651,-0.00126058011438071,-0.00349311659338609,0.00392711110671141,-0.0117051755834868
2374,-0.0148369014479893,-0.0236447882548229,0.00251016484862071,0.0300979094680389,0.0332533850191677,-0.0233839037446683,0.00030552837358682,0.0318174035093366
2375,-0.0331520176983856,0.0330043437796405,-0.0138488868546434,0.00115683419882747,-0.0161871526103339,0.00656615136665888,0.0133958945987075,0.00536544001278116
2376,-0.0238820463380067,0.0207838065581246,-0.000819520602328076,0.0164402399638664,0.00846357610357163,0.0144986169376868,-0.0210375017211376,-0.0162357858176568
2377,-0.0116742758208656,-0.0303301406589835,0.00525036977921731,0.0260164788891494,0.00918179644835498,-0.00298487665146025,0.0200134547403001,-0.00131872457631542
2378,-0.0147347717713979,0.0109506043516385,0.0177892551577916,0.00808884622515933,0.000774658492440976,0.00859299773238424,-0.0363427572217008,-0.0326840022101739
2379,-0.0170803050201057,-0.0300343493885134,-0.0248248034677072,0.0337206893136619,-0.0212823854980894,0.00901146183286376,-0.0158012193668922,0.00531270896006125
2380,-0.000979005280934007,-0.00364169093681999,0.000921479362456343,0.000224049032221891,-0.00215514266885062,-0.00213943056194675,-0.000380294393473155,-0.00366329436596475
2381,-0.0101683878728094,-0.0246561022991458,0.0136201809610579,0.00641798784999029,1.13594073484536e-05,-0.0039488925335453,0.00550450661050715,0.00566089916507812
2382,-0.00235629861010077,-0.00533597367669312,0.00401302644932474,-0.00612394813797365,-0.00516996764597204,0.00250737453264585,0.00788091472795984,0.00542937556176861
2383,-0.0114611282049745,-0.0272530671019698,0.0117167980613325,0.0129606956909125,-0.0081506955940081,-0.00266300179419102,0.00908483869429943,-0.00365903407981201
2384,-0.0273269026893991,0.0173276901349205,-0.0112986980203514,0.0180142398744509,-0.0142041282266261,0.00250115178641293,-0.0188357256826447,-0.0145853949930323
2385,-0.0214092075478755,0.0156846225592324,0.00128044386883247,0.0122008443038942,0.0171248128010709,0.0120648327508935,-0.0272058541306862,-0.0171729283827166
2386,-0.0122977517924855,0.00537534696880191,0.0383906131215121,-0.00662449707269854,-0.00853732592860861,0.000872261031558095,-0.0211474515527062,-0.0043181041574515
2387,-0.0195585926432469,-0.0175564281995057,-0.0149934787759075,0.0254128316616676,0.0164834257545787,-0.0191944287722092,-0.0014717474194188,0.00581834709400066
2388,-0.000212909282811219,-0.000280571800513782,0.00189063212859489,-0.000660400004735704,0.0013825863499236,0.000936719599469733,0.000711144996524707,-0.00281749088118115
2389,-0.0122349103198387,-0.032742114878488,-0.0108151965355221,0.0410477485572025,-0.0225491415660676,0.000681798705407405,-0.00379483929305439,0.00377013037139674
2390,-0.0086933270223193,-0.0123155487242123,0.0244497426616188,0.0103274577500737,-0.0104241673159376,-0.0209909009304845,-0.00373945764604569,-0.0108451326746352
2391,-0.0134639550912744,0.00148510988988329,0.0304004902323682,0.00840898556525148,0.00465165775260144,-0.00712097497507199,-0.0330906424358813,-0.020509355782133
2392,-0.0114616099784179,-0.0155708263360103,0.019836449307113,0.014798629370328,-0.00129102630138014,0.0108701440878334,-0.00324030079137961,-0.00431232617277853
2393,-0.00964963370058004,-0.0275461349415047,0.0147370499361918,0.0225037701814084,-0.0031178339790543,0.00840128378990337,0.00577345498499346,0.0140305071417782
2394,-0.000203739085673677,-0.000491472146682937,-0.00112964345692811,0.00279069379274749,-0.00175439213408751,0.000986635721581452,0.000546953299320159,-0.00567946725623093
2395,-0.000532568624983924,-0.00111038766772271,0.00314950347878107,0.00090141174933003,-0.000676763670859047,0.00122234405444525,0.000447898075745707,-0.00180328684053864
2396,-0.0120430239252087,-0.025059083174801,-0.00820637306011767,-0.0026902870436994,-0.0119910386365959,0.0143308265015209,-0.0356781748408943,0.0140292503778102
2397,-0.0166226128124728,-0.0235206112094418,0.00248481409932493,0.0146598343547423,-0.0356810291060541,-0.0169115423940937,0.00433208848933948,0.018470881296704
2398,-0.0196708808187494,-0.00187363717724495,0.0125660052697494,0.0346331778037287,-0.0169875526703231,0.0119574265889912,-0.0227404053050852,-0.00742223832798083
2399,-0.0103789376780501,0.0024321552745068,0.0335173660658406,0.0129241288775283,0.00606594475426896,0.0125214978287612,-0.0164052667074343,-0.0112671393283393
2400,-0.0211366958784855,0.0146752548320868,4.57482897595122e-05,0.00895972935401593,0.000349259374994419,-0.00510580463354072,-0.030202602407176,-0.0179455792741327
2401,-0.0288843543877804,0.0112453693603595,-0.0237837322488126,0.0191686892905426,-0.0132772092196411,0.00809547338368133,-0.0159047884461932,-0.00983004043014609
2402,-0.0191832898041348,0.0037788379509603,0.00286679257857971,0.00961294622104692,-0.0433749592407483,0.010915751349435,-0.0177468245398488,0.00460699882574946
2403,-0.00281639931386584,-0.00761095624749985,0.00477073693806953,0.00300638875177328,-0.00491351950561718,0.00227132701977139,0.001516090396111,-0.000303096408672373
2404,-0.0216596980456034,0.0258532014806272,0.00540922372684243,-0.00159617042264922,0.00546823631864294,-0.0109366755048352,-0.0184865473937229,-0.02408052167503
2405,-0.0129014029720942,0.00811096691429839,0.0259790389356581,0.00731541380284228,-0.0337250822028909,0.0257121650344254,-0.0292449761917938,-0.0107221043214751
2406,-0.0174769710383662,-0.0190971752176749,0.00887374105785836,0.0401200822734243,-0.0158915168598545,0.00692863007269316,-0.0155408515575082,-0.0211566427922461
2407,-0.00193402774233404,-0.00367996991538155,0.00493770842349038,0.00269004656642318,-0.00604403538611987,0.00111616756144675,0.00129089300848774,0.000841801991211691
2408,-0.016382245733406,-0.0366038869455014,-0.0059189750816778,0.0280651170268794,-0.00946736067285058,-0.00860519422878892,0.0219449955524369,-0.000297226047862508
2409,-0.0104961077833243,-0.0395439034625097,0.0012151847429679,0.0310925015129664,-0.00718070348813679,-0.00685413433834884,0.014971601585623,0.0123134720675886
2410,-0.0185509242129674,-0.0237228291255837,-0.00969105452160824,0.0279106262058846,0.00616244936471497,-0.0146031456131229,0.00975181835193576,0.00172277808083696
2411,-0.0165479313317398,-0.0349479914530255,-0.0217673365201712,-0.0159757224463337,0.0143295285995688,-0.00275691402222741,0.00869442692722297,-0.0193184415874237
2412,-0.0159142146393874,-0.00120853913346577,0.0139630305198292,-0.0224444296169474,-0.0227013349806352,-0.00273758657119429,0.00937179635634149,0.0380977131976677
2413,-0.00636125819391742,-0.00936365715785522,0.0144631726513565,5.40274030229593e-05,-0.0269174665778888,0.00492433045603088,0.0099161398850858,0.00580402863594225
2414,-0.0134735303832501,0.00752866858518156,0.0305693451171519,-0.027264970062893,-0.0164134584794265,0.000615209175342351,0.0119485191716275,0.0357617456974993
2415,-0.0180395277536741,0.0118063146076217,0.00684148507586165,-0.00389695975961736,0.00462664905018927,-0.000674691178987063,-0.00123222886868461,0.0191408434868928
2416,-0.0223431433916874,0.0226950423214582,0.00798041188288949,-0.014967825051566,-0.0137689619648002,0.00724543448785135,0.0174243097221942,-0.00113482563786305
2417,-0.0143481235708807,-0.0238587354690282,0.00606621164068742,0.0162818730145645,0.015978166749389,0.016326068058136,-0.0317721382756557,0.019469481254445
2418,-0.00073317066987676,-0.00215991143891971,0.000361307367027166,0.0015153064142329,0.000884777427306539,0.00206414794696441,0.00213285467210216,0.00210426626263776
2419,-0.0114191252717824,-0.0265251362431277,0.00537842446062053,0.0224639847071587,0.0121879483264604,-0.0328221900092363,0.0184267877737831,0.0196603436675752
2420,-0.0143108092009537,-0.0299232183608413,0.00505437362855802,0.0315005263512593,0.00639255378369791,-0.00761762462031235,0.0225358820131402,0.0140975165591657
2421,-0.0249132646690281,0.0151538788458815,-0.0154604206267945,0.00388270571641496,0.00360922258612523,0.0266644573622211,-0.00742569714089589,0.00131842235161371
2422,-0.00153788659476578,-0.00356074325997478,-0.000139559969146661,0.00124526816651672,-0.00777889524436326,0.00587175644158905,-0.00230834624301012,0.0028374585700919
2423,-0.0192200737953068,-0.0184361897980995,-0.00928276611826111,0.0286370360019535,-0.0139730772949935,0.0405054748659001,0.0342126885579899,-0.00739648372999533
2424,-0.0109084079626989,0.00182815859483831,0.0361922827128218,-0.00681879267051283,-0.0299564472593559,-0.0231746325218087,-0.0125250971865264,0.00957844564346776
2425,-0.0121511261325387,-0.0271350687206787,0.00595584213289047,0.00978495755115301,-0.0138537672492626,-0.00526085570332489,0.0195612388213955,0.0135463106797093
2426,-0.0058091109253802,-0.0136800684600728,0.00229038865482434,0.00700930452165588,-0.00262147657824884,-0.0302437328451617,0.00659287319915375,-0.000874357731766598
2427,-0.0261037713832142,0.0305809568609193,-0.00680138946633018,-0.00672546889084975,-0.000783315352269251,0.00750567244961222,0.0188326349881583,-0.00925126471798343
2428,-0.0152064999004957,0.00194323147512171,0.00857268725643038,0.0170977602944492,0.0208015210721794,0.00716561107661105,-0.0536443408850788,-0.00797316917320652
2429,-0.00969234109858688,-0.0290523866448849,-0.0140634907766064,0.0263150115390098,-0.0286946210738783,-0.00193660495104958,-0.0175593015686357,-0.0079735006903181
2430,-0.00187993771273559,-0.0051519047146777,0.00134686154380252,-0.00204919077744772,-0.00141816212748111,-0.00274411602837413,-0.00455187914994501,0.00102850051368695
2431,-0.00456739806718349,-0.0161096509998277,-0.00515649349012863,-0.00856106373926391,-0.00425930604037511,0.00601990804990087,0.0015211607220127,-0.000105454163264195
2432,-0.0179126426677365,-0.0107569632523593,0.00636137778369095,-0.0242346426332023,-0.0208820760442525,0.0108660723309066,0.0306467468600331,0.0339977878880571
2433,-0.0127851783959616,-0.0142223486541891,0.0178463391389443,-0.0307124518027195,-0.0245202701495907,0.0170287140950857,0.0153395522740424,-0.0092011768634717
2434,-0.00808407463356628,-0.0158334582673499,0.00943364477153303,-0.0251166496005467,-0.0311508621633127,0.0104612940346637,0.0185136818411332,-0.0119336680976157
2435,-0.00437238235381768,-0.0103767680658155,0.00375822872883409,-0.0133612031587578,-0.0136609916092294,0.0064891044203039,0.00980838307906181,-0.00910972591214165
2436,-0.00824547554651114,-0.0172408553220869,0.00860112321119079,-0.0237641793940314,-0.0180246146044228,-0.000269155396334998,0.00967397173589789,-0.00995636070497954
2437,-0.0087566863063125,-0.017926530627981,0.0159408875642573,-0.0216532890250036,-0.0226132706972191,0.00823915311611141,0.012528105156646,-0.00820177025591569
2438,-0.0150799065993931,-0.0189298363319015,0.00406758179474992,0.02624026624068,0.00107214652815776,-0.00757091193963196,0.0299066514079989,0.0200675618436479
2439,-0.0260946606083307,0.0198160952286659,-0.00738668374252977,-0.00945421024345153,0.00201708932715721,0.00830609086549494,0.0242888099761625,0.0128369403586517
2440,-0.021738290354915,0.0156090932534071,0.000838582753284192,-0.0129814987112431,-0.0037317923561981,0.00368483957558884,0.0172672756341749,0.0185076221847017
2441,-0.0135340635899357,0.012457257748661,0.0192261603673785,-0.0117736092162793,0.0019960858637124,0.00549231403827319,0.0221485888102045,0.0168605169225713
2442,-0.00958725930046685,0.0118386069333533,0.0231681667403822,-0.0147192968129896,0.000235664442583068,0.00596016430973111,0.0214684900430218,-0.00181338778016621
2443,-0.0182978531147299,-0.0168698168366768,-0.00326616928446505,-0.035684411480638,-0.0261895406972737,0.00671672234908565,0.0261938045017742,0.00589777107946877
2444,-0.013748803931273,-0.0178674049640681,0.00886992921182281,-0.0332930472649218,-0.0249714944399085,0.0102438029018991,0.0235073511780133,0.00445404565521765
2445,-0.00825478274046398,-0.0232767424110126,0.0132541405349622,-0.0234173530882097,-0.0279975256325611,0.0153558468855736,0.0129030623983119,-0.0121792672831215
2446,-0.00954279712068947,-0.022913974542412,0.013540608907104,-0.0310912734702691,-0.0399163770415903,-0.00541586298465163,0.00517286896983329,-0.0102735819302367
2447,-0.0224950808613291,-0.00872824486693051,-0.0173212805313728,-0.0299492418705117,-0.0197586204159742,0.0165380646078019,0.0208050307193085,-0.00917326126995505
2448,-0.0117988711839247,-0.0285386409893681,0.00682506219476922,-0.0277167467340807,-0.0335466425011964,0.00687191215212251,0.00905662902346112,-0.0028409693626947
2449,-0.00773251293841059,-0.0231027772727717,0.0136944141557291,-0.0202238945477502,-0.0261259515237252,0.00319292345197666,0.00701034448337616,-0.00804341415194189
2450,-0.0110145642818064,-0.0200945871853341,0.0102901831515541,-0.0304594821439063,-0.0323429042329499,0.0152649532253923,0.0249869188548439,-0.0193458297274376
2451,-0.00941802266234953,-0.0214583045483064,0.00965848841326089,-0.0294365747630533,-0.0304557898312485,0.00799424259999052,0.00944704427229857,-0.0178945953204645
2452,-0.00825420632167294,-0.0239417697419018,0.00459476944983717,-0.0243310532571291,-0.0284750396697707,0.00265960467014946,0.0135012163181223,-0.012449679914534
2453,-0.0131148985419526,-0.0248077159276905,0.00519725716688546,-0.0409507890783218,-0.0315648210736045,0.0182453193825382,0.0255010832183296,-0.00438156168188961
2454,-0.0051299550222774,-0.0122248861400452,0.0112396258077921,-0.00302743239461354,-0.0252930759502042,0.00952817412592148,0.0206793994057121,0.00367193963620382
2455,-0.0081554046971119,-0.0184188484805206,0.0181782723695738,-0.028342683305917,-0.0288256145689969,0.00640139646873158,0.013926099745681,-0.00694716538380752
2456,-0.0246635580195879,0.0127418806111286,-0.0184641062705674,-0.00122737736736165,-0.0117274828233699,0.0281674696138536,0.00491519671710219,0.0208029035271584
2457,-0.00443471566035096,-0.00977292787764293,0.00935794217211047,-0.0239783960482684,-0.0140167094262136,-0.00131881740403392,0.00546875406413576,-0.0118663594699437
2458,-0.0118652064518317,-0.0183379508024609,0.00934110178327086,-0.0129245735223058,-0.00893351607113118,0.00178250802142185,-0.0145166485340924,0.0224122365219582
2459,-0.0135378089506452,-0.0254004723284986,0.000948443591696001,-0.0535043770127653,-0.033428134378415,-0.00452637311155934,0.0130282456948436,-0.00038923403590156
2460,-0.0104363704647566,-0.0169857611938155,0.0117243009261635,-0.0523856646684597,-0.0296449585010579,0.000614334989177259,0.0114513453943663,0.00405792525194792
2461,-0.0212547267354668,-0.0020104355846218,-0.0039203510960102,-0.0431084810212673,-0.0157423399038678,-0.0071796019289034,0.033651113015258,0.0260617000589707
2462,-0.00833157821349045,-0.0183040801971458,0.0140310558539822,-0.0415443222015957,-0.0306267961592096,0.00131801692927642,0.00772642320959943,0.000733610533976504
2463,-0.0229041967783083,-0.00274949343128506,-0.0126454870447662,-0.0336354053004944,-0.0228462506136087,0.00445766948423682,0.0186977064147586,0.00692874375064586
2464,-0.00995212708552268,-0.0180062764268165,0.0143797841427577,-0.048218795470605,-0.0344958813662807,0.00227320855911037,0.0153112921757666,0.00207588933348529
2465,-0.00682847387214415,-0.0154880716547377,0.00226385989096619,-0.0309125207950105,-0.0311799568991529,0.0155139026606517,0.00734239217314791,0.00179960655864241
2466,-0.00833717375434343,-0.0137898498895731,0.0110401722177244,-0.0347513289763631,-0.0238947884072272,0.00650674213819003,0.0135513093465903,-0.0131150782051467
2467,-0.0124398975044488,0.00164465532878946,0.0207995990985835,-0.0111748399870125,-0.0249443115424758,0.00820325772882142,0.00315523392838704,0.0199585294637766
2468,-0.016560621493844,-0.00807534062678619,-0.00403655041722443,-0.0425370603261597,-0.0145329141157186,-0.0191080827974042,-0.0342351386081279,-0.0435713160297279
2469,-0.0205870577947778,-0.00665434770921839,-0.0152962686724628,-0.0390104647917579,-0.00840550928177252,-0.0192502905347724,-0.0387844570655593,-0.0369326401073432
2470,-0.0229221181441831,0.0125671383308478,0.00478323555616197,0.0106184749144796,0.0347659106055942,-0.00574077037106074,-0.00548856994726345,0.0011713715131996
2471,-0.0206269973027268,0.0203292139135797,0.00931532367271281,-0.00712813687868234,-0.024935646910623,-0.0052241845563185,0.000415682240637142,0.00788407114318944
2472,-0.00415724170222827,-0.0155166676073564,0.00231547773011575,0.00301218326827084,-0.00993877028950745,0.00420541938567047,0.0142557234706721,-0.00453863711123535
2473,-0.00737417230426587,-0.0216725504841883,0.00788729374514818,0.0120537806401894,-0.00574888128244351,-0.00368273640898716,0.00748276252378817,0.00110432483654455
2474,-0.0059373513563591,-0.0158584813941843,0.0135285609715486,0.00312383556752493,0.00234681665427338,0.0107718286370312,-0.000921899186190071,0.00800979299625172
2475,-0.0178737760229328,0.0203199843415936,0.0184553812770208,0.0111811641952326,-0.0107249922935968,-0.0274847202872214,-0.0332597043303153,-0.0303848060861455
2476,-0.0225934249874508,-0.0150772274736916,-0.0249565714884181,0.0254591211039844,0.00345273259375384,0.0205186945326691,-0.00446673885152929,-0.00590507392822204
2477,-0.00706145862491091,-0.0123333817528154,0.00451052190612805,0.0280114679822798,-0.022225564952835,0.0188737765587258,-0.00541495980864622,0.00248865261019569
2478,-0.00188788255069164,-0.00229200639603558,0.00127179186796919,-4.13378381932723e-05,-0.00350346293526446,-0.00257245775557243,-0.00379319413743697,0.00675504608900646
2479,-0.0122352447943454,-0.0129325805761025,0.0203380308595324,-0.0268688799624446,-0.0356916360044573,0.0101310345422847,-0.00759462855905892,0.0110671739529307
2480,-0.0165856916257936,-0.0289725016786569,0.00904929927363925,0.0241264042635153,-0.0152411243605521,-0.014851801782295,0.00592974237287665,-0.00644999434098737
2481,-0.0243419571413413,0.0260517292373835,-0.000446713152686641,0.00676214865917027,-0.00941463005715644,0.0093013608798675,-0.0218333398308249,-0.0132397746259188
2482,-0.00201578260167555,-0.00744800121558342,0.00408997984896937,-0.0018981100934401,0.00166486303296137,-0.00607742251566515,0.00119779483467827,-0.00732598350364764
2483,-0.0299027135819051,0.0180597446464654,-0.0197486500271919,0.0186366794334479,0.00233188068417807,0.000164314534198155,-0.00948554813875153,-0.0143688090972128
2484,-0.0249313485744482,0.0184643529753191,-0.00279790698486765,0.0032295575627489,0.0138426235759784,0.0314169016572597,0.00296496176356363,-0.000891731466471894
2485,-0.020544253217737,0.023149869843261,0.00581743647681885,0.00421656138764172,0.00693378077837623,-0.0234570539468257,-0.0214216486659569,-0.0382657758877634
2486,-0.011650287718513,-0.0271023682929542,0.00466956908922441,0.0193401626547804,-0.00356788068787779,0.00959311775458958,0.00845487878144278,0.00246092854307704
2487,-0.0249536872705335,0.00607064376267169,-0.0134989899486973,0.0215341766137803,0.0174063665757505,0.0149283371174656,-0.0289324231920314,-0.00490715772129878
2488,-0.00755943119996977,-0.018242332936434,0.00510978641258994,-0.00106125625077133,-0.00763851135879584,-0.0168364220244461,-0.00179581898475594,-0.00825564059694716
2489,-0.0322528466470527,0.0220523478964765,-0.0218838643354999,0.0129429636604974,-0.0161126128812119,0.0106843355641005,-0.000902657094247979,-0.000886279349140625
2490,-0.0225542289203845,0.00117843004592958,0.00233181377861159,0.012144451591203,-0.0205818878792925,0.0327844578144359,-0.0297744992662402,0.0100984350469649
2491,-0.0197400478708101,0.0243672861036522,0.0109138636233348,0.00733288511994976,-0.00109622658033802,0.0027243366366739,-0.0236950081545773,-0.0354451953560522
2492,-0.00198220551396812,-0.00232246305078804,-0.00180374958342706,0.00733373110336434,-0.00809964078569606,0.0086812634967418,0.016586619163029,-0.0134677413078547
2493,-0.0163035431621591,-0.0266724977938891,-0.00241637004894147,0.0237596025322699,-0.00121767102919287,0.00571521085299351,-0.02577125044302,0.0413859744318626
2494,-0.0116175876148385,-0.0368128772606735,0.000162943494390057,0.0250181198786794,-0.00872824637797468,-0.000804052846730887,-0.0112972884965548,0.024540708114145
2495,-0.0226119592762838,0.0209363716384267,-0.0057929458736087,-0.00224469270881009,-0.0128734142630641,0.00412680609921265,0.00307230028314471,-0.00779068667323606
2496,-0.026727619171305,0.0176550541072574,-0.0113581581205953,0.0126580171122637,-0.0303896427768999,0.0165183204155988,-0.0257058170261887,-0.00105182863206119
2497,-0.0142824348796085,0.0209778797474764,0.0109201495996344,-0.00730447184559909,-0.00204618946068125,0.00629100927810987,-0.00659031911029856,-0.0196395401363411
2498,-0.0198905862503393,0.00422754483129369,-0.00510214987301114,0.0212073118014806,-0.0188463784749564,-0.0155624562964444,-0.03184284275695,-0.0271494735125656
2499,-0.000675171643469068,-0.00140737180807044,0.00145148323081557,-0.00231583065470308,0.000152946434998423,-0.00225301005650858,-0.000593338804639034,-0.00139686923378074
2500,-0.00959316621710774,-0.0328188999668143,-0.00686769961725633,0.0085024013526316,0.000462856906911592,0.0089931581674429,0.0066375934184768,0.00919606291413892
2501,-0.0024275889011271,-0.00993175312406186,0.00643394926850268,0.000494590550208603,-0.0104916178108396,0.00947466432405267,0.0120337999022226,-0.00401222534853422
2502,-0.0266077289775517,0.0288806649082995,-0.00265179569706315,0.0113415623838733,-0.0067627025635302,-0.00774754732315251,-0.0212425672765975,-0.0145483809299445
2503,-0.023277187997502,0.0193713586445147,0.00251300165372826,0.0137720838981729,-0.00881320302253626,-0.0259722377033216,-0.0250557465759869,-0.0357262753144368
2504,-0.0130918707629335,-0.0359242193207224,-0.0133652441905577,0.0187926406124621,0.0066107642891802,0.00474548065123082,0.0138203735059311,0.0161323159902769
2505,-0.0180318500705686,0.0116253376267922,0.0134041846659628,0.00387328135775405,0.00435127345020533,0.0417696783574722,-0.0366168468839656,-0.0189290965264703
2506,-0.0224796711508073,0.0123216196488519,-0.00855477478084177,0.0117630181073962,-0.0201994024419806,0.0164460612513685,0.0047541126153528,-0.0122765467923976
2507,-0.0103356574104758,-0.0285791937941564,0.00633981369491421,0.0216679624211896,0.0157944041333639,-0.000797129075923072,0.00916975308727221,-0.00833736465518942
2508,-0.0236928541431745,0.00888068250291457,-0.0190942126035123,0.0132165667176027,-0.0275973394336681,-0.00624287343307798,-0.000115758145698975,-0.0140126253355483
2509,-0.0138736503169133,0.0121719312174392,0.0197637630639151,-0.00182611286918531,-0.0260935743541767,0.00111263713654087,-0.00341456328980146,-0.0299483222773172
2510,-0.015258665030215,0.00520017840915405,0.0238579156247185,0.0187962102138684,-0.0220241448165319,-0.0081753036132768,-0.0265598241032268,-0.0459997015523076
2511,-0.0061517381340963,-0.0120166654745976,0.013679872320758,0.00455602692548619,-0.0073469673733187,0.00220195186770449,-0.0151822538551297,-0.00199182365968735
2512,-0.0304500852459848,0.0274141970938526,-0.0159760107322555,-0.00758006968756969,-0.010082327038333,0.0188707439501786,-0.00154775720465826,0.00472214289254115
2513,-0.0192911097842493,0.0193931491302534,0.0080346792319254,-0.0122072664233458,-0.00754404217437321,0.027336668517499,0.0108903593884901,0.0167240882079004
2514,-0.0202293356979032,0.0068495045514312,0.00216536761951631,0.0168948259663924,-0.0088569372374484,0.00935993014740497,-0.0402415316942845,-0.0101903990373055
2515,-0.0141897937526593,0.0162538646156306,0.0147588384241315,-0.000327812379930743,-0.0182745009702223,0.00896791431135056,-0.00300916119884233,-0.0300347273193956
2516,-0.0134187892085602,0.0155353578423242,0.0081756272087253,-0.00566135838079079,0.00578984792157925,0.022897421742892,-0.0131160975200695,-0.0134876572624517
2517,-0.0172235859464703,-0.0194726103126261,0.000727698440619847,0.0280498924675027,-0.0227415236289005,0.0130375356157339,-0.0365790508177004,-0.00019315344233177
2518,-0.0174484262533346,0.0205500583187143,0.0150923907047489,-0.00391404128589298,-0.0241122617993309,-0.00326753416058181,0.00183966772580625,-0.0237968804472006
2519,-0.0207426968194257,0.0157220953200746,-0.00129735915286111,-0.00138387074697468,-0.0202082694335251,0.0246471088823497,-0.0201941829205523,0.00931836708332656
2520,-0.0210992589105194,0.024362649924351,0.00100270228693201,0.00668561486081414,0.0216977576348921,0.0051202531665132,-0.00875690370354922,-0.0207343037796027
2521,-0.0146788601260161,-0.0276077995616648,0.00758688867440268,0.036962605215516,-0.00749161827193009,0.0043554807737251,0.0101769100468546,0.00371066923132735
2522,-0.0154108049491709,-0.0334075424303469,-0.0185828313733908,-0.0334437143338941,-0.0170441618057295,-0.0214995739898266,-0.0381999950078741,-0.0192592582089413
2523,-0.00826810203458262,-0.029661376469399,-0.00637655296216058,-0.0225015236520254,-0.018256465340421,-0.0139042984073181,-0.025562028635998,-0.0164309635872312
2524,-0.0271742966226502,0.00675051178575696,-0.0204268578880148,-0.0209275886059371,-0.00159845313740604,-0.0132605113875992,0.0163814378256066,-0.00045172158998069
2525,-0.0194138443959084,-0.0210453104313971,-0.0238279333165233,-0.0120199146653251,-0.00403573144392408,0.000179092559787823,-0.00443589615550192,-0.00916737306904855
2526,-0.0162320836676154,-0.0266179481937132,-0.0258399227041828,-0.017652320180741,-0.00488552708906366,-0.00779903516367673,0.0165155262577909,-0.0141805866651064
2527,-0.0191791391107314,-0.031966922179566,-0.0340959550963756,-0.00430605818075722,0.00784281278247735,0.00533768883484115,-0.0162039811406407,-0.0149733189407577
2528,-0.0144113804742328,-0.0415963546869459,-0.0222923037407768,-0.0118212961315864,0.0242514789802238,0.00759308884185803,-0.00528389373055731,-0.0219292821815057
2529,-0.00867755852253887,-0.00796934760081867,0.0238671043107984,-0.00966429602359691,0.00474166871299739,0.017724853976863,-0.00636741147250124,0.0200697357930372
2530,-0.0236272033586817,0.00938886580116385,-0.0130360212401505,0.00927351847100994,-0.0121131354723738,-0.0197617897896482,-0.0316056691341732,-0.000645263663710444
2531,-0.0165515529772557,0.0139210020876398,0.0239190980397326,-0.00380834208487999,0.00402285564867195,0.00465510983278711,-0.00695124339983057,0.0353752532605737
2532,-0.0198270060657859,-0.00393278470173119,0.00311146199183845,0.00965197616119544,0.0167382180702748,-0.00902817531665537,-0.0266177734959184,0.0294556086920397
2533,-0.00716662828864554,-0.00285570174582605,0.0231574594804101,-0.0203215884323836,0.000704662246661875,-0.0149412273785761,0.00680036765316842,0.00985235003184247
2534,-0.0133370900232205,-0.0299154045430487,0.00488490791388984,0.0105419461073043,0.0238310043666802,-0.000289442470310697,-0.0167527153943372,0.0225059026934556
2535,-0.0243485653756752,-0.000476452439569007,-0.00855313593691673,0.0137780879337229,0.0336945911428238,-0.00425961860816668,0.034678113298449,0.0240458597954453
2536,-0.00426385449638813,-0.0109384019397963,0.00646845299567191,-0.00673621293046443,-0.0265123905578971,0.00675981528181538,0.0218917390236493,0.00352536686932308
2537,-0.0116748252581495,-0.00172727074270644,0.02832813016096,-0.0148914694431587,-0.0011752535195979,-0.0314761669512973,0.00436938120772761,-0.000653257570194255
2538,-0.000141939521874146,-0.000187047867009187,0.00126042141906326,-0.000440266669823803,0.000921724233282399,0.000624479732979822,0.000474096664349805,-0.00187832725412076
2539,-0.00815438834031394,-0.0237315947478237,0.00186605267634682,-0.00409719325154945,0.00105266154103773,-0.00524457132314248,0.0024487914927969,-0.0143134151020865
2540,-0.0127458730387512,-0.0272816266977473,-0.00560890858551722,-0.0163710388330401,0.0013304996780293,-0.00607824501841522,0.0150186137659888,-0.000578919996262562
2541,-0.0215179939494269,-0.0128518051265939,-0.00865173891304761,0.00516240977930145,0.0248025650841582,-0.0339776133242907,0.00492441032893097,0.0426656147913313
2542,-0.0244296624074728,0.011931914485443,-0.0146904187688341,-0.00148660858257018,-0.00703505823974155,0.0381708542254964,-0.00329634560862815,0.0140789035969828
2543,-0.0219964017387108,0.00575972317809242,-0.00679319287896871,-0.00880889425213683,-0.00652833341959287,0.0392602331122043,0.00503339563084774,0.0115970291721574
2544,-0.00867083976659988,0.00633835593238981,0.0239297917530797,-0.023517758221477,-0.00569065960706011,-0.00337170668285535,-0.00942788774275892,0.012000943416348
2545,-0.0132554264709058,-0.0208339648834815,0.00705374927834671,-0.00345167121516872,0.0147972231092187,-0.0337095413267977,-0.0146282141382593,0.00284327272123738
2546,-0.0202655541527842,-0.0141900570742342,-0.0118104017171852,0.0077933948963158,0.0205734708937097,0.00228622571714997,-0.0447074310122037,0.0365531208288838
2547,-0.0113400114193939,-0.00790976975831793,0.0174139599313912,0.00806207763015082,0.0034575670390277,0.000191382084847872,-0.00167848856709697,0.0414834628372127
2548,-0.0158911777473868,-0.00223508686390967,0.0112952974565405,-0.00819775743129248,0.0264125606965054,0.00391409132883742,-0.0207574821547665,0.0278136470690586
2549,-0.0133760141474943,-0.0162254657510089,0.0155017845499912,-0.0148825883384156,0.00496063238073433,-0.0281399421008273,-0.0212128367347453,-0.00813639660027128
2550,-0.00328368379513041,-0.00698438042115964,0.00507171822504272,0.000918922391402727,-0.0114650407446115,0.00845712656239184,0.00499810870753118,0.00184952491710151
2551,-0.00903734838824036,-0.0132904582347994,0.0193067897939455,-0.000546505198026346,-0.00315283632313521,-0.00995214037299559,0.00074437256502118,0.0197097692217174
2552,-0.00906868389989791,-0.00529925936291116,0.0261563382782926,-0.0259413750925794,-0.0128568134676732,-0.022999719942196,0.00178200423773497,0.00861381848457881
2553,-0.0181622809726926,-0.0266419424543197,-0.0209138403382816,0.00959529844421311,0.00309160125863722,-0.0132107773128366,-0.0524706848991855,-0.00482328385655645
2554,-0.00898335434295039,-0.0243669852472828,0.00357468319088962,0.00392341071449537,-0.00343088753299108,-0.000480655041438748,-0.0139058781039586,-0.00123956712976728
2555,-0.0220920815872575,0.00500632002756587,-0.00632426486979032,0.0130524177001551,0.0011621139214084,0.0225410852708826,-0.0359047255907151,-0.023779987923347
2556,-0.00386116386010555,-0.00532574626722182,0.0034306141141179,-0.00198739193166943,-0.00208097731518957,0.000446607514376032,0.0177078707375668,-0.0266610397555887
2557,-0.0302195224348915,0.0169481590851043,-0.0196189797340608,0.00463959085217097,-0.0120639137510636,0.0298517975699509,-0.00647533705351306,-0.0066440175802673
2558,-0.0349563584664162,0.0332250639642484,-0.0219439026665659,0.00527424398177643,-0.00354446902334017,0.00324180093146434,0.0129323133305083,-0.01247123149189
2559,-0.0272947551535754,0.0276067574078862,-0.00933815850952476,0.00298403948297509,0.0092180268298145,-0.00926747696746346,-0.00658728028583406,-0.00802345202155603
2560,-0.0205023579705423,0.00365419585162752,-0.00228457957006084,-0.0214422558074764,0.0137782518566683,-0.0408123960804658,-0.0215449747709729,-0.0183397199766801
2561,-0.00314769216127565,-0.00808246927934157,0.00824555932515839,0.00404099198663759,-0.00758987314336761,0.00509274042907402,-0.00479387661947586,-0.000864849487219665
2562,-0.0119366475520284,-0.0199176041697261,0.0113482338353461,0.0284411080510622,-0.00651406536838823,-0.010801723036903,-0.0134467986228559,-0.00331311979019415
2563,-0.00851297976371066,-0.0203075778040059,0.0123349181577798,0.00870540724801262,-0.00163900843765297,0.00950597734615072,0.000532280673975257,0.00830379525154637
2564,-0.006205098850223,-0.0169205737018475,0.0101681255361746,0.00486917375917975,0.00156659423970923,0.00632962229525623,0.00473600790838474,-0.00796088561965754
2565,-0.0127372404195757,-0.0235152254368533,0.00618417530258103,0.0314594697770337,-0.0228868541213736,-0.0190463637972949,0.0172588096404387,-0.0249296964016506
2566,-0.0232991701383963,0.0119193475261871,-0.00782812238024685,0.00640135701666191,-0.00408575081741946,0.0135381478271781,-0.0333591971280806,-0.00735188509289479
2567,-0.0160069187501269,0.010177132937713,0.018244329725392,0.0245210411291952,-0.00731081938005154,-0.0105571521157957,-0.0275161871781395,-0.0448669628840823
2568,-0.0164707455531743,0.0106790734146004,0.0189723062671668,0.0179062655445561,-0.0211913810095373,0.0122523995520284,-0.0490702749436356,-0.00844968525538978
2569,-0.00474025146647454,-0.018237935317555,-0.00355837909116957,0.0109594670307519,-0.00946989609170291,0.0117369055240886,0.0171280143000828,-0.00278667391519409
2570,-0.0151499713950698,-0.0180533541224159,0.0186389453308946,0.0308901736965389,0.00793846863965149,0.00305463478124496,0.00258273401886519,0.0123569380378742
2571,-0.0056870592545761,-0.0165576725816405,0.00377538671087202,0.0165231734061008,-0.00818648812245468,0.00750775778757929,0.013453652776971,-0.00863325980016579
2572,-0.00614881048232417,-0.0210313033557021,-0.0058172591723305,-0.0090809030606832,-0.00990618209463489,0.00334280036435786,-0.00597664585798028,-0.0031682478343378
2573,-0.00216271505604576,-0.0032358208848347,0.00720729192495356,-0.00225704408962303,-0.00106162762713916,0.000880545161386057,0.000706378846391109,-0.00510727120886442
2574,-0.00677168558210535,-0.00978846890135527,0.027865398538813,0.0019225182247286,0.00233785697625947,-0.00929906311432105,-0.00288727637574397,-0.00657202146402368
2575,-0.0188284731709003,-0.0108204331533921,-0.00391512678987313,-0.0223277658288239,0.0318255452768395,-0.00815946239699893,-0.043138175867047,0.0226255129541175
2576,-0.0106909828559586,-0.0216176268258416,0.0137631495272575,-0.0357327226083177,-0.0285215271458496,0.0257305097566373,0.000879373016842093,-0.0042851229799407
2577,-0.0105996745189291,-0.02296280471895,0.0038078061239704,-0.0240276481236503,-0.0351756951962871,0.0142343126820868,0.0127498734689694,0.00700415866978506
2578,-0.0131504076177476,-0.0172949095677132,0.0104532561259305,-0.0324893837032023,-0.028176845991877,0.0221859607254976,0.0238155144573761,0.00187803163533669
2579,-0.00387758619559815,-0.0116254686674884,0.00430749958631873,-0.0121860300648352,-0.0116315377338852,0.00326113105624689,0.010686109377185,-0.0047351578824209
2580,-0.0113495043450623,-0.021087088354285,0.00966265097415095,-0.0158390168274686,-0.0300621862325903,0.0174845873559345,0.0223640004431421,-0.00513695914760435
2581,-0.00780459867835066,-0.0199011534125409,0.00870542586629827,-0.0245170636068898,-0.0170709993255384,0.0103813840499312,0.0206875616729047,0.000822882855760991
2582,-0.0101309550790996,-0.0064795995747586,0.0238917850893466,0.0015146378470444,0.00971821189386366,0.0147863407964544,-0.00925034883477962,0.0075343803037878
2583,-0.0127206447024564,-0.00776758901383842,0.0202097845352971,0.0012445877442508,-0.0313460239277565,0.000959550497392417,0.0189767783196112,0.0225578346336581
2584,-0.0278562293952792,0.0102085755094144,-0.0194702583040244,-0.0112215750699293,-0.00744786396144219,0.0150657123356525,-0.0233297410235708,0.0189827122460645
2585,-0.0140825261074322,-0.00954127524777309,0.0105570739989803,-0.00682163400348765,-0.0266821808256965,0.00131462891526532,0.0275493887702377,0.00972512489422295
2586,-0.00982238971550314,-0.0150329282545922,0.0179260648307648,-0.0084444750301461,-0.0278354435508194,0.00428514224205277,0.00864531153018497,0.00640555566749778
2587,-0.03121725080691,0.0263522970223364,-0.0210979310492282,-0.00244604854196752,-0.0164617868495374,0.0173721796454202,-0.0117837425658721,-0.00604362370601166
2588,-0.021518131181775,0.0240161598100901,0.000535722052932124,-0.00157678298905977,-0.016465277571389,0.0264016332901521,-0.0156798108423468,0.0012453955153194
2589,-0.013515396694584,0.00631710395165058,0.0234255798415014,0.00159742339619934,-0.0279137685774582,0.00644637437039887,0.0147359219903988,-0.0138150718699696
2590,-0.0179468222711248,0.0193515745542131,0.0182152724557243,2.86259496359053e-05,0.0048466835205656,0.0088341964797299,-0.0298439877186616,0.0115300908747954
2591,-0.0267005225578383,0.0220644025271632,-0.000164244359173672,0.00125643306806019,-0.00184013547758266,0.00585115600620689,-0.0362585249847129,0.0154019241454807
2592,-0.0150746295200005,0.00839374411903412,0.0290930219234012,0.00301758600107429,0.0130589782993058,0.0104561851395363,-0.0289959739476555,0.0180044485763016
2593,-0.0296982277434749,0.0236364133878321,-0.0178139947461248,0.000517534488615599,0.0135002871108763,0.010821446001316,0.00304259735206409,0.00582177473720504
2594,-0.00857607872306298,0.00592632275146074,0.0233037731914917,-0.00291909174205398,-0.000351391420844468,0.0110289009625462,-0.00904432662381103,-0.0179639402148475
2595,-0.00630636628761015,0.00290503139903151,0.0230043136235693,0.00277508313678885,0.00201461570227846,0.0150575196229624,-0.00658703791990659,-0.0102868910962428
2596,-0.00683713639168933,-0.00462796302362678,0.0208601478964159,-0.00809383966518522,-0.00689549451577556,0.0444964563661523,-0.00204063135577643,0.0058646741132377
2597,-0.0131522815340108,-0.0306767051419817,0.00722745079298677,0.0330053406506499,0.0187021771159062,-0.00595204655617808,0.0199698490840914,0.0166936800994425
2598,-0.0171302475687695,0.00338011278415458,0.0142473910309177,-0.00748786692109797,0.0193142014558687,-0.0384590550415348,-0.00418994962677941,0.0381381535491493
2599,-0.0186173098944665,0.0120132647852253,0.0167647255257172,0.00576304089059508,0.0321896079468183,-0.0364442246443403,0.00939980313453896,0.00268791802579908
2600,-0.0335346767187539,0.026569534343163,-0.025522946221549,0.00543091258832358,-0.00379813364750963,0.0113257592164909,-0.00118330615850923,-0.00697018538419626
2601,-0.0188461328655395,0.0181413624295278,0.00643334128269381,0.0017022243756979,0.0082210256809819,-0.00183982060039715,-0.0279601124383064,-0.0265911172823267
2602,-0.0137154510662434,0.0105212628950113,0.0237846268233969,0.00676917473107642,-0.00856460978171118,-0.00193072721079785,-0.0366900591111022,-0.0340847484371613
2603,-0.00618051236313912,0.0069725014540062,0.0274545500943642,-0.0171388651457475,-0.00917858738315362,-0.0105103402527893,0.0112766137227168,-0.00585359199519465
2604,-0.0117471073676891,0.0133741911662729,0.030206068446354,-0.0133141511905855,-0.0146984923754527,-0.0193184353485961,0.0192682456694488,0.0124543068566478
2605,-0.00530637833925218,-0.00165991722796002,0.0245770133012226,0.00691542750507087,0.000440074896311198,-0.000249845527884977,-0.00868741078694183,-0.00601862838537939
2606,-0.0124309896057202,-0.00728113082160224,0.0318168247480471,-0.0164436933118434,-0.030366191666342,0.0419377781797228,-0.0149687525949751,0.0100452160691598
2607,-0.00217799201202631,-0.00527338676520575,0.00470594254253857,-6.97199017717936e-05,0.000248677795568092,-0.00487930791611768,0.00102413002612562,-0.0014897606304729
2608,-0.0110388292155955,-0.00145241843509649,0.0346945121143259,0.007754252276859,-0.00920333599202642,-0.0336673479516259,0.00943654899053831,-0.0216353636309931
2609,-0.00924965550239977,-0.0256271555178043,0.00506889964992695,0.00106198736446548,-0.0322298748635705,0.00581047135249952,-0.0139502212028166,-0.00152520762608567
2610,-0.00284620597936706,-0.0101164549953202,0.00284565257998555,-0.00843610459965088,-0.0170070851847378,0.00427599030143204,0.00984685366229687,-0.00372657504051172
2611,-0.0125870669374183,0.0143542980580232,0.0298851909047164,-0.0170900689137836,0.0108647250154546,-0.0152376798189939,0.0119265434604552,0.0151887287934784
2612,-0.0091577414641819,0.00632287506482444,0.0197458150723633,-0.0160810030668186,0.00847872854023853,-0.00534502542704358,0.0054132072959459,0.00764027049082632
2613,-0.00716167449993724,0.0070033020216522,0.0177849475345635,-0.0198804810390602,-0.00475852924780771,-0.00883988406093644,0.0134489733288945,-0.00380695335564474
2614,-0.00515146836160875,0.00221393149353585,0.0181760597469851,-0.0217628020723903,-0.00253158472795087,-0.00335345220760416,0.0138597126787856,-0.0111836707469043
2615,-0.0238169087715111,-0.00412357150929084,-0.0182598159520846,-0.0245214402805118,0.00527781716066702,-0.0292302510860015,-0.0029934986913094,0.00649519803239177
2616,-0.0151525558340284,-0.0211984779220427,-0.00295166596608253,-0.0207405534527555,0.00731586721630767,0.00021223078306938,0.0307568288073859,-0.00865395185317766
2617,-0.00173601626331247,-0.00364894174742357,0.00509987280213427,-0.00451513995236096,0.00311350400538602,0.00181269038750452,0.00112383360126388,-0.00185253713540444
2618,-0.0153785546689274,0.0105972572662583,0.0290213793053483,-0.0079045034061063,0.0206947726525881,-0.0146455677955514,0.0344912774512589,0.0215496902914721
2619,-0.0025184247710949,-0.00541532645527096,0.0061271722511242,-0.00324381471930928,-0.00159657999340351,0.00292684869347827,-0.0022275975153934,-0.00447206245489931
2620,-0.00761680821640761,-0.0246394302554476,0.00287548533193465,0.00501023394573084,-0.0113483561854539,-0.0051300670517523,0.0108959986375299,-0.012903403542558
2621,-0.00166253206380913,-0.00656917262331347,0.00519529340773693,0.00415234988493006,-0.00722636681822714,0.00443280042013863,0.00618618722225991,-0.00473490414655465
2622,-0.0210922247544424,0.0228767309564175,0.00640882999833186,-0.0123758131289327,-0.0243329420368534,4.93546154865468e-05,-0.0111734983715155,0.000643022939141701
2623,-0.0160294218309535,0.0162374824083097,0.012269975836647,0.00501006645289839,-0.0136582722575358,-0.00934084295005207,-0.0210820106809486,-0.0200391440074807
2624,-0.00930611867234505,0.00247762039138562,0.0172595966447398,-0.0132488645822427,0.00550394582575735,0.0318854318042889,-0.022533606550585,-0.0244701914960915
2625,-0.0159998009757637,-0.0014765249442655,0.0117477974251634,0.0229565174607116,0.0166213313709486,-0.00112210687213285,-0.0361911749868808,-0.0109532485124015
2626,-0.0063570295617856,-0.02236625885485,-0.000814949833260824,0.00132866776133902,-0.00567791933620144,0.00538040002530199,8.4339637144101e-05,-0.00305466432269939
2627,-0.00425604319884134,0.000829859517325837,0.0126478668152849,-0.00817065092963357,0.0081014685306364,-0.00445484113950911,0.000454396556597547,-0.00664514916516478
2628,-0.00360728271044327,-0.0114549543143996,0.00224782124399909,0.00445710378744389,0.00202174131391624,-0.0181716883792553,0.00598551131810871,0.00277767561165887
2629,-0.00757271276187565,-0.0163727436614502,0.0241044150193643,0.0108688363051441,0.0147052151089974,0.00931100380151916,0.00373826192112078,0.0158576480437098
2630,-0.00903218063740243,-0.00302953525264551,0.0303337442870434,-0.0126751214854863,-0.0116723906729212,-0.0119998835247106,0.00654313194473298,-0.00339231426620302
2631,-0.0171841572360339,0.00290191342868092,0.0163131623355092,0.0216628251821444,0.00545361099576946,-0.00249896042025481,-0.0619257247686525,0.00117471963190782
2632,-0.00820656999056549,-0.0152965521492307,0.0104727415445371,0.0109254651735179,-0.00813616319397935,0.0131037304263151,0.0348086792734471,-0.00827110582856648
2633,-0.00629614171555544,-0.0156311525328501,0.00959241026799818,0.0216151200799941,-0.00739195533007592,0.0129998864187855,0.00815733304813002,0.0130419697898531
2634,-0.0181043000242591,0.0174970829580609,0.0142032281899259,0.0149349427507791,-0.0173871126167299,-0.00472092327706673,-0.0220258630304097,-0.0263956939938928
2635,-0.0232313836314274,0.01898117349484,0.0102912501805448,0.00986689670752618,-0.0149050401133369,-0.0169343896163582,-0.0318750784426815,-0.0171168819227392
2636,-0.0127633002246019,-0.0122877966850743,0.0165134703167453,0.0261016638544613,-0.0182879581902425,-0.0257674432019638,-0.0192917432538166,-0.0217170325455713
2637,-0.00931424073725627,-0.0249294866816585,-0.00679104241153414,0.0250442322140428,-0.00692577135677217,0.00521706908822524,0.00849497623989773,0.0176458644953552
2638,-0.0138019879034503,-0.015893484815139,0.00999002871215896,0.0198898749588764,-0.0237753086216154,-0.0138435198302297,-0.0231690185484404,-0.00120218745537889
2639,-0.000123175937195888,0.000539840452994631,0.0012330242199627,0.000615404848091113,-0.000199414974195764,-0.0012431108004507,0.000295881445393053,-0.00109010955334845
2640,-0.0191480538623393,0.00478902284252538,0.00872044258241225,-0.0117987323080597,0.0162198301084896,0.0359818320961705,0.0107184357424351,0.00714697437978737
2641,-0.0117557880168473,-0.0315164258725847,7.96442068385821e-05,-0.0294823348507122,0.0029368042669651,0.00081960461393258,-0.0103209762601539,-0.00915374776441311
2642,-0.0132320975675207,-0.0317460261400917,-0.00812665697999887,-0.0248115725565621,-0.0114778246298799,0.0107310091230015,0.00642284523216291,-0.00520752457496918
2643,-0.00831387850342177,-0.0204691924910708,0.0183576933680594,0.00252544826617383,0.00479037454912549,-0.00437663468282124,-0.00640673217448417,-0.00301336235641153
2644,-0.00325221942251812,-0.0104273486229444,0.0103240203404568,0.00259753072541828,-0.00918649015371527,0.00789953547109946,0.00300761611522789,-0.00508459676355574
2645,-0.00976952143308503,-0.00201927798792424,0.0189344459743378,-0.031114828110261,-0.0220751975174591,-0.0134129340464421,0.0132058938033168,0.0258185829735914
2646,-0.0203526211808108,-0.0147874274089274,-0.00335004194287641,0.0056258147325467,0.0200687269053894,-0.0273560156492693,0.00309339951269458,0.0275288372680314
2647,-0.00753426284404884,-0.0116968446778446,0.00944957397080048,-0.000739471159957272,-0.0343464278593153,0.00799377230726165,-0.0162597108995796,-0.0197904073048317
2648,-0.00414319774975947,-0.00744935976104199,0.00942919768090699,-0.00803743342805392,-0.00835573765448411,-0.00323142070380366,0.00079774333230502,-0.00830448236913818
2649,-0.00449381775316482,-0.011495993158736,0.00937892593310185,-0.00474809814222212,-0.0106442353772182,0.00159015355201532,0.00425468487106982,-0.0027414462260326
2650,-0.0140626606746215,-0.0015558289220495,0.0105921757609628,-0.00247828841730571,-0.0166788194300996,-0.0262112977069616,-0.0360975243931873,-0.0411097809322831
2651,-0.0224920098142906,-0.00445441013950016,-0.0112418486984014,-0.00981465855081627,-0.00162978621630999,0.0371816357279622,0.0081636299854371,0.0280052741449232
2652,-0.0337962440741948,0.0240297397608243,-0.0251540391314859,0.0177256472963995,-0.0172107945204433,0.00315864833647909,0.000362947745608731,-0.0136152511896471
2653,-0.0218029366051175,-0.0193660992576638,-0.0316798273608513,0.00229536847568337,-0.012603996308624,0.00647938358941251,-0.0274811187984463,0.0126158700432423
2654,-0.0141972894257965,0.0132214172941856,0.0356297928899719,0.00290649265030957,0.00780276449790158,-0.00667566279678342,-0.0236922666216126,-0.027521334491686
2655,-0.0209578214812572,0.0246432091206059,0.00523315761442407,-0.000212884232180972,0.0242774631243479,-0.0260851321479427,-0.0259068721582668,-0.0252390785594632
2656,-0.011215714285918,-0.012966079345445,0.0135489488182662,-0.0055306164950533,-0.0098133976160885,-0.00719651612122902,0.00374953073527199,0.00646673761690306
2657,-0.0246797789263395,-0.00249437038295874,-0.0236619678314205,-0.0102335502909244,-0.000309398384768901,0.0323614496336413,-0.00621708035075683,-0.000222693436051299
2658,-0.00779444961234661,-0.021080264222106,0.0149962181376682,0.0154171335930393,-0.00605654624767783,0.0168464768606297,-0.00477019352268588,-0.00100309840507315
2659,-0.00753466545847627,-0.0197969148250679,-0.00259733305994721,0.0119930569794356,-0.00104814438901418,-0.0150489733967549,0.00280200826506443,-0.00429850310889096
2660,-0.0187774198032775,-0.0158699119148117,-0.0118574208583007,-0.015259464205174,0.0225374359122995,-0.0240323057803004,0.00706220730532297,-0.00423368880505276
2661,-0.0178777850750336,0.00654892043627154,0.0191839553162231,-0.0220893550143207,-0.032110802847205,0.0129492175009939,-0.00754247736992331,0.033886651244378
2662,-0.00791155644109664,-0.0130331806683776,0.020922654085372,-0.00151165760333717,-0.0226642142078355,0.0125196301121594,0.00336017178001872,-0.00568295619568246
2663,-0.0014211443995267,-0.00310917555965244,0.000321536763820229,0.00178787307570633,0.00240294226989406,-0.00524742211993571,0.00212364206120531,0.00408393361287127
2664,-0.0192184351095318,-0.00654242381891553,-0.00993009066747189,-0.0149061336005144,0.0283319614295914,0.0143438644365569,-0.0107793779419994,-0.0178559794166765
2665,-0.0284962407841397,0.0129607590780724,-0.023906196827624,-0.0086646854298347,-0.0130548372883319,-0.0162672890038913,0.00760731595830349,-0.00556478332098034
2666,-0.0260835307264384,0.0148191013616316,-0.0061376454249754,-0.014555025829315,-0.00851505950108966,-0.0056529608188715,0.0129868479044228,0.0416862333588818
2667,-0.00653352255185603,-0.0187407135310304,0.0106962356856808,0.0015626826775124,0.00500894341424183,-0.0107541484458432,0.00134455550966079,-0.0187442781046438
2668,-0.0128637906662512,-0.0199647857033958,0.00719597782842131,-0.0245131727522088,0.0343267222977944,0.0284319285164377,-0.0113151430366945,-0.0145814851360352
2669,-0.0171637300103887,0.00399353820953606,0.0163976395072196,0.00704707344249943,0.0381129687314654,-0.0212057073355394,0.030091408170889,0.00797286151468519
2670,-0.00832824653609261,-0.00793246898347558,0.0236809718060169,-0.0111839822517516,0.0125005453838236,0.041480122192439,0.00546275077796311,-0.00819850136008312
2671,-0.0162622480628274,-0.0101860417042782,-0.00275778719974346,-0.0163194145732139,0.0139541413321102,0.0105894033198895,0.0175704127975601,0.0191539203451361
2672,-0.0070513213460977,-0.016693789141626,0.0178842161545601,-0.000503108200438763,-0.0188582319972128,0.0133634632381339,0.0141733071461081,0.00376586836414999
2673,-0.0174324980096263,0.0115607723630115,0.0271211089708856,-0.0162205565641228,-0.0102563927665106,-0.00846749297874915,-0.0247274032324261,0.0310316053876424
2674,-0.0148234206118514,0.00599747421067991,0.0406142711222709,-0.0182292718006216,-0.0119505886185068,-0.0091849581638654,-0.00601739779317896,0.0113166359389157
2675,-0.0215025301367663,0.0274847648707153,0.00339138878477939,-0.00443435988649042,0.00834892383026549,-0.0157961699165912,-0.0102926707145296,-0.0368493093076522
2676,-0.017081072356399,0.011686942716448,0.00593998064363845,-0.000441345835863888,0.00346185812271823,-0.00704270358513464,-0.00988928845504772,-0.0506962094809579
2677,-0.0234652846843171,0.00518087769534635,-0.00670272092450297,0.0234970260396545,0.00336980261280648,-0.00453884719955948,-0.035034893468716,-0.000686833080112438
2678,-0.00959360321614006,-0.0113015873404295,0.0177933805768359,0.00879619444677158,0.00517501372003523,0.00664591492951143,-0.0127333974178777,0.00193445824492727
2679,-0.0120792678083051,-0.0306677720912789,0.00567055967957728,0.027189374235553,0.00716352836243959,-0.00481757078269434,-0.000111274560176245,0.0100472511594017
2680,-0.00711793319950367,-0.00675224325698508,0.0233091688031322,-0.00676103523590924,0.00212130831186381,0.0172808103401914,-0.00391626632162795,-0.0173067609762115
2681,-0.00118453244960953,0.000444138603827762,0.00366712343902557,-0.000473665583521854,-0.00146948325085746,-0.00251909284414117,0.00504594721968218,-0.000840509765665609
2682,-0.0122309871779511,0.00577363521608894,0.0238337926061668,0.0287136688881762,0.0103704982138022,0.0225328450200754,-0.0321687038995407,-0.0122909621425554
2683,-0.0225579069746415,0.0170349952109144,0.00362723534878046,0.0130072139230219,0.0136251382846229,-0.0282278392795223,-0.0281794402026917,-0.0256083277869018
2684,-0.0297405168342591,0.0200323860798866,-0.0229870023612686,0.0129530133013441,-0.0191859372899394,0.00247148723972967,-0.00260320134446488,-0.0169880919077771
2685,-0.0208792574596694,-0.000225715521310755,-0.00495933714615006,0.0302474759734777,0.00391812108199632,0.00700170477004438,-0.0485669418201144,0.00506129121072552
2686,-0.0048181440863974,-0.0102946236510953,0.0146216266244983,-0.0025504787168854,-0.00338520492990237,0.0118766939631229,0.00569363566300302,-0.00127129166171086
2687,-0.0111625653276426,-0.0109876041774097,0.0126614069326508,0.0135972729383391,-0.0123357034340751,-0.0155502459651672,-0.0197531120776891,-0.0084218743611899
2688,-0.0085538356001023,-0.0153640170567952,0.00848087735202249,0.00381702015889128,-0.0116286327317573,-0.00461384009344875,0.0120468200309638,-0.00396042728534997
2689,-0.00143242257600983,-0.00288478638462208,0.00465023938315015,-0.00131845531688873,-0.00332696515394488,4.93970384180723e-05,0.00119948547375164,-0.00266589498068535
2690,-0.00896352384328396,-0.0116924063849461,0.0125913492033711,-0.035775583493832,0.00521663776333324,-0.0218280012200636,0.00156135459834707,-0.031912917504805
2691,-0.00877696361058169,-0.0228458723382581,-0.000123993850481735,-0.00607404250226041,-0.00457159955233554,-0.00499471801472884,0.00161484207015293,0.0031161737489848
2692,-0.0109714975451799,-0.0109225364824998,0.025883380673625,-0.00106151451017047,-0.0306760166695678,0.010690401272091,0.0206768034118588,0.0136802607232725
2693,-0.0163523698499278,-0.0126339238582188,0.00613777342249618,-0.0380315913145593,-0.000899633384745694,0.0380691218567281,0.0108949209412518,0.00414717240902546
2694,-0.0123438272470709,0.000613788104899764,0.0144817934098491,-0.00186808456350457,-0.0529720533624853,0.00025540310921769,-0.0160378347725736,0.0127780343022789
2695,-0.016059054757061,0.00381325579477423,0.0104333540282722,-0.0154439399158787,-0.0511068957967038,0.00266237999784718,-0.0177980214726359,0.0030336078577397
2696,-0.0106025457975242,-0.00692703584035851,0.0218420716120069,-0.0049772930444643,-0.0215973658229824,-0.0037403371618317,0.0252464272601126,0.0211241989743833
2697,-0.00859875990178199,-0.00327299661229843,0.0179980300928316,-0.00396364927094914,-0.0192947572963273,-0.00400841078309766,0.0223080438545706,0.00324414622958214
2698,-0.00668761494797386,-0.0281784520978362,-0.00704886788440644,-0.0224985552464107,-0.00234612654699081,0.00436399301666728,0.0104648310238349,-0.0213115711729326
2699,-0.0186932713646066,-0.0240051324602325,-0.0107032934025772,-0.0424829543899635,-0.0167917145382211,-0.017163676524968,-0.0458065903944366,0.0296334238801834
2700,-0.0139913614785659,0.0121431552868238,0.00837714069377982,0.00398136356548759,0.0156460677843965,-0.0239297091659823,-0.0330745250314709,-0.0371525468011341
2701,-0.0127822736156512,0.00774464913385583,0.0181349825729249,0.0112779153106118,-0.0117645509694501,0.0253053072726019,-0.0267053278978149,-0.0161017129355784
2702,-0.0276451206279673,0.00508236611642095,-0.0252040820058266,0.0284143342030192,-0.0149144467008197,0.00668030091266733,-0.000886309664010975,-0.02337790092074
2703,-0.000815081402989038,-0.00133573897462522,7.64257907138763e-05,0.00222253564615956,-0.00284612970533392,0.000259519032399156,-0.00259411906406511,0.00370643374269056
2704,-0.00382524381266086,-0.0114900884863855,0.0107859347765489,0.00124576265593396,0.00671609587415386,0.000661260185810468,0.00421280059810497,-0.00331983758820209
2705,-0.0231297402849124,-0.00241085631570108,-0.0182237042981992,0.0140989776602714,-0.0279033228523158,-0.0144029955201162,-0.0299070837987436,-0.00852069558447656
2706,-0.00733021883060411,-0.000313699929732188,0.0185569012025836,0.00620578584156972,0.00777557218759619,0.0168587241558616,-0.00152021488593191,0.00745233913612185
2707,-0.00296798599534761,-0.00482823514854244,0.00307026079269604,0.00178395882387929,0.0044888742851458,-0.00772703543285269,0.00450892485259644,-0.00166391813714587
2708,-0.0263373205572454,0.0156598443330508,-0.0119108773373598,-0.00392176649422462,0.0131886779512595,-0.0138696808438291,-0.00833442215806915,0.0190231335145056
2709,-0.0270277116086515,0.024166980506456,-0.0066683844369246,-0.00631589893907232,-0.0120515796359135,-0.00490874036195024,0.0194614239812299,0.0129989263157428
2710,-0.0263750871336114,0.00109805434329574,-0.0225213156730618,-0.00300844498910838,0.010518608570385,-0.028620259217116,-0.0164357069273515,0.00927736322384352
2711,-0.0316072041090594,0.0269565607234296,-0.0150320141351162,0.00979161449461492,-0.00151684983205507,0.00950205640671784,-0.0117135361148108,0.00934585222957009
2712,-0.0197972247490808,-0.0254379693800103,-0.0223790725392001,0.000332555056525757,0.022160184615526,-0.030856698456363,0.011473488618108,0.0304951518718592
2713,-0.0167530706476382,-0.0361414768567216,-0.0292966635849369,-0.0100865187094028,0.0126006397915157,0.00729330999538411,-0.0148019325069066,-0.01657908222535
2714,-0.0207045714883702,-0.00266094003077975,-0.00821720352681054,-0.0348442925456199,-0.00659841524416933,-0.040493248234219,-0.0196492593396575,-0.00238535590033981
2715,-0.0188618716362213,-0.000119074201647062,0.000726611198536707,-0.0438749488702955,-0.00087284468532044,-0.0320035083224037,-0.0107132701536845,0.000290379587640129
2716,-0.00863340585352372,-0.0192281542083647,0.0055331294140142,-0.0171134956658595,-0.00447887115559326,0.0118745429042942,-0.0102968685022699,-0.00836089045415978
2717,-0.02067329433774,-0.0040943065540296,-0.00379700207304781,-0.0245844707293423,-0.0259004374899671,0.0172579145542334,-0.0297673590811794,0.05719663255133
2718,-0.0137659868202778,-0.0442002151238725,-0.023530028300265,-0.018875259982102,-0.00145789633276677,-0.00367486385128906,-0.0108739633616398,-0.0154874435239855
2719,-0.019865198531003,-0.0103211220355339,-0.0111040990770432,0.0101149411439724,0.0107423199950089,0.024968211839511,-0.0309119874910084,0.0328254688984492
2720,-0.0154540833837233,-0.0355134361726563,-0.0261900928622486,-0.0271350240220555,0.013607010235589,0.0134315814313946,-0.00237915981015537,-0.0160376394907485
2721,-0.014107983836667,-0.0215995849686855,0.0106542497902355,0.00549222722560239,0.00206529171452759,-0.0321660484328644,0.00225565184509256,0.0161634272758045
2722,-0.0159656821274939,-0.0312713744630892,-0.0119660321971504,0.00194931447901546,0.023947423143237,-0.0209698830424874,0.0100583795774748,0.0196063762836706
2723,-0.00436805686186489,-0.0147747346366573,0.00137318424420656,0.00394107879396416,-0.0025502263985793,-0.0084322157329511,-0.00349369564723276,-0.00305678732397296
2724,-0.00529824199227064,-0.0113894242837072,-0.00507104922233279,0.0104248948441673,-0.0170680271492658,0.00746219465605305,-0.00798270658270228,0.0101221858007462
2725,-0.015719789037819,-0.0344325994091387,-0.0241405919777439,-0.0171539537410503,0.00491591935988285,-0.0119942242469678,-0.00626118744364915,-0.000569012653247753
2726,-0.00475501286859809,-0.017736469727646,-0.0015641059269461,-0.00229945075851672,-0.00989337650102185,-0.00385720533029974,0.00540953705604037,0.00465565458651734
2727,-0.0016549854253012,-0.00563094119025328,-0.000791287989978459,0.000869030576415119,-0.000232062001569098,-0.0012342140380983,0.000489531512577265,0.00352928000649404
2728,-0.0147881528421953,-0.0404610110808246,-0.0257202054908748,-0.0339135937279987,0.0247994077456861,0.0147385346697835,-0.0337686128487351,-0.0065791856292292
2729,-0.0162885758152246,-0.0323844812919668,-0.0259675910482708,-0.0280713726772406,0.0101790224045453,0.0270137281980948,-0.040815945361988,-0.0134153860189076
2730,-0.0151782997135883,-0.0376151158283088,-0.0188480026406315,-0.0326675859404632,0.0136443964672626,0.0295177001470528,-0.0324653715309707,-0.0130170555485065
2731,-0.010625672859263,-0.0350118211181015,0.00456573118752092,0.000442052764538498,-0.0084761332252766,-0.00363278296293596,0.00321264477851789,0.0186238722149101
2732,-0.011745124257194,-0.0314618638928323,-0.0015094788842109,-0.0301799538216288,0.00993831944260214,-0.0103698330310869,-0.0118270040931049,-0.0187408595763688
2733,-0.0148475469011903,-0.0412779661154331,-0.0260774059830063,-0.0321192042232449,0.00328597561573011,0.000535948605931949,-0.0181198972031052,0.000398388360187629
2734,-0.0183157981215397,-0.00990668324871941,-0.0104777856917872,-0.0198693502144053,0.0415175616082072,0.0133486546285367,0.0331229632461363,-0.00303797198111262
2735,-0.0172847466613379,0.00274088809834236,0.0115032953540451,-0.00184501860743888,0.040467108650114,-0.00909797880658668,0.0178337718969144,0.0358171309013661
2736,-0.0158934922581893,-0.0310377190754184,-0.0114609086132458,0.0230942422728558,0.0239705948815006,-0.032007699516395,0.0146336985398393,0.0282812434989691
2737,-0.0268163067581417,0.0138198953232546,-0.0117652256963997,-0.0232968640333734,-0.00402848156012061,-0.0199185535489608,0.000990312521021193,0.00610135536570813
2738,-0.00802526551153406,-0.0207229959898875,0.0118865119014574,-0.00469269645150115,-0.00450119933090586,-0.0132622789683153,-0.00595293623785916,-0.0030522273329713
2739,-0.0199702156439235,-0.0112404156884752,-0.00931363847275099,-0.0183442417822521,0.0115707157707395,0.0410092796783102,-0.0124695268368864,0.00339233391052442
2740,-0.0280429093976521,0.0164110598770079,-0.0147195295457908,-0.0203497224737242,-0.00442593066867655,-0.00763932205783665,-0.00485432111743704,0.015515270461045
2741,-0.0287867078058113,0.0227020248413686,-0.0171234617996813,-0.0179418736162555,-0.0102841546398216,0.00409581909356623,0.00700337450481923,-0.000414129787696788
2742,-0.024377256870038,0.00810510173488556,-0.00849054600685239,-0.029753088051181,0.00106185706061406,-0.018304435129762,-0.0216012148387136,0.0229440197979336
2743,-0.0141482799132324,0.00991734687613214,0.0159354672474768,0.00120146105018325,0.0160486153274467,-0.01376790652923,0.0201596343167495,0.0259089340501472
2744,-0.0247764173180196,0.00646720215384691,-0.0145572786883783,-0.0319808953035952,-0.0115592514501824,-0.0204746937888973,-0.013697316094628,0.0190323082225076
2745,-0.0190073884746233,-0.0138186927003659,-0.00596624560566647,0.0225438456438767,-0.024325799631235,-0.0306122678659064,-0.0199103059543825,-0.0172501869180263
2746,-0.0124824875909806,0.0109573143515907,0.0185845089076583,-0.00578992997908997,0.0202671219017364,0.0134549923414193,0.0134683113841388,-0.0214446570738093
2747,-0.00214599265618814,-0.00432467708899071,0.00796922593947447,-0.00345724939058604,-0.000444946056569451,-0.000828544606577887,0.00165067802981571,-0.00576423760561115
2748,-0.0142503990283703,-0.00842141264931447,0.018487498142761,-0.0138352478083164,0.00711644961452087,-0.0481012859536957,-0.0128445096259636,0.0382750496370799
2749,-0.0301175247156716,0.0209246834876839,-0.0136752735357655,0.016741809433601,-0.0266289209397638,0.00817226025541329,-0.00892434373708145,-0.00552192206950247
2750,-0.0019547113027273,-0.00677900282930647,0.00380582202561555,0.00634993826647139,-0.00123080455799157,0.000683007284811995,0.00657120230305891,-0.00168652467550676
2751,-0.0167510803316913,0.0149448724128511,0.0160937965031646,0.00884871404924155,0.0137948912449307,-0.00373238848655036,-0.0427090268576425,-0.0238767937947875
2752,-0.00515862693503101,-0.0139326101169359,0.0110912808975276,-0.00116865286634088,-0.00784657923035109,0.0056047592965258,-0.00130729355051179,0.00320375383683953
2753,-0.00848633258042608,-0.0227507779605397,0.0107190013517667,0.0155798091753944,-0.0115784583123206,-0.00744026631381565,-0.00487005904067766,-0.0047230781825103
2754,-0.00514117076994584,-0.0212292757204191,0.00438280138009761,0.00122577617688974,-0.0143050198525568,0.00533597038091562,-0.00440827845734294,0.0018581723744542
2755,-0.00982639210505524,0.00878947670263656,0.0209382096423987,-0.00964974997371525,0.00519587653726971,-0.00196820959756375,0.00983384674018284,-0.0187042218843364
2756,-0.027744790464643,0.0047947254360813,-0.0259206536265278,0.0216887213884183,-0.00258488830043433,-0.00103724033937656,0.00211286941172805,-0.0167468049511589
2757,-0.0163675391449928,-0.0286900007148144,-0.00638092447470605,-0.0179262483813776,0.0117475402960897,-0.00934146414160969,0.0225787547664391,-0.00471076667627422
2758,-0.0245918196803387,0.00926887219436084,-0.0101117589592866,-0.0138116048762856,-0.0196071755536033,0.0115779936451933,-0.0136509349370719,0.042329045685906
2759,-0.013946885296724,-0.0400939215792849,-0.0217055296913499,-0.00763617700736153,0.026362710328716,-0.016821333645937,0.0171142594063633,-0.00566327729805844
2760,-0.0156153255795058,-0.0370089151783421,-0.0124383860238564,-0.00772218179359899,-0.0043960914304933,-0.00287202798415735,-0.00365900736656625,0.0338482060259056
2761,-0.0222641328444541,-0.0116825494993143,-0.0267330071066929,-0.0103715139270275,0.0166303720392224,0.00176377748370378,0.00821959610037097,-0.00709236888181104
2762,-0.0141411542995016,-0.0429768096961609,-0.0155662524455409,-0.00824944947480624,0.0064928745457381,-0.0242445832174787,0.00692298674425706,0.0266221970814288
2763,-0.0243465199046734,-0.00992991174216405,-0.0255766583941193,0.00830280673290727,-0.00260068000111821,0.00317420625203295,-0.0280862900100704,0.017934918171776
2764,-0.00681143184459255,-0.00236265174792114,0.0205233617951197,-0.00380191069433131,-0.0145987366001192,0.000657860492104273,0.0125768509061712,-0.0209433552836853
2765,-0.0161567684945614,0.0057821514276596,0.0187338215684582,0.025037164040381,-0.00581382226622471,-0.00777840636626043,-0.0465706831881784,-0.0275964538703383
2766,-0.0205783636962047,0.00436049148014793,-0.0100004554509703,0.0155908504099907,-0.0289379822813112,0.0036745198726693,-0.022410234309507,-0.0134529451924155
2767,-0.0115054592262642,-0.00439841286434467,0.0211814365085654,0.0124423831629448,-0.00678959480197879,-0.0168221105142129,-0.0201239699149508,-0.0227353248700964
2768,-0.0135589453844043,0.00769597100196415,0.0291530187849945,0.0149857229893515,0.0181377933604726,0.00859498910333748,-0.0145765643639752,0.00192568501667576
2769,-0.00757497048866534,-0.00233872801441211,0.0147499349127245,0.00856211552468638,-0.0186892329458495,-0.00444867689765752,-0.0152641147260815,-0.0231573074147777
2770,-0.00753344968855679,-0.0188424295401197,0.00826327600837177,-0.0208748325785751,-0.0139314807981823,-0.00162312357664886,-0.00469277324033425,-0.0205738100189302
2771,-0.00629711179778649,-0.0143803307382877,0.0166415653734989,-0.000982948758568012,-0.0192760974079573,-0.000478575033377722,0.0127658247066361,-0.00016823505850633
2772,-0.0143560942660512,-0.0317388898581909,-0.00948645036365184,-0.0441422828226136,0.0057803881896163,-0.0236494376674369,-0.00316218107358141,-0.0110707801199237
2773,-0.00478527119472529,-0.00565017320789305,0.00737314589837541,-0.00954109345662399,-4.28655623906021e-06,-0.00728550752284287,-0.0037719390016171,-0.00985140054175842
2774,-0.0242631610752052,0.0159171049987159,-0.00493622437581223,-0.0125244625102374,-0.0167652020228443,-0.00059713839277558,0.00992737300988445,0.0203860294315151
2775,-0.0129753103170203,0.0108479946653796,0.0180344255841109,-0.0181295140279363,-0.0225790595455804,0.000603172719263301,0.00724738663397074,0.00409734752120099
2776,-0.0283220950562944,0.0220068514556573,-0.0162428841247193,-0.00252642393626587,-0.00621749082881289,0.0208234088532918,-0.0142590367917788,-0.000128647929757597
2777,-0.0153988632904977,-0.0315214309118519,-0.0143406879977708,-0.0133884045939962,0.00913449579705772,-0.01905034947226,-0.0164231580035597,0.0258370178778158
2778,-0.0198813705073909,0.00869414674896404,0.0142523270947374,-0.0206505631363741,0.013361264404161,-0.0260708771165074,0.000276900454297746,0.0437239214265716
2779,-0.0176110448515176,0.0107052842342254,0.0188572780040721,-0.0215773060826884,0.0136826771301603,-0.0200617966674907,-0.00676879536206476,0.0424697658886525
2780,-0.0201121019332021,0.00814980801244915,0.00814698339829281,-0.0288019471621555,0.0126177294100661,-0.0253365108407681,-0.01974791271118,0.0357212574663878
2781,-0.00638926372466258,-0.0154260993875857,0.017104387221541,-0.00926135927855969,-0.0274674408721362,0.0133750083154747,0.0138641118671901,0.00894276127107873
2782,-0.0206925122373717,0.00516923890226036,0.00529382252605874,-0.0349589559838115,0.00310279369913803,-0.0228699915418191,-0.0217205374230571,0.0393254314801981
2783,-0.00496381980712598,-0.0177797747375018,0.0101334413962771,0.0161083051580746,-0.00868002261843948,0.00138816162854692,0.0114507878854254,-0.00294287598917084
2784,-0.0128400329695271,0.0107775595520953,0.0140779119345496,-0.00379168484844831,-0.0323970709237746,0.00961727805747266,0.00133070249401196,-0.0279871448519679
2785,-0.0180011756563278,-0.00304412530695269,0.00095511648471668,0.0266376187939518,0.0301997745597093,-0.000693775806881728,0.0106568192308108,-0.0547710442677813
2786,-0.0308877210135642,0.0144149511702175,-0.0272126038926903,0.0181262508715729,-0.0209931597538684,0.0133564780579746,-0.0124879258775544,-0.00531982784526383
2787,-0.00633549279968751,-0.0185996074761409,0.000805725775033559,0.0143454545806497,0.00370133727127266,-0.00988277566312324,0.00812583625274623,0.0094155191520414
2788,-0.00168012057478178,-0.00523716023170405,0.00184291310469859,-0.00152086608620909,-0.00281619716955473,-0.00224303791934028,-0.00147752323711968,0.00160156150336087
2789,-0.0273989375590221,0.0162492324755822,-0.00696606303231305,-0.0105299234780724,-0.0326041566085988,0.0279515568698478,0.00937101980742524,0.0314326439345776
2790,-0.00195214746966105,-0.00102292772986785,0.00647989444302241,0.00133755902936611,-0.00277641155374463,-0.00129793846640785,-0.000867368184180701,-0.00363655769478604
2791,-0.0119689713167865,-0.0311671850357974,-0.00466924747043511,-0.00533984907974871,-0.0267100861074022,0.0100413553380096,0.000784730617813918,-0.0140557492729179
2792,-0.00262831652452539,-0.00491005259930641,-0.0053845138890636,0.0182259246886428,0.00275301119116839,-0.000841315024877464,0.00564294324273328,-0.00330465504832242
2793,-0.0150981560618666,0.0148047518761449,0.0150452924740225,0.0114458301996947,0.00829258131301243,0.00400130828300588,-0.0331604935931764,-0.0243182980566275
2794,-0.0222079582777875,0.0245962208204362,0.00706773989899221,0.00754207541510003,0.000348826916900475,-0.0144341229543376,-0.0176981715024437,-0.0387153658086693
2795,-0.0308297496784885,0.017490564682875,-0.025169093139494,0.0112003415221066,-0.0071996862812728,-0.00988385191389849,0.0029050793975856,-0.0170438130062182
2796,-0.0257027991628161,0.00209336555182564,-0.0242827901560417,0.0254398114249958,-0.0255360923693026,0.00330328079493627,-0.0177119471773977,-0.0110948629355167
2797,-0.0132899064835812,-0.0287633746870222,0.00349866138504065,0.021794718412096,-0.0310642973445896,0.00256981295346374,-0.0236077301676318,-0.0020381195304456
2798,-0.009903172012231,-0.0356352676082037,0.00176437126336357,0.0149796110669463,-0.0111607288976041,-0.00918394949294314,0.0226240848091942,-0.00219599178120227
2799,-0.0147636518000037,-0.0335609400121989,-0.0246170460336988,-0.0206291416838943,0.0197636584967594,-0.0276712264849712,0.00985209298765761,-0.00195071952992316
2800,-0.00226946692544323,-0.00460829439237787,-0.00775060600002608,-0.00952866154970653,0.00498935884309478,0.00850534573114492,-0.0209525096541206,0.000506073526513123
2801,-0.00988136343615206,-0.0206038645460691,0.0195136074285528,-0.0104654452839452,-0.0385915653012002,0.0140416769008853,0.00729413331226266,0.00944222255787456
2802,-0.0110498752679725,-0.0109527155914712,0.0235233980527531,-0.0122456144497205,0.00130064855217433,-0.00101495341499396,-0.00661355779447422,-0.00302292278585971
2803,-0.0153295039733325,-0.0122283583441971,0.00145473628935891,-0.0223909157843226,-0.00203764438377181,-0.0364763984719093,0.0240557552903743,-0.017556742688352
2804,-0.0192346668623713,0.00948180327956558,0.00332003960596625,0.00234995808511234,-0.0404666084121999,0.000565558953037727,-0.0101678582646846,-0.000417596789327148
2805,-0.00861970555773075,-0.00896108175978972,0.0268655291562347,0.00017499123800729,-0.0352990207411635,0.0154922898719142,0.0104484352708133,0.00584448069439435
2806,-0.0169955523154118,-0.0107166106901467,0.00558640960429303,-0.0110027724969435,-0.0418928736830635,0.00329746262063033,0.00773868015712537,0.0417443908965384
2807,-0.0234635134451336,-0.0090777093704647,-0.0241216034076075,0.0197912230472336,-0.00594371245104704,-0.0168732140895999,-0.0212431870920036,0.00489886519761049
2808,-0.0215961102262655,0.00920284398536936,0.00830239981562736,-0.000494262201110436,-0.00694791985290423,-0.0372635008138624,0.00381971705141361,0.0215452897971212
2809,-0.00706474273568546,-0.0243331027400282,0.0145210604540236,-0.00122002972425099,-0.0314169547246205,0.0216403749998471,0.0123880422943901,0.00123605822520693
2810,-0.0202009726932761,-0.030288673156886,-0.0308565057297207,-0.0241506636983358,0.0108773159089518,0.0263944556623099,-0.0291201103381852,-0.00913338645665247
2811,-0.00965889283397598,-0.00360407986411366,0.0188694454186504,-0.0140256518470948,-0.0360444134110614,0.00327337853973705,0.00413562961124941,0.00887000388031418
2812,-0.00592028158815642,-0.00857184803746832,0.0104180494555949,-0.0259269373835859,0.0105246010399429,-0.0147060025822021,-0.00384216732072948,-0.0227982376901656
2813,-0.00217770172936942,-0.00370808282638018,0.00656442693200167,-0.00305012509252022,-0.0031966389100345,-0.00199548890357973,-0.000154464859347202,-0.00152769919178141
2814,-0.00124838684950106,-0.00174471935183577,0.000907135179652005,-0.00230685449169696,-0.00235808603898486,-0.00145191019359128,0.00131625589984289,-0.00216961422168903
2815,-0.0163121510162368,-0.0182669307800678,0.00584723726386496,-0.0289264495119946,0.030255548298304,0.0354258504037015,0.0100066983645182,-0.00188131189270255
2816,-0.015572974711053,-0.00306803148558715,0.0181865755743198,-0.022616370422877,0.00590553002623617,-0.0417437837982405,-0.00645082440565143,0.0326582862399407
2817,-0.0216523925919276,-0.022595022719978,-0.0312861580691498,-0.0375428042030384,-0.000808770565946537,-0.000817998299116664,-0.0289500984110004,-0.00472674544793525
2818,-0.00687762182141438,-0.00289434118346888,0.0277473462795176,-0.0111380042854319,-0.00143782151854922,0.0188481510622058,-0.0123632865839862,-0.00697555910183633
2819,-0.0151133406314856,-0.0037617639199162,0.0156630126579348,-0.0458040512032858,-0.0337915007216129,-0.0290608279411009,0.00244668497356513,0.0300112026379026
2820,-0.0232154752298837,0.0274413615478282,0.00335093665346447,-0.00256494969750767,-0.0151611543702635,0.0208868657991249,-0.0218607946152224,0.0133583514436403
2821,-0.021764686453446,0.00611925463383044,0.0073618646068801,-0.0181124124248537,0.0164505441105047,0.0362807685454766,-0.0166130326768537,0.0207889148773234
2822,-0.023417490004909,-0.00586887900705731,-0.0244581381193637,-0.0407634848800683,0.00699656526327461,-0.0029860732244741,-0.0120918645865587,-0.015573681868217
2823,-0.0177526564057048,-0.00462780262610654,0.00439312083707721,-0.0182540867675656,-0.0157459287912019,-0.0220837290555712,-0.00825662804892805,0.0393269454059397
2824,-0.0271293137631505,0.0059869448806103,-0.0260680690395669,-0.0176927423086598,0.000568818407171718,-0.00338458591227685,-0.0137406677281425,-0.00585822901883105
2825,-0.0128520826346164,-0.0449657160002906,-0.0164685150514077,-0.0463694305387682,0.00553405899455687,-0.00770859139454838,-0.00901888669395464,-0.0205043781219685
2826,-0.0277412706657308,0.020262162324342,-0.00901620051740814,-0.00179036954660768,0.00699844509608482,-0.00066093268389893,-0.0228470516436535,0.0175035419109945
2827,-0.0196134372282773,0.00726272403137116,0.00608632522861629,-0.0131588540580431,0.000836445246588509,-0.000588405090159711,-0.0434301772133392,0.0154912854476574
2828,-0.00735263728034919,0.00131865887143903,0.0187008202570656,-0.00305597523231928,0.00533601417595465,0.00353454876441976,-0.0165710388454762,0.0051979277347886
2829,-0.00656066623955439,-0.00158208174241765,0.0152068453028059,-0.000961856032751269,-9.86332679354526e-05,-0.00264357458190982,-0.014774332172705,0.00239615202484706
2830,-0.00590637551505238,-0.002411851719757,0.020318067785843,-0.000973351108232396,-0.000477530578315323,0.000825674738904981,-0.015124110170783,-0.00894199014144686
2831,-0.0270504951392887,0.0106947195547829,-0.0119572178084702,0.00973989721542476,0.0181283353375351,-0.0145156935948528,-0.00590133988043516,0.0339881487902172
2832,-0.013508037385273,-0.0183504507746549,0.0126645202564336,0.0136186383685528,0.0134548594356129,0.00703772268919951,0.00208114861830443,0.0165071525256174
2833,-0.0147999570135262,-0.0224879319043358,0.00499325006020741,0.0291178537743194,0.00761246795531455,0.0121140575672679,-0.0150907399835832,0.0300687944882479
2834,-0.00828204284578555,-0.0267858774175394,0.0020719232571481,-0.00993928733893397,-0.0049705637593018,0.00345857184940074,-0.00234097596383002,-0.00150839896363181
2835,-0.00964366839592184,-0.00668950160434851,0.0215246513824516,-0.00915314421661112,0.0110902289143454,0.00495389675056118,-0.0289807488232865,0.012894034694703
2836,-0.0110818550182286,-0.0232303302333925,0.00331152762509919,-0.0259864415388853,0.00661263849052164,0.00583800895271821,-0.0075779913637865,-0.0250298757418525
2837,-0.0077030689612527,-0.00407690347516259,0.0185971776165765,0.0160915437634671,0.000238057027931637,0.000866887664265885,0.00679708697670465,-0.0039233406508081
2838,-0.0180070049360126,-0.00057945492381356,0.000963387574123855,0.0228085810743941,-0.00927869845771461,0.0160871983334354,-0.0145703276689788,-0.0350116884910992
2839,-0.0276211403554058,0.0259416482700275,-0.00619218465293726,0.00532555637700496,-0.0173521022241414,0.0131457960238409,-0.0150851310655462,-0.00805893906152259
2840,-0.0216713372134147,0.0210882434000883,0.00295397647275243,0.00894628300257028,-0.00901977016665593,-0.0129120132201993,-0.0116327028867112,-0.0235943912379774
2841,-0.00919137726557136,0.00513540865049905,0.0197768583449011,-0.00314630976669757,-0.00746241565580373,0.0344493449054912,-0.0135476674702792,0.00485872242199127
2842,-0.0142025381826757,-0.0244744162410278,-0.00696484683308912,0.0231120485082899,-0.0240425116452898,-0.0179230143555563,-0.015265033927218,-0.0122341712922125
2843,-0.00449478506492452,-0.0104084807300646,0.0128325263292058,-0.00356571016220122,-0.000370632180666108,0.001022329864627,-0.000192327454796701,-0.00554062928796391
2844,-0.00194273719661461,-0.00539171305842603,0.00466974922129114,-0.00116276670323364,0.000290216138280087,0.000785977336938873,-0.00352191899618878,-0.00318083740840998
2845,-0.00338690871402915,-0.00964593316478579,0.0079503550783652,-0.0128437957151574,-0.010589692738696,0.0019738547398757,0.00632535983543003,-0.00684258045792249
2846,-0.0272751415273874,0.0108803749528354,-0.0177846482012451,0.0177127450875598,0.0135391300434256,-0.00039878262965254,-0.00977112126053503,0.000788579265314154
2847,-0.0197270570027081,-0.0058847927543125,-0.00825926835216946,-0.0243593325644048,0.0254161109790029,0.0436315747301811,0.00636122939637876,-0.0189303130326307
2848,-0.0206510682394413,-0.00214843533226275,-0.0109294503138103,-0.0501140518299295,0.0031005257795059,-0.0376673076872252,0.00469178257693845,-0.00379234569365856
2849,-0.0125553299139879,0.001379424767753,0.0278230314417813,0.00726578243194128,-0.00754018833895699,-0.0201696629931596,-0.00845347765853444,0.00538400204745826
2850,-0.0102185673548774,-8.91782904403864e-05,0.0237548352240705,-0.00128432916263284,-0.00715511967285251,-0.0173041835230403,-0.00511742218178616,-0.0203227203836104
2851,-0.000910587705520927,-0.0024556348998525,0.000445521923837627,-0.000801136414527105,-0.00127550665175753,0.000452115964393604,-0.000650085944107087,-0.000677124498524666
2852,-0.0169496310836625,-0.0062097321600463,-2.32880117053155e-05,-0.0450146296035065,0.00866074582709115,-0.0444689728319076,-0.000905503837238283,-0.00159540202370957
2853,-0.019365686595354,-0.0241985683202007,-0.0222235106377226,0.0134036683948477,0.0106498598531758,0.011606330496707,-0.0158078382618218,0.037465196213713
2854,-0.0238232232072222,-0.00505056134629404,-0.0225824357363574,-0.0115863423295977,0.00844096157812543,-0.0333267469108493,0.00820290136857773,0.00823422586275405
2855,-0.014194419160715,-0.0326738725158769,-0.00708350968226091,-0.0178755143403336,0.00949635445249269,-1.57777509049521e-05,0.00537846301148005,-0.0116009313143134
2856,-0.0206564893081328,0.00331579649981084,-0.00395978009182264,-0.0195153584045026,-0.0143401925245967,0.0109240921656793,-0.0162065245137934,0.0620896453185742
2857,-0.0239284821746007,0.00267760846910044,-0.00233376923174671,0.0102838328368145,0.0263392788068183,-0.0132613949342111,0.00872234312798528,0.0318296271153481
2858,-0.0291191237079994,0.0151158243427272,-0.02668586333913,0.00707190422979367,0.00842812992886006,0.0112030761546265,0.00939773092721073,0.00337455401973708
2859,-0.0096694849349892,-0.0172005096706434,0.0103145046466613,-0.0250797552638408,0.0173901192319576,-0.00216542628120815,0.0210272388033102,-0.00890309325481102
2860,-0.0189666255210487,-0.00733036414721715,-0.012428040980345,-0.0408906972963693,0.00421945113893484,-0.0330132862760515,-0.00617213408489813,-0.025519179197968
2861,-0.0149363130884358,-0.0341174638626233,-0.00471722023807836,-0.0141892809390286,-0.0119871410076212,-0.00213371099305261,0.00156266392760014,-0.0083994460944467
2862,-0.0145678663155211,-0.0264009665148723,-0.00566931966371254,-0.0374814792958831,0.0273066998817855,0.00341116103848173,-0.0114203403483738,-0.013914666086437
2863,-0.0178596372312793,-0.0375502532520367,-0.0202831621689108,0.0146798547198931,-0.010681302118612,0.00544470745968524,0.0133753291173432,0.0093973521561196
2864,-0.019717264831125,-0.0086163751065923,-0.00592916335124811,0.0416818401190521,-0.00550867024619271,-0.0150676965753751,-0.0016165645098562,-0.029204331431513
2865,-0.0198987336849044,-0.0200466784260943,-0.00776860765680401,0.0356672836506957,0.0207839218805179,-0.00321568181523187,0.0104109842185606,0.00648554483496002
2866,-0.0263519647739541,0.022721796447574,-0.00945162322997193,0.0051913426248936,-0.0217831042509434,0.0158464405362559,0.00321846642837016,-0.0104468225955774
2867,-0.0246799838457773,0.0289308637950458,-0.00360947576433159,-0.0121350501230342,0.000110986446959451,-0.00341121064037461,0.0017656724654785,-0.00329884612252401
2868,-0.0252753784349813,-0.00357446585751063,-0.02613597196656,0.0301592590513701,-0.000422559764695458,0.00120671494246473,-0.0128334671912155,0.00421013261028329
2869,-0.000918298105550654,-0.00371625939635516,-0.0029316645016363,-0.000910021637542455,-0.00342305207262849,0.00416396793761198,0.00411848960693713,-0.00259725391041377
2870,-0.000450251680054835,-0.000756829079886072,0.001411059533134,-0.00237391184288181,-0.00264555124869688,0.00308991189216517,-0.000753999596394463,-0.00158678752895458
2871,-0.0148826102261806,-0.0120080589636622,0.00721897978479602,-0.0376001516226836,0.0150571104517038,0.0193889217031867,-0.0198419930945039,-0.0076064286468458
2872,-0.023153404251339,0.0161248733287979,0.00384500578645072,-0.00330436497574677,0.00740746058616674,0.0125490236843109,-0.0153880804691301,0.0240791022287454
2873,-0.0225898594365224,-0.00773964193050689,-0.0180345439340529,-0.0261675540778608,0.0244390093546297,0.0339605652847583,-0.00109792090197877,-0.00999144377319952
2874,-0.0207195706663249,-0.0303799020880898,-0.0327941243142124,-0.00386124075533447,0.00399016324893063,0.00285724504756757,-0.00304113993069244,-0.0179592476215342
2875,-0.0194349142794633,-0.0305852470056707,-0.0268887840902879,0.000538617297743352,0.00109779106968759,-0.0179855574973558,-0.00790564925642474,-0.00127453992063713
2876,-0.0200419101934637,-0.0274193149513813,-0.0293478170274864,-0.0263645507973775,-0.00236030169637737,-0.0163818415499398,0.017294105525922,0.015538851839176
2877,-0.00898636757129047,-0.0243623782693814,0.0066565278908352,-0.0204092472978993,0.00211514404908934,0.00395340707060342,-0.000108229802212106,-0.00427864042167243
2878,-0.0160838230855116,-0.0314427963146914,-0.0231235119766044,-0.0231994293560287,0.00209189431439595,-0.0169690396743433,-0.0110439946705172,-0.0107141521310035
2879,-0.0143529000080485,-0.0403414826587979,-0.0162087208828956,0.0177987010698391,0.00978730098724882,0.0125934496590547,0.00890005886325465,0.0413564681133727
2880,-0.0260203369087216,-0.0049145256378979,-0.0287499153730218,-0.0124139117400727,0.0133689965866662,-0.00723075635934354,0.00879926866839313,-0.0220592943099852
2881,-0.0156667760292018,-0.0284553924596675,-0.0142173282894916,-0.0413802180816776,0.0145256294350412,0.024713045056994,-0.0316085703151102,-0.015967774955866
2882,-0.0185771674824763,-0.0241692368002868,-0.0227000042653121,-0.0178514998708293,0.0374052426251453,0.0224916373579437,-0.0076107634278745,-0.00936809816465992
2883,-0.0276632702671375,0.0155900156397937,-0.0116398265662648,0.00422399232743758,0.0170130944033244,-0.0108612051594705,0.00985023121295818,0.0133041686926656
2884,-0.0165062172261604,-0.020963459893899,-0.0169008534238773,-0.0147949546089993,0.0188500156401368,-0.00453364417590384,-0.0312230317094724,0.00926737045373776
2885,-0.0257914515253287,0.00955216117279283,-0.0127300488846177,0.0133906675087444,0.0126834065248802,-0.0205448772162113,0.0275104756712968,-0.00258153057554667
2886,-0.0290150407380051,0.0260122933941881,-0.0188481706042129,0.0036307078876016,0.000985987712005018,-0.0170985370078263,0.013525555381499,-0.0173009899677199
2887,-0.020646321273163,-0.000963384465249631,0.00380412173273759,-0.00551926644815275,0.00910271303393287,-0.0603764758528061,-0.0336661231749244,0.0363414238729521
2888,-0.0124677851998418,-0.0217502444785057,0.0137403961630546,0.0154435486248621,0.0224886265287284,-0.0141982968593822,0.0114619301514525,-0.00404043802127533
2889,-0.0279169962077286,0.0143999573679305,-0.0189476489959677,-0.00411017851457103,0.00419480255344685,-0.0130970378766022,-0.0148818290839329,0.0195453020518781
2890,-0.0273706043093898,0.0178650035221233,-0.0108022738751605,0.0135528973988121,0.0189292415785916,0.000831648184947313,0.0258544401262432,-0.00766307376039334
2891,-0.00886992260690246,-0.0268336865915766,0.00587905976240653,-0.00268176899680815,0.00439864371600233,-0.00955326796583124,0.011252680435539,0.00702362703020601
2892,-0.0236975647426356,0.025726493276667,0.0063179130043389,-0.000812274124492616,0.00456611691835171,-0.0100177438135754,0.0232825203722871,-0.00240023836088077
2893,-0.0268315246545863,0.0133440079277589,-0.0149804463440465,0.0140610087734551,-0.00272108191375097,0.0057739950981607,-0.00635025996455478,0.0107611111014096
2894,-0.0133422789877681,-0.0162244458042292,0.0134624019270142,-0.00366054809999053,0.023579050581939,-0.0210499433325718,0.014941200328252,0.00404826138479102
2895,-0.0105548461555873,-0.0290147043199159,0.0103370390337758,-0.0140070578520117,0.00963920475540974,-0.00719455057545261,0.000489872857292877,-0.00844147425863155
2896,-0.018062071601378,-0.022503863851385,-0.00455548374751344,0.00585190023416068,0.040725316083395,-0.021520259429395,0.0186617218699974,0.0212835438923013
2897,-0.0138058276490249,-0.0284498261743888,3.03715866157272e-05,0.00925418044200261,0.0134741223921505,0.000945281381695746,0.0138659014996821,0.0191396667474768
2898,-0.0160585572626887,0.0207806327517993,0.0146004735595543,-0.00513292971786409,-0.0111893626605811,-0.0188696935524061,-0.0140325481151315,-0.0294047659641296
2899,-0.0328290506611167,0.0268097343477184,-0.0221219587865746,0.00135416921648545,-0.000246811347332078,0.0252511166386092,0.00572588493045978,-0.00710235326474532
2900,-0.0155000777749891,-0.013155788928812,0.00445194077312587,0.0271369875516787,-0.0171590782237246,-0.00606936376859216,-0.0341695513674436,-0.0284012759689612
2901,-0.003235098839968,-0.0104006311592036,0.00110688776715237,0.0118087551839454,-0.00215267491223694,-0.00779658366431764,0.00694615664763598,-0.00635515121238246
2902,-0.0149785736417506,-0.0185421161070828,0.00716404162291343,0.0159619049775346,-0.0211166922423794,-0.00593739272195544,-0.0142581319826044,-0.025231083264654
2903,-0.0149483415265896,-0.022097235260986,0.00527061505484814,0.0366196642186957,0.00384214036774147,-0.0128881352049407,0.00124807369134911,-0.0147114296834202
2904,-0.00103749674710673,-0.00377566132700392,0.00157804311371479,0.000397173463972392,-0.0011203307200909,0.00340562724807768,-0.000820369264353127,-0.000847278399235738
2905,-0.0128536245837086,0.00490629395626506,0.0384387139967645,0.00278640261851237,0.0163069223080158,-0.00919581232886704,-0.0208040641029308,-0.0122660832161627
2906,-0.00596188129836944,-0.0139987666440461,-0.00936070153270922,-0.024149650014254,-0.00842410199418948,-0.017828621856855,-0.00186541562057702,-0.0192960903446016
2907,-0.00908101585575027,-0.0136516760494694,0.00947938805473105,-0.0381362516913706,0.00238131635304581,-0.00698414161821766,-0.0144972409340865,-0.0264803579933391
2908,-0.000348045069235107,-0.000780062287036915,0.000165141206320348,0.000485673284339907,-0.000797243508486343,-0.000384709965512727,9.76164289225182e-05,-0.00203564542154105
2909,-0.00938958817400799,-0.0173916257742955,-0.00933627202737077,0.0160510149812141,0.00779980768107205,0.0109347345284963,0.0461884000956544,-0.0262861483654249
2910,-0.0199660070718951,-0.0126847777845487,-0.0138167697205514,0.0326823142789724,-0.00146966606814014,-0.0104174139927956,-0.00856808912709436,-0.0297498321401792
2911,-0.00252165020364106,-0.0076282039004088,-0.000322956956620145,-0.00219218841677585,-0.00312561302046612,0.00566479912518808,0.0031439412359216,-0.00338492762315016
2912,-0.013567571489489,-0.0223671833770857,0.00647056537353422,0.0192348559998036,-0.005719349127124,0.0154804046074634,0.00264965745796468,-0.0116371654032478
2913,-0.0116659565426979,-0.0297661692742348,0.0127694632119759,0.0178130544467054,0.00449090776180795,-0.012165531734345,0.0257050459413143,-0.00665586351729536
2914,-0.0214087990617921,-0.00543885597869549,-0.0101549856993318,0.0356916033335868,-0.0132062040510176,-0.00719964240740707,-0.046559637597335,-0.0188822260752708
2915,-0.0120750143644444,-0.00508337803674195,0.0152094859242076,0.0101473053816973,0.0126680957130744,-0.00729880722225678,-0.0223028290614711,-0.0084850097847475
2916,-0.00112310739599366,-0.00399888128918679,0.00233461316656653,0.00369029202781377,0.00109874773848788,9.54635520266546e-05,0.00543674286569357,0.00106076271256275
2917,-0.0129723621122218,-0.022280055184138,0.00458133578576661,-0.0240111381007366,0.0208962578287103,0.0185828159984937,-0.0181188955683064,-0.0119072040374871
2918,-0.0123428773432454,-0.0248469425559787,-0.008109255036001,-0.0400438377183581,-0.00507756059240993,0.0166900411541838,-0.0252894563091087,-0.0119342027190674
2919,-0.0164957922239422,-0.0407089915818943,-0.0313584894570263,-0.0283664840436732,0.0119809565354047,0.00363233308964743,-0.015257479647203,-0.0130980055532325
2920,-0.0201016652887155,-0.020478660250315,-0.0193433929086242,-0.00993371241539786,0.00935412074330024,-0.0397097035492509,0.0101881097955403,-0.001992346201425
2921,-0.00184763257511028,-0.00269813981211994,0.00494820414245965,5.88888236230022e-05,0.00449107727371785,0.000508322926640101,0.00445155133365783,-0.00127143279418845
2922,-0.00823137679037271,-0.00796926401795762,0.0139312297855952,-0.029827828899885,0.00215178079955228,-0.0269521757373176,0.000921161218180746,-0.0189136516964535
2923,-0.0148577164637443,-0.0101601633181698,0.0152468751821498,0.0212152708562908,0.0230025458326117,-0.00735398433669422,0.0117855832634123,0.00587574478157431
2924,-0.00687853928644648,-0.0125679404870926,0.0121123873440698,-0.0293231657520246,0.00350934930268068,-0.008763608748341,0.00616494498531981,0.00108727396685611
2925,-0.00450985142356654,-0.0113214526625291,-0.000633433597218689,-0.00997611827304432,0.000966121521719819,0.00145791063718059,-0.0133397974716305,-0.00429674904792845
2926,-0.012152007279481,-0.0172756231009368,0.0184144343726958,0.00652433657784397,-0.00265483774261745,-0.0227511956165402,-0.00115936663333924,-0.0193793603112773
2927,-0.0183623770809387,-0.00839275566230166,0.00553157516980747,0.00611361781705021,-0.0100202888150309,-0.00238972483035593,-0.00395089441424602,0.0343121755045311
2928,-0.0111298303296886,-0.0204466808635363,0.00454126502547053,-0.0357050008601017,0.00220118671085688,-0.0234448671080923,-0.00633303223662997,-0.0279580935723862
2929,-0.00980847469384194,-0.0158396149081755,0.0118975355517604,-0.0291478224560604,0.0329249915421234,0.0124567536325318,-0.0174553902716281,-0.0101837672650881
2930,-0.0217000463324212,0.0021036872831499,-0.00684953555350856,0.0207345668067008,-0.00988723791149738,-0.00329279671811949,-0.0256028209576364,-0.0283957964130888
2931,-0.0159498863220533,0.018743737266595,0.0198477593323584,0.0129614864270571,-0.0155263476504139,0.00113810473658308,-0.0305009551555046,-0.0290264457916877
2932,-0.032170878949396,0.03407567860783,-0.0142815797963909,0.00355803353361946,0.00307435451770663,0.000812739539245899,0.0128411726888139,-0.0224247047453953
2933,-0.0301516824244826,0.0230385083788327,-0.0210545982734632,0.0121468991535985,0.00705685086690925,-0.000824263906737731,0.0177308297298934,-0.0199202190269743
2934,-0.00249866440130868,-0.00125282916921586,0.00230773446554935,-4.17809844434611e-05,-0.00618416843604537,-0.00862888690124987,0.00699421437046216,0.000472425251534949
2935,-0.0126521936869945,-0.0303490768778795,0.00409626815159655,0.0220609562464863,-0.0336946031281135,0.00487122488549998,0.0317199247043444,-0.0180465532693605
2936,-0.000675134278805065,-0.00165939563743005,0.00101992711018563,9.1948975353127e-05,-0.000354027084051475,0.000907425942780652,0.000216303681446258,-0.000529448194436695
2937,-0.0194290675416042,-0.0284185823252693,-0.028101850544442,-0.00825904202790294,0.0139832182228613,-0.0260710742691243,0.00301962932349685,-0.00811397030715171
2938,-0.0184286455734682,-0.00311376036167886,0.00277373261203223,-0.0419803934241186,-0.0202193912653097,0.00860493686276811,-0.00130883676532253,0.0457974800158794
2939,-0.00363976926835531,-0.00805068588091816,0.000626704448485699,-0.0208511602594999,0.00179414764615672,-0.00370365800711065,0.0107986239078928,-0.016703638901575
2940,-0.0243772671268414,0.0212300010181303,-0.00530741005437805,0.010253001704323,0.0191610798237178,0.00101522503955735,0.0057784281573562,-0.0322662201078731
2941,-0.0201113812675782,0.0295905644058647,0.00783707914017497,-0.00537619489059461,0.000387916049316499,0.007578616826991,0.0100220549858431,-0.0124796849452748
2942,-0.0224635871668383,0.0183006631833278,-0.00697854464216616,-0.00254457334230877,0.0101940719150908,0.0223844951324362,-0.0118626273697473,-0.0233520874752925
2943,-0.0131270776595293,-0.0286374216220764,0.00666562487712637,0.0203620679276275,-0.00360414768864066,-0.0117161964424725,0.0150020191724093,0.000639693917390224
2944,-0.0272149207229214,0.0210172879414637,-0.0101616204349973,0.00548275894089041,-0.00206007956245506,0.0437834400919601,0.0116338112218199,-0.0160800606374472
2945,-0.028380093384656,0.0120196224798213,-0.0243992417650458,0.0224818584895507,-0.0231116052946632,0.0150000367574424,-0.00323174168586307,-0.0146537200346365
2946,-0.00818659053543973,-0.0189275744967089,0.0162705804016303,0.0179055067070084,0.00386003080627125,0.00209090212699808,-0.00133980430727293,0.00217805815300929
2947,-0.00637843384494886,-0.0100869123621864,0.00894207630130849,0.00966509211204671,-0.00116943494562849,-0.0109931426355162,0.00339480045543857,-0.00967001435347746
2948,-0.021996033279872,-0.0105596568171413,-0.0270164755339521,0.0207006165944975,-0.00468081522589545,0.0181494369951407,-0.0193393389844288,-0.0141568009142239
2949,-0.000265526313999482,0.00058863062579012,0.00304528968824501,0.00090657318219247,0.00606042754314493,0.0115827585869218,-0.00281483523316793,-0.0045415561328412
2950,-0.00930487356593203,-0.00564806007801386,0.0284699482199517,-0.0124481988653024,-0.00969100557221766,-0.0280307955066285,0.00742775856009529,-0.00838796587395079
2951,-0.00120095182568159,-0.00141867328965592,0.00343393993981685,0.000180098991237308,0.000649164552847048,0.00177438161948486,-0.000558855386302299,-0.000683059191793067
2952,-0.0165179244758293,-0.0264678104223136,-0.0209023416764704,-0.0209298036625362,0.00562183966376203,-0.0180511981497168,-0.00347322859975072,-0.0146205352136423
2953,-0.0268127154363154,0.00930630481467103,-0.0255672807235348,-0.00950715030975138,-0.0129391155107847,-0.0133282185500945,-0.00146921691911455,-0.000891859972960206
2954,-0.0211255706687864,-0.00580521664215568,-0.0131415901693638,-0.00168631630280912,0.00155542254265554,-0.0386242049324933,0.00222463431085618,0.0230866412210981
2955,-0.00925628179378002,-0.0342220270118541,-0.00461814680302297,-0.0260207212721138,0.00388967091365239,0.00379008380249482,0.0094686330565632,-0.0174622066409894
2956,-0.000451863388526502,0.0010952869169726,-0.00365866468034382,-0.00308373197753745,0.000451797336584955,0.00241095119634921,0.00702829319431222,-0.00489839788352713
2957,-0.0224839762760637,0.0213862129096661,-0.00141089540274236,0.0048395315450385,-0.0109816380716555,-0.00340475780443057,0.0197201401169201,-0.0273853228466798
2958,-0.0251366742434451,0.0149074537163299,-0.0101169875835834,0.0171188446561434,-0.0109628234426423,0.00774322231203487,-0.0229518643770813,-0.0139994223885304
2959,-0.0294170238959845,0.023780399194801,-0.0190743408107428,-0.00368253151567237,-0.00927227723177437,0.0245455097903982,0.00626271002625059,0.00601038289505997
2960,-0.0260683187644164,0.0104990427882931,-0.0196162857169788,0.0195531188927422,-0.0101040434264232,-0.00646459662798854,-0.000826848178947737,-0.0218213872543167
2961,-0.0135976040786428,0.0136430621174131,0.0155226461059319,0.0129690691133248,-0.0203893235646278,-0.00448832677476169,-0.0215471900491641,-0.0270281787018114
2962,-0.0277152253164562,0.0220789460097544,-0.0060965247032359,0.0126289277750461,0.0144453328701428,-0.015709646632139,0.0081195094092035,-0.0111461019511869
2963,-0.0217217887678401,0.0038092461698141,-0.0122134737208457,0.0332385795832607,0.00365454866150981,-0.00857994968993415,-0.013466276798453,-0.0417000658727351
2964,-0.0104460571563159,0.00601709453286911,0.0212962021845257,0.0109487898181477,0.000136781098855088,-0.0184139073399636,-0.0228523707906206,-0.0230063702441155
2965,-0.0203786412869574,-0.0111641218443194,-0.0017998051990575,0.0185977393548416,-0.0272209727964606,0.00416075730088336,0.0100043707436205,0.0111100859905668
2966,-0.0173434556393133,-0.0247206499829716,-0.0112264266326881,0.0117999499969941,-0.0384834698612834,0.0196366981706579,-0.0147135688570266,-0.00950725494423339
2967,-0.0136705819940553,-0.022154859492271,-0.000372487227619601,0.0281126003155254,-0.0109114323926353,-0.0136760295258876,0.00655027842979429,0.0160173377553287
2968,-0.00239813595687818,-0.00362683936571263,0.0060282786935078,-0.00843639514787185,0.00190793173760059,-0.00214962543921782,0.00479909771573844,-0.00664362947833731
2969,-0.0238664916689572,0.0092439882405614,-0.014666807217245,0.0223408647962438,-0.00385363361008351,-0.0147852803305862,-0.00293532204115774,-0.0332324247451403
2970,-0.0244954658149143,0.0150352673654053,-0.00735250838088714,0.0245035539910479,0.00038575327548333,-0.00385862321177186,-0.00549425583479786,-0.0364363142217594
2971,-0.00236039203787911,-0.00580925457860828,0.00362220025391217,0.00241771375697946,-0.00335384727338817,-0.00193592557251327,-0.000288521402648399,0.00213184306686845
2972,-0.0157812489176823,-0.0240632478181514,-0.0037461018069744,0.00386720295039852,0.0151980965289126,0.0256201636048484,0.0248746948491109,-0.0235850615450419
2973,-0.0246772519259755,0.0126532054527949,-0.00794231297879446,0.0135053876040363,0.017561408081505,0.0140830266306508,-0.0151276605148208,-0.0448734534127852
2974,-0.0103436028990448,0.0050195412206492,0.0165992508148496,-0.0103276333184449,-0.0256018759831317,-0.00142791213858019,0.024182308646247,-0.0228201517316762
2975,-0.00991273390856093,-0.0299997052419138,0.0067114426850853,0.0140279634773559,-0.0269544730605482,0.00626971909917089,0.0117787452635171,-0.00136362266553958
2976,-0.0163530760779001,-0.015643723213213,-0.00819106276833101,-0.0101949412179122,0.0362753088054927,-0.0229688470869898,0.0226249077822422,0.000210786016666587
2977,-0.0233750581848655,-0.00973311010184286,-0.0230400487386159,-0.0331995375706714,0.00690322881924129,-0.0178669770031098,0.00391787796023309,-0.0216758119852601
2978,-0.01602318604715,0.00319069039205839,0.0227249179270752,-0.0235757031546368,0.0170546162932364,-0.0391718282179359,-0.00196824207966991,0.0459931098251105
2979,-0.0234551671367652,-0.00511370033572142,-0.0187710772540068,-0.0153926528149005,0.00486443719321262,-0.0533274545744251,0.0146813632258646,-0.00650581592446856
2980,-0.0113130774493682,-0.0296271384684741,-0.0066529027427748,-0.0248272595166235,0.0302676822178951,0.0225545330826295,0.00388095420675584,-0.0112593113086
2981,-0.0167186419758197,-0.0239154053436453,-0.0172443422992164,-0.0423185971935909,0.00861124790273978,-0.00517855496374336,-0.0214480125474001,-0.0202965657861635
2982,-0.0201636032394462,-0.0232439528389823,-0.0316454158556301,-0.00837382355890759,0.00828607546458557,-0.0135288774194547,-0.0013329703199549,-0.0123145280863821
2983,-0.000218257557095591,0.000193262440280737,0.00107789086249213,-0.000384576860653166,0.000263422754877544,-0.000607729145303771,-0.000903732468364604,-0.000693805031066388
2984,-0.0250479659737288,0.0130657219554504,-0.00657455738158907,0.00676727682936275,-0.0130135777069256,-0.0239728215126705,-0.0381436836903133,-0.0104433650828123
2985,-0.0183723356735078,-0.0148227684757189,-0.0125181005447091,-0.0243039625199425,0.0049601887025178,-0.0394281071785696,-0.00521604917243124,0.00648751291400386
2986,-0.00144588312633882,-0.00459810730499164,0.00212861212741796,-0.00657166440069832,-0.0070095019567869,0.00347577765541903,-0.00192205507958735,-0.00755804125150984
2987,-0.0162442659092085,-0.00177454172628538,0.0139280476205263,-0.00427637020753587,0.0266741527089915,-0.0412665132411623,-0.0213521320355202,0.0152989484791106
2988,-0.00310115749750528,-0.0065140184318476,-0.00541653151939558,-0.00526450788198646,0.00352241701766124,-0.00402029008639946,-0.000550096462713182,-0.0115548990529466
2989,-0.01547882884311,0.0171067334031548,0.0176305732195196,-0.0186579339888305,-0.00976144632909611,0.00883235800171014,-0.0178282976478402,0.00769806771844497
2990,-7.93745349727151e-05,0.000148469452576055,-0.000379981419514076,0.000294814191572471,0.000378539300808469,-1.9228492315541e-05,0.000174947733818534,-0.000695130648994899
2991,-0.0283894094431014,0.0202973668537159,-0.0137348160229914,0.00515954089469704,-0.00812923050237815,-0.00406795254175282,-0.0290845973071731,0.00828238934722265
2992,-0.0127648529336719,-0.0321079571732135,0.00142793589799245,0.00730696572865541,0.0255972974572657,-0.0154563761188022,0.0222278531455803,0.00655291487191702
2993,-0.000859285790834746,-0.0026336600816573,0.00328796953307864,-0.00158015836046093,0.00154364514812216,0.00133871258367761,0.001175699343852,-0.00354753886582476
2994,-0.0209372898558588,0.0075108045045336,0.0146567937777851,-0.00586038618920398,-0.0110248574066067,0.035485111146089,-0.0146432940089978,0.023828931491407
2995,-0.0176990135393514,-0.00345372241405174,0.00609023323667157,-0.00570744069536136,0.0185859965643481,-0.0303455723984388,-0.000546612084891687,0.0164582187752941
2996,-0.00435141096271833,-0.015894389487027,-0.00712529672209563,-0.0143941622595128,-0.0030531680956755,-0.00587564657799907,0.0116629859820033,-0.00954586872703502
2997,-0.00101799569606025,-0.00521931846812315,-0.00146854549916928,-0.00253043068121754,-0.0176914919292928,0.00314577917142758,0.0103244469431578,0.00318051095282601
2998,-0.0140671003112934,-0.0297297906296979,-0.0107718629641321,-0.0181264254488937,0.0188467710784916,0.00467599127697291,0.0228201899112541,-0.0181597305018549
2999,-0.00937681394640539,-0.0204777413726859,0.0149131448824524,0.00509226136332104,-0.0215579542624469,0.00333622149397335,-0.00186130424078038,-0.00433848734411549
3000,-0.0215544586988836,0.0166064906652832,0.00294809291504323,0.0103070038578773,-0.00585339995489737,-0.0220080649692662,-0.0348137151830775,-0.0163299363366005
3001,-0.000141939521874146,-0.000187047867009187,0.00126042141906326,-0.000440266669823803,0.000921724233282399,0.000624479732979822,0.000474096664349805,-0.00187832725412076
3002,-0.00959350049729963,-0.0324634191498077,-0.000519445771785599,0.00208145996264542,-0.00567061020990454,0.010999328279891,0.00130365789967526,0.0156914461326365
3003,-0.0119547513158922,-0.0336385875370653,-0.00192945769281705,-0.020887016659958,0.00503304802758297,-0.0039604241998088,0.0146897767084918,-0.000987874336912077
3004,-0.00824192114776776,-0.0289486520763807,0.00299839063557529,-0.00604064621174597,-0.0205939687181962,0.0118620407635693,0.00890586060829456,0.00555596138846072
3005,-0.0146572979019156,-0.0418163973612828,-0.0248297381152464,-0.0165330444694516,0.00183092786169337,-0.00491054798832112,0.0131832942094504,0.0123325794028036
3006,-0.0137618347843246,0.0119113565804456,0.0172368727711092,0.017832488629255,0.0167696870385138,-0.00143551334512384,-0.00294532502579891,-0.0363362832901486
3007,-0.000294271612460626,-0.00113144179203397,0.000704935816621579,-0.000142474415728311,-0.000394535779323716,0.000860827288656153,0.000243270227630589,-0.000248824417645635
3008,-0.00133061115839122,-0.00471402439013726,0.00297028466660057,-0.00188490125120126,0.000450014070975459,0.000865581112864069,0.00102466027905263,-0.00180154674994417
3009,-0.0136777285677461,-0.025288558296079,-0.00202365132433529,-0.0337731376625238,0.00382638970815181,-0.0352769635510857,-0.00375135010005476,-0.0217773118369642
3010,-0.00222473476283856,-0.00763104094591636,-0.00393759301929209,-0.00777371101923514,-0.00324024165490271,0.014898291667608,-9.39430086574173e-05,-0.0105142661145825
3011,-0.000908224958383493,-0.00119324767051297,-0.00534203378770018,0.00274356229738147,0.00724818046104166,-0.00348962311868595,0.00987127128264274,-0.00743319001628041
3012,-0.0122788828856857,-0.0153663187642396,0.0191123890353377,-0.00173773325308174,-0.0265032758506557,0.0023847700581456,-0.0132710209291423,0.00990644642833193
3013,-0.000938693322458814,0.00147665229866846,0.00311035522423962,-0.00334889469177256,-0.00399822626908627,-0.0105112460531666,0.00297149572274849,-0.00751769597225832
3014,-0.000155708891526735,-0.000538532845942796,0.00033141097101404,-0.000653204229627394,0.00133489875551181,-0.00116516398144351,-0.000853005095902361,3.28944390951811e-05
3015,-0.0126939159200893,0.00322333463104916,0.00687198020836318,0.0166681664947235,-0.0195610743564465,-0.0210668297102168,-0.0187895315474564,-0.0286775229567629
3016,-0.00858918834886947,-0.00950356564069501,0.011008276519924,0.0101364276631209,-0.00818644129581664,0.0107962138215137,-0.0132084886208627,-0.0293062997165338
3017,-0.0107372997965836,-0.0166464461596563,0.0112231451167657,0.0205467354491032,-0.00807722402461981,0.00828835778765996,-0.00652719602901176,-0.0180748443234096
3018,-0.014092026218066,-0.025592300327768,-0.00538745155526175,0.0263463362619569,-0.00758020581173542,0.0155247360385515,0.0278222398278035,-0.00995055351398514
3019,-0.00259799712586511,-0.0059608985380139,0.0046328137482129,0.00253589356993784,-0.00213269108091328,-0.00211719225672425,0.000805314816423318,-0.00498288318360463
3020,-0.0129643195425896,0.00819408049266069,0.0267404901251905,-0.00224952277746174,0.01095430041998,0.00748130618785911,-0.0134005677900219,0.00135230098366576
3021,-0.020227461796742,-0.00919467408649144,-0.0149881322348239,-0.015765828393068,0.040096763156336,-0.00744417291683287,-0.00276241779636272,0.0237228426483095
3022,-0.00436579043683883,-0.0148227030739372,0.0022945930664123,0.00569577068475799,-0.00548837373111272,-0.0027227494423187,-7.53665463341618e-05,0.0094803949042926
3023,-0.0258656415181072,0.00314568224361622,-0.0124812171312716,0.0174161362743551,0.00277831148106115,-0.0138905895770274,0.0298721176257924,-0.0133970219671513
3024,-0.0200765541760767,0.012718542864798,0.00555226847234892,0.00303671794482486,0.0393356193383678,0.0108412390132355,0.0101096355261316,-6.53503603189429e-05
3025,-0.0115921757399853,0.00613900149456483,0.0253595229460782,3.93572385742426e-05,0.0310140136833082,0.0158898903524338,-0.00315136452176408,-0.00860039224355982
3026,-0.0181182366831419,0.0105348694821228,0.0178042618720082,0.00694605152378641,0.0154051033392693,-0.0353446534641252,0.0189100569135738,-0.00469518651553926
3027,-0.024213652481288,0.0164781356981336,-0.00482098220623445,0.00892877921090255,0.00152920932643581,-0.00781130084407541,0.0276623077933635,-0.0242951492663485
3028,-0.0203152129840881,-0.00822350217792931,-0.0112685272779363,0.00274702745435845,0.0234505187275102,-0.0117266512272398,0.012874848422569,0.0297262709800788
3029,-0.0250056721457319,0.0172575033689072,-0.000453483788919256,0.0166525340668376,0.0120310125857727,-0.018749190130181,0.0173789866919557,-0.0190397379988423
3030,-0.0271961483505543,0.0230038739993597,-0.011032286099465,0.00477322163711894,-0.0126758611738892,0.012165347887098,-0.0217170924056064,0.00130824490480251
3031,-0.0174671094669782,0.0107670743959225,0.0121911997815165,0.00827760644643019,0.00113186415016692,0.0103553271550911,-0.0309157429075531,-0.0111450289770604
3032,-0.0272771992582678,0.0212156939355406,-0.0109405011299582,0.00838748655492978,0.0202446936847279,0.00776844652492354,0.00784837093294421,-0.00757803484552629
3033,-0.0262856802210293,0.0240688993213053,-0.003439080764184,-0.00612829586451545,0.00803156458228415,-0.0202361333487489,0.0212717476750152,0.00785487961044772
3034,-0.015984696588183,0.0137909393753117,0.0188447272570093,-0.00315638856160083,0.03050776878321,-0.0250273928316441,0.0290998195317363,0.0107227691497545
3035,-0.0149711822909975,0.00102871987616818,0.0167171055969372,0.00589220045588609,0.0192257099760331,0.00716573809193134,-0.0212866656542309,0.0100217678694613
3036,-0.0188847452466192,0.0119312334196827,0.0161923665086746,0.00317508380834858,0.0337047771306078,-0.0187086215214168,0.03117992549582,0.00284310754052544
3037,-0.0225790316378091,-0.00769998548293541,-0.0220687208372249,0.0199838971160502,0.0166150110422303,-0.00141346139340117,0.0239694857509196,0.00293649680840343
3038,-0.020738127313752,0.00124102297731275,0.00562708225688755,0.0223394710056668,0.0226620084839591,-0.0102492935156153,-0.0283249972869377,0.0136098807325913
3039,-0.0152188213445264,-0.00768058933854769,0.00774728158807602,0.022906113970087,-0.0352466938741859,-0.00485381302707212,-0.00137365963824419,0.0164216441911249
3040,-0.0226110489902383,0.015404116088756,-0.00418946988930255,0.012389547123881,0.00016068736218529,-0.0105895257914377,-0.0188744408082081,-0.0197365311847641
3041,-0.0194256824080012,0.00845708337733265,0.0094350261139298,-0.00404580452457819,-0.0137777073679199,0.0170471264889931,0.00796944617757326,0.0192945739489579
3042,-0.0256046781399964,0.0129289842534951,-0.00381041175294212,-0.0106909813036015,-0.0459425087852852,-0.00796109458538849,-0.0242928885165397,0.0175075692366289
3043,-0.0168181698522278,-0.0159393379717543,-0.0072715887040995,0.0177848917925655,-0.0328357773701512,-0.0210957155330498,-0.0363718196850614,0.0425463786320251
3044,-0.0251275365834932,0.0134339191707,-0.00667096274891721,0.0045061926289455,-0.0203348006798984,-0.0164518808135664,-0.0102506285222018,0.0267270320927192
3045,-0.00727958147957069,0.00969153680003157,0.0262345814605018,-0.0116406509965273,0.0139601698321996,0.00330616935596296,0.00351768480100273,-0.00958458100376214
3046,-0.0191105777920318,0.0151795037301497,0.0145578799294037,-0.00772021833955497,0.0202574149131219,-0.00425894793484177,0.0344756866970035,0.0139828278519111
3047,-0.019020235485973,0.0112119192942199,0.0107781483322982,0.0154506175687313,0.0343664566688377,0.00609156174749522,0.0203536493194303,-0.00513122154801447
3048,-0.0254509192879237,0.00971502354188482,-0.00342881054205209,0.0230305027163295,0.0129791943317192,-0.00425172600920357,0.0197881860598978,-0.0264770322709878
3049,-0.0152891194060489,-0.0128745183771581,0.00823549366758702,0.0180634855627086,-0.0244528701634586,-0.0271540583774974,-0.02000291899623,-0.012991301091529
3050,-0.017296874095333,0.0198643182419826,0.0115937392145866,0.00324356289531684,-0.0159366694664336,0.0155583729253675,0.00335413041640648,-0.0322912262609467
3051,-0.0187010354943741,0.0125738904021436,0.0177971059687771,-0.00314528777794633,0.00200896791453497,-0.0258488747642517,0.0106559072437913,0.0148092818829245
3052,-0.0170544291092722,0.00549629957723495,0.0293365845633135,0.00597806867595767,-0.0233620096263548,-0.0464192104133599,-0.00732729814515296,0.0106968259301531
3053,-0.0116676584750805,0.00405491719596674,0.0109229771621355,0.0110511375214811,-0.00373086113372904,0.00206447710749815,-0.0233574508329195,-0.0226831257815936
3054,-0.00106731278289351,-0.00354199605370942,0.00170966441061754,-0.00145187032638173,-0.00163502439765944,-0.00147432525385357,0.00187115980807572,0.00113266961379265
3055,-0.000662405725418583,-0.00167388220394594,0.00217817330863269,0.00248230907866329,-0.00923797108795571,0.00984385170988258,0.00911725127702591,-0.00284052414720637
3056,-0.0151555770483278,-0.0297363970991303,0.00506374249260922,0.0237584472480566,-0.0166086651788981,0.00433920665479408,0.000395393530164964,-0.0110726939190551
3057,-0.00589292923404557,-0.0179783446419849,7.88756170277636e-05,0.00708946682403322,0.00325003922860808,0.00216290319414975,-0.000356120871506445,0.00787531198696985
3058,-0.00759257849903567,-0.019806582419032,0.00716541150452519,-0.00632476900269376,-0.00950705568700677,-0.00854948687004235,-0.0066616435629859,0.00086334242078675
3059,-0.0116744161862,-0.0329486881985347,-0.00389360470955313,-0.0356965683248246,-0.00352064300248221,0.0100252145099419,-0.0103160364381964,-0.00990328238417626
3060,-0.0179309014731776,0.0153201828203713,0.00895364927305685,0.0147747502850546,-0.015969708844009,-0.0124071509932351,0.00123920320651395,-0.0257704854618096
3061,-0.0127103729170166,0.00790246220749214,0.0156771607289696,0.00193693540266798,0.00669363830352832,0.0146112377430222,0.00869506708789105,-0.0371745609589028
3062,-0.0163496949140655,0.00934469930069049,0.0111451971953253,0.00488668929602558,0.00846066407008852,0.0352121253928485,0.0140997718228638,-0.0274856291175145
3063,-0.00220668429454187,-0.00688685746864898,-0.000239208728648614,0.00240241838599655,0.00171792762594995,-0.00613774792542223,0.00276978128239216,-0.00767781853266558
3064,-0.012448972820905,-0.0326084817767338,-0.0105586884696749,0.0174038801310212,-0.00941578355004102,0.0168991171915497,0.0460781049489044,-0.010665413551188
3065,-0.000267041827877284,0.000296202887552782,-0.00165094798120694,-0.00246965513709768,3.62535256962286e-05,0.00222119677161969,0.00480615600941005,0.002866257823394
3066,-0.000746875065187814,-0.0022033196805587,0.00155175240872354,-0.000619691062202221,-0.00076784789509193,-0.000124446593669554,-0.00114799774205355,0.000465703402946383
3067,-0.00478389002152634,-0.0144540257534098,0.0102801717041091,-0.00125299671039825,-9.87910108104215e-05,-0.000851316928054929,0.000439857414580007,-0.00387746441279228
3068,-0.00380120190796709,-0.0116277500707045,0.00715177292254185,-0.00148939454384725,-0.00222564848519451,0.00369496107877675,0.00203245471159006,-0.00392989711362757
3069,-0.000279456565413282,5.37805246255465e-05,-0.00200195461068131,-0.00389751734008341,-0.00100619817620437,0.00169138124469975,0.00459478959676062,-0.0113553826239868
3070,-0.00121379552901941,-0.00556506822836751,0.00019333762585582,0.00154577354603183,-0.00222240709005521,0.000547538489185006,9.05876373948593e-05,0.00375319823163588
3071,-0.0191193159676796,-0.0162714260546921,-0.014821461680493,-0.0237992724856251,0.0288873113912892,-0.0121538290390698,0.0266170415367664,-0.00609450966276289
3072,-3.93084030627856e-05,0.000129319420229011,-0.000610785148469703,-0.0013286326277114,-0.00263283623953079,0.000494473522233571,0.00251241259538866,0.000962102314574383
3073,-0.0251711375437065,0.0180394363427085,-0.00720607473908364,0.00946780226040491,-0.0151510185273559,-0.00698382251193149,-0.00393279055014304,-0.0279418843895436
3074,-0.0118137952673803,0.00288208383440641,0.0159587967749262,0.018771405249146,0.0193076555880461,0.00484179847858961,-0.000830957706727275,-0.0322222583748226
3075,-0.0218026150038148,0.0218051031557317,0.00368840631500141,-0.00189586334619657,-0.0305390782103285,-0.00320187643406696,0.0157122762470347,-0.00562813855477314
3076,-0.0245851767050461,0.026927375980895,-0.000446809995810039,0.00338133991509116,-0.00174598192080552,0.00717901669735751,0.00105452068009302,-0.0251395607564022
3077,-0.0139534870200306,-0.0222798427428143,-0.00217062545077568,0.0214546024489172,-0.00761280855366157,0.00157230923189748,-0.0188665887539496,-0.0369171940092005
3078,-0.00296589008096289,-0.00443122120087563,-0.00114810454327296,0.00666732540037432,-0.00903859133608237,0.00459633489935376,0.00953785153730737,0.00376798245031931
3079,-0.0130475682170592,-0.0284553572354753,0.00131355093334363,-0.0215006477757851,-0.00978940744840705,-0.0126491052148045,-0.0139517138024113,-0.0208444243040456
3080,-0.000383633175980822,-0.00140587938057564,-0.00242901620635095,-0.00275424824295542,-0.00187160614324085,-0.00486914127695571,-0.00133411996047529,-0.00728016279194593
3081,-0.0101452438469961,-0.0244195469948999,0.00748624093055165,-0.0272505228488015,-0.00421650716775338,0.0190101063546051,-0.0257508341623675,-0.00917303108942434
3082,-0.0222871585168311,-0.0198093481798275,-0.0298093332014638,-0.0215242964776802,0.0153302409328535,0.0105506791321673,-0.0272724305206986,-0.020973428243197
3083,-0.0187092794770297,-0.00538255312466269,-0.00229528760959764,-0.000553191546865804,0.0293104271058864,-0.0165064042029984,-0.0300958355640526,0.0337105664960292
3084,-0.010532423617841,-0.0188308883396637,-0.00110499395274002,-0.0154168587319643,0.000800223253844644,-0.000689722697869998,-0.009139558833558,-0.000173378937234434
3085,-0.0164783828794428,-0.0222177746202651,0.000973162599814886,-0.0285475385832244,0.00182192532266507,0.0086616152844821,-0.00376786842206135,0.00245213606582613
3086,-0.00933485127902529,-0.0205867021950015,0.00774454034002411,-0.0446167957345758,0.0109393661708033,-0.00787809910064062,-0.00912815131858397,-0.0418557095139948
3087,-7.09697609370731e-05,-9.35239335045935e-05,0.000630210709531631,-0.000220133334911902,0.000460862116641199,0.000312239866489911,0.000237048332174902,-0.000939163627060382
3088,-0.00671000739791897,-0.0118196807769418,0.0153716032004861,-0.00351503009922472,0.00172384987981007,0.00294335332302693,-0.00818635604044841,-0.00813033401145296
3089,-0.00198439969454257,-0.00390321013867611,0.00414297927612982,-0.00945023298634007,-0.00217621019089463,-0.00467140359071711,0.00561795612351488,0.000476208850389093
3090,-0.000533869301487506,-0.00139134443953967,0.000711827516508716,-0.00123405716987116,0.000724183328307776,0.000686517551619521,0.00090263979228396,-0.00195475842731057
3091,-0.0161677256040643,0.0204042039193189,0.0146440915819474,0.00156904462946107,-0.00553310156331224,-0.0197357572076606,-0.000132268786556213,-0.0503202366692147
3092,-0.0263303580815826,0.00389821662109967,-0.018257441071001,0.0315064814378124,-0.00939012422623665,-0.0066842939924761,-0.00506353157182204,-0.0278929421368405
3093,-0.0139623167103879,-0.0183717916360804,0.0163510042261572,0.0124917094361296,-0.0095908418489964,-0.0121579606095038,0.0154355515186043,-0.0259443321443354
3094,-0.00831103219400183,-0.0213050187476295,-7.87506567262351e-05,0.0147388686093177,-0.0124096453852726,0.0121233706665418,0.0142896939827483,-0.021423445571509
3095,-0.0118616590795537,-0.0291923312755394,-0.00361835237688268,0.0240805255137738,-0.0173059137554069,-0.0147325699761157,0.0117854928950419,0.0149950328895514
3096,-0.000141939521874146,-0.000187047867009187,0.00126042141906326,-0.000440266669823803,0.000921724233282399,0.000624479732979822,0.000474096664349805,-0.00187832725412076
3097,-0.000240065790750419,0.00273792329610166,0.00138950854391697,0.00227226793154161,-0.00488065402144177,0.00524302442716699,0.0119720027780207,-0.0169430145531085
3098,-0.000279926158677996,-0.000253995806683917,-0.000191710843607438,0.000966423207047054,-0.000232183817559137,0.00132409586202864,0.00152290279459116,-0.00330452929475755
3099,-0.0168742505939389,0.0122180937920784,0.0130084775582695,0.00986279676674975,-0.00924625958711917,0.00360682380736984,-0.0103937704130454,-0.0349638161195986
3100,-0.0128381260318919,0.00642967856153079,0.0192203723749037,0.023159731451417,0.0124174491795593,0.0163550444111578,0.00220105374775134,-0.0281366929152806
3101,-0.0183338713321615,0.0184002856582796,0.00827018474976724,0.0146030827781787,-0.013511611180995,0.00897271634174728,-0.0225517299054186,-0.0343326499160316
3102,-0.018571599283373,0.000808252168841244,0.0260994820613813,0.0148991833777059,-0.0291233311129046,0.0180486224782871,0.000556108962527669,-0.0271533653986444
3103,-0.0240796547934135,0.00219603880322332,-0.0144561283583741,0.0190629049193179,-0.0375605629112609,-0.00213743973646143,-0.0089547720211587,-0.00815257245565103
3104,-0.0106027509049625,-0.033457154155425,0.00411093658614471,-0.000611286707175038,-0.00487801041583869,0.00160848976208131,-0.0098153516764214,0.00821756155329343
3105,-0.0148307692191583,-0.034614305692688,-0.0078951609077141,-0.0186787231037964,0.0217869391107911,-0.0192803601163048,0.0134262089798011,-0.000492714563151229
3106,-0.00805088423866218,-0.00919316557455811,0.0202316626729698,-0.0029243121161431,0.00470276628638986,-0.0120548198762903,-0.00941723081580898,0.00958408161456369
3107,-0.00737088564803224,-0.0260410168752965,0.00377740497157917,-0.00827129519767883,0.00351542572757219,-0.00370966181461852,0.014617509017179,-0.0083603991261537
3108,-0.0226133096641487,-0.0112657649924185,-0.0247591451681634,-0.0308192129199764,0.00477618276854175,-0.0185408513677336,-0.0118612661211706,-0.0125848357632999
3109,-0.00380919170815078,-0.00413888429621152,-0.00176091300167137,-0.00660884378242827,-0.0103406488077326,0.000238564761495486,0.0077407349789385,-0.0157734894688965
3110,-0.00138441948266563,-0.00491041247556369,0.00462791758420772,3.25185048965053e-05,-0.00243510778959712,-0.00211937022323499,0.00107020435455029,8.6192432464011e-05
3111,-0.00143426002188462,-0.00342266282795587,0.00239072616545243,-0.0075256812067314,-0.0028589182721457,-0.000434502829429094,0.00203551551647464,-0.00390997071516362
3112,-0.0132773436539576,-0.0304301179857377,0.00437219835697479,-0.016161924642934,-0.000423242177052691,0.00141491174885452,-0.0151091746936946,-0.0176725890593374
3113,-0.0127454101877296,-0.01597096459082,0.00371448538943122,-0.0428440959110079,-0.00159465937550607,-0.0330500703423271,-0.00507688620834931,-0.00698418977481595
3114,-0.00939125105300239,-0.0222848726333277,-0.000847052882068282,-0.0316607473523699,-0.0279493219775427,0.00436122980064124,-0.00505473331323664,-0.00544074218776266
3115,-0.0170031022638125,-0.0292367433234157,-0.020136573078237,-0.0353735004948999,0.0255815772595029,0.0100570698193554,-0.0291123374215857,-0.018067415052883
3116,-0.0222870019773309,-0.0131686821652406,-0.0199763277770364,0.0046752094517036,0.000386255774856185,-0.0305555008776994,0.00770083187008646,0.02887943955572
3117,-0.00855054196341825,-0.0148303839077401,0.0117180831218389,-0.00039577521266206,0.00427081503085433,-0.00224669757546702,0.000360306702695778,-0.00663286233482263
3118,-0.00659312854301623,-0.0142271536219909,0.00629806763249798,-0.00765521030176192,-0.0282028321655928,0.00101130017166663,0.00634731777279941,0.000254451472914774
3119,-0.00800922627206947,-0.00747618450696286,0.0184593408354344,-0.0249132239036902,0.00745367343969154,1.97376874147154e-05,0.00819155055260702,0.00116293035710854
3120,-0.00248802651896641,-0.00929376058630544,0.00252629063316067,-0.00358904869718019,-0.0106986427151016,0.00219399037799077,-0.00128629839891996,0.00166874270882924
3121,-0.023159913532806,-0.0118602976654802,-0.011801853436934,0.00252652361928221,0.0196291516595297,-0.0102246787236622,0.0132191299911882,0.0404147877227469
3122,-0.00896232045828564,-0.0242790953309198,0.00549183611905868,-0.0249415481229738,0.00272345567190519,0.0296534496220234,-0.007843833572129,-0.00517154150917531
3123,-0.0177306442827821,-0.0291610873523133,-0.0183490256263005,-0.0229806367066424,0.0195363074557101,-0.0108612655473773,0.0297254067607163,-0.0106741026713973
3124,-0.00534016101274072,-0.0170907706071686,0.00680112211411125,-0.00354613580869057,-0.035513092382214,0.00741185478287837,0.0191841873371901,0.0022223601080191
3125,-0.00148605408993031,-0.00467608097761184,0.00180469588154989,0.00396974164597878,-0.00104483951275445,-0.00103626790006677,0.00485581755464954,-0.00442019609663923
3126,-0.00134570783908912,-0.00420877052718805,-0.000409426299865764,0.00261041014605574,0.00341315800070104,0.00269856632511777,0.00119067898668231,0.00451585243037606
3127,-0.0178342958226471,0.0206510699544129,0.00460062199840306,-0.0120651299033122,-0.0155766287932279,-0.00437257495256236,0.0171184597580841,-0.0293136092031
3128,-0.0183132907054,0.00961141491162649,0.00269706658280779,0.0112549976971135,-0.0305735718974908,-0.0128576989952065,0.00496717352170379,-0.027715118224913
3129,-0.0163449303485108,-0.028192048085555,-0.0169302496755347,0.0378923983673646,0.00504494436675152,-0.000669521190086548,0.0222933209727098,-0.00219164751325837
3130,-0.0232187033824561,0.00426599591523751,-0.00109244865099997,0.0154332461615115,0.0126283366246588,0.00569282097277698,-0.0434047345903604,0.0189761814061414
3131,-0.0266085612287911,-0.00261785587484712,-0.0306757824675679,-0.00756250073697715,0.0115858348746603,-0.0113875971238372,0.000770850347545886,0.0107635709355204
3132,-0.0287756925153105,0.018243960002863,-0.0148450200446313,0.000978381288436935,0.0161603123772652,-0.0179705832974617,0.0121173715530497,0.00535794610610673
3133,-0.0292375047923682,0.0188664720665525,-0.022352849033908,0.00291766299901259,0.00929098096244219,-0.000621452114222086,-0.00219203143917081,0.00450072090801637
3134,-0.0288098271823871,0.0112076013729461,-0.0283938159993407,0.00168214356899075,-0.00693877233935426,-0.0082369487094728,-0.0100545909990832,-0.013214966731939
3135,-0.0302009753302257,0.0177128052096002,-0.0262093872485158,-0.00735055944798585,0.00377060507140611,0.00174979658132821,0.000566251850828113,-0.00782600899097497
3136,-0.0163210470905133,-0.0287388122824519,-0.017634529913246,-0.0383385394727969,-0.00488366600070903,-0.00978384774983926,-0.0201056340111777,-0.0275967252184892
3137,-0.0192572232657204,-0.0179340747555028,-0.0207234370436812,-0.0481109451833874,0.00484448941988478,-0.0229298222315411,-0.0083730217717481,-0.0335093076369294
3138,-0.0168101234982631,-0.00587426367182351,0.000595097797207613,-0.0538225822986772,0.000774530574678094,-0.0406632264109563,-0.0182321288394161,0.0105054089723311
3139,-0.0106566046070034,-0.00734025153623127,0.010508481915252,-0.0435489839338669,-0.000613915483630441,-0.0230340492656143,0.00504986707322376,-0.0382903287937917
3140,-0.0139722373104478,-0.0190883146153834,0.00257176931453518,-0.0369295232833606,0.0131120136858871,-0.0208653659933395,0.0157695512205124,-0.0385343359436178
3141,-0.0149483246837727,-0.0187238375496625,0.00951365783999889,-0.00708215892761384,0.0127582627313238,-0.0448778199774451,0.00507949148143142,0.0125765630156937
3142,-0.0132040137029007,-0.032571246730138,-0.0100701685385391,-0.0236405106126611,0.00935846244144428,-0.0103066564563851,-0.00838366701303119,-0.0125993582883869
3143,-0.0103600241059168,-0.0111459243559782,0.00599114033551217,-0.0485350203625173,0.00374934500166322,-0.0447531390206449,-0.00229414919797728,-0.0272431155863418
3144,-0.00139884841525115,-0.00153743214136836,0.00298291253749069,-0.0050973747073415,0.00122901359046611,-0.00412850113050863,-0.00223970574559323,-0.00830921234981069
3145,-0.00509567648473769,-0.0161725150736579,0.00403288741323964,0.000768365452422437,0.00724411371263188,-0.00798997831910282,-0.00887168575742431,-0.00441674303914756
3146,-0.011488060695843,-0.0184881257756102,0.00940477340216168,-0.0474962536512834,-0.0183616756270915,-0.00571416957631896,0.00162140976704451,-0.00410674914352269
3147,-0.000218257557095591,0.000193262440280737,0.00107789086249213,-0.000384576860653166,0.000263422754877544,-0.000607729145303771,-0.000903732468364604,-0.000693805031066388
3148,-0.00171052523329551,-0.00712041439922323,0.00328356893362631,-0.00187724807951641,-0.0013661816152002,0.00199494596980578,0.000149148602577572,-0.00190839077701587
3149,-0.00275691774486864,-0.0073358442627599,0.00416265728029709,0.00208383414745184,-0.000724688333356307,0.000138871683612256,0.00336600253514044,-0.00388329984763754
3150,-0.0156495074092337,-0.0282772274575672,-0.0150209013673836,-0.0371050094730005,-0.00236346167654173,-0.0180944708552197,0.00876829863327758,-0.0214251087047024
3151,-0.0018262223043995,-0.00787758948288276,0.00342669308111801,-0.000763946374223707,0.00228381954736144,0.0030966263271944,0.00199040018469876,-0.00272411497301098
3152,-0.000750248950654551,0.00063973343308828,0.000388145812904095,0.00201056922986539,-0.00306352743332187,0.0014295273670093,-0.00341247836654876,-0.00400462708489458
3153,-0.000466543597796662,-0.000423326344473194,-0.000319518072679062,0.00161070534507842,-0.000386973029265227,0.0022068264367144,0.0025381713243186,-0.00550754882459591
3154,-0.021328754057883,-0.00205794844377544,-0.0117785115348374,-0.0286347779253397,-0.0240199765293788,-0.031065683460622,-0.0450851793386748,-0.0135142065861595
3155,-0.01165252048987,-0.000812829240780939,0.0230471151033135,-0.00445174646200725,0.0116284476650315,0.00290235476868344,-0.0319643333991432,0.00731472303483212
3156,-0.0281387337094756,0.0190146406014934,-0.0115650845951595,0.00796243105471829,-0.00140899314957329,-0.00663501674070518,0.0109003638193359,-0.0102101917569536
3157,-0.0136863313030405,0.00600030109423189,0.0241455724974953,0.00296246240505894,0.00808981423568274,0.00412281887026169,-0.0404613597655962,0.00922278225715072
3158,-0.014415669932761,0.00707035866127228,0.0196915684644963,-0.00232428217823577,0.0219574947010142,0.0297181461449539,-0.0105757351105052,0.00298415574638175
3159,-0.00917383223982495,-0.0055555863781648,0.0190538437850342,-0.0241680498057529,-0.0019109420763197,-0.0115250785084645,-0.00662203988528336,-0.00821615636699359
3160,-0.0054903164415408,-0.00283502203801709,0.0148401519233374,-0.00426671546722589,-0.00357723759169655,0.00408391754341333,0.00153788332008583,0.00471170850922749
3161,-0.00942018592349879,-0.00430883586456938,0.0240782486834618,0.0157838514119684,0.00921149686069611,0.0138746082397312,-0.00829004769451465,0.0195064989038608
3162,-0.00888217840323306,-0.00286168026314587,0.0195876613198526,0.00241629950835694,0.0116868005173985,0.0175936697347715,-0.00864916467383687,0.00920498315072328
3163,-0.00729536238308574,-0.00386148760165329,0.0237228815357976,0.000354002194503491,0.0214279777713415,0.0202737990648201,-0.0099300958321634,0.0167153607219416
3164,-0.0137121878720647,0.00261689237693087,0.0232809857344308,0.000819388228403291,0.0133304488477468,-0.011929349741508,-0.034420929909583,0.0195919287096012
3165,-0.0109305930082766,-0.0134933152273006,0.0216859722301708,-0.00699673310903072,0.000861678734983044,0.00323607356650097,-0.00398434171607506,0.00635011003221737
3166,-0.0258986488200756,0.0080434746291617,-0.0103694060246788,-0.00469295768334516,0.0108659730992154,0.0367057055397327,-0.0128866259158248,0.0342880324921758
3167,-0.0213733496915025,0.00398083914169236,0.0066108204689917,-0.00160965839305931,0.0177370362797755,0.0441181272953359,-0.0214363509006046,0.0256873969267182
3168,-0.019945237972173,0.00388646170129619,0.0101670377083182,0.00247314797460247,0.0226277398456555,0.0451333228814859,-0.011794776154614,0.0221890999669383
3169,-0.0122476096602738,-0.00287070565530806,0.0298527754731953,-0.00344429408894929,0.0176118458783988,0.0529022167599316,-0.019983886974783,-0.00219809935577449
3170,-0.00821101611468735,-0.0044547553821762,0.0218247221700115,-0.0128981359745657,0.00675964131847334,0.0205896507028795,-0.00321350454072131,-0.0252655972736447
3171,-0.00917764351029941,0.000181013179126955,0.0256947919999616,-0.0199151311733482,0.000633483354040655,0.0161978755030528,0.0166483746467509,0.0161797340697017
3172,-0.00906963633316404,-0.0264029272061673,0.00102005769968444,0.00194379094404166,0.00347005923163007,-0.000421611479633934,0.000613539638913621,0.0103083316859753
3173,-0.00890045955004107,-0.00833596316382793,0.0234952088285965,-0.0119874943863846,0.00353931433535887,-0.0015884521066632,0.0109540312905108,0.00287499986677519
3174,-0.0231796988549729,0.0121893379935885,0.00161841266367475,-0.0126200869506323,0.0171393527088723,-0.00997778044342566,0.0487668593060541,-0.000629685550890443
3175,-0.018224468931861,-0.0149009058279269,-0.0106149734829464,-0.0490648549493127,0.0257197563938576,-0.0145014233070323,0.00557142983526184,0.00140082107466028
3176,-0.0154165784760126,-0.0114815650310579,-0.00907556138741662,-0.0546480044019647,0.0108951265410831,-0.0294798028034324,0.00306045985790907,-0.0150307160132682
3177,-0.000322050025851349,-0.00051094239790636,0.00125165269109366,-0.000813278507634715,0.000353864903882588,0.00059483517419724,-0.000359204546101226,-0.00296007726246947
3178,-0.0302062229679847,0.0266510502248988,-0.0179139921755127,0.00831695747270678,0.00691344276375258,0.00926828935524751,0.0114579261021726,-0.0266322892886073
3179,-0.0199724582798628,0.0193247820531736,0.0145892472607138,0.00740725284694016,-0.0218156331940994,0.00460269700472352,0.0108971639740668,-0.044267460960977
3180,-0.00499232053994498,-0.0181918624301168,-0.00291278056754441,0.0152919689503399,-0.0111486096503099,-0.0010322522047869,-0.00971486020377282,-0.0034372282609959
3181,-0.0187769640761336,-0.0053386982540602,0.00955120428008722,-0.00553425874632313,0.019438311802171,-0.0169775938687071,0.000218916239109978,0.0370601003722974
3182,-0.00186941553711274,-0.00571042433808695,0.00343595408149199,-0.00188647655504245,0.00229938674756237,0.00159726892123133,0.00276388639628713,-0.00288469783164625
3183,-0.0114878837884514,-0.0210054180849245,-0.0038212824850615,-0.0184287020396861,0.0347177298009804,-0.00284078550278882,0.00432942456756487,-0.0193958459533276
3184,-0.00797500636765153,-0.0257605196469802,-0.0170725009167407,-0.012371438419009,-0.0147655757805334,-0.00780129706834519,0.00294840706156128,0.00762448948412706
3185,-0.0144642039413443,-0.0376696521028495,-0.00685597867846298,-0.00805829056348898,-0.00862652237207663,0.00571647420308851,-0.00969949475667271,-0.0085543164720128
3186,-0.0122931798313735,-0.0239946512760554,0.00380658227393249,-0.053532426515139,-0.00698536711075403,-0.0101954199864664,0.00515493637143044,-0.0080087206872703
3187,-0.0284549829646956,0.015554692480966,-0.0205382251476802,0.00737518162643612,0.00279728918770056,-0.000961923429040341,0.0283067375907283,0.00248912424633493
3188,-0.00650640645725961,-0.0201871756800898,0.00912047245242948,-0.00440627039479893,-0.00494652158266973,0.00452073782920296,-0.000307440912314789,-0.00493866855527674
3189,-0.0199495229683047,-0.00290556821511914,-0.0110007421693083,-0.0210680268690865,-0.000407033105383282,-0.046501121436377,-0.0131463419860993,-0.0351072301039723
3190,-0.031784301689813,0.0288512152434005,-0.0225635347198703,-0.00371329452570529,-0.0143480546762309,-0.00690374437980656,-0.0177161514520249,-0.0065158934231261
3191,-0.0172209913824776,-0.0193437839633908,-0.0100326678470056,0.0209563060968455,-0.0020005507347816,-0.00243307262194756,-0.0284529542896791,0.0300815593374061
3192,-0.0105580478110974,-0.0273992289250092,0.0128790478517763,0.00477928356935989,-0.0019148546593452,0.00271006518223832,0.00947274752550367,0.00744539630084975
3193,-0.0276581897657314,0.00569777171360133,-0.0255679669599806,0.0190689548525989,-0.00547401183983816,0.00698553604696871,-0.00853433045982429,0.000273389318099735
3194,-0.0137352413121421,-0.0254650291279187,0.0114766143153503,0.0253090742873942,0.00881810194872868,-0.0106265117442646,0.0197720371430116,0.00694846796428462
3195,-0.0160539193874846,-0.0155684669647685,0.00783473673395723,0.0198953497211163,0.0239257265843319,-0.0265288422792704,0.0057052631838012,0.0352819719790264
3196,-0.0125001462357074,-0.0143229555576076,0.0173205499663765,-0.0280069560938718,-0.00166567417015797,-0.0297693381430297,-0.00948476681813543,-0.0138302183926445
3197,-0.0127185345085545,-0.00974423679034691,0.00700254115434924,-0.00122127824086863,0.0207015733637833,-0.023115547844491,-0.00841307144440892,-0.0214913837683609
3198,-0.0241648883601898,-0.00964828908705475,-0.0170220241451781,0.0115592792894876,-0.00903954791386971,0.0476478512942879,-0.0204411904669963,0.0489958955780391
3199,-0.0154272453648923,0.000698622454413408,0.0123675680516304,-0.0408876189241861,0.00470916965727478,-0.0393285225268733,0.00149581600403884,-0.000588452106457764
3200,-0.00923783259713565,-0.000677344524375716,0.0317094372819102,-0.0267767284539668,-0.00240130815750222,-0.0286568413145532,-0.000397376686572736,-0.00611064595211709
3201,-0.00801814343408528,-0.000175352888806891,0.023721208737075,-0.0278675736677226,0.000817702338486657,-0.0141111135012592,0.00376324637810881,-0.0100193245504719
3202,-0.00722111534457607,-0.00276365871448817,0.0229155014480848,-0.0239932256981059,-8.88682665402885e-05,-0.0084123228148152,0.00659394422561608,-0.0168187664067811
3203,-0.00690546813717458,0.00119115790840684,0.0247129911291655,-0.0265422607277541,0.00415829248637558,-0.0120856415501396,0.00372375953291803,-0.00667477487697227
3204,-0.0262252361136171,-0.00652504730288442,-0.0297090722577583,-0.0235068993657371,-0.00363022433458075,-0.00406350722667807,-0.0227713621942746,-0.0139874265231101
3205,-0.0116409146665395,0.00226860462811776,0.0259678754556713,0.0181917289818277,0.0416757037263907,-0.0167956098600577,0.00280054505263084,-0.00387436310528164
3206,-0.00313663152637587,0.000653904554856709,0.0125786238253034,0.00684430060368971,-0.00372764315781713,0.0110007807288801,-0.00783677368915429,-0.00130976728210103
3207,-0.0152942200392491,0.0129201333841786,0.0198355559934577,-0.0123132481427851,-0.0067638879245123,0.0237172198215559,0.00544700196434286,0.0266077411853661
3208,-0.00906098402697716,0.0127265780762811,0.0305535268102208,-0.010679450351808,-0.00208502153996209,0.0243479884759575,0.00695421802237046,0.00845850515457794
3209,-0.00821482868038915,0.00894839176810006,0.0267410689401753,-0.0201044896248012,-0.000876796663933174,0.013976333437304,0.00291175390292012,0.00452727339521313
3210,-0.0192997571174356,0.0179610261772475,0.0218519652497309,-0.0130613906797299,-0.000526954537512214,-0.025844673062451,0.0151803345552936,0.0288753886733123
3211,-0.00786988829759428,-0.00945624941726169,0.0205761035131323,-0.00440902621044815,-0.00875681579485743,-0.0103690866144808,-0.0146066107701158,0.0163091865459424
3212,-0.0028372647429279,0.000260699920663802,0.0100988840080228,-0.0123357601093991,-0.00209019913339264,-0.0169140601438833,-0.00160811708242143,-0.000628392220551456
3213,-0.0151141781048108,0.0146499909366364,0.0371223218053968,-0.0172446537331346,-0.00276348824160473,-0.0199770454205703,-0.0116536277737964,0.0344165401898119
3214,-0.0146913626005041,-0.0126691443066761,0.00287779623965784,-0.0266840852623627,0.00463418593994905,-0.0423451869908585,-0.0204640736442675,0.000715640665116903
3215,-0.0111979410749486,-0.0298303314985814,0.00537903033643431,0.00384149406643233,-0.00732795678061997,0.0168761004346593,-0.0196574576767305,0.00404368966430254
3216,-0.0140888892172593,-0.0312711822354608,-0.011005251556993,-0.0370007539166595,0.012477955494191,-0.00870721710193568,0.0237709544784652,-0.00921915139396733
3217,-0.0287963478148265,0.0254937398021406,-0.0120872131632174,0.00523371968236023,0.00971892955468458,-0.000729886469152266,0.011456606169818,0.00520691831491095
3218,-0.00979350106438992,-0.0232409284512402,0.00927044067468761,-0.00100223941968205,0.00280854403776292,-0.00896102633175563,0.0168581565613831,0.0101162447891821
3219,-0.0250876747145478,0.0236929306352246,-0.00255330927343189,0.00202424942212923,0.00981114067294318,0.0151396698753949,0.00214730518297606,-0.0179148265763745
3220,-0.0222233479601354,-0.00793981545471257,-0.0174982018486021,-0.0212546240831986,0.0300567879210961,-0.000181154324657916,0.00160233505555885,-0.0062199209687789
3221,-0.0214005969019316,0.0256124244935393,0.0043145150716143,0.00148330877800766,-0.0137662141907961,-0.00172070343748639,0.0147879155879561,-0.0140240444814291
3222,-0.0111717889244439,0.00545910775345538,0.016684124014597,0.0267725367851255,0.00671165250709482,0.0104970185513245,-0.00050137742896117,-0.034171420839493
3223,-0.00983303473563171,0.00487858796938878,0.0214490413999793,0.0185271759478076,0.00895824737567272,0.00939481518588611,-0.00397266594582026,-0.0289492498885593
3224,-0.0148279146892515,-0.0341778815752972,-0.0118867443332921,0.0087328674508083,-0.00668911964212016,0.0163710798466788,0.043299518531988,-0.0137755242005723
3225,-0.0169968090259136,-0.00771907523458803,0.000439567806450551,0.0196819886095542,-0.023501700079818,0.000474371098430064,0.0228439617466283,-0.0322572604638611
3226,-0.000284351381438951,0.000746805446498838,0.00235264794626164,0.00165423419602745,0.00121234453883092,-0.000153878590000108,0.00109206260727865,-0.00151324685972442
3227,-0.0091764169919424,-0.0235145105937364,0.00837482621993805,-0.00475470254272876,-0.0266556626725736,-0.00740899849360994,0.00457952920679079,0.00697077172439153
3228,-0.000231390187678147,-0.000795261856188235,0.000582090984063877,-0.000444451109707042,-0.000555037580985137,0.00037673844395578,-0.000121932210034564,-0.000544293151622246
3229,-0.0269921681123882,0.0128476374499911,-0.0176764122615754,-0.00184357491571915,-0.00820541916934269,-0.0118893052659596,0.0264657754113628,0.00787839436140914
3230,-0.0216602404106591,-0.0221186536332506,-0.0304236590305006,-0.0157868047039424,0.0174683297669945,0.0121239522948901,-0.0306511301398742,-0.010786161283168
3231,-0.002590285383511,0.000443547640478057,0.0115029522018144,-0.000707464631426497,0.00198413238205688,-1.86953953647788e-05,-0.00626883124122953,-0.00435185064522815
3232,-0.00478880171985979,0.00158855076441554,0.0158252012258571,-0.0164265241190551,-0.0147869519236885,0.00888066798589724,0.0100460570100222,0.00304879117274524
3233,-0.00709187545088585,-0.0204584031932302,0.0060721701365387,-0.00142543082385635,0.00938431126909599,-0.00780897750194029,-0.000640304368222508,0.00114088322483176
3234,-0.0201532411350767,0.0105713272337544,0.0179545772829947,0.00770231028131962,0.0256614509742384,0.0264781804180095,-0.00502036430292522,0.010616437535883
3235,-0.0187171956925861,-0.0214716693266249,-0.0270051124454453,-0.0379884532426014,0.00287039945129207,-0.0318933483474587,-0.00188615681645609,-0.027019157562539
3236,-0.0253693852856515,-0.00568137807546264,-0.0278271684322094,-0.0225945488734862,-6.68835178248352e-05,-0.0211178803077008,0.000478881444907329,-0.0161735778357375
3237,-0.0237724996352311,-0.0120239960350597,-0.0283609750746596,-0.023860962873329,0.0222359753534262,-0.00541986196856419,0.0113672621637605,-0.01684927436657
3238,-0.0169849637081687,-0.0363585257397628,-0.0331155872145445,-0.0146685337187261,-0.0049020892259122,-0.0249875335216854,-0.0207943884851414,0.0180463507755723
3239,-0.0306245026062761,0.020109716229666,-0.0201938391838821,-0.00622367850064081,-0.00861952938094085,0.00178269956445589,0.0243606799799916,0.00367806881999189
3240,-0.00140587351569059,-0.00293428705455027,0.00424238494244858,-0.00174590187811847,0.000602667688854868,-0.00126858565857405,-0.00162067826357328,-0.00312269823283887
3241,-0.00691437282225804,-0.0283355638929732,-0.0208496549204279,-0.00898542612003175,-0.00659590220861544,0.00677541909944468,0.0109844224301377,-0.000428515720071189
3242,-0.00595982636987543,-0.00617343221270839,0.0113822092834083,-0.0118124254911475,-0.022449230642734,-0.00574329501255177,0.0035110165607051,0.00563138591632741
3243,-0.0157044940047152,-0.0383038038998494,-0.0196106789843301,-0.0138935400428453,0.0238022106873016,-0.00109626020196312,0.0129324957486634,-0.0143869086486601
3244,-0.0253371013811376,0.0117381407302036,-0.0127478820655108,0.0124803303665726,-0.0256629895317217,-0.00933158423012226,0.00759734758993028,0.00750648003156482
3245,-0.0189077957243352,0.0150328479639326,0.0130579033974532,0.0188214269976638,0.02081831173956,0.00208396473451088,-0.0249919290031804,-0.00273844116324132
3246,-0.0198755680197384,0.000624021284689396,0.00380802482839718,0.00430814026584013,0.0278606648721798,-0.0220683273376428,-0.000141494494496026,0.0145480076819291
3247,-0.0230779468113958,0.0124301958453404,0.00456782246726085,-0.0150051240502607,0.00799986107134018,0.00851070772405099,0.00850584179982421,0.0557255226206081
3248,-0.0192922009380159,-0.00597957181307277,0.0116411931298682,0.0219627917511899,0.0204376275372467,-0.00722255087676591,-0.00141677257304291,0.0365042365155693
3249,-0.0302381390210233,0.0184841655234181,-0.024748044306992,0.0132162988654294,-0.0161120291236173,0.00840654358591474,-0.000973234019188149,-0.00725223008585921
3250,-0.00170497453908752,-0.00257022801483764,0.00461182480997756,0.000810997903368633,-0.000990300232606675,-0.00326154461849621,-0.00109666729250483,-0.00377429978512847
3251,-0.0188437637715519,0.0085886378931493,0.0123055144530235,-0.00232233293601257,0.0088334138835242,0.0179479927369402,0.0144809747008757,-0.0296268079911534
3252,-0.015963492842235,0.024841763697832,0.0181292291182533,0.00755816205497845,-0.000573800401658576,0.00550545849687949,0.0237110300683806,-0.0324570113625655
3253,-0.000397368449111041,0.000113725111289922,-0.000718984287319516,-2.01626923737925e-05,0.00262455492861409,-0.00459190532633484,0.000614702730320077,-0.000611841564580062
3254,-0.00367713450584374,-0.0110028670006498,0.00195977864458897,-0.0163261007131254,-0.0175763528252088,0.00710057592743162,0.00476064860950608,-0.00876361897715195
3255,-0.0115201484404131,-0.0126183156562828,0.00938187820098666,-0.0483938664104617,0.00155494071505664,-0.0324393226903724,-0.0168607870018464,-0.037390842283051
3256,-0.0037340862862497,-0.0126789075547133,0.00410693272804444,-0.0158012482075144,-0.019779477710609,0.0110010524377156,0.00536395440078209,-0.00141002649333775
3257,-0.0202680342058795,0.0232434671979771,0.00603189164019667,-0.00914144543221932,0.0141138149603802,0.020650881303569,0.0104368894285404,0.011054579188963
3258,-0.00718486802088514,-0.0169395488796681,0.00906868007060608,-0.00845706045277303,-0.0129042847708832,0.00474467172727824,0.00111744993273155,-0.0073112857579244
3259,-0.0122883490519736,-0.00977748843339393,0.0197949622138055,-0.0175485939665382,0.00113222219146331,0.014301278110956,-0.0331772724597805,0.0243044496802182
3260,-0.00792605242337011,-0.019438287788193,0.00592121640927179,-0.0180448353837579,0.00299652355644733,0.00251368399050949,0.00518267859771146,-0.00877766862822933
3261,-0.000216592342605065,-0.000499560910351332,0.000623738923003563,-0.00046297481205323,0.000724668687843505,0.00269773411549387,-0.00038949226793671,-0.000593829081647208
3262,-0.0203738279842929,0.000576316274015675,-0.00906105528632447,-0.0392915531952119,0.00749102172258571,-0.0244109809775543,-0.00719569565218938,-0.00360766303214396
3263,-0.00770067938868699,-0.0145141028614197,0.017632203328588,0.00288149256106586,-0.00610725698955278,0.0104942717102634,-0.0155793843284527,0.00112088915382598
3264,-0.0125247571490906,-0.0268581650462005,0.00217540294657548,-0.00117517431368222,0.0168992993676258,-0.0143368142308502,0.0203915984816074,0.000757888952513906
3265,-0.0130359330863237,-0.0109167186593571,0.0214352904070207,-0.00239849508209464,0.023228436397119,-0.000261159619433845,-0.00617095578594631,0.0149244161112619
3266,-0.024146871002001,-0.00599437882237959,-0.0211289006988727,-0.00922176825025139,0.00186147517885704,-0.0418793526926696,0.00880837036669412,-0.000103165891779791
3267,-0.0292181024050004,0.0219468643802033,-0.0165391512125949,0.00675637093445589,-0.0144228970591483,0.001836571419912,0.0332403347282149,-0.00987207316718068
3268,-0.014297718896911,-0.00444190453479072,0.010091050673933,0.0108095230383784,0.0208808090737088,-0.00590146772977416,-0.0173405892697289,-0.0108384431264305
3269,-0.0207265445483845,0.00158637263486522,0.000838441308703921,-0.00522043234206598,0.0401947142456483,-0.00496608057188352,-0.0249627911125831,0.0268032310374389
3270,-0.014475952724176,-0.00641152861196529,0.0351507362871052,0.0262787275121236,0.0193577995545189,-0.0149067592558303,0.00414268134987739,0.00976821995288913
3271,-0.0142067192573414,-0.0234711812295863,-0.00702820042979189,-0.0159337408828388,-0.0364931552534431,0.00242414021747271,0.0015827352874153,0.0354062914047004
3272,-0.026517267566046,-0.00183028520210449,-0.0295014304733359,-0.00307073491645095,-0.00174806828367929,-0.00332138132762344,-0.00660005654748334,-0.00656472556880588
3273,-0.0240454138008645,0.00519013837808175,-0.001709731490635,-0.00430194918999601,0.0170319405898549,-0.0426467955064585,-0.00671243694792787,0.033953002385555
3274,-0.0165379820535734,-0.0109009333375249,0.000904027371578067,-0.0219676913871152,0.00900695446265651,-0.0302018698332094,-0.0175728405885074,-0.00886795433053408
3275,-0.0239743031919393,-0.00215569904619677,-0.0195970032761083,-0.0218485824814454,0.0174976048700507,0.0190891754082063,-0.023724453424802,-0.0170525754257451
3276,-0.0247981074067066,0.00984712107643628,-0.00701642721864507,-0.0299693893138896,-0.0122464351960656,-0.0285026898939485,-0.0199110037796898,0.000341051302602918
3277,-0.012387620070512,-0.0108261723138136,-0.00103208528342173,0.0298247825407971,-0.0306912280025097,0.000675140191740762,0.0124909298591299,-0.0281965656136017
3278,-0.0288471422411677,0.0295621935714127,-0.0100814479536579,-0.000899587727899334,0.000764314297338207,-6.48929141231586e-07,0.0155600119027497,-0.0298624307990705
3279,-0.00961494827641409,0.0120855469301966,0.0279126202111241,0.011969026832023,-0.0193009487438307,0.013920240647417,0.00614351514473293,-0.0304743767386367
3280,-0.0272686300817555,0.0229909271091025,-0.00965482185844266,0.00694534658601842,0.0140348540691161,0.0105725892299819,0.0165199575259884,-0.0319943031517956
3281,-0.022997538613148,0.0235328213903636,-0.00345184188886375,0.00307032170323005,-0.0012529675450351,-0.0195775870393263,0.0229432978586805,-0.0405664453674566
3282,-0.0110975553904313,-0.0270161891144898,0.00121941071967243,0.0292616267626985,-0.0186813876957491,0.00206395323299479,0.0251177234941355,-0.0108259381258047
3283,-0.0201420080519554,0.00600436924452656,0.00523677656708579,0.0352443110308081,-0.0184856180752208,0.00062997717697562,0.0193091902318485,-0.0206963164673955
3284,-0.0201167054797429,-0.00893708006477406,-0.0140250075716576,-0.0204091317743973,0.00355074342358901,0.00491671050112409,-0.053427562434406,-0.0223804487849642
3285,-0.00222498263066101,-0.00817254281054445,0.00431556424067746,-0.00291604559340424,0.000922361038900921,0.00113647965116804,0.000614047228506293,-0.0017938434128679
3286,-0.010419364405662,-0.0175018832419833,0.0156733605137352,0.010172045501463,-0.0134066895682424,-0.022710606185771,-0.0105455107548417,-0.000719077976363329
3287,-0.0136110395142519,-0.0068069398680532,0.0113020046844271,-0.0476826082004447,-0.00321974377773979,-0.046345343881937,-0.00342912222544278,0.0305619225749184
3288,-0.00747584224871816,-0.0136363743029759,0.0170744697716683,-0.0242998158937868,0.00385358512796287,0.00813546602914795,-0.0099753198169014,-0.0268330974908496
3289,-0.0180343852730043,-0.0238497682919088,-0.0138647140213966,0.00612453260351477,-0.0128361655723178,0.0107833317193893,-0.0304168303888597,0.0304878936646145
3290,-0.00232568691115672,-0.00634139857908758,0.000369788388638511,-0.00838770673411303,0.00324313153998475,-0.00302518523247667,-0.00048830819654621,-0.00446842016967802
3291,-0.00303615088834833,-0.00511100507180594,0.00979530742571813,-0.00245061818707765,-0.0098439116755299,-0.0139468275261115,-0.0076325436899755,0.0103277923272927
3292,-0.0222558293766993,0.00718539124727868,-0.00445190520639607,-0.00811384740115452,0.0179489906068993,-0.011672683459328,-0.0288274529606171,0.0289070683609545
3293,-0.019484868334594,0.015619721946519,0.0107031530545188,-0.00320477673305171,0.00642729532223225,-0.0122437927957403,-0.0422576769685296,0.0146185711401703
3294,-0.0275490014253151,0.0159279621746249,-0.0139407863782349,0.00744287364824931,0.017550054299708,-0.00313603505893161,-0.00793286867693191,0.0177965021297772
3295,-0.0248058664505391,0.0222643732821577,0.000524827462544437,-0.0132256856933876,-0.0197101391533593,-0.0112687691530024,0.0117686338370773,0.0220741804367757
3296,-0.0163996865017976,-0.00524798246134951,0.00685796769544177,0.0147217862557677,0.044805340285527,-0.0173099406758667,0.0171973693790039,0.0104361380781319
3297,-0.0173225532099832,-0.0112326289157875,0.00339436400187862,-0.00736881018014736,0.0100221504423146,-0.0374891899145715,-0.0269795917463427,0.00762993796584008
3298,-0.000315237915045393,-0.000429587235019142,-0.0029271332316523,-0.00122898393939971,0.00403646847945702,-0.00171145107481792,-0.000326906452400539,0.00504393491839694
3299,-0.00860846990631056,-0.0234975208478121,-0.0133246990616047,0.00508912517872983,0.00210156616506841,-0.00299991153334036,0.000300266004905293,-0.00806088131569017
3300,-0.00800271610404269,-0.0307507275426802,-0.00739543594231855,-0.0216918068903632,0.00149271402116858,0.00891534567785412,-0.00968953696050761,-0.0187686909531756
3301,-0.00383012231639729,-0.0122603045160853,3.4681735230412e-05,-0.00183101045126613,-0.00388154548387723,-0.00522588275950626,0.00420400437662805,-0.00395464075497631
3302,-0.0229766143104731,0.0213329485296556,-0.00834516832591951,0.010197463617541,0.00627382687240613,0.00680781373800945,0.00574771803474594,-0.0233162869552247
3303,-0.0231794308346904,0.0130188581291485,-0.015146589331211,0.0131242354823802,-0.0348569836970866,0.00422025702552338,-0.0153291066757084,-0.00793923799341975
3304,-0.0275160651325599,0.0229149739440177,-0.00942781432511342,0.0146028012859264,0.0100923899461457,0.000144948011749979,-0.000174223708288241,-0.0238206717428832
3305,-0.0112702356558825,-0.0131999855137764,0.00987438343867588,0.0242896567918083,0.00682140296576665,-0.0133478359740932,0.00127146356364854,-0.0060489291079547
3306,-0.0197867039576939,-0.0108327366754921,-0.0167745182734183,0.0362427085650923,-0.00802929424667559,0.024528527179653,0.00925055074706289,-0.00531943724326398
3307,-0.0121266186101947,-0.0298924115502448,0.00167768528870671,0.00440482775593421,-0.0244130505874398,0.000300986031417882,-0.0125977853825066,-0.0177513349470797
3308,-0.00804924500828441,-0.0133052108861348,0.0100994553346327,0.0183541601474867,-0.000146666830595621,0.00435734604220423,0.0120996169255641,-0.0101452004007952
3309,-0.000816450062013662,-0.00348409740842522,0.000876014194453727,5.19415699204523e-05,-0.00155956054744795,0.00194195829070217,-0.00128039379236292,-0.0015077437971369
3310,-0.0284949004268611,0.0118209243444415,-0.0280083779558044,0.00955941288745068,0.000303640408007433,-0.00708946295111052,-0.0180528127228937,-0.00605251881792501
3311,-0.0122058383483525,-0.0114216804475866,0.0169117353350655,-0.00238561319771995,-0.0213735913115204,0.00501720041286646,-0.046972217076245,0.0209646617139261
3312,-0.0227928490449331,-0.0135262999674168,-0.0274251477875355,-0.00652056267029372,0.0125660514060508,0.0203849174489447,0.0106320914234663,-0.00639497858453038
3313,-0.0195559302287644,-0.0179839205183012,-0.014810085941915,-0.00922917821090529,0.00277499031202436,-0.00636469841891995,0.0370809459581764,-0.0136792923041384
3314,-0.0132795607744924,-0.038201964530545,-0.0118088960306,-0.00052079294772609,-0.00454226105004489,-0.00273159840972254,0.00335606909481465,0.0112632912171389
3315,-0.0204134054740581,-0.0137559828768217,-0.0184029701727904,-0.00683689409084932,0.03233657548805,0.0379445568503383,0.00966849848594208,0.00264625737779926
3316,-0.0169629795598078,-0.0211872256447234,-0.00982513431469578,-0.0150197322122787,0.0415218570182228,0.0466464440564381,-0.0131612075272219,-0.00363618119312843
3317,-0.0145865143558926,-0.0261458500617588,-0.00498076207634025,0.00648988689405464,-0.0314670074326823,-0.00531863895995367,-0.00142605300071193,0.0265473815360386
3318,-0.024411545063104,-0.00180272243043154,-0.0211869544144508,-0.0179011095278467,-0.00448561593162379,-0.0299650128330512,0.00536473030432193,0.0059694995737167
3319,-0.0285016706607738,0.0284734707876576,-0.00951777597731764,-0.00897173873790603,-0.0111961489150785,-0.00937657517732485,-0.0336615788898078,0.00713559178064074
3320,-0.0119344030632574,-0.00260915647432339,0.0229024852356713,0.0364304373433403,-0.0144936425608313,0.00894640039866372,-0.00282831037286949,-0.0332178544012163
3321,-0.0195814416127581,-0.00502664703615571,-0.00111877671933054,0.0321859019268207,0.0133318884163841,-0.0162007796967433,0.0214312474907601,-0.0298737047785016
3322,-0.0266935745196442,0.0306142375574535,-0.00976550839650215,-0.00374440567477441,-0.00266311337789348,-0.00739543976255942,0.0178072329240723,-0.0225537890736583
3323,-0.0224079451924393,-0.00154319005963824,-0.0146803999205525,0.0331625273896173,-0.0132011416666278,0.0169930614979438,-0.0268207177188148,-0.0270269424636053
3324,-0.0117894620965458,-0.0107615761525795,0.0274973345134607,0.0130235825402374,-0.00574803088833292,-0.0364946292559187,-0.0128253036001167,0.00954461871823834
3325,-0.0105455365107315,-0.0325846866709922,-0.00444636786711661,-0.0220648922020274,-0.00130048352728311,0.00862127009600099,-0.0100743613291562,-0.0228435120024293
3326,-0.00682279447727123,-0.010661082472802,0.0150294395599235,0.0176784174673135,-0.0138399892107393,0.00965152291193401,0.0340028348739762,-0.0194079341783512
3327,-0.00394948532846086,-0.00519479076076241,0.0102450814243871,0.00154468412706201,-0.00747814194488813,-0.00290788663116556,-0.00192906990730354,-0.00607930436026812
3328,-0.0101751253002137,0.0111025115950071,0.0136517416863682,-0.00306368160776511,-0.00316755519723516,0.0138184677073846,-0.00509954485605899,-0.0383015314000757
3329,-0.0202573356728853,0.0158806820385248,0.00400024627195125,0.0160455492186219,0.0159958424295595,0.00915289501181021,0.0119037238926691,-0.0499767482035073
3330,-0.0236412433001504,0.0037848899582572,-0.0131458518465131,0.0215523187696958,-0.00943591499407836,0.00822901935811621,0.00753073477365409,-0.0170166924187872
3331,-0.0111701990494616,-0.0246439344142996,-0.00596492516682387,0.0201255144209003,0.000763275479524801,0.000938888586203386,0.00896988442058216,-0.00142820338391422
3332,-0.00969262360926376,-0.0205712909646704,0.00131119747191093,0.0164524382223226,-0.00926115371145405,2.80514541414638e-06,0.0226079434902648,0.00552514058312809
3333,-0.00929522277811794,-0.0256886628029997,-0.00588719587075913,0.0196482870495321,-0.0327739823806379,0.0166871479708045,-0.000441858771099137,-0.0213579794441545
3334,-0.00625136733942831,-0.0154453590915173,0.00383358018455008,0.00810048785022338,-0.004927539444834,0.00200120298551692,0.00608061533376668,-0.0175276354199748
3335,-0.0165558853161909,-0.0147407947301952,-0.00327819669225034,0.0306828484270402,-0.0335529265228223,0.0190446584002365,0.00539582284560779,-0.00972117403764713
3336,-0.00647103425953508,-0.00356884562048532,0.0165535274029712,-0.0117961395966847,-0.0248048468098336,0.00267575781308177,0.013158709439502,-0.00241704671060272
3337,-0.00444049723010159,-0.00968317869538383,0.0102220092936981,-0.00387979056914822,-0.0134867131098652,0.00630933448186151,0.00507748508566166,0.00183435306910003
3338,-0.00244289938914691,-0.00485204941959299,0.00457174144143551,-0.00211926403009764,-0.00591473883142099,0.00248714944457467,0.00455695969221157,-0.00378272637759637
3339,-0.00208781280371129,-0.00647293044908031,0.00643419639220777,-0.00287591971487107,0.000112949114588966,-0.00010066988243964,0.00321119619722372,-0.000945776908403051
3340,-0.0178056951609255,-0.00815621834190312,0.00921622206014976,-0.0210377394581093,-0.0424356816317497,-0.0165689477467046,0.00217929200912239,0.0452806019532884
3341,-0.0107992612708251,-0.0115830973745703,0.0152428807454051,0.0101195718553096,0.0126422566968291,-0.0239809881019282,-0.000196649234806887,0.0107643111325961
3342,-0.0323268301870017,0.0357455367921108,-0.0159406051109928,0.00113543209539238,-0.0077964757969727,-0.000413294571989737,0.0165788483942262,-0.0155608027968694
3343,-0.0107479620816286,0.003860515491636,0.00304026744343141,0.0192221900294095,0.00182542172208613,-0.0109622363430404,0.0314433172999112,-0.0371463849099541
3344,-0.00908613104374531,-0.0224107780858874,-0.00797426925847984,0.00512879099138856,0.00402637364160114,-0.000901389946626023,0.0281805413437516,-0.0103038623939586
3345,-0.00569205067284172,-0.0111592033139458,0.00788443185845311,0.0070659549306833,-0.0113460292544587,0.000556676616562383,-0.00922738880843344,0.00217522698638458
3346,-0.0132093497221087,-0.00649063655504665,0.0105507156062221,-0.00620794426208621,0.0123423749027706,-0.0333584047664346,-0.0378964452459156,0.0232518924541996
3347,-0.00818635006793459,-0.00893452644761411,0.0124880460081731,-0.0381231562301155,0.0124251666530391,-0.0185334613701662,-0.00829083565813015,-0.0328004170139493
3348,-0.010943812739375,-0.0243380183469536,0.00507799662157901,-0.000281737491765017,0.00736650281517639,-0.0115081534326288,0.00774625318425214,0.00927805196372902
3349,-0.00903209321544733,-0.0124292809392176,0.0197246736166288,-0.0146586075269969,-0.018259774735733,0.00119411365328381,0.0140443132966437,0.00563568312344052
3350,-0.0106127799455589,-0.0294471305202083,0.000854002877035097,-0.0194809439241656,-0.0021227508967225,-0.0229540883267156,-0.0195383713636836,-0.013918902300177
3351,-0.0124179215383932,-0.0104007443957049,0.011202002124389,-0.0191550666149686,-0.000193674577714506,-0.00298381840542889,-0.0242456202230496,-0.00308821055261637
3352,-0.0224698414134902,0.0153339160516947,0.00445970132874466,-0.00110649871662351,0.0246271846997033,-0.00773177197360759,-0.0188633779497084,0.0226931730870744
3353,-0.00314537616334384,-0.00563498968649086,0.00269161643110383,-0.00953634907126544,-0.00949620519456644,-0.00209598024119849,-0.00192837836924356,-0.00180237363077122
3354,-0.0102059985232746,0.0157414009199371,0.00963736199072858,-0.00903159788078715,-0.0136471366048535,-0.00173913263517166,0.00119145817390642,-0.0206492154922805
3355,-0.0180737341198256,0.00510779957706828,0.00969342621613366,0.0252207162474572,0.0153049105705794,0.0171715081486436,0.0364234788602277,-0.0396547851251434
3356,-0.0015412157327424,0.0010105362815047,-0.00381257957760338,0.000939364244765317,0.00477360786521836,-0.00381268263832046,0.00908366741880881,-0.00976843624835062
3357,-0.0103770504745163,0.00482159966877476,0.0206407850685504,0.0119189873130431,-0.0161107062842176,0.029528577755046,-0.0210188421970644,-0.0267526012697023
3358,-0.00933578078080974,-0.00221929674831287,0.0122711551456624,0.0298099407767444,0.00853763190682824,-0.00687822486014423,-0.00542728226913634,-0.00377095689000484
3359,-0.0210052767324802,-0.00665288193300131,-0.0201746416971657,0.0144234173412644,-0.0153382672611916,0.0098351213211698,0.0239117840883197,-0.0124864017592066
3360,-0.0139926324964867,-0.0184650966469296,0.00509542253335791,-0.0312597743830768,0.0322185552662071,0.032531633834698,-0.00164831755816336,-0.0291600293170251
3361,-0.0118591662576891,-0.00861258149593244,0.00647641725682911,-0.0295508355031728,0.0192667853658678,0.0304047397358769,0.0012976951401844,-0.0186752497387747
3362,-0.0016862535792028,0.00107620890641906,0.00741526922794689,-0.00356775502597203,0.00221163257775239,0.00137829361174073,-0.00106053985814921,-0.000655594236542075
3363,-0.00980466688853136,-0.0146779559021108,0.00830318002756097,-0.0361139347449992,0.0224332416844341,0.0021666750946138,0.00372784007912807,-0.00978755267248352
3364,-0.00121763212520542,-0.000214524425451456,-0.00114452844181212,-0.00621086451943861,-0.000696046042447047,0.00300460571476692,0.00691442321301317,-0.0074125781475289
3365,-0.0156152236593983,-0.0182172273561839,-0.00589686826968072,-0.0244496924393322,0.0383656800906881,0.0411866712312413,0.0074452220011637,-0.00588393625429554
3366,-0.0108373767648058,-0.0195394034933764,0.00782142653780446,-0.0288041427520372,0.0186029210676985,0.00863995237382159,0.00100205389507655,-0.0154734076864992
3367,-0.0165592188418053,-0.0204172118864997,-0.0172578753287255,-0.0299415642981649,0.0111195603880446,0.0546889268294138,-0.0433101605750375,-0.0244092509050299
3368,-0.00042743617903203,0.00124502350487227,0.00229478210847983,-0.00549570216046366,0.00254984289675719,0.00657392378835518,0.00935341968905295,-0.00176935012801426
3369,-0.0239032561935667,0.00694458098340656,-0.0122681000778977,0.00435475844123198,-0.0244362933020207,0.0289623425930877,-0.0338689329218732,0.00385754826362071
3370,-0.0023857028373342,-0.00522803828026848,-0.00612141609814668,-0.00226779674180391,0.00139751049633872,-0.00160491040091358,0.00140501068018095,-0.00242554079687871
3371,-0.00758419653564133,-0.0119660651052871,0.0133231502183509,-0.0229994026979116,0.0200783462163261,0.00807901224433907,-0.00168342023352624,-0.0161262704355455
3372,-0.00537621222502937,-0.00540829845792607,0.014881280801715,-0.0196279866155583,0.00295108200835125,0.0301228146916787,-0.00597607035272431,-0.00612858830558884
3373,-0.0104495996218847,-0.0199176711031684,0.0114690814957745,-0.0161891271204585,0.0298850993914952,0.0270021120179591,0.00237263229696958,0.0170342456226785
3374,-0.015487494814896,-0.0278953140795351,-0.00485124087224458,-0.00457509872057743,-0.0029913014384719,-0.00478542084960605,-0.0546640274226141,0.037447774443684
3375,-0.0210349384352532,0.0105787058852319,0.00382225908659664,-0.00102122738674005,0.0164363002367765,-0.0154345704351992,-0.0295939867135324,0.0117224046886475
3376,-0.0229958803306998,0.024244995015226,-0.000447782350174231,-0.00139392423813234,-0.00529524695452713,0.0197256013451339,0.00196677939787534,-0.0245040099202077
3377,-0.0134263295711352,0.00429726342059652,0.0165379197437253,0.0254777961914704,0.00325721407139879,0.0121725095264257,-0.0100269478220804,-0.037423479169733
3378,-0.021668373088484,0.0262621841256081,0.0058710066048752,0.0179975231227246,-0.0162941592131715,-0.00613277439169344,-0.0262094457460414,-0.0292722250893625
3379,-0.0240757809955359,0.00889829341277866,-0.0167255065323288,0.0164280595593138,-0.00413327604049857,0.000883087189657837,-0.0165725351534762,-0.0331257789811469
3380,-0.0154875658428332,0.00230794475748047,0.00671642181921943,-0.0317165726131879,-0.00282026486423331,-0.0206908741724104,-0.0364684369122095,-0.0106130139819231
3381,-0.0109525126935035,-0.0238951739735869,0.0104182064455641,0.0224279010643384,-0.00337174780159484,-0.00315291417344656,0.0044949296364965,0.00662627107279949
3382,-0.000500249792797807,0.000282685415261869,-0.0007084281715077,-0.000923711325177081,0.00195165433766035,0.000894824983180498,-0.000909723397617421,-0.00122300874593768
3383,-0.0153655835001551,-0.0213584179843441,-0.00574309230134273,-0.0385913250940886,0.00271559145642985,0.00804519645903928,-0.0411505687198283,-0.00792671451028664
3384,-0.0238334108629211,0.0287928146128156,-0.00331711710069372,-0.00223407566051502,-0.0045318344262856,0.00287995530873454,0.00521940613559546,-0.0296270851745754
3385,-0.0286702275938953,0.0282873715445215,-0.0142798021646385,-0.00282997984423237,-0.0117093962160196,0.00895738137840138,0.0083104281056184,-0.0130110449860272
3386,-0.00795614474096534,-0.0113206859433045,0.00823634396101314,0.0154849775192238,-0.0199116907870744,0.00383672260885398,0.000622158673204111,0.00448492764555642
3387,-0.00971515129722663,-0.0160095334063369,0.003837957245653,0.00418721780933858,-0.0169732306300747,0.0129615083230736,0.0230454361977896,-0.00844243740617847
3388,-0.0124912419854272,-0.023427916277086,-0.00665204557082868,-0.0278946439994726,-0.040016687554229,0.0229710385572852,-0.003522492854488,-0.0165550986868827
3389,-0.0127118649879042,-0.0113348164098011,0.00428260679473449,-0.0528400067512154,0.00307091794282671,-0.0252345635820399,-0.00989818925902753,-0.0165846953640669
3390,-0.0223950951715214,-0.0176788548215516,-0.0282077164993597,-0.0233742864481574,0.00936935662084565,0.0143995519769603,-0.0280841429011534,-0.0059843195971616
3391,-0.00195599420332955,-0.00365768316473926,0.00427207328408008,0.00445096028887308,0.00119902824355745,0.00129490759798618,0.00180494863016691,0.00166956835407573
3392,-0.011197055526337,-0.031268711682005,-0.00550742715466542,-0.0280730745584354,-0.00665140867899338,0.0105363172094535,-0.0250945713481419,-0.0208836185020598
3393,-0.0192716145236649,0.000941881439250532,0.000833342263487778,-0.0312042610353205,0.00723160560015833,-0.0228951081805919,-0.0285939881442545,0.040815319843044
3394,-0.0188094118701832,-0.018041905216273,-0.0183107834872526,-0.0521244750059444,-0.00176292084909926,-0.0301960785942894,-0.0152136819108208,-0.0320438116381892
3395,-0.0219068273822445,0.0120245031142398,0.00588498772130374,-0.0216719817962711,0.00429245815203258,-0.0211068558969573,-0.0231860755515775,0.0376504312748533
3396,-0.00314593592069741,-0.00909519512886293,0.00453294724928779,0.00738679931281488,-0.0125930390980058,0.00446819846558104,0.0079418288951891,-0.0139893797000238
3397,-0.00955553423874754,-0.0256233009817415,0.0098290837050493,-0.00644329517109595,-0.0238554677703165,0.00966235503350729,-0.00582442252629934,0.00465138206537114
3398,-0.0195784329422063,0.0180973750259172,0.0124934495799826,-0.0238056977703123,-0.00311486770752662,-0.0107370811760372,-0.00310670047451699,0.0349603699372417
3399,-0.0205017210526935,0.0109664135475998,0.00678718226180565,-0.0306057311092643,0.0061814802033374,-0.020274561196823,-0.0270397293363056,0.0318841550459147
3400,-0.00558760099516612,-0.010626939001585,-0.00406390954244057,-0.0194151398623375,0.00150651120164564,-0.00207014429011966,-0.0228054507862797,-0.0170821375111504
3401,-0.00319581715338867,-0.00944527238039599,0.00236361339474484,-0.0107064725560806,0.00255389539770676,-0.00375641055972727,0.00128038765219288,-0.0114766546873942
3402,-0.00480738581882753,-0.0081328309020146,0.00584408725902396,-0.0281996184684122,0.00166212619386805,0.00258898443573388,-0.0107183150928994,-0.0280580804634447
3403,-0.0116158865634332,-0.00868803473328054,0.00682818595929972,-0.0554843605463809,0.00506499703148348,-0.0267598234747609,-0.00521831033518683,-0.0194756455288826
3404,-0.00579137266236509,-0.00939637092352558,0.00799678493572671,-0.0350664680526891,-0.00369971803618426,-0.00398683461831306,0.00524852701160352,-0.024825923305141
3405,-0.00892789305423618,-0.0269845966931995,0.00268921235248336,-0.00102258060178702,-0.00614132156320458,0.00139446796368682,-0.0163113705670146,-0.00446341839586304
3406,-0.0132120724109206,0.0154093962441795,0.0206688916528494,0.0082591610833954,-0.00683551285536255,0.00226584952918401,-0.00566931609311165,-0.0520767077702139
3407,0.000109849936535587,0.00036359082166394,-0.00327527976586399,-0.00319216626112939,-0.00303896285858058,-0.00256625757558403,-0.00234370675396257,0.00145057056301196
3408,-0.00326730481359082,-0.00343820802537152,0.00172142615807258,-0.0139214535578929,-0.0137049714277144,-0.00560752490291708,0.000927882926043099,-0.00880240037249762
3409,-0.021369714803423,0.000591226077740021,-0.0215354755575217,0.00134480541610546,0.00370631307515502,-0.0253656454890538,-0.0173784224530863,0.008551870206813
3410,-0.000345265886217289,-0.00113420769584823,9.04167816114774e-05,0.000668886641426928,0.000391844821360983,-0.000732243391599284,-0.000116871334270169,-0.00032522905120969
3411,-0.00137623182768444,-0.000243149487805441,0.0018184161545975,-0.00289707175255558,-0.00719739289833951,0.00345501459464676,0.00551931463936668,0.00285120919836218
3412,-0.0188630893719436,-0.0111305659604018,-0.00929731983872922,-0.0372756123597374,-0.008371940024977,-0.00913429527660561,-0.0413723491183273,-0.00576570441876116
3413,-0.0222741262376018,-0.000200878755713606,-0.0107518827342644,-0.0399482308990749,0.00557513418327772,-0.031900949338204,-0.0123013739627812,0.0095854541641934
3414,-0.013416229496055,-0.0313487168467924,-0.00990134256486702,-0.0191297109857225,-0.0138031825221287,-0.0160680368402051,-0.0204668326928173,-0.0122273852150276
3415,-0.000786758397721058,-0.00368014279873623,-0.00221873878108141,-0.00116720555956953,-0.00211694890336984,0.00303215444740971,0.00767729652766417,-0.00154469832173148
3416,-0.00295236949819277,-0.0108198374766283,-0.00119702228120689,-0.0115823132640527,-0.000293663229164023,-0.00136196856409811,-5.45907963018616e-05,-0.0177892199985936
3417,-0.0104011665326214,-0.0258473896020239,0.00542066692913587,-0.0359418124983673,-0.0472776019220556,0.00177600302919285,0.0140414471745797,0.0175589971125835
3418,-0.0082051841558473,-0.0213189914785561,0.01164976859972,-0.02453304695202,-0.0383447079441231,0.000871686796536616,0.0158924042941616,-0.000635989821039718
3419,-0.0124082446185142,0.00532556800650885,0.0242279332841863,-0.0121743333454841,-0.0417193686707544,0.0104607516879177,-0.00423949987182395,-0.000692923012200753
3420,-0.00854834185957723,-0.00290738072198714,0.0255685798269005,-0.00801460896017626,-0.030154040804536,0.00741714865472595,0.00519788705759041,-0.0055200043109324
3421,-0.00847605255784322,-0.0025085858080137,0.0175287394771271,-0.00486998187805392,-0.0377487868714242,0.0112700357071928,0.00808656376218805,0.00816484537388164
3422,-0.00671990089613716,-0.00256542435686351,0.016497000916815,-0.00268290363370524,-0.0324715370100057,0.00923751974351423,0.00477063683747987,-0.00219242105740966
3423,-0.00609031794642926,-0.00189668566268756,0.0165005775613618,-0.00287923388960166,-0.0272781852366774,0.0121337915554762,0.00442722335175471,0.00204690604916875
3424,-0.00478082360195939,-0.00608004701024232,0.010850778443076,-0.00369071210221979,-0.0226175160826161,0.00616635901709644,0.00753998151827389,-0.00242474990174423
3425,-0.00144654595251915,-0.00317787270205249,0.00142498843820946,-0.000804895372150302,-0.00359101923397089,0.000802718321169126,0.00332619492327441,0.00620706483598144
3426,-0.00628458731075041,-0.00159346070505604,0.0185473745375379,-0.0131173549559537,0.00310703883262991,-0.000881413833310955,-0.0114457704035187,-0.00705806582358932
3427,-0.0239961712071176,-0.00511059765408006,-0.0158282773670018,-0.00158430219301999,0.0320721540247453,0.00988003369720422,0.0229428908674198,0.00849630981313943
3428,-0.00964195128935852,0.00342579575516792,0.0283181939248454,-0.00251952260317875,0.00419521525671829,0.0167985445964345,-0.025975339738725,-0.00136586011499465
3429,-0.00754219592122966,-0.0136068611479708,-0.00405888801887584,-0.0411662252762377,-0.000199904812962303,-0.00689110503164423,-0.00495457479990008,-0.0410165662006644
3430,-0.0304804283081425,0.0217540688211222,-0.0219369638255309,-0.00836446233050282,-0.00760195163665678,0.00577540944036144,-0.0217639353343245,0.00136696050678217
3431,-0.0153635981254493,-0.000780070014585348,0.0127253480949468,-0.0185672535446476,0.0190592471406107,0.024280770482682,0.0100581608702862,0.0028018476292291
3432,-0.007967412524519,-0.00140407018889032,0.0252115578796507,-0.00571712375953215,0.00773981688063055,0.013039806882508,0.0113716340352973,-0.00408195333337773
3433,-0.00951431886988605,-0.00882146812044758,0.0210389978806146,-0.0211650264467064,0.0207300680915636,0.0117189517765896,-0.00098099627378898,-0.0141761120830591
3434,-0.0210894479424311,0.00145157915072436,-0.00163850848501442,-0.0200602520615965,0.0255256207425324,0.0317618733019364,0.0328462368745435,-0.0202020004253464
3435,-0.0157711626914456,-0.019811190262941,-0.0149298931039139,-0.0037083145098198,-0.0412695684793075,0.00276943178751803,0.00740818727799196,0.00848748124621433
3436,-0.0134397631533565,-0.0329518619609015,0.014953081760916,0.0175917492904057,-0.015166513312605,0.00807569445809464,-0.0060105455025158,0.0215102829192415
3437,-0.0155751105417456,-0.0267192115862884,-0.014443424573284,-0.0265814990956594,0.0211974210404869,0.00416272067518612,0.0238281997705775,-0.0141272021196015
3438,-0.0157771981353684,-0.0368832812205922,-0.00767680617606941,0.000827250422627686,-0.015771609745479,0.0134092840372669,-0.0191420596934344,0.0176098686705007
3439,-0.0142726939867509,-0.0244448316650764,0.00294902630281461,-0.00557876488089242,-0.0279380208673271,0.00968366443530057,-0.0321109150166693,0.00832712123988101
3440,-0.0208571656346341,-0.00416301556039523,-0.00938991667496175,-0.0396402760095673,-0.0107420749910709,-0.0363574885189552,-0.018719159043575,0.00288205803661837
3441,-0.0167981512740044,-0.00412195300639591,0.00416937520702846,-0.0485734958221577,-0.00484308789643882,-0.0335277663900958,-0.012126931532604,-0.00727777436283958
3442,-0.0280902962336195,0.00391983408138447,-0.0294414251420043,0.0050277146231858,-0.01817652876012,-0.0109896582222594,-0.0164791936688519,-0.00233722483937462
3443,-0.0196637359678879,-0.0121795203844685,-0.0132269557757585,0.00275710285395182,0.0227501878470446,-0.0214399238968211,0.00651641827353189,0.0240595980993216
3444,-0.0236229929544341,-0.000585556278182256,-0.0234729034254343,-0.00754958431545719,0.00853507052197111,-0.0180216696504652,-0.00807096608191841,0.0177676282534767
3445,-0.0200582065249577,0.013264626576905,0.012029502142758,0.0110462316565344,-0.00364652408892441,-0.0293228863283266,0.0208833746399093,0.0122568476386551
3446,-0.000274130669660404,0.000299984135769376,0.00126770959793435,-0.001653735584157,-0.000211231116951869,0.00415582250955288,0.00135636026642167,-0.000700130987405509
3447,-0.0168411036069338,0.0165977517911169,0.0142783329240947,-0.0151047628492853,0.00199653742431675,-0.0260562505853465,-0.0176030282981811,0.019291958937854
3448,-0.0104836165891902,0.00565338903645385,0.0201881875506748,-0.00619191926870264,0.00225258130134423,-0.00354579832678804,-0.0152375009779967,0.0130351906720806
3449,-0.0101552308334361,0.00584605293571829,0.0219697264393922,-0.000969812414688468,0.00483436360538593,0.00446265237371685,-0.0172714508134539,0.0142780013094104
3450,-0.00937964902954966,-0.00844577891402552,0.0227063192745033,0.00419604328179973,0.00897124490277836,-0.00790360234025299,-0.0109903927122703,-0.00221024127518049
3451,-0.00952022160045277,-0.00963720584522184,0.0172846860668544,-0.000201170554936107,-0.0223154971030905,0.00448911088440033,-0.00783743728104015,0.00694929214630133
3452,-0.0134956793113032,-0.00227460580763405,0.00676384399113112,-0.00996714242038031,-0.0372109075006416,0.00765699451973248,-0.0180889090718847,0.0358464821408654
3453,-0.00740352671290503,-0.00814307848452031,0.0116059104681627,-0.00341252178011504,-0.025484960162822,0.00755603380526924,-0.000383214130094346,0.00889367418065786
3454,-0.00670787281110608,-0.00698366163113358,0.0176515879066459,-0.0110125353372606,-0.0185473977132785,0.00791554383535628,-0.00307738161949697,0.0017885976013379
3455,-0.00883909668902108,-0.0118435048302312,0.0200624895502362,-0.00352039350071054,-0.0356129586538897,0.0156709016206837,0.0175788230700487,0.00486093923195274
3456,-0.0168633843091131,0.0172973363586075,0.0157544924562743,-0.0153182924579009,-0.0180335519850335,-0.00642869831238296,0.0115934990621525,0.0118961829340084
3457,-0.0211134937205994,0.0179112396796204,0.00598453901939764,-0.0105917172674341,-0.0113713423800061,-0.00745554101667465,0.00409100202613999,0.0219103107269648
3458,-0.0240862233218326,0.0106331263160179,-0.00601741559792906,-0.0121916814707726,0.00280466863834163,-0.00305179253399131,0.0245596135588207,0.0345115968969782
3459,-0.0179944829251243,-0.0220844658040752,-0.018864524690392,-0.021112976357433,-0.0243882925193681,0.0106532144886852,-0.00619865705490984,0.0355634985833076
3460,-0.0204508182252838,0.0108815175207454,0.00359064318465255,-0.018448769623746,-0.0157884706356811,-0.011353730254547,0.00881037803325504,0.0330370498050719
3461,-0.0253385987740564,0.0136810707473216,-0.0123067427292206,-0.0162776718268367,-0.0208150965183494,-0.00565366698661633,0.00617092718719456,0.0234213714895165
3462,-0.0249755454140746,0.0120370191786814,-0.0103633689168035,-0.0189037827185863,-0.0241171813570929,-0.00295757076189869,0.00837486440669502,0.0241245587072571
3463,-0.0201953636671801,0.0109272948774235,0.00218908002612359,-0.0164087326288217,-0.0159961561713052,-0.00770575495397458,0.00978089186344654,0.0396701827822009
3464,-0.014504807609294,0.0119365700236138,0.0203723967912545,-0.00621451292058858,0.0248807719791628,-0.0156520855854562,0.0034770391402049,0.0225914193454454
3465,-0.0220292541431286,0.00171714379047027,-0.0118258696381413,-0.00444661080481459,-0.0247502261814684,-0.0266228295942497,-0.00623307351358996,0.0169388086780634
3466,-0.0182715492328389,-0.00156327571275142,0.000909763125738614,0.00690855247819077,0.0133135817984032,-0.0369086304310789,0.010094804808545,0.0340979399145812
3467,-0.0151498170451598,0.00571943019115441,0.025164017091784,-0.00578137622663933,-0.0207622492028189,0.00742900175350806,0.0218242005388536,0.0321617611514352
3468,-0.00989786671529315,-0.00797395495516143,0.0218226859345445,0.00788031963127105,-0.0258117761823281,0.00773101160205749,0.0122478553024698,-0.00511988118458462
3469,-0.0109398548057781,0.00782038379072339,0.0235768438304723,-0.021309197423346,-0.00284247659872852,-0.00315925166822248,-0.0175866708940181,0.0183924657129669
3470,-0.0107377142463116,-0.0196171367446863,0.00655645007090827,0.00356995100207544,0.0194095062736983,-0.0141350758915187,0.00750535803224843,0.00432689320064412
3471,-0.0208412476618022,0.00401933934078937,-0.00401351926617099,0.00464593198028283,0.0231542784854434,-8.78839084142082e-05,-0.036549938168633,0.0240629522187612
3472,-0.0182820432890911,-0.0230561153921121,-0.00384230958111336,0.0123885720405772,0.0225048175572861,-0.00643987135327268,0.0337359213164488,-0.00737333771554137
3473,-0.0133577675781776,-0.0179144113680493,0.00943745471583006,-0.00544335847748694,0.0210640957472694,-0.0171321578552517,0.0124904543493852,0.0191297720540066
3474,-0.0100938036758066,-0.00119489812535483,0.0293031007396733,-0.00913299265298637,0.00678277077760286,0.0129808814055059,-0.00866933107337939,0.0354436251437379
3475,-0.0095687353111724,-0.00551233274248153,0.0251141461712717,-0.0130101965537622,0.0031193590264318,-0.0108980172914645,-0.0108318617132917,0.0125644514997739
3476,-0.020151196451957,0.0280107244129447,0.00917767080619042,0.00256769979139498,-0.00736514339407946,0.000839610118716396,0.00318726322088478,-0.0316219319971883
3477,-0.0136942241282054,-0.018306411311611,0.0118302705550226,0.0117212734473715,-0.0359650091240528,0.0116593360690378,0.0019119647764469,-0.0171539943263689
3478,-0.0107574716289668,-0.0211862577207152,0.00489127050286066,0.017956807483463,-0.00107296698076359,0.0200013710590166,0.0139080943283462,-0.00937811270323774
3479,-0.0150521160793826,-0.0317022958663792,-0.00641493243313861,0.0223962623419754,0.000436311902933878,-0.00964019362245566,0.0276505490281722,-0.0243697754393477
3480,-0.00691742774054353,-0.0125350594900752,0.00425878057297492,0.0046989646884198,-0.0151173557798167,-0.0155062873572995,-0.00614668749931484,-0.00686802193067824
3481,-0.000596599487872379,-0.00121105437037217,0.00149428632633933,-0.000406150474954509,-0.000225950012030463,-0.000947435360689312,-0.000299383710029852,-0.000486099326516808
3482,-0.0250058506979384,0.00847715054976293,-0.00550281277642894,0.010878659768265,0.0248114452693232,-0.0101894187149472,0.0297779733494723,0.00412611147751338
3483,-0.0178575285960275,-0.02288125786355,-0.0229841204055602,-0.0183977581332342,0.0127486387811826,-0.0340172799114091,-0.00336198835013378,-0.00748794753184228
3484,-0.0157735566386334,-0.0119453035105089,0.0076789776669489,-0.00329962274865375,-0.0145275855038989,0.0124072426117302,-0.0113290641929631,0.0192731310996793
3485,-0.0145074433082399,-0.0150474008287794,0.0102698810682181,-0.0412173438988096,-0.0256482470323035,-0.0391184569304414,-0.012019084109326,0.013790653069345
3486,-0.0171173877994633,-0.0166666759745383,0.00639626757317528,-0.00334726597442556,-0.0391327239367814,0.0113433866104354,-0.00176869675659914,0.0321112917945212
3487,-0.0199134536867013,-0.0192605805205699,-0.0127090511705374,0.00928819350331887,-0.0224724645793665,-0.0347444369573661,-0.0166681521415875,-0.0138161937840286
3488,-0.0198671620327059,0.0039835166728204,0.00227869931249596,-0.0213575290952544,-0.00803350896461596,-0.0213750967408444,-0.0251745646416441,0.0111160451044383
3489,-0.0215453443611959,-0.0231793837471971,-0.0318657693372336,-0.0207908008863448,-0.00203829092249339,-0.0205521164680293,-0.0193800551517517,-0.00143888113911502
3490,-0.0113780802388516,-0.0293995371514433,0.00228360560942319,-0.0105836859814331,0.00835744152537363,-0.0237793425627085,-0.0121722013933709,0.0137771678243672
3491,-0.0102503749664782,-0.0258447251623358,0.00643162732510221,-0.0149243397963177,-0.0280132169502653,-0.00375039279722034,0.00549204874341889,-0.00423940310637583
3492,-0.0229029262677634,-0.00871174379392839,-0.0253604542884251,-0.00870400915538089,0.0126835146241171,-0.0193379651864485,0.0103915121301276,-0.013948683919806
3493,-0.0142053138074314,-0.0301390306319179,1.5975998168021e-05,-0.0175392218714699,-0.00338131221262002,-0.013750801131037,-0.0130285620403337,0.00227988319139685
3494,-0.0245595611168919,-0.00249131464134228,-0.0231360929949847,-0.0112540332546285,-0.00220007830086483,-0.032202261211391,-0.00680172834413945,-0.0126063613085437
3495,-0.0112538610212038,-0.0342070052212079,-0.00690925710956313,-0.0309274947367486,-0.0112450385687733,-0.00188589992554723,0.000396080046272861,-0.021719025663967
3496,-0.013287800264007,-0.0277977089914244,-0.00456415769623462,-0.0383645744650206,-0.00212166435642467,-0.0300766823266254,-0.00919220297899232,-0.0399727477149421
3497,-0.0147754342721348,-0.0252010705320785,-0.00471011560023629,-0.0255153697214818,0.00473680207916025,-0.0161868855407682,-0.00759338759450857,-0.0118822254922289
3498,-0.014101025593403,-0.0334933134639081,-0.0063039308749739,-0.0246104463841619,0.00656121420217053,0.00505521765960593,-0.0224477888817797,-0.00752228517959848
3499,-0.0203260948135143,0.015518571136003,0.0145250560184829,-0.0171684859280994,-0.0200382981336697,-0.00930555191962164,-0.0148829407579797,0.0413705161299687
3500,-0.0190453941152813,-0.0256893037639109,-0.0273917891479058,-0.0183546045619461,-0.0110271635513779,-0.0247180744142252,-0.0154779013621531,-0.0137268609665301
3501,-0.0212343874394394,-0.0172434506973277,-0.0316816613537058,-0.0169727392861763,0.00126563875484568,0.0154499878622053,-0.0131062897762139,-0.0248763232281455
3502,-0.0110451525163858,0.00421361640259187,0.0238817403935837,0.0224079200554921,0.0124206336694431,0.00935748539087315,-0.0120406401555122,-0.038535937596046
3503,-0.022932502431343,0.0242717941333642,0.00106519634467984,0.00412112726946482,-0.012557327211218,-0.00610112402533447,0.00394027236867276,-0.0287602755441383
3504,-0.0236035210397513,0.0217887672182061,0.00176992332322854,0.000626120543560174,-0.0187789918706492,0.0217033364134179,0.0141446096383432,-0.0096618394632409
3505,-0.0146433143910584,-0.0336619689643826,-0.0142570771210002,0.0227792787436593,-0.0151500154683883,-0.0291618875476948,0.033107814656027,-0.0210509751123131
3506,-0.0171831425685694,-0.0223375968189179,-0.00983288664882173,0.030318911208358,-0.0311413206769415,0.00615667378872609,0.00351719809781686,-0.0155079295749543
3507,-0.000723965789853398,-0.000625145383568536,-0.0023618518016086,0.00118399449990735,0.00236100465568595,0.000606872194965882,-0.00203691285934001,-0.00022605659116839
3508,-0.00795357843309396,-0.0250570197286878,0.00655992710357181,0.00192126565873795,-0.0130423645166603,0.00169558385658538,0.00416595426372831,-0.0028291225142027
3509,-0.0306494955237794,0.0245345952110418,-0.0255798388541369,0.00389000255674891,-0.00745284779943986,0.0246232433842757,0.00698686136958826,-0.00964657334095728
3510,-0.020683923228632,0.0223922982225725,0.00460148721518588,0.0133513876878128,-0.0189558747356965,-0.00535647179206534,-0.0152939727736894,-0.028510490881578
3511,-0.0276275046276557,0.0362111643477741,-0.00479756554430733,-0.00184209998744304,0.0051679200683665,-0.00279814030260572,0.0213661865279706,-0.0287433612283011
3512,-0.0163327510339028,0.0137829610296811,0.00958089410310805,-0.00973177182935481,-0.00981301692947264,0.0196251697845427,-0.00631588009411546,-0.0343111495845752
3513,-0.0257784431597203,0.0244597193932599,-0.0124775473356383,-0.000580606943442146,-0.00051506805693678,-0.0120044653137598,0.0186613987035811,-0.0258365534083399
3514,-0.00878958666372008,-0.0220810958093554,0.00730101329813313,0.021742780843817,-0.00480203300291329,0.00125633762509184,0.00758965830632433,0.0064069024685629
3515,-0.00659667748247648,-0.0164398950170779,0.00547239460837798,-0.015644445009345,-0.0219481280098187,0.0057029615952764,0.00126845948815447,-0.0124691895994139
3516,-0.012785925996892,-0.00443335390400937,0.0196837341962714,-0.0161745173536459,-0.0236075395197797,-0.0156350402296087,-0.000898943350804558,0.0131417581583626
3517,-0.00923430680685899,-0.0130690714403694,0.023937200059501,-0.0247886476973122,0.00142563980258535,0.047856922845011,0.00825722572335665,-0.0142405712929775
3518,-0.0204158663597905,0.00434312443149729,-0.0015201043955194,-0.0129355802540764,-0.016700355615395,-0.00823634395211515,-0.0602402115149804,0.0139655911689596
3519,-0.00910262176543407,-0.00760553324668334,0.0193186692961811,-0.00132166867114572,-0.0179445830639541,-0.0098870891208445,-0.00586337263227288,6.00071527884368e-05
3520,-0.000355940084780351,0.00022856779890352,5.92856654813157e-05,-0.00168778031921843,-0.000753727477080169,-0.00302650461243366,-0.00036114566231095,-0.00395086634107472
3521,-0.02446872424839,0.0156615870669908,-0.00868412686338607,-0.0165626228177337,0.00467420015506638,-0.0184388827320571,-0.0180951430072038,0.015294420758994
3522,-0.0150912801233634,0.013884974915288,0.0164420840892409,-0.012346666574203,-0.00235663577339614,-0.0228214817408483,-0.0225811131300703,0.00901983968829377
3523,-0.0107806466067396,-0.0153458584576257,0.0158296723037915,0.00543096844328801,-0.017289640488451,-0.0198936340701781,-0.0228940635274997,0.00355122148273079
3524,-0.0115011500305393,0.00749229743356317,0.0232183249837548,-0.0279023101317672,-0.00472350361184656,-0.0227822535905922,-0.00621274534550274,0.0053251789608082
3525,-0.0077239830877835,0.00409818112805508,0.0222371420717989,-0.0273755782083246,-0.000422581723421322,-0.0212962651560014,-0.000209303108243288,-0.0131840487863821
3526,-0.00714171706619886,0.00649090704421281,0.0244526938630156,-0.0294115124463161,-0.00108901788148682,-0.00719932695719278,-0.00457901254816237,-0.0125118176666909
3527,-0.0137504889830436,-0.0116388632938638,0.0034534564844237,-0.0412358811370374,-0.012538509840989,-0.0414887814241535,-0.0472607106949713,0.0109161405240666
3528,-0.0206735216647537,0.0123789503540665,0.0106503325875094,-0.0226673244429046,-0.0182423861926467,-0.0161046249207565,-0.0098791589243557,0.0363524899602524
3529,-0.0146541376018883,-0.00402839123933085,0.012008290769476,-0.0494353051870286,-0.0199274213144165,-0.00184254785522237,-0.0232402199656858,0.0258048267568246
3530,-0.000940218279673922,-0.00246463189258698,0.00253217005380164,-0.00261373049036276,-0.00048883157112548,0.000894711930252418,0.00210622548620664,-0.000183186807992795
3531,-0.0146897895554471,0.00291695566573949,0.0195327896418086,-0.000770331511618296,0.00199314288633738,-0.00533506646636452,-0.0554967378663848,-0.00550479787345391
3532,-0.00763684331610571,0.002759211528128,0.0237152812004273,-0.00561545949523629,-0.00357363444033517,-0.0014488448815396,-0.0218759603852648,-0.0166883650365715
3533,-0.00717347342932437,-0.00516560496856257,0.0177254957815436,-0.0155788146555186,-0.00786437498866644,0.0372955781240498,0.00469282718817173,-0.0108521133785143
3534,-0.00760778899574015,-0.00783312600838476,0.0208443209340051,-0.0223480108504169,0.00401312522710234,0.0463905150103362,0.00926780112206903,-0.0192482132460553
3535,-0.00350563806099816,-0.00871393646984465,0.00179861683976839,-0.00754801608455246,-0.0160315349442178,0.000505829274784338,-0.00352264028660161,-0.000933435622219046
3536,-0.00310042441456757,-0.0068455903077962,0.00281009727464078,-0.00977701748332675,0.00567644705163151,-0.00510690676302471,0.00281140528444226,-0.00989365559872256
3537,-0.000124675725934146,0.000884659866905572,-0.00280527313663616,-0.00176086636934044,0.000706260161283992,0.00240120154177579,-0.00377676357394606,-0.00196456168721118
3538,-0.00850031416684532,-0.00843086847747989,0.0119570482442363,-0.0508433567877961,-0.0159543857333478,-0.00423801560566345,-0.00938355993324326,-0.0169816825300863
3539,-0.00676365887982808,-0.00158078722250055,0.0120735866332528,-0.0194046091789688,-0.0183116041189704,-0.008508108349866,-0.018516980588015,-0.024375055228843
3540,-0.00861410215363794,-0.00195858657787872,0.0131326421115508,-0.0255222607613505,-0.0134821090649606,-0.0265081229363244,-0.00490667781816923,-0.0305249010405017
3541,-0.0211949789468839,-0.0124676928631053,-0.0152356343156047,0.0356193651506396,-0.0226276936293913,-0.018108845605755,0.00243549888873662,-0.0315010405587087
3542,-0.0181261909133136,0.0107003579582161,0.0204663867878352,0.0113559910627693,0.0267106781537151,0.00171676619565087,0.0150863367647843,-0.0339938508871904
3543,-0.0210931639990558,0.0262128743004093,-2.91934213361611e-05,0.00757642965658119,-0.0269409702968601,0.00253130574888504,-0.0118090293049781,-0.0261763008490708
3544,-0.018047903957433,-0.00185024426868122,0.000389647460950826,0.0306754577381162,-0.0268621928605271,0.0227930604606273,-0.00914796848348231,-0.00698594325198157
3545,-0.0170431332837288,-0.0284983607244199,-0.00775663767459148,0.0291598031125206,-0.00622251698274809,-0.00180978961139296,0.0213577078066891,-0.00705920858472511
3546,-0.0175156974262534,-0.0253014153360276,-0.0246347150115136,-0.0272648006544547,-0.00238684411902942,-0.0247215046478319,-0.00540110109297323,-0.0245952081966179
3547,-0.0178427900120077,-0.029544777312561,-0.0265865712517692,-0.0287054904811977,0.00877788583215331,-0.0209786411037586,-0.00214373951313504,-0.0373295107170885
3548,-0.0136770162672157,-0.0121577038494736,0.0131218770106473,0.027309372929219,-0.0230772863266519,0.0114420442473442,-0.00815159083787159,-0.0113725257353258
3549,-0.0220564713780966,0.0218264054917498,0.00245634777233912,-0.00265790979843724,0.0211650012629594,-0.00203810975915089,0.00554851895195203,0.00202773130669357
3550,-0.0124298781735283,-0.0152170452048412,-0.0071793953809699,-0.0457377962889346,0.00430664165802349,-0.0196270721440192,-0.0127245388569128,-0.0483352308995414
3551,-0.0292603120997053,0.030520212530733,-0.0119818227452585,-0.00264942456849742,-0.0144764203613909,0.0141684952620581,0.010538343923569,-0.00164568161454869
3552,-0.0143363753214532,-0.0242843081513361,-0.00474453780043968,0.0222667544116922,-0.0266829652820431,0.0126122271831705,0.00644546803360186,-0.0260345910806944
3553,-0.0140100869751847,-0.0276124639729187,-0.00989788937743693,0.0115150893891817,-0.00464120425064337,-0.0164908182890165,0.0352596015765122,-0.0186176930137369
3554,-0.00581121661440688,-0.0158595215509826,0.0110916177265825,0.0108662872614417,-0.00287585881715395,-0.00172094556053706,0.0122820191042723,-0.00731486765908874
3555,-0.00725785536224119,-0.0056619762343428,0.0179481866932798,0.00208744891255844,-0.00752619337672449,-0.00367233816181594,-0.00674575816492294,-0.0236949957165916
3556,-0.0233015127142378,0.0279542748967838,0.00147452933729213,0.00862495240192913,-0.00254001816529386,-0.00880033766720131,0.00783643042437818,-0.0418415229738704
3557,-0.00783049744707966,0.00889539772502243,0.0135236057260363,-0.0118817026516332,-0.0116835112949582,0.023817000459215,0.00512211005394992,-0.00774908761354405
3558,-0.00134660709491061,-0.00599771637106996,0.00132299063832159,-0.00109480477758536,-0.00455137793270716,0.00339520237582401,-0.001119193560117,-0.00231333510645609
3559,-0.0197916686066117,-0.0220319464673905,-0.0246368997789589,-0.0378505524231294,0.0153804960223579,-0.0227720565302141,-0.0230654344096228,-0.0313948579115501
3560,-0.0132230199503387,0.0150192123336178,0.0221844504150448,-0.0165765766565093,-0.00874803063235238,-0.0109390252990639,0.00473368506839418,0.0186965499957966
3561,-0.00479738443216875,-0.0163500808431859,0.00530652445177812,-0.0113435554986912,-0.0043476737549253,-0.00449055914421373,0.00192767972648747,-0.0136106629314117
3562,-0.00953958245013064,-0.000810575348913026,0.0248183782798651,-0.0130012366201932,0.00325836644275395,-0.0181883264090468,-0.0186818779778856,-0.002705876163211
3563,-0.00907648857779834,-0.0114823048199332,0.022294394161412,-0.0127660955852771,-0.0102356079762621,0.00235848945308429,-0.00266246734184283,0.000350721777595369
3564,-0.0109885921062388,-0.00307717778648233,0.0177625793766586,-0.0409901005650596,0.00693349831925812,-0.014294347315616,-0.00562316943692642,-0.0301930460012921
3565,-0.0143407940766583,-0.00268286920129012,0.0146948849070883,-0.0416025981272076,-0.015143175790999,-0.00922919143184654,-0.0164130570206658,0.0149248900567607
3566,-0.0121504334472069,-0.0348009406807414,-0.0167625817321339,-0.0357339221872308,0.00998609591754129,-0.0223095570984812,0.0139693426075208,-0.0260688151664091
3567,-0.0252784589530148,0.023455078176343,-0.00787695378748056,0.00422378358424773,0.00649354275761016,0.0104286151879063,-0.0158976041446155,-0.0178971851632356
3568,-0.0128322476643155,-0.00516680741366123,0.0202831210891255,0.00534097543810074,-0.0108880503874335,-0.0502862054988147,-0.0137124804819308,-0.0305458447722624
3569,-0.0246970681269346,-0.00784429156644474,-0.0326231157239209,-0.0123860778460606,-0.000458921377137795,-0.0227323604801792,-0.000102890324737318,-0.00215870778802205
3570,-0.0208561827302441,0.000462869127438504,-0.0119441310501848,-0.0242975975752007,-0.00678248472762238,0.00408911980360402,-0.0519956234077631,-0.00676281959377376
3571,-0.0133857848659747,-0.0278545408039856,-0.0138983056504603,-0.0126123218423791,0.00162733227807452,-0.0161803784251884,-0.00888269295149868,-0.0150211932562193
3572,-0.0195872868272502,-0.0173873499668549,-0.0220526396829398,-0.0262986981761339,-0.008335519610084,0.00118730996467866,-0.0560760019284434,-0.0134766689492912
3573,-0.0128066573625054,-0.0307037244045833,-0.0101908242260201,0.00682455243082932,-0.00196557912434486,-0.0134763404032647,-0.0015133336251136,0.00968493558656997
3574,-0.0067616664244921,-0.0128262772566711,0.00551819389175566,0.00697376785691977,0.00347197156768564,-0.00486806387473514,0.0207645969379157,-0.00255597243979677
3575,-0.00220742546904181,-0.00283401279365629,0.000149947346842984,-0.012478602039182,-0.000118363781473206,0.00582153672428815,-0.0014624008037434,-0.016678839718427
3576,-0.0217929661564278,-0.019986993344105,-0.027828501215314,-0.010609026220934,0.00933095705272808,-0.00269025865579405,-0.0293672307983334,0.0424898122464964
3577,-0.00619090713000946,-0.00356245937098863,0.0162369398726426,-0.00513365543946876,0.00929849478349305,0.0138110855702451,0.0040107717439798,-0.0155571341430078
3578,-0.0160176276417838,0.0191597939820496,0.0174544919599655,0.00468157903927572,-0.00918823666075735,0.0043300991239362,-0.00960125331863061,-0.0374035988366253
3579,-0.0138175441811158,-0.0403951416984923,-0.00952560464757248,0.0236228069717864,-0.00808027243714505,0.00398868023158247,0.0206645277569992,0.00435510471414217
3580,-0.0142162933283724,-0.0263913051363657,-0.00920705421772831,0.0366402290392474,-0.0120478435711685,-0.0138358449992657,0.0231588276065357,-0.0125549405000593
3581,-0.0107730632491907,0.00811696758342822,0.0118651636118633,0.0232591851034894,0.0172212668709299,-0.00480594224983927,0.0111494086316799,-0.0380941684005444
3582,-0.0165662588612577,0.020221811270996,0.0217635147468516,0.0110439551933999,0.00157507546096083,-0.000811082152806445,0.0115798831712519,-0.0332153727610507
3583,-0.0164094066219531,0.0231052468635022,0.0118862155844994,-0.00155493824423203,-0.019517226882646,-0.0055309527954387,0.00513118088603921,-0.0370938937754275
3584,-0.0250344966177686,0.0253169776103188,-0.00644322735535713,-0.00653624968650745,-2.57302330029241e-05,-0.00483291490504564,0.0199700534972446,-0.0250909026385839
3585,-0.00097929493920674,-0.00336598127330629,0.00290141329497433,-0.00294245682435339,-0.0012001916165566,-0.00238266907366874,-0.00279662688878946,-0.00185686644645568
3586,-0.008253306892331,-0.0180772561850286,0.0138481383375407,0.00471138019303012,-0.0118410288840739,0.00780983483026683,0.00464676416742936,-0.0121402239838591
3587,-0.0215766343633268,-0.00262997018904139,-0.00514973590298556,0.0370390765679002,0.00954600117262687,-0.00773427921728817,0.0132382390396768,-0.0274528848543212
3588,-0.00775662996870303,-0.0205627183724478,0.0129476020322196,-0.0206640743321493,-0.0219206743478021,-0.00348158953083065,-0.000304444004846809,-0.00993408803750737
3589,-0.0074045854570275,-0.0134241587820853,0.0116499707066616,-0.0314368365218128,-0.0325535565314284,-0.010964786891204,0.000270083867144709,-0.000641549032910346
3590,-0.0150933250006312,-0.000551305366794436,-0.00107245781723395,-0.0263887976248204,0.00259280129860772,-0.019636559992559,-0.0144249199385058,-0.003510150043678
3591,-0.0153463635763178,0.0156660058480833,0.0201806698950719,-0.00283644732636896,-0.00918831590542307,-0.0128563543000879,-0.0232842354565176,-0.01489146449651
3592,-0.0229861285150197,0.0093934357225897,-0.00860392118676311,-0.0344043574205725,-0.000242790568854749,-0.0230925650970534,-0.0317841632197969,0.00446494068766066
3593,-0.0106958811134043,-0.00798706735346202,0.0225211310821194,-0.00981965767787775,-0.0372918105223308,0.00689198816214933,0.0175704536424868,0.0148273476196812
3594,-0.0080236615971534,-0.008624948998478,0.0200970497831542,-0.00281195002111206,-0.035502738735653,0.0182358911334085,0.015492180633765,0.00666513135357863
3595,-0.00783579418945343,-0.00574143260553451,0.0167516925065674,-0.00667575040339537,-0.0438552462460258,0.0203143183328626,0.0132091412789517,0.00334422170777459
3596,-0.00999963158923766,-0.0045543027999803,0.0189393045609605,-0.00953717302708152,-0.0383282421021565,0.00449540468572463,0.00443309409453662,0.00334877697356379
3597,-0.0154427330447118,0.0152605328488501,0.0161651171201327,-0.0151803421259041,0.00224704424440345,-0.0248559258682068,-0.0141865969707801,-0.00386901617272428
3598,-0.000268424247829439,0.000272518956577651,0.00123379605549189,-0.0010611267819326,-0.00463780185551825,0.00116730556003654,0.00227985954559317,-0.000111093904141741
3599,-0.00757721429697846,-0.0108948944438184,0.0221761558819697,0.00288338004251593,-0.017325109780436,0.0236099699145844,0.0142609594386763,-0.0012816472076129
3600,-0.0255791768666422,0.0201825546314552,-0.0075645396196427,0.0113645236659876,0.0342851446006428,-0.0142958923043373,0.00358761576538023,-0.0105319826541945
3601,-0.0105166241511763,-0.0185920248188076,0.000393131726547707,-0.0217096017152105,0.0101544048357171,-0.00841742235456181,0.000275316907457951,-0.0371722574564176
3602,-0.0162696576198562,0.0066933633427527,0.0143751576346476,-0.01426886160844,0.00281839563181991,-0.0151374587091234,-0.0514298651254893,-0.0159686201775912
3603,-0.00685316928869641,-0.0164711931816606,0.01210018777916,-0.0189300983641125,-0.0320208757306493,-0.00973410508201235,0.000438982912716227,-0.00712557147456572
3604,-0.00780589845526748,-0.0135126263178163,0.0246675519340228,0.00931168911807449,-0.00553415550912083,-0.0099623487778607,0.00575160017083036,-0.00565977936416841
3605,-0.0133186596251348,-0.0280756048994667,-0.00534958258399884,-0.0484049720758968,0.00579090804951328,-0.0177937160353488,0.00230217381962442,-0.0181735749480358
3606,-0.00469467435001252,-0.0138050870219138,0.00298960429270782,-0.018232230943907,-0.00450976507422487,-0.00073395601922397,0.00842903349481993,-0.0123001468241067
3607,-0.0131132815770861,-0.0235274658137366,0.00786121895237202,0.0337810695947556,-0.0194184601381373,0.0343011210621205,0.0172620046184191,0.013006567683194
3608,-0.0221805854854294,-0.00121176941063148,-0.0094943024499333,0.0426487784219772,-0.00674032338466585,-0.0148855332474528,-0.000985536033024235,-0.00900327439570675
3609,-0.00682014569010176,-0.0179830269232915,0.00977734065854427,-0.00390173138712584,-0.0032670652297679,-0.00748402953025347,0.00167114485574129,-0.0188864164602257
3610,-0.00740409249552841,-0.0260401091343837,0.00815945920437457,0.022028402363457,-0.00987448340638888,0.0158462506839376,0.0246515872953801,-0.0018973510825835
3611,-0.0114181147601214,-0.0347318472261768,-0.00965317237134148,0.0240218071539073,0.00521536777540727,0.0046759570892864,0.0207794010796127,-0.00486597560895276
3612,-0.0113183418503334,0.00438811200788523,0.0271760686786892,0.0137615059036906,-0.0160873554257341,-0.0094870186914249,0.00266830804362253,-0.0278512443128424
3613,-0.0119519624960599,-0.0183159214847274,0.0102255324262524,0.0311305738826557,-0.0285187755424517,0.0119546673241512,0.00120392405107962,-0.0110457078225708
3614,-0.0159121024505947,-0.0307867821387065,-0.00684141064746984,0.0207145395231136,-0.0158512925215658,0.0192847291675959,0.009595331826566,-0.0215540535554123
3615,-0.00763467034708192,-0.017966412711558,0.00542275822855104,0.00363572826295877,-0.0054780308195478,-0.00797143519910479,0.0030223160169033,-0.00919210536449733
3616,-0.0193089116591606,0.0206336895668824,0.0104779481820559,0.0124982649066613,0.00445928763934706,0.00360610584250918,0.00708065485940338,-0.0438858366649462
3617,-0.00805077033412082,-0.0220557470200636,0.000605442136474647,0.0124305133600875,-0.00088065354522528,-0.00462164956918768,0.00554014350994591,8.98879742327261e-05
3618,-0.0231755129535845,0.015492996284162,-0.00517639535583887,0.011518456637501,-0.0252092965242266,0.00242491032915113,0.00847981643252679,-0.0139164862297542
3619,-0.0146868529850326,0.00912553558543852,0.0201652480209793,-0.0174982514317224,-0.0314430098623492,0.0166053918266451,0.011817690489225,-0.0187995814926785
3620,-0.0193584672086896,0.00290119906760166,0.00797758342520597,0.0233732225027201,-0.0117838311062642,0.0144116373783006,-0.00051648579649019,-0.0330209351083474
3621,-0.00287342695990283,-0.00819755098158657,-4.24479353937305e-05,-0.00587903649832365,-0.00276820021510138,0.00463761490080768,-0.00448357422665678,-0.00916674844302804
3622,-0.00590849954696822,-0.0105072486171819,0.00942160511745704,0.0123224321072984,-0.0113532905597049,0.00317050871104344,0.00800045989310162,-0.0147038164198732
3623,-0.0273869526343699,0.021588224248287,-0.00995219686562915,0.00113095899990827,-0.00948738623835191,0.0188823343180414,-0.0272022639848002,-0.00291939547199805
3624,-0.0208939575903524,0.0174873347929635,0.0019477418132698,0.00361991616876513,0.00158087247886304,0.0123047116622241,-0.0385716773467097,-0.0262499357045465
3625,-0.0136809022947264,-0.0295036365898552,-0.00668659948840772,-0.027226157895401,0.0228392466022552,-0.00682063801633157,0.018529974257483,-0.0342421687919705
3626,-0.0220755848136071,-0.00426156743984973,-0.0229881683611121,-0.0296685995803033,0.0110426336148458,-0.00451436506876696,-0.00417174048018718,-0.0450770663769939
3627,-0.0149635121989105,-0.0339129256735273,-0.0264344878181998,-0.0181108047320833,-0.00160707454670981,-0.000384075190454045,0.0138633270806321,-0.0421794988293994
3628,-0.0215976783814252,-0.0002191681638735,-0.0173001453462687,-0.0339744124949413,0.0126063198529047,0.00922794218577222,-0.0206649486246679,-0.0153253353591312
3629,-0.00925181709085911,-0.019276998102663,0.00666203513935776,0.00921305923743105,0.0181071117402752,0.000155125987675613,-0.00911318509550994,-0.000466331550537299
3630,-0.00213768583107384,-0.00896354957297068,0.002523121498303,-0.00677381240898849,-0.0108965752486644,0.00481618559829505,0.00311153703940186,-0.00277455750422142
3631,-0.000966701352852031,-0.000445602073875812,0.00362299256837101,-0.00261127184038833,-0.000359031476494527,0.000306695023076421,-0.00263112351854322,0.00315363322286426
3632,-0.00967288108142034,0.00736152488574267,0.0219473410161469,-0.0142697149655308,0.00164752234320882,0.0243280407940195,0.00394029700004218,0.015867037897569
3633,-0.00404382528962397,-0.0137050239069005,0.00734155268182637,-0.0185790095651577,-0.0104325114350388,0.000394366981584944,-1.90839460073242e-05,-0.0125871265815925
3634,-0.0149450073644697,0.0178001181461159,0.0256977081995602,0.0111919726239789,-0.0149673806858052,-0.02995734531661,0.0148713067843292,-0.0173864794871493
3635,-0.00561985091264851,-0.0206792653149184,0.00426479561072749,0.0187581346299035,-0.0177079021220955,0.0192573406426943,0.0180774961217428,-0.0212984490709581
3636,-0.000586260373438583,0.00259688195593739,0.00178716336643094,0.00294758375600937,0.00469373321055864,0.00646995159952864,-0.00539903893662447,0.00145976907340888
3637,-0.020558059277806,0.0108054212974002,0.00486798010344517,0.0285359622491424,-0.00866345423669782,0.0223837010667618,0.0115250273376376,-0.01700162277072
3638,-0.00423344963679062,-0.0111514012457342,-0.00077455775368093,0.0112219533477642,-0.0056243518513017,0.00103963576829943,0.0132695302363925,-0.0104132260065601
3639,-0.00820185659447343,-0.00215057628201711,0.018770962303473,0.00479025696508733,0.00676554133170224,0.00643883868550519,0.00144322609774518,-0.0289123230736348
3640,-0.00733646336835975,-0.018970920992425,0.00141305299865842,0.0174393961092644,-0.00487398073590402,0.00822522022708708,0.0169680806120128,-0.00382690004670913
3641,-0.00903868289836216,-0.0265532348405896,0.00529663742949077,0.0170992821492812,-0.0132460346019891,-0.000567778852004318,0.0129149966143351,-0.0189602794611248
3642,-0.00201470807885062,-0.00202585050410311,0.00578915173971433,0.00475340326908086,0.0018622849101675,0.00473134920618312,0.00768784198942002,-0.0124029109521085
3643,-0.00118304853114092,-0.0028413991562003,-0.0024379202721128,0.000511733518057372,0.000671324490978599,-1.41830196460484e-05,-0.00320787069379249,0.00121784622704917
3644,-0.0122821122177013,0.0174340718608278,0.0283529038778626,-0.00863265703707687,-0.0158818237251903,0.00566898689987616,0.0211548525627017,0.00526311049272953
3645,-0.000297386154496433,0.000373614920431515,0.000440983148329622,0.000297730765234681,-0.00117379015477067,-0.00340614618066022,0.00239658574163061,-0.00116504774673296
3646,-0.00127735748817437,-0.000260710634854831,0.00531511852283675,-3.57049473617927e-05,0.000329241708546036,0.00979927088213944,0.0123205325968529,-0.00436764803643356
3647,-0.00341232403362831,-0.00502540097168993,0.00275654861480828,0.0044459890203587,-0.00937915999985524,0.0171329344160543,7.24173024382835e-05,-0.00373094584023791
3648,-0.0260376140787544,0.0159331264888885,-0.0158647997546611,0.0200416720608173,-0.00941219905337518,0.00318753290990687,0.0046985394127543,-0.0246860376639527
3649,-0.00752812214500841,-0.0201941401759856,0.00138744393074563,0.00867947597912567,-0.00482008978278224,0.00362166245369541,0.0241481643003564,-0.0169032280394845
3650,-0.01179380675808,0.00580899172096957,0.0174800432535794,0.00920213661380931,-0.01103237330591,-0.00895390473825219,0.0210506622826909,-0.0339693700592621
3651,-0.018576160417028,0.00488809441055395,0.010110216448646,0.0260099223556051,-0.0397951417401487,-0.00639497161138271,-0.00123343123523877,-0.0308811289654043
3652,-0.032787961484594,0.0253841291820669,-0.0242527132614488,0.0142677197473298,-0.00862735941762081,0.00511243120762618,0.00919035922962018,-0.0191205712544555
3653,-0.00995161627187764,-0.00291045329055206,0.0199587869492967,0.00663035443021144,-0.0137988428399089,-0.0124965299149924,0.0119753680109364,-0.0314819697514281
3654,-0.000175289740491714,1.23568644441309e-05,0.0014848358573753,-0.000676310493462489,0.00105663085691528,0.00221137151795345,0.00147385876891499,-0.00113954418626943
3655,-0.00842312153242534,-0.0185066131283652,0.0162273926046405,0.0144284697772303,-0.00638122616732358,0.0172135339726001,0.0108423024440647,-0.00576037866886388
3656,-0.0136998535866452,-0.00185400701799522,0.0159867389899707,0.0269413554941786,0.00419691233127761,0.0030566509876831,0.0140699874442357,-0.0304646668698533
3657,-0.0076402586511292,-0.0205236873185975,0.00391568121659898,0.00761124014680695,-0.00411148740022743,-0.0018445031749475,0.021962461825438,-0.0253119167556371
3658,-0.012145990473252,-0.0294904460030603,0.00300338494092179,0.0203063881314427,-0.0157069619115553,0.00414746999856436,0.0262661853223778,0.00369758192057708
3659,-7.57217728621698e-05,0.000314441398358844,-0.000105228179348518,0.000126834302747189,0.000134224286140282,-0.00175594631200697,-0.000383563102162965,0.000381059258530542
3660,-0.00466416258002649,-0.0104202974290846,0.0118628558159128,-0.00250762435223742,-0.00460300995374373,0.00798141952569853,-0.0170158610838519,3.11407837703892e-05
3661,-0.0100152544253918,-0.0221845362661677,0.012825205584029,0.00665813449945066,0.000355947136099955,-0.0162306899188114,0.00532785760415937,-0.00319321370992961
3662,-0.00931022691064857,5.66757090954522e-05,0.0211272891613694,0.0132039138096142,-0.0215117275886779,0.0101816273720063,0.00505138768671013,-0.0376830094815347
3663,-0.0119226199814957,-0.0151578855406474,0.00688280604287277,0.025922215865275,0.00394384038218636,-0.00554838366092793,0.023006586875482,-0.0142398311075323
3664,-0.0175571056696842,-0.0181428708958535,-0.0083855284465481,0.0371597347176131,-0.0220942041153544,0.0322964619135762,0.0238484350124222,-0.00634310250393026
3665,-0.0309023858994249,0.0198454349959361,-0.02675381536932,0.0161937454887621,-0.0126823907434527,0.0122979527729514,0.00123643496501387,-0.0220273761148892
3666,-0.00798901559761853,-0.0102141823610369,0.00624756213351816,0.01345708168099,-0.00656479796962756,-0.0024432275795162,0.0209898390644602,-0.00825095779614741
3667,-0.00920946411016877,-0.0128476353368218,0.0174045954109909,0.0186806385535132,-0.00404290907986397,0.0233910085203341,0.0211773299259823,-0.0195621053937773
3668,-0.0126881574583649,-0.021635060927365,0.0138757745376845,0.0239461820078669,-0.0167338873371248,0.0141203271248233,0.0326786581326567,-0.00849240439051168
3669,-0.0161976607279041,-0.0193069416602558,-0.00165167499575689,0.0383738103642065,-0.00908826745986157,-0.0201193901749032,0.0444485905195845,-0.019573577228207
3670,-0.0281527700963213,0.0286507537376585,-0.00346949484727893,0.00350672938380705,0.0162575702070294,-0.0048686196231486,0.0352218566510213,-0.0281867284754397
3671,-0.0172793052582232,0.00122005183462436,0.0125598206293357,0.0061778296647191,-0.0439422210305724,0.00881997768042239,0.0257160124766288,0.00993241654647776
3672,-0.0130289813634516,-0.00338257539054636,0.0167313773927192,0.00117363547797043,-0.0422874729297482,0.0150718433712081,0.0233414455785976,0.0116465874907168
3673,-0.00871476582412516,-0.00397190432609117,0.0233247212155277,-0.00285818759068907,-0.0310223944603782,0.00564336725569241,0.0162886412124636,0.00947600086142061
3674,-0.0140166044642969,-0.0285091324646517,0.00281938324632586,0.00305120198015238,-0.0243092093876402,0.0286172893830701,0.00943395850571102,0.00377455800661694
3675,-0.00920223881450881,-0.0143733796936758,0.0120907126925195,-0.0227921042866586,0.00646384736555196,0.0222125191412776,0.0109856658873635,-0.0279370413155771
3676,-0.00830514990953451,-0.010127995246272,0.0121521188307272,-0.0236007181468325,-0.000780309053563232,0.0158337848713469,0.0112910946966895,-0.0365804540236919
3677,-0.0116249575813306,-0.0064101470214741,0.00681229204101033,-0.0140631962408061,-0.0271716790169381,0.00471583802144996,0.0341612225315004,-0.0107534578270133
3678,-0.00682568037766608,-0.0152075939268062,0.00900035628184526,-0.0292102153763011,-0.000386118422948954,0.00891806817162027,0.00980931918540879,-0.0292987186927873
3679,-0.0181006529352999,-0.0220531868554858,-0.023506996129017,0.0146958206452602,-0.0213848365735557,0.0283948447958805,-0.00925249390844918,-0.015088124386864
3680,-0.0167055958415128,-7.53994547267271e-05,0.0059347147615057,-0.03759547282621,-0.00219330532184074,0.00875102369998389,0.0315614280247189,-0.0121192506535374
3681,-0.0224243039500655,0.00889480714965755,-0.00553954476689457,-0.0274725611837204,-0.00766781663436271,0.0176799640147491,0.0313932463588516,0.00169529445259401
3682,-0.0181335815685808,0.00289075424853809,0.00299559575214562,-0.0363607985008546,-0.00680988977514073,0.0420919011409961,0.0217394957044094,-0.00870222769635979
3683,-0.0188222388323636,-0.0199839714262987,-0.0226098095274891,-0.0303906170518926,0.00813415529527238,0.018338282106047,0.00557653040726199,-0.054844964787687
3684,-0.0168421992168998,-0.00474035821976126,-0.00703356613970983,-0.0357071079006403,-0.0234959442601364,0.0067303197422198,0.0220244427610409,-0.0184033501890945
3685,-0.00439911829135351,-0.00790559564531624,0.00469681464580428,-0.0213011003377471,-0.0158855453471969,0.0148158741495667,0.0114432957499936,-0.0094890617948006
3686,-0.0183009644899747,-0.00850736955120793,-0.00986110078760102,-0.0453127614301361,-0.0197857977571811,0.0119649509900924,0.0285228397001928,-0.012974381045162
3687,-0.00404239238646906,-0.00794208345989694,0.00406573694637273,-0.0137417274680956,-0.0117650782942484,0.0127551145398781,0.0127017064735077,0.00157200748879806
3688,-0.00727540622047711,-0.0156465160088257,0.00526112115318509,-0.0233320065605941,-0.0319589311500737,0.0017510578570118,0.0186991162234792,-0.0106504551939976
3689,-0.00710040116602363,-0.0209686697187004,0.000886567522897416,-0.0126231514472993,-0.0192687168328047,0.00641073593549356,0.0216875253391967,-0.00773649128471882
3690,-0.0178958563626552,-0.0109213036206919,-0.00141905948929382,-0.0352186678404597,0.0148046618859073,0.0163401091680878,0.0382811548399806,-0.0361308856125518
3691,-0.0147329817535337,0.00557555099532412,0.0182443205577265,-0.0248472910165756,-0.0300239379830999,0.00546710575946684,0.0186360390501694,0.00244848328153039
3692,-0.00591278424839856,-0.00578376659660084,0.0120431198476439,-0.00489658335638022,-0.0160146626222196,0.01626200184399,0.0121316723457822,-0.00147721972562126
3693,-0.00545464770803983,-0.00581015553573414,0.0111134770433044,-0.00420937279074835,-0.0216101410270006,0.0173488295707967,0.0151370909081877,-0.00933640908828467
3694,-0.00401184155064039,-0.0043145701520598,0.00952590131297511,-0.00195488819880752,-0.0116659087162363,0.0118643350732965,0.00267071708803221,-0.00659390094634327
3695,-0.0057839166230864,-0.00612549551623946,0.0126680627342445,-0.00672931569875184,-0.0185875079812284,0.0150088577473972,0.0108688700473475,-0.00903928300148419
3696,-0.00508520074282705,-0.00449259101152776,0.0109897900475142,-0.00608073400740462,-0.0160649904960339,0.016239280372188,0.018996725722562,-0.0142334703676142
3697,-0.0156712793793158,-0.0179500613697972,0.00502765089432587,0.0329633387371943,-0.0107767201334813,0.0143067137994783,0.00113307752747872,-0.00535637595061784
3698,-0.00260874444523663,-0.00809640790790852,0.00356742422440015,0.00143101494449701,0.00128720641468469,0.00874376651452163,0.00383207314325165,-0.0142708185406334
3699,-0.00383411334088184,0.00446172387051066,0.0163199619783646,-0.00551372752150765,-0.000551675232998064,0.0311076724374548,0.00538384844268368,-0.0074200885589643
3700,-0.0120028397705429,0.00777289632418794,0.0168599269844974,-0.00330302454272233,-0.0156854374100047,-0.00775023747604923,0.0176742967512798,-0.0260008010715536
3701,-0.0140335827991595,-0.0224757531136178,0.000661897276329092,-0.0164358888008092,-0.0181850505488625,-0.00864043664034885,0.013886558613599,-0.0287137789403086
3702,-0.0285394579888496,0.0310603932396398,-0.0117746804326968,0.00812372945716276,-0.00641156332044252,0.0143443511510087,0.00258424924990271,-0.0252705517833256
3703,-0.0246929367550096,-0.00137362431914886,-0.0109308929246765,0.037480808682211,-0.023275944804611,0.00465322091211309,0.00725547889776001,-0.0223712024167281
3704,-0.0138106375044602,-0.0250278644682133,0.0090447796391772,0.0189464756816813,-0.00677970587102984,-0.0239891719411888,0.0295725055291785,-0.00907174495072591
3705,-0.0101580443589915,-0.0355000427345945,-0.00589849225140393,0.0346400896000906,-0.0111213236532842,0.00991166457191949,0.0353103965584668,-0.0203007652416495
3706,-0.025989654054991,0.0125425476105211,-0.00975648759837171,0.0188814438687833,-0.00341734573600662,-0.0116909089314158,0.0238683754989073,-0.0353786165717706
