"movieID","X1","X2","X3","X4","X5","X6","X7","X8"
1,-0.0309815282360828,0.0191009252219133,-0.0346452334751238,0.0185577117727672,-0.0108984333525255,-0.0148051592536169,0.027426442902721,-0.00778948377599029
2,-0.0214938703691546,0.0231848771295258,-0.00186646998498942,0.00968512362813987,-0.00936777130294655,-0.0289731572011277,0.024199515390492,0.00205180822308208
3,-0.0203045069600987,0.0279647002046313,0.000834335184947655,0.0208101514744454,0.00183957090881801,-0.00708699269735907,0.0210927153502439,-0.0138770055669865
4,-0.0143653984241812,-0.000406340619038344,0.015154490627816,0.0259109150954581,0.00714641183879054,-0.00407399793330918,0.00106336041634919,-0.0146872476562039
5,-0.0168415319748755,0.0160000771551771,0.0174990060565747,0.0383555376090985,-0.00255177572005179,0.00227955864463005,0.0071743369732278,-0.0170891746992223
6,-0.0263387855281341,0.0188743876596373,-0.0194424628461452,-0.0147340279029243,0.0109419854290681,0.026212034607649,-0.0411362634761988,0.0363624197557732
7,-0.0200526987597602,0.0150039489773346,0.00758556955219675,0.0511312868886851,-0.00722331420814362,0.0157411695922926,0.00491365414887523,-0.00142678347129411
8,-0.0129375910879961,0.00227052752089079,0.026223746477247,0.0112853216873512,-0.0168833035626634,0.00504163055853843,0.0127557997301592,-0.00584882900333099
9,-0.0116307988321766,0.0165302969225062,0.027360203745657,-0.0176458414558264,-0.00454880396506992,0.00168596077865879,-0.0181035383233616,0.0237863191992187
10,-0.0233107667199849,0.0287206263311332,-0.00336491229189985,-0.00938810092568017,-0.0145289608231702,-0.000759936412862746,-0.00385268887715527,0.0556227752418815
11,-0.0258435299080499,0.0196443666890192,-0.0117274852718887,0.0376752586690073,-0.00928020083976795,0.00868928797129542,0.00195102795934637,0.0224895089844391
12,-0.0112149381550517,0.0126156710331429,0.0263875013056252,-0.0127086787565454,-0.00157311118705383,-0.00603386351055646,0.0146196029182437,-0.00799073415415605
13,-0.0160970899702802,0.00132313504281909,0.0221420749219303,0.0238013829982985,-0.0166390219232949,-0.0125731114491644,0.0288390488867318,0.000599746082376411
14,-0.017367757331429,-0.0158816201518836,0.00907429139631954,0.00591166798979922,0.0103025231077623,0.0184110710265608,-0.0219213968190554,0.0048576650156406
15,-0.0131715308701916,0.0129356717281385,0.0231375532266035,0.0134406385821855,-0.00419308304010121,-0.0127404662254778,0.00790621199120999,0.0256697745732253
16,-0.0241410468106017,0.0106823039618458,-0.00627692260589761,-0.0130055512952209,0.0189335123985165,0.0441595479076395,-0.0427218197117515,-0.00426038838028725
17,-0.026657940787637,-0.00126425496476898,-0.0283638324999507,0.0469092446957727,0.00147729092142652,-0.025121653831918,0.00624500877364643,0.00180172158198359
18,-0.0172742117168638,0.00645069404413142,0.0230203029456548,-0.0131106986358913,0.0173472624433623,0.0286506696195964,-0.00445468375393786,0.0119642882139493
19,-0.0153407498163926,0.0292825935999524,0.00758980058444666,-0.0139149178810062,0.00342804941005362,0.0206699324383198,-0.00203424197228988,0.00450027453774533
20,-0.0124673079202124,0.0151495628340782,0.0253699129574135,-0.00479616464886354,0.000684847121772665,0.00754612406360883,-0.0238852928448846,0.013901586140505
21,-0.0261994141030772,0.00945047445021532,-0.0272683155241941,-0.000520989561155104,0.00791490582754988,0.00664571935374235,0.00214250124962602,0.0599921451271817
22,-0.0198906397162679,0.0166987690497046,0.0137954669097365,0.0115710664936514,0.00751183598677905,0.00971060439999445,-0.035034314845744,0.0100990751541479
23,-0.0140139587344171,0.0165421390245155,0.0253225666700298,-0.0107666285776528,0.000350317701673974,0.00538771409066174,-0.0134633255576623,0.00632178014114063
24,-0.0217703559378005,0.0258448923026202,-0.00315659211294347,0.0114041310536766,0.0118234211961049,-0.0289005325953969,-0.0100835872420826,-0.0328190698897077
25,-0.025208261134917,0.000838211899334745,-0.0271287030836079,-0.0148284379538396,0.0292380921273441,0.00901140985935909,-0.0345555072926351,-0.0459936722959678
26,-0.0171924870462322,-0.0103563465907992,0.0171020344297333,0.0135590975678754,0.0121715622745128,0.00173404595191101,-0.00180793595190178,0.0104169075734969
27,-0.0102473185876751,0.00107873321217454,0.0306297968996018,0.0190431379871962,0.00678556094275598,-0.00314205312091813,0.00312405888056865,-0.00889385920688273
28,-0.0206427172085176,-0.0273181058265808,-0.0115361321150536,0.0356588220294223,-0.00731937135828531,-0.0165471801199575,0.0176451616498339,0.0178585525534271
29,-0.0257759773139451,0.00438560986053628,-0.0205568571243991,-0.0289185882346592,0.0257275460443543,0.00325871546184709,0.0375267491624154,0.0158976447133835
30,-0.014213364918697,-0.0343154229030426,0.00282408633468711,-0.000315993253011411,0.00846428203255006,-0.00144984331624352,-0.0158686231404149,0.00456888561625912
31,-0.0144043288163928,0.00925934472214661,0.0287240125704789,0.0247813488898262,0.00797591858371065,0.013650297166402,-0.018436216104597,0.000428441528281071
32,-0.0285479765144792,0.0170349588953541,-0.033484131127554,-0.0236691406132914,0.0262785897984635,-0.0118790289730856,0.0207474912110782,0.028112336690051
33,-0.00172772367324904,4.70593311254643e-05,0.00662162729904269,-0.00462678936407366,-0.000900039447775248,-0.00122565249689627,-0.00893152575878971,-0.000932679303510483
34,-0.028661135264334,0.00373245044855943,-0.0357494040137567,0.0240220281852439,-0.00569605157222876,-0.0118589191214286,0.0302052607238588,0.0105129211363599
35,-0.0132737098967864,-0.0201067061033824,0.0114186166839445,0.0140801184376164,0.0147055923637292,-0.0125044440739992,-0.00286106894741253,-0.00361978752382637
36,-0.0275400229656129,-8.14633457117756e-05,-0.0299865587862107,0.0198188337432438,0.0177224887588435,0.00626757104576181,-0.00893282224544917,-0.00763418029375389
37,-0.00378006178041748,-0.00263032960588314,0.0104309658181245,0.00446921841555461,0.00137436524845267,0.000175377262713611,-0.00256215503439225,-0.001575137806809
38,-0.006554244467979,0.0122281440266238,0.0336599845029637,0.0178004361639952,-0.00629963755737449,-0.00264746345974953,0.0248056120629146,0.00257277199933591
39,-0.0255356126659648,0.00603313458314461,-0.0192597624540506,0.0244717044129585,0.0186804901557515,-0.0109932193598375,0.0233375343288088,0.00129859092964494
40,-0.00991753817141186,-0.0202256874343917,0.014545567831485,0.0133786233268166,0.00977264544135804,-0.00563196246970958,-0.0153052322649755,-0.0100101686315293
41,-0.0233429448550119,-0.018289529641091,-0.0130259719308244,0.00819950087458266,0.00804923218926228,-0.000992995481382802,-0.00550621989869627,0.0218631074668918
42,-0.0160667212167841,0.00520484916976673,0.0147536492321985,-0.0177555916204967,0.0203537908101453,0.00933853894277249,-0.0182847881867441,0.0154988039182156
43,-0.0189684730218194,-0.00562996629623063,-0.00596212171442244,0.0178640663535852,0.015521912209202,-0.0345121963631214,-0.00253147262219638,-0.0320541854173419
44,-0.0149027239316922,0.0254071637969932,0.0207806744401283,-0.0157705772938241,0.010262523203195,0.00850350340509433,0.00673499849978238,0.0149227042423986
45,-0.0217674136263077,-0.0103073319539122,-0.00819522862439713,-0.00476813413017055,0.0200538637603594,0.00649266985136958,0.00762816416902697,0.00741972237412371
46,-0.0150849922294002,0.00113289084212339,0.0214243943805539,0.0373000763417335,0.0099831360216059,-0.00301072657778121,-0.00368231272819483,-0.00120631001690081
47,-0.0292666857016953,0.0230971266905288,-0.0261953829808602,-0.010322321873568,0.0319395223049911,0.00624346379353673,-0.0330067966460973,-0.0310792817982802
48,-0.0175533255500211,0.0127766741323877,0.0122906220868565,0.0303991163940396,-0.00855587472364488,-0.0128334639232556,0.0109227426220014,-0.0165383709313312
49,-0.0112172142836743,-0.0208605842143313,0.0197645196353436,0.00657372471245783,0.0173542484963371,-0.0095142736767758,0.00368079943964344,0.00255235804431334
50,-0.0331788015991083,0.0191857948327034,-0.041992294649237,-0.00434322987513756,0.0210442560934496,0.0103033114261673,-0.0216912605067417,0.0088451929956804
51,-0.021614632696292,-0.00842393103352451,-0.00353064871358538,0.0205959932197596,0.0162164051896043,0.0426197648555618,0.0109652331341256,0.0103490845967109
52,-0.00618315604491279,-0.0253910925277301,-0.000316419506770712,-0.000588373407689106,0.00995709685770399,-0.00745421281821482,-0.00799142901135621,0.01162572427491
53,-0.00686032652937766,0.0130542871772818,0.0235533567000851,0.0207861731592521,0.00278787973412197,0.00709071063267222,0.0249798536406488,-0.00117089531167738
54,-0.0105915187631935,-0.022985604447143,0.0124469340505736,0.0100244109187673,0.0160576350468618,0.00350972651384097,-0.00909294020083395,-0.0124068693530037
55,-0.00147017313475708,0.00497906028924172,0.00471051614655545,0.00200407131124472,-0.00281987111384408,-0.000465921759015406,0.00586238658140422,0.0020694208242137
56,-0.0155966371486563,-0.0116936448545358,0.0188593075273154,0.0167378306575667,0.0132146331445763,0.0057490883312377,0.000854467571513306,-0.00649434177655101
57,-0.0257205929200517,-0.0108004698429256,-0.0245442452495413,0.0380721346358568,0.00743619717142581,0.016023302095403,-0.0072469883316441,0.00362132424506983
58,-0.0029192015377449,-0.0048787996191394,0.00599225149860874,-0.00495972039203777,0.00481752751503351,-0.00379967903969925,-0.00456706683477932,0.0157836538805377
59,-0.0205490699315499,0.0103972211158103,0.00248538477748178,0.0150083241731599,-0.0131087873253203,-0.00755803229251497,0.0113181635789024,-0.00551398326635103
60,-0.0114166077016903,0.00828006916199364,0.0329569891404705,0.0095027713696038,0.00523936267131278,0.00422774758642548,-0.016482045465496,-0.00501215402470974
61,-0.0237484611416365,0.0203898668902169,-0.00153897890748151,0.0407446167891169,-0.000265655629953559,0.015557284035635,-0.0141959297077594,-0.0106631757902219
62,-0.0121941233201536,0.0168206872871427,0.0240930400092891,-0.0132560665539229,0.0285174143203132,0.023604247452752,0.0152210252688136,-0.000865476268500679
63,-0.00966396357107775,0.00318142005995026,0.0259850153486749,0.0157879051258856,0.00525425624912962,-0.000423709833154224,0.0029003018717963,0.00546022092781018
64,-0.00887875567087612,0.00774414879811056,0.0285137934214053,-0.00483178428250765,0.00933257670378208,0.00563887304609474,0.0224394443830535,-0.00718861437114957
65,-0.00800342986071742,0.0090183264515316,0.0129765931528806,-0.0108080418730177,0.00468281713893442,0.000629645151145217,0.00318698487036143,-0.0024317225782109
66,-0.001095075924004,-0.00224078182691031,0.00331812516328386,-0.000245005080641433,0.00253613816242564,-0.00252174543377696,6.29259125779388e-05,0.00188548252020436
67,-0.0144168913206696,-0.0210278871624718,0.00945023997964609,0.0173735124726118,0.014005591629037,0.00219515373625162,0.0101545412414054,0.00472222784866111
68,-0.0215570443075975,0.0159873457110883,0.00416500479709782,-0.0140640358108505,0.0244784881979483,0.0498264996352252,0.00471990195055266,0.00847247364844084
69,-0.0196579842180641,0.0278484746032239,2.86658897763561e-05,-0.0527950571043631,0.0197250871358758,-0.0246755912961013,0.00152594806481277,0.00689975685831072
70,-0.0092349571510418,0.0136038408805359,0.0271574387529655,-0.0112084432190018,-0.00389621104134923,0.00193227513735306,-0.0142902063790634,0.0156297353305593
71,-0.0153260788124682,-0.0211349492183772,0.0105792946046758,-0.00586433863236298,0.0329068866812477,0.0122224756447178,-0.00049582787905917,-0.0025454267471645
72,-0.0228079454516292,0.00261370483373985,0.000304170699132033,0.045414178399363,0.00427666900756369,0.00733271765642304,-0.0111856415896214,-0.0204652348757734
73,-0.0138454988362518,0.0112796840892817,0.0221438108755757,0.046175265741846,0.00624757980400011,0.00146174782265095,-0.00540100936265005,-0.0120970861361182
74,-0.0027919106516921,0.00647411384755591,0.00982691035021494,-0.00127126874215842,0.00415814691892785,0.0116480724422328,0.00578256942159319,0.00123230310808244
75,-0.0149147993014475,0.0146870842945582,0.0130359479885549,-0.0367810139983677,0.00525115618863888,-0.00505671957219486,-0.00874928723490992,0.00308294286510918
76,-0.0110596852602193,-0.0316042146010436,0.0094093987204417,-0.0116133187731274,0.0129685806989179,-0.00134289769270521,0.00497240950276014,0.00413284094681632
77,-0.0114975502829666,-0.0221687518374799,0.0185864903491189,-0.00425485983734239,0.0112035521069162,0.00512238303929339,-0.020117027873832,-0.00274705966772454
78,-0.0125311454706041,0.00553749401900953,0.0258992119168304,0.0127709025248848,0.00641165438600273,0.00224384590749699,-0.0221837609796153,-0.00799655316309185
79,-0.0133868203564241,-0.0338891470601761,-0.00482152374114897,-0.00120857923820759,0.0173600521300473,3.90427030477291e-05,-0.00679048697430629,0.0075632187380077
80,-0.0168826422683295,0.000139525051991415,0.0136649960537474,-0.0133045813070606,0.0167523258330314,0.0364181503418343,-0.00569371380724158,-0.000703521309072684
81,-0.0161844981654635,-0.0281429471046414,-0.00324614200802363,0.02570847889333,0.0141615355565476,-0.00670391001169068,-0.00405148171245378,-0.0033982821633024
82,-0.0108733983266508,-0.0211478526547505,0.00965478035523475,0.00377266363017449,0.0111485681789286,-0.000515777913312151,-0.00683021282990797,-0.000364625628751549
83,-0.00702440965025997,-0.0192565682229784,0.0114137262447797,0.00727016891364831,0.00713928959381864,-0.00984560085250652,0.00880307657124747,0.00617311658846303
84,-0.0174448191313145,-0.0203473160674312,0.00528943337609086,0.0174427644615806,0.0100197630548642,0.00375337480622936,-0.00342952798497877,-0.00021965807433439
85,-0.0219383593047149,0.020601815249402,-0.000227303964849717,0.0077729568939713,0.00358048546186545,-0.017878754496561,-0.0295008369615452,-0.00642677236349339
86,-0.0092687772435767,0.00618527050276551,0.0235650386816857,0.00554756891945388,-0.0104700541702214,-0.00520944481679438,0.0145381889881356,0.00860660178701352
87,-0.013813822234047,0.0241077478804374,0.02893370169005,0.00349842658303676,0.0260122500047362,0.0252288490295612,0.00482154331895676,0.0132269214623038
88,-0.0175922295422477,0.0161441489077356,0.0188192782489479,-0.00919597913286464,0.010210025210387,0.00572181546526528,-0.0223347984733937,0.0215959646443523
89,-0.0035804761316044,-0.00863401936161347,0.00846898411130669,0.00814387708571535,0.00776383611158128,-0.00650347465896867,-0.0121406098015562,0.00695513768050673
90,-0.010567954451312,-0.00443052092647252,0.0211308161235562,-0.00386144270500672,0.00778377234524381,-0.000141365372724057,0.00448638893121506,-0.00644458225804018
91,-0.00936804512484663,0.00394059605641053,0.0251758530377744,-0.00309578938084435,0.00554675115331112,-4.41290126923801e-05,0.00545940832649984,0.000348176334719847
92,-0.0190373234200102,-0.00338305413908678,0.0158650645511232,0.0154876730885439,0.0286836391799456,0.0290164172948887,-0.0163648806661587,-0.0129184865862477
93,-0.0172670845614494,0.0217819636489959,0.0182915188809353,-0.00643793376464111,-0.00668902679408804,-0.0178141577687191,-0.0211752728617876,0.0554680081064978
94,-0.00735895502025308,-0.0208628707370237,0.0115920068919132,0.00174920193362758,-0.000397116710714222,-0.0162269629177202,-0.00061781945687371,0.00706774992337558
95,-0.0126654701054394,-0.0277348755921168,0.0023039675888722,-0.011494945143292,0.0374218184983069,0.0126279804781194,-0.0105061621622935,0.0101455094791197
96,-0.00122843602616514,-0.00292407385666963,0.00267500968765574,-0.00274173926631942,0.00386276872279463,-0.00258619913206769,0.000833577202002416,0.00554312864978098
97,-0.012796745819814,-0.0268587416636685,0.00796844076522398,-0.0130967057333524,0.0177419120714208,0.0123303551304098,-0.00853754918348456,-0.00703328877808936
98,-0.0148553403589003,-0.00463532500615772,0.0190547403145734,0.000149807395425238,0.0116389370223759,0.0134856771716969,-0.0342489264850185,0.0149572899861734
99,-0.0209053078170665,-0.00851446630085875,-0.00741453982727929,-0.0188788565918952,0.0385198504010126,0.0433398753230206,0.0158788695652836,0.00839619911805107
100,-0.00713433209706659,0.00285098992530188,0.0180625308294136,0.00743705031840767,0.00982202362199117,-0.00193666039322489,0.00955807236333745,-0.00056670052319313
101,-0.0109772442899323,-0.00731418538442587,0.0270139230099649,-0.00316025692365204,0.00829899230565202,-0.00111753921514076,-0.011764859969155,-0.00196003695253725
102,-0.0218086403629373,0.0353549263001411,0.00402024942728235,-0.0073789223403073,0.0198563314437921,0.0588223718570201,0.0096415642227675,0.00541240317119997
103,-0.0194192622745109,0.001385947893626,-0.00196717109357695,0.038861199570845,-0.000989817437688008,-0.00038507652121672,-0.0191968942649369,-0.0367242514337131
104,-0.00524173648529185,-0.0199022565478891,-0.00366881325965906,-0.00291275434071778,0.0182261919377151,-0.000457423905971638,-0.000985881938399457,0.0198657949555314
105,-0.0173939511411024,0.00754187967900537,0.0139908902211483,0.0137658975551162,-0.0192699424606389,0.0136350166964903,0.0517190940866298,0.0146579347007944
106,-0.00425017911486901,-0.0114111144886165,0.0123197937354889,-0.00930961136968553,0.00545698315949515,-0.00797701227646772,-0.00668591319597081,0.00370090555168446
107,-0.0315297665475057,0.0380555870743084,-0.0304736285644155,-0.00549232436014797,-0.00202529578596655,0.00150016899773421,-0.040987784754681,-0.00558830716485473
108,-0.0292794317131421,-0.00233436633124278,-0.0430665959176697,-0.0317608740267988,0.0113070800575118,0.00402534081333013,-0.0359411031815815,-0.018490082363444
109,-0.0226468968231902,0.01791100007185,-0.00421017764450508,-0.0111398304208607,0.00333512993374697,0.00224113289089589,0.0372629269876985,0.0528432183896651
110,-0.011183773258998,-0.00293565563037242,0.0255027232550876,0.00876118829192722,0.00793048383196492,-0.0058533896737,-0.0303012297406542,0.00987220558954205
111,-0.00442675011774904,-0.00913156557208221,0.00793392525090376,0.00481042400098899,0.00732649187279977,-0.00405891770244983,-0.00806936602808216,0.00298270261078053
112,-0.0141589583190877,-0.0306148898354593,0.00629919079918805,0.0273737487261098,0.000715921938384187,-0.0115464722305038,0.000616127681595304,-0.0145454114724081
113,-0.0149489230649628,-0.0196855143708042,0.0139597720539595,-0.0185081465913413,0.0152567956766642,0.0109486902796105,0.000563203149489798,-0.00245481961796933
114,-0.0127767853576848,-0.00627141564240388,0.0190413064438716,0.0181191122633964,0.0166979221867427,0.00487619267185579,0.0124940354420128,-0.00189202576170782
115,-0.00363930371888571,-0.00130740527183587,0.00986260195272595,0.00489044594392974,-0.00111728401782898,-0.000558461168712868,-0.00557155072856422,0.00303566125709005
116,-0.000669387556415517,0.000518650124061563,0.000843544709734987,0.00377851279871441,0.00367270164722599,-0.000430362323980891,-0.00426262282638884,0.000512822145786112
117,-0.0134398697928017,-0.0298096535242394,0.0038909620708753,0.00917911437088767,0.0119519307233709,-0.0059588177491278,-0.0198747425312217,-0.014582424664137
118,-0.0154729740236823,0.00713642484300914,0.0190130347743338,0.00544500700154525,0.0108428556110171,0.0121550412518157,-0.00743048461581008,0.00571988557389335
119,-0.0182875295185244,-0.0292799777944432,0.00117585763936578,-0.00136039186832261,0.0150233047066298,0.00725959075924559,0.00508983707944058,0.0148635442812082
120,-0.00415217040421558,-0.0120250000954187,0.010101913294169,-0.00119600120398104,0.00463754124374911,-0.00635492341806573,-0.00551348792654674,0.00494293029142847
121,-0.0219766126973386,-0.0141733323439688,-0.00795045988345528,0.0127756693021041,0.0369181467829967,0.0226440561070256,0.0135083669143635,-0.00181265149962645
122,-0.0101504414487386,0.00830926800781356,0.0154767042569875,0.00185672287172135,-0.00582996398430801,-0.00321796559033804,0.00944608491589703,-0.00457524786360454
123,-8.50268425645182e-05,-2.15039716597534e-05,0.000247139653904867,9.89910828502353e-05,0.000861862486471535,-0.00108288738009442,7.66863432370997e-05,0.000910326647746578
124,-0.00684304284930235,-0.0273458906321241,0.00415482469276217,-0.00410815804886858,0.0104610202777782,-0.00676675632835313,-0.0109646102863286,-0.00423057782138809
125,-0.00236296595041891,-0.00601457496235829,-0.00175050626189399,-0.00372672487212886,0.00265125315406083,0.00666569686772497,0.00344961943923984,0.00533740064718667
126,-0.00179453501491507,-0.0060367345371506,0.00360453704555642,-0.00163161196331814,0.00658977454083927,0.000175208602187124,-0.000352469544877302,0.00602635753953386
127,-0.00694888854847869,-0.0133422932364297,0.0130194897002841,0.00305823448509297,0.00479908202815297,-0.0058790738248471,-0.00978760547468222,0.00785408564467759
128,-0.0110651316587423,0.00204898702451835,0.027234151901658,-0.00683515041921464,0.0127944292064356,6.05660505168031e-05,-0.0176898666839781,-0.00370440265732189
129,-3.47419802308448e-05,-4.03752402052039e-05,0.00023363365593109,1.8267145173187e-05,0.000108932141720106,-0.000197135318485954,-1.78539363180485e-05,-4.79517379495784e-05
130,-0.00100124026207498,-0.00665846204959071,-0.00339865003922734,-0.00379843298300562,0.00595665858203156,-0.00127770089936689,0.000620495531621707,0.00230616141499466
131,-0.0125594318096774,0.00899382433189749,0.0348058925675623,0.000819618753097915,0.00141499587449866,0.00273075507550116,0.019137685246026,0.0166103215190093
132,-0.00429835658463474,-0.0146718410960861,0.0103616511635521,-0.00585151936844261,0.00647568976708125,-0.00755400426763627,0.00388527499862095,0.00288124651328302
133,-0.00309347245230589,-0.00419373021018837,0.00185864528749321,0.00860876343021554,0.00860391893783616,-0.00271659331132733,0.00598111600071881,-0.00593638756751006
134,-0.000233407827917601,-0.00059972586690506,0.000406297153245495,-0.000257246943914461,-2.00347578371353e-05,-0.000542814321366243,-0.000777446504959706,-9.72612267873825e-05
135,-0.000977762524817901,-0.000433718564328539,0.00391323963161592,0.00184152714621759,-0.00263563782638571,-0.000842794317685705,-0.000485076161525702,-0.00161783549079735
136,-0.0148067333584206,0.00722975879449262,0.0223793605290825,0.0446914505570349,-0.00360986101078995,0.00197634804133658,-0.00690095303978774,0.00170968529214995
137,-0.0234030763719312,0.0110297160363907,-0.00347446692013804,0.036251198041927,0.00454514680659058,0.00387414585378153,0.0144340285261661,0.00071580776715677
138,-0.000285896466520655,-5.73344369524606e-05,0.00102490739554675,0.000296560078839012,0.000224763139306287,-0.000790705969013858,0.000276795180894645,0.00274771013700709
139,-0.0232188623546554,0.00854396856202853,-0.0175277377206328,0.013253907826117,0.0267543832905467,-0.00600517318652283,-0.0115067690866144,-0.000337713503966297
140,-0.0190799657139578,0.0307544734271333,0.0120391956657424,-0.00799967524856567,-0.00102659869546275,0.0133352262825037,-0.0185190233726475,0.0410844173640183
141,-0.005967456813767,0.00150153934232056,0.0250991511388416,0.0183132900775942,-0.016785943756711,-0.0176576597208368,0.0120220418903453,0.00327809430215402
142,-0.0188991974611077,-0.00244979306075041,0.00753034852004656,0.0105579968250571,0.0274728649073536,0.0354123685731356,-0.0322546576675577,-0.023693102912671
143,-0.00641469816009767,-0.0174032193996908,0.0108880545279864,-0.00306850771334095,0.00689931031492733,-0.00380606201057602,0.00193478302495733,0.000108248372983408
144,-0.0132592212402985,-0.0248911925359795,0.0148210987988727,-0.0137389607593305,0.0221401101697293,0.00718913581311537,0.00425017654156227,0.0139487960225963
145,-0.0294894216329066,0.0227455079771181,-0.0261355926372369,0.0240026900795025,-0.0179626007077403,-0.00563366040258855,-0.0168746320239159,0.0195930805875384
146,-0.0243002731904809,0.0113064380203906,-0.00742267576700712,0.00923095944733937,-0.00583599893792347,0.0112942003699935,-0.0293594956576217,0.0220746644048535
147,-0.0119648854016162,-0.0152948219576607,0.0109943617376574,-0.0294170901370959,0.0165137399424374,-0.00658377320874885,0.00271465354623379,-0.0106644171092623
148,-0.0166683185523915,0.0247558203625967,0.0135466902645932,0.00992637472999951,-0.00379265013188154,-0.0141106776347986,-0.000500651150277537,0.0214525947725646
149,-0.0161939362040074,-0.0390101731035433,-0.00768766874245182,-0.0046216029885556,-0.0028651170923609,0.00545954589309103,-0.0066265182468048,-0.0141035517038779
150,-0.0160346197241588,-0.0170121396203297,0.00966043310734103,0.020422916151116,0.00445044105243773,0.00738526171085936,-0.0180810826875038,-0.010921023293943
151,-0.0138849669103006,-0.0251893618533168,0.0131161871001278,-0.00645241893199833,0.0234930943088113,0.00757205609029266,0.00398992317459783,0.00807777930358982
152,-0.015121664631463,0.00393032489280919,0.0200868339402566,-0.00115307279343158,0.0107799175287956,0.00521610048848424,0.00774767124424371,0.0222370092906734
153,-0.0163637531750376,0.0157201983904711,0.0206810607945576,0.0164646669373465,-0.00617596635028088,-0.0123480920225817,0.0203625000874584,0.00201018042671237
154,-0.0156104732242915,-0.0149987134459486,0.013637639181313,-0.00515360583241619,0.0229224564544236,0.0122533690708121,-0.00865418540503828,0.00776129155269833
155,-0.0134971611975976,0.0260390309246394,0.0183249296144329,-0.00324243097040144,-0.0143239650955798,-0.0254488044126604,-0.00880121395715177,0.00296153984590669
156,-0.0253422196045906,0.0219604922123115,-0.0124681278487847,0.0150462955078575,-0.00974808439364671,0.00745565684057593,-0.041839340145625,0.0397638647967885
157,-0.0237296248674709,-0.0233913282074669,-0.0307395547778573,-0.0276460135511126,0.0181319364464809,0.00888636455036714,0.0136532740888866,-0.00239425790761527
158,-0.0217837753142187,0.0240006364417874,0.00276857874515682,-0.0144613467502783,0.0167508401320104,0.0111982297028852,-0.00307616297074076,0.0424334110528463
159,-0.0229383155033495,-0.00605984264419514,-0.0202455352037568,-0.00069327654921168,0.00281882270571556,-0.0137778980500751,-0.0146754508234015,0.0445918646571284
160,-0.0222490938172547,0.0282910505474394,0.00920289095667618,-0.00852162167913329,-0.00363533188962949,0.0112137738613164,-0.020930547405733,0.0649135003915639
161,-0.00933889150152745,-0.0110228519933531,0.01827659058657,-0.00975824615654959,0.01658961840464,0.00325076599174374,0.0118502587827163,-0.0137354324382124
162,-0.0038977418593876,-0.0133107173481084,0.00732745704011114,-0.00294645540591996,0.00694893813287794,-0.00547735965276909,-0.00583038979797405,-0.0045782037891645
163,-0.0158429287074001,0.0262349159370974,0.0292043546105175,0.0232377247582916,-0.00569939611696935,-0.00909174163907227,-0.0208846980746122,0.00201344487824366
164,-0.00966443146274434,0.00943650864563873,0.0211849109466522,0.0182852624096185,-0.0129376440291702,-0.0123551735380326,-0.00817007515141111,-0.00101672485445402
165,-0.0180787963797986,0.0275055857294762,0.0240697134750242,0.00395193228788503,0.0127500679003063,-0.00511755397363308,0.00313551479030348,0.0235139419761008
166,-0.0162268763550651,-0.0097092877755557,0.021705857324144,0.0224116385669957,0.025716593890175,0.00159555029186844,0.0156844247717296,-0.00583969015984257
167,-0.0157749014802241,0.0231403746233755,0.00905048784918858,-0.00696608745363373,0.00488979731929631,-0.0148887611912219,0.0187929287871057,0.0164680735383855
168,-0.0134345709715742,0.0265527023304862,0.0188732259798404,-0.0118577753714666,-0.00313693235719634,-0.0222042897488204,0.0177035054995822,0.0261821025890228
169,-0.00895764711434942,0.00920415705684312,0.0301858336251985,-0.00800837450402205,0.00606883256792839,0.0134956956088187,0.0130829331397118,0.00358295481266319
170,-0.0187967940771926,-0.00783546158075061,-0.00521604758722636,-0.00295196873469997,0.0346188743820151,0.016513060437238,-0.041453504559565,-0.0106972238170311
171,-0.0206089392292303,-0.0220103911683822,-0.00844264459648111,-0.00115997249151558,0.0192958530311604,0.0246116331932542,0.0213897722696482,0.0126409618584091
172,-0.0126464771926084,0.00562523578128106,0.0244223003857329,-0.0255124779077962,0.0134924659770275,-0.00459618544098816,0.000607509733881127,-0.0100138352700893
173,-0.00710316022084429,-0.0198625774636008,0.0102658637421495,-0.00162257187753266,0.0180697679019363,-0.00463143487659406,0.00285985487192782,0.00331672585479596
174,-0.008217876375082,-0.00567123889658732,0.016222524415603,0.0112345310135024,0.0102211099726999,0.00274355933997297,-0.000281250744109433,-0.0107425468948769
175,-0.0206077280797709,0.0224960104659733,0.00629383031970449,-0.0110792632800501,0.0322894471583226,0.0469436400221525,0.03038576493928,0.00447228111561196
176,-0.00727425837207782,0.0054762783422859,0.0201698431944914,0.00259900162979048,0.00159892883064459,0.00143519144764837,0.0148131314987263,0.00148302099252229
177,-0.0113405292543787,-0.00859938886371544,0.0225552792734861,0.0232415385083277,0.00475829623191267,0.00413601274666657,0.000979768565025026,-0.0137992160487376
178,-0.0101057937040569,-0.0174340377210602,0.0187783857167843,-0.0124525025662685,0.00906517849409739,-0.00274118520987697,-0.00882285039215872,0.000411521217585548
179,-0.00768620103167478,-0.0162457985489876,0.0189335374021348,-0.0105961618961876,0.0135982828833601,-0.00826491556894578,0.00175874705743919,0.0100965694906876
180,-0.0186803850131155,0.0283069918453498,0.0112570689100722,0.00763088323759186,-0.00729976318296498,-0.03009237055114,-0.0123316709499909,-0.00382365511332418
181,-0.0145204571520663,0.01075415889273,0.026808253037493,0.0167461537755222,0.0127834672528811,0.00103686586763907,-0.00275887326906976,-6.34817954881371e-05
182,-0.014883115512176,-0.0164874881172166,0.0135459062209148,0.00780149135436395,0.0273147631036573,0.00752412183008615,0.0157666628300649,-0.0035655042599219
183,-0.017550900588354,0.0102972687061147,0.0186244172128478,-0.0317022916920635,0.011770485904132,-0.00766379509542665,0.00614159555733049,-0.0117294038830159
184,-0.00772654943484337,-0.00954081180363462,0.0160656040780877,-0.000541163129706592,0.00779724232678591,-0.00734744811587971,0.0041525365549463,-0.00651689217172991
185,-0.0144019901402204,-0.0315583506589347,0.001881219928068,-0.0230709908482184,0.0134556203856185,-0.0190073548408493,0.00159663922946807,-0.0042099114264247
186,-0.0107808721521217,-0.000122791680731352,0.0278791942490576,0.0129888275029398,0.00798737966538321,-0.00843160345540704,-0.00664625748802577,-0.00663967885713082
187,-0.00130364021753759,-0.00235677960588136,0.00236052138144288,-0.00161585892909003,0.0032596551299719,-0.0003397332772762,0.00314028861387004,0.00319886049523167
188,-0.0119209881812045,0.00857585618423207,0.0169213808724673,-0.0153847636535691,0.00569534332709063,-0.00707934958980914,-0.00245666890223958,-0.00101573257286209
189,-0.0192475175450598,-0.0215863891662772,-0.00114466032382858,0.00946648535541268,0.0263728356351911,0.0194320765670531,-0.00679120274961907,0.0078879723149154
190,-0.0143070068756965,-0.000281267067568253,0.0219949906230016,0.0309936204931083,-4.60053103425794e-05,-0.000329461510342389,0.002967983411009,0.00407311208864402
191,-0.0163406054320807,0.0214946049230993,0.016437142271289,-0.0250232123859227,-0.0046283087794674,-0.0236890744029262,-0.015714591637211,-0.00984863870729227
192,-0.00750602319181991,-0.0169069184352769,0.0114351588975935,0.00150084336540036,0.0092118602893104,-0.0120550896741973,-0.00885663860794359,0.00310783945472927
193,-0.0222470079669962,0.017760810821108,-0.00879111128914207,-0.0233757705553328,0.0125412818508927,-0.010559420725559,0.00547933933099889,0.0273628348500923
194,-0.0168708101756322,-0.031208429108744,0.00339657124391849,0.0207709466689709,0.00423375349882744,-0.0143931081143214,-3.29487987521968e-05,-0.00119142080659101
195,-0.0033146508613874,-0.00215844802709647,0.0137824525400158,0.00103138112428849,-0.00290284369404315,-0.00609041705301398,-0.00780359066762565,-0.00534548541072631
196,-0.00821092641723561,-0.00906538864058447,0.0168465168109017,-0.00381799927179232,0.00458419591534897,-0.0118039879455581,-0.00417154883165875,-0.00179544850775075
197,-0.00791469907193355,-0.0102043503992689,0.00957122009934368,0.012348611290501,0.00994292131742229,-0.00607685332566751,-0.00739326364086812,-0.00224883385135508
198,-0.0160363539464791,-0.00355227526180671,0.0170132740268843,0.0299234780595579,0.0201004322482653,-0.0220571851731127,0.0223363733479648,-0.0028623059306768
199,-0.0146081520604617,0.0232499820955635,0.0254849524578919,-0.00622185514617639,-0.0075875680766423,-0.00234174206790875,-0.0280342755418527,0.0411180612052065
200,-0.0161653484301602,-0.0191157501918008,0.0180034192016451,0.0151667027766693,0.0241614754006134,0.0115675563341404,0.00660474748958342,0.00206836445873253
201,-0.0156565452995624,-0.0298709824372074,0.00881410932564834,0.00421082854367063,0.0210568002073904,0.0023748665217798,0.00430580386457515,-0.00578094000811524
202,-0.0156172429235528,0.00899533834082753,0.023277322802328,0.0373790558677615,-0.00527247053714482,-0.000783800194640923,-0.0101475616333448,0.00700251046698635
203,-0.0165629150051593,0.0247809584976978,0.0075958499305506,-0.0107735562650295,-0.00565221853081343,-0.0263167586521699,-0.00594397789052165,0.0233526910382811
204,-0.00915386380821008,0.00091122499545513,0.0201151629804903,-0.00414776075764303,0.0145230699257609,0.0222124914698639,-0.00244346506114619,-0.000515658133832733
205,-0.0118751520543624,-0.00133460166019425,0.0230167522887041,-0.0105115945041573,-0.00931491395488507,-0.000849568028837729,-0.0186513669398099,0.00282717427913295
206,-0.011180701359323,-0.0289162975588684,0.00299309410010682,0.00555000037114815,0.00987882248114907,-0.00263051235956746,-0.0043165471351026,0.00457161507368811
207,-0.00232715894072794,0.00268696033669315,0.00648137146455851,0.00537194581072757,0.00130157034290912,0.00116725836652095,0.00329771251380269,0.00353753780464706
208,-0.0197321816277654,-0.0331368821464495,-0.0175450570542958,0.0177687108935008,0.0062834709116131,-0.00686423970410824,-0.0120675918688682,-0.00238192047929439
209,-0.0106018429809787,-0.0268356407491182,0.0130819249790951,0.00304864967443024,0.0143477875814918,-0.0135013851834272,-0.00512381422183285,0.00520766743737362
210,-0.0191520105035205,-0.0181952433798615,0.00369461402199647,0.0239262000894945,0.0242669784997093,0.00822306502698254,-0.0120293261620108,-0.00967803335773626
211,-0.0174930412429143,0.032797077937493,0.0130076573600059,-0.00724789060814326,0.030382022216071,0.05090832209808,0.0251990387958889,0.00193913595824718
212,-0.0111529824194064,0.00578489770611836,0.0265794569124218,-0.00439467314653043,0.00547123876136168,-0.00418413954353748,-0.019822510762124,-0.00182828399956278
213,-0.0157259836826992,0.00317180771353077,0.0246127494997143,0.0235185144598873,0.00902013871983877,0.000605886670965681,-0.017238562333566,-0.0083736026857849
214,-0.00804606985405549,-0.00948481348932813,0.0196863306554476,0.0024722899554444,0.00713883696296465,0.00401319719252749,0.00566050870374576,-0.0100968029160112
215,-0.00487244210036234,-0.00296077914934245,0.0113929771622236,-0.0169896551859526,0.000880612726271085,-0.00472495926858654,-0.0044060607248868,-0.00783525732223665
216,-0.0203961006977291,-0.00112424822399493,0.00496182543942332,0.0413148761935005,0.00817372514105636,0.00412863556813052,-0.00965177180728865,-0.00231950226422335
217,-0.0280392943668227,0.0223674632735225,-0.0320372066198954,-0.0258706861306424,0.0391726187286421,0.00573761418298857,0.0256008794976899,-0.0206529375909787
218,-0.0206287507389014,0.000919418943698081,0.00643951871815336,0.020966439644297,-7.41433945661451e-05,0.0183844816185964,0.00613071372482537,0.0249294390261488
219,-0.0183480355823594,0.015135246917516,0.0149268014482269,0.0196947030982982,0.00317105284369441,0.00516082171865369,-0.0408390269601782,0.0119810203198999
220,-0.000216742177748044,0.00152290105059307,0.000691128317207744,-0.00122972832984648,0.0016130525039315,0.000303966290571693,-0.00162916670311441,-0.00241943757107748
221,-0.0130217019817175,0.0162947664337423,0.0245611844207952,-0.00608070854256579,-0.00543137792711898,0.000941521625364853,-0.0157243252879745,0.0221614667058362
222,-0.00263628409964798,-0.00528278342212954,0.00374619508265768,-0.00449126619599182,0.00198455949829165,0.00070924273415183,-0.00137607833989079,0.00265261950989525
223,-0.0156106020299159,-0.0214065962666178,0.0159991204321327,-0.00875505226071956,0.0146606555225498,0.0172202414195585,-0.00878859304516446,0.00481590575555709
224,-0.0206139992462616,-0.00370012010790447,0.00336702653089939,0.0135597887777813,0.0058912052199821,0.00218311984217098,-0.0326552552004457,0.00119181811047938
225,-0.0202999104987975,0.0272309772110709,0.00253805844895251,-0.0161638855176101,0.0138783544020663,0.0760350906351228,-0.00411585597681261,-0.0123179251028176
226,-0.02496115712762,-0.0119177222768401,-0.0170266426371901,0.0188996931154277,0.015834064459548,0.0172991806263476,0.013562673766815,0.0079067576324732
227,-0.0213390279663413,-0.0146342747140167,-0.0192152107040419,-0.0177278668143329,0.0297664225378468,-0.0303864674592957,-0.00553412286190338,-0.0242332547734744
228,-0.0113752450478639,0.0103196437309836,0.0251845823964591,0.0103725930988792,0.00416563479206054,0.00109359133638084,0.00242969852027476,0.00876454663331225
229,-0.0246140995682674,-0.00559295433504068,-0.0251678038574637,-0.0257670078079238,0.0192674954061989,0.00288144843477101,0.0424030653364962,-0.0109238477732076
230,-0.0181394529099132,0.00600946735591806,0.0159241243150529,0.0408722087323167,0.00525137175576153,0.0163504929395049,0.0139832596945755,0.0112773481284821
231,-0.0164235952548261,0.00963365076702322,0.0201180983284704,0.0267395663638886,0.0125352363954843,0.0136899405482816,-0.00633018243062759,0.0135321140144556
232,-0.00940536479502226,-0.00142662118704026,0.0277613387545146,0.0127904267198298,-0.0077830138008067,-0.00759760022580838,0.00338323228326368,0.0042447957670405
233,-0.0149895129888649,0.0130144992457235,0.0227696288395488,0.00593621574345328,-0.00125332336120913,0.000850448711460209,0.0296132301944425,-0.00681950259697483
234,-0.00978528238004254,-0.00211433717082081,0.0199771183077209,-0.0195930236024045,0.0129353639013949,-0.0149279095768105,-0.00880877000116606,-0.0130774294448072
235,-0.00964575123650736,-0.00677670694837784,0.0307322966355803,0.00676453214367925,-0.00591574413283172,-0.00674280068995001,0.00678234026356276,-0.0143700403083773
236,-0.0157090638347015,-0.0170157696371785,-0.00224876378494014,0.00817977405323171,0.0050293990590346,-0.0233445741804635,-0.00560052216751582,-0.0139376933525641
237,-0.00333852238373853,1.16941552210276e-05,0.0126763879393506,0.000401713851219142,-0.00209950913223922,0.00175593177096908,0.0019006530658623,-0.00143595779718049
238,-0.00348596797232049,-0.000554445612900568,0.0110239471649612,-0.00320826731467117,-0.00139545486901243,-0.00254566167929033,0.00661572691249464,-0.00859189887168939
239,-0.00359278072616467,-0.00782260678075259,-0.00191022634280424,-0.0102204053241468,0.00536421035956249,-0.00339054418807909,-0.0108601073275418,0.0163349969878584
240,-0.0289655541174542,-0.00265933314438855,-0.0370177331768289,0.00830029717904441,0.0217888486878861,0.0136737004119576,-0.0068689456671862,0.00624573363302083
241,-0.0246109914842737,-0.00954539505059334,-0.026850226023765,-0.00652600764529233,0.0255442829999028,-0.0115563638955289,0.0153255907594738,0.00500044416494494
242,-0.0144083644132193,0.00221572868890589,0.031388394010377,0.010404391883484,-0.00256998535335107,0.00388518009114678,0.00193612146931046,0.0014929530355355
243,-0.0221743368470074,0.00229388220867842,0.0045448023376862,0.0323292517749272,0.00807194837616542,0.0284480188523857,-0.00987416512151013,-0.010006319796208
244,-0.00622551879099546,0.00580186068506269,0.0255372223175731,0.00332034004074457,0.00969498085434959,0.00923767798714967,0.0170780805335145,-0.00574195917014331
245,-0.00712455050217921,-0.000192958346255575,0.0207935375494566,-0.00817720032686277,0.0039491514734028,-0.0163318969992673,-0.00627018340893297,0.0107303663101092
246,-0.0186863914949596,0.0126729651894768,0.0148020416781438,0.0329955762362498,0.00544956641155379,0.0115471707736079,0.0197118410832744,0.0264033785695675
247,-0.0235435640742044,0.0273929886135078,-0.00616458120325641,-0.0140456872716842,0.0205286230140674,-0.0120880477691857,-0.0158077077378389,-0.0459764762207549
248,-0.0102879628101241,-0.0169795772221478,0.018105767655471,0.0124430835104127,0.0105806042809816,-0.00216053501207392,-0.0182099483986547,0.00134145687445882
249,-0.00781691061200137,0.00747264513150267,0.0188055356815115,-0.00791448864936887,0.0149873576728716,0.00421993092590953,0.00391427670599829,0.00320525005443384
250,-0.0150529918249977,0.0133764974168559,0.0223007680493572,0.00495134543084095,-0.0115369159801838,-0.0118985434405562,0.023243619623453,0.00677881430763721
251,-0.0157318549124759,0.00936673312744582,0.0265536246554619,0.0137354540896972,-0.00267992930682232,0.0109563312738765,-0.0275703235243826,0.0047796915691682
252,-0.0115366920199515,0.0143321553925149,0.0253222233396872,0.0119110127969627,-0.0223017822421223,-0.0161731169744861,0.0220221940917141,-0.00136160424208088
253,-0.0131615306143437,-0.00134002582106218,0.0218397668162726,-0.00840052122423369,0.00594302489795814,0.00627549580917505,-0.0189919275116797,-0.00181904552467067
254,-0.0333231609894985,0.0252029226339718,-0.0383924760506445,-0.0116582937128955,-0.0197088433701177,-0.00401427416538813,0.0138292922891655,0.0177678703474186
255,-0.0203552467013297,-0.00622645692761935,0.00403597797574316,0.0496338171561735,0.000858112849432297,0.00267230879822134,-0.00700051900772576,-0.00263584849031311
256,-0.0212299355200951,-0.0130652044293323,-0.00201795076919052,0.0290031237007152,-0.00243103514886003,0.00882684584590028,0.0195055947236101,0.000574053419328355
257,-0.00969048537361577,-0.0283274057320116,0.0116229034153973,0.00287411744265435,0.0179211367415294,-0.0105700067908726,-0.00830240360374211,0.0158085403133895
258,-0.00346369511887374,-0.00927860046207511,0.00717786124717491,-0.00585664415976182,0.0105418140599173,-0.00450371488190246,-0.00294551105014033,0.0146599800280356
259,-0.0269898404312438,0.000856322795181934,-0.0315403216757507,0.0283822410332743,0.0214101335401447,0.00317610665166245,0.00492869169983804,-0.0222281737890875
260,-0.0246391425843447,0.0255004941998526,-0.0151399986255173,0.0146827296719473,0.00220829408447471,-0.0121425465633253,-0.0482003019125225,-0.0395626078790568
261,-0.0123058277153077,0.0185409782195994,0.0323167663076359,0.00453729445889198,0.00789084041165151,0.0147905943612419,-0.00588554386818676,0.00324501995177207
262,-0.0129780769264503,-0.0184510735067183,0.00616333123774809,-0.0122838359248355,0.0258727717363981,-0.00874845253208116,-0.00791695908184391,0.00166203810078355
263,-0.013198143051216,-0.0195856597831712,0.019645138341167,0.00983648218824023,0.0193580520024124,0.00230921917529278,-0.00432703182474677,0.00519392004430225
264,-0.0132149721354837,0.00109422677428393,0.0191115610637284,0.0453646266106199,-0.000725100365352418,-0.00421749795419877,-0.0112535739888704,0.00428617805800185
265,-0.0121368555816073,-0.0095177294302449,0.0265828470205001,0.0151851776892717,0.0114626503101339,0.00328864952711219,-0.0122212521045124,-0.0101892292335902
266,-0.0220189616490259,-0.0173845259411928,-0.0115546330591478,0.0154672754605633,0.0065978484676209,0.00620736174089625,0.00307909295681277,-0.00240587470801654
267,-0.0158128185799145,0.010813678697117,0.0214096453273072,-0.0117087440271024,0.0129611444123717,-0.00737595385658665,-0.0067903663859011,-0.0337509125629521
268,-0.00408613778393739,0.00648485006727976,0.0199663374858285,0.0113352717121736,0.0046564473136273,-0.00211557458074289,0.00907204111914785,-0.00132012665437158
269,-0.0104085837792143,6.07388612563392e-05,0.0284951760893664,0.00671977842263821,0.0148683157266751,0.00445911169594793,0.014201558003133,0.00262400020029127
270,-0.0139697337709456,0.0125465032859718,0.0235160005827324,0.0274782059949124,0.00147011488648097,-0.000903859678020536,-0.0067171766367162,0.0117798776807557
271,-0.0174461714363181,0.0116121487129203,0.0118478046035347,0.0216249915516022,-0.00371093132125298,0.00375098528609236,-0.00763253376910821,-0.00235401132521543
272,-0.00999614820483719,-0.011608667567131,0.0205947427964309,-0.000117629585680005,0.00776430475600134,0.00212093705573843,0.0046633634364693,-0.00172544723761674
273,-0.0116954193888807,-0.0172301582055954,0.0115106305698633,0.024229361070623,0.0205729640948637,-0.00645035122220445,-0.011920481598528,-0.00171299870164907
274,-0.0188432322703557,0.00349160699918803,0.0209807804038629,0.0143810868473522,0.0124605030727884,0.0222884743180765,-0.0339400953849569,-0.00937202716824399
275,-0.0208495381418902,-0.0115031755027652,-0.000422457096497337,0.0136298972666603,0.0172863327049222,0.0176689535584593,-0.0100383836745713,-0.000584843234044736
276,-0.0170046578775057,-0.00150403492769741,0.0162633246671449,0.0407056714737268,0.0117262438632618,0.00267626703378397,-0.0117861720030313,-0.0156894614074021
277,-0.00624144486026176,-0.00367976695764185,0.00435971851502838,-0.0182891174101896,0.0153018682861418,0.000977463257173631,-0.0160286348872317,0.0117357873219253
278,-0.000787605010642914,-0.00123363040613129,0.00242149008402772,0.000535244760886007,0.00310694501314874,-0.00137265591113969,-0.00224297193328848,0.00228374472612272
279,-0.00648745832517891,-0.0107876597765204,0.0121260814182739,0.00400435725435693,0.0108866883224063,-0.00159201338761622,-0.00618562477085435,-0.00399708370146416
280,-0.0198557066959786,0.00957980234550358,-0.00921789083251556,-0.0434270572981679,0.0408543276405711,0.0100863324787532,-0.0159821355833481,-0.0327334908286077
281,-0.0164605023930768,0.00642077827484556,0.0189247922545326,0.0417977772628767,0.0180112757816896,0.00177123968881935,0.00774533900169734,0.0032525450720825
282,-0.0212862405320761,-0.0199378666863054,-0.0232756453821938,3.60288012993389e-05,0.0182274111704333,0.00972988504678537,-0.0324209029884382,-3.90280127286671e-05
283,-0.00803219144459425,0.00245374579545981,0.0204539482282416,-0.00816749729270361,0.0121335730939902,-0.000146762207424256,-0.00487693139238412,-0.00509497897129301
284,-0.0209936818766051,0.0294244566844625,0.00860584281453798,0.00659750131703637,-0.00971231563116273,-0.00668993488500378,-0.0209662760584884,0.0237093772468467
285,-0.0292708811773885,0.0152717985881123,-0.0254606775009468,-0.0117399499590823,0.0194270969241589,-0.000984409568413816,-0.003731326801233,0.0139990608155829
286,-0.0110960337350108,-0.0155035843621466,0.0132137738007188,0.0173734943424307,0.0149894890560291,-0.00824484902678075,0.00188882672922543,0.00432591629171103
287,-0.00841870722013219,-0.00554768244461291,0.0229973909209506,0.000143817003674973,0.00420194530449662,-0.0017676100585907,0.00172282814432962,-0.00270122859111994
288,-0.0311828965950925,0.0130872185585659,-0.0440932933631246,-0.0363007143701076,0.034224140919495,0.0222555395865356,-0.0381268670939776,-0.017183175965312
289,-0.00895697580238752,-0.0113906571059266,0.0171848080495637,-0.00201258522119569,0.0166644585346187,0.00089388050517602,0.00114543779563224,-0.00411648014389657
290,-0.00996398125904009,-0.02459417359314,0.00598682799191369,0.003196568215744,0.0124526534029547,0.000785064279764762,0.010245093688007,0.0129173590558034
291,-0.0193753419003158,-0.0124089317694834,-0.00686238878700005,0.00533192879199732,0.0353970351879055,-0.0218388426067147,-0.00417230422512008,-0.0299977225060997
292,-0.0245822504646235,-0.00291432358311621,-0.014044556511706,0.023771967324388,0.0174740416676358,0.0161738937594058,-0.00286215928672145,0.00994971437022777
293,-0.0124248140277789,-0.0203099766214919,0.0125420140870501,0.0127204897392583,0.0134537084320602,-0.00574689536555474,-0.000662790981037097,0.00112269687350946
294,-0.0165418966352399,-0.020507725334756,0.0127146526757394,0.0187026777038169,0.0135916757295879,0.00202217212420038,-0.00727983881338532,0.00411290532479378
295,-0.0181351280664241,0.0175024950160112,0.0120669425038839,-0.0182874783369328,-0.00299931465612514,-0.00600900395320813,0.00141883033787855,0.0332834875732537
296,-0.0117185557833316,-0.0038178442236165,0.0217765613127939,0.0127870149201529,-0.00136394363739796,0.00260781223102414,-0.0140493433022677,0.010065979237366
297,-0.0124593292828591,-0.0113790838544465,0.0115547946402651,0.00841733043480314,0.0125481013407057,0.0043828506805695,0.00702015033961793,0.0124008342808035
298,-0.0244128397146689,-0.0232894587704747,-0.0263277579338017,0.00270549347689894,0.0242583274110072,0.000857832440075756,-0.00919968641307737,0.00638639700967009
299,-0.0223772320337932,-0.0252159263110583,-0.012891363828327,0.00392424923527254,0.0262537711960972,0.0131018748204996,-0.0104988620869693,-0.00192747887305977
300,-0.0195067023076898,-0.0259955223403831,-0.00660997031340108,0.00753375570083891,0.0324670344759523,0.0150892764758998,-0.0183901566083328,0.00741678460817954
301,-0.0138837680618355,-0.0264104053479272,-0.00116709043857398,0.0164696105802066,0.0168242646945823,-0.0109950808415208,-0.00410896836532157,-0.01096909041452
302,-0.00103069637091088,0.00309518687770203,0.00660166052181451,0.0100077436390314,-0.000593790924130544,-0.00412907495839807,0.00717342641223533,-0.00359734105480333
303,-0.000922682738925757,-0.001370028252961,0.00408160448306682,0.0011330573347918,6.9762363787258e-06,-0.00226605193674211,-0.00195203065729572,-0.000816056885435619
304,-0.0109327188949376,-0.00812788189919596,0.019406070066097,-0.00333449056260405,0.0117491696315897,0.0119174930371099,0.0206702433249506,0.00955594023803284
305,-0.0101189990035876,0.00381359499386152,0.0250512575190208,0.0147791760885932,-0.015055266870968,-0.0141836831537181,0.0252299137713358,-0.0062263311818698
306,-0.0246338233623203,-0.00434141584723378,-0.0253355409755178,0.0217464508903278,0.0139268276270437,-0.0304351455930303,0.0154941215039687,0.000722030242686194
307,-0.0122893267632434,0.0188767028207635,0.0340517958572192,-0.00625668572491937,0.000880401203332019,0.00264654771776383,-0.0174913527590098,0.0182666643361802
308,-0.0236527922981289,0.0336263003594739,-0.00419041562278988,-0.0042169054567854,-0.0135712582641866,-0.0254978307900074,-0.00239454817696817,0.0191008684691346
309,-0.0208308165947598,0.024986162975203,0.00540821562322478,0.0174946487600362,-0.0288663134569157,-0.0192521429526752,0.0217248077144641,0.00846365240182411
310,-0.0339735651386584,0.0267529788779515,-0.0408745851492842,0.0130837648674397,0.00963567619722063,0.0106607808901024,-0.0286665835175391,-0.0169205287294193
311,-0.0232388760020129,-0.00928935929482825,-0.00947428208628335,-0.00910214667603236,0.0159887402738299,0.0200566825197888,-0.00412141873045857,-0.00292802276941274
312,-0.00916920892452212,-0.0234000194999233,0.00922379613274588,-0.0097059907143774,0.0093736268516993,-0.00758644396541817,-0.00134693998145055,0.00930450892090318
313,-0.0142632183920241,-0.0248928171348086,0.00575290153799709,0.013365411942445,0.0272290873103706,-0.00150093351314078,-0.011614625857263,0.00319365243490259
314,-0.019364426913182,-0.0141389677810995,0.0104471168551702,-0.00206828148266447,0.0264089020497692,0.0310620625098059,-0.0134306811911854,-0.00147780522689711
315,-0.0126113803714642,-0.0168738225634138,0.0198676367251474,0.00861859530754185,0.0143397433335712,-0.00703266149977226,0.00922055503973431,-0.00218516189698876
316,-0.00757342883449923,0.00973670838904625,0.0246563750623631,-0.00928418811382923,0.0182438597641147,0.0147655296033028,0.0148235300963027,-8.74826518775342e-05
317,-0.0157881336425361,-0.0356358454637783,-0.00478044713106626,0.00972284311400356,0.0251532984688723,-0.00111354654377213,-0.0158392580223112,-0.00509939508127907
318,-0.0153560715691138,0.010386026450265,0.0101204011605614,-0.0156865218081745,0.0162984040199537,-0.0204363421010271,0.0596493785672385,0.0157227397028552
319,-0.0143845668348366,0.0114007319174871,0.025306962399429,-0.0366838400452542,0.0127023612304546,0.00105289376019393,0.0022008499177825,-0.0173471751794696
320,-0.0236620749314703,0.0241784625580672,-0.0122547083263103,0.00342148141221789,-0.0178005748843304,-0.0413094526053922,0.00711355253099618,0.021531761511889
321,-0.0121864826830557,0.0101668763158964,0.0252245204443984,-0.0196660796201904,0.0162737421291247,0.000307328178482213,0.00580727890723339,-0.0331486317249709
322,-0.00656706457260131,-0.0193424208627907,0.00827946939076576,0.0075282598470901,0.0159363405886043,-0.00588188108576968,-0.0161979298262043,0.0026839333922722
323,-0.0129688368717838,0.0069966384920745,0.0190510819868469,-0.0242375794522627,-0.00272842536967288,-0.0177445612896157,0.00594483938011186,-0.0219328651142149
324,-0.0196244687491656,0.0308044867429399,0.0133022581963642,-0.000877719989641746,0.0140340231459268,0.0672581824618187,0.00260568604703296,0.00355333443120984
325,-0.0154229143781457,-0.0411941967399446,-0.00791195036347175,0.0013026320288187,0.0159640363892121,0.00549055343893991,0.00506753216633455,0.0173638560815595
326,-0.0113900102345687,-0.0243253686193556,0.00940860725572505,-0.012598216940912,0.0149455148027802,-0.00671870244872288,-0.00286673373952556,0.0138082812895216
327,-0.00616567103488475,0.00154913636301435,0.0142907816091135,-0.00935050577951068,0.00124026158885138,-0.000179053525141511,-0.0117032976579585,-0.00189409987723925
328,-0.0248955778162002,-0.00159313510855019,-0.0132291972260285,0.0182093851801922,0.0226650518193638,0.0199744866105034,-0.00601564481706532,-0.0208203740797528
329,-0.0168568498781102,0.0233704682110355,0.0193894201565855,-0.0146957658410194,0.00707553695419337,-0.00693648031353409,-0.00500071226489297,0.00116050963317946
330,-0.0215653774071735,0.0167514414656034,0.00225458664524041,0.0474426194913728,-0.00477801822813334,-0.00611852653402598,0.0027243704733481,0.0265250599148971
331,-0.0147423643793456,0.00284774191675507,0.0231680849616665,-0.00118442510710396,-0.00139143913400204,0.00590953904221931,-0.0080735058794331,-0.0102606496753839
332,-0.0107652679418717,-0.0275774269665662,0.00638257560156132,0.0106810597159599,0.0250332564726304,-0.00336511910845361,0.000545518396412219,0.0022088790312707
333,-0.0233538395575365,-0.00904399847752243,-0.0135925997307718,0.0240544759589201,0.0179231037015199,0.00600469327663753,0.0139661204817932,-0.0146537077514049
334,-0.00894192517111661,-0.000215081173534589,0.0231446579789899,0.0130534939047064,-0.00535196930145623,-0.0122271287908021,0.0121479691282123,-0.00404387349197658
335,-0.0213045914592205,0.0302924391865546,8.52361200146302e-06,-0.00936927548316574,0.000618189513246617,0.0359962279558433,0.00329097923417852,-0.00220752967280521
336,-0.0245715743203795,-0.00585777750943465,-0.0151137448176316,0.026066593754262,0.0157930111645076,-0.00123642736862848,0.0175182345504866,-0.0267855625515742
337,-0.0175931710060675,-0.0115651058556118,0.0129584541681842,0.00786185152519157,0.0134853957305987,0.0128421290835116,0.00850668134248213,-0.00519544057199483
338,-0.0107966500844404,-0.024788465153845,0.0142928664654344,-0.00600639180951318,0.0205866041580268,-0.000412341556161613,-0.00357622498096649,0.00914973428216528
339,-0.0223424171293758,-0.00895390176028362,-0.0113341608436165,0.0184629542642124,0.0251113175858811,0.026585658039916,0.0215632409937681,0.0103479979949133
340,-0.0255706545980411,0.0269954466017855,-0.0118204109528248,0.00321705582801156,-0.0156196648809474,0.0039916701608837,-0.0404235357352616,0.0394283760696566
341,-0.022020955397201,0.0161613389079151,-0.00262146993970807,0.0268707874163303,-0.011763851945546,-0.0131294169286439,-0.0413525474875452,0.00647601370423649
342,-0.0181217126272644,-0.00247684792432563,0.0140024483997528,0.0444908588250367,0.00121617367912868,0.00755239581031183,0.0214643463222655,-0.00426829017051359
343,-0.0162310383981832,-0.0132695728569386,0.00717745217439923,0.00347863122855152,0.0194286225775351,0.0236944301468051,0.000597379983341917,0.00215479161142053
344,-0.0221088282963124,0.0286883416140622,0.00201569296611501,-0.0351534212430382,0.0167588772827493,0.00839982345048624,0.0243718168323265,0.0174586304654591
345,-0.0129154822377025,-0.00506734938994644,0.0259109009663398,-0.00295255040762808,0.010567712777669,0.0117702727006345,-0.0244256135040102,0.000296477667521005
346,-0.0121448166017658,0.0124908412353573,0.0269676747876159,0.0158432975629758,-0.00579007628780111,-0.00236111922962255,0.0225705416615797,0.00532956523883277
347,-0.0303989542368597,0.0362584523532897,-0.0285858625098104,0.0213048941620499,-0.00561815276126535,-0.00245314468217124,-0.0388108619254247,-0.031910713283841
348,-0.026112259926579,0.003789382263566,-0.0238639603980539,0.0298090181336028,0.00950321249833181,0.00256287587409536,0.00393420808955338,0.0248144200021055
349,-0.0168584200532838,0.00853152847399222,0.0170917112310351,0.00555662745993706,0.021068392667471,0.0253717479447402,-0.0112795888791449,-0.0123227222260372
350,-0.00875897891237047,-0.0154231153169354,0.0196810441170596,-0.00276911992704292,0.0143072493122892,-0.00435685527851327,0.000892262155839026,0.00103595974377416
351,-0.0124479056950785,0.0140206807013439,0.0253737349686356,0.01292905897176,-0.00516301872304721,-0.00629890197511436,-0.00301093106309235,0.0269542583578541
352,-0.0189916144529164,0.00871727079502552,0.0154215911827769,0.036537422128928,-0.00192433876090062,0.00491716205130818,-0.00538113266041694,2.57480703032662e-05
353,-0.0195625109745827,0.0100881867310893,0.00988178083327136,0.0262277602475586,-0.0110343306269731,0.0053910258562923,0.0121544529507748,0.00783222325939561
354,-0.0153620237542493,-0.044090002594949,-0.00212103257376469,0.00300479487554362,0.0143055729025425,-0.00214600647312061,0.000806429433557117,0.00348773956040231
355,-0.0274812748355232,0.0261098302921414,-0.0153471546188913,0.0261952580375822,-0.0139652872353517,0.00334481214141339,0.00589640002365424,-0.0351725754364881
356,-0.0131857013721139,-0.0133454170098913,0.0190186322970996,0.0030134211388499,0.0144256995118749,0.00244600350511116,-0.00399348825632951,0.0062453183233067
357,-0.0149107995095606,0.0113812016390283,0.0152396558363903,-0.0320725851751706,0.0258818152977372,-0.0142792752614132,0.00784754953752157,-0.0418076900826022
358,-0.0237139995191986,0.0229753787218715,-0.0113781844725718,-0.00241654007518779,-0.0035097727808079,-0.023915809733418,0.0190805274125398,0.0330198955694021
359,-0.0226501589467971,0.0264698856562763,0.00719264075072513,0.00730305411682285,-0.00924220852257534,0.0142214931401794,0.0115834894384666,0.0425515834866336
360,-0.0121998287430821,-0.0204856077913281,0.0170288390197463,0.00766617028670708,0.0190503858200796,0.000554995470313339,-0.00767714149460698,0.0105580307205479
361,-0.0187949844106567,0.0165765105179513,0.00438694103278174,-0.000317288164376418,0.00826146582570207,0.0247710598034136,0.0249472355135563,0.0266872591854303
362,-0.0174233971519135,0.000286217410531926,0.017316816144709,0.0122993024732149,0.0130538144216796,0.0181379716343775,-0.00477744672811325,0.0139611120943068
363,-0.0187833708411661,0.00465351179998706,0.00444546265727735,0.025664517446974,0.0345668609982209,0.0156594499517384,0.00157381352122622,-0.0183393012500806
364,-0.0221280958808885,-0.0168486845407181,-0.0115534483682366,-0.00391547707203363,0.00646867289011278,0.00395362304180057,-0.0219194451777706,0.0157026712778026
365,-0.0097260118727619,0.012055965985415,0.0268808235140924,0.0173293631555089,-0.0025087284885604,-6.55860426540066e-07,0.0211080303184789,-0.000701234662501712
366,-0.00484954381613522,-0.00960633760289075,0.0123385295334042,0.00410137283345846,0.00729456035164539,-0.00687633749389736,-0.00133599632105893,-0.00782086122502532
367,-0.0196406018250176,0.0171976259104356,0.0142968429992034,0.00673654945831961,-0.00298935555281937,0.000506562455648213,-0.012167806253664,0.0203750215254841
368,-0.0258489897431731,0.0257261936910252,-0.01396907003402,0.0134321187636529,-0.0147431289264907,-0.03410739687984,-0.0190716598662343,0.0371295961188942
369,-0.0142410398640931,0.00709154823397986,0.023089545275596,0.0277728562284396,-0.002429014694071,0.00709284724688413,-0.0061498028350804,0.0188316480707122
370,-0.0172703685948069,0.0227520387675223,0.0113056063755732,-0.0117585682547765,-0.0168766838191458,-0.022924068468124,-0.00382006541615758,0.0179903718694147
371,-0.0252756292655673,0.0307134150175523,-0.00701213986345068,0.00724743614470403,-0.0125779472059728,-0.00886454561067696,-0.00721899035402471,0.0460045237546772
372,-0.0173207555777068,0.00690382516450344,0.0114577660487501,0.0379619018787265,0.0130435186117345,0.0136144088463672,-0.0209659328133496,-0.0204352401491548
373,-0.0165585916786391,0.0151077505335368,0.0219701325532711,-0.0182063724637781,0.00287243196783168,-0.0183607452442969,-0.00929497905900158,-0.00267257337581454
374,-0.0194267566291783,0.014991418070723,0.0123584528098337,0.000309494219497612,-0.0155913393182856,0.0173254499109611,-0.0228388401877288,0.0112819791124656
375,-0.0103347726053579,-0.00529916950143731,0.0266024589238848,-0.0131544843731596,-0.000113099777162751,0.00345534421909473,-0.00785128877050413,0.00899855616135392
376,-0.00507485701446071,-0.0169726161523519,0.00800507272788038,-0.00575758594364591,0.0102163284768885,-0.0118094757347996,-0.00386454821706096,0.00142239518312741
377,-0.00894888724043048,-0.00720121755784778,0.0160800892899313,-0.00472993395736468,0.0121218575197896,0.00239006931176044,0.000317627406413221,-0.0083620636383523
378,-0.013323188793327,0.012123677444824,0.0240963713842764,-0.00921586615981499,0.00257610485636622,0.0110278295790736,-0.00402414140296515,0.0221462909024369
379,-0.0162518354442447,-0.0196086642256,0.0105917002033378,0.00802479919309022,0.0205001447254242,0.0147294856592415,-0.0337870751657191,-0.0160865123252309
380,-0.00981292382804922,-0.0244583485153962,0.0139823550378855,0.00414588917214647,0.00730217735727734,-0.0141783527251015,-0.00447470624818056,-0.00206405414172301
381,-0.0136549744842045,-0.0245839060651113,0.0148130821331283,-0.0197992847752394,0.000623546958074655,0.0151316061994029,0.0104654170642795,0.00138602880453012
382,-0.0116924042983251,0.0030485401236505,0.0266571929677356,0.00868082437176781,0.0159117090111742,0.0133118738036999,-0.00987334221846004,-0.00179596210183727
383,-0.00708737061287744,-0.0161444527148593,0.0109572963812465,-0.00817561847659891,-0.000560243256066715,-0.0077450364013884,0.0104653891543364,0.00404388380425226
384,-0.00849766579995448,0.0122680778413049,0.0229286643255397,-0.00612705754852099,-0.000409351445548867,-0.000444690669566897,0.00182403472449831,0.00800767068323822
385,-0.00952014989516081,-0.00745596585468651,0.0227517325854228,-0.0155317783030342,0.0156161632805072,0.0025896987270503,-0.00610269761441733,0.00947021306015288
387,-0.00351920146102321,0.00248700143599104,0.00844960306258525,-0.0182946167053111,0.00551649118162395,-0.00975214472650559,-0.00136276866454439,-0.015895471195282
389,-0.00057179293304131,-0.000114668873904921,0.0020498147910935,0.000593120157678023,0.000449526278612573,-0.00158141193802772,0.000553590361789291,0.00549542027401417
391,-0.00246548361062637,0.00194813480106103,0.010795670451304,0.00504514541836724,0.00399170272869896,0.0022935671272511,-0.00722874296655103,0.000421657425811128
392,-0.0107931177432109,0.0263876883755157,0.0220591953796428,-0.0168940285510767,-0.00439174524660881,-0.00574683777942831,-0.000584067418126493,0.00303565593730624
393,-0.00368252663211299,-0.0104464292071921,0.00702577219335885,0.00415629557392362,0.00768919371046357,0.000853121942267226,-0.00229200935780565,0.000282849386182175
394,-0.0153716615637784,0.0164323314483849,0.0165142898014016,-0.0346104164973913,0.0205686407636883,-0.00977356292873826,0.000418445341401393,-0.0081183425812288
395,-0.0145455279699892,0.0131031870239904,0.0309967010753526,0.0162188936327048,0.00772572930514272,0.00903619484014589,-0.0159767304280303,-0.018795973134397
396,-0.0105242809657587,0.00747033961395426,0.0220566743961727,0.00890824634591071,0.0129011907875868,0.0103341097084702,-0.0148133267869438,-0.0118526317582211
397,-0.0181763459089298,0.00657544825808748,0.00429681266454083,-0.0122054554383472,0.00363467572995212,-0.0155190826154795,0.0355260226817525,0.00974800017136229
398,-0.00580014476755956,-0.00815920515521641,0.0178560584167733,-0.00511330536917975,0.00495895092332705,-0.000548321180115576,0.000778042277365661,0.00119757604103561
399,-0.0204990251154076,-0.0174104243993017,-0.0109583554590581,0.032030114134223,0.00152325150425053,-0.00124696968976982,-0.0175868365171672,-0.00561230593304868
400,-0.0133154985785882,0.0119683343475515,0.0233322997577764,-0.0105627979510428,0.0102663084711729,0.0249062110613382,0.0162803288686918,-0.00323778386094658
401,-0.0115958386026364,0.00422365006618722,0.0302818716362889,0.00790196237917407,0.00305079786980069,-0.00613770818565805,-0.00275087164001081,0.00175355150774058
402,-0.0129973365330953,0.0115839470913316,0.0239687061427806,0.0109091315640947,0.00293701214590337,-0.00292962756055806,-0.00114901974455092,0.00981945278949294
403,-0.0110692175688845,0.00486728570082536,0.0266672645577946,-0.00403584801151104,-0.00909680739101473,-0.00292076511025313,-0.00400331369972438,-0.000562351537307651
404,-0.0177474745359443,-0.0179397600770689,-0.000241634074927642,0.00489710062508517,0.0294543664668752,0.0355418899693966,0.0211508142437543,0.0282085092396287
405,-0.00804222513526258,-0.00480431980228256,0.0179126604481158,-8.49005323101782e-05,0.0122872786608467,-0.00430788040408956,0.00452368588384763,0.000101713731794218
406,-0.0115854759647098,0.0117624488268563,0.0215634694837585,0.00123151732093297,0.000610360587827096,-0.00349796882798143,0.00985546864348861,-0.00127811815389048
407,-0.0138399612551433,0.0252882128397715,0.0243048700474868,0.00440504371561697,-0.00334555662176945,-0.000544862842182995,-0.00293701341633738,0.0123886974468031
408,-0.0157565359026511,-0.0077039742298801,0.0279427976897328,0.0144695071372538,-0.021569816094803,0.00213884179375752,0.0124369425985366,-0.00781470406046094
409,-0.0120273203729457,-0.0105832316945543,0.024516798061062,-0.00348726027168178,0.00446714215886665,-0.00869116040009764,-0.0116245828975675,0.0014012525398313
410,-0.0164033859437079,0.0187434474809291,0.0248466929763596,-0.00734895654823496,-0.00171133125053197,0.00978178637256275,-0.0134091211555876,0.0239154212777039
411,-0.0111618107891998,-0.000335260482816829,0.0262890227784507,0.00409317477257891,0.00308388512613962,0.0107917522767781,-0.01475327479946,0.00324512294604131
412,-0.0168973722798621,-0.0232219200032064,0.00689935794029157,0.0214624565100125,0.0153971469577179,-0.0106332409951464,-0.00837187450265177,0.00287448986329586
413,-0.0176725792944908,0.00388637386480309,0.00966144029895486,-0.033428553149327,-0.00319137856418891,-0.00769388140077881,-0.00324922139118247,-0.0105619437760446
414,-0.0128935631088824,0.00627841779166461,0.0139624144428221,0.000137164092770162,0.0144531268221287,-0.00178507695524904,-0.0164304964381472,-0.0230539454315699
415,-0.0230251079249012,0.00223209118893007,-0.00184710797217596,0.0100962167950751,0.0294505519233193,0.040952327767872,-0.0281646224926713,-0.0017334303085032
416,-0.0119313701163737,-0.00127377067973597,0.017099806619009,-0.0173140851133324,0.0121243317951069,0.0210647155145643,0.0274378009976194,0.00707485603753344
417,-0.0060860433534757,-0.00505073949256094,0.0186617068755331,0.00472586524870498,0.00224502924773141,-0.00402787324970146,-0.0015972562846161,-0.00592692647220778
418,-0.0219496146740896,0.002748412005863,-0.000496979673839908,-0.00315610770132997,0.01407756578046,0.0466874994407332,-0.0383071309834689,0.0153956100759265
419,-0.0157965771744946,0.0225555338600252,0.0130982758354658,0.00990207728477618,-0.01181908696824,0.00293554654610607,-0.00921610007204535,0.00644475246302766
420,-0.0101205125347004,0.00267249875444664,0.027303664787547,0.00860315235226984,0.00648905477426166,0.00471297918360232,0.00603836798226773,-0.00122557860891988
421,-0.0196518404143842,0.0309454724790535,0.00788392880440174,-0.00517036754439711,-0.0092733703166925,-0.02215622751685,-0.0228705851903626,0.026308745177492
422,-0.0158635975243033,0.0159510386426246,0.0145540372387019,-0.01295929368008,-0.0080068513385372,-0.013322274253489,0.0340687058168406,0.0111086407529966
423,-0.0133515765885269,0.00535108238654584,0.0282008799206732,-0.000874016384064338,-0.00529845445365201,0.00873753139810779,-0.0189860292600086,0.0141502899615583
424,-0.00851537528955099,0.000770802758414708,0.0220755602912686,0.0061268658038918,0.00357388969188017,0.000521998048434535,0.0093894053500951,0.00721153588070754
425,-0.0132007700514229,0.0144236821219923,0.0285722972656016,-0.00517210497010592,0.000658831610861884,0.0132593671899136,-0.00862403487496617,0.00120322507879526
426,-0.00220557174629474,-0.00547027998486084,0.00580696538645766,0.00104593601080976,0.0017601771708751,0.000876463319983413,0.00652076724032848,-0.00212168545876483
427,-0.0258010898097105,0.0146785766422026,-0.00909769798655834,0.0325627245611175,-0.012923797527578,0.0113358214885099,0.0158177680056973,0.0367384491195418
428,-0.0241401082849874,0.0114918263142058,-0.0117140146740287,-0.00370361504861413,0.0266076636887056,0.0445746986595764,-0.00188909504132102,-0.016082474891597
429,-0.0178487876248032,0.0289224697041436,0.0131499887433585,-0.0161918666436271,-0.00452419182328597,-0.0186974477229445,0.0152127901649506,0.0432423183444048
430,-0.0107780259905434,-0.0167241126817335,0.0124414942890248,-0.00958430741102608,0.00454199846701869,0.0072758011961547,-0.000781949967786506,-0.00498866063205795
431,-0.010651632629055,-0.00822219034253939,0.0133727439101123,0.00183478229405167,0.0119557310529596,0.00855957397176544,0.00382168974642489,0.0030145040113163
432,-0.0135178659531097,0.00538753222322554,0.0181341872532185,0.00568891905711158,0.00678573991834903,0.00740076538461613,-0.0130459834086449,-0.000105723743374099
433,-0.0233074578002202,-0.0231420532565198,-0.0178716683063886,0.0210479303138264,0.0101364051172292,-0.00566308310221496,0.000366931328983986,0.00441155011376134
434,-0.00789450117112021,-0.0096984168933605,0.0191681379244484,0.00616981020548412,0.00758741978332433,-0.00450660982867486,0.00436585474264338,0.00130194146379016
435,-0.0200953933365973,-0.015903774974972,-0.00115538409953512,-0.000592090558846601,0.0104864309522111,0.0173037347383478,-0.0131757610339569,-0.00446477585354301
436,-0.0150234367002419,-0.00679843613520701,0.0172060641235369,-0.0169955032519516,0.0295729258007673,0.0333108728325715,0.0294086036981905,0.00846437280797122
437,-0.0173416013644512,0.0158264202474745,0.0282504739821556,0.0161815477003712,0.00888368867929348,0.0177269422059429,-0.013739064481238,-0.00938062827888729
438,-0.0164169162245517,-0.0108444734113748,0.00654461720438351,0.000507704051922563,0.00514292609800952,-0.00769849361246064,-0.0153595665384283,0.00564690283006115
439,-0.0111828070918271,-0.0231843050428531,0.0132232870601722,0.0126146505648145,0.0107812911895174,-0.00328287149241532,-0.00124343026352532,0.00741961824437492
440,-0.0134813473084921,0.00424020971064924,0.0306930743146246,0.0138769429815754,0.00857269642739348,0.0141910967305405,0.0103258426887923,0.00789178592865722
441,-0.0244286704818274,0.0218757545373617,-0.0103543760727055,0.0213134814826214,-0.00469075849240065,0.00409519919776132,-0.0469257682009647,0.0126859199665202
442,-0.0143382878481342,0.0114202795805074,0.019346421597222,0.0232924640419248,-0.018911810666814,-0.0108624528814431,-0.00917536436808158,-0.0119816606291374
443,-0.0188391916683854,-0.0198614296502871,0.00631858126576217,0.00248272941480574,0.0214643210214708,0.0225475743730721,-0.0117134430849179,-0.00171661379057259
444,-0.0301796177612429,0.02624293679981,-0.0280513449177977,0.0066733142540964,-0.0168799042663517,-0.0068689275743365,-0.0327829815768876,0.0352708898329434
445,-0.0153133683923816,0.00270744754945132,0.0183928637594974,-0.0115305812854639,-0.017809690438446,0.00549475268939777,-0.0130430364988313,0.00337814930172973
446,-0.0138856787758553,0.00977245153443245,0.0248544686264879,-0.00729865726056927,-0.00617604542364976,0.0116764757691716,-0.0329096443315999,0.00785627917134919
447,-0.00714536374571762,0.00389646136611124,0.0269019728609488,0.00818557510252093,0.00265648432603082,-0.000681365620208814,0.00482496711451395,0.00352669588882339
448,-0.0147169794229311,-0.0225735411732236,0.0104829386083212,0.0116395144168009,0.0202233800394562,-0.000968417010525309,0.00316919909535668,0.00864663499310372
449,-0.00832339995985404,-0.00208054572437553,0.0194210001911158,0.00188716687309748,-0.0012185719051477,0.00159203228570105,0.000680363680785808,0.0062563535404731
450,-0.0100257661330347,-0.000274696023711879,0.0254140994600565,0.00159839077896622,-0.000481226641967191,-0.00586520385082054,-0.0183506402153313,-0.000101734842062205
451,-0.0140291516767791,0.0174022986984561,0.0231757634395536,-0.0216845710840417,-0.00252848295055326,-0.0036903780233935,-0.0197797777926113,0.048079614264818
452,-0.0171242531302502,-0.0118224865412461,0.0112462037423733,-0.00225127664301625,0.00156790005440562,0.00740766070405276,-0.0231316213610789,-0.000344564319781588
453,-0.0176582795690852,0.0206446157318108,0.00308466261571887,-0.015041671697889,0.00282525589177786,0.0210594274378588,0.0319499936844199,0.0325232147951139
454,-0.0132728026573582,-0.00757268015423201,0.0208285859210789,0.00218067794025739,0.0110562384684033,0.00702322807172907,-0.00149689921578021,0.00873406835769712
455,-0.019459635184257,0.00193450785506934,0.00449903379786045,0.0262913571905618,-2.05730688644138e-05,0.000183981112350256,0.0149155451623181,0.0162610294773202
456,-0.0127067854180078,-0.00818671212553472,0.0148906066669236,0.0260470409493003,0.0148643567141206,-0.00467648294552869,-0.0156047098389423,0.00815107536823753
457,-0.00642993947533243,0.00278059363600031,0.0194661798537011,-0.00354361726864072,0.00786026970350857,0.00162348343798567,0.000136537468826816,-0.000462735496625631
458,-0.0234596017204395,6.4147143925461e-05,-0.013190701233414,-0.00313750217197781,0.0228788748810049,0.0317851791562234,0.0346759254271057,0.0167182183241543
459,-0.00951114872062936,-0.00715847719999583,0.0239848940726868,0.00221149743917536,0.00626298165902547,-0.003555896934612,-0.00245841064386652,-0.00581973109730327
460,-0.0107007637389945,0.0141669502696435,0.0249229123297105,0.000391610315142532,0.00580636056294529,0.00899587497457562,0.00997478960696744,0.00410486215720494
461,-0.0267794238126712,0.0200810189049586,-0.0139967278664992,0.00107697609024137,-0.0048604809634272,0.000994006494605659,-0.0289622311615078,0.04486558487278
462,-0.0223887278452391,-0.0134002792287702,-0.00856024713133527,0.0231018560359148,0.0195461932672786,0.023216706798484,-0.027061959392101,-0.000150880260226911
463,-0.00782976372692905,-0.0126047452899472,0.0172563397434608,0.00329384178937842,0.0155578760705544,-0.00082683076240622,0.0040390525239444,-0.00075404301984535
464,-0.0185209743078245,-0.00858236179917116,0.0124848563057374,0.0276577356774804,0.0158047141737518,0.00598299917570308,-0.0223442213979838,-0.00482345120478069
465,-0.00722551080401403,-0.00143207868768636,0.0189687472730425,-0.00397510645618246,0.00966804218608155,0.00737911424855994,-0.00621628695150147,0.000388885447752912
466,-0.0132270227987723,0.0141336613995956,0.030371747933938,-0.0137430730614671,0.00445096209216907,0.0187161039708938,-0.0143886443102143,0.00495975539968235
467,-0.0280521788221064,0.0350135830244164,-0.0217142694356579,-0.00442648291664145,-0.0168776018974199,-0.0467827811927456,-0.0289611480365204,-0.00879184960460564
468,-0.0197900970409848,0.00505247842780698,-0.00172647254777178,-0.0212394599094662,0.0359152664151668,0.0147369033591075,-0.0204682833785449,-0.0219007757961981
469,-0.0189371485773562,0.000255679355272977,0.00453784506970429,-0.0241168669360038,0.0312575709249835,0.0308308884488841,-0.0122708511734993,-0.0159516583857199
470,-0.0143258333938567,-0.0241360283301641,0.0102919091964062,0.0113382432240892,0.0202574199956292,0.000837119014098926,-0.00345459752829413,0.00250664415392155
471,-0.00784623328516278,0.00246005886106208,0.0243323741911117,0.00744683111427191,-0.0107629803462771,-0.013471322005545,0.00228422080752809,0.00309410107158692
472,-0.0153426438296836,0.0172338984142653,0.0114094855797001,-0.00932177581434795,-0.00861406941168165,-0.0142203426004597,0.0168627630212159,0.0274539294347833
473,-0.00910721472086697,0.00631802176562512,0.0301976280785348,0.011220078187866,0.0102852575968637,0.00106493882325404,0.0141418797240084,0.00802487836655002
474,-0.0104824331267123,0.00996930010197574,0.0280168266019444,-0.00662930893767856,-0.00630714066874889,0.00818258276367416,0.00542391306381891,0.010988608226963
475,-0.0109327234664425,-0.0184429212783428,0.0161261872218969,0.00549301382542473,0.0124082238094332,-0.0127925091159071,-0.00757316887413643,-0.0192883925006904
476,-0.0112374872319813,0.00121543676955576,0.0217597851372519,0.011493529657775,-0.000957753837311372,-0.00608214745004366,0.0126540576266276,0.00357082134828873
477,-0.0183415161053638,0.00259710025668903,0.0127396548203533,0.00694477207641562,0.0115039159351984,0.00887653673373374,-0.0256509381005001,-0.000546796339668667
478,-0.0177836259439161,0.00779727433144448,0.0247966636097478,0.0202053727748527,-0.00420439211150113,0.0205170149396579,-0.0199091985448036,-0.0012199796411146
479,-0.0223005917872723,-0.0110515559236393,-0.00791629235156412,0.0202062773894834,0.0180212299200922,0.0206601348200588,-0.00182316483445865,0.0167580358439031
480,-0.0217871846549929,0.0115282399980548,-0.00272977027672072,-0.0204060495787525,0.0220429808241648,0.0383017162032026,-0.0285884711209314,0.0178110543770822
481,-0.0196504603974867,0.0198099431619912,0.0145545016441787,-0.00104593966236549,-0.0177361121223787,0.000202904184780019,-0.0249832557134162,0.0379950357317747
482,-0.0117595001031119,-0.029508810008583,0.00577117282009775,-0.0109668292687913,-0.000660955856817674,-0.0099869120473649,0.000934920824031792,0.00272355706522749
483,-0.00981358431306093,-0.0287987053117417,0.00816190805950303,-0.00646402598086083,0.0125104361927893,-0.00952519992861298,-0.000761877005849497,0.0150298452557964
484,-0.0267563747977431,0.00356373887660862,-0.0198788417165676,0.0390282221986733,5.62366536440993e-05,-0.00731369957574755,0.0277276706503227,0.0100865927218381
485,-0.0104567647583489,-0.00223053098313454,0.0217355365367697,0.0095137287932728,0.00121315837242334,0.00190112425402801,-0.0172061462976932,0.00158756304828247
486,-0.0102670036101528,-0.00622032941909788,0.0237824134761158,0.00345715641846881,0.00765357881947049,0.00359897253095391,-0.0023573148946241,-0.00743389769281742
487,-0.0225726832847168,0.0211628747531254,0.000699345837218151,0.041265817915813,-0.00656827727808902,0.00337130010800271,-0.00275258596102607,-0.00313235208227655
488,-0.0136142200681365,-0.0361101327628789,0.00161729096871882,-0.0101256673516851,0.0283014918382317,0.00629897564339272,-0.00306480153782563,0.00142262142279615
489,-0.00946284785625994,0.012693092455771,0.0236752370203463,3.47825463493533e-05,-0.00230616858177168,0.00348334776118838,0.016429275481373,0.013863112143987
490,-0.0064552390860681,-0.0186157498129554,0.00895408101333445,-0.00655370506212633,0.0143222064883254,-0.00495198827385838,0.00221484707977839,0.00562884075480289
491,-0.0151077603740219,0.0218457938110541,0.0247900516841892,-0.0254898121522862,-0.00259372336392594,0.00491212928733893,-0.0106095375242252,0.0174739429488753
492,-0.0101564786688145,-0.00182235669359047,0.0239173788795257,0.00987583274802725,0.0100537961332692,-0.00312441501132256,0.0192967076754902,0.00717445975187916
493,-0.0156342674703016,-0.0247718700900304,0.00246810654528166,0.011419363781164,0.0280798805902196,0.00449324693051963,0.00763960492714816,0.0102824475158426
494,-0.0213804499330077,0.00529249620262199,0.00639720215533392,-0.0153051576338707,0.0132705653533256,0.0248748866922991,-0.0272187299844405,0.0147090424597699
495,-0.0259280237899762,0.00999415644441123,-0.0127370321167159,0.038820971924542,0.00727995508838437,0.0195543641534571,-0.0235650300307353,0.00471746569020686
496,-0.0228718744687222,-0.0142261052929684,-0.0204146240765038,0.0287985810254937,0.0144762796943848,-0.0102228197195627,-0.00924157154956526,-0.0174235083218238
497,-0.00852807754880428,-0.00123277603407982,0.024300568982864,0.0035872539944222,0.0136437744152496,0.0021136949013057,-0.00349501166259463,-0.00380680179636102
498,-0.0147333623881563,0.0261090596787049,0.0257550021049329,-0.00845721086086848,0.0152255521333551,0.0110842839170286,-0.0217595992073531,0.00797314859376568
499,-0.0151542387056636,0.0144380032681583,0.02062105597959,-0.0351142344039676,-0.00790844701687891,-0.0140218525384949,0.00136197422521785,-0.00728015036827145
500,-0.0130293503088927,-0.00245902770165229,0.029663032757051,0.00400974784814955,0.0026987076028746,0.00132035149082026,0.0113033639438531,0.0143278637511383
501,-0.0224644682240817,0.0119935363095402,0.00212593228505684,0.000332321832582903,0.0203013764855143,0.0243943048697904,0.00729501989416728,0.00636867198501406
502,-0.0239526225091991,-0.0113345094067118,-0.0193909301876741,0.0282927910113089,0.0127848633135929,-0.0125061393667711,-0.00972817882908096,-0.0133203761672693
503,-0.0157052529567776,0.0111225932193723,0.0262902074632018,0.0127807100901967,-0.00460006439986819,0.0104065523447154,0.00417619800022565,0.0195316442367373
504,-0.019302446138331,0.0185426211108444,0.0109607959058141,-0.00129647848192203,-0.00959647901139969,0.0113953610199124,-0.0383787861224276,0.0346570543649257
505,-0.012364082931154,-0.00213355370922959,0.0234133050247292,0.00248224715014503,0.0144224836487241,0.00390296066621231,0.00123529684225959,0.000883119890575502
506,-0.0102448725565311,0.0177539837283282,0.0160530323421877,-0.0158920368505447,-0.00335225824966083,-0.00763491726979957,0.00231825088652349,0.00591336760631952
507,-0.0163608639002317,0.0236390977223986,0.0198794574439622,0.00581384983810338,0.00613457207961514,0.009111613358144,0.0375064292695449,0.0130637058872842
508,-0.0160743785069872,-0.00710123423035632,0.0187421297426774,-0.0169566313724696,0.0154992446747194,0.0198473020731945,-0.0156766133117789,0.00942137320967645
509,-0.0150596903442532,-0.0168091450770736,0.018983279885326,-0.0206002274409259,0.0128434992728059,0.00918757897152765,-0.0135138469887864,0.00565820716725323
510,-0.0166733071873929,-0.0263337025137304,-0.000222693302856085,0.0138969405155433,0.0239998926513011,0.003642494139934,-0.0194245177276699,0.00612033438611154
511,-0.0254957914791861,0.0242343264502956,-0.0159652246687864,0.0145569328583363,0.00159235084780877,-0.00415362731098406,-0.0185721498033769,-0.0136685551280383
512,-0.00549934270977762,-0.0104729383013593,0.0155665956991293,0.0026407247779162,0.00558214593758099,-0.000178299187676273,-0.00811961325682344,0.00404624793392359
513,-0.00409972732405081,-0.0102809887614336,0.00890436406705296,0.000341632673315337,0.00460305145250372,-0.00256603723448779,0.0017250028746486,-0.00722643116072532
514,-0.0339570837506012,0.0198224715728154,-0.0451725167703755,0.0180093979436948,-0.00265977909396683,-0.014310975355975,-0.0352208775759603,-0.0128451887778978
515,-0.0107632089521655,-0.00441649302450528,0.0248602183219211,-0.00368339981948383,0.0139412432306008,0.0104084087620872,-0.0053299657046643,-0.00557023087644131
516,-0.0277962503354384,0.00760863364824297,-0.021096323897412,0.0220026378656263,0.00845866447950776,0.016373820477556,-0.00162294910117073,0.0108222328813836
517,-0.000229866946289489,0.000376794923743088,-0.00123230535852095,-0.000477347777017995,0.00211918241725522,0.000204913004592007,-0.00561843609515202,0.00260050717058253
518,-0.0232469008334759,-0.00525051476280871,-0.00901049132349743,0.0384668809030727,-0.0127234536557452,-0.00339787815863995,0.0137935523934722,-0.0106804586864916
519,-0.0184558545472047,-0.00185871115440496,-0.002671106875598,-0.019386652125017,0.0307535913781585,-0.00725030873104072,0.012327717118614,-0.0347352546231053
520,-0.0144986724068752,0.00586790222408897,0.0225671165945561,-0.0170017043345044,-0.00799678144480031,0.00088238033139652,0.011257725052848,0.0261226922057198
521,-0.0226066574342454,-0.0104845818908455,-0.00943442571907341,0.0433884675361559,-0.00610333740874662,0.00331701040658811,-0.0108918873445143,-0.00391196804751909
522,-0.0200796708056667,-0.0273481907031664,-0.0108430970049384,0.00368765656036598,0.0301142463531997,0.0223680303929553,-0.0204592640601606,0.00510932452064193
523,-0.0121431543831627,4.24242277649036e-05,0.0276494797892018,0.00456019507073777,-0.00370728083673228,0.00712122768429484,0.000273972487254638,0.00154499800623052
524,-0.0169085473670589,-0.00687416408503699,0.0119840322345058,0.0120773275623231,-0.000121477920737088,0.00178434204906259,0.00852257662837797,-0.00395662506244681
525,-0.0231415254397624,-0.00799633450790835,-0.0135290973137664,0.00485919849147231,0.0315310904728392,0.0114289139630597,0.00282090837973147,-0.00707650476731324
526,-0.0244387467075699,0.0164075617799537,-0.00669415597984922,0.0593622247866333,-0.0115040731760328,0.00347602155106074,-0.0131273145871156,0.00155896797223237
527,-0.0118549267642283,0.00649393850412085,0.0146336889604105,-0.00322094550824053,0.0058138778462846,-0.00107059367622086,-0.0308895696417667,-0.0158834732296106
528,-0.0312081618031046,0.0108617126349176,-0.0424855689882316,-0.0337706754105944,0.0032886882491936,-0.0195927142226075,-0.00185701408524469,0.012326694072368
529,-0.0133192120242512,0.0166350555738611,0.031058959269193,0.00591959850050066,0.00819136062386325,0.0171689899317759,0.0157654565625186,-0.0149878070778551
530,-0.0217218359485506,0.0130277960007481,-0.00046974323676483,0.00953922308017389,0.0192963046695536,0.044938506207312,0.0340469260772655,0.017942903412736
531,-0.0126167442586546,0.0159275375148666,0.0254538913937072,-0.00823016309471235,-0.000854869760960924,0.000245292064517667,-0.0226381701904424,0.0182346398273515
532,-0.000268680887689954,-0.00192180761714492,-0.00103302775222194,-0.00114373373507717,0.000638587272490758,-0.000321280657214681,0.000442792079420297,0.0010920295955697
533,-0.0100391209604342,0.0157824159764173,0.0152286416093667,-0.0129627620780866,-0.00792682068464836,-0.0193051058910354,0.0256221689759269,0.0119039222077659
534,-0.0131233833701108,0.014811823009041,0.0312969095860521,-0.0110676082082153,-0.000859034295417605,0.00658917969401643,-0.0152179821182834,0.0094496129161333
535,-0.0119615088545903,0.0178745370837527,0.0268059045118322,-0.0054982164908816,-0.00600322104624833,0.00475286049685998,-0.00731164612924468,0.0230354281667839
536,-0.0178835033160213,-0.0376126893776824,-0.0187927850454711,-0.00132268673924363,0.0145215450324428,0.00203165691565019,0.0118979703935375,0.00852041159769953
537,-0.0157310549807421,0.00691069682943266,0.0219226891147298,0.0124016388516233,0.0240215364583766,0.0186412993888578,0.000513429830691475,-0.0320910563161142
538,-0.0260922886083304,0.0101974423660733,-0.027617844544379,-0.0228409970763131,0.0200112093057615,-0.0169004951959888,0.0525689279741472,-0.0152836297674383
539,-0.0197818662453676,0.0266697489647753,0.0129288672780324,0.0175718864376333,-0.013931609502793,0.00077842395337504,0.00541161707873677,0.0275383015630714
540,-0.0260728870678751,0.0298423759551385,-0.00708206609650821,-0.00523610069308532,-0.0107493250295272,0.027623379368403,-0.0261377857092888,0.00294295158112829
541,-0.00818163094351987,-0.00500661855377366,0.0166893043253927,-0.00155919964359235,-0.00196933800451603,-0.00104266352034789,-0.0115274301606728,-0.00135793472899091
542,-0.0263859978524154,0.0145187161009174,-0.0203172176408954,-0.0248832409518146,0.0223431524306664,0.0309822295970587,-0.0245956600415604,-0.00684264615119035
543,-0.0217330891388919,-0.0248113158566171,-0.01056855945578,-0.000335197079812339,0.0210713853119093,0.0268621804402524,-0.000876011660695844,0.00337216473835529
544,-0.0013341515091462,-0.00874840608089159,-0.00102957844083439,-0.0055879474887258,0.00303170934970352,-0.00110523846623332,-2.61746863738733e-05,0.00216522716972086
545,-0.013148416467033,0.00805125879436334,0.0225649820801782,0.01341190061977,-0.00995112065779252,-0.0149316542560829,0.0209787218118571,0.000464434899322489
546,-0.00293960890843253,-0.00775372895677932,0.00562518403583069,-0.0035921994947038,-0.00363547310414857,-0.00269565083003072,-0.00936130536938436,-0.00102988003317048
547,-0.00543063251175677,-0.013429406158675,0.0118265470167459,0.00325775503587028,0.00898308128725581,-0.0035881846981801,-0.00374707271687888,0.00393021173289714
548,-0.00601162678973079,-0.00726686609136271,0.014460531393976,-0.0119935419487189,0.0102730866368501,0.00344698760813127,-0.00948659163272382,0.0105116352466843
549,-0.0217254089951985,-0.0148524227997183,-0.0116596621057864,-0.0040850566088309,0.0432002710531028,0.0265602738909723,0.0117527709485178,-0.0160863814076228
550,-0.00639121837523255,-0.0217665026271307,0.00457152106963452,-0.00176449237556204,0.00533785542052861,-0.00440127668688695,-0.000135533902980029,0.000333539484814725
551,-0.00748085809575515,0.0024235075453115,0.0244643206751883,-0.00159479810355146,0.00607981364121663,0.00681833358663146,0.00808890520603721,0.00674621381293238
552,-0.0121959280346301,-0.0128699929323732,0.0141218802258245,-0.023414504949545,0.0111736605436061,-0.0048424401001736,0.000639915688413267,-0.00584347149014087
553,-0.00595178745071856,-0.0125500974958033,0.0142332664588742,0.00529449215614957,0.0117465958877218,-8.93996334651935e-05,0.00115226367782147,0.00435983393339114
554,-0.00656578401336782,-0.0230620188687095,0.00701582375131103,-0.0035662112050053,0.0235411829436896,-0.00329239609686189,0.00182724135669914,0.00488883981460427
555,-0.0121074365081061,-0.028813542508993,0.0111263338703834,0.000391628456935796,0.0102595672591976,-0.00083782272251268,0.0111573379569553,0.00258694876503673
556,-0.0134558137846105,0.00618587555325947,0.0268944468188148,0.0188526309500794,-0.00533454559767172,0.014945747506101,0.0153274052476627,0.0113058604984306
557,-0.00792042213386564,-0.018503923123801,0.0071756698202836,0.00820225254888784,0.0111280184860822,-0.00948925931656561,-0.0125301483399327,3.95907623741243e-05
558,-0.0112611673092828,-0.0181907062454411,0.0174478344614636,0.0157255432007732,0.0110072358390477,-0.00283669326118921,-0.0214831386317128,-0.00214738721082382
559,-0.00156766643823169,-0.00223493596734174,0.00698360660763666,0.00203584684866211,7.45243178496712e-05,-0.00380220008181236,-0.00325665047158788,-0.0012789122790562
560,-0.00804920497485693,-0.0220657968029884,0.00733758456685162,0.0107733307496301,0.00554560096082984,-0.0128105282344487,-0.0104322520483809,0.0141281957598725
561,-0.0172508705806907,-0.0207103187528563,0.00484987678481,0.00368756595104783,0.0350833672116867,0.0220080956640002,-0.000174509475466532,0.00256834862377976
562,-0.0132736232068298,0.00985233513086971,0.0274989423781541,0.0173869590015981,-0.00447698091659538,0.00353689222259107,0.0165761142644349,-0.00637168191041282
564,-0.00918440437137756,0.010720530502513,0.0305133138728503,0.0228984989505865,-0.0121046761293685,0.00159065896294986,0.0100493139167716,-0.0104009059437089
566,-0.00057179293304131,-0.000114668873904921,0.0020498147910935,0.000593120157678023,0.000449526278612573,-0.00158141193802772,0.000553590361789291,0.00549542027401417
567,-0.0129856313668645,-0.0133872677777837,0.0186531718194676,0.00846145093798168,0.0117693410341412,0.00272836036041733,0.00203253048991044,0.00713867251038051
568,-0.0184850823282566,-0.0338775356590195,-0.000402942123920735,0.00662864580001602,0.0205931414175151,-0.00350468202912372,0.0169456540773098,-0.0041342656715139
569,-0.00114691529184331,-0.00139300791637597,0.00243256018747909,-0.00136670846794596,0.00227805867851551,-0.00487949631992608,0.00268018906683314,-0.00073335697717217
570,-0.00946428052617009,-0.0262114409407455,0.0025405195579938,-0.00463436633176005,0.0201553189158055,0.000836936705246235,0.0120348960586439,0.0285730587791927
572,-0.0172578635216457,0.00032034326410001,0.012678033439005,-0.000889390600017754,0.00697552092559887,0.00121444776289727,0.0422078885129513,-0.00701114730831413
573,-0.0200804800409698,0.0238713183154684,0.00822853671445236,0.0306507999568551,-0.0249017248727669,0.0131953725620663,0.00956890051072787,0.00543090756214163
574,-0.0242273306946007,0.0257374127233166,-0.00628916635561731,0.0366361160013409,-0.0198898842612353,-0.0199633054281474,-0.0372330062669973,-0.0284953394165427
575,-0.0270997915062057,0.019625688728056,-0.0201703638302435,0.0258153216807996,-0.0162897229551703,-0.000466616873504253,0.03284025183715,-0.0137713661694874
576,-0.030054894324417,0.0312645183707421,-0.0312487610221871,-0.0230534556825093,-0.00295347711715502,-0.0283278347776639,-0.0208406462658225,0.0250765826334835
577,-0.0282071184206561,0.0212491761153174,-0.0242714001058523,0.0241304034779267,-0.0177264404436022,0.00331048114312921,-0.0502703025714681,-0.0176658010701909
578,-0.000620651968321091,0.00185228703045799,0.00330113525946595,-0.00206879934140139,-0.00130279934678024,-0.000292820492015744,-0.00202649651055243,0.00144571085512136
579,-0.0256708831717855,0.0252130237339671,-0.0134161817941434,-0.0172161002080169,-0.00379986279757798,-0.000973860980266311,0.0294086688335875,0.0207356125743564
580,-0.0329358145105519,0.0232902884859973,-0.0445261329247575,-0.00899225305881297,0.010553163242417,-0.0197356575406659,-0.0484334525894211,-0.0432998827860719
581,-0.0250352242088577,-0.0030518989981382,-0.00886520502573917,0.011302141285764,-0.0362527966044257,-0.00266493023716074,0.0252632618516067,-0.0352578468612215
582,-0.0274606217813743,0.0157129076061659,-0.0231610038192673,0.0364167357514516,-0.0136408184069978,-0.0141352559447085,0.0268170892476637,-0.0306364823440633
583,-0.0237808004379135,-0.0044741354494093,-0.00308632686540484,0.003304383174087,-0.0322840928616314,0.00425577765627768,0.0286633104879551,-0.0323456412057018
584,-0.0242006098720957,0.0250009834044339,-0.00338964652882544,0.0523608731781728,-0.00551505165461022,0.000867459818963084,-0.0127096833663108,-0.0195786110287747
585,-0.00449021594558065,-0.00914496989002561,0.00324280296128815,0.00513960691362819,0.00175896969135603,0.00597359805308511,0.00550700636682377,-0.000414054811235023
586,-0.0218921487828634,-0.0188154651197251,-0.006860749018561,-0.0393098417897963,-0.0326346365251964,0.0211633253192831,-0.0164761368972103,0.0228869053369136
587,-0.00863673352732421,-0.0072231278121112,0.0220545365460859,-0.0179229198161706,0.0173718043748829,-0.00156434531729951,-0.00494928110895599,-0.00166221400474932
588,-0.000857689399561965,-0.000172003310857382,0.00307472218664024,0.000889680236517035,0.000674289417918861,-0.00237211790704157,0.000830385542683936,0.00824313041102126
589,-0.0125394686545063,-0.0405965681170445,0.00228743062583849,-0.00751670937630125,-0.00328971157004857,-0.00032881936321605,-0.000164006489314151,0.00298857568995403
590,-0.0121184854018619,-0.0041434546673373,0.0257652784601272,0.0118078673822404,0.0169728901665181,0.00361563403037801,0.00935962783080613,-0.00202932995816239
591,-0.0169312636699933,0.00881089377425992,0.0211823517063725,0.0473351076373276,0.0044449477177113,-0.00310047253975854,-0.00107991060487961,0.00668500105208231
592,-0.00874319195123937,0.00859575203986703,0.0221967319826921,-0.0251514275952188,0.0083085295668223,-0.0108928177936497,0.00067227825141367,-0.0194620499874852
593,-3.47419802308448e-05,-4.03752402052039e-05,0.00023363365593109,1.8267145173187e-05,0.000108932141720106,-0.000197135318485954,-1.78539363180485e-05,-4.79517379495784e-05
594,-0.0313299221324753,0.00298968984035997,-0.0489796123822364,-0.0200923635001096,0.0253697089736318,-0.0172841898378734,-0.0277677616524142,-0.0171714529537381
595,-0.0108578152329988,0.00883693158563494,0.0285539412491994,0.0129953419864379,-0.00938928707320009,-0.00522558652454167,0.00413804748427757,-0.0051524169460104
596,-0.0227037019000603,0.0241759588065341,-0.00394427191220563,-0.0349608399016605,-0.0125927787149345,0.00674867730085292,0.00527677199778548,-0.00861292730274251
597,-0.0118214841995191,0.0168032178316994,0.017087323538312,-0.041186187383525,0.0146194819857173,-0.00858602782655775,-0.00859346532587376,-0.0208356069877263
598,-0.0106436455742239,-0.00550114554960591,0.0220836282781513,0.00143732908720718,0.0105772327160481,0.00314345267582326,0.000374273912525487,0.000241960282840094
599,-0.0150989952701295,-0.0136823917439404,0.0198241680264856,0.0395979600499739,0.00645373836102603,-0.017098005827678,-0.00484522232130546,0.0103845296402208
600,-0.00281616496228072,-0.00588262667682683,0.00541378890144732,-0.00470197393611953,0.00566855359660517,0.00692173253086485,-0.00407550209742213,-0.00460477023395584
601,-0.015939447072798,-0.0394853503357627,-0.00635741412952438,0.000843504378375595,-0.0230295849370044,-0.00699777876392355,-0.0141888842121518,0.000936925965554229
602,-0.0196022656651894,0.00318474472734427,0.0138595325786074,0.0104615068065023,-0.0189023268526824,0.011887531447517,0.0328107776188703,-0.0202661850225551
603,-0.00710478304080508,-0.0203126006515375,0.0129249504607592,-0.00524544065335881,0.013939587605318,-0.0108671517972428,0.000889758242856136,0.016855374438677
604,-0.00102755357635308,0.00206482926750097,0.00175730441056614,0.00653629724266312,0.00320916167228481,-0.000168728263808217,0.00166321720380785,0.00311122335451355
605,-0.00824114747784311,-0.00532234379546617,0.0194589407410634,0.00886309687691886,0.0118601435821146,0.000941371731851612,-0.00278745649925751,-0.001372091464838
606,-0.0122820017580402,-0.0310790400310542,0.00897010636678807,-0.00161647218915785,0.000279787724105047,-0.00522617014033073,-0.00383854754887152,-0.00179356735140301
607,-0.00117929286917866,-0.00261129634349838,0.00167003254278823,0.00677082279086862,0.00382185154699513,-0.00615158352550605,-0.00299372096052107,0.00591168768702972
608,-0.000318534841476911,-0.00178196268813882,-0.00399054974528737,-0.00176670805936062,-0.00179048028861145,0.00150545120398446,-0.00371423966174569,0.00177875543368463
609,-0.00543843332241963,-0.00295810040697822,0.0180667966081059,-0.00226337533435884,0.00407090333625836,-0.00620238921709062,-0.00298509588355287,0.00709200281805169
610,-0.017443651455478,-0.00513545264455015,0.0184428626820706,-0.0045816864174533,0.0333891397123444,0.0140814950598611,0.0087406301411528,-0.00411227832632006
611,-0.0248378188085776,0.01661558416086,-0.0032212140592007,0.0208130216839599,0.0169976926735833,0.0216277917043516,-0.0433006020754924,0.00893131579906941
612,-0.00239318858166183,-0.00414625543784,0.00403475470965994,0.00220579580945926,0.00404306503632582,-0.00901656578716481,-0.00936662587146867,0.00173672028273374
613,-0.00900211098957458,0.00162663888131266,0.0254615686887573,0.00631930951212625,-0.013005820508377,-0.0141526376889789,0.0109189982897499,-0.0064853728797566
614,-0.00571972108753516,-0.0167936302028703,0.00541070210392743,-0.00724721214984852,-0.00012725970043952,-0.0126864647224393,-0.00730054425046793,0.0138015739236816
615,-0.00906442675390088,-0.0225376046856088,0.0134860111165715,-0.00303739302664312,0.0183952914287378,-0.0011605589644248,0.0100025171925984,0.00532797795522045
616,-0.000471820303266832,-0.000380638070971631,0.0015329826954517,-5.13801491008338e-05,0.00107528855926569,0.000613146016196892,-0.00104393310778576,0.000434708219982127
617,-0.0171615384742926,-0.00761431925435605,0.0227876965940856,0.0139621657583923,0.0120522562297254,0.00647572272825425,0.00482964879477734,0.0160884011938666
618,-0.0123828970821816,0.0126899770730936,0.0268814220966397,-0.00100101772804441,0.00250521672458362,0.0126723857326968,0.0113698473291252,0.0158636631094559
619,-0.00718819307107295,-0.0116151948023447,0.0163273875121288,0.0111371885155866,0.00302924013165914,-0.00156510753136856,-0.00104973047276402,0.00336469163529712
620,-0.0118709381891397,-0.016683061729855,0.0146513539157173,0.00035930450306594,0.017718224130623,0.0077215887225135,0.00458873273621269,-0.0142595935135822
621,-0.0108505354943943,-0.00675090616028158,0.0256038056856457,-0.00446501842871515,0.00618802039286247,-0.00106124259405025,-0.0187928896130687,-0.0128180038647428
622,-0.00020614947660353,-0.000777077664122989,2.75270241014026e-05,0.000164228868298038,6.97457547129858e-05,-0.000284808781019925,0.00158401241477181,0.000616219684417426
623,-0.000273417153276569,0.000322081577812629,0.000699449533771758,-0.00285864458952646,0.00186394817694501,-0.00289398197939508,0.000160713725755688,-0.00234880394653738
624,-0.00115732969427014,-0.00135172632545041,0.00215778538677478,-0.0010862942682358,-0.00193517516308931,-0.00158121396338067,0.000411578792032968,0.00674686070306871
625,-0.00057179293304131,-0.000114668873904921,0.0020498147910935,0.000593120157678023,0.000449526278612573,-0.00158141193802772,0.000553590361789291,0.00549542027401417
626,-0.00667431166340079,-0.0240715690972718,0.00472974981324996,0.00625815247660297,0.0134908728222683,-0.00939586336561725,-0.00964585749743603,0.00635723867134324
627,-0.0226190754817412,0.0108478675224108,0.00195226404121858,0.0150003294671316,-0.00406379435064981,0.010223067724967,-0.0322423139991358,0.0228224859834781
628,-0.0240942642790151,0.0315833443333242,-0.0113147651854386,0.00563725086799213,0.000317167290533465,-0.0190282595271488,-0.0159845650966029,0.0369716213733503
629,-0.00816650072512589,-0.0249042159202556,0.0127296956595234,-0.00980217412010994,0.0119493041458664,-0.00753678533511547,-0.00468239079731207,0.0228053228513057
630,-0.0151419319884245,-0.013157120315122,0.0174530966789886,0.028080690678573,0.012169855463599,-0.00314193745520917,-0.00605273443148948,-0.00161703693308376
631,-0.00057179293304131,-0.000114668873904921,0.0020498147910935,0.000593120157678023,0.000449526278612573,-0.00158141193802772,0.000553590361789291,0.00549542027401417
632,-0.00329846754099772,-0.0103672142966846,0.00796763684913023,-0.00262410420981221,0.00439888854049451,-0.0044711022966099,-0.00457535336526212,0.00183468297535778
633,-0.0206888355424252,0.0300842680121452,0.00708506974538329,0.00679455426158775,-0.0142771392115705,-0.0217685482079194,0.0126500909231387,0.0112687527028588
634,-9.58225375228317e-05,0.000139263897395036,-0.000102899245229146,-0.000140583793124003,-0.000956493679476435,-0.000100095671690118,-0.000245482964069124,-0.000105495756550751
635,-0.00813116601518852,0.00161036160023861,0.0285564618549238,0.0113828228793835,0.0011784009194513,0.00376020894243634,0.00885159269804504,-0.00485842973691818
636,-0.000255080527693553,-6.45119149792604e-05,0.0007414189617146,0.000296973248550704,0.00258558745941461,-0.00324866214028326,0.000230059029711299,0.00273097994323973
638,-0.00863734894507576,-0.0263140278548222,0.0112827057915796,-0.013107858155749,0.00380485038884851,-0.0068124721288665,0.000297867443025128,0.0154267607559538
639,-0.00057179293304131,-0.000114668873904921,0.0020498147910935,0.000593120157678023,0.000449526278612573,-0.00158141193802772,0.000553590361789291,0.00549542027401417
640,-0.0236870243062131,0.0066860922606334,-0.0177893405264267,-0.00302104298099733,0.00856720248051055,-0.0175632846436336,0.0419670695258766,-0.0176246278858157
641,-0.014429110199081,0.0103679463383965,0.0255084957519776,-0.00202624289333319,0.00434194592178781,0.0112195641492706,-0.0287325731956227,-0.00366986087934188
642,-0.0180636165189479,0.00161645660373694,0.0145574056177722,-0.0136749372535542,0.0255530566969944,0.0306910642575659,0.0491726114401155,0.0121223256180458
643,-0.00416441780231544,-0.00111332833647266,0.0165544406490927,0.00140094354594654,-9.6625110519916e-05,-0.00485477813031246,-0.00472053409995823,-0.00817315894022909
644,-0.0112929411397114,-0.0285572889986007,0.00130391474143739,0.00111412482182409,0.0218613152217466,0.00352365522195515,-0.0012015003884074,0.0152841538834238
645,-0.00057179293304131,-0.000114668873904921,0.0020498147910935,0.000593120157678023,0.000449526278612573,-0.00158141193802772,0.000553590361789291,0.00549542027401417
646,-0.00729124088194171,0.0143317476391965,0.0199897467866985,-0.0142057731467415,-0.00308668871512679,0.00123262784564559,-0.00341502649457317,0.0144010144248393
647,-0.013779930618868,-0.04300217950766,-0.00507112924839381,-0.00444457482745716,0.00300378741391887,-0.0136845563774972,0.00260405316446063,0.0196180131287879
648,-0.00969171962967704,-0.0313329350220905,0.00558669088085849,0.00202461383629021,0.00649906857946655,-0.016099277571297,-0.000488288052483897,0.012804220443725
649,-0.0151450743117512,-0.0447821992274973,-0.0123068202439149,-0.000862045737049511,-0.00147702137479692,-0.0138124785772113,0.00146223375892198,0.0243675507718335
650,-0.0244940538948263,0.0130222180352161,-0.020774032788556,-0.0156987458085377,0.00895988315960512,0.0214209233767673,0.0579325056689422,0.0374974586942594
651,-0.0010421931111379,-0.00173726801683455,0.00283478932846065,-0.00112756579735626,0.00296950356354546,-0.00341865897094949,-0.00094235072471855,0.0115053778399274
652,-0.016643040883419,0.0203164229184362,0.0133727655612002,0.0150920089352841,-0.0122996718638519,-0.0083138633617378,0.00449184980284668,0.0247623544890078
653,-0.018041046879776,0.00259750181131563,0.0032587257460533,-0.0344710890684368,-0.0166769047499327,-0.0126032649524997,0.0313060225640075,-0.00899364305216855
654,-0.0278337015547359,-0.00152340696704616,-0.0216803812737995,0.00941318204239842,0.00683900307430122,0.0201347741537848,-0.0331550530628028,-0.0168661903951662
655,-0.000919204447679568,-0.00341212437214649,0.00125626672864142,0.00162917470402616,0.000671731927762812,-0.00040006912277982,-0.00315106822672207,0.00277673137726303
656,-0.0124494893288641,-0.0230834500923876,0.0103506121353176,-0.0271947675252964,-0.00182102238167355,-0.00825130192074889,0.0185478353857432,0.00663705970974703
657,-0.00671918921691205,-0.0222940154371215,0.00186279913846314,-0.0121280230644119,-0.00447037810861994,-0.0108898610517539,-0.00992706660867471,0.00960313012867913
658,-0.0016092381051924,-0.00511954820937457,0.00261671990953581,-0.00971681011035009,0.00854654281467739,-3.28654391724577e-05,-0.0034954756872626,0.0128996228437216
659,-7.82862226048955e-05,0.000539457500558643,-8.88017072462699e-05,-2.35306801733851e-05,0.000595588860408497,-0.00128342916551592,-4.51240326317271e-05,0.000460341556069745
660,-0.00911380346665494,-0.0147799648623635,0.0102068335924726,0.018249067565481,0.0229280644798504,-0.00717735607394395,-0.00102862471938283,-0.0151166589812433
661,-0.00186010157232813,-0.00378656080190727,0.00553719264856714,0.00203516590031057,-0.00220755615857969,-0.0030219646663437,0.000926913146724213,-0.000351824192937433
662,-0.0123114425632183,0.0103868792304451,0.0199826209520251,0.00625212049042566,-0.0121364648214861,0.00170157487091591,0.00353703150637167,0.0103816884077136
663,-0.000795807161271834,0.00122385129557537,0.00341382894256879,-0.00247785880086756,0.000368202173661985,-0.00365609098234847,-0.00275666763778476,-8.71743389893037e-05
664,-0.013879734143124,0.00453934175205057,0.0303421349345686,0.0371719322715605,-0.00879555262709256,-0.012809166391857,0.00549245440285911,0.0043370218521013
665,-0.00892423743959047,0.0170499144195597,0.0243597123759115,-0.0199552629518963,-0.00797219517996497,-0.00887334914708797,0.00211165655309217,0.0149316095937091
666,-0.0127055571242095,0.0162338219203994,0.0288036056347749,-0.0122672189229847,-0.00705844630997464,0.00282146432881961,-0.00996924006768883,0.0158633002742681
667,-0.0168378740019761,0.00153198747849315,0.0147184407724194,0.00308786837985533,0.00849626649532385,0.00293003768822944,-0.0453098387316942,0.0193496225166012
668,-0.00254651563326124,-0.00578510240812584,0.00569518677217066,-0.00495867645537473,0.00240097465772239,2.72527894767552e-05,0.0036755287748733,-0.000857377713607543
669,-0.0116902195712803,-0.00716579406155935,0.0211309704823907,0.00484630666165027,0.0109658570810896,0.00648080118449226,-0.00612362831903641,-0.00052815741197791
670,-0.002230237977821,-0.00646826088026707,0.00342218929722318,-0.000560492042555614,0.00534264826595623,-0.0059314624536976,0.000883484710209132,0.00270375116600709
671,-0.0169625340485299,0.00389431495484026,0.0204942150565775,0.00845826368067753,0.0215669039296235,0.0282619147632556,0.0186752270876859,-0.00289339000413449
673,-0.00981305437786258,-0.0315571393211525,0.00886784580176437,-0.0124226099162465,-0.00289471420873592,-0.00625176881471186,-0.000100738440673355,-0.00143845369056234
674,-0.00181869239746554,-0.00352305965655358,0.00178291054425619,0.00152332697777427,0.00569936698884792,-0.00392709720165265,0.00127666819684377,-0.00444267486583324
675,-0.00788776524882331,0.00952927910553769,0.0261811335989518,-0.00717380616866701,-0.00182057427207481,-0.00155530501935585,0.00136966870493859,0.00258094189338455
676,-0.0109657406801577,-0.0227447688453285,0.00933426241185083,0.00653275055376382,0.0174823426960717,-0.00184340270056895,0.0138442947462849,0.0101759510287992
677,-0.000234408647741229,-0.0010903793501699,0.00021559539697051,-0.000739583440469353,0.000441512617090589,-9.53360059669782e-05,-0.000145983945975619,7.25212872071628e-05
678,-0.0192022256743687,0.00416241019284548,0.00213080117173361,-0.00606852677706384,-0.00133821455032906,-0.014218535955185,-0.0278345532294008,0.00733915250152639
679,-0.0214726370358432,0.00710364145388332,0.00230789302747365,0.0348485887755819,0.0184273238208253,-0.00759351172269301,0.0256048557733906,0.00165488772911086
680,-0.0147103267351111,0.00525322508015698,0.022419414117299,0.0164882281114778,-0.0161470834343574,0.00523372782404247,0.0324933310506157,-0.0225655479106107
681,-0.00814025665419515,0.00388153273052543,0.0308132070898064,0.000406222567427464,0.00660933285525617,0.00881485389419161,0.00436962619984516,0.000304002086958243
682,-0.0101526620066923,0.00256976290255285,0.0257592118696522,0.0173125884572413,-0.0168769579041549,-0.00282477944564836,0.000935770024093029,-0.000973868500132051
683,-0.000549192721194921,-0.00276048901075821,-0.00162159551736267,0.0050773890875232,0.00256700989724742,-0.00224156355506767,-0.00225030315209519,-0.00189209841817528
684,-0.0194532674267598,-0.0206819104462499,-0.00774143759920582,-0.0299127890239499,0.0187210549866035,0.0208968616360648,0.00601621632275193,0.00635103242885896
685,-0.0131773378491509,-0.0223595401193927,0.0153283016933906,0.0186409095076092,0.0129475902931317,-0.0113953164189385,-0.0115333611215654,-0.00108723115063016
686,-0.00767341421824175,-0.00867014106563993,0.016906166279091,-0.0194378460313889,0.00792343677688716,0.00341296282545176,-0.00558995258402671,-0.0100613183191961
688,-0.00943847998067461,-0.00897775439130854,0.0161661030880662,-0.017646670905114,0.00161416673586677,-0.00455419283966578,0.00086836619160469,-0.00529897889637923
689,-0.0152164762006945,0.013600793647785,0.0253820033011145,0.0021813231170824,0.00244335064499431,0.0157666637460017,-0.00155486960237582,0.00902742709359814
690,-0.0297280139098616,0.00130527320313056,-0.0314526227185241,0.0103954099177796,0.00287825271770565,0.0061688657734798,0.0509454553388988,0.0201511878193067
691,-0.0105532091297572,-0.0300675040330059,-0.000892871429385588,-0.00309773383144174,-0.00188718678879568,-0.00566279396568002,0.0093815146850426,0.000696493909668754
692,-0.01779103455305,0.0189660043996588,0.0123019483816373,-0.0250706596290549,0.0152292581600494,-0.0213106357883901,0.00733948705184052,-0.0379330848484639
693,-0.0117159575430189,0.0004065820080126,0.0235424342287322,-0.00472263955311402,0.0215263224995779,0.0137580526941367,0.0139773915365054,0.0105934095750116
694,-0.00250904785587768,-0.00314732587307913,0.00801870672773785,0.000854005232043176,0.00432965987354759,-0.0025900082699328,-0.00914757364262699,-0.00314298330405466
695,-0.0201975055202644,-0.0183536791123301,0.00170336772301473,0.0206543674012141,0.0148955313794325,-0.0034589302814476,0.0212192703471529,0.0216902805958637
696,-0.00228926046650627,-0.00902624902428271,0.00202932347258888,-0.00877109385880366,0.00674080011117265,-0.00685776576348929,-0.00138899064465703,0.0185362985792184
697,-0.000265463660712665,-0.000884810081935127,0.000509250404875151,-0.000924755350222543,0.0014011007041285,-0.00111054429313009,-0.000807347716910011,0.00367807794407442
698,-0.0111804981094668,-0.00909553306946758,0.019126000161723,0.00116194114059107,0.00115319900686829,-0.000862367234170168,-0.0151473539129193,0.00971288955233102
699,-0.00308327391117982,0.000692274781644193,0.0140096330948879,-0.00523299727526771,0.00568765079657799,-0.00126733480723355,-0.00207486456866082,0.00125010871703069
700,-0.0251187703499749,0.037961648828862,-0.00238333523638852,0.0067877203283352,-0.00164388039421165,-0.0107654865601956,-0.0291430577303926,0.0416340903584864
701,-0.00226017284877918,-0.00201939239880552,0.00880872643527583,-0.000348981007534175,0.00654133155069033,-0.00634348039579739,0.00874482291503964,0.00891363337045493
702,-0.0143827644183523,-0.0124569420771585,0.00818594941314924,-0.0387625496287226,0.00770545945379395,-0.00491739480742206,0.0273080282878915,-0.0335900043677649
703,-0.0211155152097308,0.0350132045142531,0.00290553915038892,0.00798550244473704,-0.0124202906821465,-0.0372632847468303,-0.0256142919544414,0.00601870184344998
704,-0.0114943919462974,0.0159728322961375,0.0144150610512056,-0.021447551392963,-0.00412001814735265,0.00202700697098115,0.0153688642782914,0.0174488865245003
705,-0.0255143371053961,0.0154613963907568,-0.0109069234787336,-0.029599137554155,0.017301168741488,0.00712716033580823,0.0405803783779843,0.0234646852008177
706,-0.0117395782243973,0.0140138639785476,0.0268482138191767,-0.0199141404892471,0.00296094055642076,0.00108264973204303,-0.0256215340754814,-0.0223887220965659
707,-0.01130427552269,0.0114897771341072,0.0283919329783991,0.0024830231558651,0.00763747663308925,0.00880036043907387,0.0137317047324032,0.0226266398562271
708,-0.000919607341883781,-0.00265325991602421,0.00270100103517869,-0.00192556471251596,-0.000757193927363781,-0.00280073283855387,-0.000571599436215048,-0.000613725021148854
709,-0.0313798708878917,0.00647794734906287,-0.0334747239271661,0.00721273469232032,0.00326542616987901,0.00508579431311356,0.0458652171357931,0.0202578166793201
710,-0.011283634953543,-0.0306905781437289,0.00208494100802068,-0.0136183060018373,-0.0167611918641856,-0.021164571342829,0.00341375658912524,0.00964580788406902
711,-0.00797148432349749,0.00507501265394701,0.0249940811517958,-0.00149480558982057,0.00439980209007875,0.00655271512828094,0.0200325992742499,0.00531293603883407
712,-0.0201115366341018,0.0181622833473105,0.00116360485540687,-0.0164903928411406,-0.0045883483135398,-0.0271482637803729,0.000472484099062373,0.0232573772415682
713,-0.000882611886910313,-0.00113134035074627,0.000164246963636226,-0.00283678940340429,-0.00325676483782437,-0.00755010595961042,-0.00398348859976587,0.00345633151148487
714,-0.0310568489022391,-0.0018864827656825,-0.0446674522162594,-0.0261373427710601,-0.0050847204172956,-0.00497134500313418,0.00465556511362134,0.0263369204387699
715,-0.00565154190378689,-0.0189535247205854,0.0096619697207411,-0.00717472921797538,-0.00125176216160478,-0.00897338538418637,0.00808481996219698,0.013171676943028
716,-0.0100301992953211,-0.0176105208926932,0.0158479344087142,0.0121912344735439,0.00730004036082741,-0.0110844780746318,-0.000180199621742438,-0.00372842119258515
717,-0.00370949561453605,0.00168195887600572,0.016523312848056,0.00963520694517681,-0.00324817649473103,-0.00681392793426985,0.0112239621409745,-0.00897541733913705
718,-0.00400675537085282,-0.00975244005845599,0.00835711768262543,-0.00663726254351787,-0.0103627796247908,-0.0172651635410534,-0.000953025437365599,0.00896247909781563
719,-0.00103196052819237,-0.00539412231666598,-0.00142745693250273,-0.000638289202611886,0.00926204310512494,-0.00196413331289553,0.0017952762189427,0.00793500352942351
720,-0.00223715581526406,-0.00451671923559322,0.00434748530342901,-0.00268273459517747,0.00271447640648129,0.00222265322784789,0.00337594596556074,0.00332077707470429
721,-0.00106185464285066,-0.00353924032774051,0.0020370016195006,-0.00369902140089017,0.005604402816514,-0.00444217717252035,-0.00322939086764005,0.0147123117762977
722,-0.0147589695567296,-0.0390504362455494,-0.0135924059325544,0.00254690401899023,0.00938908459504977,-0.00440770377897992,0.00018521770730262,0.0133454899287359
723,-0.00984082887745577,-0.0176907791148491,0.0101466697970252,-0.00872806416901803,-0.00363521959973919,0.00347146158986477,-0.0213530486834574,0.0230373813408892
724,-0.0136433252828732,0.00706579313697873,0.022928146647843,0.00347509276362226,-0.0116684399875429,-0.00112299644350096,0.0210812403808838,0.0261521631141696
725,-0.0120479461640523,0.0137146466466112,0.0213077187042322,0.00284857156243265,0.00804165210394197,-0.000577013747950793,-0.012286703072024,0.0120294365490211
727,-0.0126769837420352,-0.0189035223644734,0.0149354594607396,0.01070348995195,0.0221968901813931,0.00397250761677853,-0.00223142117596949,0.00531349544739506
728,-0.0130463579908441,0.0149718784844767,0.028234122208699,0.0197317941761129,0.00116893628467134,0.0017799419863561,0.00367754086946318,0.000197358348369764
729,-0.0139996696845523,-0.0234983005298579,0.0161876513120439,-0.00119424143323055,0.0194681125056097,0.00165910423962724,0.00740020396011341,-0.00255289321313
730,-0.0064189271087989,-0.0120666206289758,0.0163729721075931,0.00592239448176176,0.00932111424754577,-0.00891645065781364,-0.00778513028513939,-0.0020746818884939
731,-0.00560333970225839,-0.016478815147733,0.0094355903453677,-0.00103687393117517,0.0054438870525373,0.00248547396285531,-0.00160681023401769,-0.00307256222658254
732,-0.00624948446245177,-0.0116887234173748,-0.0016935867202351,0.00168527108330257,-0.0115012650885468,0.00290357007056754,0.00490724742844042,0.0221167951386242
734,-0.00528406306035963,-0.0131660203930054,0.0110641160330323,-0.0132085095597642,-0.00317980862055987,-0.00946804823101369,-0.00149869587629604,-0.00105401439939396
735,-0.00224385311907792,-0.00807273514169067,0.00561780397735792,-0.00168986243894699,0.00576144027559333,-0.00465039700931542,0.0040966158368823,0.00409424868160485
736,-0.0261182150043339,0.00170721623518617,-0.0273924623447207,-0.0177529802406238,0.0382453710461889,0.0149153053596007,-0.00869986619967553,-0.00818964438019534
737,-0.0102084374623222,-0.00410636815237125,0.0211693360694871,0.0113035628628586,0.00577910898034971,-0.00928288035464647,0.000174044523916177,0.00138429744244481
738,-0.0245039644446042,0.0439886722825298,-0.00533877717534462,0.00668531935667771,-0.014523660224859,-0.0435937468625971,-0.0168360349725912,0.0293945565251756
739,-0.0156139104064635,-0.0148506019273502,0.0166359880186051,0.0190099012300987,0.0149284038619863,0.00462111239872731,-0.0141125554433611,0.0103260009756969
740,-0.0125507640902303,0.00546894521466479,0.0281237234330169,-0.0100379172724088,0.00707044421166841,0.00678501109889346,-0.0248481859521327,0.000959346211994598
741,-0.0193545894960828,0.00840635830190786,0.00881262057710364,0.0251187812729247,-0.011791282495838,-0.00204073817409574,0.0305493167552915,-0.00944836145146036
742,-0.0155776885650441,0.00880328182472818,0.0153687906818066,-0.0133293189156232,0.0251659338198603,0.0348345223479095,0.00755820852634921,-0.00701204894685459
743,-0.0245361380723549,0.0224825154635982,-0.0236025870075162,-0.0332312528468618,0.0283776353970306,0.0153305067467519,-0.00291543770133147,-0.00942164326415196
744,-0.0177961195962305,0.025116892915456,0.0216324002323517,-0.000166058262551409,-0.0141699155394493,-0.00171417324318012,-0.0155636702436556,0.0494986710434431
745,-0.00229316513844635,-0.00761654456964422,0.00263384153462383,-0.00246434601181497,0.00829381821048751,0.00240345947432593,0.00199859521149256,0.00528455203257624
746,-0.0210869836842407,0.0267576718098552,-0.00439729573110366,-0.00111663966553063,0.00812920477522759,0.00305952004081017,0.00131827998796393,-0.00946262378491609
747,-0.00096656070109747,-0.000423849837357548,0.000393090953740375,0.00102362124511855,0.0020050629988654,-0.00118550562950002,0.00666593758193363,0.00146648285053542
748,-0.000377624768266817,0.00249239378256678,0.00216626915062658,0.000805012352930701,-0.00060231394088356,-0.000366573156531625,0.00063037404651329,-0.00035279758826283
749,-0.00105099914857235,-0.00292259904820475,-0.000672615579450073,0.00046263011495545,0.00271240944358307,-0.00389108216588596,-0.00807319636845663,0.00382120533244738
750,-0.00119571892528157,-0.00468543568413887,0.00408299708784595,-0.00456553941299804,0.00294963631348386,-0.00379680412329203,0.000717327736893393,-0.00146999768915535
751,-0.00272937930795151,-0.0117626701443458,0.000958872069897072,-0.00261099390687494,-0.00265618449646493,-0.00791725892396648,-0.0041127281508574,0.00844892963739403
752,-0.00057179293304131,-0.000114668873904921,0.0020498147910935,0.000593120157678023,0.000449526278612573,-0.00158141193802772,0.000553590361789291,0.00549542027401417
753,-0.0139076595830688,0.0162229767171517,0.0300682626076838,-0.00317571053382957,0.00017842751378973,-0.00950041504856396,-0.0196824191711012,0.0132802594738092
754,-0.0196228147046597,0.0195897761179047,0.00987759574251694,-0.0259187712789055,0.00786197311828505,-0.00270237471849523,0.0173023343638008,0.00369488254434973
755,-0.0273438982473393,-0.00787576046777846,-0.0310099862102915,0.00699599969608519,0.0058954755833609,-0.00514862500871594,-0.0103261068530319,0.0327167201262675
756,-0.0145521000914096,-0.00639911437338253,0.0224456026551411,0.0159274476101542,0.0015598530480125,-0.0128296514014327,0.0429696281791759,0.01788995994059
757,-0.0211363548285813,0.0142632626920451,0.00901465829714605,0.031498849731187,-0.00468327716736753,0.0147384319340621,-0.0255060156741694,0.00524118667597135
758,-0.0136772637544657,-0.0252663021280187,0.0154226761982276,0.0112595587669991,0.0204093699797965,-0.00871866847244223,0.00112866681766066,0.000802888351897776
759,-0.0176448017348333,0.0112396692402242,0.0115661744653127,-0.000278365266977686,0.0245302628124198,-0.0062524398602763,-0.0115152433033052,-0.00383881370655918
760,-0.0208420741388128,0.0195427972637982,0.018016322088631,0.0322556223393764,0.00615777107714362,0.0205275473507343,-0.0296745486426927,0.000976045052369228
761,-0.0118519143729991,-0.0196642371716447,0.0148091482031594,-0.00164805580118769,0.00968047545295554,0.00476026984790285,-0.00572236200826232,-0.00542011077136939
762,-0.00509989161153634,-0.0150372379321732,0.00248718241060852,-0.000383772010783943,-0.00260958729786379,-0.0084595523733768,0.00104088831706861,0.00477484575751294
763,-0.0104694297936308,0.00816884489653378,0.0297063062668663,0.0194350659280249,-0.0207257078059811,-0.0204688963540061,0.00943837514720256,0.00113627851392656
764,-0.01143143923601,0.0144808013600759,0.0281272498139039,-0.00515825523420225,0.00541150488304097,-0.00443985833199328,-0.00946028412639516,0.0171551882553459
765,-0.00724112852389909,0.00666496996835721,0.0164171789849544,0.000979184974716616,-0.00270834346951505,0.00405037352339351,0.00588302248139515,0.009425484554065
766,-0.00445106420497979,-0.0109096845050388,0.00597009584603423,-0.00708516220810875,0.00344067099885025,-0.00333267859690156,-0.00705781168597486,0.00813533454495782
767,-0.00941227874720345,-0.00362857632837118,0.0257449454134505,0.00886159439592277,0.00347732687845682,-0.00250658036993126,0.00728181109045214,0.00655304704544109
769,-0.00213364726783679,0.00292997555178623,0.00986128882661746,-0.000111388163573484,-0.000556422425809271,-0.000382868183591844,-0.00510456423350057,-0.00306433784570426
770,-0.0131724418987296,-0.00372223385721967,0.0172778455202823,-0.00409970859619481,0.0119928444640902,0.00573767905988352,0.0343007455402863,-0.00613830435770473
771,-0.00152074602977774,-0.005395370189342,-0.000345621593709307,0.000395057836122714,-0.00628458142003246,0.000729686129984562,-0.00283027837230222,-0.000949454230228132
772,-0.000792600464738184,-0.00225113983976124,0.000125027284776991,0.00154428773073352,0.00271539003268801,0.000178508852956835,0.00132624255498441,0.000418297152075637
773,-0.00151525612278225,-0.00805483567539475,-0.0011161161722093,-0.00530469057013041,0.00423040382606962,0.00182603318399383,-0.00251029136411915,0.00128315182191227
774,-0.00944965050188063,-0.0350957633778536,-0.00579495343088745,-0.0103974614481333,0.0102207754187054,-0.00580489121781949,0.00565100486222803,0.00484022113264912
776,-0.000687169788845921,-0.00336835652221924,0.00110855989482593,-0.00307189489130141,0.000734501088541257,-0.00296100415486568,-0.00242484605556365,0.000124392134739868
777,-0.0126391419796985,-0.00383171073397942,0.0261094568019576,0.0117787463465078,-0.0196067322901034,0.00170907231246084,0.00403688182400585,-0.00062055562587921
778,-0.0119798360065446,-0.000270390190935316,0.0171116872760035,-0.00243287719728351,0.00581012089618696,0.00164244828226047,0.0237864841596247,0.00689607432188992
779,-0.0162468281453384,0.00859700950892579,0.018158926896517,0.0307811937167271,-0.00684895839504132,-0.0148663025525939,0.020313276598053,-0.00717974592206179
780,-0.00922101054314717,-0.0189014754493249,0.0120160801678455,0.0113960861720016,0.024958913551144,-0.00969743813325388,-0.00105427862145063,-0.0121097329024574
781,-0.0223235279337118,0.0255882952970421,0.00443301949361918,0.0157584566755139,0.00123058798905798,0.0113049835254036,-0.0397067746362653,0.000490473032024368
782,-0.00927247869471443,0.00552742172701253,0.0250097267430993,-0.00116620044088695,0.0186065497885756,0.0161421172764519,0.00737068914861879,0.00685296200807126
783,-0.000234408647741229,-0.0010903793501699,0.00021559539697051,-0.000739583440469353,0.000441512617090589,-9.53360059669782e-05,-0.000145983945975619,7.25212872071628e-05
784,-0.0159721735143489,0.00871568999657618,0.019538313152004,-0.00316166274506569,-0.00530915817287998,0.00102231172983646,-0.00452358886795224,0.00729385315996308
785,-0.0142299352691817,0.0195052404715872,0.0239798710172094,0.010097551450189,-0.00784417183479997,-0.0112304896837079,-0.0180053201242166,0.0230513620901215
786,-0.0206833245660535,0.00122988894628453,0.00304322542942664,0.0360897230044915,0.0107028154569656,0.00889437591652884,0.0402500887255215,0.00764948367751855
787,-0.0233497269806981,-0.00365849100500513,-0.00841380822375997,0.0526416646916668,0.00849655131777937,0.004216015243677,0.0172139777971292,0.0126330188432184
788,-0.0114259862094146,0.019097547301895,0.0189324177288309,-0.00702785789899814,0.00294441871111793,-0.00322261845585777,-0.00395896362246261,-0.00379291059914536
789,-0.00872883373931779,0.00622576009997149,0.0307445194916384,0.00629321524689064,0.00460380112638616,-0.00288094959211413,0.0192020082110628,0.00471052891842974
790,-0.00916969008541464,-0.0243367407297706,0.0120326085399384,-0.0196415795788051,-0.00660789042627771,-0.0234632272913846,0.00653678031351614,-0.00694058764888758
791,-0.0119666861953109,0.0141821003977557,0.022728738901811,-0.0301784833073481,0.0119199984640894,-0.00161646619880138,0.00776781439607168,-0.0273560028098782
792,-0.000265485507054846,-0.000349954977958764,0.000307988315003167,-0.000227778822289082,-0.00090982995970058,-0.00021167166088194,-0.00129734662548839,0.00160976287583463
793,-0.00409685387768873,-0.00845991782491157,0.0110693375127719,0.000865742223920593,0.00119707736610762,-0.0101535376623859,-0.00123476651738848,-0.00415822971676587
794,-0.0117234888061137,-0.0312848886067447,0.0062542555099487,0.00487425445455271,0.024161657446387,-1.5656980854376e-05,-0.00801014238450948,0.0154615277679341
795,-0.00284645109386406,-0.00363661659113725,0.00992791280036083,-0.00217981766481896,-0.00217290555729654,-0.00304200177462701,-0.00406856178883713,0.00477094578904088
796,-0.0178559140560551,-0.00359305301632536,0.0151026242457546,0.0279953349568293,-0.00636877499871638,0.0139741310772127,-0.0309125760742771,-0.00532423126979908
797,-0.0141332555751128,0.0202724349110881,0.0217462760595157,-0.0258325238743781,0.00024710631760895,-0.0268150965071325,0.0146700403421559,0.024854807907522
798,-0.0105859506572837,-0.0322234238869405,0.002305642731469,-0.00599115930015497,0.0198987081164016,-0.0020230951159546,-0.00482626089108961,0.00629896596997617
799,-0.0157180814916859,-0.0173497089522399,0.0098339184874488,0.00547548723429978,0.029184985696914,0.0199042690480017,-0.0046100587736102,-0.00368962061239441
800,-0.0212429019330955,0.0197398068743437,0.00101930184918458,0.0170696082661528,0.00738929586894386,0.0165755009288425,-0.0153796071723564,0.0102628310872519
801,-0.00268428056938521,-0.00695292057401997,0.00596204625178296,-0.00375435774270863,-0.0012272003730002,-0.000658223482353114,-0.00487651667058688,0.000789351343530581
802,-0.00484865840277209,-0.0190715776120877,0.00726075677408275,-0.0061692480368106,0.00593498350100823,-0.0107895428320601,-0.000703969094891974,0.00112438596803122
803,-0.0334689543285109,0.0109816330176771,-0.047030039126351,-0.021932156094648,-0.00296310292361141,0.00512738470725365,-0.0457577228317724,-0.0175480992341457
804,-0.00057179293304131,-0.000114668873904921,0.0020498147910935,0.000593120157678023,0.000449526278612573,-0.00158141193802772,0.000553590361789291,0.00549542027401417
805,-0.00577963104222149,-0.0106287921717331,0.014755774625193,-0.00424703131024164,0.00275586474485016,-0.00367855230275889,0.00260748514893499,0.00437294261388216
806,-0.0201355160820594,0.013754038225516,0.00873876838314864,-0.0217761759072118,0.00110814062133262,0.0172132221108679,0.0239234931614151,0.0639912766840944
807,-0.0112784257212715,-0.0258077103767043,0.0155123640138654,0.00740012772864154,0.0149367440893668,-0.00658590195680533,0.000892797765259097,-0.00133001409725772
808,-0.00429884888991267,-0.0138810936582387,0.00157518057793686,0.00231462087096315,0.00870620741875432,-0.0136310942638919,0.0181804796570512,0.00711395642023847
809,-0.00557397437905345,-0.0222245437158156,0.00273375935104586,-0.00612781374306957,0.00692875582421623,-0.00525118370272067,0.0148999510168444,0.0136409851458755
811,-0.0259709949949352,0.00233434150933111,-0.0203137792863306,-0.00391744915456101,0.0157172927531976,-0.0113605714649843,-0.0245583908173324,0.0118304945258253
812,-0.00499561656276248,0.00740509688439588,0.0224404846484477,-0.00127900137993019,0.00655971886525637,0.0050211062095991,0.00826420249259314,-0.000188740373415043
813,-0.000391762727043061,0.00066448239374558,0.00168482743205757,-0.000210596773769105,-0.00341685257504072,-0.0024214540681289,-0.0035594927045011,9.98500687011885e-06
814,-0.011372163200654,-0.0162146969017383,0.0148423032137191,0.00490966150961885,0.012894834047889,-0.00377095713822318,-0.00558825424436627,0.00479705405909062
815,-0.00804026256845651,0.0027129128827406,0.0270905201560239,0.00401448390046111,-0.00409579682671131,0.00560907773802293,0.00500762858522299,0.00637326681394717
816,-0.000257201504457773,-0.00214900079240773,-0.00201638418764065,-0.000895522362226801,-0.000885282980805233,-0.000371577104915058,0.000789499139967926,0.00165511988231275
817,-0.00332786809400602,-0.00169145849404779,0.0116297197628138,-0.00430694745894353,0.00675145684444935,-0.00450026890504634,-0.0144348428131567,-0.00195543681973309
818,-0.0116257367674096,0.00583818550994796,0.0306853487375205,0.00691953521673399,0.0200406762898307,0.00921076733469996,-0.00472845862745046,0.0142195641871101
819,-0.0065185963050824,0.0019101538248077,0.016870331515781,-0.0186413530373651,0.00475852738853394,0.0019424224536289,0.00417064663657513,0.0231982795658293
820,-0.00748031909136979,-0.0184314879522707,0.00994968490873022,0.0021096832338113,0.0267723318828217,0.00376218517505663,-0.00202879147391513,-0.00830791627040369
821,-0.00103050073365659,-0.0036118403690588,0.00230879691690312,0.000985634560886961,0.00109346443544073,-0.00351772149922003,-0.00252485004903932,0.00545958650484213
822,-0.0146380025921882,0.013040368668773,0.0235887941081875,-0.0216870199480127,0.00147168311186381,-0.0218381732213294,-0.0050467964600047,-0.0253613872851521
823,-0.0122046192369169,0.00882711811989569,0.0137239721981119,-0.031727484542586,0.00183684276241999,-0.0132451352322084,-0.0105261579316512,-0.00596654973076359
824,-0.0104254616934041,0.00740528392268934,0.0307704576977555,0.014130288516275,-0.00620948863125348,-0.00504982384666965,0.00396002867158208,0.00549366491183246
825,-0.0104916279688245,-0.00494130051335404,0.0203795193721403,-0.0118216611705911,0.0106792888640964,0.00163268404981265,-0.0109314716398367,0.0123533845556262
827,-0.0100169311133357,-0.00138056801000944,0.0230789740812456,0.00849332567560937,-0.00847301932388852,-0.00964026264284836,-0.00528885655338296,-0.00751366771350271
828,-0.0116371258032446,0.0196495074212563,0.0299860562769508,-0.0135757115363572,0.00552783021726575,0.0149829038451253,-0.00802918085310073,0.0144533768310288
829,-0.00100717981850349,-0.00267447026672315,0.00218119285493931,-0.000480939208497978,0.00260722133435775,0.000340940243623079,-0.00145183336482753,-5.02502911526019e-05
830,-0.00814045540310451,0.000564725059795113,0.0249413168531749,0.0056020022773783,-0.00331130299235464,-0.0103315398481518,0.00361808410314384,-0.0188650909665199
831,-0.000712290818914683,-0.00189280706967119,-0.00112408746067948,0.000352297145719827,0.0013042863442346,-0.00356354046178085,-0.00126580084737793,-6.21842890064934e-06
832,-0.011540435956903,0.010763474488505,0.0181752325832289,-0.0344669724636448,0.0169238932924168,-0.0165982684318453,-0.0195485455454696,-0.0358486236579442
833,-0.0210460432536536,-0.0142760919415297,0.00112353528181359,0.0309605880405542,0.00285962378109685,0.00255871800210819,0.0160538062919424,0.0113863819229559
834,-0.0162294639304692,-0.0148103359238464,0.0144697469334568,-0.0153657138750791,0.0224679662513922,-0.00195348322854468,-0.00383012441418047,0.000554046298896694
835,-0.000521096555568948,-0.000868634008417273,0.00141739466423033,-0.000563782898678131,0.00148475178177273,-0.00170932948547475,-0.000471175362359275,0.00575268891996371
836,-0.0129422009393024,-0.0282372557799734,0.00848342761861753,0.00511193328815289,0.017683946561688,-0.00352937755102906,-0.00372940156825472,0.00718662279053871
837,-0.0160582063175851,-0.0220546196830983,0.00609829521327883,7.90247460373172e-05,-0.0433850380055102,-0.00154193855610102,-0.0194594367193935,0.0193993080236773
838,-0.0260908639765746,-0.0189426445245648,-0.0276782458258464,0.019110064616194,-0.0292161864499113,-0.00841867927891929,0.0205903778392043,0.0111758847115616
839,-0.0274260699221002,-0.00967376274780058,-0.0258603536931488,0.0191734690596501,-0.0327571406431639,-0.0120839402079265,0.0444889799800021,-0.0143805704499786
840,-0.0212858731611156,-0.0187660959997158,-0.00560247342897205,0.0248015436869834,-0.0261199069734081,-0.0158693112191563,0.0329286618329981,-0.0115950568460807
841,-0.0167964127436803,-0.0248806909507611,0.00362845098679176,0.0278227890575738,-0.0244181932246444,-0.0164772273871137,0.0244489940752257,-0.00130162628194666
842,-0.0270771051382763,-0.000502263786716145,-0.0295995324863323,0.0175023493526763,-0.00722876094437817,-0.0224916590603278,-0.0107653868260976,-0.0248380657225206
843,-0.0291947421555845,-0.00330573073278437,-0.0353877106049703,-0.00929697734309336,-0.0156028221182278,-0.0170024206076343,-0.00824976195641536,0.00864809943236598
844,-0.0309900181975748,-0.00213580127577805,-0.0376718708525995,-0.00503826320590774,-0.0222645752694192,-0.00534047245655284,-0.00900772675667769,-0.00367643120234032
845,-0.0233057704490191,-0.027222210527022,-0.0150500877071398,0.0198342599165401,-0.0391351352979901,-0.00155183379334979,0.0284283602169033,-0.00468223893943307
846,-0.0206129222566603,-0.0262618703517823,-0.00675794624336579,0.000223177194539095,-0.0360758377533909,-0.0161583315419089,0.00428959591317811,0.0043919818798593
847,-0.0162592693289954,-0.0341691678269391,0.00428001222168399,0.0180462967069869,-0.0212337384377086,-0.00895142970083576,0.0303090531044436,0.0137534495442547
848,-0.0316423590917404,0.00391940983085996,-0.0450116908144918,-0.00366527484332924,-0.0145320653041011,-0.0292336364152875,-0.00427172731979832,0.0202447445813075
849,-0.023854909286924,-0.0217948716359772,-0.0136869551163104,0.00781488281933729,-0.0243921213268198,0.0225031922126567,0.00913761261609174,-0.00931928886750152
850,-0.0280504771088827,-0.0119206365976804,-0.0300170066413606,0.00325233851822606,-0.0307165139899459,0.000860370938721664,0.0249861360999777,-0.0194265927670152
851,-0.0229285830838801,-0.018432124751541,-0.00425831952038602,0.0299576711527418,-0.0379858049831138,0.00193409527650085,0.0167868426429459,0.0170299715306039
852,-0.0318887794375497,0.000735994853190586,-0.0459002193896558,0.00544498314938955,-0.0224843448702736,-0.0166758236338169,-0.0114141889706359,0.0242137722073108
853,-0.0311290399130831,0.0044392818159173,-0.0445778578496137,-0.0064919579932885,-0.015343943329044,-0.0407571387430946,0.00260721585779824,0.0164547892725933
854,-0.025606441662541,-0.00481001753580745,-0.0121610071399894,0.0406075545238691,-0.0342479495436968,-0.000974659744270817,0.0131681599677236,-0.0233379293327189
855,-0.0225086481938077,-0.0151181326265151,-0.00254974034314426,0.0371888107037472,-0.0195766817807264,-0.010353590558692,0.0124177667838604,-0.0076829349472611
856,-0.0247409067192801,-0.0170775466788851,-0.0163706857111402,0.0367698768540927,-0.0258976780836565,0.00343874431844425,0.0189635659260268,0.00583456218830571
857,-0.0153436574554481,-0.00781405571361872,0.0228236034825918,0.0320935380423396,-0.0159531764157314,-0.0112601925330244,0.00811770248784693,-0.0154698142612376
858,-0.0187380499576594,-0.0214152954674988,0.000153173904496939,0.0267289505407312,-0.0407123973736138,-0.0225438867137442,0.0327508588718634,-0.0128581153902079
859,-0.0305561024691567,0.00574742271406298,-0.0326428465799859,0.00792019472607754,-0.0333152065432894,-0.0242209473788836,0.0206159085837859,-0.0474704974395708
860,-0.0283590047984629,0.00919030441154586,-0.0321792500097608,0.0226402587515894,-0.0362629400707937,-0.0555792690900677,-0.0216919482427135,-0.0477114970687752
861,-0.0220418136964967,-0.0197854927164699,-0.00713032898335519,0.00960061426178659,-0.0190265983941815,0.0213740773861924,0.0296896398932517,0.0182274704458746
862,-0.0259883840986083,-0.0267733957118153,-0.0316491847008341,-0.0117758738302959,-0.0204375662235603,-0.0112441079429427,-0.00267196982079575,-0.00399278961305012
863,-0.029781876317494,-0.0102482163403834,-0.0395367225999922,-0.0150788373765426,-0.0188332752599807,-0.00429103741640122,-0.000720596924727057,0.00943252270408926
864,-0.029262515097237,0.00235057793604235,-0.0463513685125185,-0.0420350165753193,-0.00950891592782057,-0.0291950326181433,-0.0151309501862237,-0.0150719056330417
865,-0.0065298092950644,-0.0145780800331676,0.014321668305576,-0.00226318771532634,-0.00757111354882277,-0.0182438733926383,-0.00108259818907014,0.0106477832114511
866,-0.023457307686219,-0.0308007835782849,-0.0186421462381554,0.0115740929400278,-0.0216794957118969,-0.0160977618196761,0.0149878972202003,-0.011485618245951
867,-0.0163540238950735,-0.0314105208046089,0.00824466172208261,0.0118958633263623,-0.0141610605900586,-0.0120237520910286,0.0240403698382496,-0.00798127499268806
868,-0.0241838849227128,-0.0216846884303998,-0.0194570244647382,0.0117573949830076,-0.0278502650377779,-0.0126162732155124,0.00288080497087377,0.00153146115721898
869,-0.0151808021981544,-0.0357722952084477,0.0051604321359164,-0.00354643349235136,-0.0278980539223066,-0.00709208401757294,-0.00282600233393162,0.0077986802723882
870,-0.0248226502360472,-0.0247574568253389,-0.0235333656177089,7.12423421747624e-05,-0.0346974578209211,-0.013007944374831,0.00103193843140396,0.0219175518174097
871,-0.0196272068904799,-0.0310924134941624,-0.00716113522117314,0.0117429703190899,-0.0272378043323953,-0.0112007744517427,-0.00740199497574786,0.0169459846984009
872,-0.0210062881639708,-0.00593644149616589,0.00455374631191851,0.0411817384440176,-0.0267473772165093,-0.0197534305520053,-0.00445101820596432,-0.0303949782508171
873,-0.0242868901551763,-0.0146779456637604,-0.0114314308127087,0.0254677896223839,-0.0339624786913089,0.00955153707071386,0.00822240671019213,0.0118872425065075
874,-0.0237355124943392,0.00744352721484426,-0.00410531731959942,0.0234016442713899,-0.025288443176746,0.0076427158763248,0.0185488708110049,-0.0222974263458634
875,-0.0141552044876031,-0.0289507095566318,0.0148512249040237,0.00858208782883229,-0.0234878801414384,-0.0190589681066473,0.0270411900429287,0.00338625216920627
876,-0.0179479030864074,-0.0390282945941284,-0.00310798304188551,0.0057316481238674,-0.028658458061789,-0.0111324586067089,0.0128631198702133,0.0100570164936334
877,-0.0129657113389057,-0.0250849454913489,0.01313410457522,0.0301976194316305,-0.0105689261317468,-0.012144107907102,-0.00704466840494498,-0.00230999537130164
878,-0.0176618717460817,-0.0195195775116191,0.00549635747646189,0.0244217702201852,-0.0330105923522106,-0.0109353287350996,0.0198446272026101,-0.0138960636006256
879,-0.00631436913435252,-0.0099584492610817,0.0198390108164476,0.00474349686277154,-0.00405486958965173,-0.0118289903575292,0.00487425124206177,0.00491746340834528
880,-0.0254073386833547,-0.000857708619433808,-0.0104299627636004,-0.00407621566944417,-0.0437588485677005,-0.00415323647274958,0.0213528490237958,0.0235729502090912
881,-0.0183362244753647,-0.00593480273338914,0.0196963870716064,-0.00566837302535528,-0.0315709382236716,-0.0105379457992916,0.00721084096869089,0.0146732468135049
882,-0.0216432978356418,-0.0327874413257214,-0.0214509725167862,-0.00179664859552369,-0.037028869384686,-0.0303340574428453,0.000772426144855223,0.019029045134224
883,-0.019240011079332,-0.0221370596486379,0.0101230016571917,0.0188147248396066,-0.037327897734442,-0.014716458868237,0.00608721059940374,0.00658419775819604
884,-0.0159335074833332,-0.0269295044905269,0.0171561524683022,0.00344060604089264,-0.0236263317670059,-0.00639126677868077,-0.00234717194160581,-0.00174927160839364
885,-0.0211319098616315,-0.0300594247618363,-0.0108602114276037,0.0230737636181306,-0.0363071137174817,-0.0160226811009707,0.0272373805523873,-0.00476225376528587
886,-0.0189099995877729,-0.0273360937076862,0.00683664179663633,0.00683673257303304,-0.0295441740017124,0.00362174465235645,0.0174661204116147,0.0211027083564211
887,-0.0201876183943458,-0.0306832994479975,-0.00451535663946992,0.00734948810008466,-0.0359449432812635,-0.00689659588640635,0.0254749688771947,0.0147027052702524
888,-0.0168850011396212,-0.0257904978577795,0.0141755880487162,0.00466353839456457,-0.0158416942073743,-0.00155948049122791,-0.00804133564033618,-0.013180516896429
889,-0.0200353093525158,-0.0332988710526271,-0.0140810978446587,-0.00166564232178955,-0.0220279641318899,0.00574699215426539,-0.0116551418501754,-0.0167564770004133
890,-0.0227433107187984,-0.0262718299499093,-0.0123783381214414,-0.0047649732098813,-0.040751210458113,-0.0082489092233581,0.00973117474555276,0.0248253665557976
891,-0.0240749115694425,-0.0251297030608795,-0.0183125470250061,0.00777689371745972,-0.0281392256220476,-0.00816772440426635,0.0384356810666305,0.0112246113966182
892,-0.0198598406738597,-0.0104611903988674,0.00450439746505692,0.0114079756223755,-0.043950948657168,0.00455013130383381,0.01663916165121,0.00918132047405308
893,-0.0284422789166297,-0.00236397894546688,-0.0182070774041196,0.0193673022670092,-0.0370928637875165,0.0149168177939909,-0.00225984504222817,-0.0164676754058899
894,-0.0252029537419423,-0.0178626982241426,-0.0126355402141846,0.0147849437403446,-0.0329780986088528,0.00268342537451776,0.0011169312926998,-0.00599083821754034
895,-0.0239863604732675,-0.0189852042368798,-0.0157731849010689,0.0131343910321283,-0.0388720489203406,0.00080222117719814,0.0426981018192559,0.0155987147776989
896,-0.0118770098880154,-0.0241314528611084,0.0125415326961067,0.0144766911868197,-0.0198119277973805,-0.0173471817888557,0.00499130428234343,0.00575816043641437
897,-0.0118690282080719,-0.0143446880956019,0.012389609285421,0.0119309408118674,-0.0129264333227521,-0.00527430728908653,-0.0120334607695398,-0.0150314087991417
898,-0.00645082223171304,-0.0159528566674617,0.015079793381374,-0.00327313581118301,-0.0149835143189786,-0.0221852865554326,0.000535476302052075,0.00347916365861551
899,-0.0136498983692741,-0.0313339317671708,0.0127672031374648,0.00101449849330948,-0.0114591103024239,-0.0175246956839694,-0.00852755745423714,-0.00563777888739699
900,-0.0085991223338703,-0.0208475707013204,0.015015684952473,-0.0104690928355804,-0.00778434963937772,-0.0134142690985809,-0.00877041381647461,-0.00540933022979426
901,-0.00828267114369536,-0.0137805186492046,0.0171010346938698,-0.00180214123401054,-0.0129962342534567,-0.0177046921431448,-0.00471806250748542,-0.00527616194529931
902,-0.00565790879864941,-0.0118159067335464,0.0173251789738885,-0.0057116229895875,-0.0071809101986084,-0.0122488289376739,-0.00615104122974868,0.000811110790413247
903,-0.0137922782277018,-0.0172658183961063,0.0142392959144669,0.0123476933423386,-0.0189522646353473,-0.0116764813398989,0.0291466120843944,0.0115211681387706
904,-0.0124040040741001,-0.0152316388013865,0.0227521826130886,-0.00635889243559724,-0.0327629386249992,-0.0188073322468362,-0.00641031096500227,0.0164011218217097
905,-0.0213579520766143,-0.0281807393762762,-0.00853657187319289,0.00247315217108678,-0.0360545243015521,-0.00498385047653882,-0.00166166947477019,0.0113153410628687
906,-0.00420880408668258,-0.00847400356562392,0.0114677860302423,0.00336760128487896,-0.00390066548564481,-0.0126377435510255,0.000493828019578745,0.00945753757640738
907,-0.00844181879512964,-0.0139001546033725,0.0144707484993714,-0.0107038825640856,-0.0221123934567015,-0.027259914424324,-0.00915734963286368,0.00985036172692967
908,-0.0237126996861283,0.0059640550825477,-0.0180479986836178,-0.0488689719056831,-0.00270585561160365,-0.0276215837481795,0.0124636764520553,-0.0576771783997791
909,-0.0290292381384036,-0.00305597020671863,-0.0365265892004784,0.00688675594306511,-0.0386984721445913,-0.0157305536667432,-0.00108187045353828,0.00778036390882875
910,-0.0104475690757353,-0.0270416181313388,0.015523796306436,0.000259034913715079,-0.00226100010593203,-0.0122857919099241,0.00352878725651321,0.00853761280156701
911,-0.0214818493897344,-0.0279274637693045,-0.00507329107227721,0.00824466261949815,-0.0203000282618432,0.0143619401223264,-0.00460397298769176,-0.00835995201615041
912,-0.00276264695791323,-0.00797886850071315,0.00473675396500832,0.0040495751497812,-0.00492228940913125,-0.00442300469863854,-0.00221828072693691,0.00212035171339954
913,-0.0158086404096818,-0.0341455712808568,0.00629488449727531,0.00246434668964098,-0.0312751307468847,-0.00177451358174635,0.00336695820734575,0.00332094231016689
914,-0.00723539538819431,-0.0198743506721598,0.0132774426068456,-0.00208656187959116,-0.00823167386300473,-0.0182509618355425,0.000675257962152932,0.00197012046476957
915,-0.000287495672551985,0.000425380120374447,-0.000626406603501177,-0.00126264339073923,0.000351322165438175,0.00217447351436525,0.00187587134312598,0.00172290056861793
916,-0.0136152980745763,-0.0208005234546469,0.0204997153896986,0.00735756121742234,-0.0173968715322128,-0.0126835075103371,-0.0179399423265735,0.0127006766432243
917,-0.000729851682686266,0.000941465640914388,0.0013182381217743,0.000123043607720127,0.00204168611760182,0.000225372242517341,0.00128767548952615,0.00555897728315277
918,-0.0162581763167341,-0.0450751859201025,-0.00306013465909127,-0.0113174367903262,-0.00524490286852151,-0.005670041221239,0.00510334376165954,0.00383205812016367
919,-0.00305574495277888,-0.00118018918653626,0.0104727292691005,-0.001699504588826,-0.00337688647410315,-0.00508253431185263,-0.000673517803334818,-0.00189264509614635
920,-0.00268710781025455,4.72068054209141e-05,0.0137247497693661,0.00107155811935716,0.00396572784570272,-0.00109534620191844,-0.00599417289831126,-0.00655358302857683
921,-0.0154314276627587,-0.0304933638797478,0.00980934081195614,0.00642844889021874,-0.0194671911721353,-0.00409055232393656,-0.0108911915809978,-0.0180668865385073
922,-0.0085995761691185,-0.0125928188164079,0.0199427815184535,0.000353152380612525,0.00810632795005552,-0.00350924531964767,0.00109957310368523,-0.00353087530662218
923,-0.0027452724640173,-0.00862158160149316,0.00289760915501507,0.0110232527623226,0.00491905475763196,-0.00312047541325034,-0.000207109734887943,-0.0032891322789708
924,-0.0218482569027033,-0.00167489321602369,-0.00325207020095581,0.0414576855922913,-0.0236533628303865,-0.00909909134951097,0.00999100146209366,0.00905198873711521
925,-0.00861718579348599,-0.013438938068824,0.0160943428789722,0.00607527600304861,0.00558787455009442,-0.0152538585199043,-0.00171335503665433,-0.00558218179084942
926,-0.0133906855077815,-0.018577693487043,0.0185142402158019,0.00479570623993641,0.0211484990111841,-0.00285684391423236,0.00805454074137071,0.00876156633831072
927,-0.000642605933531327,-0.00072503368053992,-0.00151719530717606,-0.0028058320228943,0.000973722053547018,-0.00585184806458904,0.00142016254732662,-0.000425519909799052
928,-0.00937888746441865,0.00850885730159986,0.026281985446363,-0.0140100144700226,0.00156451582663842,-0.00789379805596246,-0.0175654436521868,0.00455698060308044
929,-0.0190477620592657,-0.00385392117985696,0.0150692924408496,0.00790027719086047,0.00149048095054074,0.0265485370971375,-0.0279532421374717,0.015122782991671
930,-0.00667617814141715,-0.00304808164764705,0.0189765838530012,0.00898060538487472,-0.00242983462084041,-0.00110525312695623,-0.00491932705987528,0.00471076629383723
931,-0.00380661377917912,-0.00849640810948141,0.0110010285491829,-0.00487069817394437,0.00584284759610296,-0.00712367191962201,-0.0066222382736396,0.00829832664458672
932,-0.0247435534609306,-0.0163528097422184,-0.0223496258096159,0.0227929063121571,0.0161962709849699,0.0159767500221556,0.00355481259602858,0.0140582454356341
933,-0.0156351345684718,0.0180257124106543,0.021224290274852,-0.0260782926838983,-0.00217227174434455,0.0094893278436624,-0.00522826431565669,0.0303620587495727
934,-0.0093547372010529,-0.0216188131714742,0.0132154705846973,0.00318960371422546,0.0147600890968959,-0.00372917113906619,-0.00350857954060999,-0.00584754556964545
935,-0.0145242960052106,0.00261661198991816,0.0229136280305725,-0.00129757700344341,0.0196619569031511,0.00102781420968327,-0.0142220272907685,0.00568963617508297
936,-0.0192371375698995,0.00681866751137453,0.012417406171986,-0.00955555739423405,0.0152768072214543,-0.00147474384797442,-0.0158337743243254,0.00894128271285262
937,-0.00771986219466913,-0.0109382904095897,0.0172201261941725,-0.00451507318552707,0.0159897104910593,0.00472017810192648,-0.00237229627867076,-0.0025842750917923
938,-0.00398742873914231,-0.0142587647723535,0.00678309445910668,0.000324890431655929,0.0127321621304752,-0.00917155176204043,0.00564147542071498,0.0130817734821011
939,-0.0141086554956412,0.00210006898274936,0.0238106307967438,0.00298498812296747,0.0067095453100147,0.00638352700481313,-0.0208287322232203,0.00665051869004053
940,-0.0117676437572814,0.0124442037040696,0.0305154489018118,0.000413152656185125,-0.00653265881073873,-0.00943502801308427,-0.0236001848093949,0.0275240003360321
941,-0.0106918969338372,0.0157249248890041,0.0318219475166797,0.01696447080626,-0.00523425074827824,-0.00522090072954838,0.0154444777181597,-0.00844327019543087
942,-0.0140279326764548,0.000426927613825594,0.0225745351521649,0.0123907236247625,-0.00699142684325001,0.0041976882145762,-0.0273089477590853,0.005005037295901
943,-0.0163840766272575,0.00516769419529872,0.0178009286467931,0.00141349837491267,-0.0292513477405745,0.0140104199728716,0.0148384824404325,-0.00176335986817127
944,-0.0143279591722459,-0.00673961334583646,0.0261292392174092,0.00392286160219584,-0.035534991054683,0.000235938091533419,-0.0147178047013481,0.00594968293750412
945,-0.0181511152504985,0.00586425494972887,0.00945987960859462,-1.89523542678965e-05,-0.0215850244214774,-0.00350208266083968,0.0403715288175398,-0.0334868540907996
946,-0.017067130044607,-0.000313881516233559,0.0226268768894798,0.00954020509311103,-0.0267038818370585,0.0191989560164577,0.0147328792306519,0.00261575560548165
947,-0.0130339383060747,0.00156865315233982,0.0238680896306764,0.00273483635227189,-0.0247430117140405,0.0140490961418097,0.019233439086496,-0.0143637666105136
948,-0.0218739768812451,-0.00267772117359516,0.00996068401434872,0.014240797505279,-0.0216692740255451,0.0143074977779913,-0.00453910332878569,-0.0371436820633707
949,-0.0194333998947871,0.00100725053066068,0.0158033665162126,0.0265457705684613,-0.0270050304180938,0.0101320928408104,0.0202833048375394,-0.0224136796336881
950,-0.0153415144358191,-0.0100990434445065,0.016462367704879,0.0338738111783336,-0.0231335086648615,-0.00275371934820711,0.0297653364384916,-0.0265260448453467
951,-0.018911356749413,0.0151543029827707,0.0160993537367303,0.0221667069694182,-0.0199220317025246,0.000812564288573276,0.00875703756138381,-0.00845174086538402
952,-0.0157677406047766,-0.00233608846015345,0.0226626477352728,0.00893261034750826,-0.0217512671768933,-0.0112972387019136,0.020351791311526,-0.00654248128560618
953,-0.0198588056614998,0.00324419481171503,0.0160874448867651,0.00854639814677656,-0.0322499359780659,0.0125970254165052,0.00770020910262957,-0.0218250190410938
954,-0.0147503985003288,-0.00583537893416315,0.0260848753896838,0.0159611270035405,-0.0207004133488176,-0.0074343209689111,0.0274180462429423,-0.010432356940412
955,-0.0242373748956261,0.00651097439089128,-0.011139585214266,-0.015914912885757,-0.0393964295395045,-0.00842223038258254,0.017627058891312,0.000362348834803593
956,-0.018966354707143,0.0118728584435921,0.0162681321968553,0.0287002072014689,-0.00698810014335746,0.0110686148099235,0.0255206591807804,0.0218256978933155
957,-0.0141856724909585,0.0165335079231258,0.0241137234298905,0.0278063914481801,-0.0204737043056964,-0.00564443359521827,0.000356378232609948,-0.0125833373042722
958,-0.0234286776020672,0.000195350676184916,-0.000261775847678156,0.0256087922710187,-0.034529428474267,0.00555326613836892,0.0358552136880133,-0.0414587198703191
959,-0.0231093775458448,-0.00619348922666761,0.00971059068986,0.0102071554350374,-0.0251091759186214,0.0218890741581511,0.0323390715926626,-0.0138832317025256
960,-0.0156404580867136,-0.00691977599502237,0.0205234397010039,-0.00130260375910767,-0.0288853154166477,-0.00312436542712575,0.0279535376749055,-0.0035198770100122
961,-0.0203682761474061,0.0109499170769413,0.0167519690613002,0.00451202274059152,-0.0159168650651404,0.00426161874521332,0.0444833361042391,-0.00895255462319002
962,-0.00431470693459802,-0.00807906689837971,0.0103176701785778,0.0157689798668141,-0.0105863516646423,-0.00998804731100002,0.000696855328628499,0.000901647942988436
963,-0.0187031467265999,0.0166159169370056,0.0140799478110629,0.0231766897227809,0.00337603647199301,0.0180173280817043,-0.00584160025697336,-0.0109970204652277
964,-0.0259760243016015,0.00590695075113504,-0.0121621980534214,0.0250520978180109,-0.0305755385535953,0.00210540617457012,0.047383113712882,-0.0359933001935706
965,-0.0232911378627006,-0.00230063236510286,0.0016530123102556,0.00805870346516115,-0.0279421150047709,0.0110675230784173,0.0287413228996944,-0.0392457023932794
966,-0.016350817816391,0.00369973934764048,0.0220348656105388,0.0127332949237951,-0.0185985606596398,0.0222636832634569,0.024613443378613,-0.0171472891112415
967,-0.0205348214381481,0.00770549747396563,0.00927320635729097,0.00737889519126831,-0.017507437451653,0.00788237543284881,0.0347836638233928,-0.0126024853840069
968,-0.0240054924025701,0.00263753468723779,-0.00709379976297487,-0.00185532096823344,-0.0175507348569479,0.00436239260473456,0.0404574085203383,-0.0440940445553918
969,-0.0198009693835721,0.0117420278493393,0.0119721670124067,0.0120454846936371,-0.0147358380637683,0.00732660498253032,0.0354769992906921,-0.0312165742445069
970,-0.0199377453104787,-0.0153983378606049,0.00219787897090314,-0.0139735848516057,0.0276831156604545,0.0170885355808494,-0.00874197686133818,0.0131941312130727
971,-0.0276492414254887,0.0117456915902847,-0.0214244470650296,0.0359551200685298,-0.02847745310932,-0.0421299472838223,0.00910018408354992,-0.0432085719473386
972,-0.0294617264482993,0.0289927612090992,-0.0192295463727723,-0.0143672583433377,-0.0211751739062113,0.0114325311274709,-0.0171648620473069,0.041296195805574
973,-0.016825351091117,0.0269471674909672,0.00860830175729866,-0.014643435322071,-0.00228937207008821,-0.0122338086226883,-0.00345330344073924,0.000791994712478923
974,-0.00354911308953832,-0.0110762377082627,0.00691225748335161,-0.00155453815675191,0.00274091817854657,-0.00171789024044375,-0.00897215374187986,0.00378593745867285
975,-0.000637353007914364,-0.00350950977862241,-0.00177857679441978,-0.00245029177416625,0.00728675894097523,0.000708391899939222,-0.00146497562947839,-0.00142762142377705
976,-0.00175262591614327,-0.00472935144220768,0.00471868286723027,-0.000178807069540374,0.0027778050551912,-0.0048363173126486,-0.000183274061934545,0.000315272662230374
977,-0.0237345889329376,-0.0226133398965834,-0.0338857694477267,0.0221955953970121,0.0169053719825579,-0.00789357031022007,-0.0125961308243035,0.00397047048176719
978,-0.0224236609080308,0.011675184896622,-0.000555391439924296,0.0263187053669699,-0.00339545750260844,0.0173691796695352,0.0193344997599584,0.0228854004032036
979,-0.0125861317415342,0.00367034876861996,0.0258752606730034,0.0222282932632127,0.0108641687323761,-0.00343636932208654,-0.0123432718065557,-0.00292001174419397
980,-0.0105497979875929,-0.0162896783213704,0.0170235107390595,0.00516131870834416,0.00609666805392725,0.00166403643396432,-0.0173770212115146,-0.00934523821980806
981,-0.0182978111164149,-0.0255447496176513,-0.00256551553265792,0.0128045936267,0.0269412784329688,-0.0152644353346734,0.0142145467589183,-0.0117222572588406
982,-0.0214209913959886,0.0220892322317804,0.0103557161802006,-0.010980187989592,0.00595126103580673,-0.0090227960414137,-0.0094138240047695,0.0499418186587889
983,-0.0202875301949201,0.0272453735636695,0.0130467704867691,-0.0043308034234569,-0.00871791948499015,0.00240975827501376,-0.0228449673606064,0.0297611885370498
984,-0.0195129354041101,-0.0191262304296953,0.00360511486614664,-0.00125163962684653,0.0200354487719548,0.010431978544689,0.0116451539469787,0.0205850714002923
985,-0.0139035251589484,-0.0202602539980766,0.00928813005200575,-0.00469779448638707,0.0318288507616887,0.0181445869600167,-0.0146566266130652,0.0107215474634287
986,-0.00925549450362546,-0.0156574960853622,0.0138918201962686,-0.00941395502420327,0.00292707374946328,0.00290581055909214,-0.00662275650900292,0.00483569508451304
987,-0.013975596946932,-0.0250848502730839,0.00812124793878418,0.00466640319784075,0.0162249773218853,0.00105447094162636,-0.0118093591763042,0.00348802397334034
988,-0.00683341591122399,-0.00238400601753722,0.0219673822844318,-0.00508101647262081,0.00342993921647998,-0.00703986217819892,-0.0106698072413333,-0.000151360733521294
989,-0.012716354784252,-0.0239293517093252,0.00821547918643758,0.00891280787626339,0.0132311231790074,-0.00300929090343018,-0.0133895831019448,-0.00145418376661064
990,-0.0198261240926052,-0.0146665845026181,-0.000433064603585746,0.0293797164238258,0.0167060699741193,0.0203997381623976,0.0256707139988766,-0.000449622756303863
991,-0.00391122468326672,-0.0117096785820405,0.00600964591698947,0.00737417632344654,0.0121183928669592,-0.0106690471825034,-0.0116181341454323,-0.0014490525374074
992,-0.0225549290938172,0.00995265384382824,-0.0075228111404499,0.0198569296720147,0.0229801173087675,-0.00264742047188522,0.00193790663755527,-0.0222323537235193
993,-0.0266254040257799,0.0131320870800231,-0.021655278631855,0.00577343434804861,0.0279824506389061,0.0503984513729554,-0.00946076965394876,-0.00312148797790178
994,-0.0219910464143954,0.0141372730639621,-1.88338908678176e-05,0.0147570387117254,0.0225533803223115,0.0260388047411897,-0.0386481199291197,-0.00194837509885352
996,-0.00925805045524954,-0.0179746028969037,0.0182570674252888,0.00458803634228768,0.0175662336649422,-0.00652878253480516,-0.000281577082745249,-0.0135022991290393
997,-0.0171698657853153,0.0104513001305333,0.0154307623887191,0.0122151541395914,-0.00751478500089361,0.00123103699663973,0.0210232628085005,0.0084468566872381
998,-0.021848369849113,-0.0284698825668971,-0.0120674039826262,0.0223143972431004,-0.0189348428769214,-0.00689449086181141,0.0223555859654071,0.00698280893690165
999,-0.00947653255035106,-0.0239718654455137,0.0141472208362297,0.00170408107210087,-0.0138504985995786,-0.0183394220106433,0.0278720591742743,0.0172786855494666
1000,-0.0110235610066446,-0.0298366486500104,0.00988174193236255,-0.00635062717587931,-0.016045997646023,-0.0223883050687421,-8.00819615875365e-05,0.015155405012765
1001,-0.0169803649151919,-0.0335448319720347,-0.00291375926043188,-0.0166527256188638,-0.0272166856941908,-0.0265068564551829,-0.00920391345952982,0.0252840254626328
1002,-0.0016163459653544,-0.00619477719361953,0.0026527537324069,-0.000757817385379094,-0.00113913667178209,-0.00757785907274571,-0.00060394162177109,0.00099727733969591
1003,-0.00101787773717035,-0.00315771347782595,-0.00251836045007723,0.001874640804961,-0.00300685305484567,-0.00188093117333595,0.000126143691738195,0.000903192177990337
1004,-0.02706081936322,0.00933644412687287,-0.0219357660302524,-0.00634848762020017,-0.00817054107172694,0.0122681546169108,0.0595420156755667,-0.0637614265716542
1005,-0.00972484879052968,-0.0259805396776844,0.0138807175372398,-0.0158147791422525,-0.00794729285716384,-0.0180815550798225,-0.00814391436672787,-0.00521693648938315
1006,-0.027114073908534,-0.00343317650619243,-0.0350692752159953,-0.0171223114785712,-0.0139486347235364,0.000486101488006185,0.0197470044492068,0.00256722867031735
1007,-0.0231222836492857,-0.0131885078844958,-0.0138004589804519,-0.00824966410756787,-0.00472421161400385,0.0175689849784394,0.0321630234933593,0.0164033544141599
1008,-0.0287012513816245,0.0091754859676542,-0.0300597836665267,-0.00122214474319011,0.00546604390265926,0.0250678338050955,0.0172197715620378,0.024992883649641
1009,-0.0273485980164277,0.00207176998852692,-0.0248035339259756,-0.0207582770324671,0.00584212513125634,0.0283921820318279,0.0313457453683576,0.00350692473461409
1010,-0.0215096391847694,-0.0120366536567565,-0.00210416553214118,0.0198008079960332,-0.0263790058334432,-0.000328234651831073,0.0231640189725031,-0.0239686555069557
1011,-0.0178633952042286,-0.0252057470278454,0.00609610656431225,0.00158165769254533,-0.0195551339467632,0.00595342051267578,-0.0118703587217728,0.00855849117755908
1012,-0.0178461372167477,-0.00267702951438225,0.0192613023875595,0.00787989198364289,-0.0293741643993165,0.0156293447877639,0.0315829271730539,0.00776027506833121
1013,-0.0259346788428331,-0.0128647735209967,-0.0210477588585835,-0.0134345685774458,-0.0184797481272648,0.0149963120882413,-0.0251777309712859,-0.0170164684544926
1014,-0.0183839149116541,-0.0117824484740365,0.0109367086080704,-0.00651680527875947,-0.0325958856229975,-0.00155758643838346,-0.0244377670071423,-0.0115057727902117
1015,-0.0238941054211481,-0.0161811323973957,-0.0135775591506642,0.00882046847436987,-0.0356276122273313,0.000480953589207645,-0.0137093645464708,0.000793179240137749
1016,-0.00743017819906772,-0.0104376376194737,0.0135419443368806,0.0105416027815095,-0.00409307049742024,-0.00802744608109336,-0.00260687360470742,-0.00364587449656382
1017,-0.0215611688138739,0.0193264893433239,0.00101318519888015,0.0499009122458754,-0.0132348644127637,-0.0247585015520339,0.002095754390653,-0.0350392600256698
1018,-0.0282973991603686,0.00812754045601799,-0.0313463157034222,-0.0403129410775702,0.0339534017382846,0.0349409684525659,-0.0344052554610466,-0.0161784509629494
1019,-0.0293115049564264,0.0135304903396477,-0.0301030949662051,-0.0119325772351334,-0.0045807143683673,0.0190213383174291,-0.039388871420775,-0.0169011152794427
1020,-0.0159831329239079,0.0148254007257347,0.0180889387616395,0.0059135833193273,-0.0081048490947317,0.0243685645409496,0.00469916342479472,-0.0171544296739557
1021,-0.0236822105519858,0.0195829668005788,-0.00644202716959438,-0.000362618751534737,-0.00851400922594182,0.0159086295533499,-0.0588656791442672,-0.00433588700618262
1022,-0.0240291658492334,0.0215638098962148,-0.0178348500761527,-0.0197417276883081,0.0209593203470742,-0.00935426260269304,-0.0250622986597461,-0.0337425715379541
1023,-0.0256864515579373,-0.00790341314698562,-0.0362629667849946,0.0149196239998319,0.0182359485196109,-0.0337651472844901,-0.0195660391799305,-0.0135503525064431
1024,-0.0245931341198272,-0.0107890544255684,-0.0246245727713099,-0.0134137070904325,0.0238168291124619,0.0433767160104267,-0.0132568521369424,0.0108016561779014
1025,-0.022379172453161,-0.0227739766433529,-0.00756306166464736,0.0327218703230455,-0.00197111664118108,0.00652510026019415,-0.0170361172330996,-0.0277357081259674
1026,-0.0297524882800821,0.019347480400119,-0.0305833434534459,0.0187629877867601,-0.0252020391628903,-0.0189309945293579,0.00374205137571977,-0.0537151276950411
1027,-0.00146265258090397,-0.00128738996670854,0.00177726602694191,-0.00456321088193787,0.003221437943081,0.00238569233655833,-0.00121699049774009,0.00364331281261533
1028,-0.0218515824558764,-0.0188095070124813,0.00205148411208558,0.011866699906656,-0.0314484756508274,0.000722708643826559,0.00763168953821431,-0.0152046577011215
1029,-0.0161817676420826,0.0296960561907371,0.0183354234069055,0.00841609410811188,-0.00248794767288008,0.0170002028836724,-0.0202145036092009,0.00588774408540562
1030,-0.0255897288126179,0.0356748456497971,-0.0101054830580742,0.0238274522770848,-0.0192911008174327,0.00590616151928174,-0.0304513373596686,-0.00484867647529386
1031,-0.00123489278423579,0.00162134146487146,0.00504877315625247,-0.00367929073712165,0.00342717057128349,0.00418359161715212,-0.00164076399759179,-0.00254780325530045
1032,-0.0231329891937243,-0.0181080390204891,-0.00886715560404791,0.00654302246120919,-0.0109198892864836,0.00612431562355058,-0.0131070066344945,-0.0234147923074939
1033,-0.025770320411312,-0.0217340312066635,-0.0284085240642371,0.00374007943332971,-0.0203091145023076,0.010231678506069,-0.0141386078363309,-0.0069754498044711
1034,-0.00600333180900215,0.00498452093405456,0.0236904916132033,-0.00897020893596501,0.00740809701763294,-0.0120923689986687,-0.00349253674890098,-0.0226055241624683
1035,-0.000265402693489605,0.000848111693294159,-0.000603321250558041,0.00267967560174407,0.000258090998138723,0.000396842693893281,0.000353780053295026,-0.00176922575735721
1036,-0.0185614065614492,-0.0328939289776978,-0.00574508513093716,0.000522757441901257,0.0268904943149777,0.000697131567138404,0.010792576075617,0.0185588717190087
1037,-0.00985045316132987,-0.0233696752805296,0.0145941282518014,-0.0127242852428693,0.0144924281171326,0.00205120335661155,-0.00298488356659761,0.00654892334734648
1038,-0.0110340637552609,0.00195850309518808,0.0271604475556208,0.0224680726590748,-0.00357278056742178,-0.0064945938145441,0.00266112125365392,0.0111718561782589
1039,-0.00800013156384666,-0.0130685331233868,0.0185985680385894,-0.00647055009156185,0.0113572616722782,-0.00223686544969157,-0.0117293288845596,0.00345668053421534
1040,-0.000285896466520655,-5.73344369524606e-05,0.00102490739554675,0.000296560078839012,0.000224763139306287,-0.000790705969013858,0.000276795180894645,0.00274771013700709
1041,-0.007858666855993,-0.02308682112145,0.00855907031509212,-0.00470027262232971,0.0100419929220042,-0.00755404376875765,-0.00633825908732425,0.0122105635615806
1042,-0.0075833360093915,-0.0211564699563293,0.00706220988657689,-0.00219672956726723,0.0205539881308485,-0.00413865373842665,-0.0104014906094425,-0.0033216339455842
1043,-0.00057179293304131,-0.000114668873904921,0.0020498147910935,0.000593120157678023,0.000449526278612573,-0.00158141193802772,0.000553590361789291,0.00549542027401417
1044,-0.00985929456331267,-0.0184351324207334,0.0125334364472794,0.00227408940319095,0.0275586723294671,6.38500703077588e-05,-0.010093846620826,0.00703029930578638
1045,-0.0215352995981803,-0.00430776086593068,0.000729874263165755,-0.00586462090296286,0.0267015516515382,0.0209849172369822,-0.0103857588717546,-0.00192629812757814
1046,-0.00634439810223838,-0.00819890370586382,0.016077532828705,-0.00728381515863663,0.01161598645677,-0.00366153309203294,0.000975266199183441,0.00134947579132472
1047,-0.0108392023178736,-0.0299651143901549,0.00755322410829736,-0.0096140895465447,0.00857976945679764,-0.00789421749954695,0.00503151039753702,0.00118870210478488
1048,-0.0228712273911748,-0.0049110030458195,-0.0062137127504413,0.0326459166143814,-0.0101124981732221,0.0345067036798268,-0.0218373536788933,-0.0397468012892018
1049,-0.0230491741906095,-0.00246430476895188,0.00097538581898006,-0.00394202838049897,-0.0242349272241152,0.0295147188402435,0.0145617206365605,-0.00256020028322134
1050,-0.0136835793370805,0.0174887695868992,0.0139184801800206,-0.00571815027869011,0.0110516918379545,-0.00346294197411726,0.0194674751438464,-0.0136242251286413
1051,-0.0272149040757583,0.0310216440084721,-0.0256598724980493,-0.0060163287607162,-0.00181582416663703,-0.0345595727689859,0.000620606841284304,-0.000137716973137837
1052,-0.0129125095135082,-0.00201178869715444,0.0247440749446511,-0.0363997851980944,-0.0082918849215737,-0.00277969667307793,0.000438716240974809,-0.0349357323127201
1053,-0.0230255344756275,0.0186151685810474,-0.0066616296107315,-0.0397224364416046,-0.0112515930328372,0.016168542403081,0.0066060713204634,0.0149799559277228
1054,-0.0160812590501296,-0.00108326126484297,0.0177618089567649,-0.0435344834194019,-0.0142765292754516,0.0019767347829457,-0.00772260228994281,-0.032598235086424
1055,-0.0235748207162694,-0.0273361003918091,-0.0107777594030267,0.0187192420971102,-0.00780711902203452,0.016101827886844,-0.000178505614974581,-0.00358828086411201
1056,-0.0238558498625842,-0.0232812772331488,-0.0126900625294908,0.0206953892824909,-0.00794998248358845,0.0223451618049407,-0.00952412766476251,-0.0155291262181188
1057,-0.000278703476732212,-0.000938910602936677,0.000232132393111242,-2.82452504980834e-05,-0.000311684759063372,0.000888865702142926,-0.000509553265731011,-0.00198382896275255
1058,-0.000485452102438096,-0.00187570492809205,-1.30131225933726e-05,-0.00173908708127097,0.00332144541335787,0.00254477720208488,-0.000438959743551858,-0.000520881979259989
1059,-0.0184383921121085,0.00225451610251294,0.0146872439573164,0.0150309417722101,-0.0255393131315872,0.010901477455578,0.0129049923746384,-0.0159111450888324
1060,-0.0313420405410144,0.0137478062784926,-0.0355332217986323,-0.0248518619585441,0.00197605639262725,0.0193014308836272,0.0318146072911531,0.00750821737048422
1061,-0.00535210268571741,-0.0133511945362767,0.0135470623445283,-0.00900660897157668,0.0028943215643104,-0.0017078089149387,0.00465852269387229,0.0017676812309328
1062,-0.00165411439338597,-0.00577387022084804,0.00277295868842743,-0.000764403580824756,0.00479505777623733,0.00080986105445482,0.00310509105982929,0.00188233748026608
1063,-0.000317563110217571,-8.70668734761064e-06,0.00122074116862823,0.000454469973793918,0.000290808676802753,-0.000817887803101316,0.000264182944708653,0.00280108981064717
1064,-0.00846839123130778,-0.0193633940736478,0.00880396177338481,-0.00227418904221511,0.00121051260450765,-0.00784649645993603,0.00812902112794,0.00411828057401794
1065,-0.00102893759889586,-0.000427825239819283,0.00171933041457904,-0.00251281647866561,0.00229032479286286,0.00108199768298914,0.00154112719053492,0.00435126361243506
1066,-0.0262165403226615,-0.0152275807898554,-0.0204570276400627,-0.0091588222834239,0.0132772854388924,0.0265166430381526,-0.000975731626121933,0.0178214656092717
1067,-0.0318939171935398,0.00693049620308332,-0.0408431908002616,0.0043104893003304,-0.000108776175587329,-0.0135700468268595,0.0468087328001772,0.0250574083579468
1068,-0.00203614047750924,-0.00691313759891755,0.00245066238436926,-0.00722178633323031,0.00888417407035616,-0.00460040390691915,-0.00321015797276006,0.0201211940558331
1069,-0.0188113455533365,-0.0336664342651156,-0.0062008443923095,0.00719598897806735,-0.00943015397400847,-0.00464426084312785,0.0040571477187488,-0.00857874455725321
1070,-0.0110330255013273,-0.0268976019679044,0.0109871763757965,-0.0220018530009518,0.00277458360702136,-0.010139533838343,0.0131687774795687,0.00198665806316806
1071,-0.00934744340355341,-0.0269025510075688,0.00546479141646766,-0.018050025122561,-0.00654648160328375,-0.0274823201765443,-0.00448195470762998,0.0221034509407802
1072,-0.00528381415465204,-0.00737819483698691,0.0112205185434194,-0.015098095658621,-0.0105934040791604,-0.0144938164958199,0.00470000762378772,0.0209442353677547
1073,-0.0077822709081267,-0.0229185748421074,0.00734183424631049,-0.0167664665702695,-0.00445142731784626,-0.0127950415974878,-0.00325676436883104,0.0180482380670541
1074,-0.001965203169223,-0.00404031412180298,0.0064305715045902,-0.00306908985514009,0.000792874028463765,-0.00399049089193179,-0.00114724699239622,0.00143873420495243
1075,-0.0161841047782932,-0.0373255541021395,0.00533632955762445,-0.00576227859385129,-0.00426098074533792,0.00660884577656894,-0.00607002492516176,-0.0038101079122133
1076,-0.0169229678700723,-0.034560471556962,0.000394899870279257,-0.00236771070817506,-0.00995171513453471,0.000491481118855557,0.00317381759563863,0.00778440846502035
1077,-0.00690114321738755,-0.0155144291511786,-0.000298016281055625,0.00269118138802958,0.00956638865125006,-0.00857011771138224,-0.0176529982936,-0.00313807015909242
1078,-0.00333717843715609,-0.0141827365977207,0.00431852514504362,-0.00503127737845552,0.00458542109137372,-0.00984679202222249,0.00885843047748518,0.0064024511959123
1080,-0.0132001285521411,0.00500331945216754,0.0271913958245018,0.013478616495721,-0.000448593723808817,0.0113612361030191,0.00916406637635082,0.00685508089127503
1081,-0.00494660917987497,-0.00304486299002727,0.0152110355779299,-0.00940886441130313,-0.000344469211204788,-0.00214325295918884,-0.00138410015281917,-0.00403790093247762
1082,-0.0102554124753411,-0.0271141581244132,0.00719116956009936,-0.00474547699537785,0.00954238691317489,-0.00915778332211688,-0.0117709717765176,-0.00357218102367456
1083,-0.00308810515690056,0.00559595670964966,0.0117886913776558,-0.00372083599022709,0.00671788504679783,0.00587630467362883,0.000136760176090287,0.00260795765466604
1084,-0.0237194547172579,-0.00323103053133934,-0.024086031470039,-0.00174754811798333,0.0283819605094114,0.00392582481844743,0.0256080472058798,0.0219555154872786
1085,-0.0283917290260881,-0.00402801632827167,-0.0309810762851846,0.0278212398385967,0.00199230716740336,0.0239443923408889,0.00494324114372175,-0.00424135813892355
1086,-0.0179435819447324,-0.0185039384744187,-0.00372337276502117,-0.019351819184819,0.0113433593160669,0.0192141138369537,0.00713957368861832,-0.00677203799605164
1087,-0.00254657094619514,-0.0079217150242184,-0.00409307413960902,-0.00347759985401035,0.00211709222823243,0.00111582843798801,0.00723929694267521,0.00648496759295664
1088,-0.0245619537697363,-0.00675711421199622,-0.0293459678114422,-0.0246723002176438,0.0220839158413839,0.00917956228564724,0.0382942552600573,0.01060612415489
1089,-0.0174058995096393,-0.038541423084693,-0.0153765230378021,0.00743219409025278,0.0206241408429819,-0.00458171853750398,-0.0144725547242071,0.00758153741358217
1090,-0.0187346112905492,-0.0263428008808119,0.00525072213907488,0.0389853542416747,0.00471354653556841,0.00870283204078244,-0.00119996184230577,0.00404722407138947
1091,-0.0230251188670606,-0.0334693934522476,-0.0173134249251916,-0.0188325289833996,-0.0225887601944742,0.0085914894826544,-0.0173898744328226,0.0120992959708696
1092,-0.0259792459684804,-0.00288228516914829,-0.0336423785459853,-0.0162817583730807,0.0156915242013349,-0.0236935114435874,-0.0171683128127676,-0.00038686538452486
1093,-0.0135196915173499,-0.0273790601808343,0.0121836297832216,0.0178689202955354,-0.00324617252178899,-0.000764299974255932,0.0155646647682688,0.0096577622853211
1094,-0.0053560668016798,-0.0052201660724723,0.017552841547352,-0.00941274349033943,-0.00381898778061715,-0.00897578919574385,-0.00807704553986818,0.00538111672171841
1095,-0.0252194402226052,-0.00297162018999194,-0.0352448770420673,0.0292064341151857,0.00852652694379638,-0.0163150602766812,-0.0327421858214663,-0.0148225393082944
1096,-0.0174759382111374,-0.0254439889338551,0.0108059348272122,0.00102079557230798,0.00446863380232041,0.00927518276132753,0.004134568206246,0.0102666374195876
1097,-0.0236673747576562,-0.0213902044700422,-0.0191937598551303,0.0209006511587044,-0.00444019982885966,0.0214205260508746,-0.00304501767488157,-0.0217131894597187
1098,-0.0221372078620347,-0.0184410779478431,-0.019751748538802,0.00244661145571514,0.0171847019188867,0.0196411530488177,-0.00697572017647013,-0.0159797248676627
1099,-0.0170986941748683,-0.0236605101166011,0.00871377289536257,0.0161496792197164,0.0165306785972692,-0.00376153316346508,-0.00860429028185792,-0.0119985679768892
1100,-0.0259817355025463,-0.00842638440899675,-0.0281286099581048,0.0334367561312894,0.00856856305969735,-0.0133740178814168,0.0274826875337342,-0.000381918550976288
1101,-0.0221406750892686,-0.033517746037175,-0.0213871943440142,-0.0148581914281188,-0.000952713766604088,0.011717635869291,-0.00797244897247586,0.00106454681885076
1102,-0.0155701675052379,-0.0275584506945832,0.00820685483300633,0.00785591738879818,0.0173806374720651,0.0137461455207849,0.00227539589345326,-5.66484787973704e-05
1103,-0.0170898104157751,-0.0115536691361278,0.00293829680751048,0.00572600478097857,0.0243524266401461,0.0017259899501733,0.0122016954048341,-0.0236202120089289
1104,-0.0183083109306292,-0.0330963807407269,-0.0015409997214186,0.00200937820853849,0.0204422081701296,0.00688391390249319,0.00402270181383742,-0.00793752447091926
1105,-0.0329907388136513,0.0112515455441388,-0.0479512874732131,-0.00927409934371706,0.00675153407370172,-0.00186250739456719,-0.0266037918918872,-0.0267886268815284
1106,-0.0198941316771467,0.00288562747912386,0.00881522514251408,-0.0309754205370997,0.00529835643251706,0.0421822694429763,0.00389376096803793,-0.0162054782687352
1107,-0.0320880636401875,0.0252463438727006,-0.0358851614656284,-0.016057276847692,-0.00965399364658408,-0.00477395823349394,0.0178354284525653,0.0189347072920213
1108,-0.0320014973479624,0.0222412127249443,-0.0391193638003225,0.00572467202593928,-0.000437785810628701,0.00393749960769796,0.0418203331559982,0.0158473037166397
1109,-0.0334082381871656,0.0234931006992181,-0.0350878375020771,-0.0113470010518713,-0.0213697198423531,-0.0068585197444989,0.00159402214216286,0.0272044531359012
1110,-0.0275691765622565,-0.00140966113348002,-0.0414262243972538,-0.0357327364359823,0.014439820404862,-0.00459165285336619,0.0375578283629487,0.00839108087348807
1111,-0.0295157275660129,0.0211424128243164,-0.0296080059125757,-0.0419488146810588,-0.00972217191987123,-0.0155302313177376,-0.0111919664456368,-0.0132261555533671
1112,-0.027465495340274,0.00716449282325917,-0.021286646749097,-0.0381774735069242,-0.0254236585899498,0.0400395626859052,-0.0134410305741907,0.0267276898292418
1113,-0.0140310884659331,-0.0352439070015797,0.00449729626971035,-0.0137296433829457,0.0052582838954127,0.0146292982697553,0.00608681275373053,0.000479470000798188
1114,-0.0298901516942675,0.00356311076236282,-0.0276173533589938,0.00603729961789353,-0.0248934348973807,0.0208770011677532,-0.00686429898668118,0.00704169768201038
1115,-0.0296759053109154,-0.00351752935273013,-0.0355854578113426,-0.0107280631882494,-0.0297720538137781,0.00470502671050466,-0.0186629285784017,0.0223795150955638
1116,-0.0185633182937274,0.0271268334980738,0.0131503532225782,-0.0296341695908849,-0.00638544108832534,0.0183734554570148,0.0476162164612259,0.0133809415716938
1117,-0.0280546430781021,-0.00138257723486707,-0.0409980894801189,-0.0534906532597525,0.0163817538536207,0.0127575256176436,0.00298922870574865,-0.0395503661256852
1118,-0.0302727221271075,-0.0060341180082989,-0.0325583878195625,0.0143280546969813,-0.0255344753445058,0.00707826453393863,0.0044698579975613,-0.0197293842027336
1119,-0.0295521680893058,0.00217179332045161,-0.0345860844014126,-0.0301391574961927,0.00184851852473224,0.0251320671866301,-0.0373169699445973,0.0110373478916263
1120,-0.0199173591405488,-0.0222439293272427,0.000325257797529799,-0.0348236783935022,-0.0297089358097683,0.0143655042284488,-0.0150219027332387,0.0217050249621022
1121,-0.0302709962460327,0.0338439035371074,-0.0304993170144632,-0.00475554206856625,-0.0126521816641136,-0.0103363141402279,0.0116814568163112,0.0103620631709548
1122,-0.0212561177774324,-0.0322766193034076,-0.015491757420989,0.00310670781286255,-0.00324838934616659,0.018968706844886,0.0212495814561098,0.00996192008731834
1123,-0.0251590408175106,-0.0280577944892664,-0.0298132647952126,-0.0144876004778189,-0.0286363487979226,-0.0161558816316113,0.00254802543638425,0.01707463695572
1124,-0.0307475417717686,0.0117245814434478,-0.0417206216511478,-0.0277234766692265,0.0180851685393188,0.0191866467179665,-0.051054638475922,-0.0155228321743961
1125,-0.0298957530362741,0.0148241144689805,-0.0334480476683737,-0.0416802733609618,-0.0118295003153877,-0.0272502461639742,-0.0177516880107014,-0.0218053933297038
1126,-0.0253761756655921,0.0230710191610256,-0.0204030304020756,-0.0426287186108808,0.0128822006515094,0.00467679203708543,0.0316687554490127,0.0222675799621488
1127,-0.0176537848358682,-0.00745663214059072,0.0195713306952584,-0.0125631502817255,0.0112565608732223,0.0122219504347028,0.00202304074398975,-0.00644966315281032
1128,-0.0251195671673337,-0.0214878139699867,-0.0226778319924837,-0.0168310770879727,-0.00971851612036393,0.0169449424115831,-0.000644241600663261,0.0162877546542317
1129,-0.0247773062138435,0.000349623362792289,-0.00778987685784589,-0.044272015991367,0.00537653796725174,0.0209616315635362,0.00521626776910586,0.039902632699823
1130,-0.0296635209972115,0.00037483670404201,-0.0351148289362579,-0.0259500356409219,-0.0149123843903119,-0.0302030455822046,-0.0158855602593231,-0.045551011932981
1131,-0.027336285269228,0.0150405294325615,-0.0212778299732384,-0.0203869250214566,-0.0223953273913627,0.0528491933151163,0.0302190478207926,0.0175537171778233
1132,-0.0316740182540129,0.00770391730374087,-0.0420310782955764,-0.0264992113171346,-0.00365404333813596,0.00548078483202737,-0.0436155152771831,-0.0164617142641285
1133,-0.0288485091727601,0.0124714335362382,-0.0294581631583738,-0.0310320846406245,0.0102568986483308,0.0300020799808964,-0.0305615865512241,-0.0110840660176876
1134,-0.0289066085602663,1.60109303116152e-07,-0.0319097062701412,0.00605505659561139,0.00188146252300465,0.013569995221528,0.0546880705306748,0.0152523397615912
1135,-0.0285278865345121,-0.00341090103916143,-0.0230195924477275,0.0040103360798858,-0.0187434163444878,0.00479333520811678,0.011391038763056,0.0157437191164113
1136,-0.0301557050769659,0.00253276549522716,-0.0362903665499974,0.00792716465840436,-0.00658572366611122,0.00717060904820045,-0.00321288293001362,-0.0152271347355647
1137,-0.0219918259643699,-0.0131194446671238,0.00438304645209836,0.00910830263632254,-0.0526718484128148,0.0136783824335085,0.00518138931828129,0.00262458894656771
1138,-0.0210976195693802,-0.016785785359682,-0.00191317572705059,-0.0180317634597524,-0.0150788435529149,0.02963776518906,-0.0331890124207535,0.0156095093553344
1139,-0.0264233498795603,-0.0126225908092856,-0.029948027280737,-0.0274787356107846,-0.000647857538912058,0.0221832059431829,-0.0298808877987666,-0.0225876323518106
1140,-0.0287633391036496,-0.0100053534430727,-0.0506437194906756,-0.0039751372559883,0.0134259018532775,9.94007302091191e-05,-0.00110485140960118,0.00828094919739154
1141,-0.0275970974806345,0.00339469296246286,-0.0224042113365409,0.00787281400011646,-0.0194694576929126,0.0202350932686491,-0.0101979452411132,-0.00897127419274979
1142,-0.0127444711334844,-0.0280929482824242,0.00570467758594237,-0.0323731444334343,-0.00390026868118238,-0.0113235026474484,0.00979200740772208,0.0014346760851819
1143,-0.03052988682459,0.00349386549444629,-0.0354041650343623,-0.011382654875156,-0.0112698212726355,-0.00425136401624281,-0.0238324712950579,0.0347813321325828
1144,-0.0297475167376806,0.00447078774623077,-0.0265091190279502,0.00651730672178757,-0.0297997907090737,0.0322932641052009,-0.0131195188489739,0.0312671886106776
1145,-0.0274817400522883,-0.00824724393258875,-0.0280635703279621,0.00813112173999169,-0.00117688951958726,0.0111736469885756,0.028007663608573,-0.0117199108865714
1146,-0.0158796517756635,-0.0358392701179053,-0.00550210697610113,-0.00388444939107781,0.0405382221569195,0.0123027142294249,0.022834905762179,0.0105561729311833
1147,-0.0228696590327191,-0.0330633411871067,-0.0244196357759322,-0.0139186545750425,-0.0164135148811455,0.00592299721743248,-0.00575490829460124,0.00841029401544646
1148,-0.0230835653497898,-0.0239558154981918,-0.0176464168377063,0.0167349420612814,-0.0135849949118367,0.0261760421543989,0.0158665437562622,0.0132596849494452
1149,-0.0300845213317359,0.0237546787014456,-0.0278104739659248,-0.0278613586241664,-0.0187704499708651,-0.0171206864364164,-0.0179964800141852,0.00329935820760054
1150,-0.0146321582240026,-0.00645517187255834,0.0164832149439984,-0.034744997649488,0.0143454793502386,0.0185807830753462,0.0143807445529545,-0.0147373268728712
1151,-0.0304847194598902,0.0187593242897958,-0.0288043376187858,0.00579719448679105,-0.0155471135352739,0.0130709998503047,-0.0203247397803587,0.00868079977983839
1152,-0.0244226373222394,-0.00368474732203755,-0.0153082380496941,-0.0015694284321559,0.0280871355882467,0.0197424902497246,0.0315299207240503,0.0177142684478836
1153,-0.0257960697022682,-0.0177543106255318,-0.0381800256533368,-0.00563670228415067,0.00764794417936062,0.0255977809599607,-0.00194138205486487,0.0113719040761228
1154,-0.0237615253579939,-0.0119972525085956,-0.0146203565013584,-0.0145695440089861,0.0138324586064772,0.0277582498017299,-0.0120783029807333,0.0157142626553161
1155,-0.0275997655211689,0.0151832365041486,-0.0170476543551283,0.0354804269358425,0.0104941957599832,0.0307256195124692,-0.00431864417515147,-0.0233225342592455
1156,-0.0291801687180423,-0.00700390724163979,-0.0372158579149204,0.00422843142619246,-0.00848741386848232,0.0127155981761474,-0.0202518921655534,-0.0267386009938795
1157,-0.02385267744096,-0.0223594072118299,-0.0292253222848172,-0.0388429421188524,-0.0119953199927344,-0.00979604649248511,-0.00239274656963234,0.0359880911132765
1158,-0.028455871873083,0.0130466389984852,-0.025355101667085,-0.0222295415099627,0.0228933805312442,-0.0151715014244464,-0.0106177387317248,0.0161673657100523
1159,-0.0302328071692481,0.00238653139942856,-0.0310904233893307,-0.00362261509346536,-0.0293177915247922,0.0108436918997661,-0.0263641146342947,0.00135808452846226
1160,-0.0191467680311298,-0.041864338713207,-0.0199873313272907,-0.0110152957234257,-0.00916500383606153,-0.000465813068548254,0.0073374509052204,0.00197284024998743
1161,-0.0291817935083159,-0.00840291242500782,-0.0437905018409721,-0.0186576698744852,-0.00699793226988369,-0.00757133879373945,-0.0225340620584762,0.0320042101096274
1162,-0.0270053121643786,0.00370735510516822,-0.0206540267226861,-0.0263920770946619,-0.0402202249364107,-0.0265822795135037,0.00476489253278865,0.00637598607250528
1163,-0.0248950303891428,-0.0215076119455906,-0.0231572480349248,-0.0151832910412627,-0.0463258961444705,-0.000888486721055852,-0.0124016848217725,0.0127599865381536
1164,-0.0122087643790127,-0.0109561166142658,0.00861927126504977,-0.0394953209738285,0.00984382806722068,0.0118900089394879,0.0107399517093841,-0.00825272791380356
1165,-0.0259681265100987,-0.0170543213382326,-0.0257005640859778,-0.0227766352622806,-0.0295652966965131,0.0212595611912836,0.0325551785134703,0.0127080057293959
1166,-0.0243036583601862,0.0130166073147062,-0.00204886762781406,-0.00690558138024714,0.0127451992230555,0.0483083096088793,0.0365494683497672,-0.00619552479094163
1167,-0.0287196235595001,0.0115413427695391,-0.0306991097890783,-0.0287405469598954,0.00663731465460061,0.0181902109556028,-0.0245331185253544,-0.0650650783655209
1168,-0.0307535510602794,0.0198648929698233,-0.0370544097679242,0.00599858370009748,0.00276911900561188,0.0022663582886821,-0.00413822485027688,-0.0361565582609935
1169,-0.0216461502201341,-0.0371624883559918,-0.0237308279072238,-0.0222557029329572,-0.012084720558739,-0.0132604761003033,0.0031096578235873,0.0241051629454267
1170,-0.0237944937595121,0.0106017262610207,-0.017682842318884,-0.0547798769672522,0.0147727846584925,0.00974471337961791,0.0245861427097294,-0.0104920867620309
1171,-0.0296376738848607,0.00657703175931786,-0.0226392592838392,-0.00882889393359105,-0.0319562379061965,0.0195223121729362,-0.0173484085436251,0.0292984780794522
1172,-0.0266308829768762,-0.00472227829283109,-0.02213002116905,-0.0153236877023729,-0.00355621496777405,0.0314237443620909,-0.0530810130545983,-0.0234109947748113
1173,-0.0224668177179666,-0.0254149854792755,-0.0183483602133615,0.00405688836649544,-0.0121082316883506,-0.00327146553296471,0.00173419041461987,-0.00149830572021277
1174,-0.0293404307797596,0.0140045257506033,-0.0311165194345517,0.00454119056232013,0.00463064633549003,0.00163267899148594,0.0262202596356678,0.0431674732701875
1175,-0.0292201590281049,0.0105655047995266,-0.0320539944742337,-0.0236012663330593,-0.0102009230306502,0.00808539281973541,-0.032397547567444,0.0375038452002467
1176,-0.028349703243671,-0.00996343163440802,-0.0346008250203048,-0.0175274348898987,-0.0160186179311841,-0.00177822319803485,-0.012455129439734,0.0151132649777849
1177,-0.0206974018321446,0.009061746988088,0.00946362820707674,0.0121684770806741,0.0301012882809397,0.0184999555845325,0.0120490370466034,0.010375926089209
1178,-0.029135092436564,0.00580367569397008,-0.0280357796141056,0.00107709135693095,-0.0218333159729086,-0.028768609823053,0.0207542180476438,0.00215548444153912
1179,-0.0298982301269336,0.0285258138432282,-0.0262746563041615,0.00707443410619374,-0.0169887121778051,-0.00912281758764158,0.0140557263646718,-0.00117884499435368
1180,-0.024007723746278,0.00234484511593222,-0.0049965703658514,0.0484216605745254,0.00589513213111203,0.00741335100037728,-0.0140060656248718,-0.00921157099120307
1181,-0.0275211292421237,-0.000754610954495048,-0.0168395719788748,-0.0122523082117723,-0.0340629746106416,0.0349709630389327,-0.0315317867116521,0.0143798441609046
1182,-0.0172022344395559,-0.0373414420177588,-0.0115658048987305,-0.0175421201578039,0.0110345493834549,0.02918530588792,0.0131256432223721,0.0204872622959245
1183,-0.0250029587792045,0.00924788435946056,-0.0164119384200382,-0.0389284971286828,0.0162843121750733,0.0159905870401448,0.0343204168390766,0.00445200315636526
1184,-0.0253568308112777,0.0270311599716301,-0.00707336341140151,-0.0250051000451177,-0.0158562589772985,0.019083423479989,0.0157981712578527,0.0168102710116154
1185,-0.0294512823497572,0.00103683695750387,-0.0322955342138199,-0.00848528212194093,-0.021302406542953,0.0312247272743023,-0.0103416174863926,-0.0114019636381654
1186,-0.0258597647665653,-0.00622336185006347,-0.0210001883187123,0.022500579114228,-0.00811310279942987,0.00070476494438074,0.000892569819971636,0.0141586312291298
1187,-0.0296358668941456,0.00431513737807673,-0.0297547509206611,-0.0197654078909441,-0.0248141133083099,0.00828916506988981,0.0366639454831276,-0.010835089901552
1188,-0.0192482042254411,-0.0197469905750236,-0.00550032742394228,0.0142617833063525,0.0309611913709031,0.0289303638062651,0.0171424973094816,0.00743201814349713
1189,-0.0238712041316198,-0.0224856954344618,-0.0191704370812266,0.0185118770113605,0.0160372503085698,0.000999808901569086,-0.0100644211073237,0.0050442529252957
1190,-0.021753645321566,-0.0277086722085775,-0.0144596076385457,0.00166541709951754,-0.0194731936628815,0.00986229151683576,0.0285685454861957,0.00757709911670366
1191,-0.026646610222781,-0.0024679094396968,-0.0230123821001723,-0.00229447720620511,-0.0217196520189055,-0.016942874603238,0.0444239466766555,-0.0344081603444756
1192,-0.023599249149661,-0.0185362673505964,-0.0104939635469196,-0.0190563994923856,-0.0532177483365897,0.0144238133503063,-0.020872624097095,0.0191098329752996
1193,-0.0266291953241844,-0.012074399983931,-0.0333669872757069,-0.0163833670959901,-0.0189062327139056,-0.0420457784139226,0.00531625814574629,0.0388406834082716
1194,-0.0248796832272539,0.00084346294013968,-0.0217035052190868,-0.00843529282177118,0.0313922717588606,0.0202876325470274,0.0480867660238636,-0.029691163909597
1195,-0.0205312139745116,0.00756575028319095,0.0160875987358596,0.0255997004562869,-0.0174887619782376,0.00795797436082137,-0.00221868756270244,-0.0270539235993146
1196,-0.0276659722309724,0.013441459809468,-0.0199689029666947,-0.00979738763426441,-0.043662745917013,0.00935256169041863,-0.0271554065207205,0.00320063448707105
1197,-0.0283270698778753,-0.00426829403561365,-0.0382944056035846,-0.0223323130185425,0.0105110020332793,0.036024461806581,0.0329876168356254,0.00235521439570916
1198,-0.0211930880618481,-0.0251173266664405,-0.00483897063510448,-0.0120442891827483,0.00477639837124629,0.0186220409526012,0.00601031591835143,-0.00199848558160485
1199,-0.0205581362321395,0.0038826534076055,0.0124731189546165,0.0220140233980628,-0.00122726790990479,0.0131014564347887,0.000313406607085444,-0.00467756611188656
1200,-0.0299812548962111,0.0286098155961547,-0.0233276672664888,0.00186428424752694,-0.0155110232021416,0.0071371625979121,0.00706487539009227,0.0302968409097324
1201,-0.0250869675805964,-0.0133744346598866,-0.0192904552687613,-0.00433525883736191,-0.0126596824962151,0.0302892046493074,0.00701666409030977,-0.00102076533542383
1202,-0.0272713894511488,-0.00570382920108315,-0.0215459407899363,0.0215339348099772,-0.00613481658835962,0.0220385605127743,-0.00846220443606088,-0.0031105075855495
1203,-0.0281661469976406,-0.0035926831778484,-0.0262784978025618,-0.00692313980917956,-0.0309053215711889,0.0155107720693168,-0.0120017106142944,0.0137734908534493
1204,-0.0189418490841893,-0.0260625308557414,-0.00474500358774636,0.00936241890741775,0.0134666675239284,0.00405955064600678,-0.0042739760756736,0.0022958828267852
1205,-0.0255107195935546,-0.0149496287933558,-0.0308886470643171,0.0288694267677172,-0.00217513797305411,-0.020188171624325,0.0171128909584574,-0.00163239873478625
1206,-0.0225561876341961,0.0139510091796389,0.00808206513183328,0.0024544920592107,0.00376711997102923,0.0380882527534835,0.0378045268559141,0.00764365635795644
1207,-0.0231178410446579,0.00797617919806596,-0.00600443484862408,-0.0214031227958645,0.0124037730257356,0.0206796095722078,0.00245412345304725,-0.0420001450080599
1208,-0.0286646460645966,-0.00399193140763456,-0.0301168150171776,0.00315119840202099,-0.010988483171872,0.0179622731340927,-0.0269257712076464,-0.0137326761263506
1209,-0.0234722562232416,-0.0276842446788957,-0.0205192546663468,0.00853649075423022,0.00132526579606142,0.0296810518599333,0.00563520387375926,-0.0147773722570695
1210,-0.024087367385275,0.00448616731666907,-0.0107206768764616,-0.0325542323988678,-0.0443329241474911,-0.030153671483338,0.0155613484552631,0.00475392726115649
1211,-0.0265848679554388,0.014801109157831,-0.0123760219170326,0.0257003232277512,-0.00983673798905412,0.0177355669859694,-0.0100651977026948,-0.00496022704632507
1212,-0.0245691205743792,-0.0147457947655601,-0.0101806860161764,-0.00320005248227471,-0.0331271416823068,0.0119549313470117,-0.00158664800500574,0.00301737450075526
1213,-0.030159189875622,0.00905095809855076,-0.0331315119345686,-0.00418154935667639,-0.0288199212827255,0.0134398292322516,-0.0196066874957294,0.01135668584405
1214,-0.016471810017077,-0.0309508168795158,0.00298985837875306,-0.0113863656780326,0.0166453656971475,0.0133866937105055,0.000449599439473839,-0.0177570156504202
1215,-0.0188134006862962,-0.0110766541077022,-0.00572240258257736,-0.024928900067068,0.0173151647064534,-0.0191775050266038,0.0240933428338071,0.00817881438619829
1216,-0.0291321527152378,0.012258629100812,-0.0304755011809492,0.039055710441514,-0.00817521878074961,0.0223537277606344,0.00174394135363035,-0.00845007980595947
1217,-0.0117413082468998,-0.0167473594396271,0.0106000412894506,-0.0185274465117357,0.0316401842881559,0.0173753914733199,0.00656474641565603,0.00224782000923742
1218,-0.000344647263259593,-0.000756187510191088,-0.000432636921451743,-0.000172285032645771,0.00147805000005162,0.000950948924250847,0.000260560884933758,0.000333755723852984
1219,-0.00913969426298362,-0.0196693814431565,0.0146554795624777,-0.00696796329737725,0.0198860103284048,-0.00791531184207432,-0.00495911941883908,0.0127833134393156
1220,-0.00318961848239756,-0.00398587979372671,0.0099685053088082,-0.00204123927199987,0.00235283506214166,-0.000977688867097985,0.00699387264784794,0.00172121934932253
1221,-0.000867431353999874,-0.0029879992946777,0.00191002731131495,-0.000911941747662813,0.000607257199944184,-0.00233094819078345,0.000805409027294418,-0.00144337966906438
1222,-0.000515934546931591,-0.000527861839791986,0.000309327428344372,0.00450378505481115,-0.0039391955793134,-0.00267392001205457,0.00139279673110827,-0.00303599007633115
1223,-0.0118284016116843,-0.0112257871614854,0.0166287319812931,0.0100774351093117,0.00156846452418158,0.00519168240042623,-0.00944105030429355,0.00174796041765127
1224,-0.0201262528907835,0.0204180516753235,-0.00356724288291016,-0.0247648687957849,0.00498289249241846,-0.0477910169262071,-0.0278129787859486,0.00744182779206964
1225,-0.0230585614168441,0.00797595534920486,-0.00168383462521753,-0.0429864448840012,-0.0153192191328731,0.0135325596097128,0.004038555574652,-0.0372205838365884
1226,-0.00554362634058092,0.00309626731983324,0.0134216469186273,-0.0092369074010904,-0.00213030371017376,-0.0078253557686521,-0.00434866420418289,-0.0121865805427158
1227,-0.00465101264638367,-0.00104004171461717,0.0128951814017726,-0.0103761888354651,0.00205380866855471,-0.00187713601953082,0.00040162466655212,-0.016238564730485
1228,-0.00408811840160011,0.00317898716504266,0.0157853340515204,-0.00593569769960933,-0.00249198660976478,-0.003951307776106,0.0004191191727288,-0.013671612679012
1229,-0.00439203979143619,0.00148338976863011,0.0145940192149042,-0.00633990024776712,6.86067185598208e-05,-0.0042627639619414,-0.00900466339706457,-0.0173529389895372
1230,-0.00796465977226753,0.00146164468647155,0.0212508051223133,-0.0133490745219525,0.00316495461103814,0.00408342043390393,-0.000970019268779105,-0.0225817319075977
1231,-0.0179154956288179,0.0123458955068638,0.00180670053479156,-0.0287676459759585,0.00381133770523208,-0.0151574868976931,-0.0247638675580329,-0.0471744818206962
1232,-0.00377181340122865,0.00296786796860168,0.0140808538462759,-0.00803492053596154,-0.00320725873891928,-0.00196760334898488,-0.00468613946427109,-0.0103004400819815
1233,-0.00785758043411918,-0.0164564139620984,0.0176588853727026,-0.0215832156693176,0.00330820309073688,-0.00998934299185739,0.00149053358688783,-0.0115395485990325
1234,-0.0128653141027399,0.00660706942515219,0.0301962787585866,-0.0140611472335022,0.00260289596794427,0.0126768501796621,0.00914527284593943,-0.0401379698926925
1235,-0.0116810615469527,-0.00907373882575725,0.0229939930193637,-0.0153514361247647,-0.00315537320602238,-0.00715409497180989,-0.0191072377941573,-0.0269161790223367
1236,-0.01307623845822,-0.00532435889536061,0.0205945959022823,-0.0237305942120515,-0.0019107427117928,0.00159528928153056,-0.00665168665048337,-0.0272710447934707
1237,-0.0265189368670873,0.00528653336889279,-0.0205440777762946,-0.021703935808635,-0.0228832036520976,-0.0122530734463189,-0.00438729865647843,-0.042976884304252
1238,-0.0171459837184579,-0.00114606815284168,0.00799643334105176,-0.0387768175425146,-0.0399313299589955,-0.0143783658254767,0.00992843895591317,-0.0145685242432379
1239,-0.00480491595244731,-0.00477744581344621,0.0145628765838674,-0.00696207335768972,-0.000807390720102302,-0.00344471681993806,0.00188455430470032,-0.00999582429543369
1240,-0.00904465757148035,-0.00445184917350888,0.0195061822845261,-0.0166859401767063,0.00580723215053512,0.00383563227298414,-0.00804902126490241,-0.0166613738094568
1241,-0.0136953966464085,-0.0119565608106524,0.00781160429731114,-0.0405841460429575,-0.0305284477896326,-0.0179505383491651,0.00160778016736756,-0.0246085458343532
1242,-0.0218285077262685,0.0190359738038632,-0.00314634999098863,-0.0244274395765958,0.0139603331669854,-0.0200470985930868,-0.00500286300474694,-0.0382890866317855
1243,-0.019978207412357,-0.0219975573288641,0.000393885227954339,-0.0360984923120245,-0.0344757928046154,-0.017360466333758,0.0190295720987254,-0.0239892331419819
1244,-0.0101030050448401,-0.00807551301897942,0.0209988644699918,-0.0275674002039689,-0.0034156349606958,-0.00907571708184476,-0.0125997774324297,-0.030699312225762
1245,-0.0150566530005411,0.00565392377571046,0.0163034973318518,-0.0369894825374802,0.00880577817452147,0.00337240773659729,-0.00398807109123027,-0.0439998562557418
1246,-0.0249829620929085,0.011303497437421,-0.0172061100920982,-0.00371429055722438,0.0100383972009956,0.00950493739911309,-0.0496203385555957,-0.0157311143675682
1247,-0.0234642160032688,-0.0121021835280834,-0.0122304877015784,-0.0186519856550994,-0.0194845163021599,-0.00615971476852745,-0.0252921471528372,-6.15464526761286e-05
1248,-0.0224204417819106,0.000795415439130477,-0.00578063351671443,-0.0311560494958237,-0.000285610009630568,-0.00731801444868246,-0.0196604969887062,-0.0644040284737977
1249,-0.0150270829696031,-0.00343818089168158,0.0197150820633808,-0.0342858105954147,-0.00953518936826175,-0.0108603899939572,-0.00518616508128973,-0.0257916685941693
1250,-0.01943386778424,0.00698762670237231,0.00848165292271883,-0.0481595584833568,0.00112868333444795,0.0139084805987775,-0.00636310633581123,-0.067881682451233
1251,-0.0209223846046419,-0.0194212893718894,-0.011321274710611,-0.0520129258228587,-0.0219805827280763,-0.017225989738463,0.0239438046752093,-0.0157497638492893
1252,-0.00587498421798926,-0.00960765998538001,0.0119369460742884,-0.0232283839306644,0.00295339271957537,0.00349734270908639,0.0100337192924719,-0.0176302071769846
1253,-0.021656968151578,0.00172037712154535,-0.00371877336309887,-0.0391346114128976,-0.0181021450732697,0.0143631493802962,-0.0157680239402178,-0.0505241922306083
1254,-0.0101550588025389,-0.0196472429122624,0.0183840758933892,-0.00492111212360978,0.00762421349313996,0.00140689908497501,-0.0105150213969079,0.000474221675460831
1255,-0.0130181996876084,-0.0104819605078667,0.0166014053508795,-0.008685451142534,0.0164300830047382,0.0160012452600479,-0.0158008015915567,0.00882524002379913
1256,-0.0149051081771297,0.0071841292776637,0.0246947390248675,0.0473026467986242,-0.00705442754714149,-0.00839400493832188,0.00967357373310898,-0.00954982855592121
1257,-0.0196067337180999,-0.0287473735075601,-0.0159357546489327,0.00413360111044945,0.0323298834498316,0.016588305879944,-0.0153813451372858,-0.0126261255688254
1258,-0.0121365839415361,0.00195095830017792,0.0194495602474545,-0.0233003685155674,0.019980887992438,0.0161727709594793,-4.25016422390514e-05,-0.020909572248029
1259,-0.0267168877942815,0.0253352657652798,-0.0223582412724472,-0.000227147950592186,-0.0175690646071778,-0.0452090026225387,0.0149738503718789,0.0238557084565315
1260,-0.0250879176026744,0.00180209091114338,-0.0171655895289876,0.0239748472681489,0.0218005341232225,0.0279640724111616,-0.00614006036617163,-0.00614661300259717
1261,-0.0301846594882005,0.010627466304437,-0.0336361549508364,0.00399914001682396,0.0161248429189796,0.0103326147599788,-0.027449621612073,-0.0141258013999974
1262,-0.0121610599804715,0.0190812872723586,0.0275265334372602,0.0136895389682351,-0.0138989575801206,-0.00325223441191994,0.00358060217595333,0.00587050138755688
1264,-0.0213099800628838,-0.0259354794927089,-0.0123904033071505,-0.0216311151901595,0.0351634915953959,0.0193582311075858,-0.00713807868186396,-0.0194099764784922
1265,-0.0163350427761322,-0.0433065780314008,-0.00692748691337379,0.000331657919581774,-0.0170052729092025,-0.00431071635939364,-0.00733076256811017,-0.00534736647102854
1266,-0.0135456879327841,0.00364126443634517,0.021968576834333,0.0275172034775925,-0.00215436352497633,0.00598806879356858,-0.0026042735017257,0.00381538814325438
1268,-0.0137765913059485,-0.0263180470100716,0.0138764338353995,0.000913306954046023,0.0137357936396289,-0.0054687584175882,-0.00252434219245033,-0.00663764246496294
1269,-0.0157773560866179,-0.0133354332776474,0.01185342843903,0.011255117072225,0.00240246360496455,0.00945329147885069,-0.0124308701223063,-0.010534648819453
1270,-0.018157155555771,0.0139525040020206,0.00885329298154668,0.0359173359460297,-0.0207500641038775,-0.0114875404097784,0.0199380689231512,-0.0170430250116616
1271,-0.00351872684038232,-0.0112967703206552,0.00753089732287219,-0.00692816963714833,0.00907558028485342,-0.00676656459336405,-0.0058037476810578,0.011169006351993
1272,-0.0232522873855717,0.0302973499214782,0.00177271846880361,-0.000850340429718756,-0.0122324546967268,0.00143841694246112,-0.0258671399629093,0.059192659833938
1273,-0.0208940230034979,0.0209540705569891,0.000172960708546811,-0.012620176995738,-0.0216357144049875,-0.0266834609824222,0.00514966447584797,-0.00204233939761254
1274,-0.0233925855920222,0.0236369556545623,-0.00673276906842222,-0.00277038969433998,-0.0151183867739849,-0.0301643363462011,0.0181627899522242,0.0372425554790931
1275,-0.0170135352869867,0.0247192390968313,0.0109763443416484,-0.00903944574269996,-0.0304562228778027,-0.0220594587732181,-0.00151275562129525,0.0135165322100611
1276,-0.0272853935709509,0.0191195151305977,-0.0224842494511127,-0.0221958126189149,-0.032926046517734,-0.0081442706526827,0.0218038446376623,0.020489264685942
1277,-0.0229638915643439,0.0204588963910913,-0.00864601631239058,-0.00902751727101552,-0.0300881058340656,-0.0166364842177096,0.00811300709971026,0.00754060201817951
1278,-0.02563794190934,0.0193560269451538,-0.0129079702655987,0.000664695511390628,-0.0283608627381516,-0.0302345866159709,0.0173284067779098,0.0342068522450199
1279,-0.0197949044016253,0.0188169244637037,0.00187158105210848,-0.0110460743932631,0.00337717515074294,-0.0149864868074354,0.020126561395816,0.0296391120464234
1280,-0.020956662108155,0.0302841809068376,0.0115093447521155,-0.00989880085338263,-0.00996684410586268,0.0270129673998534,-0.00803185337552092,-0.00234730608793254
1281,-0.0171418855820594,0.0274825825696826,0.0154490255810319,-0.00561597677770131,-0.00581382454592476,0.020652046036899,-0.00568876713507441,0.00348178000286902
1282,-0.0236001387912887,0.0132060580471538,-0.00341812029950023,0.0372218979425105,-0.0160654966566357,0.0148509468201166,0.0155825212146594,-0.0567840684017052
1283,-0.0110155155994685,0.00593633708055289,0.0130668636944084,0.0216549669407901,-0.00891647598511395,0.00308496710579325,0.0112084197500937,-0.0201672237441036
1284,-0.0128275103679154,0.0175695735487603,0.0301808771410492,-0.00977825514619355,-0.0041539077322452,0.00910960670767101,-0.022079562648769,0.0264418506602667
1285,-0.0016909704306476,0.0019699046203718,0.00467539999973914,-0.0068342472331747,0.00237587281683052,-0.00466237098714177,0.000332007353771331,-0.000502774272298301
1286,-0.00376392360412844,-0.0050735291472638,0.0142632186839134,0.00630718990743891,0.00444979021912813,-0.00333261609195644,-0.0108516855457261,-0.00331266160577966
1287,-0.0198579209034961,0.0217261438101243,0.0148203239177896,-0.00291899801975661,-0.0139828138697745,0.00187796725501836,-0.0294460018840183,0.0493714070640402
1288,-0.000285896466520655,-5.73344369524606e-05,0.00102490739554675,0.000296560078839012,0.000224763139306287,-0.000790705969013858,0.000276795180894645,0.00274771013700709
1289,-0.0293718841047145,0.0132305254091647,-0.0295727610981433,-0.0272392249291645,-0.0245150698479453,-0.00279145965791456,-0.0372953238680039,-0.0414717853915058
1290,-0.014517186304096,0.0164805695296811,0.0193518254992935,-0.0156145295153376,-0.006891414959156,0.00470012207291389,-0.0155474128288647,-0.0213672096055215
1291,-0.00951702983214818,0.016521072663501,0.0206775439531839,-0.00735975777435993,0.0102962593898111,-0.00283633552063436,-0.00675063666867582,-0.0195838992723419
1292,-0.015808603168686,0.00654041337093127,0.0284095132288033,0.00565006425111486,0.00085226371458814,0.00416368857787697,0.0142069980064453,0.00135333696217206
1293,-0.0196013772282122,0.014272283314849,-0.00682146258225695,-0.0312048459353608,0.0263532085103088,-0.0292383221848549,0.0431446542280331,0.00389512448771844
1294,-0.0196899675121727,-0.0220163791057548,-0.00935172843672646,0.00199712120732732,0.0332905173108142,0.0205474833046864,0.0115784608910019,-0.00599327207696436
1295,-0.0265395883609031,0.0198561937295302,-0.0196388601063249,0.0252480748311425,0.00816923171376145,0.0100313180199941,-0.0290405895445366,-0.00939563931992314
1296,-0.0284665393854468,0.00260694594301527,-0.0351954764962543,-0.0166856045206741,0.0212159231082874,0.0342368223276358,0.0166036752726118,-0.00400622709034268
1297,-0.0191882856181907,-0.0136017282777434,0.0021352243716239,0.00178525892952033,-0.0115636887259764,0.0333678083739804,0.0043250384224094,-0.00805241495203222
1298,-0.0272274018235137,0.0263662331417686,-0.0202314238912212,0.00658337000862975,-0.00185520031846086,0.000538383415164818,0.00578168855093647,0.0286207834305389
1299,-0.0158727144652598,-0.0161574210477043,0.0129770934547426,0.00793678475768828,0.0153677319678466,0.000729884487237472,-0.0163110386930636,-0.0198825284655092
1300,-0.0123489972693882,0.0106812866123679,0.0239458793671081,0.0362217762927309,0.00366696219687925,-0.00208590726893427,-0.0181313086442043,-0.00888541896851758
1301,-0.0140203852535499,-0.0121804990346251,0.0142433957404381,0.0257144533933303,0.0231394848802215,-0.00136136675748923,-0.0107242826435201,-0.00122532873904077
1302,-0.0189036438925672,0.00220219250847924,0.0160389306576753,0.0179264664993958,-0.00357875480957458,0.0132469824362532,-0.0373776321836852,-0.00272665219445496
1303,-0.0133015502084324,-0.0117666054510847,0.0177738704545186,0.00489249491197539,0.0140988835492847,0.00497629162445166,-0.0241920798066505,0.00254370511791071
1304,-0.0188812166278065,0.0109039123271017,0.00104103892766993,-0.025986528050344,0.0333708783491087,0.0329045603192307,0.0195689838308885,0.000941569204126815
1305,-0.00826870888229839,-0.0261703853500496,0.00691170936150844,-0.0147540504419628,0.00880543852712913,-0.0152110625164416,-0.00511366370789562,-0.00236890875092741
1306,-0.0244972157541763,0.0243138211672944,-0.00830157707123744,-0.012735807209055,0.0225458782929065,-0.0240689822426763,-0.00544168331601755,-0.0512447979380294
1307,-0.0271557236702813,0.0229001888720194,-0.0180109745548197,0.00955462784859779,-0.0137806552365156,0.00584401340728664,-0.0383168946472918,0.0205855465691253
1308,-0.0183516066921588,0.0103640467678851,0.0132713440392869,0.0282946049323646,-0.00259453298526453,0.00499075547677254,-0.0140923364038733,0.0115603385140867
1309,-0.0127022322984464,-0.0039162890600361,0.0219182249672917,0.0245669286084229,0.00998971878735267,0.00425164826276245,-0.00440661148839027,-0.00802460595216313
1310,-0.0262453805390209,-0.00113692987988139,-0.0144631083056581,0.0180508510793859,0.0107864881721545,0.00804375086583149,0.00182973658370055,0.00629186053836417
1311,-0.00949796427346289,-0.0236085219826819,0.0157341451867594,-5.38241080344172e-05,0.0127850126762681,-0.0089579372399761,-0.00947482977271969,-0.00151898839464594
1312,-0.0121273780688561,-0.0240736951080276,0.0102418038928925,0.00305351630187722,0.0153577750929608,0.000433715755177787,0.00675915892960384,0.00769879763621651
1313,-0.0197612449467853,-0.00896799918660673,0.00780839761866691,0.0206828834330102,0.0137958689421796,0.0181061243372244,0.0202223408306397,0.0166328567544007
1314,-0.0111856424157032,-0.0266092857537013,0.00789893667117042,-0.00301448936389263,0.0138896965376103,-0.0167187729158609,-0.00754284298783708,0.00899228917322296
1315,-0.0185605065070556,-0.00121743974731319,0.00360971698190845,0.0461703172540861,0.00685178549491448,-0.00749560156981178,0.0143595534976671,-0.00448100090033767
1316,-0.0101528384628455,-0.0193275713410101,0.0129801658606647,0.0139606775992283,0.0133741417951031,-0.00803551793521977,0.00103363273711821,-0.00381055895650855
1317,-0.0178730594334091,-0.0326039177273639,-0.000761158263372937,-0.00519177560204192,-0.0119318177815356,-0.00157624812371519,-0.00051488822579229,-0.0143160082797754
1318,-0.0050500406765652,-0.0142964993253383,0.00558971507909005,-0.0129873108283468,0.00552332528445308,0.00308667519085472,-0.0050562317224615,0.013249214284674
1319,-0.00770756974893258,-0.0103367414580925,0.00896354834809518,-0.00182549355598918,0.00817959311673543,0.0135496113105098,-0.00196667919927246,-0.0147401282275464
1320,-0.0174104750488026,0.0126358896115207,0.0146371840691524,0.0165714203522056,-0.00960782850474333,0.00488610565868395,-0.0439303784134948,0.0177716305439635
1321,-0.00723663901350091,-0.0300020939739328,-0.00305638485863174,-0.00101105495516038,-0.00474251413969826,-0.0158504477168209,0.00501119807885627,0.00683877804711067
1322,-0.0175273437624628,0.000808418531026317,0.0169575500135939,-0.00488085875212515,0.00725692194064422,0.0226344379486917,0.0299113075703436,0.0252793324015283
1323,-0.00617111495914423,-0.00274714829773606,0.0131117818300197,0.00743267446044816,0.00329486683342723,-0.0155112558357082,-0.00343051570021725,0.00366916288039308
1324,-0.00856233753719666,-0.000643270644791148,0.027754334846185,-0.00477033137316093,0.00117376163148581,-0.00375040042035225,-0.0128734011974828,0.00321606374178399
1325,-0.0126229246092983,-0.0242913674747187,0.00358249936521583,0.00134859870199735,0.0102864582034492,0.000637453577422211,-0.0107745184249972,-0.0138438145019068
1326,-0.0191208133003407,0.0140468196885666,0.0071576232444949,-0.0175448193409041,0.00122591091301986,0.0159240854628298,0.0169922995136872,0.0683541160578437
1327,-0.000325242436043779,-0.000550653834515011,0.000977689839363209,-0.000281111233213722,0.000668063949298007,0.000725445377846675,0.000386653235008458,0.000492672846875975
1328,-0.013427580113776,0.0233589323842485,0.0201399589964396,-0.00970850943695332,0.00893578572408743,0.0252804545858204,0.0037997965766575,0.0181379445057697
1329,-0.0125538009186312,0.00863034552224169,0.0295188762144747,-0.0110143355373011,0.00280854882421727,0.00632110037707156,-0.0128945274195297,0.0244828935968654
1330,-0.00102241306755182,0.000127150362481106,0.00200750297918799,-0.00703717538688739,0.00418601981250708,-0.0123791144210787,0.000722652161696522,-0.00063044974267157
1331,-0.00104058147209906,-0.000246294655731122,0.00167059688371627,-0.00903695984784813,-0.00231217025646718,-0.00646666133793955,-0.00385101573696879,-0.000831914445496874
1332,-0.0049516663456056,-0.0099144045021403,0.0112617458237362,0.00770027188745871,-0.00477165067474841,-0.00735557364157003,-0.008430386398384,-0.00445595984466025
1333,-0.00824407033988525,-0.0156529442507737,0.0144800879918011,-0.00647559631087268,0.0132628887216266,-0.00468561822931136,-0.0113735392499026,0.0084265266117847
1334,-0.0149335710597292,0.0227886483833802,0.026138454773288,-0.00314539559622672,-0.0124559685952638,-0.0119800204046759,-0.0211925593458865,0.026620575501866
1335,-0.00822640127884215,0.00617355512637627,0.0280958368337348,-0.00460463926715672,0.010634380376786,0.0155090881445043,0.00280144541315375,0.00169517897830559
1336,-0.0135293191024569,-0.00318235450485602,0.0206290845233641,0.00158872151261947,0.00301721613050852,0.000236959793073657,0.000196956262117668,0.00357187333335577
1337,-0.0205865908883914,0.00284528116789227,0.00797878876465718,0.0254221551660502,0.00802561113348074,0.0128813641522755,0.0193834467691189,-0.00110823516783329
1338,-0.0119452997609922,-0.00324449762525982,0.0205300293402049,0.00715453779501892,0.0175873485237757,0.0144770254148877,-0.0177747854322061,-0.0112933436379136
1339,-0.00495804161768526,-0.0106086198148872,0.0123467921583204,0.00103743791299114,0.00381694676030979,-0.00997860752218346,0.0022602636123232,0.0101117288946024
1340,-0.0102378339688494,0.0181589644266368,0.0293625996339342,0.00411253565803749,-0.00173220944133992,0.00982438238522183,0.0119053668883966,0.0122541278779226
1341,-0.0214704673204957,-0.0251124435362055,-0.017706752355547,0.033832765927026,0.0144067925318911,0.00228777735837179,0.0101848314854879,0.00545589398370836
1342,-0.0124652199418133,-0.016606126409857,0.0162690335224124,-0.00357137807382449,0.0241639985280938,0.0122223888360331,0.000481156267318212,0.00243238378052951
1343,-0.0250520261951961,-0.00964067586609327,-0.0152434149751928,0.00933499542660246,0.0328198159500691,0.0393750246064756,0.0263289034167123,-0.00112353910781087
1344,-0.00472355571939861,-0.012062245201955,0.00538932458785317,-0.00306737392361549,5.61869640954827e-05,-0.0064183586863247,-0.0113299117856545,0.010349391424045
1345,-0.0114593981650307,0.00363806891668335,0.022782619162834,0.0290470563002267,0.00146412747341835,-0.00674122438285673,0.0202987301727416,0.00765814121471092
1346,-0.0127216939342178,-0.0114449558625761,0.0137925885350276,-0.00430236711414912,0.0340864055212627,0.0169144161835929,0.0031447689164602,0.00264949865810254
1347,-0.00653218791830682,-0.00855698279258184,0.0126281144616873,0.0144309109380137,0.00582991053148962,-0.00933510014236427,0.00168732753973895,0.00216338587184517
1348,-0.00932911837139964,0.00995848581588868,0.0215608670604771,0.00252684979034491,0.0185387538673847,0.00276192019539241,0.0119871823064066,-0.00111813170389026
1349,-0.0167541191605073,0.0132844429773701,0.0214286446933644,0.0322211553048252,0.00045100997120017,0.00422831958536002,0.00891019049835423,0.0106229433806781
1350,-0.00629394246336864,-0.00724837295759068,0.0121820506174047,-0.00636386295874689,0.00859672037078477,0.004610427698231,-0.00115621915554785,-0.000200244573827831
1351,-0.0212426848147247,0.0185717393209972,0.00528781321056993,0.0119232104009491,-0.00637065925470871,-0.0134368060817661,-0.0379792644106841,0.0249146877218208
1352,-0.0118629283686379,-0.0004528909143911,0.0244348838323227,0.00999749989772305,-0.017470947380426,-0.00892683120438398,0.0228804389224892,-0.00938564131903211
1353,-0.0130887204351529,0.0138721792367242,0.0273227767380661,0.00685329253637027,0.00934422505518499,0.0103224451605645,0.0135279139034499,-0.00908222327317351
1354,-0.0100879242618041,-0.00474354753477365,0.0253678167946327,0.018882934099327,0.00468486676691809,-0.0113804393402325,0.000374643131810149,-0.000617405643258615
1355,-0.0158698474417742,-0.0150613934337155,0.010516068663116,-0.0216797070727669,0.0332155860771544,-0.000825689058659568,0.00143157837299217,0.00586225760729193
1356,-0.0192003325651394,-0.00747453131702989,0.011724233200567,0.0119411182641839,0.00840421790486073,0.0135005008031469,-0.0303825822632172,0.0120176426360813
1357,-0.0258874207295126,0.00941591408379799,-0.0183411783426491,-0.00869302622707269,0.0180419373919562,0.0119953521905038,-0.0329457269592291,0.0125778610500935
1358,-0.0135510384335427,0.00588601052867144,0.0180756803758634,-0.00366679091174605,0.0185521385994226,0.0269981527550105,0.0102427999072604,0.0060211989767531
1359,-0.00151716969955173,-0.00141869750941801,0.00871511123774181,-0.000317220380631002,8.86728169026442e-05,-0.00293378211107408,-0.0019444677196461,-0.00560959164690635
1360,-0.000988822915548633,-0.0046331899455573,-0.00121701066642179,-0.000595856668369451,-0.0025396486163196,-0.00304804466308653,-9.33163259292451e-05,-0.00337025408693677
1361,-0.0121997824491838,-0.0137813822910665,0.0195854143850801,-0.0166259824418538,0.00787116286921998,0.000242311722576684,-0.0175986319222363,0.0141701393294863
1362,-0.0103465476085265,-0.00461739957980284,0.0161058857399787,0.0060418195256052,0.0113370416907448,0.012121273198219,0.00363649628908976,0.0124204701466865
1363,-0.0104094331053989,0.0115595981057527,0.0305263211209833,0.0156379330966294,-0.00920904375940591,0.00217528350181564,0.0205797360257935,-0.00239899221463601
1364,-0.0150992312073292,-0.00627910042381186,0.0159198092271105,0.0151925630825987,0.0137254269933797,-0.00725367777741252,-0.0144148214000985,0.00791876072570519
1365,-0.0214445652869556,0.0118092198629178,0.00265496650325485,-0.00803240381259523,0.0205130009283795,0.0433289875327409,-0.00811496805785606,-0.0056145461625497
1366,-0.0106915403507982,-0.00535462869649027,0.0265685009259948,0.0150897556756371,0.0138835873803367,-0.000626905561519494,-0.00917848960645343,-0.0027266524350279
1367,-0.0192773897721232,0.0324816993883926,0.01521005646132,0.0070504798080005,0.00682819312069054,-0.00543433979200969,-0.0090274370626283,0.0386204350568011
1368,-0.0203010066241909,1.74182534177902e-05,-6.15566451100148e-05,-7.83686345519754e-05,0.00625464484506661,0.0065842530494247,-0.0221753285808898,0.0269043725523929
1369,-0.0146942075455425,-0.0169086112871278,0.0101411759150657,0.000342146483435453,0.0234753444892241,0.000983596035434431,-0.00776160093727164,0.00680314911403764
1370,-0.0130519611553662,-0.0110439616333249,0.0161317917864862,-0.0157641568283194,0.014456513136206,-0.0219648366008686,-0.0220517537962967,-0.00475019032427547
1371,-0.0177818996507016,-0.0275747585613003,-0.00474557748097901,0.0144781393027659,0.0270941479282907,0.00634216585464997,-0.00127681824200932,0.0112058873323796
1372,-0.0220983698652997,0.0269262999139433,0.0082961503957862,0.0154365589944793,0.00138087972924785,0.035098109646189,0.0048751949063043,0.0247276668489711
1373,-0.00421855719154569,-0.012056225616324,0.00984073490307664,-0.00128745493751587,0.0071339588599201,-0.00436278792357552,-0.00195692224421804,-0.00548856727970834
1374,-0.0169410164872523,0.00190189766564029,0.0176513040051207,0.0310959569927191,-0.000637694366982061,0.000260478889529685,-0.00394724702059114,-0.00278151267973693
1375,-0.0165916754201702,0.0161324815560108,0.0182539647954911,0.00135683258250137,-0.00187517014973158,0.0183448597083816,-0.031741848854541,0.0202950877251996
1376,-0.00851306301757093,-0.00275478397235395,0.0231830589993667,0.00910289248774536,-0.00170585347758216,-0.00401745638106077,0.0202479120949788,0.00236850308245716
1377,-0.00478384247394885,-0.0015248963502604,0.0139098399027971,0.000766149261823348,0.00379571107045993,-0.00589608700835636,-0.00497171636575079,0.00324934657291947
1378,-0.00873795723141609,-0.015437845436071,0.0197586987332401,0.00439940447833141,0.00560705926961212,-0.00798416192802085,0.00255127262167067,0.00437993828355277
1379,-0.0050087242764351,0.00589816526750166,0.0143478088139557,-0.00581014342448498,0.0115518715906886,0.00141012464491094,0.00720753644020392,0.00237733543126466
1380,-0.00488947441554028,0.00248934936999972,0.0160564677343549,-0.00301172884198645,-0.00125241182997996,0.0012996913534962,0.00402052618661542,-2.66399675007383e-05
1381,-0.00733402149664012,-0.00809228957656448,0.0136971086037548,0.0141600907568404,-0.00510664750908005,-0.0197037243382643,-0.00656141078324173,-0.0132441561709792
1382,-0.00758642107846355,0.0112325423307118,0.0296282371621836,-0.00939232561912967,0.000909008117542852,-0.00508171163645959,-0.00502769352402352,0.0156786451811131
1383,-0.0154513591480289,-0.00607421973578168,0.0197829923780768,0.030337621931613,0.0127471918367208,0.00532977462669537,-0.00791610724943404,0.00253095909180546
1384,-0.0126480415552385,0.0147762339063001,0.018699564096193,-0.0109628907478793,-0.00562592937622167,-0.0262250627119471,-0.0173589093061429,-0.00027426330680086
1385,-0.0269708468381529,0.0141470118444488,-0.0238793725253264,0.00476155999998826,0.0244317062660357,0.00297918460971375,0.0115356614485506,0.036345636997172
1386,-0.00588311754549217,-0.00707105602989278,0.0171111491516829,-0.000118867981666263,0.00436531058967546,-0.00135532825817616,-0.00460533048960149,-0.00464421976273691
1387,-0.00412295265470366,-0.0131213161098885,0.00472180032833928,-0.0044372531115246,0.00574737725303443,-0.00240953777714561,3.06168388596919e-05,0.00726860963187511
1388,-0.0130100783949944,0.00897454884683143,0.0163708299793472,-0.00309361909950308,0.00283715918825604,0.00472116542972713,-0.00322649406891864,0.0097922771119991
1389,-0.00793864094003629,-0.0221837954270958,0.0137167018390719,-0.00712766635025348,0.00884332067042267,-0.0156911417657129,-6.33836547468464e-05,0.00982761391710152
1390,-0.0115143179973613,-0.0183912674430182,0.0183324718428902,0.0167198177989317,0.00125422838469872,-0.00568419644297715,-0.017508186302313,0.00219770782008891
1391,-0.0111363589810948,-0.0155885230789572,0.0164083889142083,-0.00494369277113106,0.0201858342214848,0.00426078210221964,-0.0139119688606755,0.015808395834165
1392,-0.00692941737142098,-0.0156999683462573,0.00827981004738112,0.0106680564335815,0.0208453553773797,-0.00510439678859233,-0.00286414485087668,0.00224490611870501
1393,-0.00057179293304131,-0.000114668873904921,0.0020498147910935,0.000593120157678023,0.000449526278612573,-0.00158141193802772,0.000553590361789291,0.00549542027401417
1394,-0.00772404891300909,-0.019670071615458,0.00478832456173974,0.00862843377413849,0.00828576253617909,-0.0101035090364283,-0.0036998801001707,0.00736051707106534
1395,-0.0212542025364726,0.00922363821576881,-0.010216252853625,0.00485637597679632,0.0179059240445335,-0.0414673305506943,0.026979016511957,-0.035497244780322
1396,-0.00279943592323547,-0.00732710614537591,0.00496319224803879,0.00270349577861358,0.00505185964296865,-0.00494814154001489,-0.00217199396713651,0.00301354306435171
1397,-0.0121581992442879,0.0127044129679994,0.0327699520389806,0.00221094537768249,-0.000559024661844138,-0.010706294469477,-0.016526885512562,0.0232620694515701
1398,-0.0132024871017699,-0.0237607621119447,0.0127051932052449,0.00302689353241228,0.023276044155298,0.000707229461332437,0.0135014033942099,0.0150798891822834
1399,-0.025383585158807,0.0228257714664034,-0.019331669967484,-0.018476898928273,0.0278084167591504,0.0430914777472339,0.0397452638443458,0.00267004126760936
1400,-0.0209313834070351,0.0152676692982197,0.00999446922490786,-0.0112802193680505,0.000549961201303937,0.00313295554020098,-0.0288284405590551,0.0186635354217904
1401,-0.00393643970745651,-0.00889677132143764,0.00962140482371207,-0.000275567681763203,0.00632768776178495,-0.00834472068212262,-0.00563771767848951,0.00443497293215297
1402,-0.00511245851477441,-0.00522217976006104,0.0152715418737092,-0.000915985400782949,0.00409314208803014,0.00411187253262563,-0.0020797589143663,0.00135703487018206
1403,-0.00183110919258937,-0.00458182334902655,0.00474091733675302,-0.00363823640368019,0.00811963003004871,-0.00301705236984825,-0.00130991260722064,0.0125462593935886
1404,-0.0108690201929671,-0.00163107819431431,0.0207062946784555,-0.0167773328972363,0.0106352043858715,0.0113321061198286,-0.0188740199857602,0.00965005987274038
1405,-0.00787991732021747,0.00597936686629253,0.0176097491561241,-0.0165909627128981,-0.00021538342831572,0.00254591489095613,0.0114556693514789,0.0139036663348154
1406,-0.0107601267013601,0.00191057657520827,0.0249458012611532,0.00249093328975538,0.01578723635072,-0.00824881378578375,-0.00304801533122741,-0.00592323091607738
1407,-0.0256426988651365,0.0294821310614746,-0.0184367344333215,-0.0133682098237643,0.0170763712426483,-0.0401664290927831,0.0236649282252901,0.0566607403874112
1408,-0.000984327704727692,-0.00274884257012276,0.00208763917629005,-0.000922009549990143,0.00102375755887381,-0.00423324479719083,0.00278628803589587,-0.00159443534609467
1409,-0.00879747590800506,-0.0143439681655998,0.0111796720431955,-0.0160114621466172,0.017751059170304,-0.012776438106951,0.000748897601008976,-0.0076117016569512
1410,-0.00407571554147398,-0.00853503785880492,0.01118444082684,0.00365502883859996,0.0107914568995557,-0.00596708598618921,-0.00137934999045266,-0.00783227332370892
1411,-0.00245805248642124,0.00361385262724242,0.00882022823594903,-0.00393648863917165,0.00565959918013466,-0.00431844757842572,-0.00322087042114275,-0.00194354214854562
1412,-0.00938747704497106,-0.028642037745227,0.00734993741123643,0.0029468375858571,0.0155800114002712,-0.00664990300065159,-0.00931513769620995,0.0146746534985392
1413,-0.00354050716269985,-0.0123084185727311,0.00643996126163816,-0.00055191312735062,0.00308182602998443,-0.0153286884774683,-0.00108259205077285,0.0054950827148082
1414,-0.0158150951727129,-0.0169254057291256,0.0100062167697604,0.0256328038821727,0.0175483157515394,-0.00013778149806773,0.00374827581562486,-0.0105571704109833
1415,-0.0259653017147257,-0.0106386279164004,-0.0218270498665261,0.0267315827258267,0.00236140803871839,-0.00735362079539215,0.0108522795735049,0.00940327405006761
1416,-0.000992881812565071,0.000532791523487769,-0.00117278618968896,-0.000390614920634923,-0.00412667545669781,-0.00223106655654711,0.00590814972179766,0.000607171050982419
1417,-0.00390536540658682,-0.0103547934473757,0.00679604177501416,-0.00351086848293107,0.0103013505360536,-0.0026339354791587,0.00178361303944807,0.0152530528381969
1418,-0.0180539610723773,0.010161910937115,0.0174282026191921,0.0163267648821777,0.00165279645404496,-0.000744680712752617,-0.00507918914010459,0.00868843360430581
1419,-0.0199525839196726,-0.0130381657099541,-0.00155201982748913,0.028642223873108,0.0054325953621053,0.011211641206936,0.00231988889314824,-0.00753854839648584
1420,-0.00333353247129519,-0.00910945915589094,0.00917341977381304,-0.00442354699991219,0.0101530673843158,-0.010051401588103,-0.00241525002998726,0.00661199017813181
1421,-0.0208447325514453,0.0305485450331494,-0.00245800571948316,-0.00791475599786115,-0.0180821452615944,-0.0610834962544301,-0.0284241899467227,0.00300911625885368
1422,-0.0165042686942032,-0.0297233155803299,0.000467239800804592,0.0284267598940325,0.0179954002016878,-0.00659859234759171,-0.0151182642717585,0.00429907250264016
1423,-0.0123517133748355,-0.0292417511447168,-0.00360797931666615,-0.0212540642131916,0.0264892836178543,0.013934879731084,0.0165494518623316,0.015688681738501
1424,-0.011590841562523,-0.00779178043378744,0.019456506692676,0.0191529220666842,-0.00588424087421212,-0.00872215854080553,0.00298214502890145,0.00249456429072942
1426,-0.00667510075502684,-0.00922898542597386,0.0103561901325116,0.00255949397526619,-0.00192774222174862,-0.00906870325223018,-0.00205864101134589,0.00171860201664726
1427,-0.0111619343187597,0.000515564397447719,0.0292942103627336,0.00248953642849115,0.00607579086277613,0.00171022955356678,0.00364602932504517,0.0153768144027908
1428,-0.0090926910173955,-0.00240667704830923,0.0268042164972567,0.0108595455147774,-0.0143809225462012,-0.010158141141979,0.00975998274725375,0.00332756799624054
1429,-0.0210775447602314,0.033003793747569,0.00638240500374761,-0.000177742392914369,0.00393482263603701,-0.0262055335369543,-0.0285887348039771,0.0369267872573611
1430,-0.00276748950338517,-0.00520309284464907,0.0088768966597878,-0.000596611762880381,0.00176337507136656,-0.00674876563486834,0.00415382561186329,0.00665556148245621
1431,-0.0169671343642423,-0.0186415608281152,0.00362022498446526,0.00974112948612848,0.0195676235941424,-0.00507263443786062,0.000991919657635032,-0.00518231015963073
1432,-0.00169372955646371,-0.00321796683999948,0.00520443856198392,-0.00399190533042333,-0.00174557928419133,-0.00510018122065771,-0.000547426907663816,-0.000981497459050553
1433,-0.0108876049704223,0.0190262890838503,0.0152603774998755,0.0053785208297305,-0.00819922716662466,-0.00601632800330758,-0.0153293864977097,0.0129569160795155
1434,-0.00057179293304131,-0.000114668873904921,0.0020498147910935,0.000593120157678023,0.000449526278612573,-0.00158141193802772,0.000553590361789291,0.00549542027401417
1435,-0.00196993154939887,-0.000810290347116036,0.00799378585316219,0.00363356186989803,0.000203984070463089,-0.00337687070979052,0.0037660379256141,0.00219402929035631
1436,-0.0133283427302099,0.0231788926124636,0.0238815409283501,0.00479121331955632,-0.0178553787526469,-0.022108864485641,-0.00618886713755466,0.00994117174340069
1437,-0.0110872333195508,-0.0187508009935528,0.00914825804374465,-0.0093415863479457,0.0345914047528541,0.00316700594156897,0.00220755110245907,0.00442759958279574
1438,-0.0127150004286332,-0.0180175583754466,0.0184391967777658,0.016922036853763,0.0039743000612484,-0.000803276613929949,0.000733820499302033,0.0102067173875004
1439,-0.0044858162672038,0.0024577933727886,0.0117988649562993,-0.00711245530233999,0.00431261792538614,0.00983732157830673,-0.0102167784761084,-0.00530522592318575
1440,-0.0212541908838937,0.0188936933282165,-0.000575737280687211,0.0185207687042981,-0.0126387147304047,1.9398793917432e-05,0.0321165524243529,-0.00395295282375092
1441,-0.00350605158078171,-0.00914215329684394,0.00777780290173488,-0.003818151080665,0.0112581739633721,0.00244014339808609,0.00548802374154956,0.00781560242435969
1442,-0.0218670938635274,0.0167901152598152,0.00248724852965896,0.0408721877499155,0.00573641231887211,-0.0101676192708432,-0.0052107669328075,-0.0186872700142976
1443,-0.00912524630487164,-0.0101779787483852,0.0143038724217706,-0.0332791645967216,0.0106549226783126,-0.00301255685855144,0.0185623879420732,0.00555872517100117
1444,-0.013763263886879,-0.0351588098604207,0.00912150971198942,0.00828957050426308,0.0143548221999663,-0.0012238564879368,0.0153772096181314,0.00353626450418113
1445,-0.00903464735687429,-0.0293850173461427,0.00809867584023407,-0.0144100856159175,0.00646201502204172,-0.00869935976191472,0.00163039798837838,0.0109692356638498
1446,-0.0234079223550133,0.0296775611231715,-0.00588384908251311,-0.00941307369560693,0.00520253040128783,-0.0278939199073518,-0.0272229570135785,0.0553284798096306
1447,-0.00533647926912229,-0.0106868977368206,0.00875290642641986,0.000756377788208523,0.0159885070111405,0.00346943291588759,-0.00206268002295662,-0.000604290160150018
1448,-0.00543491210174308,-0.016503567535463,0.00411603670124827,-0.00538134537140603,0.00425316454636292,-0.00701046198056522,-0.00749436887119617,0.00476844170382435
1450,-0.0276757915016649,0.0281826151540763,-0.0232638953650511,0.00336760088393274,-0.00795408191793884,-0.0463650811845742,0.0178956479267559,0.0403407701640732
1451,-0.0113012496235253,0.00404684944622815,0.0320417401180955,0.0055868480224236,0.00444639922286134,0.000651332336954799,0.00702420754336729,0.000843280341366035
1452,-0.0125732591627621,0.00553840347308748,0.0266782367663867,0.0204748422119805,-0.0184515175895883,-0.00967414336909342,0.00066253544915321,-0.0026370819063776
1453,-0.00718428891948208,0.00159577877110959,0.0129117044141686,0.0170477476023196,0.00396815650611132,-0.00805914289037517,0.0236371917519929,-0.000528563427312618
1454,-0.0280725940882008,0.0252387564696635,-0.0258807178963543,0.0125248614734855,0.00137452036642561,-0.0345567332121925,-0.00326766185562223,0.0066904087771031
1455,-0.00967119459320718,-0.0207371881113071,0.0118759282655405,-0.00203561836695015,0.020295046075682,-0.00914595046104773,0.00963345287497437,0.0104587922017878
1456,-0.0189251992317422,0.0225386230363339,0.0157014731990695,0.0127476909818332,0.007113751839348,-0.0117059375754146,-0.0195767950826083,0.0306951602290959
1457,-0.0215702843563179,0.0226459808547281,0.000562828217431814,-0.0326627800217318,-0.0152804736885526,0.0275879919247345,0.0177665278884891,0.0287148932595148
1458,-0.0165545204152179,0.0147361542790768,0.0201280281486309,0.0234558495711285,-0.00133529385083574,0.00100614586552007,0.0335319764731353,0.00461054014062331
1459,-0.0220123354169858,0.00544580886171243,-0.00913296510040605,-0.0063452066741912,0.00758307553488388,0.0234733254715556,-0.0236148413820001,0.0284213420517246
1460,-0.0149154203690266,0.0206036744997567,0.0144637854647137,-0.0295166324925434,0.0198696223762039,-0.00465824213671433,-0.00523664053524737,-0.0077720233868894
1461,-0.0154341427078822,0.0222213282369907,0.0118122758736396,-0.0276917003620142,0.0035845202292478,-0.00438955764090574,0.00443544586785806,0.00542318508775659
1462,-0.0121589255366672,0.00346390888844343,0.0192965907997016,0.0239670772655031,-0.0160809218858286,-0.00643853558140842,0.0222486792432232,-0.0076089287764237
1463,-0.0139350363141867,0.00843795314554289,0.0241210038657882,0.0307312327770051,0.0088560100817679,0.000782783696320113,-0.000552137258682987,-0.00713355343519552
1464,-0.0208687815394005,-0.0228286122793362,-0.0143212300487569,-0.0116406796442755,0.0289362368117567,0.029168577114464,-0.0141946997379113,-0.0132000919709313
1465,-0.00762632187305211,0.00391674462112786,0.0194204464560611,0.0128082899419507,-0.0118138128758943,-0.00174034309557821,0.00121111929360078,-0.00633880083594209
1466,-0.0101467437740568,-0.0225480703703913,0.0156831679870018,-0.00268432228386597,0.0168490788814198,-0.0104095462779558,-0.00583786236359774,0.00592915632405233
1467,-0.0225657453270672,0.0283235696523795,0.00193011336169734,0.0115612367088376,-0.00327201982864282,-0.003365527733865,-0.0260336234037832,0.0380973803133842
1468,-0.0130999033684813,0.00901591783742319,0.026345608701004,-0.00614627103362783,0.00259997953401528,-0.000728390863790822,-0.018067634173899,0.00234266192221186
1469,-0.00753476492185341,0.00510107496513406,0.0215692201252031,-0.00693582398697612,-0.00390956960953409,-0.00301014897333999,0.00400264494660046,0.00715994678791978
1470,-0.0128443549577843,-0.0164572212903948,0.00476982698022422,-0.00335198391160387,0.0246629091303553,0.0151454371279679,-0.00584897785145986,0.00886906640550383
1471,-0.0121964999528968,0.00416948717367953,0.0236264572790327,-0.00746702609915456,0.0103110424477624,0.0160929764017111,-0.0166391191069039,0.00266591300448939
1472,-0.00681672490324199,0.00576857948854739,0.0243914328158571,0.00506405415198091,0.00154074134998796,0.000724785185618044,0.00675366076009504,-0.00422446081329343
1473,-0.0168472615482646,0.0124037093248498,0.0100438581281253,-0.025565258404891,0.00395921639079279,-0.0323034649208942,-0.0131072355378587,0.0101582555463707
1474,-0.0106678144084699,0.0134124707706712,0.0321069846865371,-0.0148705457130675,0.0122099926367115,0.00214253168932267,-0.00264467019474024,0.0110047257810398
1475,-0.0116980391345787,0.00622225175897041,0.0251929179253357,0.0108406886662182,0.0133019939902934,-0.00125613404028353,-0.00617376163316119,0.00278257231678457
1476,-0.0105786448691469,0.0127032939071211,0.0252750121137914,-0.00971098837642618,-0.00709136247082172,-0.00158970365162276,0.00316279808016788,0.00950955193023487
1477,-0.0243906810675867,0.0317347382966931,-0.00575981958477291,0.0136563264455777,-0.0194190109538215,-0.0208379100092969,-0.032766435362366,0.0358549923590214
1478,-0.0116494486532497,-0.00119221267385224,0.0139081694601619,-0.00513709276289212,0.0144960312400512,0.000839673338938334,-0.0177781452251792,-0.000589520307289584
1479,-0.0290925865078283,0.026680289245142,-0.0235045260222652,0.00379249454445378,-0.0223212536653419,-0.00187253551711053,-0.0343369021328117,0.0475053997538213
1480,-0.0165879593708946,-0.0219161172451892,-0.00146288689095718,0.00431524725033513,0.0386734846039599,0.0111008368761507,0.00416174310999372,-0.0206734877519166
1481,-0.01359701554458,-0.00826215892212358,0.0203129855370764,0.022665090046492,0.0160403473125005,-0.0171113963006335,0.000684515120428743,-0.0113088135258691
1482,-0.00793035893528146,-0.0152544424736655,0.0151454098315727,0.00346235714378228,0.0108578831703192,0.00016737676025882,-0.00537612977889002,-0.00850990583666292
1483,-0.0198317050188857,0.00708207439374284,0.00789145561014154,0.030309623320665,0.00658029515161211,0.00335361821311677,0.0183634226963961,-0.00792561917975742
1484,-0.0204702665022858,0.0135556324513337,0.0162605361309772,-0.00494762937371114,-0.00184381954727398,0.00516972726327617,-0.0402210690948578,0.0220050535723511
1485,-0.0184332986319441,0.0205465244385267,0.011180726594831,-0.00616822690410718,-0.0126252137984711,-0.00924878813808356,-0.0301129130238374,0.0377172901974289
1486,-0.0313215254548194,0.0110522523110609,-0.0421210422070816,-0.0112725278140702,0.0142983575807678,-0.0167185790948355,-0.0210921735413856,0.0307099387616173
1487,-0.0219175621969033,0.0147420158933106,-0.000122249876802827,0.0225551402811435,0.00955725454753587,0.00410184060721856,-0.0256296710766189,-0.00387218344197769
1488,-0.0207508819620736,0.0242090001416435,0.00861589128600391,0.0114585368079662,0.0039847816229335,0.003686352524494,-0.0391356311153167,-8.18352259478856e-05
1489,-0.0144287940679104,-0.00453856841000006,0.0245326102969425,0.0158637852341475,0.0229709244695419,-0.00215854360224195,-0.0149756523208475,-0.00984730354639797
1490,-0.00163300775746427,-0.00394999387958796,0.0039666678731984,-0.00498000896620057,0.00406465558895091,0.00423666618025107,0.00150253474925272,-0.000244114594347083
1491,-0.00987395033226105,0.0159268668244961,0.0212471591296769,-0.0102130450498133,0.00168289572650586,-0.00980459734888351,-0.00698531251593494,-0.0275450852699979
1492,-0.00996701092593562,-0.010180178034,0.0082598374249997,0.0265397705129975,0.0141757578642918,-0.00451599857238844,-0.0160264492089051,0.00159613075351883
1493,-0.0278626843763322,0.0238428943948811,-0.0209657818395633,-0.0040550936149168,0.0117332665698614,-0.000114903221739043,-0.0372443012594073,0.0180103482997447
1494,-0.0104694285445293,0.0114088874281691,0.0313654589499613,-0.00244888961996249,-0.0066781523894475,-0.011226532346723,-0.00452298895408711,0.021928902750001
1495,-0.0179595243784859,-0.00235376348646608,0.00184464443365195,-0.0214475681077145,0.0141560606953342,0.0114384391053667,-0.0378638973002631,0.0154343277844233
1496,-0.0137344081064303,-0.00266133729057753,0.0269430678915974,0.0174076355662631,0.00823603734220108,0.00114394252402048,0.00644527445369119,0.00473653131283439
1497,-0.00057179293304131,-0.000114668873904921,0.0020498147910935,0.000593120157678023,0.000449526278612573,-0.00158141193802772,0.000553590361789291,0.00549542027401417
1498,-0.0122864723331342,-0.0140437853607794,0.0181830269879682,-0.0153770493086662,0.000976725468688547,-0.00632786213883033,-0.0260500174388941,0.00134697357769133
1499,-0.00502779616260852,-3.08891974318764e-05,0.0147054741004444,0.0107182640802527,0.00129675286593454,0.000846070286677252,0.00359149035425324,0.00288673733627065
1500,-0.0204128643502525,-0.0161123418424659,-0.000985085324537272,0.0159513121328247,0.0205814666311329,0.0152214614348658,-0.0224646083080373,0.0182861587902182
1501,-0.0224039229904105,-0.0168725728141717,-0.0191748200560338,0.00265381718982959,0.0400782063691393,0.0106412603941603,-0.0132516431205755,-0.0149876242395667
1502,-0.000759214843594445,-0.00124927999065984,0.00225387570634075,-0.000213375056105316,0.00316023920436629,0.00135534158124175,-0.000933613177266314,-0.00110335110311181
1503,-0.0266597477429308,0.0176800553150753,-0.0234138948244047,-0.00639008115098704,0.0343375789296447,0.00992127171943744,0.0100328067733748,-0.00405097379828123
1504,-0.0118235458136583,0.0104443955126862,0.0142049406047074,-0.00998645690121453,0.00795093628090738,0.00992324081943162,0.00707447320980457,0.00950910295506237
1505,-0.027261197778828,0.00457512174775006,-0.024938230226419,0.027452445210826,0.0209705969518084,-0.00394097125866045,0.0157335126434726,0.0151904217958212
1506,-0.0133202682822594,0.00281918974540839,0.0294643609288174,0.00874968015571307,0.0105694072338059,0.00373705505477922,0.00533804324211471,-0.00914687789715156
1507,-0.0209073584473358,-0.0182227430428876,-0.00463408980018526,0.0340395530341974,0.00775028479250519,-0.00791537154797264,-0.0111541907789121,-0.00933472832688232
1508,-0.0150544004881503,0.0218952211160902,0.0180294460396766,-0.00762671422675792,0.0091237659609484,-0.0329160388417561,-0.034391795508989,-0.0406716202513646
1509,-0.0231315836197098,0.0285810541213355,-0.00228074856740289,-0.0126069509599315,0.0146286094905768,-0.0127574383713691,-0.035028503774375,-0.012130711495848
1510,-0.0131478528748816,0.0128267752120713,0.0189668498512487,0.0039011273835653,0.00583057688769939,0.0123586714375651,0.0252174006660313,0.00692783100911789
1511,-0.0127234759103523,0.000436039203111536,0.0252015566090605,-0.00710943156857311,0.0116376605486723,0.00597895838918188,-0.00150428921315644,0.0109727591906076
1512,-0.0183857600176304,-0.00829437740613106,0.00592992690257147,-0.00413208214135966,0.0384164429255794,0.0182515392828986,0.00130250092841726,0.00442867016990202
1513,-0.0190062347151665,-0.0293730018998339,-0.0120681728864447,-0.0040202458378472,0.022690685826349,0.00366297639167277,0.0201406537025458,0.0202051239078825
1514,-0.0107353982263502,-0.0186545854609541,0.0178127363081143,0.0178464011472726,0.0138926814879393,-0.0154638437264097,-0.00931148611469891,0.00709844696336546
1515,-0.0043314227783489,-0.0108827179028349,0.00791026622964032,-0.00201954329711572,0.00471831542717556,-0.00334699371831404,-0.00412818546451743,-0.0038862987227751
1516,-0.00186442656911902,-0.00366454240340825,0.00591157034613879,-0.0044326262280764,0.00352683717220756,-0.00646996030036204,-0.00234255726700533,0.0108980054607454
1517,-0.0270833185624475,0.0202974210032615,-0.0276893647177196,-0.00197820699085554,0.0148810255506991,-0.0262599818278314,0.0173215137410827,-0.00287816144161838
1518,-0.0156293628065573,-0.00265708943451046,0.0167573701483405,0.0187763252740493,0.00333273171623667,-0.0192769539074162,0.0283806297990154,-0.00314278199503761
1519,-0.0102770829109088,0.00314548880889425,0.028370014535779,-0.0186165089925917,0.00831709109096811,-0.0106189245919642,0.00114883834055303,-0.00477605385821159
1520,-0.00434404301140622,-0.0091610974855436,0.00179739062030347,0.0181275284095545,0.00629307633184048,-0.00694142712506127,0.00373262876328222,0.00469629517915518
1521,-0.00789178668045312,-0.0182372639060847,0.0091705254271024,0.00430912000579212,0.00938011060008728,-0.00873308593462713,0.00717885668736107,0.00689281782470212
1522,-0.0157619014133465,-0.0011031654343861,0.0210047529614841,0.0103043239836819,0.0263976304397484,0.0114882645773813,0.0061035051177649,0.0164024328097534
1523,-0.000936412363136878,-0.00300047773606061,-0.00245811260930246,0.000933333587211792,0.00781802540361534,-0.000963223057576266,-0.00185335968285158,0.00249166298943457
1524,-0.0182720927450317,-0.0190905159104095,0.00640207225128023,0.00960964117360499,0.0135353836478608,0.0145310783938339,-0.0152208385417735,0.000272072716423766
1525,-0.0149954788465817,0.00176804709694488,0.0209071584713982,-0.00636112700560381,-0.00523331862741989,0.00241605098308137,-0.0360894081187631,0.000323079018298566
1526,-0.00562565416981191,-0.00723321694457002,0.0150607161541015,-0.0102604837789704,0.00801904607853295,0.00435158945746543,-0.0138991736790752,0.00529780307167115
1527,-0.0251056497028765,0.0149942661355388,-0.00430401471970622,-0.00410895078422019,-0.0121676177590985,0.062350639973659,0.00418051082502807,-0.00325719265972534
1528,-0.00331109059914301,-0.00817096480848879,0.00962327412917098,-0.00257326551745785,0.0139435666247759,-0.00722138517358656,0.00185858543547484,0.0154937808313056
1529,-0.0146990389314447,0.0152663534740106,0.0160915026116448,0.00723861163946431,0.00768129248105095,0.0120210107117974,0.030183788528263,0.0145783651643298
1530,-0.00440523060809,-0.0081427973722229,0.0113633588848029,-0.000862890994615494,0.00221713367254536,-0.00605614535344554,-0.00175336039853995,0.00245383969726517
1531,-0.0140517459756407,0.00980415069462555,0.019139977124488,-0.00719149850707979,0.00143528429297041,0.00308525356388147,-0.00697023037821077,0.0279700115620471
1532,-0.00855383669406859,-0.00898812819731682,0.0191879758298407,0.00679513137524838,0.0137571833474149,0.000371266811236686,-0.0196010618246802,0.00435156658072938
1533,-0.0120113175971582,-0.0227372792757745,0.0134878939404314,0.0204021838501102,0.00483590369334813,-0.0121057090247099,0.000735856592669944,0.015787883285148
1534,-0.0159194400449235,-0.0231201697983899,0.00672582143779206,0.0135657413793067,0.0148202783828574,0.0151129438065347,-0.021088189092278,0.00383483078070558
1535,-0.0086620493391629,-0.00403658726595737,0.020168067592438,-0.00488096568488763,0.0233347776599271,0.00852826613547308,-0.0245127248026554,-0.0023180187705964
1536,-0.0211993645692006,0.0094608040766978,0.00663665400464308,0.0294828386089406,0.0131784012725969,0.0126653199291196,-0.0209715181449134,0.025886895019669
1537,-0.0262576788611219,0.000694706772743364,-0.0337736747446775,-0.0227336980713633,0.0432520621464684,0.00751411798060818,-0.0210304152470329,-0.0276773628642114
1538,-0.0279206178109436,0.00521228165988317,-0.0248288522034612,0.0212845449001263,-0.0214317177747031,0.00509199952956942,-0.0228472672014741,-0.00566416815513941
1539,-0.00587733498503434,-0.00968932023401648,0.020315283922584,-0.00567280441486396,0.00711018343091714,-0.0074811657984278,-0.00810886615546277,0.00102610295050945
1540,-0.0205385031649018,0.0285237272055014,-0.00184973924245742,-0.0414421922867092,0.00770757467656866,-0.0310210327394095,0.00244110520045844,0.0403170973828411
1541,-0.00883478930604383,-0.0116457758246239,0.0165553101482279,0.00692164192029736,0.00603669703722499,-0.0049413458078913,-0.00342533707562698,-0.00239009333830524
1542,-0.0235873744929346,-0.00209064715574328,-0.00871444265644761,0.0417549515265363,0.00963156863783082,0.011397355622392,-0.019478549171833,-0.0186354362502109
1543,-0.00512573773526041,0.00552333775500665,0.0158680274280452,-0.00649448078122509,0.00891396447599938,0.00818441413091334,0.0157023207800684,0.0116371248086596
1544,-0.0239399976777337,0.00809312772071526,-0.00471518217952939,0.0349022830355471,0.014330453262091,0.00539651670524716,0.00601203960976065,-0.0041147099558121
1545,-0.00946252502900837,0.0223151055629571,0.0269011027696554,-0.0137931085897226,0.00517370752662018,0.00352307177521028,0.00455104551477845,0.0144821495323744
1546,-0.0276832888590924,0.0179197350011491,-0.0253045097917145,0.0163243965658256,0.022510935989291,-0.00659804636649011,0.0157102852004021,0.00780246902301657
1547,-0.0192483093719746,-0.0211432857100345,-0.00273406695300663,0.0331538825216644,0.0190346789776952,-0.0030390921051666,-0.0160481991164382,0.00183092746917743
1548,-0.0135649982873308,-0.0306346295363799,0.00776526230418777,0.0244463531322234,0.00212315799803264,-0.0199024019845986,-0.000287069792001066,-0.00164707252508366
1549,-0.000662556396452768,-0.000765831765118007,0.00152871679455471,0.00268895365188714,-0.00288494350966407,-0.0012873524879859,-0.00233795785651341,-0.000683316403364671
1550,-0.0146582001306952,0.00284970822125613,0.0268778265363287,0.0115876281787838,0.00398685159449649,0.00334894793909167,-0.0286728984959059,-0.00324730981809241
1551,-0.0168464992268129,0.0254073617182783,0.0200177143844672,5.82590684440495e-05,0.00169588349377488,0.00579736565799226,-0.0332119048779112,0.0414126662037618
1552,-0.0198898819268378,0.0158517326099187,0.0132618488651357,0.0341947386839002,-0.0102197495154424,-0.00103585485139122,0.0251144815615734,-0.00399996952826269
1553,-0.018828840737149,0.0120302650652409,0.0110326364808012,0.0182213991912024,0.00338112800718789,0.0263640099989496,0.0193125440629374,0.0446474995340337
1554,-0.0188899695622038,0.0218990536163714,0.00744647745888711,-0.0220886370159978,0.00275484733507176,-0.0258625555148629,-0.0207521833278832,0.00775776218662198
1555,-0.00620409003971899,0.00484382708377286,0.0122071444125916,-0.0174271230783755,-0.00773858726834186,-0.00415184199847615,-0.00875922409974866,-0.00074757187734242
1556,-0.0236938891236792,0.0115322146557794,0.00181881765939929,0.0256341366045054,0.00312928946149678,0.0156676198826067,-0.0175872125563772,0.00761763979159023
1557,-0.0237591251195625,-0.0126002984716208,-0.0201790033446108,0.0053641325769455,0.00384585938657081,0.00871509793515843,-0.0285703709790841,0.0152365010890687
1558,-0.00983461105972567,-0.0200883661069153,0.0158662925938066,0.00879330372920734,0.0141112308255895,-0.0172126281564666,-0.00170552120127875,-0.000129496721991343
1559,-0.00961579653421994,-0.0213616105632444,0.0122436581316279,0.0106896374820876,0.0170495233503964,-0.00741110780516349,0.00273669997628141,0.00289263364009427
1560,-0.0172595917040927,-0.0233994370438306,-0.00414049623019188,-0.00576828433606242,0.0268640147729946,-0.00224676883859506,-0.0041858895262421,0.0125672247816216
1561,-0.0186291190005181,-0.0156455293349964,0.00856667513466487,0.00824500900907243,0.0170431076017933,0.036537558694415,-0.0041641338406396,0.00560220604614483
1562,-0.0136369023684926,0.0188184047131377,0.0210158337612071,0.0127251498565284,-0.0180655983784863,-0.00533101270888741,0.0345194824585133,-0.0130061927153701
1563,-0.011341956144395,0.00794542681288158,0.0366662030606235,0.00795580494979988,0.00188335749416187,-0.00518575647175936,0.0127560899935466,0.00556141125772768
1564,-0.0301133398279647,0.0233224720679892,-0.030164914645171,0.0256480915548685,0.0145477685465271,0.0198115178065942,-0.0322559543051159,-0.0078500772343802
1565,-0.00940721621505559,0.00962864903029737,0.0176395566000054,0.0190059944010954,-0.0104573097504395,0.00137645861392508,0.0114937257368581,0.00454145649945548
1566,-0.000185373033828158,-9.29904579310841e-05,-0.000979733606297442,8.34655535057187e-05,-0.0012896104268622,-0.000885776396719584,0.000393048485412201,0.00199734107544315
1567,-0.0218553721565689,0.00703957305389378,-0.0047809325245746,0.0183795732116161,0.0174817541065119,-0.00423416922543274,-0.0209397990400878,0.0154522660853871
1568,-0.0165857990534081,0.0037402299735517,0.0185255958826325,0.00984327399673093,-0.00817501451523136,0.00303849308576934,0.0296377189572075,0.00677180823342745
1569,-0.000677772456913826,-0.00215375371698543,0.00183898154147772,-0.000621302056882374,0.000474434632094419,-0.000164553852027637,0.00122110887569469,-6.19944235915377e-05
1570,-0.00489996668772621,-0.0104637043804332,0.0151976376941183,-0.00772969964583719,0.00367682358729626,-0.00381277035678945,-0.00128721597946934,-0.00532445782394608
1571,-0.018332649619768,0.0193043165230341,0.0092982519325538,-0.0105546787603783,0.0119319671773346,-0.041167921616795,-0.000396924022354893,-0.0270782136580343
1572,-0.0032146499436345,-0.0022504612373224,0.00894377750562164,-0.00243233066939897,0.00604683111371719,-0.00292655179446117,-0.0121955943810436,0.00456378656422679
1573,-0.0229982962331726,-0.0199554707832631,-0.0244232345204701,0.00440547773708343,0.0404212276855463,0.0102027657836192,-0.00242822690919865,0.00582134304421806
1574,-0.000683833827963726,0.000948661343076063,0.00153098661084416,-0.00475238952687079,0.000200112741371877,-0.00315870976888327,-0.00271065450153558,-0.000338237640836806
1575,-0.0262255950487789,0.0312023368403287,-0.0184031793094433,0.0338300677612824,-0.0204142438774735,-0.0434742269620634,-0.0529345250219933,-0.0529096197252546
1576,-0.0228449329099282,0.0259818878661622,-0.000509825930009793,0.00422458857594728,-0.0139257373447191,-0.00511752563177799,-0.009809337314865,0.054816238532914
1577,-0.000388958377680878,-0.000240937600940684,-6.3853527166608e-05,-0.00340279541095772,-0.00310993217557403,0.000338772245104112,-0.00483453464980933,0.000835516700751958
1578,-0.00751683085451465,-0.0145015496328436,0.00808509698776043,0.015797311765712,0.0114015156893467,-0.0168499507869097,-0.0121818981846399,0.00529859674649263
1579,-0.0149530584860789,0.00980365664720538,0.013984116799918,0.0156675658115051,0.00881651083168971,-0.00268661516463436,-0.01139689555897,0.0207860239743425
1580,-0.0170243551561655,0.00289747887674061,0.0144602576290681,0.0361555047030532,-0.00511666028563115,0.00266593768094021,-0.0317365714367272,-0.0153712904984626
1581,-0.00617782955336471,-0.0189533493282198,0.00915128706609618,0.00535636912968965,0.0117924242804039,-0.00940258907539042,-0.00445023293184665,-0.00595791402825005
1582,-0.024583769285469,0.00212803527949707,-0.0193838549223048,-0.00952995148311898,0.019717951771587,0.00697500701016104,-0.0236325076576649,0.0272011446773465
1583,-0.020319723369101,-0.0183150064678839,-0.006322810900932,0.0175098781597326,0.012283703996536,0.0111029266746543,-0.00265741329171605,0.00094654809532209
1584,-0.0072373006326587,0.00880761523375962,0.0240756502103001,-0.00155739786855716,0.000300039218353392,0.000279319641940076,0.01011465515587,0.00388950907410862
1585,-0.0256021061517636,0.00713137812950402,-0.0304236049138635,-0.0283198451136246,0.037970720697317,0.0334808696078798,0.00798494305781283,0.0262700926981639
1586,-0.0122632981685041,-0.0199542005120363,0.00930760554456794,0.0144835586221605,0.0129704864174358,-0.0194442353758125,-0.0134697111237695,-0.00510478822893572
1587,-0.0204929202770304,-0.02231092651574,-0.00805663618314883,0.0180349107144495,0.0284058340438175,0.00331191864949272,0.0209557850425715,-0.015087110099252
1588,-0.0181107560706749,-0.00285981813986745,0.00503242518007071,0.02628787148062,0.0241922163476156,0.00538467078041304,-0.0205554365822795,-0.0198151385932043
1589,-0.0050508620481947,0.00219929958547858,0.0144266982409293,-0.00165477020455761,-0.00197862881856537,-0.00238079749262302,0.00236939894652246,-0.00331033895154636
1590,-0.000952692151690267,-0.00191280941673066,-0.00531485359553047,0.00220161573103145,0.00012344622935838,0.00561233936761466,-0.000942001058520097,0.00203039709376299
1591,-0.00408311210780738,-0.0156385194353078,0.00577897664892822,-0.00551156836697735,0.00132058149109364,-0.0044323489132084,0.0072500526364735,0.00478613307521129
1592,-0.0108226166402424,0.0101300458900516,0.0286008196319182,-0.0121222339752308,-0.0115777825979606,-0.0106803207682391,-0.0161795459326254,0.0119911257893635
1593,-0.00986293310875467,0.0130825544097106,0.0256569371860143,-0.00137620273690413,0.0123302731569036,0.0150140073911668,0.003709708804167,0.00982887201590254
1594,-0.0240075801282606,0.00342980008033805,-0.0165037009513533,0.0176540158579164,0.0123414814644183,0.0110666608537577,0.0100287219404777,0.0332225335519595
1595,-0.0267298551035687,0.0133035921719695,-0.0258920126218107,-0.0227650112435525,0.0206903316251629,-0.0294910582777786,0.0132127214615357,0.0308684731689705
1596,-0.00402878182650441,-0.00941795445593516,0.00887428739224148,0.00332376455267979,0.004244138600957,-0.0056966511772426,0.00266107712992174,0.00460998749420672
1597,-0.00981130612532496,0.00698955830774256,0.023991463528865,-0.00193678953181775,-0.00945905451492888,-0.0176481733315217,0.00777637925130787,-0.000448061975091908
1598,-0.0137141886883579,0.0180390825326556,0.0301259798293457,-0.0062673841605982,-0.006482253523223,-0.00703676224458881,-0.0232293514283239,0.0177392694925856
1599,-0.0154722761508015,0.0206782444566639,0.0155130823628369,-0.0252821279414444,0.0415354383554454,0.0490016580533343,0.00602947704972413,0.002730182630794
1600,-0.0215287667020245,0.0202471649627459,0.00615767650483462,-0.00633395781727338,0.0118677478732823,-0.000545190069169807,-0.0351622864599675,0.0197769791069015
1601,-0.011377549908117,-0.00953867879612471,0.0235877981989727,0.0223518699790525,0.00747689785825306,-0.00327881846945229,0.00689245202742516,0.00777306738420642
1602,-0.0082245910577445,0.00430157219202338,0.02495305218365,-0.023612970129602,0.0031941531226692,-0.00456402462231942,-0.00329476605724095,-0.0104275114062595
1603,-0.017123684682213,-0.00498969944717868,0.0150351314291643,0.0306600451733597,0.0139101945431575,-0.00082220620795715,-0.0132777794889258,-0.00394458605334251
1604,-0.0148268166651164,-0.0264175928998663,0.00946586002813025,-0.00615371703758802,0.021747277596602,0.00739617085397334,-0.014364306059176,0.0137807030913202
1605,-0.0100730596880277,-0.00192283372705531,0.015664726955178,0.00817711830715019,0.0135625989877791,-0.0101934639077056,0.0316554736217743,0.00364031161956789
1606,-0.0139969226761368,0.0158807843491456,0.0244709494976851,-0.0246118699190009,0.00710721142066147,-0.0179680928500214,-0.00985623128315229,0.0202810755043757
1607,-0.000857689399561965,-0.000172003310857382,0.00307472218664024,0.000889680236517035,0.000674289417918861,-0.00237211790704157,0.000830385542683936,0.00824313041102126
1608,-0.00776711352463265,-0.0127921715308152,0.0193180007678458,0.00814671817666144,0.00825944707424372,-0.00801979585900716,0.00336863917686127,0.00683013479686447
1609,-0.0183340350372907,0.0180196223719399,0.0129817587985689,-0.0237267838178955,0.00574591596340866,-0.00732204400298897,-0.00105089816206743,0.050648928476656
1610,-0.00719697145043113,-0.0101667569408919,0.0141306596048563,-0.00296995085071592,0.0134282059823721,-0.012178959743891,-0.0196858749201839,0.00918536374669057
1611,-0.00897959862230206,0.0027004806953151,0.0281522197743311,-0.021366717274349,0.00610415418668554,-0.00543910312220437,0.000206833659562666,-0.0100381910210152
1612,-0.0144537672587706,0.0112811832955201,0.012877616968686,0.00743580796195971,-0.00844734297986849,-0.00908934846103608,0.0208218977629202,0.00820154998138693
1614,-0.0225403027355169,0.0232333329629108,0.00267178582837865,0.0199296466938347,0.0185817868437426,0.0231607904797436,0.026562131640037,0.0151306194256994
1615,-0.0165107435996189,0.0257941406056564,0.0152353169373203,-0.00278366080403267,0.00173386576919815,-0.0123760197912813,-0.0143376904278669,0.00790266617203017
1616,-0.00569958626722308,-0.0073836304385694,0.0109859829511953,-0.0128880379768968,0.0105273627671776,0.000195561085280367,0.00493886006112847,0.00182774349112927
1617,-0.00263159167664509,-0.00650569384286113,0.00580843397713298,0.000158876440842882,0.00372854467213984,0.000295030658380878,-0.00320695539684282,-0.00459783687374253
1618,-0.0188480534599168,0.0106020452700836,-0.000649553029150267,-0.00373905577180943,-0.00291206578851189,-0.00340365237609486,-0.0346486339681108,0.00818506434772664
1619,-0.0287948379300573,0.0197864378434407,-0.0259776945642842,0.0261182508691554,0.00610665642474565,0.00397405307414588,-0.0206689957458618,0.00802812430163546
1620,-0.0177029245252683,-0.00433763955353482,0.00896965248814735,-0.035502620154109,0.00960629738331628,0.0100402275939532,-0.0169296967405141,0.0237735357229713
1621,-0.000880743471504277,-0.00146253224513087,-0.00193432387224946,0.00140229558060301,0.00162915201195474,-7.88298131073735e-05,-0.0031486848827774,0.00227835741193317
1622,-0.0179746525941581,-0.02942679757842,-0.0077760063132775,-0.00584110114351244,0.0239288877707412,0.00894116279770778,-0.0139601588438611,0.0179735651647809
1623,-0.0112386457514691,-0.0111539383826577,0.022121294930855,-0.00824991587872783,0.0112400383733187,-0.00685445357242389,-0.00994790139600791,0.0240497180274393
1624,-0.0178577043705433,0.0231572859822577,0.0228886059111408,-0.00197465857227353,-0.00956095435581397,0.000144423887305371,-0.0384790248829476,0.0414752572702801
1625,-0.00369994091791296,-0.00585364038515571,0.0107614205468197,-0.00222336627127872,0.00549118938297853,-0.00321580529747923,0.00929145289829693,0.00680200889964796
1626,-0.0165693698251771,-0.0231656359776626,-0.0010170956673377,0.0106321969688463,0.0219752813427003,0.0130188270861936,-0.00614914231243154,0.00506831940592932
1628,-0.00178587041457994,-0.00383846240261323,0.00435036271992062,-0.00500896976393885,0.00399180595786112,-0.00575691358338706,-0.0023267418066112,0.00732849537064471
1629,-0.0235818573523139,-0.00701955522911552,-0.00236855254712341,0.0130971326860845,0.0016797129595591,0.0262964250527895,-0.0171355394118555,-0.00469351234241179
1630,-0.00849205572245385,-0.00477563449472382,0.0201321304035197,-0.00679889822964736,0.00392079380480865,-0.00967091182804171,-0.0106771184877762,-0.00429090599735375
1631,-0.0186711051161553,0.0106324855226965,0.0173441090464953,-0.0126564397617083,0.0209014477874344,0.0320244472379799,-0.0132932174026822,0.00781330162354055
1632,-0.0176216996057504,0.023373291904113,0.0182783841008969,0.0156587296875029,-0.00678715840526293,-0.0022231791185074,-0.0100747491285315,0.00993408017388338
1633,-0.0148402100872776,0.00309149211867203,0.0242999919127885,-0.000258454679980204,0.0106634489381059,0.0150673526236241,-0.012701299493605,0.0119387577768195
1634,-0.0229210230612341,0.0191374832160635,-0.000789265432700018,-0.0119643923606111,0.0103386535236319,-0.0134056338456842,-0.039673623790053,0.0130577481136701
1635,-0.0158759218964492,0.00860966109810341,0.0164479632722584,0.0201286633228862,-0.0132815109216566,-0.000179984045635374,0.0303463772332573,0.0069407076476574
1636,-0.00516161375832892,-7.27771882745806e-05,0.0120047887806024,0.00359188741428668,0.00596788089795647,0.00654014442629861,-0.00680912703786603,0.000599099916094117
1637,-0.0109964873249697,-0.0328789628643853,0.00848433698957114,-0.0165681175259798,0.00219753893480712,-0.000403924099076052,-0.000204466925021994,0.0236476149455748
1638,-0.0207613259085717,-0.0073246629316018,-3.85046945378462e-05,0.0220198348032459,0.0205034842312588,0.0235668178299072,-0.0173092858800521,0.0154186625820859
1639,-0.00694141633425006,-0.0160726198690733,0.0161240759851988,-0.00507597396680663,0.0141664231358267,-0.00527239810790729,0.00292076860430637,0.000291311022202759
1640,-0.0124131452506209,-0.0137116364243497,0.0202147583798212,0.014234093551052,0.00767659462887152,-0.00484281791202492,0.00654827466386528,-0.00247384348154233
1641,-0.00775302285440254,-0.0130574870668479,0.00657862324763223,0.0118609730096714,0.0136715203671192,-0.00447052766533187,-0.00942173195949953,-0.00902785335448418
1642,-0.000193464057599114,0.00153744323242427,-1.51457580793699e-05,0.000282755343668318,-8.71438231513701e-05,0.000847673769047886,0.00270074478550458,-0.00308423994942562
1643,-0.0127065356386905,-0.00948112799367483,0.0140490760042358,0.0130832884373015,0.0276110607817457,0.00345666425948765,-0.00230456844630193,0.00694766068385826
1644,-0.00457125660643161,-0.00243844301319932,0.0109173523815898,0.00264269797938475,0.0100037760988002,0.00286174578115081,0.00104703143571254,0.00299597903662947
1646,-0.0166800597466322,0.0017146177794212,0.0176903551188081,0.0351753272195915,0.0179219620728308,-0.000512370665913279,-0.000231546308203939,-0.0129673198549865
1647,-0.00525333726242916,-0.00287953254929514,0.0180224022333294,0.00105762892045481,-0.00231996928859111,-0.0071072218377638,0.00713365392899895,-0.00334959621519215
1648,-0.016875906851343,-0.000421944577111518,0.0138213260608616,-0.00628266915789616,0.0215543565580709,0.0247394802903923,-0.00553736093939495,0.0132248035539502
1649,-0.00871197068830224,0.00382449724248903,0.0279550616568467,-0.0119538983653182,0.00861821711657664,0.00297110327626797,-0.00942664231511012,0.00228449082717042
1650,-0.00561722770313656,-0.00053207908929238,0.0173288210908984,0.0038154340773084,-0.00805306320310838,-0.00685905936501767,-0.00252301329126793,-0.00648985901047906
1651,-0.0179512750768875,-0.0233217085689121,0.00235651976084976,-0.00729936297014333,0.036396165799149,0.0175910987197628,0.0224788751981635,0.0240923797227946
1652,-0.0105733547039579,-0.0177665196885858,0.014373092907084,0.00521048353705235,0.0107138997421246,-0.0072946939862475,-0.0120776801782049,0.00227822081501091
1653,-0.000506092786349381,0.000820760045086186,-0.000841907839251012,-0.00299022787698625,-0.00262345730371289,-0.00404212697356997,-0.00211067600748507,-0.00330353983824189
1654,-0.0158130861874742,0.0289259993132475,0.0118400957295142,-0.00901869801878109,-0.00569107284660975,-0.0366270093700397,0.0161867504717437,0.0169934440473944
1655,-0.000232044400098769,0.00156488997289516,-0.000929414627740956,0.00251106389796614,-0.000159695058298501,-0.00594066555502691,-0.000926033645250534,-0.00409996962699447
1656,-0.0159541431189865,0.0238013767837821,0.0243289044279285,-0.00120692209345318,-0.00661299602633933,-0.00715974758046337,-0.0254749194517563,0.0332905063989412
1657,-0.0256552688401912,-0.00394274300625087,-0.0192589430696865,0.0080515587470682,0.0178275049401524,0.0136246765948568,-0.00190434847085301,0.0334866910121119
1658,-0.0188192214632397,0.0192040511949451,0.0178514392741756,0.03056522180315,0.00725412025505839,0.000928083708603628,-0.0237292190122382,-0.00662595213477951
1659,-0.0154605213561284,-0.0199197897503194,0.00960553407637895,0.0013504655279842,0.0295840629783627,0.0149398764897882,0.0103416338500672,-0.00490538373069449
1660,-0.0107440401128426,0.00684366919562374,0.0259503205703354,0.0145776710192526,-0.00659681263016919,-0.0015784071267084,0.00911580000207168,-0.00202875340793622
1661,-0.00986848225217012,0.00548613234315834,0.0254574263301708,0.0111212184797988,0.00225414223810506,0.00347827612078158,-0.00500333392637994,0.00918008901096301
1662,-0.0178530670187282,-0.0110755108725282,0.0120473998184881,0.000704692875239409,0.0195822867992099,0.0227585562781192,-0.0164428217639764,-0.000591970629897138
1663,-0.0133335300612277,-0.00706616124384468,0.0182341506994666,-0.00213252943694393,0.0102832305530311,-0.000256252735143221,-0.0239646153462363,0.0145269255481689
1664,-0.00035076471524542,0.000825318036942824,-0.00134984980013431,0.00157021720969627,0.00423887797253902,-0.00506082831955923,0.000256773127196013,-0.00170313756445988
1665,-0.000223152683448103,0.000488597759142074,0.000854912648677061,0.00412408260290817,-0.00298195008131199,-0.000912564574071546,0.00659581240123277,-0.00152095324167452
1666,-0.0103825755419059,-0.0291091035531657,0.00978562874001518,-0.00283517024206118,0.0180513235769631,-0.0123281934580019,-0.00833407275464822,0.00632314016069363
1667,-0.0223789094184336,-0.00119621793081534,0.00330803512047506,-0.00191758343839157,0.0242730984660203,0.0294823917046809,0.00284948403463283,0.026077579383043
1668,-0.00700909760869475,-0.016436078101348,0.00978919697455903,-0.00667164522178098,0.0143688993217992,0.000192932682831654,-0.000445525777633873,-0.00290962567843643
1669,-0.0165363713757638,0.00229397426985218,0.0135749429938111,0.0100214128369917,-0.0184793387813766,-0.00984878649672399,0.0329161206581236,0.00498143543159737
1670,-0.00221277968275583,0.00360135658382885,0.0086822910049252,-0.00215034245789616,-0.00646536927391744,0.000149248567017107,-0.00593427956985157,0.00337266744113903
1671,-0.00480328957066558,-0.0110827826261145,0.010712858262351,0.00366748361885657,0.000915000917760291,-0.0052679108015105,-0.00141764754254465,3.56349577476476e-05
1672,-0.00114474547675458,-0.0034557948167742,0.00270429171638498,-0.00175832590747691,0.000138377840769956,-0.00292911183427714,0.00139163163591095,-0.00216007432214365
1673,-0.00057179293304131,-0.000114668873904921,0.0020498147910935,0.000593120157678023,0.000449526278612573,-0.00158141193802772,0.000553590361789291,0.00549542027401417
1674,-0.00403163900898033,-0.00573340160709905,0.00760153230655945,-0.0100972580533597,0.00273301131083945,0.00273102889696223,0.00594190573886725,-0.00544724761710527
1675,-0.0105924616767331,0.00368804711357935,0.0249913451236179,0.0163645580282102,0.0203621765573779,0.014344176883321,0.0135269585643267,-0.0100236266681589
1676,-0.0102741081189029,0.0094217757102326,0.0291473126027831,0.00891084486625895,0.0129550909728455,0.00400247598368704,0.00546628135750481,-0.00328260138952952
1677,-0.0118817613245953,-0.020601953508053,0.0113552169737104,-0.00974856928252049,0.021007447224851,0.0059691447852384,-0.00305805940671813,-0.0111715734235856
1678,-0.00861677949905736,-0.0181488245334213,0.0113067674089789,-0.0083605152117932,0.00580779951701622,0.000848986434448885,0.00252782050276268,0.00719355595411018
1679,-0.0169289534147876,0.0112348604305132,0.0211209957284336,-0.00668367789730555,0.000127221678942197,0.00158314355664179,0.0276936990976008,0.0583924310275842
1680,-0.00767013643836447,-0.0301485177425522,-0.000779624374109152,-0.0149118859951071,0.0165063345550993,-0.00473154337698556,-0.00449735159387638,0.0187477813311689
1681,-0.0103239447135909,-0.0275607149551745,0.0107844627861038,-0.00405070627294032,0.0166305766080492,-0.00806948017379493,-0.00457671936695257,0.00602844731922361
1682,-0.00140342195578355,-0.00374213759592581,0.000676184944791515,-0.00630062676209007,0.0048939689675546,-0.00672956089756154,0.0011294063635167,-0.00113132091202523
1683,-0.0101466470137918,0.014136939114746,0.02036869432686,-0.0229231967491159,-0.00203844971304304,-0.019669536439004,-0.0186932479211434,-0.00646744392273934
1684,-0.0114101924339795,0.0207145271141792,0.022978041715481,0.0075948014572064,-0.00257277181294396,-0.00236663770462923,0.00288566225726963,0.0170650846302197
1685,-0.00463796717893877,-0.00436493307477537,0.0116857134581037,-0.00530424490886236,0.0134014871491948,0.00118080122201534,0.0111074852119859,0.00757399702401192
1686,-0.012131164692075,-0.0338953129743645,0.000958689709346035,-0.00398883465214622,0.0184414040461863,-0.00202837206432602,0.00300105275657481,0.00591292405076177
1687,-0.0153263532411302,0.0182764347291451,0.0253970964739057,-0.0231539057900171,0.0150154068533131,0.000244082398471241,0.00433431027976141,0.0381519940678019
1688,-0.00784716938333375,0.00664504944264252,0.0259451204903781,-0.00293213163206603,-0.00305614156195108,-0.0125394134255725,-0.00280308290776502,0.00929303838166945
1689,-0.000775969062112971,-0.0030936610303442,0.00103808081963559,-0.0025400764156961,-0.00119097831286909,0.000146074816834349,-0.00127010750305537,0.000676238100135444
1690,-0.00851229291103279,0.0069899102331682,0.0291632374792937,-0.00843669299434184,0.00313003093087025,-0.00882226190033278,-0.00893416187531664,0.00853700558013764
1691,-0.015910672068735,-0.0116943172582896,0.0127100556140014,0.0215645929975318,0.0256156186153202,0.00277736961605567,0.00213795240611165,-0.00273507972993415
1692,-0.00313909424014544,-0.00764511323923504,0.00813570842597385,-0.000773181923381186,0.00123753796540227,-0.00826906199140864,0.00627250492928559,0.00926974506171056
1693,-0.00280544280847837,-0.00583865721764778,0.00860216120849581,-7.43135664534886e-05,0.00297881261105271,-0.00593615522461321,0.00148413362148343,0.00239101946313352
1694,-0.0227852746073063,0.00943952416300896,0.00323693600908512,0.034775830392038,0.00938174958123422,0.00652913660618777,-0.0297399399885535,0.0123445637357436
1695,-0.0086544500302971,-0.00973346467474641,0.0108144233053178,0.0099120756979549,0.00578999563115019,-0.00606241380288534,0.0075086026305545,0.0143060635917258
1696,-0.0165584640592614,-0.0199895144359201,0.00321466255532972,0.00672777563822149,0.0394038262909772,0.00277290757250304,0.0196678695833559,0.00344123554554441
1697,-0.0212968840479322,0.0277525691843071,0.0025085825609195,0.00171585263561609,-0.00568907976458904,-0.0372107763939216,-0.016034712785066,0.00379058467585215
1698,-0.00170939778653944,-0.00127951598279721,0.00461448147372192,0.00362803207968593,-0.00295747215897337,-0.00559823373283912,0.00127841699690608,-0.00256238604659355
1699,-0.00282947164017313,0.00735877207981646,0.0112947325181471,0.0016270555414351,0.00531428377168114,-0.0017134225882485,-0.00223909765457179,-0.000920997759561043
1700,-0.00882218617124338,-0.0187016301049005,0.00530336597690316,0.0101827372422608,0.0327840237046635,-0.0176569645085585,-0.000566490839272793,-0.0103070944963075
1701,-0.00804929205769021,-0.0127975060686195,0.0123380084458696,0.00996399345327566,0.0207410150726901,0.00293584820151747,-0.0197757533407914,-0.00258679234877012
1702,-0.0109904006708628,0.0120605647675137,0.0253414470466823,0.00885180745126612,-0.00112124915696632,-0.00762488253975689,0.0349736586983141,-0.00578793179505544
1703,-0.0139371599002099,0.0264044104955123,0.0194715519074658,-0.0083766228682813,-0.00995493708389964,-0.0459962689100616,-0.00228729285447243,0.0292238040431123
1704,-0.0228793604032438,-0.00113324246130956,-0.0129562170640243,0.00890713591187127,0.0240497538131233,0.00249336851406834,0.00562260689894569,0.0271504123845353
1705,-0.0179327204759712,-0.000216834562449818,0.00254643993620119,-0.030828944424535,0.0472421172564609,0.0404985660926389,0.0210351410751523,0.00418098338829279
1706,-0.0237296546515322,-0.00703110003261494,-0.0219266343610288,0.00867275222068914,0.0328557601538826,0.00279811999938609,0.0179510344193652,-0.0178314515772326
1707,-0.00248786265716847,0.0014867807767315,0.0114296759785957,-0.00175078667855514,0.00364692176366886,-0.00539360244492798,-0.00172312229644282,-0.00933614300793001
1708,-0.00881057785568545,0.0136167709823333,0.0251815617509267,-0.00231190909679139,0.019598897909128,0.0198945117134062,0.0131004972043599,0.0121768473727782
1709,-0.015543890595189,0.0142626691864457,0.0197607274108765,0.0530015896043772,0.00697787104406355,0.0117429957984357,-0.0130637343535859,-0.00965452695289511
1710,-0.0122087158460254,-0.0264043927779522,0.0101860930282872,-0.0159237907482282,0.0149649882080425,0.0115317478897203,-0.00616675891643148,0.0165196686800089
1711,-0.00081683175660649,-0.00133043722183382,0.000378912300781313,0.00195637803859804,0.0011698887765599,-0.00464502693529554,-0.00706421414933447,0.000408870782326328
1712,-0.00254707681545195,-0.0039872715659466,0.00689332262486722,-0.00580456996815103,0.00117106984358909,-0.00243816457247919,0.00124881880348784,-0.00244599229436491
1713,-0.0208592147210016,0.0179477689876234,0.00536649268994668,0.0218257928681805,0.00295144477159499,0.00179756044090125,-0.048739158442902,0.0171304069776203
1714,-0.00703180678676267,-0.0229800310828743,0.000209040190507427,0.00343319226495244,0.00775172096781104,-0.00827541009324941,-0.00490056490578691,0.0113840060816573
1715,-0.0176947811556655,0.0191210469057694,0.0152243892444182,0.0191863846195965,-0.00557158739299593,-0.000159931728072161,-0.0177043240888962,0.0082976299752595
1716,-0.018057476764881,0.0190296662745128,0.0168603380078353,0.0202657182548955,0.0284091029062596,0.020404485650761,0.0240832590393835,0.00259699894412398
1717,-0.0110202192519759,-0.0205001692376908,0.017039551074936,0.00541051009758721,0.00332693862413323,-0.0126799518796588,0.0014017789732253,0.00310288940854499
1718,-0.0165918842717031,-0.0246547382647708,0.00945757674987665,0.00812375482374779,0.0309792789347688,0.0109780382654541,-0.00550788802430789,-0.00444773336544939
1719,-0.00810811291400096,-0.0135241791432998,0.0191626531773814,0.00350468288796651,-0.00222971523994725,-0.00811407766183239,-0.017921419111408,0.0103025927957579
1720,-0.00466893328964896,-0.00516233824330556,0.00669230793151679,-0.00386503468849017,0.000479232627985573,-0.0102708903020666,-0.00198045484443544,0.00565717754756512
1721,-0.0146168535893485,-0.0322109025731544,-0.00909648485761623,0.0227773749157646,0.0277537489269663,-0.00578403023620459,-0.00530848664888806,0.0179199906060657
1722,-0.00151762564835665,-0.00573937977427811,-0.00638904788178344,-0.00133402701630325,0.00571676823647676,0.0047330054226088,0.00208868268933465,0.00520191195100471
1723,-0.0086597422539574,-0.0103474793550752,0.0165754147166477,0.00822599939011722,0.0303031989773155,-0.00331829025948897,-0.0044752313418308,-0.00649046548109398
1724,-0.00254459085976661,-0.00237556998500515,0.00833500754373573,0.00435905157788821,0.00588138268874449,-0.00273392221508891,0.0030119032700538,0.00520583799877861
1725,-0.0143971791960676,-0.0264666954687878,0.000347575614140906,-0.00454492057248868,0.0312970531429687,0.00662677492527354,0.00403670057774081,0.00778011570546006
1726,-0.00033211797316369,0.00030193487380435,0.00121589747277128,0.000163051631704504,0.00306903787845744,0.00145352330811128,-0.000175150505868651,0.000776987683867486
1727,-0.00872756549896309,-0.0200202736442282,0.00582744629213294,0.000700304469352785,0.0166253251880173,0.00577399504005658,0.00535506653837166,0.0070842119702421
1728,-0.0242886534329185,0.0175455376810806,0.000947165361866686,0.0307346932376377,-0.013224622192845,-0.00445313385753192,0.0293970706824245,-0.0025983397422566
1729,-0.000857689399561965,-0.000172003310857382,0.00307472218664024,0.000889680236517035,0.000674289417918861,-0.00237211790704157,0.000830385542683936,0.00824313041102126
1730,-0.0254575371906571,0.0261877353572133,-0.0173374780298466,-0.00420586239958089,0.0056807743517751,-0.0200304474025661,-0.00211398935489597,0.00826814869483927
1731,-0.0132964421792217,-0.0243954815531026,0.011562172508882,-0.00572559098098176,0.0178968805263663,0.00528873511452015,0.00604650375946153,0.02329203098681
1732,-0.0194053897772038,0.0293320710022699,-0.000844956556440987,0.0104957867927415,-3.18044834034079e-05,-0.0304324768112035,0.0121197242472245,-0.00881242673012522
1733,-0.0270063259042433,0.00480560130358213,-0.0293421053898474,-0.00812938144870928,0.0169490933254277,-0.00428372874226277,-0.0095443322766178,0.0489559385870673
1734,-0.0185088349581167,-0.0322394411269858,-0.0119486766389302,-0.00210529723671731,-0.0159181842651896,-0.0104901541722485,-0.00838193520531157,0.00296366063072057
1735,-0.024448005729947,-0.00913263210837909,-0.0206498064443666,0.0285418032484623,0.0101636348345665,0.0151859675439948,0.0119613581979051,-0.00282910561088104
1736,-0.00033457047864583,0.00128159344326405,4.08920477990994e-05,-0.00011819309795415,0.00256671247982,-0.00387536972515132,0.0019406001353763,-0.00247734986873284
1737,-0.0205312351242279,-0.0110595411807624,-0.0143739300293208,-0.0145944659109033,0.0395012963109134,0.026719922843669,0.00657257428777904,-0.00100148677442813
1738,-0.0205729648498581,0.0420818342439475,0.0108233991940171,0.0094597902733476,-0.0113409622490752,-0.0259822964200869,-0.0349436405790682,0.0161054702504346
1739,-0.0186223034275953,0.0344838291932821,0.0200621149888904,0.00733933272083338,-0.00229570551354868,0.00590405176749563,-0.00599042932721806,0.0466622027924772
1740,-0.0161310881148928,-0.00629717022852463,0.0170802936276006,0.0263446719727707,0.00132014546500305,-0.00344236642610478,0.0300806020697581,-0.00565474095365558
1741,-0.0161857087953197,0.0210267318853126,0.0211391441881337,-0.00824449888069904,0.0016647290982998,-0.0138475166288224,0.00638584526733484,0.00519241809389781
1742,-0.0254407983504514,0.00654608421199356,-0.0190702310846353,-0.0291650064268963,0.0341283215469921,0.0113789949016373,0.0247805762875983,0.0107287397569923
1743,-0.0123166555533595,-0.0234702835842108,0.0109667804054874,-0.00845746607864881,0.0241717654776524,0.0074140128689139,-0.008677726290393,-0.00236688577355781
1744,-0.0277749365534697,0.0254203026996764,-0.0203398706878848,-0.00433222554442645,0.0307939042771929,0.0372616600596754,-0.0127733940444956,-0.0192118825498807
1745,-0.0140889439356317,-0.0118639029964235,-0.00206186162293036,-0.0419992631213719,-0.00359998521549432,-0.0142539069175745,0.0417003831023591,-0.00333525997278762
1746,-0.0139436917760333,-0.0258135466047745,0.0231592497981575,0.00546136205208274,-0.0225933332131196,-0.014128871977019,-0.00418051723599477,0.00429930639730032
1747,-0.00977066719129814,-0.0206711214835857,0.0123552831948219,0.00934824686180256,-0.014551989486997,-0.0148548535607098,0.0102338615796094,0.00391748360516704
1748,-0.0243863906593677,-0.0180810951004075,-0.0115432898942558,-0.013196719681196,-0.0366583133505823,0.00718385019799698,-0.0134637307357302,0.00535668534192808
1749,-0.0102803389265296,-0.0154117105167784,0.0234276637756188,-0.0021777202451135,-0.0181875511370279,-0.0161135697984356,-0.0109509021849833,0.00703961712079279
1750,-0.0146151403064568,-0.0358262856690662,-0.000156242692726581,0.00426764812943374,-0.0213590726843558,-0.0154572956478133,0.000730159481285208,0.00419861919943737
1752,-0.0222675816893695,-0.0140256220057051,-0.00340349851659773,-0.00963272635013102,-0.0430846461368175,0.0108588911402811,-0.0132628902270623,-0.00602114119408885
1753,-0.0108357726446072,-0.0194237539952484,0.0185582726321233,0.00575734389054761,-0.0210733148111089,-0.020609312499981,0.00864530061942169,-0.00187176790266135
1754,-0.00642980305815042,-0.0191342329601026,0.00810176301838211,-0.00361853886994736,-0.00869564985504859,-0.0140426046770077,0.00666273215015553,0.00773018984460988
1755,-0.0158569304220106,-0.0347680024694863,0.00930285859322838,0.00364264454514857,-0.0139450171840436,-0.00078851544834648,0.0167679203961081,0.00964640716262724
1756,-0.0162211218026469,-0.0381849748170919,0.0037417724155477,0.0105405930109096,-0.032949320930658,-0.0170195931247833,-0.00598945119655777,-0.0122913092815839
1757,-0.0153878303967155,-0.03133653511693,0.009347964868948,0.00927744965284177,-0.0346878912709771,-0.0149150518329495,-0.0040791996759778,-0.000269841089871692
1758,-0.0139692204632845,-0.0201050276385017,0.0259419462642198,0.0165935036964639,-0.0277450055684291,-0.0117434365476585,0.00747802804972934,-0.00671230293524872
1759,-0.0165842620705292,-0.0382751018732184,-0.00250633741722886,-0.000309417010142796,-0.0158562954418922,-0.00321651785857737,-0.0119113602143895,-0.000786899126996075
1760,-0.0203856876506453,-0.0328077601819358,-0.00319227339709529,0.00155232878883081,-0.038015043782752,-0.00233095633330524,-0.0168813361573975,-0.00973333502196089
1761,-0.0156410411926228,-0.0338560761664901,0.00763858597320458,0.00832226672830596,-0.0157869823733488,-0.00891508266752223,-0.00542610393527281,0.0113699806456427
1762,-0.0183388885556869,-0.0324667014737415,-0.00393670221841875,-0.00267468913574404,-0.0241133475888248,-0.00328456657292883,0.0157897873047321,-0.00527094335363276
1763,-0.0179632069208681,-0.0345888335900001,0.00573429060140666,0.00678320994737148,-0.028294322319657,-0.00619072025761723,-0.0057460086818391,0.0040454776511191
1764,-0.0130974130366847,-0.0191882719474541,0.022901823917567,0.00148294909277875,-0.0106372522268171,-0.00671339103499239,-0.00446818601652575,-0.0133491760464771
1765,-0.0230976505135825,-0.0217614340873974,-0.0125312968831286,0.000945942630608616,-0.0372951757927666,0.00981565679766368,-0.0227267644883513,-0.022442957409357
1766,-0.0252221259371056,-0.0234895243532283,-0.0234184127086176,-0.00309428600739372,-0.025064998857767,0.0216564342797383,-0.0140989250314501,-0.0133831444688261
1767,-0.0196605604795062,-0.0308784894303546,-0.00576200644045155,0.0112473349954135,-0.0222395719590462,0.00546214138189691,-0.0206004602684267,-0.0108766647660948
1768,-0.0268808311931538,-0.00352355575352043,-0.0245766744481927,0.0287705454961628,-0.0272908272251339,-0.00586988731970585,0.0109644196242406,-0.0445252546568403
1769,-0.0190906607548388,-0.0321686980631526,-0.00221177384715313,0.00957491703989143,-0.0287219968279189,0.000806189934911067,0.0179583662135704,0.0116570017346197
1770,-0.0222114524552456,-0.0288224351722712,-0.00685704105553142,0.0125763104750498,-0.0309674951580658,0.00417546283357471,-0.00814772554350962,0.0145568686725231
1771,-0.0231040596941464,-0.0232279476453387,-0.0105265058412303,0.0099491279502821,-0.0331488690379952,0.0145956934992577,-0.0316013826405301,-0.00180709527394848
1772,-0.0200148197164819,-0.00978216134705704,0.00556223607108451,0.0281479131670172,-0.0385035572250003,0.00867538193183373,0.0130823236069691,-0.0255245746476654
1773,-0.0245766825086872,-0.0245281990064752,-0.0302159491177393,-0.00677616395966719,-0.0116311286660484,0.00294387884291314,-0.0258254430549072,-0.0307587241517418
1774,-0.0274555988825487,-0.000580152882262624,-0.0283700170557912,-0.0171853224614613,-0.0278987329458081,0.0175726588196624,-0.0361717224026734,0.00081446033625584
1775,-0.0273659034329268,0.0163999720762188,-0.0182183920167879,-0.0134107573098562,-0.0251048025686607,0.0437863023530712,-0.024086566130523,-0.00499494719726087
1776,-0.0230766106609178,-0.00847788167046395,-0.00677487226046922,0.0222183137394558,-0.0110232135065026,0.0345228177367214,-0.0164042087566316,-0.0296874088534754
1777,-0.0250856511568693,-0.0127728129936371,-0.0202423475314752,0.0216045404938496,-0.00856420036149278,0.0216375008438934,-0.000257916172948219,-0.0420038889272976
1778,-0.0245586090066502,-0.00659291850257493,-0.0208686013991459,0.0363695266101496,-0.0158139102752984,0.00912006012552017,-0.0123793933140493,-0.00893535484698512
1779,-0.0218812321044903,-0.00755321598175345,-0.00179764663013009,0.0354953335919799,-0.00301322682788719,0.0251492371142259,-0.0128579980092101,-0.0590416276365767
1780,-0.0248592679764029,0.0033108895673504,-0.0290530706606211,0.0339361728007139,-0.00647541564286021,-0.0343963066577771,-0.0221196027498769,-0.0320096659801405
1781,-0.0262721986415049,-0.0105297999069791,-0.0226078412877458,0.00737540485458945,-0.000653112568567644,0.0161073520421183,-0.014565314463873,-0.0127073083524368
1782,-0.0303707485290769,0.0219954321726655,-0.0341000004123768,0.0187885526935993,0.00176209376724612,-0.000112768312481589,-0.0200443169424008,-0.0304800978692355
1783,-0.0245579082515871,-0.00293616669806908,-0.00739146118365962,0.0324237582274883,-0.0194071396665052,0.0242249584194088,-0.0174125747458421,-0.0243264709063187
1784,-0.0224233980215488,-0.0236269612929571,-0.0113459892285957,-0.00260907060153548,-0.00410638274681483,0.036744954749277,0.0178341272174109,0.0130506544720999
1785,-0.0198184866048642,-0.0298703277541531,-0.00875959151353468,-0.0031733160173246,-0.0266833211336568,-0.00522544904533443,-0.0231866994632913,-0.00560432051241398
1786,-0.0251490205787438,-0.00169778896856155,-0.0330769007268159,-0.0339415888981384,0.0144521228742031,0.00668240603912244,0.0212936582212122,0.00690981336481453
1787,-0.0171476947858143,-0.0261714258350275,-0.000844867705948868,0.00149454396664792,0.0296066848149492,0.0306680629287886,0.0282203704991997,0.0273200297089051
1788,-0.0236144329551516,0.0188187321065159,-0.00478083469040598,-0.00458752393628508,0.00467815592034721,-0.00349109785806816,0.061392957936461,-0.0204989532733873
1789,-0.028620326969657,0.0249776480596396,-0.0244833241839907,0.00532214055121064,0.0193685771708692,0.0143698874314216,0.0122743460208523,-0.0408294261456328
1790,-0.0129162172812486,0.0112940701398049,0.0126896373207443,-0.0283087251849499,0.016446719583655,-0.0138859515121824,0.00328498633002456,-0.0340179296460353
1791,-0.0138566171521415,0.0122504962022711,0.0139438693614417,-0.0363882091506155,0.0166608572321704,-0.00714017859810873,0.00957751164631221,-0.0322247726063137
1792,-0.0120143456056968,0.0116587012503208,0.0130952836630353,-0.0308488201087916,0.00651036946336037,-0.0161030820798381,0.00584286546788763,-0.0254265012831126
1793,-0.0103771783955832,0.00727890306125181,0.0138170388507304,-0.0298360722343889,0.0100352932009955,-0.0127440869208719,0.00786980123925129,-0.0275839737603089
1794,-0.0110777698921861,0.0148178897088462,0.0174555963818282,-0.0299235147572065,0.0129307727966494,-0.0164695087350415,-0.00394654071705281,-0.0241530764771765
1795,-0.0156987400522829,0.0108266823482729,0.0209930816997224,-0.0322066171306217,0.000607769643348284,0.00843256644785515,-0.0225493880448259,-0.0566860394870049
1796,-0.0106834758092515,0.0125992331888764,0.0249554671019541,-0.0247449731933179,0.00445151599999187,0.00812786854604761,-0.0102622418279877,-0.0536614831150585
1797,-0.00980281428999578,0.00783882199364814,0.0184861491138103,-0.0282546364845437,0.0129408085347158,-0.00668308061308199,-0.00497740188037372,-0.0356164761019883
1798,-0.0107067937172791,0.0159717709746227,0.0206238754990393,-0.0344933162011543,0.00928146488398226,0.000330461997475217,-0.00131344606052872,-0.0316797104346656
1799,-0.00813693238786027,0.0102245705948418,0.0228099561576383,-0.0287176214528926,0.00902411985333182,0.00514582192508321,-0.00382087955149768,-0.0327765000746907
1800,-0.00832555589059345,0.00988493510392366,0.0229936863047967,-0.0342113380448594,0.0102475461042115,0.00776800056306515,0.00714082989928101,-0.033051556382891
1801,-0.00768423201236085,0.0109385312958541,0.0233057792885162,-0.0280350939187401,0.00813513457964063,0.00804434609188242,0.00276881700354126,-0.0328863683657846
1802,-0.00675722209821604,0.00910027895384232,0.0207186069765106,-0.0261469445962136,0.00814307518683106,0.00127380768384247,0.00341160612338311,-0.0206600705840776
1803,-0.0226358466184525,0.00619112962590807,-0.00432667889887324,-0.0483772466611173,-0.00648644533487405,-0.00442976945038296,-0.00361138586915744,-0.067726697710311
1804,-0.0125786454700505,0.0112594671198023,0.026414264676525,-0.0319371630891064,-0.00239027668688051,0.0116572459902776,-0.00945220228309923,-0.0499199234230603
1805,-0.0080998889177111,-0.00446252827223586,0.0182020226207242,-0.0245195356069995,-0.00816380205048006,-0.0103776490280376,-0.00594815035100042,-0.0297736823876887
1806,-0.00952742332789159,0.0136250378620242,0.0260727042893236,-0.0310335345919264,0.00953078145537323,-0.00204378215207175,-0.00948921804207577,-0.036690258736881
1807,-0.00981421769773058,0.0132834919582394,0.0196893806893729,-0.0289156843136514,0.0152211332323504,-0.00762784658695703,-0.00812084602893329,-0.032587328450674
1808,-0.00932091433023921,0.00429239918336592,0.0228436080086713,-0.0240760503999657,0.00336083268122439,-0.00139992825562825,-0.00887535181049906,-0.0345606725502421
1809,-0.00728080774419971,-0.00390963865602551,0.0201512848366393,-0.0197654306419389,0.00447820122622172,0.00013471647668964,0.0026647525173464,-0.026478409623657
1810,-0.00308016741014337,-0.00262848390676472,0.0106682788521543,-0.0101229317692761,-0.00137567094639143,-0.00381004971731973,-0.00486638175231963,-0.00743817702341787
1811,-0.00311920598708491,-0.00284024653928867,0.00940946924341586,-0.0127243012973812,0.00337430848719846,-0.00764866171705454,-0.00283100763731024,-0.00874559618025068
1812,-0.01266402713664,0.00968179973311862,0.0242488039665437,-0.0362807875945839,0.00707897811045908,-0.00449047105995833,-0.000544998402145264,-0.0483992973462181
1813,-0.00873865673852521,0.0114092106615486,0.0233554891320775,-0.0255316927150588,0.0133003674014522,-0.0129467800356533,-0.00596631951948025,-0.0381845891301797
1814,-0.00699063947281065,0.011367361593445,0.0229783530283912,-0.0231202414801858,0.0114176800721588,-0.016461632990545,-0.00215644875955303,-0.0253484361581084
1815,-0.0243985732402636,0.0134064618824254,-0.00847448492399871,-0.0287415329528414,-0.0167503912380152,0.00916914748821534,-0.0103171597763481,-0.051972360228041
1816,-0.0115588671306589,0.0143806803651176,0.0231469067156125,-0.0222124843396004,0.00157326717787735,-0.00186939444302528,-0.000315466849939703,-0.0232996331232413
1817,-0.00753783302876435,0.0100863443343337,0.0222905374188179,-0.0115965154480299,-0.00162763036484579,0.00424726615853715,0.00622807621736225,-0.0253826342813484
1818,-0.0265130331632364,0.00628004450832778,-0.0207486205984066,-0.0455786618452949,-0.0103913170421295,0.00913199637102625,-0.0403176661894873,-0.0655045996452232
1819,-0.00771508005331295,-0.000105973934330372,0.0168323450027189,-0.0155019039265682,0.00310172895612239,0.00102527623080444,-0.00838071985446591,-0.0262698417628497
1820,-0.0131457430030521,0.00800476073718244,0.0224585433061505,-0.0276678137566215,0.0161313207916734,0.00308991789850394,-0.00585104584134074,-0.0228127781759439
1821,-0.0274374154503923,0.0293635270551836,-0.0126389806572195,-0.00110983932666529,-0.0258965532086158,0.0148049334892159,-0.0187773363515113,0.0278143476332943
1822,-0.0241925058642263,0.0305976043000301,-0.00499686288922017,0.00475842167651641,-0.0179778371649213,0.0174220615697475,-0.0103598426336615,0.037191792977482
1823,-0.0204070758215922,0.0317349215583227,0.0102052166650227,0.00960997279989747,-0.00841545962087204,0.00405845617410165,-0.0121027009949242,0.0546721032023003
1824,-0.020960418898918,0.0186209762207283,0.0011212601655559,-0.028980571679139,-0.00635105167156908,0.0070895936861534,0.0202719310027576,-0.0296976524256789
1825,-0.0144102207592712,0.0172975889525944,0.0188027704453006,-0.0227403098783128,0.0107117617427751,-0.00900268964962636,0.0310927402977306,-0.00443786592662302
1826,-0.0230139420804294,0.0252091128997057,-0.00142453283759486,0.00524651820627918,0.00897378631919645,0.0286854981212305,0.0523646277293194,-0.0277934933619147
1827,-0.0238728607474407,0.0267955569684637,-0.00257295595679934,0.0169098822808951,-0.0149697465450265,-0.0188893031331141,0.00666119686946405,0.0541247185976926
1828,-0.0115289857071661,-0.00578233071524886,0.0135189509025209,0.00261295185608149,0.0237986162323928,0.00431364766257361,0.00997932257137517,0.00395909050937561
1829,-0.00494441001132192,-0.00758224688782501,0.0100574482540052,-0.0107546993801102,0.0100930713486487,-0.00429901242474966,-0.00269516982696273,-0.00847638012284464
1830,-0.0222370264824195,0.0092602066649973,-0.00603444030049557,-0.0368535387945581,-0.0268470464910904,0.0065806216419467,-0.0123597128801364,-0.00712762793859609
1831,-0.0241611628218908,-0.0192627149571873,-0.0271000186522526,-0.0311183659677579,-0.0176181785628238,-0.0165358256157686,0.0260059144550695,0.00173952518018473
1832,-0.023476827946631,0.0282234829869192,-0.00585406608206111,-0.00241625227019251,-0.0147026727472554,-0.0010052125358083,0.0242964635309646,0.00272106329018814
1833,-0.0221755580116014,0.0261516213805959,-0.00255718693861794,0.00267804981136084,-0.0157602746025044,-0.0148958101192753,0.038112222840753,0.0176565946992687
1834,-0.0238844902798301,0.0229903886001532,-0.01237063641891,-0.00327717179908917,-0.0176185217827135,-0.0153007130013055,-0.0167407755284713,-0.0567773527381195
1835,-0.016147725510815,-0.00609848557210922,0.0202889427978697,0.0136688229184179,-0.0131643856144813,0.00463490983951738,0.04051735417591,-0.019021593490232
1836,-0.0208016773123653,0.00574601941508297,0.00687977609995438,-0.00257452515425149,-0.0357085754408553,-0.0136831987917495,0.0236128240595592,-0.0100268120580548
1837,-0.012333095866959,0.00515323964929868,0.0258910906946703,0.00828976694238775,-0.0179877737965088,0.00385202358438825,0.0139380738248478,-0.00467624095232512
1838,-0.0151183416213174,0.00561601990843531,0.017114345077951,0.00791678400932253,-0.0227967793194895,-0.00902928253047647,0.0366418086484791,-0.0150654393880276
1839,-0.0241119480397316,-0.00569422415678769,-0.00537148363909011,0.0138298408615916,-0.0328537298606698,-0.00483309868946648,0.019868434161243,-0.0469969086440653
1840,-0.0302305752339569,-0.00333568768777819,-0.034691995930001,-0.0213730568275779,-0.0290296934842174,0.00573251099362152,0.00450453399143161,0.0301908744063123
1841,-0.0271212109246749,-0.00127924832417878,-0.0265296930335885,0.00842957070037595,0.00723404744297796,0.00373650766843852,-0.00841625247923753,-0.0213578539436356
1842,-0.0233582028770993,0.0277762265583003,-0.0123348346458714,-0.0287304237220687,0.00852479134364516,-0.0187755607343714,0.00603820527505161,-0.00631611673469646
1843,-0.019654881300176,-0.0207863100254148,-0.00704717223689437,-0.0251651176307057,0.00546761596948719,0.0149084687785835,0.00785729742766606,0.0124627734009153
1844,-0.0243532330340031,0.0251998625097107,-0.0158289487370824,0.00326948397571228,0.00488745287389254,-9.75154442948303e-05,-0.0462877523659121,0.0104343655308677
1845,-0.0176370713715758,-0.0162479296514866,0.0022723095702424,0.000661344730892815,0.00585435534997907,0.000629085799264123,-0.00946365321331337,0.00254399897882984
1846,-0.0194975010832645,-0.0117861494338729,-0.00621565545179932,0.00270028718204956,0.020976209638367,0.00504288830805697,-0.0106882678017424,-0.0239333984209768
1847,-0.0125720072545099,0.0138798883296132,0.0270542727436733,-0.00520618460292136,0.0184044858062543,-0.0164437843829742,-0.0110230524963078,-0.0221492082592219
1848,-0.0115635169654071,0.0056418795478759,0.0225864674766447,-0.00905275846281245,0.0133505064966715,0.0140560286324842,0.0152431735656135,0.0130513544322459
1849,-0.0325022696771833,0.0292064223611367,-0.0418080763291976,-0.00190819478346462,-0.00598611984533701,-0.011418610999003,-0.0570842745015772,0.00376772148915909
1850,-0.0159378435755056,-0.0129452844826449,0.0151908363455127,0.0190229180980739,0.0263626752722836,-0.0236482512994444,0.0103365866594445,-0.0108669719534843
1851,-0.00910070424403943,-0.00566432895666553,0.0241216289461595,0.0134621949197037,-0.0140886330975743,-0.00997772556771069,0.0212213186274813,-0.0110122156831777
1852,-0.0106101874493451,-0.00808793139631268,0.0263873181224165,0.00793534189376837,-0.0130831626815193,-0.00725732369798233,0.0162155040437738,-0.00417076640453413
1853,-0.0188895094946855,0.0132493538910664,0.013484012203512,-0.0114350972340844,-0.00654937013413376,0.00706158034873902,0.0278826402186462,2.39691313423477e-05
1854,-0.0164977116576829,0.013567003559386,0.0138892336370082,-0.0124415488077487,-0.00144242152572476,0.0097849092108763,0.00594310191722132,-0.0121154187716656
1855,-0.0109717083802674,-0.00887570882917118,0.0297794842107569,0.00595497545190003,-0.0133432857326197,-0.0063840246512433,0.0185193941713712,-0.0033332404426579
1856,-0.00994264088133363,0.00590163936543788,0.0270595212268682,0.00555830252238455,-0.00557959361943255,-0.00224659180455076,0.00487540265022275,-0.00353435859788812
1857,-0.0141486354962665,-0.00502102199916563,0.0187620296611451,0.00818352038697332,-0.00768467320931031,-0.0245778268423918,0.0358748989775748,-0.014836506139716
1858,-0.0161013431195564,0.0185984673115197,0.0100993363120847,0.000117473041982335,-0.00862656057491029,-0.0149418457020252,0.0520252153221709,-0.0188031195823301
1859,-0.00018400919044854,-0.000717252865987112,0.000314129106641564,0.000510949822238389,0.000799457168047522,-0.000265209965716384,-0.000769451674137132,-0.000122600973045624
1860,-0.0140712878335301,0.00115561391537885,0.0252606853403886,0.00922673848380294,-0.0188025674927202,0.00621693766647343,0.0184124160203127,-0.00926075209985241
1861,-0.0155955489425883,0.0181631122112461,0.00570197641401895,0.00023420243040191,0.00517244089541311,0.0046600960418064,0.0286699970731667,-0.00427619165446729
1862,-0.012778707693287,0.0190260197092598,0.0295725123277954,0.0209936601347662,-0.00559987395996909,0.00123060865510301,0.0257719842397406,-0.00382522602559692
1863,-0.0168661175896216,-0.00100229555365744,0.0185758164627216,-0.00154883860610777,-0.0274648788685177,-0.00348523361705315,0.0239511094949365,-0.0160328377544478
1864,-0.00971739690687416,-0.00662259494734397,0.0239535102672403,0.000768136961766725,0.000216684021596265,-0.00151916732932454,0.00498977939054781,-0.000569392816220756
1865,-0.0132426018034186,0.00391244335907846,0.03091206583265,0.0209645937271735,-0.0107609388024398,-0.000710389934986278,0.000763996980754315,0.00128860554557732
1866,-0.0224811824296074,0.0210461821621941,0.00304330589254711,0.00284719476466518,-0.0102700672906269,-0.014058966759612,0.0270484367000611,0.00135922518948778
1867,-0.006617034691792,-0.00590308195955567,0.0200735460942369,0.00319816569556788,-0.0104490903077995,-0.011126988929928,0.00662488110560119,-0.0106645595072871
1868,-0.0162590669310254,0.00121453633847007,0.0274708967879665,0.000197780986668557,-0.0162251483654851,0.00851199015692319,0.040595899216778,-0.0113856552378868
1869,-0.0110896448621192,-0.00873928780782792,0.0259516474817173,0.0131241513159077,-0.0174036840191397,-0.00816632305555665,0.0241962475900719,-0.00627547539297866
1870,-0.0111861458822559,0.00825926473444157,0.0327051981062432,0.00752098861409526,-0.0144903850214698,0.0108309147639094,0.0116880534135805,-0.0134758935775207
1871,-0.0117702619052971,0.00465153672178317,0.0264117264313748,0.00197758895307036,-0.0233831449531557,0.0167038200348604,0.0175280945449251,-0.00647526840105711
1872,-0.0139036623594618,0.00766875366642883,0.035146564747168,0.0110715330623622,-0.00162117363913898,-0.0175138430834902,0.0111416647233997,6.5046484658708e-06
1873,-0.0138172802524184,0.0158937230568215,0.0097555810994909,0.00170204388776965,-0.0162136541114048,-0.0322691597058434,0.0195449665629382,0.00148317431822158
1874,-0.0196089002105141,0.0167639330426225,0.0023127208591031,-0.00115224912684596,-0.0259584298505301,-0.0166092649946239,0.0238008552473856,-0.0139070600895514
1875,-0.0102035780480325,-0.00391142902033927,0.026041741373457,-0.00134689976648392,-0.016459300994983,0.00395255853011924,0.0093367747491369,-0.00500836535665364
1876,-0.00788671391736669,-0.00580416714993789,0.0159712817821291,0.00813040881491463,-0.0196771750346146,-0.0203606489143274,0.0141931204283166,-0.00186030540877436
1877,-0.0150228456899321,-0.00268337141081753,0.0265665485618634,0.00854245859305468,-0.0248223790008298,0.00352590215154927,0.0103136181592113,-0.00130873380501542
1878,-0.0240078909495744,0.0275628249471713,0.00188699099878828,0.00392395245211367,0.00184244614988912,0.00234025627074943,-0.0239543917772058,0.0382886795748409
1879,-0.0186315575719548,0.0112494919520354,0.0152072938988159,0.0334887603567027,-0.0112381558592841,0.00119694360939993,0.0209293553716101,-0.00389339014341092
1880,-0.0136811686157644,0.0139807330741624,0.02738008042832,-0.0127172779222922,0.0309696217651936,0.0219250904191052,0.0227407146091611,0.0061694042597362
1881,-0.00240680845419397,-0.00309138373817692,0.00116151607833938,-0.014697566486949,0.0101439769056692,-0.00113795386403225,0.0081042592751305,0.00162198662948516
1882,-0.0131631649935353,-0.0213414505875698,0.0105365290383153,0.026657185284796,0.0186073508025388,-0.0154911356111657,-0.00291587122955602,-0.00512923288615237
1883,-0.0029434809410037,-0.00435602863008216,0.00595402451923583,9.38809653957754e-05,0.0120469930859972,-0.010981328178301,-0.00667005627688403,0.0188372502215564
1884,-0.0265612126200652,-0.0106367198540051,-0.0295655783125089,-0.0055023752623121,0.0169260772726785,0.0345713127848005,0.0147431476600255,-0.00104782296106059
1885,-0.0215572650509172,-0.0154234940962311,-0.0145736471693125,0.0110074445762764,0.00294336372705939,0.0321200917715628,0.0264756150178722,0.00181636853063469
1886,-0.016983702791875,-0.0415140176675239,-0.0110597584050741,-0.0205767176472809,-0.0215093959803357,-0.0234573637123169,-0.0118060461641235,0.0232594943293197
1887,-0.0256528136898504,-0.00646870542940399,-0.0222791097574507,0.0211137147282909,-0.0311146977675682,0.00670319393825501,-0.0347745695939761,-0.0293480613402886
1888,-0.0165548522860148,-0.041260792859022,-0.0106225250379328,-0.00136739410158241,0.00587823620262975,-0.00502795014382006,0.00095846254952847,-0.00949508581206234
1889,-0.0181324528482288,-0.0270069804717381,-0.000860960309373446,0.0299929487716846,-0.00809464614955229,0.000935530682904489,-0.0114724453989204,-0.0127336462695939
1890,-0.0234408644947339,-0.0148863049930717,-0.0200805986129957,0.0161143805539161,-0.0135893650983942,-0.0330303216644761,-0.024532204781279,-0.0299176746371846
1891,-0.0213886014369093,-0.00231164662495233,0.0103770746485998,0.0234799829012201,0.0161916325513318,0.0126304037350276,-0.019431309376679,-0.00426095042307161
1892,-0.0179374285881073,0.0156547759845477,0.00789811726881297,-0.0133502207908946,0.00179202418741288,0.000674480332305542,0.0180413118311589,0.00387243174295331
1893,-0.0161343341571699,-0.00923920478671085,0.00388541833119778,-0.0101217918355386,-0.00364774171638735,0.0396736059471902,-0.00538063345451952,0.000902103448080494
1894,-0.00686902051202288,-0.0231654527544141,0.00934968792329376,-0.00621200389907282,0.00316563614506729,-0.00383051572721682,-0.00229456273151852,0.00672013854189319
1895,-0.0147683921297762,-0.0380626120165835,-0.000215577135873093,-0.0026497762951763,-0.00386830332006427,-6.94772174470913e-05,-0.00378402580592782,0.0063517994007539
1896,-0.0242214368127079,-0.0107744502551028,-0.0255564072189002,-0.028706062923321,0.0173037344784511,0.0124464261419275,-0.0239129783541641,-0.0299836679021134
1897,-0.0178638403943216,-0.00158697508322359,0.0196477086393839,0.021735397284815,-0.0132923936424227,0.0052611132489597,0.0137068668638507,-0.00616953846124684
1898,-0.025118186696765,0.0055748456123201,-0.00631468659312111,0.0114659273802142,-0.0245643378196361,0.025424997177561,0.031855719829127,-0.0309272078324665
1899,-0.00590297223163738,-0.0108955880796827,0.0153214249977532,0.00282166023233873,-0.0126652163622507,-0.00808524039173789,-0.00272215309131756,0.0033127992093561
1900,-0.0248895896402535,0.00395178549646422,-0.00690813734503473,0.0203289180592852,-0.0339728301470189,0.00526922691499113,0.0346777523993855,-0.0330093664436609
1901,-0.0255102975240609,0.0124559933931646,-0.0146904704982485,0.0336813448590227,-0.0177873662485366,-0.00654177436299039,0.03108511263898,-0.047030773165294
1902,-0.0162579155211746,0.0233214339227185,0.0201928660479356,0.0222131014520412,-0.0152946421439536,-0.00145911080883267,0.0127246650325042,-0.00421616639184028
1903,-0.019983071886862,0.00260606563668833,0.0143381289539957,0.0229863110746363,-0.0094297032672528,0.0188724200562545,0.0459556649289443,-0.0132179545429154
1904,-0.0141356287828267,0.00871822635162853,0.0242215118709008,0.0387163666636437,-0.00554745447754273,-0.00249865138242315,0.0203080691228115,-0.00190531350329745
1905,-0.0239655041819437,0.00719195174141906,-0.00644321528952914,0.0188127302275536,-0.0289623401371907,-0.00915725715803013,0.0324704298936038,-0.0267228393303272
1906,-0.00930755369950457,-0.00437536987274733,0.0162399506106424,0.0077135340399196,-0.00852466765964754,-0.00571355135715057,0.00778833568651224,-0.0093569754708705
1907,-0.0233980848035904,0.00208938244216813,-0.00407349445875083,0.015338995114623,-0.0335031801026185,0.0157930971311837,0.0344546607787798,-0.035303353806493
1908,-0.0157250429788846,0.0040563381814685,0.00868944944373847,0.00725291243805698,-0.00879529071821447,0.00976899430996779,0.0384214272931687,-0.00772150274600812
1909,-0.0179317617308594,0.00604310367092053,0.0179031657974,0.0128553229257726,-0.0149420031994542,-0.0121211500344715,0.0397841182599592,0.000210983282712967
1910,-0.0193789237991764,0.00212000647691024,0.0125275574308814,0.0134650691989553,-0.024054193988506,0.0108225977775015,0.0437774399578944,-0.00969590897740934
1911,-0.0153985571017738,0.00852834721092009,0.0198351124202768,-0.000241362267524206,-0.00202165833045697,-0.0162002269604565,0.0442033198459971,-0.0186563457630276
1912,-0.0126050160877241,0.00772721503138423,0.0196918274008405,0.0106269832738843,-0.0108486807493639,-0.00290323786675546,0.0301920833974921,0.00313339694568712
1913,-0.0169261023680968,0.00612266407413617,0.00682519377501021,-0.00610110778285079,0.0100368411858212,-0.0190274047679099,0.0437739026937621,-0.0228910540704642
1914,-0.0209236450256515,0.0166108810272107,-0.00377608361557271,-0.00251245798710528,-0.0173035986530322,-0.0135931043174057,0.0267557289654429,0.0327423333590013
1915,-0.0133311393039584,-0.00293135940794844,0.0272478078706108,0.00755146900023097,-0.0167694180965404,0.00895420162290132,0.0211917220509646,-0.0144807703840759
1916,-0.023178959223333,0.00237931115264502,-0.000409943961812417,0.0173669147512584,-0.0268964692263456,0.00767754937256027,0.0345217405530686,-0.0363754281346367
1917,-0.0182077570902501,0.00110389706204753,0.0153109395026166,-0.0318471701184631,-0.0011057238120319,0.00831649037757319,0.00877106137412145,-0.0278443994109666
1918,-0.0122864952630947,-0.00819382355558377,0.0270923951002889,0.00795167249815801,-0.0248788918762033,-0.00540369133589293,0.0132571699594009,-0.00974896379783445
1919,-0.0196958672156154,-0.00607764888488365,0.0122602183943461,0.00896854548462051,-0.0434386345182644,0.00532466072960106,0.0200621688469504,-0.0258883421338444
1920,-0.0240713351325894,0.0115509991034999,-0.0128230310949018,0.0117220372934886,-0.0194700197681088,0.00383987469974826,0.0182286482333577,-0.0156882687910944
1921,-0.0071733023317564,-0.00874049015010737,0.0189516306152382,0.0045841113065587,-0.0195050320808798,-0.0183079135198442,-0.010374274259784,0.00616365925357269
1922,-0.0188080349503073,-0.0106249252171388,0.00791382945749596,0.00346737595027063,-0.0224929770155992,-0.0103683852172227,0.0410440006108896,-0.0151680166533897
1923,-0.00928430778573074,0.010822013426867,0.0312732299691253,0.00682462258214793,-0.00985695674281888,-0.00602538720905958,0.00858258238508444,0.00462909838543207
1924,-0.0123818119357816,-0.0172524950600344,0.0220120234619656,0.000747031847613751,0.00166889070662365,0.00632857217095817,-0.00632715107255517,-0.0186138758743286
1925,-0.0226953486407656,0.020967415076683,-0.0112299598216533,-0.0253224423952949,-0.0018696720445123,-0.000293728309544411,0.0534735005968119,-0.00168241174162923
1926,-0.0183094790277208,0.0085128191599547,0.0145156221157795,0.024489144947621,0.00865372672928257,0.00772272491407305,-0.00563337572828429,-0.00198222826554234
1927,-0.0127037968367671,0.0141239790188984,0.0226326157345548,-0.0293163915720445,0.0112653900855956,-0.0115792486582618,-0.00745757689411793,-0.0450942905904032
1928,-0.024895231704055,0.00457227974617457,-0.0131060266320334,0.0154666255273213,0.0100505415899049,0.0138835356893675,0.0373584173600421,0.0391840260039663
1929,-0.0236553299948157,0.00400997059713686,-0.00427195003232896,-0.0120793245472258,0.00559773439529565,0.0659121168436384,0.0169546025375073,-0.0108356467404601
1930,-0.0195936297292057,-0.00250430035622506,0.00192498361502917,-0.0107172041878988,-0.00139341018750836,0.0157602199219131,0.0169881932992036,0.0234541377216176
1931,-0.0181519828840224,0.000205140470749,0.0124075387214378,-0.00950163331935982,0.00224396620095555,0.0338005088044878,0.0378617257422129,-0.0134415319479369
1932,-0.020973283668748,-0.00297756383657686,0.000333589614976915,0.0256172019926336,0.0119861562444746,0.0132162126783254,-0.0208871653717139,-0.00880402255775183
1933,-0.00831572726851938,0.00388118182689806,0.0275542673999616,-0.0202708277492657,0.00323467173123668,-0.00968721228489785,-0.00900173652196946,-0.0237589178880669
1934,-0.0207527145303853,0.000612270685062268,0.0150580180110266,0.00854450941288773,-0.0022567696267045,0.0414725800807425,-0.0106907599779909,-0.0265815211664216
1935,-0.0252462662060218,0.0268224130974604,-0.00753371728613742,-0.0054189733642805,-0.0185409445026426,0.00864920225393039,-0.00483756671086268,0.0028912981241507
1936,-0.0212026142565751,0.0173514355928332,0.00295378136957775,-0.0217069626332205,-0.0144863725202058,0.0172008067453012,0.0107810823660703,0.00524297155070119
1937,-0.02279856032148,-0.000749908918572219,-0.00712041784681657,-0.0319405182728887,-0.0187454866549593,-0.00275430177511379,-7.24311989129662e-05,0.00683874657364984
1938,-0.0211173496889181,-0.00172511110684599,0.00208373167372404,-0.0346936400844836,-0.00870006709267457,0.023074792769371,-0.0111445148368187,-0.0331216417560812
1939,-0.010226196440663,0.0104264666075218,0.0264686691433147,-0.0220959659579594,0.0106750063263831,-0.00026497269438732,-0.0053944667792996,-0.0204332315328373
1940,-0.0157960750619435,0.0158383523965893,0.0231698732069185,-0.0204190436701425,0.00578025967739074,0.00266253099693756,-0.0136752784126802,-0.015652576704766
1941,-0.0130971759594482,0.0121665108154358,0.0248021842648267,-0.0242870260165671,0.000995787107305147,0.00638773476850791,-0.0200810075151066,-0.0473033584095491
1942,-0.0120314258165327,0.0154973389212493,0.024721418931393,-0.0229355282317016,0.00599027837937738,0.0159034455956453,-0.0115201204434362,-0.0548767371529655
1943,-0.0154859315164008,0.00846190920468682,0.022219490156976,0.00580262827009429,-0.0135079321185598,0.00414600220963081,0.0132594929718471,-0.0133171012647797
1944,-0.0212223646589716,0.0125704037793406,-0.00279208124101127,-0.00388138603365167,-0.000329640228507231,-0.0171729095983251,0.0448521086881013,0.0151538845256692
1945,-0.0224700964439228,0.0186026558537017,0.00431559517132415,0.0506526267633366,0.00149233021582571,-0.00976438481647498,0.017880673459535,0.0108887074772619
1946,-0.0172028561960858,0.0216103584504358,0.00976844539049842,0.00599840974551342,0.00185091215923699,-0.0174100623861517,-0.0274763809890529,0.0192081697198972
1947,-0.00265450808853091,-0.00587213414209738,0.00742975315316899,0.0063096274660791,0.0115130506705722,-0.00416401120503323,0.00111291349818575,0.000620913699259565
1948,-0.00773376629425705,-0.00965347961923382,0.0137528585984394,-0.00164044499449928,0.0232147830224183,0.0128318589780641,0.00870373526737817,0.0104073477107986
1949,-0.0027062594448179,-0.0144469616813719,-0.00387317021991002,-0.000438533192285365,0.014293954043674,-0.00160731132801628,-0.00246845665416587,0.00797092766741595
1950,-0.020920034151813,-0.027632194355757,-0.011491964573346,0.00153143392037771,-0.0124019180075035,0.0151831186236227,-0.00387177400371065,-0.00081057225819435
1951,-0.0110674579946529,-0.0285706890363407,0.0142622331782426,-0.00251861097351736,0.00420358880678225,-0.0112348868091956,0.00439425974190451,-8.21687721935119e-05
1952,-0.0211568830555771,-0.03485067726454,-0.0146635552991465,-0.000169694670571256,-0.00515173848095845,0.0101536404950104,-0.00865534449900255,-0.021793615787428
1953,-0.0213530687177284,0.0145507464243673,0.00334795656226196,0.0044040903326831,-0.0166693514832702,0.000998366829695614,0.0255797955398583,0.00359339801635783
1954,-0.0209340251622717,0.0181236914112869,0.0109003274547447,-0.00345045228223824,-0.00179129182716707,0.0432114846501259,0.0230674371271172,-0.0162679074411907
1955,-0.0169818660421424,0.00316209804246637,0.0193499290459986,0.00932754163290468,-0.0210151373352042,0.00890633853969447,0.0226443149982843,-0.0143299474860732
1956,-0.0185164817828597,0.00945196830200276,0.0153331760945898,0.00820193364576511,-0.0112139868333824,0.0140202423745423,0.0177102078780273,-0.00250450179483872
1957,-0.024625270569796,0.000323682830360941,-0.00570228891241837,0.0156327949487984,-0.023619701093242,0.0225833311792226,0.0300688052011142,-0.0323412608424131
1958,-0.0250705101136427,-0.00135300337293438,-0.0092557399371708,-0.00664723862098589,-0.00131703652295445,0.0271176630757871,0.0162421047658968,-0.0221839122299878
1959,-0.0237709941109139,0.00980051852602576,0.00605412023188746,-0.00751719095600323,0.00105961900644053,0.0201869930812749,0.0408289242698413,-0.0213459638517695
1960,-0.0243225516365644,0.0167930718901303,-0.00906923417981569,-0.0117714736147559,-0.00148011063861607,0.00209708201086074,0.0572193019797834,-0.0102040094908637
1961,-0.0200397279065666,0.00832628888301363,0.0149810667455757,0.0203105611597103,-0.0102325655525325,0.00595726109612964,0.026856347589226,-0.0334634835132301
1962,-0.0148322503218236,0.011375820120236,0.0229483479653664,0.0204487377162325,-0.0142564133253994,0.00268554745015294,0.0153233486644449,-0.0124259236952614
1963,-0.0200935823446392,0.0180102850634734,0.00860174108022864,-0.00560755890795922,0.00211037752545018,-0.00176381364305026,0.0360739539362658,-0.0217364067334133
1964,-0.024075991461272,0.00675887809617593,-0.00246914457022861,0.0158774339805349,0.00653406836516107,0.0362216767624628,0.0191273908833055,-0.03622031882114
1965,-0.0223689464555499,0.00916687457909206,-0.00511655299114621,0.0267733509193838,0.0102453035776988,0.0169800383885106,0.0280946114703581,-0.0354507100680609
1966,-0.0190315226582651,0.00899066608558869,0.00848834970010624,0.0216575827038295,-0.000446028105470336,0.0124958972732574,0.000112632525838681,-0.0282176185992991
1967,-0.0162998738480693,0.0220154829402325,0.00367651452254541,-0.0036516746176955,-0.00122775296236946,-0.0156423147238305,-0.010566047124784,-0.0130133399168445
1968,-0.0134247415800009,0.0051304577199514,0.0262947578272691,-0.0303686257505703,0.00119207568915698,0.00753771540379883,-0.00585774313512102,-0.0302942265832433
1969,-0.00855034030527081,0.00871742697796006,0.0254023318350883,-0.019907576987542,0.00115072554575755,0.00689989643811093,0.01292737197079,-0.0270820989770534
1970,-0.025340049306713,0.00328815849958129,-0.0136323851715861,0.0135062798912639,-0.0142856448802799,0.0199336025558468,0.0257715009410947,0.0106527392511994
1971,-0.016480189482501,0.00198004019572112,0.0150187289909326,0.0133500116304511,-0.0173309972495708,0.0338179469941803,0.0164235958909008,0.0163196429013459
1972,-0.00923620546677735,0.00523473641186511,0.0189858635572379,0.0201376356031917,-0.0122846815486925,-0.0123436604354928,0.0158688877510721,0.000473609747385701
1973,-0.0116473941999109,0.0116077501501896,0.0141864550405509,-0.00477182880483937,0.00360752543971363,-0.00671560032668325,0.009050520241842,0.00696489609663256
1974,-0.0137344770786022,0.0055890953281437,0.0185717486730958,0.0263559234511018,0.00882607616095571,-0.00952900925871412,-0.00872390445748079,-0.0168408672865844
1975,-0.01860702821158,-0.013788784261019,0.00181215037403542,9.21449936548465e-05,0.0308785899855627,0.0204485871770208,0.00920815512971584,-0.00461310336818753
1976,-0.00509708707013407,-0.00396912175527524,0.0197921179578825,0.0147341001129,0.00192887790285162,-0.00651623444093862,-0.000285370971677792,-0.00682942546716849
1977,-0.00744843838662827,-0.0139242291057589,0.015091619451111,0.00132610911196738,0.00952711253315106,-0.00803176717250757,-0.00262514289194004,0.0132489462515384
1978,-0.0051995016252896,-0.00823250206375494,0.00574497342557648,-0.0253134889868374,0.0048217848519533,-0.003800736246852,-0.0039064469528553,-0.00933995167638136
1979,-0.0183148023703988,-0.00871527496551487,-0.00309518395611181,-0.0445514963787423,0.0230894322156173,0.0035845383837152,-0.0152750918257478,-0.0233558335634501
1980,-0.0253174370026612,-0.00618196298158777,-0.030661582884933,-0.0348768273026539,0.0154927150460813,-0.0372041386026455,-0.024078986794602,-0.0470940051058997
1981,-0.0234007221682686,0.0185042489610252,-4.09840497203582e-05,-4.38588035569859e-05,-0.00534594582770476,-0.00947573299499197,0.051480680430526,-0.0441100948668223
1982,-0.0125205763173153,0.0127116840767542,0.0171468464600846,-0.00124592739250669,-0.0128934703656642,-0.00268383955114036,0.0317990419477022,-0.0109165639579192
1983,-0.0145148619515317,-0.00154418272689622,0.00894431153096994,-0.0153022746633003,-0.00113689638650305,-0.00338847917087319,0.0235113333795623,-0.00292559953825005
1984,-0.003238053735517,-0.00325713143525,0.00687299165204955,-0.0067844279214992,0.000704589176628087,-0.00536891114270308,-0.00157367385228016,0.00354119775131035
1985,-0.0143958138830437,-0.018082676628254,0.0160000640853119,-0.00359535821244128,0.0223545517898779,0.0214156557579078,-0.00814144850526044,-0.0272164923462409
1986,-0.0179225458939849,0.00380934634790101,0.0184876131025327,0.0243217287885324,0.0293813427516782,0.016443478862258,-0.0238177042583301,-0.0184298365578833
1987,-0.0215128283552779,0.031817688164622,0.00493553413807561,-0.0337479751707786,0.0181704996374546,-0.00114599457969652,-0.00490270578685976,0.0250293906116903
1988,-0.0139029641217626,-0.00136439740205099,0.0212683838693265,0.0309228841319784,0.00180408362293077,-0.0070833500091374,-0.00875803221085929,0.00308181604233472
1989,-0.0124657663247499,0.0155243459510407,0.027539704557313,0.00098462092577786,0.0195429915095455,0.0133736265769297,0.0159749644321199,0.00345603907850659
1990,-0.0125939967310255,0.0193229691439424,0.0196836822360609,-0.00976554319831607,0.011317034342056,0.0109386211638145,0.012403571559705,0.0383541863848562
1991,-0.0196113806499453,-0.0220176081305754,-0.00451865642571254,0.0329538205952063,0.0191559511804525,0.0069407167271732,0.00457586209756153,0.0228044470028853
1992,-0.00185516182022528,0.000516403791780419,0.0055742046217271,0.00881801565048179,0.000292054794738841,-0.00100457535245777,0.00350819357303388,-0.000540032643590851
1993,-0.0188244525170351,-0.0104389381181647,-0.0011960674800938,-0.0230919316831768,-0.0146624662741675,-0.000711333146112339,0.0391565051210953,-0.0068639989302235
1994,-0.0257997140880169,0.0138744373337129,-0.0239718591643608,-0.0171879285716191,0.00632152374073775,-0.00527593077935067,0.0479808272820084,-0.0219069934740675
1995,-0.00771677776428161,-0.0114994888233037,0.0178217552547483,0.0120116931020481,0.0153233242942137,-0.0169063650157055,-0.00462529705847375,0.0141190454018277
1996,-0.0203380658064948,-0.0226671388300727,-0.00376183686249935,-0.0088918453777678,-0.0104266493869274,0.00853472460374577,-0.00823590129373908,0.00427877549935565
1997,-0.0133608735766151,-0.0188832935313337,0.0190412917648391,-0.00042537629130291,-0.00750157202726374,0.00331842186892005,0.0041194062518202,-0.0013937292295303
1998,-0.0160045444403128,-0.022779499001237,0.0108026087074674,-0.0109042582855424,-0.00879490695477352,-0.00939802706137623,-0.00159005411451359,0.00726136956753206
1999,-0.010220072231199,-0.0168216270342836,0.0180687482883956,0.00253631148920886,-0.0186634421075231,-0.0135822992682775,-0.00526967171111108,0.0100448139661593
2000,-0.0124091835792545,-0.0174030736825907,0.0251768068601379,0.00146359803125098,-0.0147944287310633,-0.00584376730129904,-0.0142013816573744,0.0126161025990361
2001,-0.0163527255752808,-0.023414892344434,0.00444233283635202,1.5396688312979e-05,-0.0231365610274664,-0.01147192926071,-0.00994347811366737,0.0182813449138296
2002,-0.015035387275232,-0.0307528563951309,-0.000285070712958569,-0.0113643179914873,-0.0227501522787969,-0.0168133928074455,-0.01155578296084,0.00912315144894061
2003,-0.0190260995025542,-0.0253711068713495,0.00968408504638421,0.00299554109856007,-0.029519545873467,0.00604726568095059,-0.00192925523094471,0.0106684708989636
2004,-0.0173082383087456,-0.0233626641058354,0.00770260039941171,0.000951820134177851,-0.0219515584873983,-0.00650494468393244,0.00149589918368084,0.0162880711650552
2005,-0.00775842984737193,-0.0175756641971879,0.017313150034589,5.65117110179573e-05,-0.00574518849130024,-0.0150614741804839,0.000160446629037293,0.0150906759158704
2006,-0.0253774969315708,-0.0226553999259919,-0.0304310793163468,-0.0110784346342414,-0.0271658157897192,-0.0154609302919474,-0.0107516249662389,0.00589329579381078
2007,-0.00971163861697983,-0.0224494271780238,0.0174939056703273,0.00565408603895326,-0.0165740468784233,-0.015011487287368,-0.00891455965489578,0.011462659078529
2008,-0.0168080056522134,0.0182604737559761,0.00325473599268697,0.00420138947082461,0.0369683722746797,-0.0182102114232096,-0.0150905477947102,-0.0364870596460439
2009,-0.00913973623547856,-0.0131346515575233,0.0174232152369639,-0.0159176043045587,0.0090727442503206,-0.00147959662485519,0.0160256440347814,0.00583230441304675
2010,-0.011182618515856,-0.00686495413456959,0.0228183201293084,0.00474372497420964,0.00634439837891182,-0.00252739259081793,-0.0158830288441709,-0.015783103988437
2011,-0.0035126345298781,-0.00902023666574254,0.00653601282403731,0.000484252601539235,0.00203094973153918,-0.00480651425649555,0.00359453558995127,0.00694554368059181
2012,-0.00433603666872787,-0.0106746332548304,0.00981544372541681,0.00670127004925511,0.0136830224196837,-0.00841843687537603,0.00200218575542575,0.0115482167406716
2013,-0.0234776865358481,0.026900512626867,-0.00474664284303569,-0.0044358773298265,-0.00627999568708502,0.009654384747085,0.0383869581601811,-0.0105811500289484
2014,-0.0283595783446606,0.0189763883152189,-0.0199576543627475,-0.00375197474559891,-0.00847686007920421,0.018920697464129,-0.0169503802631745,0.0142201729750475
2015,-0.0138821944165444,0.0130816041221411,0.0276428678326207,-0.0110997111568952,0.0282828382377287,0.0314641939373739,0.00504079772343415,0.0132164647710005
2016,-0.00662828945912691,0.0101339642482813,0.02173978708031,-0.0153732800249064,0.000836492230609908,-0.00851580517954357,-0.00426422437886843,0.0277141596770627
2017,-0.00478840226530481,-0.00566156947232938,0.0108709911379149,0.0123892000126314,0.0111254658690541,-0.0092571951748142,-0.0117608634644688,0.0151302406037183
2018,-0.00113437610050339,-0.00076491140581323,0.000996331644017479,0.000527516178575381,0.00585086087852558,0.007429161185402,-0.000716037225725855,-0.0080247742064977
2019,-0.0029126521386059,-0.00466267440898133,0.00354540445998493,-0.00275948927541552,-0.00746217911324267,-0.0123545676778762,-0.00455533619852668,-0.000582627690315321
2020,-0.00699581883379669,-0.0185919963927358,0.0096633668291197,-0.00280867458002214,-0.0151383997714911,-0.0294173987865844,-0.00370082040231604,0.00258900816805013
2021,-0.0193598792544203,-0.0256170182341043,0.00634231455033381,-0.0132113434570891,-0.0305523867289319,-0.0020907885866055,-0.0185626135031313,0.00918172502956868
2022,-0.0210954569172814,-0.0370797069049425,-0.0111338933085743,-0.00425845124961188,-0.0304232322277894,-0.0171104360161324,0.00424032563284023,0.0114033335308814
2023,-0.0162120934909312,-0.0303681025411911,0.00882188038906491,-0.0105142038700934,-0.021827690207659,-0.0111853556646094,-0.00667483210257346,0.00395059623160844
2024,-0.011653612147229,-0.0243916903809659,0.0147899548595873,0.00339515298132842,-0.0161759100238333,-0.0178295980717299,0.00864504059799851,0.0148818829600393
2025,-0.0196765811985366,-0.0296708022289732,-0.00246568701763668,0.00917014491696454,-0.0343550625196478,-0.0159579283709726,-0.00293799452623645,0.0093189888544072
2026,-0.00151791401170573,-0.00420652455406296,0.00383221941252604,-0.000638407866733509,-0.0043029225614598,-0.00568208885848591,0.00102829133314713,-0.000118710672488124
2027,-0.019605755721982,-0.0387670000612167,-0.00828716264374705,0.00795569921288463,-0.0343774338602544,-0.00638357672404892,0.021341969777691,0.0167372647756665
2028,-0.00520964825540233,-0.0132074735224113,0.0119024246568338,0.000651241233823241,-0.00745023749473062,-0.0123301094014487,-0.00519472606425324,0.00182128974381019
2029,-0.0124341737909889,-0.0311296249017348,0.013663751564973,-0.00759554996997828,-0.0123985997669883,-0.00767520380962426,-0.00356147240721592,0.00645067925464766
2030,-0.00778906734687598,-0.0203626924511276,0.0165136552785546,0.000897732576136891,-0.011296509574574,-0.00948060777617181,-0.00464181022751861,0.0172551471046666
2031,-0.0185644457754125,-0.0280647473459295,0.00561492316278907,0.000388164999410005,-0.0181741802059955,-0.00726109080896243,-0.00160945313083487,0.0174383570590458
2032,-0.000165602547006355,0.000871267209225923,0.000999103068023473,-0.000558157763545204,0.000772407200765772,0.000175200582647954,-0.00038328974861294,0.00133055675945473
2034,-0.00659188890238746,-0.0183816676788005,0.0128804556528334,-0.00129235623894744,-0.00192763147813486,-0.014471335543383,0.00808976207212004,0.0108692451262137
2035,-0.000165602547006355,0.000871267209225923,0.000999103068023473,-0.000558157763545204,0.000772407200765772,0.000175200582647954,-0.00038328974861294,0.00133055675945473
2037,-0.00549251728987027,-0.0132707571989542,0.00912192164268495,-0.00296616294938382,-0.00493865459799905,-0.0150414310739293,-0.00455288601855752,0.000552151377258077
2038,-0.00591922992560029,-0.0136193655652618,0.0131478589979805,0.000395786825620976,0.00171018268149868,-0.0144057909577847,-0.00336011402666258,0.00573792550998092
2039,-0.00173641477738921,-0.00573838219753756,0.00381640689916856,-0.00288879210675433,-0.00198412928950398,-0.00255895298775989,0.00466619554302393,0.00455961176739159
2041,-0.00882259087830522,-0.0215461328453446,0.0155507688869079,0.000894465381731965,-0.00726597931984594,-0.016899165954116,-0.00204019811588057,0.00970851285458575
2042,-0.0207147561403492,0.00680846569367412,0.00848423244767047,0.00174103461132053,0.0304804003088215,0.0343033370578711,-0.0366960256113594,0.00299595139284984
2043,-0.0204245281379301,0.0127562366669196,0.00761253009114469,-0.03192081386896,0.0105353777383578,-0.0157215467452424,0.0176121450016709,-0.00710775073860007
2044,-0.0013386193512875,-0.00120822385351987,0.00378239660658946,-0.00028919586800773,0.00069696700434878,-0.00291359180294826,-0.000689144053385749,0.0073217365696252
2045,-0.00284410264204239,-0.00324435027594417,0.00851309946221188,-0.00151658437667423,0.00365874806541001,-0.00186723005981733,-0.000537751884450722,0.000249027538492087
2046,-0.00057179293304131,-0.000114668873904921,0.0020498147910935,0.000593120157678023,0.000449526278612573,-0.00158141193802772,0.000553590361789291,0.00549542027401417
2047,-0.0199529401239068,0.0124587646641551,0.0127815215618247,0.0333135522766286,0.0107396293218491,0.0193461645859567,-0.0151067596560242,-0.0163260371396351
2048,-0.0140477354057043,-0.0138329655037234,0.0170493407959317,0.014784402537383,0.0168131652776492,0.0110080142957389,-0.0105135129416302,-0.0101504707619044
2049,-0.014532054821882,-0.0418256479177446,-0.00354870255425766,-0.00292735368553707,-0.00846062569440498,0.00244853716971268,-0.00717734695557385,-0.00440421585143273
2050,-0.0156671384270076,-0.0368486249760238,-0.00204756812440756,-0.0114639967978406,-0.0105683229891987,0.00424397364519948,0.000739763745904482,0.00593065690234106
2051,-0.0192823388262212,-0.00938235514361793,0.0130820707221933,0.0132181855838748,-0.0122254315329231,0.0300634475739294,0.00154011084365515,-0.00931145481466365
2052,-0.0136401525594463,0.00356588139545317,0.0240039498113841,-0.00663253498796722,0.00363223384757634,0.0163949697284127,0.00198004273554613,-0.0196546099468297
2053,-0.00184232120962662,-0.00102395484812897,0.00818616623457194,-0.00415186438942465,0.00070555703241699,0.000135657544035563,-0.000244088229447684,-0.00369337969237513
2054,-0.024586931673761,-0.0081853803530983,-0.0235239922777443,0.0200159727446901,0.00502696886027197,0.0221474791954578,-0.00623195158389788,-0.0104233602546748
2055,-0.00206820291004791,0.000888325043955906,0.00652853593678576,0.00429743183889643,-0.00226925422975077,-0.000696886046680986,0.00632306698217965,-0.000332967247519227
2056,-0.0208138290665003,0.00166603504307887,0.00804785339618357,0.0228039231055959,-0.0133470274880651,0.0188034069812182,0.00455903644554595,-0.0077491568432809
2057,-0.00605520153526667,-0.0108387910689667,0.013816990748082,0.00029564441650984,-0.000629612604709423,-0.0050241896415945,-0.00331800279842933,0.0038128891120704
2058,-0.019790620740709,-0.00546908157808071,-0.00263314647150213,0.0141984273586787,-0.00830861195428067,0.00939439750913511,0.0113656093592504,0.00163813809171524
2059,-0.027498964347083,0.00269544110477271,-0.0240067382270224,0.0179779753607656,0.0119583629437664,0.022928552987062,0.0206398402062747,-0.0132960907827805
2060,-0.017172937664648,0.00736331655498714,0.023403147196761,0.00116174088145409,0.0133601821847283,0.0207277212126759,0.00406475259150268,0.0212046223322641
2061,-0.0123127140105901,-0.0166653274324706,0.0194750201421467,0.00801781992573646,0.0075018232161856,-0.0129431168165764,-0.00545789886282735,0.00203034340386561
2062,-0.00133215071066838,-0.00266815661670285,0.000684763210322619,0.00299692891143621,0.00177576578221294,-0.0014417179005861,0.00698119852457744,0.00432541701366253
2063,-0.0156878202638522,0.00159390297530886,0.023520030874362,0.0120986173368703,0.0108172646094279,0.000172390776791933,-0.00586436497675525,0.0148345703626182
2064,-0.0157808766862238,0.0185592267906679,0.0136641942989625,0.00143902929807898,0.00554103309085482,-0.00768154320438694,0.0417534051340882,-0.0107074217298058
2065,-0.000401942430524532,-0.00147997716615841,3.95051792774431e-06,-0.0015979366006538,0.00125720570662376,0.000312382119206201,0.000303271000995267,0.00171411124138404
2066,-0.011597286045561,-0.00356973769561479,0.0222979250963526,-0.00394180748012841,-0.000576540726982169,0.0109601438638726,0.00335353442913105,-0.00513678313024283
2067,-0.00652105564481266,-0.00672301663255804,0.0198560746083537,-0.0146339788184723,-0.00103090582602501,-0.00793441790535782,0.00171812089927499,-0.00617437238613296
2068,-0.00728125780780738,-0.0123762457149403,0.0200483957311551,-0.0028328018953473,0.0014506330615102,0.00555071463412886,-0.00464587905612091,-0.0105278149092213
2069,-0.00103221009277736,-6.65694799569469e-05,0.00299592300964418,0.00127625347646074,0.00221675968075068,0.000119371870407018,0.000441695150063714,0.00138714133862399
2070,-0.0146244270976322,0.00497500481664597,0.0207297854330859,0.00877750275627799,-0.00761710089837621,0.0177865952381532,-0.00372985778643317,-0.0224453800832416
2071,-0.0113440416557632,0.00163842070759724,0.0242766685953922,-0.0153353291913742,0.00199749252655627,0.0107439889266409,-0.0161571341493575,-0.000929885396334056
2072,-0.0165806731318221,0.00894205892876378,0.0270229497251269,-0.0108410860100611,0.00807123245698055,0.0380967178280002,0.0293832108443587,-0.0100725245069701
2073,-0.0193317112659933,0.00845800421698476,0.0068577544962048,0.0207245202289688,0.0026652120131032,0.026815782816679,-0.0156624533835177,-0.0327194114939982
2074,-0.016683452025375,0.0109807845963522,0.0207616560213227,0.00213433183947234,0.00794698548332522,0.00977906278205489,-0.00625778393595609,-0.0176042680631542
2075,-0.0117136419098129,-0.00478080632003603,0.0230921958041365,0.00393069143501351,0.0053971182182807,0.0115841941629729,-0.00352985331223506,-0.00817897158030642
2076,-0.0087111973407502,0.00413782405564162,0.020588490010162,0.0092586943118619,0.00581843860909317,0.00438222288315558,0.0119696716031521,-0.0119240066630226
2077,-0.0150299588704943,-0.000372669854717708,0.0225809973402643,0.0127710973806247,0.000351952848297191,-0.0100777071085405,0.00503615551970302,0.011177404724718
2078,-0.0131278717282229,-0.00739324691049772,0.0206193328537271,0.00442861273889878,0.00948492913313295,0.00380873210142035,-0.0175775221712984,0.00136148942021012
2079,-0.0268705340758462,0.0233901021033735,-0.0101430964085411,0.0245302909196644,-0.000357134319687955,0.0272965359466764,-0.038086544489156,0.00758483228939216
2080,-0.0154566184440447,0.0112053086753581,0.0134060993216475,0.0196220189763928,0.00324785626500996,0.00532384072794674,-0.0288129755305126,-0.0111103945578516
2081,-0.0130719421854701,-0.011919871867281,0.01949686954326,-0.00723389643925101,0.0294893290388181,0.00840645249873315,0.000792806441937661,-0.0122760391598348
2082,-0.0158470492782219,-0.0101863781931395,0.0176830744340678,0.0209593629136974,0.0252632646354057,-0.00653678573239941,-0.0257786136793377,0.00403347300889327
2083,-0.0225929627016688,0.0230181770928117,0.00430093245605551,-0.00674153625016404,0.0048041781727277,0.000240522170787141,0.0132705261684204,0.0615619318486433
2084,-0.0147203528137056,-0.000842852631364449,0.0138835588384264,-0.024177178346953,0.013830127403952,0.0136232162139731,0.0357214269929737,0.0344663773426503
2085,-0.0152638911469836,-0.023855327169026,0.00834904909268224,0.0147095916544994,0.0268243727196906,-0.00496002946367988,-0.0160608273767688,0.0007827566929844
2086,-0.00057179293304131,-0.000114668873904921,0.0020498147910935,0.000593120157678023,0.000449526278612573,-0.00158141193802772,0.000553590361789291,0.00549542027401417
2087,-0.0234144838720324,0.0160588516275462,-0.00751762428437789,-0.0217314861765673,0.00454410439750191,0.0119547308027131,-0.0252670898578011,0.0584873358885979
2088,-0.0135181972567055,0.0159816975183831,0.0262403715120406,-0.0105705599090931,0.0134545108763058,-0.0173987674852019,-0.0101975486269256,-0.0392308119844087
2089,-0.0173949451210645,-0.00308662817049461,0.0133048244903614,-0.00923282804274834,0.0288102580981913,0.0214390605941636,-0.0135484710761221,0.0139409381971624
2090,-0.00588609234454098,-0.00899566372379679,0.00890692022127267,-0.00749085310870807,0.00772005531229241,0.00200148276447953,-0.0108728468210498,0.00907090934330057
2091,-0.0204644009464526,-0.00939204624591115,-0.0163992186016224,0.00665737120384515,0.0368136903990149,0.013688311662362,0.0404430830010473,-0.00806381936381126
2092,-0.0106552166400327,-0.0235292568090082,0.0062075282766949,-0.00161672240749741,0.014193523312954,-0.00316247831457086,-0.0120718930819768,0.00219516996348263
2093,-0.0124324448560276,-0.0309523650893397,-0.00300151161815511,0.00764575601915508,0.00765208436244768,-0.0062157535261175,-0.00127240590377056,-0.00658358697608644
2094,-0.0132002183420134,-0.0300054082107283,0.014530614992983,-0.0158309988828949,0.0013949711128,-0.0138467018862548,0.00153388737753932,0.0131935712483423
2095,-0.00877172012377566,-0.005722843491042,0.0169423585531975,-0.014483065875291,-0.00774784984229636,0.00595395260545301,0.0153752667516338,0.00550388586368415
2096,-0.0191182004161564,-0.0026813699648916,0.00236687015383471,-0.0381224252622652,-0.0393244343476587,-0.0212067713362308,0.00705963661955645,0.00538381550380103
2097,-0.0242709718307244,0.013813086094123,-0.0122322693667242,-0.0517798179135212,-0.0183985710905165,0.0144013770965384,-0.0171048876019916,0.00316030616296552
2098,-0.0263802654714965,-0.00793320198291838,-0.0352985026317856,0.00432094601213819,0.0287778058001172,0.0165642329520572,-0.000153745541799813,0.0208314578239057
2099,-0.0159691738939931,-0.0226927071503556,0.00401529558314274,-0.00693494877469544,0.00738979638359082,0.0126149624874247,0.0143831175790563,0.00413709772444566
2100,-0.0264264813105784,0.0076997521803565,-0.031459263411577,-0.00507031378126715,0.0236969472087375,-0.0250724178392763,0.0460715112560269,-0.00972942498087532
2101,-0.00551893542340953,-0.00359653450924879,0.0171554613007047,0.00398408129851075,0.0135875512009443,-0.000115003398500178,0.00287641594695304,0.00238953946423828
2102,-0.00765733504287313,-0.018823223611676,0.0111638261628012,0.0145228371817934,0.00154584372410178,-0.00415545681673792,-0.0128967914610853,0.00608745383417471
2103,-0.0236572613128379,0.0124069486083867,-0.00748949320412068,0.0108306992190065,-0.000146468207651469,0.00023315320536029,0.00900045318929424,0.0118927667464314
2104,-0.016445565334476,-0.0175227256253387,0.0140992358168365,0.00711685805304681,0.0240266009938205,0.00156497170571679,0.00895105818077528,0.00277974854348046
2105,-0.0111213602745045,0.0156019319746818,0.0220475649843182,0.000987510039970011,0.0104357672183118,0.0258203553195123,0.00881800798985674,0.00447819705843591
2106,-0.0189298287050015,0.0171119197006545,0.0118135973215458,0.0144320173078246,0.00258171107052445,-0.00609258283180421,0.00942723987828165,-0.0163901881969984
2107,-0.00176391431293517,7.71870887301162e-05,0.00173976805205545,-0.0030409629759859,0.0042485217405857,0.000145075488496358,-0.00217948981950194,-0.000578580465303863
2109,-0.0256188362386757,-0.0172649267824412,-0.028552724931766,-0.0052100839619273,-0.0283188532279435,0.013866510894876,0.0363709496834461,0.00463263883682549
2110,-0.021936005095655,0.0129011567126573,0.00577869398752763,-0.00920555193271332,0.00103080336396184,0.0503965966165492,0.0305977815052695,-0.00787545709380581
2111,-0.0271587891810567,0.0207811492206815,-0.0183182745310324,0.0220602949668077,-0.0112612297973881,0.0135292125028148,0.00321689801304802,0.0256975952504886
2112,-0.0205021832724471,-0.0361423216665014,-0.0233613660295558,-0.0112710539309594,-0.000539369992918929,-0.0126664683978896,-0.000527657676747518,-0.00421586850669078
2113,-0.00431763580909043,-0.0119687509040639,0.00863110316396859,-0.000896723263311344,0.0126938042960469,-0.00686645561901959,0.00279117272021723,0.00311071837693725
2114,-0.00895356576600971,-0.0238614351676394,0.0102906453121677,-0.00297089442600182,0.0259267466916306,0.00614637640069696,0.00218930687981633,-0.00423039500993387
2115,-0.0108834858176335,0.00971060386001686,0.0273005531062031,0.00659599989114449,0.0115858031076325,0.00122976660340534,0.000382942925280878,0.011076643842509
2116,-0.00876875094663475,0.00158638708677697,0.0203026889013371,-0.00545936171178454,-0.00275643992712854,0.00223387794324742,-0.0263163873914573,0.012039315862158
2117,-0.000291456882387658,-0.000120442081992177,0.000266946896438848,-0.00205625694314745,0.0011350662805314,0.00121719671322644,-0.00143135107338782,0.00326598573919593
2118,-0.00233876041134092,-0.00525190203480207,0.00730505720105799,0.00187681363980048,0.0040668960165509,-0.00244559922196475,-0.00580815922289709,0.000840092864165721
2119,-0.0219517806923,0.0100568242668634,0.00727841231041908,0.0156467436231454,0.019552818079308,-0.0156503966813844,0.0101518838557312,-0.0230541494545097
2120,-0.0227453020852133,0.0170949362261658,-0.00597625464221348,-0.0231172663445524,-0.0153913205508483,-0.00140354471226966,-0.00388139799824345,-0.00302508112378889
2121,-0.0220143277061337,-0.01208291465629,0.00278165221740513,0.0235905249744847,-0.00738543668598188,0.0212762766485579,-0.00710555239084635,-0.0111199871638544
2122,-0.0246234060912712,-0.015889965748629,-0.0131126265768385,-0.00364979969286999,-0.00778780981230739,0.0189840432033659,-0.0148565098353357,-0.0261923356405672
2123,-0.0158877963003599,-0.0140838654099725,0.0128648640021958,0.0151803220870213,0.0101929976559105,-0.00229279577017464,-0.00190116219962736,0.0167864416938203
2124,-0.00980375938098627,0.00828001193056126,0.028177971114266,-0.0239445584059823,0.0179186039993773,-0.0127178422182475,0.00533912839079083,-0.0350728562332461
2125,-0.0156972884302745,0.00922436788199727,0.018713898614864,0.0325187067043774,0.0071128326799682,-0.0198481219446367,0.00583862273893406,-0.00649024940604339
2126,-0.00299831430419606,-0.00487852905727478,0.00696449733701534,-0.00368882922664706,0.00938781187729186,0.00144289446489252,0.00163017005480843,-0.00310410086585325
2127,-0.0221438194332439,-0.0119983062620923,-0.0253127200096517,-0.0142014606056045,0.0521108360576535,0.00597373918933179,-0.00982922302212401,-0.0411077543092811
2128,-0.0167477651033129,0.00613870427611675,0.0193365168015039,-0.00226249924283225,0.0195252690082799,0.000432459445010235,-0.0249059029875244,0.00267678747647009
2129,-0.0261205867400205,0.0112002397726138,-0.0177844325123992,0.0226518079961571,0.0142432893834114,-0.00785671651222311,0.0219730746500686,0.0152826224503048
2130,-0.0160370659496794,0.0207093022949882,0.0208741598165864,-0.0179780589276942,-0.00550843008235709,-0.016972253820693,-0.00866071878094583,0.0320058526732755
2131,-0.0103987751293391,-0.0322643306759454,0.000263740482589905,-0.00913755632494858,0.00683958392389263,0.00259654104417707,0.00495659796928996,0.00525777275975656
2132,-0.0315807566380035,0.0190423928460801,-0.0360428514836969,0.0245354116287829,0.0118632682450128,0.0131302361704151,0.00192315515216126,-0.0188421907234852
2133,-0.0143999693828953,0.0076992859678247,0.0176092266429868,-0.0197219010426507,0.0377467292127967,0.0153658537972768,0.0316168611731969,-0.000671157334102394
2134,-0.00527672061179311,-0.00667866907013171,0.0126350295813837,-0.00751628410020767,0.00075077030594954,-0.0037978664450082,-0.0255084899248481,0.00541384342187596
2135,-0.0118408011450983,0.00700497068092336,0.0246272804190681,-0.0263506352466363,0.00338480434628215,-0.000817344853174193,-0.00315612479005314,-0.0375597751039791
2136,-0.0133240170958155,0.0161303627536026,0.0264975901102614,-0.0274637403063181,0.0128806853671692,-0.0048816653134422,-0.00570809669701211,-0.00530705480984505
2137,-0.0287569570833717,0.019736697269947,-0.0156912481278715,0.00693148480519642,0.0290815979242645,0.0258128771087643,-0.0184623689798589,-0.0123266717919599
2138,-0.0182410814052555,-0.0359835152205738,-0.00493607214674073,-0.014099575444248,0.0181223192214837,0.0199386911047083,0.00341062592013695,0.012190509920142
2139,-0.0165609562004047,-0.0126455624457032,0.0101106096991942,0.0210610641196293,0.0221085424336011,-1.89492521495829e-05,-0.0041855773183195,-0.000308308641336126
2140,-0.00332228963117761,0.00354806146399051,0.0111884234318654,-0.00509389764359136,0.00469472697783326,-0.00423894196310418,-0.00468400959879527,0.00169911859978805
2141,-0.0253258309249046,-0.00564682877700232,-0.0333568642738294,0.00621518583886729,0.0220905345574748,-0.0467722404262172,0.00654930322708683,-0.0362094263334458
2142,-0.018485865707875,0.0175444096893156,0.0154578966624887,-0.00668643145292227,0.000212478725586733,0.000198904295207337,-0.0242020940639233,0.0461914392649149
2143,-0.0168280768973534,0.0316288180662258,0.0189866066543177,-0.00735963831360765,0.0197815640535138,0.0320429839129697,0.0116366590874696,-3.74769699143704e-06
2144,-0.0289671083167274,0.0125251065783597,-0.0338941438154484,0.0184101601243216,0.0198245525917083,-0.0254420565139954,-0.0115767550594811,-0.031264452828215
2145,-0.015852479647589,-0.0104995639987579,-0.00230304620455441,-0.000905007801313507,0.0388163678669594,-0.0344238530483793,0.0097864054521114,-0.0229960492304653
2146,-0.0118269314593354,0.0204091446154402,0.0219615584772934,-0.00973667163835891,0.00440340057334221,-0.0341945498386094,-0.0217855843729845,-0.0210978662821495
2147,-0.00523442269850781,0.000987116502323499,0.0183739235648885,0.0167762103033172,-0.00583260765961805,-0.0149309478473156,-0.00394053613436663,-0.00252638828936089
2148,-0.0202373712768293,0.017415974088116,0.0121362948528302,0.020280342174515,0.00864988164830555,-0.0146456499207344,-0.00971328576077328,-0.00187734215751504
2149,-0.0107179523129819,-0.020830944554013,0.0118688340353631,0.0159531461925325,0.00446492854294509,-0.00210548922591242,-0.00481373123281164,0.0125012643105898
2150,-0.00570708456588634,-0.010933087675983,0.0109305112484854,-0.00622663037403567,0.013277011672941,-0.00581201329094605,0.017132390040614,0.0204607068265421
2151,-7.25272516824374e-05,0.00103874396042163,-0.00138842191836809,-0.000928412602596014,0.00155072346526086,-0.000503705187982262,-0.000695531011196227,-0.00170648459931466
2152,-0.018697728522096,-0.0108034513891613,0.00611637403073757,-0.0144294052426737,-0.0190076142727766,0.0156894164717078,-0.0189169993692802,0.00953196724267143
2153,-0.0111685580394444,-0.0263865369228523,0.0122771637112709,-0.00300586856984163,-0.00119019802395645,-0.000622078888193455,-0.00331419478288801,-0.00699781056521283
2154,-0.0187900765924872,-0.00563248829345553,0.00690711425134814,-0.022968075430459,-0.0216772512485412,-0.000656845070265445,-0.00169116659360155,-0.0214890747272496
2155,-0.0168445962142582,-0.0117895532237729,0.0179932213035789,-0.0251295555633777,-0.0104068582263839,0.0151323963504977,-0.0201220667487182,0.00191348404225126
2156,-0.0191859041799659,-0.020774370419205,-0.00679510047647603,-0.00970557019345212,0.00797711584409136,0.0203386463254228,-0.00120549670679855,-0.0335730551677644
2157,-0.0174937272650056,-0.0279972196971587,-0.0023269432925246,0.00480391347921168,-0.00547378606196584,0.0143426998237299,0.00629183540094308,0.012300913328941
2158,-0.00726143487665407,-0.00266926235298424,0.0251046224197348,-0.00216285838554993,-0.00217136326681593,-0.0043996757391649,0.0117795893235329,0.00278532121945268
2159,-0.0168170691111029,-0.0482494387796721,-0.0121886604405725,-0.0132675031835855,-0.00415140010880676,0.00116164019670332,-0.00242622481162087,0.0041764520507884
2160,-0.0260775444827008,-0.000580244246417933,-0.0194541674919672,0.0264885735816324,-0.013968340532095,0.0206475544324299,-0.00964254587038312,-0.0197518451222433
2161,-0.0250871796357758,0.0299262800756948,-0.00791984497083518,0.00871968594501012,-0.00641362619283481,-0.015815192151458,-0.0295780890874071,0.0454332050575591
2162,-0.0139292598405081,0.00406420843557581,0.0201894570231576,0.0159837002611052,-0.00723569295475101,-0.00110504810850804,0.0379968529883859,-0.0130024415259747
2163,-0.0285449635215957,0.0215220540663958,-0.0308221918459105,0.0141779836361881,0.000598178163355702,-0.0277606671504022,0.0355835293088888,-0.0183486446112227
2164,-0.0122922513078314,-0.0142948136887856,0.0113545613285214,0.00010542808649577,0.0296800768673257,0.0116349055347087,-0.00244358245720338,0.00257427870988858
2165,-0.0221737701578203,-0.0282173246597477,-0.0145582294513333,0.0224724746799799,0.0223922203390907,0.00698031365890555,-0.0133164051484725,0.00548705052047544
2166,-0.00288954627443405,-0.00356789578369681,0.00957688252933697,-0.00233822845777144,0.00483319663578394,-0.00395464188609049,-0.00179800560882971,-0.006503747990994
2167,-0.0267740109430708,0.00155839050031961,-0.0200325122895364,0.028738501978024,-0.0018034318910627,0.014151399218531,0.00806196387038219,0.00515277598624895
2168,-0.0182427334558538,-0.0413981283753668,-0.0122642296240977,-0.0106051833337907,0.0266460938533495,0.00625470504593124,-0.000657284147349204,0.000315094999617219
2169,-0.0161750728296474,-0.018907671229237,0.00372475614399557,-0.031271918774113,0.00568781906671202,0.00334879246220026,0.0121388351200198,0.00168947057037444
2170,-0.00944321239397434,-0.0278040309992612,0.00030436815617032,-0.0199244897804372,0.00509428102139287,-0.00792625104305939,0.0135017519773478,-0.00187145199065957
2171,-0.0191038627245909,0.000325416147926863,0.00445127891741662,-0.0476096013363394,-0.0165775486892035,0.000103166059228979,0.0299940107267117,0.00292903222649447
2172,-0.013696976311144,0.0035833996403712,0.0188434476661707,-0.0299833220016639,-0.0106821428067883,-0.00585302651569126,0.0221201487905151,-0.00106788643507401
2173,-0.0132436729863276,0.0108869885959683,0.0163891518639074,-0.0370843633186954,-0.0145704737660227,-0.00235966835706165,0.0215673229455999,0.014522688897714
2174,-0.0242189096084728,-0.00331319651382673,-0.0187851428710739,-0.0332644541458771,-0.0381310944543572,-0.0162295812902094,0.02033122365498,-0.0153910614593358
2175,-0.0160548912944558,0.0103635409156002,0.015583916327141,-0.0173256209366797,-0.0067044178804578,0.0220340317112001,-0.00147137600513731,-0.0163636130131597
2176,-0.00611342964546042,0.00155754842485877,0.0209124821504826,-0.00865915621178596,-0.00108141851659852,-0.00564266742334753,-0.00320360405693671,-0.0187996058449454
2177,-0.0212703294464961,0.00288057769309722,-0.0222749026889271,0.0145562494239582,0.00061685109277413,-0.0363392109978941,0.024355977114808,-0.00808800764001955
2178,-0.018203044142424,0.000407045831349215,0.0199626311139724,-0.00815573376083356,-0.0157237103041891,0.0119893086454231,-0.00949377863547468,0.0143541950143348
2179,-0.0227221519037147,0.0161870945673759,0.00273377975971606,-0.00273562541150495,-0.00295881723417084,0.0702109881823778,0.0145581970436326,0.00669623116177995
2180,-0.0157542932737719,0.0181118024699574,0.0253333646882564,0.00093898497346757,-0.00330101851039792,0.0412877430421066,0.018445461669009,0.0123500425201666
2181,-0.0127361033083941,0.0169118468881875,0.0260836170232728,-0.0145103762016031,-0.00989293110978949,0.0167970433656932,0.0200665930630391,0.000562269458668535
2182,-0.0151666835246766,0.00678119761369974,0.0269576470332525,-0.000375489978624115,-0.00675262303865418,0.0228697339344151,0.0160042070062182,0.00103285414762292
2183,-0.0169482026861781,0.0140653144423703,0.0205111624308424,0.00519380886528278,-0.000600253659362174,0.0133820956186938,0.00374743828748269,-0.0064020752819738
2184,-0.0187147122620013,0.0198198314388435,0.0222594544903685,-0.00570934353229965,-0.0130785376433308,0.013149830321908,0.00133027656140075,0.0229418614044624
2185,-0.0145509810986705,0.010575988385035,0.0217005160487948,-0.0360408659410589,-0.0122570842079199,-0.00287757438413688,-0.00282351607864638,-0.0134493688093395
2186,-0.0167905287979294,0.017744323419898,0.0253917490368285,-0.0079145365928107,-0.00567645387682832,0.0269446857241411,0.0219511617845465,-0.0240704502409127
2187,-0.011833316704471,0.0178265079466824,0.0285981691944845,-0.0016458404918846,-0.00249054175497499,0.0122313947808892,0.017056850492848,-0.0132935212006283
2188,-0.0106581507739943,0.0117790888970973,0.0222077160269306,-0.00304002876320382,0.00299757262744941,0.0156203202706159,0.013519504926101,-0.00567362686740104
2189,-0.00932275642445987,0.0135051865774356,0.0259929395263477,-0.00601292932848134,0.00337192508936095,0.013757989053932,0.0141236859943947,-0.00599350317013599
2190,-0.00884159226338921,0.011078357211615,0.019882526514517,-0.00449188669446548,0.00185704143493403,0.0108981613010834,0.0212476658008305,-0.00353134691303212
2191,-0.00806002761381796,0.0112279250855364,0.0219898734166108,-0.0117035973616855,-0.0012643674190623,0.00983470879934735,0.0115665451874201,0.00357590289027262
2192,-0.0223042207319244,-0.00748006240219465,-0.0163805411500273,0.0119938160521331,-0.00217580040560374,-0.017266891227383,0.0315803478426444,0.00981485799964873
2193,-0.0125499050857261,-0.00017968685877468,0.0229702609431078,0.0126573872780979,0.0125544749444154,-0.00466504263114251,0.00429101747473541,0.0183212570220042
2194,-0.00783872802852446,-0.00186991025814655,0.0202774311710155,-0.0104081391012882,0.0115077174015395,0.00817257393143614,0.00300557512347587,0.00152276343764362
2195,-0.0153677805663546,0.00728166014641821,0.0182470740018942,-0.0112352041599632,0.0220579221822396,0.0315990966984243,-0.0108711036460537,-0.0005842590361631
2196,-0.00585519470856855,-0.0159743294746431,0.00683668798710823,0.00293884405428986,0.00851118127198375,-0.0145124129642505,-0.00336128390357567,-0.00597412773019762
2197,-0.0157127206164756,0.0120171724504388,0.00952439750009992,-0.00981109756151405,0.0128339029685412,-0.00338983425351796,-0.0198680902001384,-0.0215462615974168
2198,-0.0240255440256595,0.000263290682864204,-0.0194068202031418,0.0104637715140789,0.0192640843692602,-0.0306693478230674,0.00744887802297524,-0.0236384384646034
2199,-0.0259299774224281,0.00527674539334798,-0.0225860377801548,-0.00515653037460742,0.018303192690049,0.000625606692647584,-0.0318390099649784,0.00840921617979783
2200,-0.01253477660537,0.0265299099806056,0.0112613505769091,0.0185769484153478,-0.00213157344511991,-0.0315974217568723,0.00231429768254923,-0.0149128569925458
2201,-0.0230701268324402,0.0253766000180723,-0.00895137052332383,0.00483672578880336,-0.0238448368413341,-0.0410882436489009,0.00809966160038719,0.0276385852849619
2202,-0.0246660790427107,0.0230388943800972,-0.0149131033900328,0.0256167635594468,-0.00395332293819685,-0.0274776184388112,0.0174626378947028,-0.0135512540874977
2203,-0.0264631898687231,-0.00100130040516187,-0.0426386711491229,-0.0202427574528724,0.0459391217761124,0.0112602328223331,0.0399815208563055,-0.0159913842695293
2204,-0.0306824196835211,0.0159909643273343,-0.0399718342549654,0.0256492593123088,0.000719670421818043,-0.0390703377607228,0.0127252515484554,-0.00230029296655322
2205,-0.00984374564780679,-0.0181926168531633,0.0195907709712799,0.00339875317276972,-0.00187406619617463,-0.00252581431669551,-0.00170311082947067,0.00190732356864169
2206,-0.0230347660809129,-0.00583152232642728,0.00239878653750797,0.0224355777289799,-0.040901684541254,-0.00467403682734789,0.0134378142064629,-0.0149978851079624
2207,-0.0157779090254003,0.021198162109363,0.0187727584696807,0.00404495287375652,-0.0109221456582337,-0.0186299479280773,0.00541657041748986,-0.0281552947257355
2208,-0.0097313680486715,-0.00385752681655987,0.0265150228382308,0.00833157862241429,-0.00749952935053899,-0.00580678560860267,0.00123791273574118,-0.00586593604891796
2209,-0.022172921804445,0.00728375435245776,0.00625331771054947,-0.0203733459149607,-0.0282213387779337,0.0214429357277843,-0.0241463820707891,0.0152960646667644
2210,-0.0162177695373868,0.0243050626548119,0.0223087344432863,-0.00971051966065,-0.00657543866271626,0.0258218752134268,-0.0229444103323272,-0.00467193055429317
2211,-0.020764987951728,0.0144406362955845,0.0105175855793127,-0.0206570146109819,-0.0308381933907692,0.0499280051177761,-0.0248697675316002,0.00359861688668715
2212,-0.0123368976086404,0.0257008920725363,0.0269297834942455,-0.0140314594985444,-0.0103377479707295,0.0106354839598258,-0.0204803605037687,0.00678098908678213
2213,-0.0204650958528643,0.021121191804214,0.00737594484765429,0.014842496854502,-0.0165739204094098,-0.00572852598639307,0.0102217658126012,0.0185423016824142
2214,-0.0260097735480897,0.0190538973192618,-0.0129272831337167,0.0157064231611357,-0.0251887697604238,-0.00443974783562626,0.00444362299931258,0.0135461923558075
2215,-0.0248963274268396,0.0137267700020718,-0.0133871638488572,0.00734913649512842,-0.0283073270447452,-0.0117213243892575,0.00140276659656638,-0.0169537641985668
2216,-0.0141160720647054,0.00935875800743653,0.0220396385206806,0.000446846723678583,-0.0189117408255075,-0.00716194915738945,0.0116168549024077,-0.0128403032461978
2217,-0.0195365304243945,0.0210623470114179,0.00925032924171651,-0.0122787243672856,-0.018041117871082,0.0408550756565106,-0.0184383455765217,-0.00658513445709088
2218,-0.0169184131650307,0.0206857124648615,0.0150888926511707,-0.00722238224466288,-0.00879182036672318,0.0370156735387088,-0.0178947369924784,-0.00518208358639778
2219,-0.0149226388730893,0.0269091560734764,0.0183341350427237,-0.00483048549334019,-0.00433382295248676,0.0339400435970367,-0.0202248051816804,-0.0131966053249614
2220,-0.0110739878629334,0.0232972304486833,0.0252306121306922,-0.00922164901310992,-0.00294491448878199,0.0104391554620128,-0.0173101578331571,-0.00577834677144702
2221,-0.0201063993246564,0.020891012127019,0.00849895575681605,0.00416036874846528,0.0179507345598317,0.0124577990521114,0.0418373919224943,-0.00572047395405493
2222,-0.0212015746934341,0.0153230052128473,0.0068603333105556,-0.0101798769561109,-0.0198202034851886,0.0128545226567118,0.0139374903217138,0.0117826506228206
2223,-0.00557735953852616,-0.0110158146509622,0.0154654625353615,0.0016106064924478,0.00469249933031367,-0.00908808027451438,-0.00535225796147349,-0.000756346899255953
2224,-0.0183510747035492,0.00887972332961463,0.0164708640227564,-0.00542516731325557,-0.0141204785076421,0.0446693962876044,-0.00507972770120382,0.00106532791073818
2225,-0.0125355493039197,-0.0163341750846143,0.0174045838896111,0.016376896322288,-0.00157871396403501,-0.00373691401623328,-0.00101796632159769,0.00916244870821134
2226,-0.015209172451571,-0.00866500550122078,0.021649078956131,0.00226754889715274,1.33349273375537e-05,0.0256452376438125,0.00353111912533806,0.00210901014264968
2227,-0.01281887709053,-0.0163875120300462,0.0244514549615262,0.000813638479074478,0.000463658337347139,-0.00136535228858882,-0.0194676640677693,-0.0143713306840021
2228,-0.0212082042447454,0.013528881434695,0.00981535535109587,0.0117617057129779,-0.011398153888266,0.0301777358994623,0.00254857220145803,-0.0114889442410481
2229,-0.0158187434525174,0.019751111203808,0.0171698397409919,0.00824716894123908,-0.015809184662782,0.0173797678280468,0.0147779065548843,0.00622488297509961
2230,-0.0112655378871658,0.0176486776086596,0.0249927992163365,0.00338013728245105,-0.00960235687076917,0.0108716949189229,0.0111884495162557,0.00564796488395343
2231,-0.0214453091455482,0.0210891376927747,0.0159729193593246,-0.00195125488827923,-0.0114782927650132,0.0477098028975655,-0.00550669165694617,-0.00821179618108087
2232,-0.0216500510022069,0.0208291889098476,0.000767839434595697,0.0484020531586238,-0.00851014462727289,-0.0140052324728316,-0.0113363255672433,0.013912083113843
2233,-0.0142255482707432,-0.0129864632492157,0.0192612987151242,0.00456917341062002,0.0173504039327456,0.00676098313651139,-0.0200996758926013,0.0145542254339904
2234,-0.0086746983155563,-0.0119164615422249,0.00920717571415424,0.0213527289364245,0.00805267829279561,-0.00237606547868998,-0.00342277681110249,0.007626103282653
2235,-0.0237171777874082,-0.00498449299064145,-0.0342427647551219,-0.0161925877726238,0.0236235821060502,-0.00974240484640989,-0.0368924681902542,0.0284639967170368
2236,-0.0176523380072886,0.0200771354286712,0.00654867084892755,-0.0123770766422815,0.018122272990547,-0.0461876032168536,0.0130070783388537,-0.0166198772241882
2237,-0.0144840271122741,0.00540248208506955,0.0273876617480676,0.00799516247411887,-0.00255160609010077,-0.0111247928495341,0.00482763324035446,0.00557559302130888
2238,-0.0159374468579492,-0.00454726019959691,0.0174418386923479,-0.00331914515373963,-0.0234594998687758,-0.0176970429500812,0.00555849056924518,-0.0226833360300198
2239,-0.0197093663022902,0.033290707110463,0.010032810453942,0.0323760819966333,-0.00178960645576901,0.00103224211280902,-0.0080243402549899,-0.0217611872030034
2240,-0.0142194215203011,0.00521417527698823,0.0198431703615577,0.0419090641112535,0.00872604588973545,-0.00501194520905472,0.00606819927836965,-0.00869552651634192
2241,-0.0238396112484857,0.0191005676249825,-0.0154889187615616,0.0115316894795287,0.00986622240496683,-0.0409441525052848,-0.0104833494983575,-0.024055680077513
2242,-0.0125798674384806,-0.00680695477385481,-0.000939860371961614,0.0193655264657258,0.0291543782350103,-0.0374794736819699,-0.00406861824377952,-0.0218362299755613
2243,-0.0139974786231329,-0.0139693988368386,0.00937906192176159,-0.00679790555442184,0.0210594012977244,0.0244101732120368,-0.0108068501270096,-0.0115077812531844
2244,-0.0167808523743343,-0.0137304979472515,0.0194585218338592,0.040693860006434,-0.00074186838153813,0.00588648867616871,0.0150390887671629,0.000818446798234217
2245,-0.0154692580243526,-0.0204574218789678,0.011476371835422,0.00992695751245678,0.0248122156105801,-0.00958655999303388,-0.00804967278245439,-0.00224768405890975
2246,-0.000399701838196197,-0.00196191293420278,-0.00222753048617259,-0.000558256233442168,0.0055191604581165,0.000782476577483101,-0.00236938495412512,-0.00347203604711606
2247,-0.0188475028040785,-0.0218296087488164,-0.0098904433660232,0.00235571921403045,0.0239045122638332,0.0107398079650552,-0.0248919418615544,0.00279603751062445
2248,-0.0124610193399294,-0.0127748354976379,0.0192898348339413,-0.0102902802479028,0.00991392307562932,0.00168767516083601,-0.014562513879139,-0.0132126535376073
2249,-0.00795910670788531,-0.0156365252766635,0.0132630182119827,-0.00724161968898966,0.00594409348997723,0.00325854775045234,-0.0232207815607565,0.00355884325978913
2250,-0.0176605782208993,-0.0247239568830866,-0.00229384528461659,0.0291692202687914,0.0292716850469235,-0.00277000792507159,-0.00754650097290914,-0.021058404047975
2251,-0.0191652427880818,-0.00137822836169525,0.0111777204659306,0.0368866266193217,0.0200213609268922,-0.0170732612240276,-0.0146934373698591,-0.0102734113965455
2252,-0.00168253264072335,-0.00377172404255837,-0.00295982649275639,-0.00629800624473527,0.00333304598778614,-0.00853822636563489,0.00636724419966218,0.00553699602934319
2253,-0.0113945720545474,0.0029500273738058,0.0304352153541356,0.0115044595560601,0.00195436527367195,0.00326695492762832,-0.005372865685215,-0.00509937998014712
2254,-0.00984517500829524,0.00491607101519272,0.0253776556035038,-0.00508448485571912,0.0106840037557359,0.00177316500433017,-0.00824093705799768,-0.00852596349064441
2255,-0.0169214901444543,0.0187996346539182,0.0236904155687392,0.00761188919034052,0.0198111605122005,0.00633161609042866,-0.0108041545892229,0.0040904891127203
2256,-0.0121805457586856,0.016591930379774,0.025894955334488,-0.00961230551223114,-0.00997937486462324,-0.0140233094808281,-0.0147639703716658,-0.00399076349960048
2257,-0.00507560800122918,0.00220189633911751,0.0151599796815691,-0.00278970903764637,0.00504878449937395,0.00835221733524777,0.0104201357024501,-0.0111689988152505
2258,-0.0118604451090225,0.0182133826874535,0.0218126908551047,-0.00976872659902508,0.00707029337198655,0.00366517413575804,0.024494425636521,-0.00520120145324462
2259,-0.0109502942312878,0.00341055871993769,0.0240784542599411,-0.0345501179810031,0.00875013582023637,0.000524763576934176,0.00279362498488026,-0.0262158441935247
2260,-0.00396650858803122,0.00275064972868706,0.0116248051200526,-0.0144723147970255,-0.00766073079879368,-0.00450074009062489,-0.00268910039392155,-0.00867937275781959
2261,-0.0182250434986736,0.0060341681482786,0.0135262828102037,0.00729094948830748,-0.00967641175535703,0.00739683074901739,0.0139759192258504,-0.0242962154942413
2262,-0.0216472114130506,0.0055943618550063,-0.0134946637766593,-0.0354326978767954,-0.0206621888469501,-0.0366032371951546,-0.00217143208594932,-0.0372994909974034
2263,-0.0236567105273496,0.0148371930317258,-0.0174263693726292,-0.0395315126938482,0.00353763440168299,-0.0227370673722707,-0.0164037495789707,-0.0366788391702435
2264,-0.0131955813641124,0.0156891379727019,0.0113550834953902,-0.0245121406695805,0.0033867294949134,-0.0138813214291781,0.00763993483770957,-0.0149661900854666
2265,-0.01975350753016,0.0117560668777502,0.0114493041156208,-0.00980567099617891,-0.0190712429565835,0.0358314335178264,0.00124301406685799,0.0238596295605315
2266,-0.0119556834773241,0.00943369379816042,0.0253021489595591,-0.0104376424211415,-0.00278940950905599,0.0286436209673594,0.00254997627046502,-0.0119537630207636
2267,-0.0158863088273733,-0.00141254532753723,0.00922108084307873,-0.0596390215276695,0.0012523784924819,0.0178438655812479,0.00278980994341524,-0.0390198718044365
2268,-0.0104485384154891,0.00499577924760553,0.0153139363453169,-0.0388944911115108,0.0100459681818912,0.00163734356902345,0.00781885559615183,-0.018781526992187
2269,-0.00632781850868939,0.00360749531860142,0.0199459923008845,-0.0259189090518327,0.00291484124998669,-0.0112042088883614,-0.0083677886984578,-0.0256688393685106
2270,-0.00615259134195578,0.0013907113056478,0.0110637157381962,-0.0167323465325648,0.000621351052838325,-0.00442863161251904,-0.00236471454728525,-0.0127795329819113
2271,-0.0214918013631634,0.00254767991104242,0.00487784301516097,0.0108613482104349,-0.0131836906387838,0.0291084688112652,0.0186955594941371,0.0155007450386038
2272,-0.00257938566362822,0.00127507915501764,0.00868028466034535,-0.0102220278623074,-0.000445512285079194,0.000364452110655423,0.000182449253060173,-0.0112645504961766
2273,-0.00642103552826088,-0.000314065074859403,0.0199069555249695,-0.0136604670351747,-0.00162510552597258,-0.0013634744752364,0.00329884217330458,-0.0168248915842686
2274,-0.00648378596492367,-0.0139932013797349,0.0125949927460343,0.00366426059998394,-0.00478358944894738,0.00421697644980598,-0.014176560450959,-0.0129236147747287
2275,-0.0239461826092172,-0.00485192968271362,-0.00472660449564806,-7.31971636898467e-05,-0.0140812346784192,0.0244847663337202,-0.0173230591927315,0.00765486765000584
2276,-0.0168750855835002,0.0138610922303774,0.0173758996679292,0.0198488504054364,-0.0170733774093916,-0.00759323292398958,0.0177935499981367,0.0200162050863817
2277,-0.0205224029751183,0.000576583661684861,0.00357538383489385,0.0184697925882109,-0.00280426229276775,0.00890899051279087,0.00828530169167399,-0.0209511622074367
2278,-0.0226603118034959,0.0176759191386334,0.00315835862511994,0.000657973349030105,-0.0345677458231649,0.0145824404208771,0.011320576007758,0.0203152179996857
2279,-0.0150435639969176,0.0183507687823985,0.0210324373586367,-0.000634573515804243,-0.0254919745974957,0.00534930317218459,0.00291092971452735,0.00915157644512946
2280,-0.0128721232923181,-0.00253847124131537,0.0263664551536092,-0.00364579618051558,-0.00886884763509905,0.0170913675077282,0.00125588848578986,-0.00535695894777703
2281,-0.0128475065374918,0.0100732959369281,0.022775463064372,0.0126878556870378,-0.0026984691969378,0.0099269322885844,0.00674569263139505,-0.00270814345172297
2282,-0.0209653579125691,0.00274384288700758,0.0064009895899482,-0.00133538266988397,-0.00888924439667379,0.0262000185958795,-0.0139488216515058,-0.012272199534231
2283,-0.0159856182811807,-0.00815479382266072,0.0127009681566405,-0.0184593016811581,-0.01478688644679,-0.00572602599326482,-0.0323086453825777,0.00566425261435292
2284,-0.0183841540314344,0.00728406268667189,0.0171572376602225,-0.0184644676554932,-0.0179613068829149,0.0301813584900949,-0.0107730321684587,0.0109762603523755
2285,-0.00784303622480028,0.00780781662813376,0.0244610679478619,-0.00746019072678124,-0.00677195635399268,0.00257049141419098,-0.000130766762259708,-0.00599237875746252
2286,-0.0190547583114922,0.0196216608130556,0.0105033542480478,-0.0108471036159696,0.0018821036214671,0.0409167989092125,0.0521125864376779,-0.00105329199294651
2287,-0.00827233587489916,-0.0075510280673106,0.014859973076891,0.0067893857641588,0.00694376102659291,-0.012053814248128,-0.0187424852442489,0.00985673887339232
2288,-0.000875318086407753,-0.00460595368449998,-0.00317364045298165,0.00156679363152444,0.00749360327148461,-0.00759883072006728,-0.00211800947365141,-0.000864285577068406
2289,-0.0110507853984905,-0.0238340113517044,0.00657947243649965,0.00492984141909748,0.0121667854276362,0.00611023605163358,-0.00984851596256422,0.00988881475174613
2290,-0.0106323188449717,-0.0156529105242518,0.0156807716909645,-0.00777587887622774,0.0106121123985595,-0.0016274792572989,0.00401358000209142,-0.00144610970035022
2291,-0.00753917851794385,-0.0146238318971968,0.0162138087727955,-0.0166058888780452,0.00547984604751401,-0.00276269841966509,0.00274857723318534,-0.00550180625788836
2292,-0.00057179293304131,-0.000114668873904921,0.0020498147910935,0.000593120157678023,0.000449526278612573,-0.00158141193802772,0.000553590361789291,0.00549542027401417
2293,-0.0198247797390941,0.0235999914995138,0.00287095744735478,0.021784183595069,0.0118206463012826,-0.0264741023383091,0.00519820826117208,-0.0110917603311225
2294,-0.00248566852515518,-0.00529559355381924,0.00654616923765882,-0.00145245178879076,0.00509640788397775,-0.00491775918889131,-2.62806927407324e-05,0.00659426225171075
2295,-0.00192191022305846,-0.00603427942404537,0.0037839056319532,-0.00721604032594536,0.00428409548527632,-0.00569194068987055,-0.00311916043332496,0.00572782673113305
2296,-0.015081391465849,-0.0371744441786961,0.00310936944714862,-0.0277584731744859,-0.00285666948085284,-0.016809479047792,-0.00208932225732696,-0.0111659060652403
2297,-0.0244074358551154,0.025846661538391,-0.0140943323625433,-0.0181263945507418,0.00971453556171588,-0.0111232586496851,-0.0198873362489833,0.022868085954484
2298,-0.0137850510683974,0.0157503282650785,0.017309063058166,0.0145780009346871,0.0170791570018106,-0.034922843813405,0.00213816425975868,-0.00758525572635436
2299,-0.0163669628297173,0.00852128673481932,0.000618249909071727,-0.00212715507681801,0.0282385361327788,-0.0013279969783091,0.0090646144488337,-0.0101923580464573
2300,-0.0104068785456959,-0.030072883103706,0.00405569325199512,0.0123588275748924,0.0100909465695999,-0.0147847518106593,-0.0112081477997616,0.0141114796767943
2301,-0.0103369171741942,-0.0125057540827239,0.0125695508563067,0.0074901920774851,-0.00533936260118886,-0.0096742902013194,-0.0367107565253105,0.0164878036717899
2302,-0.0180136704408174,-0.0131820171919773,0.00145872605177944,-0.0361458384756443,-0.016733529937602,-0.00952717960556797,0.0183015561091563,0.006690991377173
2303,-0.0196161369015226,0.0130998908732248,0.0155867690554491,0.0253463963214123,3.33329252912183e-06,0.00567300181612595,0.0136295811015954,0.0222394911513143
2304,-0.0142880634953643,0.0127777847750961,0.0185369271321819,0.0353721761550145,-0.00373481243504036,-0.00682885700040435,-0.0242807746128812,-0.0051929663846604
2305,-0.0110568059765915,0.0162492659767043,0.0240663372840738,0.0016811276291503,-0.00856908534727943,-0.0248309006436315,0.0170955302248865,0.00414608769309942
2306,-0.0131269228864984,-0.0180815451391711,0.0136203768587072,0.00733635485782055,0.0112198667858063,0.000635866859304664,0.00983430511741303,0.00561548618108402
2307,-0.012346579499693,0.00416397538966645,0.0193249943433086,0.0042925813481422,0.0287944725638184,0.0161166269407496,0.00373842632622601,-0.00793736704135016
2308,-0.0288714203498917,0.0175124955862721,-0.020809555462763,0.0357427301909115,-0.00716752248645211,0.0101041448465989,-0.00248931886445371,0.0167573422765527
2309,-0.0262592581350793,0.0245805943433779,-0.0173156449112952,-0.0158853866753725,0.0330649047420812,0.00168784250482627,0.0375773161438464,-0.00214601738332037
2310,-0.00714810143630876,-0.0265413885675107,0.00926055153853756,-0.01089713248533,0.0146583975734879,-0.00745627672094655,0.00698920647690515,0.0134467210840796
2311,-0.0159692309107272,0.00364632501868171,0.014219911757484,0.00436069126693448,0.0297331332386676,0.00443615851999925,0.0084812699658549,-0.00304280178721266
2312,-0.0166801407291349,0.0152592569454887,0.0138495182132128,-0.0128428369060973,0.0106905648044581,-0.00551538765831152,-0.0431215972574203,-0.0105039577104151
2313,-0.0159313042869099,0.01118585636188,0.0250279271978175,0.0503326697654946,0.00974614692840511,0.00547960468930256,0.00508027237540786,-0.0131814716401766
2314,-0.0124587733518089,-0.0114853612624443,0.0116604362690599,-0.012233472247727,0.0242139500075988,-0.00690132195677257,0.0100678306363014,0.0069888175474155
2315,-0.00562883510882915,-0.00527148042250569,0.0167689639629004,-0.00109818961929338,0.00297048262994888,-0.00762936279141208,0.00462603915619603,0.00465559554691123
2316,-0.00258410260179354,-0.00353675934309552,0.0100810384455185,0.00431073994383195,0.00140155353627994,-0.00862125253383728,0.0036038633774396,0.00263857073644735
2317,-0.0152602630395002,-0.0349680433343028,0.00487371350654666,-0.0150749421221337,-0.0115202293085636,0.00722430016742204,-0.0101356973710961,0.0147160096464575
2318,-0.00850858699291013,-0.0291861155272792,0.0060650387336633,-0.0103130510370142,-0.00195723340661036,-0.0119574058050526,-0.00673800292037485,0.0121279192069452
2319,-0.0145327229817134,0.0162221880358535,0.0228467869930587,-0.0381403549897072,0.00164029009058792,0.0136714661649838,-0.0104022427155423,-0.0496572164327007
2320,-0.00822014029804977,0.0120513008015321,0.0264213689240919,-0.0165300512449622,0.00629600414584581,-0.00862059461187236,-0.0146244629866534,-0.0379869541290831
2321,-0.00649127456592212,0.00270940408540155,0.019239228586797,-0.0145367900752427,0.00384725285405996,-0.0108745615598034,-0.00836859850823126,-0.0138654501978922
2322,-0.00584591927479983,0.00737278861044572,0.0185211563323446,-0.0132745948989939,0.00705507032698019,-0.00684011304155489,-0.00262897122476087,-0.0126699246644594
2323,-0.015673260191181,0.00668712055272647,0.017747924750484,-0.0289238051881786,-0.00388362343590063,0.00920747202855594,0.00378493158230772,-0.0419788290472699
2324,-0.0201532089021729,0.00142164075442451,0.0124707604748238,-0.00227131101035479,-0.0143415071684984,0.0505503212359909,0.00565565283573576,0.00165902261703306
2325,-0.0134738571792408,-0.0023691170862726,0.0235923415821965,-0.0328231459999372,-0.0198056363354851,-0.0201401557383874,-0.0115723752357784,-0.0273663589122816
2326,-0.0169066608926958,0.00040289384439238,0.0167512874598853,-0.00116077588597142,-0.0233431141177903,0.0156269273312017,-0.00117566559325349,-0.00744406325325922
2327,-0.0133907845902104,-0.00546747721782108,0.0122787590571775,0.00189918647734337,-0.0142271020536855,0.00724728800681863,-0.00461435005928224,-0.0115677798336778
2328,-0.0110728874613127,0.00130161418489417,0.018331564649347,0.00127116318387075,-0.00976155389834317,-0.0022326875795522,-0.00880492059641704,0.00358356124089239
2329,-0.00785514763042312,-0.0086621969723284,0.0191296792438508,-0.0024519470061571,-0.00468596369827864,-0.00277993301044501,-0.00501564767172251,-0.00745995654871948
2330,-0.0160533048520242,0.00857363160671385,0.0185392554845826,-0.0161757993233284,-0.0280362585134905,0.00535146516026096,-0.0267897041411305,-0.00592429263446292
2331,-0.0114245003327746,0.000913434591116125,0.0202035850941536,-0.0253147161361233,0.00158684917759572,-0.00398813352628218,0.00949082484657953,-0.0014139717807389
2332,-0.0129294054938938,0.0144503558559669,0.00846757179844732,-0.0170687621894398,-0.0121757537915465,-0.0263721958892013,-0.00756702856358655,-0.00212190544812612
2333,-0.0222005004424622,0.00970599072680134,-0.00272333831905667,-0.0335571559131426,-0.0206796783293981,-0.00183506445374252,0.0116383891812673,-0.0116637323048709
2334,-0.0227203430311974,0.0153006885244809,-0.00488428022703308,-0.0319188070954954,-0.0178273743278281,0.00309507712004094,0.00754419978519474,-0.00457273349026788
2335,-0.025806687199914,0.012748949115965,-0.0203730094735422,-0.0359543201271736,-0.0227519346381156,-0.0131142011867982,0.0021981113558975,-0.0323873846108362
2336,-0.0170594756826969,0.00878692578301135,0.0124093800789152,-0.0341303301959399,-0.0253730269767476,-0.000589802273892229,0.0113411655908814,-0.0270582212244427
2337,-0.0165997994292192,0.0178204362088799,0.0124732435647602,-0.0243613072342172,-0.0162068354510665,0.00372771195120892,0.00837752889624039,-0.0306496286703204
2338,-0.0167173664685638,0.0123891958101091,0.0121638757211474,-0.0354529404755833,-0.0238215576036594,0.00609326766359473,0.010602548448365,-0.0158344525038536
2339,-0.0186469787678214,0.0126086436747928,0.00882943735918808,-0.0300667790484608,-0.0191876675671757,0.00308751396965611,0.0138078147170469,-0.0251072275185996
2340,-0.0050229991510374,-0.000642406724451734,0.0138038646207138,-0.00400504166786216,-0.0116120985261985,-0.0123676461344924,-0.0157035410178591,-0.000494897980564157
2341,-0.0133390954006872,-0.000766633153579918,0.0239938659691959,-0.00868016639769069,-0.019953501427906,-0.00404378007602286,-0.0104780378770883,-0.0146078913201394
2342,-0.00637424204392109,-0.00700346424683809,0.0113956892033975,-0.0048598906474432,-0.00314223751526534,-0.00217400481621883,0.00377227169318615,-0.00617964072434676
2343,-0.00646335331810903,-0.00217317079296688,0.0168694271697524,0.00221832447309144,-0.00715882441404554,-0.0017926624934579,-0.00547573043317865,-0.00873473789928463
2344,-0.00368676439624805,-0.0127092621620357,0.00748217919903685,-0.0049560286451131,0.00781792180934432,-0.0225250297523565,0.00324875104995708,0.00920824737772298
2345,-0.0224505026922445,0.0138230552988128,-0.00172947682203108,0.022834127252675,0.00636996063610162,0.0140411372337353,-0.00390004444701441,0.0352419334500392
2346,-0.0155987732665378,0.00537562771771108,0.0204725038753496,-0.0245516657422295,0.0116898249441785,4.91563080112618e-05,-0.00935288801774944,0.0439873552842953
2347,-0.0214371334453378,0.0282974087790474,-0.00400440599594221,0.000307549638097816,0.0287446932756516,-0.0402331756531764,-0.00102017260065961,-0.0152492111453624
2348,-0.0262601353842662,0.0126542654837982,-0.0198322818403418,-0.01682881844562,0.0300655110544872,0.0185305214761633,0.00323809561812582,0.0337180280241013
2349,-0.00156961838942096,-0.00408287063702414,0.00384612849881573,-0.00230492866099779,0.00349768226336313,-0.000911695154606739,0.00118430200481514,-0.00133044067060755
2350,-0.00367898169819933,-0.0105130973193979,0.00659552007145003,0.00283198602864239,0.00864997497248777,-0.0056368537189903,-0.0112829587992035,0.0021229382628899
2351,-0.00391962443188766,-0.00739135856014585,0.0131070059359388,-0.000479779905911951,0.0083692011217134,-0.00666459462704991,0.00360488730195528,-0.00382546833511639
2352,-0.0168347863568837,0.0191342926179652,0.00478745771292125,0.0256944735697548,0.0168642726473003,-0.0394152830867704,-0.00336749571603645,-0.02544281036826
2353,-0.00904885066749436,0.0123857645070975,0.0233657165195253,-0.0200051072893415,0.00753338276818187,-0.0141024699730338,-0.00256131077066971,-0.0168423559085516
2354,-0.0117148218943546,0.017243071865856,0.0195023908217694,-0.00189747787484997,-0.00660658717203534,-0.0201306942860872,0.0168238073603932,0.0206478828241761
2355,-0.0183637850432801,-0.0124282847679142,0.00764062879494068,-0.0334105984584779,-0.0158928446199444,-0.0185494768611985,-0.00630406884552981,-0.0289997002723558
2356,-0.0164167624574788,-0.0206362469866865,0.00489553473842856,-0.0172943160230537,0.0086759276594259,0.0286424773821227,-0.0183342576662225,-0.0116967793878758
2357,-0.00689776429312796,0.00195267700771175,0.0258608017624569,-0.00190957042178558,0.0096394308230992,0.00176149262946027,0.00571228861816368,-0.00341585824468536
2358,-0.0173601275004176,-0.00605351701537268,0.00558439778201506,-0.0436606255060443,-0.0158181453589586,-0.0230522085608725,0.00582364644772918,-0.0218328312292013
2359,-0.0151453617463185,-0.00329843866770274,0.014271441687864,-0.0446499759585654,-0.0193784160154049,-0.0225527962680935,0.00259564983404723,-0.0174120351371772
2360,-0.00909988048290157,0.0125664846005427,0.0153126870921694,0.00756970660427515,0.00181339955839353,-0.0274478390456966,0.0113978146372583,-0.0162670410996126
2361,-0.000865321582506229,-0.000438091131479313,0.00333420800803101,0.000509835017120805,0.00182925595111479,-0.00306013392410742,0.0026547561780764,1.61064768182794e-05
2362,-0.00258575784622128,-0.00740840254099662,0.00431746348223978,-0.00610956526630496,0.00876159858412258,-0.00588637708207591,-0.00800804659225029,0.0199188991361617
2363,-0.0140335362719031,0.0115875400689957,0.021312618839406,0.0290683067682957,0.0176120566594045,-0.00649809169487428,0.000190363945593434,0.0132943665799627
2364,-0.00633800418118798,0.000879287847270999,0.0214675069584177,0.0141990352486976,-0.00765556012671497,-0.0111653088702215,0.0112950486985082,-0.00841222756023017
2365,-0.0163871357478922,0.00670197242262815,0.00964102828894173,-0.0356440199936661,0.0329283989540057,-0.0236029107735713,-0.0143598113550723,-0.0217127480465084
2366,-0.0144409085474252,0.0059656371555071,0.0268704188667248,-0.00104228206536793,0.00969407884245489,0.00887510605940857,-0.0237396822852369,0.0186450139200551
2367,-0.00350818892649137,-0.00901661849554706,0.00695042301384832,0.0101693958828055,0.00276321010819253,-0.00574225423592481,0.0127993440208055,-0.00648948872333549
2368,-0.000915234762858183,-0.00183673740368117,0.00310345533532874,-0.000395996840213988,-0.000136393242796171,-8.31778399658007e-05,0.000247375971563746,-0.000622633748833242
2369,-0.0225352086600588,-0.00465024472581762,0.00348233263942331,0.0310995501817384,-0.0414983412814093,-0.0105389016754139,0.00798290245005245,-0.0243212151597454
2370,-0.0089679021498936,0.000706807450247237,0.0207740515676639,0.0145986404278726,-0.00469144287568867,-0.00808457733007156,0.0249400001736103,-0.0114249376308601
2371,-0.0191157229068227,0.00678228704127813,0.0109131029170185,0.0197935789665954,0.0200172517432912,0.0190485144008332,0.00345377462335762,0.00822006550307526
2372,-0.0126432477794519,0.0200561306805719,0.00869686926499707,-0.00650426042189912,0.0140207955491961,-0.0167992756115082,0.00256733341618935,-0.000481942810204328
2373,-0.00536509974636415,-0.00928311025069409,0.0114952637973949,0.000988740690482834,0.0045252504074833,-0.00421405082057655,-0.00651024175583678,0.00546626053672266
2374,-0.0161839652539459,-0.019008071648213,0.0112056140860886,0.0331867967880605,0.00851330806151509,-0.00074280192055706,-0.0176943461150434,-0.00842394948583243
2375,-0.0318411141282638,0.0352822200829789,-0.0341511484484116,-0.0155661087141822,0.0168309576878241,-0.0232870926556705,0.00834003420924588,0.0349511196647439
2376,-0.0230782885992367,0.026345146577384,-0.00831484722876438,0.0232436160299619,0.0252147495767468,-0.0190200455761255,0.0257483840255817,-0.0016949117163669
2377,-0.0115093063984827,-0.0212586390952703,0.0110973228856714,0.0154129863551398,0.0160260108896105,-0.0139271837005147,-0.0105062057677283,-0.00166663937802398
2378,-0.0149872386715845,0.0212863854795577,0.0129386422865573,0.0125024816482212,0.0111687188193283,-0.0283748534146979,0.0107798115145716,-0.0227384014144046
2379,-0.0188569997833986,-0.0327807435949731,-0.0236273558004057,-0.00157239161458361,0.038867220658192,-0.0128552676543341,0.00377434726951126,-0.0153213791961385
2380,-0.0011679920865306,-0.00449289430562986,0.00204242044962358,-0.00120858059236795,0.00218176165050572,-0.00248617510258116,-0.0036309288339356,0.000142095657419802
2381,-0.00985272250676175,-0.0192673318222329,0.0161664999107865,0.00296531894240731,0.00825368349336365,-0.00653344569977297,-0.00591442398473271,0.00316494088290597
2382,-0.0021702091209112,-0.00215637071441596,0.00450136721744449,-0.00465046184895512,-0.00242696289906082,-0.007262157042493,-0.000141443104184168,0.00223045252599154
2383,-0.000837573357820327,-0.00280457387065031,0.00114687097205529,-0.00173088882119381,0.00377697962568563,-0.003228321811735,-0.00219481692626813,0.0107035563351521
2384,-0.0271190534619707,0.0176616334773169,-0.0235277603614865,-0.00792911327366741,0.0338278532205827,-0.0207292485706354,-0.0032643694294965,-0.0033967112687448
2385,-0.0211598126338319,0.0208212180312846,-0.000988892981137154,0.0289433617589812,0.00758900115618118,-0.0353726130856663,0.0167129839928758,-0.0143713147275703
2386,-0.0122774571444498,0.00774315166976957,0.0262194958329283,-0.0139037452038954,0.0140891983796919,0.00657848783013943,0.00750616307910661,0.0364097430874262
2387,-0.0205821755255347,-0.0203239185571876,-0.00947720057583826,0.0192271014534619,0.00296054967534999,0.00548310497122014,0.00205240306831097,0.0194220333146895
2388,-0.000857689399561965,-0.000172003310857382,0.00307472218664024,0.000889680236517035,0.000674289417918861,-0.00237211790704157,0.000830385542683936,0.00824313041102126
2389,-0.0128291144451273,-0.0222034848192468,-0.00423552249610235,0.00409063049100901,0.0426243226764098,-0.032927100614136,-0.00183563058490174,-0.00463112805787496
2390,-0.00655900429149456,-0.00623189156051252,0.0193830449682113,-0.00533416807792715,0.0159900112565331,-0.00897885665217989,-0.00590325194027425,0.00177313271205008
2391,-0.0140524918284978,0.00743584508126621,0.0247988757448673,-0.00280288714435063,0.0148843549121863,0.0139644936450469,0.00570109948867769,0.0119295935020129
2392,-0.0118773530697787,-0.0131576233116012,0.0145396235915974,0.00381628077252454,0.0164998900357341,0.0113027541902662,-0.00483658369016078,0.00989968813794093
2393,-0.0103523560033703,-0.0168652944082065,0.0186557697769133,-0.00165996303947641,0.0212490645588229,-0.00315276471577383,9.8413667152971e-06,0.0079937404554207
2394,-0.000324073399309802,-0.000610327653997214,-0.000809805171364452,0.000460835418210016,0.00241299314114745,-0.00676609145278678,0.00102040649592465,-7.38157444128164e-05
2396,-0.0119734056948926,-0.025836138374473,-0.000444304024933503,-0.00768609152466503,0.00896655579189773,0.0123568866013139,0.00972319749597748,0.00586605073845515
2397,-0.0132731865745689,-0.0232696810495552,0.00566228681112425,-0.00745650395526607,0.0187854172059491,-0.0184466519686333,-0.0135498868431942,-0.00273396418659962
2398,-0.0184877631934496,-0.00328140327648285,0.0102937733536673,-0.00809815956643021,0.0427367809371003,0.032085747903138,0.0136369456288402,0.00747531657240256
2399,-0.0104395498731922,0.00866911812424082,0.0289613965740035,0.00598354490385457,0.0186819207574966,0.0125519514534513,0.00234867716212292,-0.000284149636081214
2400,-0.0213736535640494,0.0177025089382272,-0.00651537943677044,0.00833099224401803,0.0158098524215086,-0.0311819805849463,0.000606213860674775,-0.0188247088018243
2401,-0.0281306898330554,0.0014660786967612,-0.0411331388220866,-0.00705710978266912,0.0370951523382386,-0.0143638915828758,0.0116942447902321,-0.0449110511387071
2402,-0.0207243718950207,0.00484316553500063,-0.0141079059189721,-0.0288618156358624,0.0386130208433845,-0.0286805517221353,0.0311642541008101,-0.00599864405445635
2403,-0.000202384795290605,0.000283657478359965,-0.0016697606152528,0.00124795851941108,0.00114342557992265,0.000819214657621552,-0.000272075502488653,0.000703640615803132
2404,-0.0218161366785681,0.0351162717178758,-0.00144957952726382,0.0116209556074673,-0.00620799099737535,-0.0439883715380005,-0.0198691731224018,0.0184367296615679
2405,-0.0144784689746748,0.0194045774117348,0.0182890782649172,-0.028059615305568,0.0297769952157994,-0.0211629265838976,0.0256028237141906,-0.00643190642570887
2406,-0.0159355129848141,-0.0201400746346465,0.00322736016037598,0.017418135012276,0.038970162994137,-0.0252870287748172,0.0112259795156663,-0.0257502685263824
2407,-0.00147565610749477,0.00174835408813592,0.00477026004532658,-0.00532417028340867,0.00349580577866264,0.000409632420960249,0.000595721827959862,-0.00132833334579002
2408,-0.0164410799190363,-0.0344459437149521,-0.00309810075077407,0.0133818883383804,0.0106327431571106,-0.0184456052609371,-0.0133026546312038,0.00220355753674966
2409,-0.0116157973907042,-0.0318096548864569,0.00514550439142033,0.011729177217846,0.0247740061669396,-0.00567763586747536,-0.0098218091218738,0.00925459405219041
2410,-0.0178415839076905,-0.02849138025667,-0.000285584835816996,0.0231342043245433,0.0199062631515808,0.00310607837717366,-0.00889801088944666,-0.00252960154372031
2411,-0.0177537097183048,-0.0374637024700139,-0.00318074156653024,0.00701149798260351,-0.019393377319254,-0.00825092994694401,-0.0101159513824495,-0.0159419472343976
2412,-0.0173513941032486,0.00511959934005676,0.0133731273565803,-0.0267073014797739,-0.0123802435166001,-0.0121963347509021,0.00703118337551101,0.00392044954988295
2413,-0.0070546237240817,-0.00130660352082335,0.016818127841772,-0.0195881539038458,0.00641537027977247,-0.00557851523499079,0.000193470304706929,-0.00861897051872667
2414,-0.0156532357729649,0.0183270928275543,0.0226412418697173,-0.0175923769521174,-0.0127543740047825,-0.00216037020460387,0.0132049822977418,-0.000288958000111146
2415,-0.0174344434932676,0.0106360952746681,0.00493879503545302,0.00212171286542525,0.0020859543134458,-0.000605799270592938,0.0219663928884744,0.0275457371616895
2416,-0.02212938000114,0.0289996645452993,0.00385632400004954,-0.0178885989999527,-0.00888904186553294,-0.0537350604355948,0.0173744026428765,0.0432819236448455
2417,-0.0137716836989383,-0.0202592565423519,0.00773774871318075,0.0231659868898776,0.0133272966238422,0.0215045075109675,0.0229475525184702,0.00945860995534449
2418,-0.000677704613499986,-0.00253759022592641,0.00128878928775212,0.00101725906365543,0.000346362683260095,-0.00102014389263568,0.00124097583373948,-0.00250304113096304
2419,-0.010232043347277,-0.0222400185776045,0.0110412486594717,0.0112558963164538,0.0139232306263641,-0.000609609946975199,-0.0144787967410187,0.00189364705240643
2420,-0.0155351744022393,-0.0190045193324297,0.00969794174914668,0.0160806635172842,0.0196810727192035,-0.00542075820245247,-0.00430056741951194,0.000266257870425996
2421,-0.0230428278988436,0.00740453201944472,-0.0153819653787633,0.0118226188875388,-0.00106495797978813,-0.0268832000775777,0.0256199347234383,-0.0194649579443798
2422,-0.00169136915328901,-0.00362374096031595,0.00202858798084838,-0.00461429455566809,0.00598514923294378,-0.00754518584239729,0.00988844653309982,0.00514193638221742
2423,-0.0183928987758358,-0.0276810133230379,-0.0158700079226353,-0.00747334788540806,0.0275998082870013,-0.0177826934867982,0.00173254928619009,0.0293521085048335
2424,-0.0120677918447654,0.00792211247130347,0.0244338590352639,-0.025295452924495,0.0139683873666443,-0.000851210881673405,0.000596391649111633,0.0334720234934374
2425,-0.0108492521332993,-0.0202942267564788,0.00879127134694226,0.000550559557603781,0.0164156192565347,-0.021234297726526,0.00258178771529811,-0.00472888005433891
2426,-0.00415683823264698,-0.00480554051706208,0.00708086213013579,0.00577688112241687,0.00683550725370665,-0.00800323397630091,-0.0185749723241538,0.00777307371973252
2427,-0.0250062748944693,0.0383301023339182,-0.0158780580028066,0.00497512427824633,-0.0154078664313862,-0.0279900596483139,-0.00966897950310893,0.015035664389228
2428,-0.0151014107791714,0.00371775905274972,0.00759777429118753,0.0253758192055899,0.00748354977907693,-0.0288009717387731,0.010112798320253,-0.00188814949795575
2429,-0.00998314811365953,-0.0277407215715087,-0.00690759960821457,-0.00468848488360648,0.0318769592372601,-0.0352164666158621,-0.00606638780609837,-0.00853984289534144
2430,-0.00075923432771708,-0.00270298867299593,0.000498331780586215,-0.000508750520594561,0.00331816569903707,-0.000186111063729314,-0.000807904190211098,0.00157514386324844
2431,-0.00396514887679169,-0.0185017351959671,-0.00538663811249785,-0.0126106528171599,-0.00525705775359365,0.007457317873759,0.00509896872520234,0.00632308192619486
2432,-0.0188308251582669,-0.00498556884784824,0.0101333541477898,-0.0220345332798155,-0.024413164556257,-0.0266209256531044,0.0111229360936706,-0.0178179574795432
2433,-0.0138849007142061,3.55745153285945e-05,0.0245050087526129,-0.0267782504037176,-0.019184502332847,-0.0232302176918149,0.0022272519633571,-0.0189125256718579
2434,-0.00801218422334412,-0.0044643403659288,0.0118819507511497,-0.0262025048792762,-0.0171558872137012,-0.0239370118113582,-0.00550218224323284,-0.0218067070561698
2435,-0.00375431328892301,-0.00738693197395119,0.00783201724058624,-0.00925455004701123,-0.0079173594680749,-0.0156818165713156,-0.00230882011364538,-0.00573030641293169
2436,-0.0074973784511074,-0.0128722032098529,0.0138466256163106,-0.0189286537965311,-0.0145848635509836,-0.0192244837723403,-0.00821586091965588,0.00149201079849824
2437,-0.00839780416453675,-0.00734902020972413,0.0219563604681312,-0.0211887142912898,-0.0126393456531603,-0.0196195143154496,-0.00149525914090924,-0.00997872989072621
2438,-0.0155168427543763,-0.00784524776188831,0.0154098152338075,-0.00269053853538402,0.00755394431362244,0.00732206798038733,-0.00394382823768153,-0.0433994047002585
2439,-0.0247942054472161,0.0185686446007376,-0.0104304470389089,-0.0005915822649125,-0.0268153700651435,0.00414287186618388,0.0162752438097434,-0.00838872073880139
2440,-0.0211655152907562,0.0176985951312017,-0.000179476826837427,-0.0085099965586793,-0.0172488648923702,0.0142654565304136,0.0168634163049516,-0.00754170727858543
2441,-0.013816450372649,0.018398095458066,0.0203727261262544,0.00204566288061539,-0.0129650382018201,-0.00435814745017368,0.0175691221845156,-0.0123511207056027
2442,-0.010120454950547,0.0193603126561135,0.0250768372650132,-0.00214797219482351,-0.0139674666069245,-0.0106139419970992,0.00505220734570311,0.00187176267860277
2443,-0.0197939586106241,-0.0154314618775251,0.00559127521010545,-0.039164143121391,-0.0329566446576607,-0.0149958058263307,0.00805586635409083,-0.0293885024928633
2444,-0.0146775756484039,-0.0111777153432091,0.0173071741817685,-0.0275905019715938,-0.0256300005745887,-0.00610439591752526,0.00383298024628258,-0.0255186347590316
2445,-0.0090917546255364,-0.013350732800282,0.0183702695389633,-0.0248683152045764,-0.0160842712422911,-0.0163059257675871,0.00687895768952612,-0.0184632256134656
2446,-0.0107460748678944,-0.0130825420396684,0.0183494618944135,-0.0321977008081515,-0.0156690268813084,-0.0177351201950806,-0.00113087504325046,-0.0132332896629377
2447,-0.0225607726245992,-0.0186955697091484,-0.00870158848850589,-0.0331044400210882,-0.034522022977937,-0.0181963124279148,0.00981907817041677,-0.0306928846766933
2448,-0.0133844486832112,-0.0185099257673109,0.0155430747345564,-0.0280081131416357,-0.0224528015850791,-0.0207845037167591,0.00222260425447249,-0.0243569544657067
2449,-0.00872892697571997,-0.0131510216851023,0.0200930732651036,-0.0202544431434914,-0.0107312956329522,-0.0148869539313547,0.00165746077246645,-0.0133279695408559
2450,-0.0137222130780857,-0.010111583251169,0.0155065264765524,-0.0285645917787554,-0.0239058477856,-0.0181661261725052,0.000255521856836383,-0.0275398736408584
2451,-0.0106598442729962,-0.0131628297726021,0.0203160038592762,-0.0258675587233606,-0.020607656119504,-0.0123907851638865,0.000588206157597945,-0.0290481339023511
2452,-0.0094271890466602,-0.0147428944724674,0.0127324250437949,-0.0271965383353039,-0.020856257917969,-0.016291299049068,-0.00292519475213794,-0.0165703586606364
2453,-0.0168265823944112,-0.0155021292726088,0.0135214831128979,-0.0354886331070382,-0.036360729980839,-0.0120229075503596,0.00357815063159557,-0.0369134714536687
2454,-0.00591229036910815,-0.00115249461637105,0.0150914896291568,-0.0167160784333591,-0.00104710316949202,-0.00316997427705547,-0.00959124002053623,-0.0317188965500628
2455,-0.00978272338153783,-0.00540741120211177,0.0240083005580042,-0.0269359793322136,-0.0181658238053095,-0.0217681250262156,0.00974897723829643,-0.00759594599184769
2456,-0.0237167068291543,0.00531644856151603,-0.0258629117598252,-0.0118870082329816,0.000576246145357484,-0.0398241043002037,0.0568679966537942,-0.0654963344396244
2457,-0.0055350237741391,-0.00770898237528433,0.0161398323666886,-0.0149098487324047,-0.0114215284263985,-0.0171865646354823,-0.000209742501740148,0.00668398632982067
2458,-0.0109516230603142,-0.0125328315904995,0.0162833398438457,-0.00934057028615139,-0.000719224221328742,0.0080141732583644,0.00946238847613045,0.00648148371329796
2459,-0.017885353203047,-0.0170392911473941,0.0113204662942861,-0.038280093714098,-0.0420718140738362,-0.0263937301124246,0.00255093069293517,-0.00449789771418572
2460,-0.013680327844942,-0.0109443229194084,0.0153499910633037,-0.0332038679264925,-0.0361599750353643,-0.0328978215800145,0.0124147128438068,0.0093557918334643
2461,-0.0244580974978021,0.0075766035715179,-0.0112094945546136,-0.0309181735152003,-0.0424476998123091,-0.02897104271312,0.000138329942255666,-0.0169506313301381
2462,-0.0106722420113965,-0.0101665153489673,0.0181956711445272,-0.0307197812493799,-0.0219678244185259,-0.0299538776278543,0.00717447665854994,-0.000525774102521093
2463,-0.0243109924866158,-0.00507688395366634,-0.0149213494177746,-0.0401722409494062,-0.0346662904275491,-0.0297345726680904,0.00855764859339001,-0.00379903619159415
2464,-0.0128825338386148,-0.0078047471899634,0.0193839821779935,-0.0359726725895158,-0.0320453394643806,-0.0295128337360938,0.0140140992723436,0.00393229566546588
2465,-0.00779808613432264,-0.0146220162420647,0.00648942073244659,-0.0302938503828915,-0.0131313638611427,-0.0209121115923846,0.0126754855655937,-0.000466181459976179
2466,-0.0097715891893083,-0.00773414833633656,0.0180557317665416,-0.0247376267835685,-0.0283699088108021,-0.02124349474298,0.00359247594788064,-0.00134766779674717
2467,-0.0135879088064369,0.00959367571325073,0.0194782114874352,-0.0211486425462307,-0.00332538660317531,-0.00586020472851792,0.0180268414213595,-0.0178183020410027
2468,-0.0179561102833124,-0.00182459312535908,0.0107829321537528,-0.01476705401573,-0.0442672295835521,-0.0448277721554065,-0.0197183980266498,-0.0169147712391292
2469,-0.0234708862080024,0.001881508907277,-0.00394674132537734,-0.00192122168185477,-0.0331652910177003,-0.0405996394179862,-0.0206833527756912,-0.0146825451464984
2470,-0.022910182069498,0.0144755419716806,0.00167917762616967,0.0479229730659053,0.00361215651492323,0.00341816684070288,-0.000532958181146716,0.0169703112358109
2471,-0.0216340825959632,0.0243581019283003,-0.00557500988298598,-0.00893800941036486,5.64787824468155e-05,-0.0232735581347247,0.00687353399204633,0.00966835792763278
2472,-0.00419688821739438,-0.0163441508217614,0.00620902033456912,-0.00659403596691985,0.00758454431367602,-0.0135700863963378,-0.0083051311732477,0.023270990080365
2473,-0.00695233788287855,-0.0149887643672706,0.00947406809129756,0.00298241953522267,0.0166131304399889,0.000787256875183762,-0.00345467835621418,-0.00103809971658948
2474,-0.00465974890657613,-0.00903035718660462,0.0139818771155384,0.00126467168077607,0.00763592694796593,-0.00724484110245342,0.00448888501589531,0.0140064647210153
2475,-0.0191274388525218,0.0290824951599665,0.00647197776109018,0.00676487596135749,0.00702505727527605,-0.0274053634878812,-0.0162585665344611,-0.0284040603375319
2476,-0.0221029665552694,-0.0249269553814297,-0.0244478739497386,0.0136219457133265,0.0194455841394104,0.0104875175037953,0.00488508465030522,0.0113664774166661
2477,-0.00798496915301321,-0.00901682849379023,0.00744808529879874,-0.00267210400845563,0.0258101931969209,-0.0107757336730058,0.0121380403767827,0.00162858465988314
2478,-0.000950866349147657,0.00150058231128084,-0.000899993557057529,-0.00222396404860555,-0.00122507201318197,-0.00161914168377057,0.00172547186826111,-0.00173708070523784
2479,-0.0118086498323059,-0.00992638269361522,0.0177870403301249,-0.0281484653009348,-0.00558877320435764,-0.0174367814943396,0.0164722166142772,0.00741316548192473
2480,-0.01692834284942,-0.0266402631484571,0.0109475139548654,0.00296305881832439,0.0266313331490447,-0.00165372934206324,-0.0108541464597546,0.0112198656828488
2481,-0.0238967763710072,0.0351846274918083,-0.0141105145048471,-0.0153066473072509,0.0280442909605685,0.0103443714660796,0.0286377895117825,-0.0407415024260025
2482,-0.00209543037849719,-0.0062359308867197,0.00480962740831166,0.00129346332002374,0.00162247465344061,-0.0062977786636126,-0.00558506712969364,-0.000958686107657034
2483,-0.0281218874686005,0.0118163350682789,-0.0303455529554221,0.0206466731739991,0.0149658750011839,-0.0119709166275578,-0.00348131046385491,-0.00883506293490444
2484,-0.0242728710784388,0.0195913106628613,-0.00676494921835718,0.0274108267758666,-0.0057486135448639,-0.00936827516583175,0.0243421484394024,-0.00975695494571263
2485,-0.0213166695759878,0.0322715609028746,-0.00370370394590914,0.0135179612284856,-0.00219440709210364,-0.0446494637377824,-0.0417800644449489,-0.0180975568064091
2486,-0.0113767432317521,-0.0228281938404729,0.00823050986259367,0.00420917240360401,0.0190699594458602,-0.00114283935529588,0.00921867717531505,-0.00468890600096597
2487,-0.0240377516630978,0.00352058504757259,-0.0158530058826086,0.0299985599095017,0.0179507081023202,-0.0286292016526443,0.015124408720572,0.00989101385804374
2488,-0.00735373700055054,-0.016055929391069,0.00446955005972905,-0.000305798109774878,0.00198822605443113,-0.00634323104555459,-0.0122593789759882,0.0102190432387486
2489,-0.0303378091285258,0.0127269113570706,-0.0366599909934738,-0.00947836878816325,0.032413345347931,-0.0191651337718766,0.0158055967811363,-0.00171766739795068
2490,-0.0230102299793096,-0.00663865769858868,-0.00709231141461926,0.00439362781505702,0.0257596232923016,-0.00621558630054251,0.0310561657351235,0.000647404491951473
2491,-0.0203510089720051,0.0400823897355165,0.00105244507877032,0.00135959187144478,0.0208502380221546,-0.0143517930721902,0.0137414073872989,-0.024725126490337
2492,-0.00251157744721101,0.000434795364603352,-0.000350788862806213,-0.0043326244868462,0.00522231600224347,0.00269070899943432,-0.0100875785529902,-0.0191279383226232
2493,-0.0171128246151669,-0.0190519016315229,0.00218438732660856,0.00864170377357706,0.0201503287935209,0.00533576625294148,0.0152082757804147,0.0086597662224375
2494,-0.0117908639175595,-0.0300261138171214,0.00494826789899254,0.00378824300604359,0.01835737401021,-0.0132227690026508,0.00115306586375196,0.0174081993712459
2495,-0.0215781129245776,0.0194886909822053,-0.01160820511519,-0.0142640716941563,0.00671687678832062,-0.0337106966771668,0.00394723145192884,0.0045613565320933
2496,-0.0258099300486791,0.0160886976936791,-0.0299687702609165,-0.0398754184716658,0.0491573984020041,-0.00270861013183085,0.0428387335703606,-0.0206307408312907
2497,-0.0136385578073744,0.0282925763015712,0.0107086034206688,0.00405728729280272,-0.00139553402955452,-0.0372358927968822,0.00415199990210835,0.0148040841195275
2498,-0.0213077400932891,0.00241906128629372,-0.0157631884025468,-0.00756204093033079,0.0307269048095845,-0.0114949727941349,-0.0127898635986526,-0.0127076067086933
2500,-0.0106592959194794,-0.0280835236011617,0.00973611868862033,-0.00277277470329449,0.0147163499610578,-0.00948531082348541,0.0049473810162192,-0.000237733229181527
2501,-0.00303710961713931,-0.00953244048745972,0.00573166787834711,-0.00837574138705742,0.00662515872151791,-0.0114580171413999,-0.00787102496314822,0.0225100615435105
2502,-0.0264209244317041,0.0400270465880868,-0.0183667733203451,-0.00723381379075418,0.0297746406515562,-0.00151480741725445,-0.0150035589840193,-0.0198294507245536
2503,-0.0244684783887154,0.03002758812753,-0.0120411982882065,0.00345765520015453,0.0215478286661126,-0.0392997047613928,-0.0340280066699795,-0.0304223350514128
2504,-0.01227782500838,-0.0316514147293405,0.00353732207423961,0.0169487791100184,0.0071344504346458,-0.010722155014893,0.00107575486062727,0.00949864454395398
2505,-0.0193789141517689,0.0162321473173429,0.00214893606636033,0.0147440626881791,0.0116910822514625,-0.00604438053472957,0.0431947407880603,-0.00706534270172805
2506,-0.0212838382617294,0.00912063471333536,-0.0184994601370723,-0.0180747919032871,0.0358123750330725,0.00173612989642426,0.0104929701751668,-0.0719658158186731
2507,-0.0106115163469717,-0.0197434632791177,0.0140482465975521,0.0202597540810776,0.00887811866856503,-0.0135819469556858,-0.00424417270612804,-0.0039660702382773
2508,-0.0227600357625374,0.00324193248908229,-0.0311745692826726,-0.0305165179773866,0.0386632371992247,-0.0245617047232407,-0.0364615015810924,-0.0474335041857299
2509,-0.0153098367051702,0.0239742054956762,0.0137797236898569,-0.0146304912183422,0.00692429945350044,-0.0501350559413081,-0.00970650247419618,0.0111891373039701
2510,-0.0156201346668898,0.0156693475354739,0.0166158773581413,-0.000716207282483989,0.0247275684789282,-0.0242863669227322,-0.0132655456018889,-0.0214593557997511
2511,-0.00471528401400476,-0.00480303035044233,0.0114182725144446,-0.00258984262047627,0.0100126488763914,-0.00985021052049284,0.00580126291012703,-0.00952094252886577
2512,-0.0291805697513942,0.0258508591259665,-0.0283040578002645,-0.0147439859514155,-0.0143878937829975,-0.0179258576919734,0.042329407645282,0.00147235715343975
2513,-0.017809066050606,0.0197125484355226,0.00950180484761247,-0.0153428628660684,-0.00656659699312904,3.35540608832535e-05,0.0300810981617467,0.002804673210742
2514,-0.0208795885442778,0.00891542807924076,-0.00435125102444285,-0.00130474289123641,0.0262172379146946,-0.0189773001981978,0.0225844068234593,0.00617302607761422
2515,-0.0141242529691409,0.0264474510430576,0.0149648995622423,-0.000845184849126197,0.00600361173210847,-0.0472711145486541,-0.0114212197003166,-0.0215435529651562
2516,-0.0133297759493183,0.0191541640782645,0.00715901161425843,0.0149872478620461,-0.00468422140354806,-0.0284270428348504,0.0239440694114884,-0.00423646517046486
2517,-0.0177703599760036,-0.0138496206064825,0.00171670325654433,0.0153813449412604,0.0322994265682705,-0.038774129815503,0.0192042540086771,-0.0298437379429811
2518,-0.0183769842315243,0.0277822841892138,0.00760939496857182,-0.0122820494503696,0.00502114257453288,-0.0537519757449779,-0.0203704955616291,0.0120763057416674
2519,-0.020288186308326,0.0143069813070061,-0.0149694560537594,-0.0172589441057727,0.026267239334443,-0.026849745586184,0.0688917794962356,0.0474713451681179
2520,-0.0199885259046235,0.0284622792894228,-0.00156554772458393,0.0429409960740762,-0.00463428323565055,-0.0421774552577104,-0.00506157575926061,0.00906045068648728
2521,-0.0158981526119935,-0.0246557522977453,0.00728215987478338,0.0145776661870793,0.0374482291928455,0.00639594361154651,-0.00593740426617869,-0.00949554705160962
2522,-0.018338556799592,-0.0360821311407027,-0.00700972782348775,-0.0314219344250257,-0.00994807071046012,0.00257118503737792,-0.00303892813572354,0.0190278187273571
2523,-0.0100161236947487,-0.0304005803153873,0.00256426352956062,-0.0217150563943063,-0.00239629269501852,-0.00651835048304165,-0.00364889726793732,0.0104641875244081
2524,-0.0254935766638142,-0.00705335444756122,-0.0120142478619148,-0.00929562204591143,-0.0301219323473776,0.0274513233686409,-0.0199754532066892,0.00881832702053041
2525,-0.0193115746371683,-0.0297096860759907,-0.00505860155315837,-0.0178889302595132,-0.0044603149942867,0.0178322841936963,-0.0102691372041903,0.00436014251288613
2526,-0.0171178285745684,-0.0316411438100002,-0.0100413448412294,-0.0123847732682381,-0.0151643225846348,0.000299274550837939,-0.00276397253891737,0.00143131677794518
2527,-0.0187878088003074,-0.0484091516187393,-0.0195994607374097,-0.00587276518751322,-0.00524331941797013,-0.00348912792545577,-0.000671292482008589,0.0115637118473972
2528,-0.0159837861224172,-0.0473328354400445,-0.00750168134222273,0.00314783620573645,-0.0121703862736903,-0.0107920675456061,-0.00399766880148309,-0.00728492129536244
2529,-0.00894795843373638,-0.00111102659747074,0.0242194865625379,-0.00433686134761706,-0.00172883890735977,-0.00547058383473207,0.0225597389368225,-0.00814843257043956
2530,-0.0233929650227143,0.00885033257629089,-0.0204166935081387,-0.00868832072735757,0.0122207998925615,-0.0201293644256222,-0.0110370553711814,-0.0261424846360766
2531,-0.016862276166028,0.0218804986481109,0.0187958774578872,-0.000513508143635112,0.00640474821787357,0.0158897301085315,0.0252577836093774,0.00414716623350451
2532,-0.018166079168865,-0.00807136940610269,0.0150634241794855,0.00663354467867604,-0.00140678663868779,0.0380386737943484,-0.00386771048993141,-0.00128388631356718
2533,-0.0075712817079602,0.00354605451222858,0.0253626024057901,-0.00776379957477619,-0.0100434752869317,0.000552236736762943,-0.00873146060874022,0.00106207850910585
2534,-0.0140562548626744,-0.0230945867956192,0.0185380596948012,0.0153684255488312,0.00346716582924723,0.00312450356592953,0.00751260809265864,-0.00693754491348012
2535,-0.0235014976166757,-0.00473535140838,-0.00225093367502658,0.0365837195941586,-0.00715245989475733,0.0316722699116871,-0.00533087096387976,-0.0490440182748
2536,-0.00450641024066785,-0.000421401508926946,0.0145497065401958,-0.0224771457424248,-0.0100167354503946,-0.00895279165948819,-0.00874247510371654,-0.0215717602437648
2537,-0.0114703741679612,0.00365166315885897,0.0291412896320587,-0.00578674752700538,-0.00881411658884359,-0.0114429091333319,-0.0227575490135095,-0.00103155716784009
2538,-0.00057179293304131,-0.000114668873904921,0.0020498147910935,0.000593120157678023,0.000449526278612573,-0.00158141193802772,0.000553590361789291,0.00549542027401417
2539,-0.00873203897950341,-0.0179193223350856,0.0120425312020149,-0.000453877440291151,-0.00209426931248394,-0.00588736726645768,-0.00263625964821901,-0.00526156536698897
2540,-0.0128556647618417,-0.0244580774513212,0.00754164783104543,-0.00397457580458654,-0.00887932056855337,0.00633799181139601,-0.0088931769050866,0.00135156275144458
2541,-0.0213308793427408,-0.0112712786117724,0.00773747617923095,0.0137492687374928,-0.00459256167743183,0.0350894051086714,-0.0116779295469442,0.0103271073445096
2542,-0.0230646141470051,0.00410638483974059,-0.0152462778297591,-3.69081362610015e-05,-0.00127507317919578,-0.0221365377571312,0.0649584858379726,-0.0442311396298917
2543,-0.0209664710686849,0.000597079092418986,-0.00110251296179465,-0.0062298859650733,-0.0157774050619103,0.000264908714701236,0.0336185006758516,-0.040005047239292
2544,-0.010475715458505,0.0123834337455462,0.0185607506225936,-0.0133040790940328,-0.00465656288719028,-0.00631518763687979,0.0108699545228179,0.00191878186588027
2545,-0.0139136591005782,-0.016084733871483,0.0160075883997629,0.00277275901176059,-0.0117303103801916,0.00390270974646172,-0.0188418204187942,0.00101526913268224
2546,-0.0202106643627488,-0.0211975145627622,-0.00180403593242266,0.0160227076260788,-0.00155709486672984,0.0350334940543791,0.0187756681757484,0.0018625370610648
2547,-0.0119365523632051,0.00157223564385975,0.0171296294097768,-0.00041447524739593,0.000477241118937008,0.020670274670738,0.00465122618208601,-0.00230185356919487
2548,-0.0162778949297054,-0.00312119130564786,0.0167280464580494,0.0126563250591687,-0.0177043700139599,0.00371914907752486,0.0181936541144522,-0.00784547036978656
2549,-0.0141430935179886,-0.0108878534467998,0.0205394639885441,-0.00170590578474237,-0.00495339433308631,0.00207280879662226,-0.014105385645083,0.000307053161005597
2550,-0.00290227387656168,-0.00300037706599482,0.00879012292090448,-0.00645948956211354,0.00312322384557807,-0.00569207567618865,-0.00154741576784261,-0.00784322271443527
2551,-0.00859364988587141,-0.00436370726687815,0.021982800751761,-0.0103074634943494,0.000383453217487065,0.00856344208895204,-0.00209296770885857,-0.0172553087120416
2552,-0.0097111409886031,0.00521371788888558,0.0274946934289243,-0.019951187893651,-0.0113492055961991,0.000290889604768813,-0.0139828224806735,0.00558355973875071
2553,-0.0191588727076931,-0.0185567902185011,-0.00518068949113849,0.00668269916006739,0.00375398393981421,-0.0282445218454697,-0.00953855572966354,-0.0474088108532674
2554,-0.00948057218341527,-0.0176235360674176,0.0133732964662517,0.00331129101217142,0.00613627998473799,-0.0149253998639094,0.000180439207496335,-0.00600422621919778
2555,-0.0225562042478798,0.00382722494201629,-0.00998452541066411,0.0107360322528767,0.0207677109181524,-0.0261950773550866,0.0328933812174703,0.00458307686445735
2556,-0.00330679287211501,-0.00505171151180194,0.0023268536696732,0.00310707538310413,0.00413782757050893,-0.00657973253110057,-0.0162365487322099,-0.00773720047761364
2557,-0.0289302683999327,0.00826076582935239,-0.0299012844566335,-0.00502528774138124,0.0100523677687286,-0.0217568842095445,0.0396957141406166,-0.0126591049296673
2558,-0.0332539667700981,0.0296409860189882,-0.0378197141292378,0.0107188615945451,0.00292763918172131,-0.0324311272582262,-0.0191763157018263,-0.00829684183021726
2559,-0.0263956578780696,0.0268966336224852,-0.0167726898841478,0.0143858515931445,-0.00107199174342997,-0.0274816509765065,-0.0155665814528944,0.0264933967459495
2560,-0.0216283160259422,0.00614714620440226,0.00660645976175354,-0.0028592609221037,-0.0244921473702772,-0.00413341609031008,-0.0268971838034975,0.020634285395895
2561,-0.0024472125762919,-0.00465561639256635,0.00541365321924191,-0.0103336634690434,0.0070207438759676,0.00707586696216813,0.00549693729399418,-0.00407624665164289
2562,-0.00946839595218044,-0.0128516180767603,0.0149470697489782,0.00185705648176087,0.0268939967472286,-0.00480053704288723,-0.00412028324431497,0.00394644656470949
2563,-0.00881585899324801,-0.0165745015039797,0.014769824432059,0.000372870226551415,0.0104847918849083,-0.00820676671089777,0.00781839409410144,0.00843801739134976
2564,-0.00357491379023691,-0.00335805248027359,0.0112696107781627,0.00868998454855696,0.00639021793426933,-0.00575686267223766,0.00971254532909441,0.005365247099992
2565,-0.00858761635843477,-0.0184185251140915,-0.000552944325336986,-0.0104302470642011,0.0309563852357459,-0.0263388655762601,-0.000303988020241174,0.00927280418807095
2566,-0.0239962558708233,0.0151225158850656,-0.0190583979468042,-0.000526515242224057,0.0158975985600782,-0.034956495398126,0.0438759666159373,0.0191634886082834
2567,-0.016696353318275,0.0245113552469028,0.0100346406680413,0.0209574523929508,0.0208922355693547,-0.025172479283138,-0.0135208090308607,-0.0307062452191046
2568,-0.0177903769877836,0.022065118099966,0.00554307926194761,-0.0178548336340406,0.0401923879318318,0.000655975438987485,0.0209532627497023,-0.0194495314809935
2569,-0.00412888526318451,-0.015082681013231,0.001247239347857,-0.00311317583742803,0.00950641995091822,-0.0160031047809294,0.00120691952871439,-0.00181237856910015
2570,-0.0154070673842274,-0.015727415853857,0.0190347222160731,0.0138985932543848,0.0221440587348746,0.00220943326256862,0.00323351002974236,0.0165834213901591
2571,-0.0045013580002208,-0.0121690383061304,0.00279981378572943,0.00351775718955041,0.00993941017968504,-0.00753621656343216,-0.000331284280957005,-0.000414652297502741
2572,-0.00739310106469075,-0.0267294674797869,0.00508332697392677,-0.00435142194416927,0.00134673261629314,-0.0162084632374808,0.00398813443442929,-0.00120930486760891
2573,-0.00204905398422237,0.000193284912749473,0.0096962924400468,-0.00241340050365393,-0.00225380452503307,-0.00373954360737748,0.00100240999598733,-0.00433719929576651
2574,-0.00706363101910887,-0.00315912062903871,0.0238165159601127,-0.00264486907148473,0.00318379364496354,-0.00448479442815416,-0.00494790558395904,-0.00111961166093051
2575,-0.0214794752856001,-0.00494534573159624,0.00361559312007701,0.0145494311006164,-0.0229685819873488,0.026364511867472,0.00871716654367965,0.00326983173003607
2576,-0.0128294170967516,-0.0106551823958453,0.0244431973578533,-0.0270802929316515,-0.0239251152007598,-0.0176629768343402,0.0131708603272824,-0.0272097517183753
2577,-0.0107376806191356,-0.0145818306218307,0.0149914083032092,-0.0345840696756929,-0.0184840833792255,-0.0224583507569941,0.00488000982934395,-0.0263968893733062
2578,-0.0147710747767191,-0.0054112825660563,0.0241947445483504,-0.0342531069260946,-0.0223602464557493,-0.00928522062933431,0.0114369357228092,-0.0375635527470195
2579,-0.0035949433375799,-0.0056736771380128,0.00968843197662117,-0.0109875947158621,-0.00773467224627,-0.0165644708950807,-0.00370706147811404,-0.00281759784169651
2580,-0.0116896773866748,-0.0104466213052128,0.0183184689606987,-0.0343198126197048,-0.0117487228828919,-0.00840101662463782,0.00339053892682356,-0.043097743484252
2581,-0.00668791951735253,-0.0108519550951355,0.00755588809821096,-0.0222010263863567,-0.0182120882245222,-0.0121836530914315,0.000227404238515616,-0.0123017923552306
2582,-0.0102858709231704,-0.00194337219262505,0.0268239071598522,0.00472839617007489,0.00430636545683313,-0.0005211578451047,0.0174836169688722,-0.00647511349708976
2583,-0.0135453045329462,0.00368640649172177,0.0195925206468245,-0.0297269790447513,-0.00143425257945918,0.0127008750616085,-0.0069790104867163,-0.0288370098865222
2584,-0.0264086259584233,-0.00167205939268348,-0.0149927830595122,-0.0106025969635186,-0.0114713142286043,0.0293296110542889,0.0234065940132901,0.0184774451877968
2585,-0.0138758851962491,-0.00320940693213718,0.0191778881021547,-0.0279179377668815,-0.0111973224129731,0.0135664231786643,-0.0159603340210309,-0.0368142378489756
2586,-0.0101185661279305,-0.00362226209057722,0.0231366299455013,-0.0240382364864272,-0.00488643289292889,0.00122473252416633,-0.0115048486484292,-0.016888007875892
2587,-0.0291190548016299,0.0176113138754708,-0.0326338823140276,-0.0272200050480082,-0.00181265600051435,0.0174880463374978,0.0389310530804576,-0.00413543530477919
2588,-0.0202601227408511,0.0234419847860223,-0.00604221999247893,-0.0171213200365049,0.0134402282832502,0.0104211269161981,0.034314512813198,-0.0104095916129905
2589,-0.0145786150795927,0.0146563955810054,0.020921303535531,-0.0193503568389168,0.0138706684283047,-0.012214116020733,-0.0133113133372745,-0.0256665666585604
2590,-0.0166458653511062,0.0189786379563025,0.0220111728941363,-0.00265326288707357,0.00014612962414231,0.0390611282730614,0.015574087380534,-0.0105081858069254
2591,-0.0243621515622717,0.01799457275763,0.00140528999860842,-0.00951862021885653,-0.00389588032641447,0.0591641134401988,0.0159344996638178,-0.0416471000574468
2592,-0.0152592949328596,0.0120092137325334,0.0293427336912223,0.000309719755549203,0.000266098134594992,0.0229576976309028,0.014239585276066,-0.0204730136948965
2593,-0.0278974571599047,0.0161156659987316,-0.0223012398848022,0.023323360053388,-0.0181117415990851,0.0103541053893905,0.0172283890911914,-0.00561139297495455
2594,-0.00893871324781743,0.00947701941753226,0.0228651571653749,-0.00568582032270159,0.0016683595782923,0.0126135918084411,-0.000411928472590226,-0.0127858795713886
2595,-0.00655810729154374,0.00545653089497619,0.0196192546651854,-0.00214795603028372,0.00558515174376564,0.0074020860609943,0.00207019774501221,-0.0166291117917848
2596,-0.00568899586542986,0.00360118267435556,0.0170172546517604,-0.00512852450306727,0.0030926197673628,-0.00387009721057716,0.0229432859783188,-0.0142747847134259
2597,-0.0149529001447737,-0.0224394615762361,0.0125295284188706,0.02186014778224,0.0222295454339102,-0.00699530795331304,-0.00706793899721619,-0.000580498014013371
2598,-0.0185421541464877,0.00892871785772181,0.00887698912981607,-0.00261222568724661,-0.0109917091903896,0.0200425281406135,-0.0212265872410512,0.0174206781909182
2599,-0.0194051718923243,0.0168265848853553,0.0144827994093736,0.0291498622018226,-0.00126386478757126,0.00601626514446039,-0.030067374902294,0.014603717345842
2600,-0.0310703853144372,0.0158775691333073,-0.0349140904956819,0.00167191174105045,-0.00818196163879113,0.0180311037674279,0.0132701677822758,-0.0318410130087175
2601,-0.0192179255234532,0.0263140222729657,0.00144294066436884,0.0101070157703905,-0.00138668194108462,-0.0335244386753448,-0.00211312449227938,-0.00504802970139082
2602,-0.0154415667448971,0.0196521832332134,0.017401653431063,0.00173669760041952,0.0175070595759767,-0.0286767597502563,-0.0080634704288807,-0.00473224795210242
2603,-0.00779691475973025,0.0116151350262752,0.0225830574717711,-0.0123687497422852,-0.00559441395593187,-0.00827122876768923,-0.00506188446200402,0.0110984617639917
2604,-0.013841563185299,0.0260731918941752,0.0200378263679233,-0.0156738433368123,-0.0010013777336361,-0.017269822687274,-0.0108094162005006,0.0183704848667781
2605,-0.00345594990702801,0.00124232852712615,0.0100574946256329,0.00326821384408721,0.00888212830130919,0.00276780488149332,0.00369291886805748,0.00214687226303902
2606,-0.0129880887061718,0.000176614951306918,0.0231743680270389,-0.0183907442240552,0.0135757268433554,0.00197430662378041,0.0443521468921697,0.0128951379630499
2607,-0.000914860915080313,0.000241256708174934,0.00334288960365844,0.00102433536255119,0.00112229899401719,-0.000985355674279641,-0.00401086955508489,0.000552249920529327
2608,-0.0116535336490385,0.0117938379852072,0.0256869339258581,-0.00443325978389253,0.0154195218762424,-0.00258667059278287,-0.0215063083249782,0.0145361757887316
2609,-0.0112831762925833,-0.0276717820778268,0.00779161459580905,-0.0161952518606927,0.0235135673988317,-0.00029961391816196,0.0037102692920361,0.00169488303967836
2610,-0.00242177637188536,-0.00525447798776914,0.00748216263222628,-0.017906850639164,-0.00776511929125013,-0.0143154281706789,-0.00175195820926994,-0.00834431883878667
2611,-0.0139343670016143,0.0216743944373307,0.0256873909352152,0.00202684338914793,-0.016328493344562,0.00687039330280635,-0.00203990296377701,0.00690114548500331
2612,-0.00939550377336484,0.00981291851612695,0.0195015677582566,-0.00454578378229686,-0.0090233471803671,0.00551166398242704,0.00119640488416421,0.00661629935313424
2613,-0.0081092463692827,0.00980849758327745,0.0151584801874778,-0.00857522893330656,-0.0113120975877432,-0.00415604669529016,0.000748553585066492,0.0116935125867537
2614,-0.00566565030237079,0.00827190523837002,0.0148654878735999,-0.00791716707188877,-0.00880693085246134,-0.00330728473033165,-0.00239876801314263,0.00533215774216958
2615,-0.0238318951711061,-0.0115722878315051,-0.00525197713314271,-0.00140358342631235,-0.02812121820718,0.0162164442832937,-0.0187422996455787,0.0207510569849461
2616,-0.0145114805841843,-0.0260929925037509,0.0123033073191167,0.0061199116787577,-0.00681906226154622,-0.00999948040384881,0.00228418477020989,0.00174580202309858
2617,-0.000793567223652423,0.00128672445373236,0.00286664427295104,0.00205244223234835,-0.00207759810879315,-0.000534927330316731,0.00128874031507386,0.0061004710694685
2618,-0.0168742242358115,0.0210873289734661,0.024035087769633,0.0128161889056913,-0.00962008871855656,0.00098700225174611,-0.010775197628965,0.000677033290895203
2619,-0.00268109080229244,-0.00447971228690334,0.00955229799605625,-0.00325082508431113,0.00139142545558555,-0.00528620922635289,0.00512069791628209,0.00402598138966789
2620,-0.00534580632188161,-0.0186913183312154,0.00331554868171469,5.32428444146537e-05,0.00902696309822171,-0.0171104693777841,-0.0091108610500465,0.00513489190226096
2621,-0.00142235093940451,-0.00482674634565701,0.00186933366694039,-0.00473269267234431,0.00712752319415916,-0.00605632866094411,-0.00410053904397765,0.0185777879600381
2622,-0.0212310305722511,0.029648128547862,-0.00243987403188005,-0.0257652130216823,0.00284322971043134,-0.0340706221920444,0.0108238462462733,0.0234441366821361
2623,-0.0162853037770676,0.0211688160932189,0.00315859246827684,0.00607621235201386,0.0156106458126423,-0.0341439469341025,-0.0091649213631013,-0.00428526634621816
2624,-0.0104271816395105,0.0109484615560554,0.0163569784805937,0.00876974692186587,-0.00490071884274884,-0.0172484763403716,0.0305051668850217,-0.00454362647358951
2625,-0.0167562527503466,-0.00154279685287956,0.00579870172853954,0.0174637991190203,0.0123656775228377,0.00788485116589649,0.00743553974857243,0.021356087252462
2626,-0.00201904724942228,-0.0093224871177863,-0.000557694725101195,-0.000520926089383559,0.00370732304073499,-0.000959461418744167,0.00334177963020045,0.00643718395709688
2627,-0.00361065082305844,0.00336378217971394,0.0125909288786518,0.00824158257500775,-0.0123289523150503,-0.00886414148735172,-0.00206242605300306,0.012026657077614
2628,-0.00351092742543377,-0.0104219866426496,0.00789067023919313,0.00227628570490346,0.00166367372041607,-0.00703023829651591,-0.0206816927969705,0.00221017214041739
2629,-0.00694920255019612,-0.00570349418953893,0.0218564063503731,0.00710550626091824,0.00563477252859576,0.000681686364288284,0.00432219903502395,0.000999261698160738
2630,-0.0100768821140614,0.00421975616175409,0.0279197636547143,-0.0093039516886644,-0.00472863005677926,-0.0134747349877366,-0.00972008983389027,0.00661020183370699
2631,-0.01844047487714,0.00155184264885981,0.00296227458280569,0.00516942375721564,0.0268606664768256,0.0324550837048209,0.0169793404445395,0.00337869514485732
2632,-0.00643527706687406,-0.0144611155185644,0.00279111829059336,-0.000908560794435998,0.0150343718930984,-0.032036542318608,-0.0033500529518241,0.00109631318945374
2633,-0.00484310959816501,-0.0122943780490432,0.00905672237948459,-0.00367334198218729,0.0133776734425689,-0.0065022633149714,0.00505282947784525,0.0200618714507108
2634,-0.0187531498050386,0.0288165807422173,0.00390043120663101,-0.0048156773806777,0.0236454308422443,-0.0274121406848106,-0.00628294027960047,-0.027150177423143
2635,-0.0242058709219442,0.0279366182260278,-0.0057074223491544,-0.00589184715787522,0.0179842928465044,-0.0314990903214238,-0.0152208082732545,-0.0155975864688695
2636,-0.0120365979351713,-0.00486570861266121,0.0160521129487632,0.00815145973834954,0.0317167501661842,-0.0215696442760487,-0.0100443124892055,-0.00969785749301058
2637,-0.00788018270291005,-0.0231422067991976,-0.00354067590835315,8.96242840348591e-05,0.0235724431391316,0.0102046707389197,0.0105815982384762,0.0108580140795428
2638,-0.0133833680348529,-0.0101615484350879,0.0103063280620408,-0.00871469254208137,0.0273771532399049,0.00967134349276715,7.81546869366651e-05,-0.00862957342139072
2639,-0.000191898156271132,0.000504021863603737,0.00117695106040722,-0.00034649259547583,0.00100960149397168,-7.5452792766552e-05,-0.00176727967038943,0.000309074754344367
2640,-0.0194361349350175,0.00160017181826532,0.0100670451932692,0.0138104890044769,-0.0137921790512026,0.00701614787628525,0.0259003606681294,-4.31001225442015e-05
2641,-0.0113841901447334,-0.0296091860442175,0.0135564444286453,-0.00790855533005029,-0.0140715381190082,-0.014388506108632,0.0034881121342069,0.0113460760308969
2642,-0.0139877556525288,-0.0301367005872776,0.00188849348471532,-0.0194857217958516,-0.00487064639359208,-0.00835855387682495,0.00727266553973406,0.00747008382593485
2643,-0.00793337300420757,-0.0144601644066654,0.0170223855586396,0.00164070997782373,0.00552416190208174,-0.00665937309578853,4.03923788026808e-05,0.00412829362521545
2644,-0.00378089881650908,-0.00850420679381839,0.00941155693167949,-0.00711749140409052,0.0105712966613306,-0.00619849523082074,0.000243739507687115,0.0180878497320655
2645,-0.0120583458819235,0.00745890314599125,0.0175905893515107,-0.0214829663193764,-0.0171396277174121,-0.00583000608733077,-0.00177532078385,-0.0160754795111622
2646,-0.0193823297372865,-0.0163026451563029,0.0134725636945309,0.00625692697093819,-0.00801528959141094,0.025699703112757,-0.0121790428301563,-0.000539216181671351
2647,-0.00773595842801169,0.000229922903909375,0.0132404522600141,-0.0143974738976907,0.00676826178831706,-0.0280764409631647,-0.0121806934689027,-0.0337654964888128
2648,-0.00355385722292935,-0.000332188625972007,0.013073381448867,-0.00575621006925881,-0.00505002855818906,-0.00795290380455566,-0.0105009877295241,-0.00554108174937886
2649,-0.00338862542875683,-0.00456254934051529,0.011511450503895,-0.0106505654376628,-0.000976149457932778,-0.00759195580917975,-0.00227266446729138,-0.0129909078965726
2650,-0.0138726386835113,0.00737236159659178,0.0109245999307681,-0.00221090532009486,0.00499431288795705,-0.0431679767273122,-0.0184664295647067,-0.0104865829186643
2651,-0.0230637688159837,-0.00815046847908167,-0.010180460517426,-0.00630763561914781,-0.0130781381444922,0.0231325829680561,0.0303060369238091,-0.0192481383946385
2652,-0.0323300948324668,0.0176022856274878,-0.0482918604111617,-0.0104042379027084,0.0451931375480282,-0.0089750854634799,-0.0218592273998871,-0.0499766659068723
2653,-0.0217843213979552,-0.0327989942008931,-0.0261989422438065,-0.0150318271877118,0.00279870375882914,0.0110706381519939,0.012699707672208,-0.00317575239802459
2654,-0.0154949658064128,0.0194922129480122,0.0265581983023932,0.00685913973287357,0.0179384327711431,-0.00275717153312058,-0.00147420733905417,0.0196358907493763
2655,-0.0209541923663556,0.0328263996904589,-0.00219567231402041,0.031566638956218,-0.0141269877752269,-0.0125454264444167,-0.0220408662471473,-0.000276065222356018
2656,-0.0117992911143931,-0.00691831143498132,0.0209526204748151,-0.0158369415858751,-0.00158795742046478,0.00758475622203504,-0.0100717022627474,-0.00536922771341261
2657,-0.0244194403873978,-0.0137779598901754,-0.0215246764113354,-0.0042016471800155,-0.0168626279160279,0.0178021107259078,0.0319363717525434,-0.00986609015533191
2658,-0.00740664484152929,-0.013653561632444,0.0110115129384617,0.00270237704635095,0.0193215233940616,0.000629213449856768,0.00943719958572646,0.0106505202325053
2659,-0.00649711467882583,-0.0194856630727825,0.00114738535288234,-0.00453845290578637,0.0109414268230834,0.00135857587362148,-0.0124308995791971,-0.00672460763274885
2660,-0.0188620879543868,-0.0199139478274534,0.00649467477893056,0.00811585436078754,-0.0186033281953393,0.0227304930316375,-0.0141524946380796,-0.00871041542565801
2661,-0.0182865295857322,0.0099318679608659,0.0183630300200154,-0.0413729715153899,-0.0158879073480401,0.0126846740886391,0.020538709729432,-0.0185899125778368
2662,-0.00843315591748177,-0.00121046878608357,0.0255240952069891,-0.0165261503454743,-0.00402384991616033,-0.00213603155165124,0.00323495994409988,-0.0140082816469894
2663,-3.47419802308448e-05,-4.03752402052039e-05,0.00023363365593109,1.8267145173187e-05,0.000108932141720106,-0.000197135318485954,-1.78539363180485e-05,-4.79517379495784e-05
2664,-0.019312622430957,-0.0112131710285221,0.00762788886627622,0.0188350689346131,-0.021184803714587,0.00471351718380623,0.00188513747910018,-0.00813633511996432
2665,-0.025867265943232,-0.00189095214572671,-0.0182028527781251,-0.0209946582544357,-0.0205205248623067,0.0231869034261926,-0.0338280063213996,-0.0263360548697074
2666,-0.0265228176539891,0.0172453104647963,-0.0163898991690493,-0.0176258466651285,-0.0201348928180459,0.0148097461597519,8.25997750081015e-05,-0.00671422839797842
2667,-0.00588582911931877,-0.0148382531989,0.0117949236573795,0.00254067380360817,0.00214084548575163,-0.00533772682079676,-0.00780996536179256,0.00429089852061091
2668,-0.0136512579318395,-0.0167257442898504,0.0196309794803967,0.0134299973455799,-0.0198871139296501,-0.00884919450528218,0.0154744419857908,0.000864566330416133
2669,-0.0184955677175909,0.0127472407590215,0.0160747230276301,0.0342308170611317,-0.00595251250403297,-0.00574326747385631,-0.0173975317283174,0.00415442393394993
2670,-0.00873406019792034,-0.00111490348759197,0.026944868546039,0.014201487442403,-0.012708023104406,-0.00892309610900494,0.025034812325576,-0.0116802868443143
2671,-0.0162372349537189,-0.00689290251767326,0.0122262600338505,-0.00178656163232358,-0.0147209128579295,0.0184343001846388,0.0105423438266668,-0.0293914881805738
2672,-0.00686596618213135,-0.00418683390709589,0.0224534971566859,-0.0130896328810831,-0.00172451185841204,-0.00499825778778012,-0.00195303485560923,-0.0264023434428541
2673,-0.0180068116864208,0.00976332809820269,0.0173667094938682,-0.0112596057588942,0.00818875803851288,0.00485681806292999,0.0217964179222319,0.051651286992661
2674,-0.0143174992029841,0.00915888692286347,0.0265544118803173,-0.0187145990996715,0.00719427311309823,0.00356673723483607,0.015809697521084,0.0526123011381079
2675,-0.0216453955929109,0.0349271642991098,-0.00063509085350775,0.0179446165036763,-0.0148180895527425,-0.049548551425673,-0.0320132157617067,-0.0147632179791614
2676,-0.0156791336695174,0.015919179247583,0.00528922800614479,0.0277825777257491,-0.00562736199975186,-0.014079897040405,-0.00934604887474718,-0.00171742793134018
2677,-0.0226262764800711,0.000145548762869449,-0.00999151598722918,0.0149682843953956,0.0177949510832605,0.00618195505269186,-0.00225168496208169,0.0108719916848571
2678,-0.00870882692312803,-0.00541680578376703,0.0180569833460602,0.00588874562701198,0.0166518618702882,0.00313502475685333,0.0099481606957808,0.00317769783607765
2679,-0.0131964504416752,-0.0209059291739633,0.0102128573874208,0.0105928867797129,0.0226644650461512,-0.00960392950598951,-0.00582724123318921,-0.00396528048178234
2680,-0.00797109711761518,-0.00159135497264674,0.0235654291028931,-0.000671940984483225,0.00142272334814816,0.00078438949532248,0.013269907719919,0.00484312934917194
2681,-0.00085354257352008,0.000472628704982765,0.000817446096298083,-0.000906990897843554,0.00124844341061214,-0.00199017397719998,-0.00196303959907707,0.00903052415462535
2682,-0.0129869289975741,0.0186283758590884,0.0175905546177248,0.0208242060978616,0.0202436618201612,-0.0121195505081844,0.0236487711355775,-0.0108449639043905
2683,-0.0226953036350941,0.0214167918449428,-0.00285130366690118,0.0161424421680658,0.0127557007093203,-0.0114876309442794,-0.0144147675760741,0.00942137918421156
2684,-0.0271407272500712,0.00863839918759808,-0.0302383893175992,-0.00784288020377838,0.0201547073080043,0.0017546858520285,-0.00768777325248978,0.0455147342261651
2685,-0.0213302435580652,-0.00345469705317136,-0.00722475997391674,0.0193894510159698,0.0175881123545091,-0.00944381748082273,0.0139002113399047,-0.0115043080295935
2686,-0.00344294029550206,-0.00372159711554076,0.0110476272767819,-0.00650267200104664,0.00904848411508135,-0.00146058287370804,0.00975165089084676,0.00460382050419439
2687,-0.00925394664092762,-0.00842753598824285,0.00840139916792187,-0.00619476755240252,0.0168337435391439,-0.00897178316859716,0.00606240050269343,-0.00543782276308065
2688,-0.00671135660875957,-0.013509985085919,0.00297121350121554,-0.00526897636637729,0.00891711505573927,-0.0107098944330659,-0.0086899486819947,0.00886035779216642
2689,-0.000723589385221314,0.0007199240939844,0.00351493218883406,-0.00246889607238622,-0.000192853723362818,-0.002475493521835,-0.00273346092358886,-0.000519684294774016
2690,-0.00842871037370412,-0.00965513377099248,0.0196218739553808,-0.00347213740198274,-0.0273260781979343,-0.0167567825441348,-0.0222298812485766,0.0166916954648746
2691,-0.00635059375940231,-0.0210475467962895,0.00566072934563937,-0.00581204358415497,0.00310441578738048,0.000371035038882433,0.00194393520726339,0.0108438784882673
2692,-0.0125099509250759,0.00458902799560218,0.0248270487514181,-0.0276573276832534,0.00627844957850346,-0.0108941135568409,-0.00453700047146647,-0.020225779261435
2693,-0.018220486091074,-0.00818347773299048,0.0137884007194831,-0.00681418901207189,-0.0260770114386599,0.00362130396026539,0.0213752157902244,-0.0105637210756803
2694,-0.0137747637419151,0.0111686039071293,0.00863049219659688,-0.0348554400524566,0.00346264279779532,-0.0128941113731368,-0.00569844203847721,-0.0290160714973038
2695,-0.0182101918363863,0.0100615021888309,0.00140750591787272,-0.0448893799403006,0.00442179029976824,-0.0224430121590994,0.0151103937841763,-0.0369181669242436
2696,-0.0119956495889207,0.00317586388447952,0.0198910122041958,-0.021223838052292,-0.00573738997836892,-0.00672415458841949,-0.00199521729856703,-0.0188415335365351
2697,-0.00923610062517078,0.00434588757351562,0.0145975831384497,-0.0163131573238294,-0.00274834178781755,0.00247452911973684,-0.00313962881227063,-0.0115867920178748
2698,-0.00785160950144791,-0.0269217405246496,0.00682362138705464,-0.0056164981760784,-0.0078806696094337,-0.0182794784316974,-0.000464714375964006,0.00122500027141488
2699,-0.0186215027873519,-0.0237781364032267,0.00773851458676154,-0.0255775778670976,-0.0205996490362645,-0.00281478464841412,0.00491271706763207,0.0412811113347636
2700,-0.0140973145051594,0.0171761134997696,0.00308353866728689,0.0227694168035326,-0.00457275023003428,-0.0364061766400316,-0.021650151499265,-0.0099712117704659
2701,-0.0136167040835075,0.0152307088080308,0.0121780910790309,0.00897501711716503,0.02990213842289,-0.0163490992278966,0.0319441774992829,-0.0242699250188714
2702,-0.0270449098482365,-0.00439098402354499,-0.0382386010201449,0.0126622104465507,0.0434721797602317,-0.0254953842210814,0.00285326070281686,-0.0677192054886287
2703,-0.00038618100370587,-0.00191369833304499,-0.00360721221549026,-0.00190831996333653,0.00319392541171977,0.00324542253804611,0.00216754983261866,0.00329946952868666
2704,-0.00287013837635779,-0.00555611634533957,0.0107440939522889,0.00427913097533899,0.00174512657332231,-0.00987076443215256,-0.00138088182923363,0.0106776441336104
2705,-0.0237325731965825,-0.00849360849577177,-0.0241933777208324,-0.018778024685282,0.0244315656780601,-0.00609246936785286,0.00218942899714453,0.0296751150253083
2706,-0.00551172222546809,0.00452967060081808,0.0157413133674128,0.0142440170679474,0.00316763786600561,-0.00645315931511014,0.0202991307753506,0.00451392076527715
2707,-0.00241695284909332,-0.00293994332327938,0.00373441899957183,0.00598566577683162,0.00656310984174914,-0.00600254861988187,-0.00357777583768352,-0.00139399465986623
2708,-0.0245759056066384,0.00818125006142129,-0.00902919445678706,0.00653034520624978,-0.0185006836751992,0.0343396908640546,-0.0122188754430598,-0.00238974772174791
2709,-0.0264616984375694,0.0273670770018139,-0.0205854607145864,-0.0198644160908905,-0.0099092853021275,-0.0159384885466942,-0.013396792360695,0.0296516716145982
2710,-0.0254437549586725,-0.00762368177927889,-0.015656539853217,0.00346913087419664,-0.020707066195217,0.0179879632248377,-0.0231617278842392,0.00650436991476777
2711,-0.0295046304682155,0.0217294829234356,-0.0251048363527666,0.00539412374459794,0.0139355351396544,0.0340933016029057,0.0244354544443411,-0.0131434358305228
2712,-0.022008872437876,-0.0262015256846768,-0.012363300987375,0.0184004591238499,-0.02084348946656,0.0156071260795073,-0.00983834845579382,-0.00507023666399862
2713,-0.0163393539290487,-0.045852036109019,-0.00836086262744732,0.00187072479618347,-0.009103290350272,-0.00807635808043539,-0.000179410372578971,9.66057040920661e-05
2714,-0.0224152458155548,-0.00392746759199116,-0.000289895475372327,-0.0282230165545571,-0.0324408293811798,0.0373123555424542,-0.0211307287174874,0.0112437772917451
2715,-0.0207661236872823,0.00303231212895947,0.00818353801542981,-0.0242890852309735,-0.0373888190056311,0.031207872015101,-0.0146842453319733,0.0113337327302779
2716,-0.0063932534520478,-0.0154309791634948,0.00830558882448011,-0.00839739590162027,-0.00454940853534311,-0.00437475326999699,0.0124400388333987,0.0138201076783939
2717,-0.0209636730974509,-0.00346151279572207,-0.00734370634083461,-0.0382507104750991,-0.00618155086510439,0.017919945237277,0.0292206489078582,0.0353663353698079
2718,-0.0131683114529876,-0.0475159877797234,-0.00651391210317683,-0.0164286998651356,-0.00642189814688093,0.000160933296212088,-0.00254233198982598,0.00438111354007815
2719,-0.0201945802847696,-0.015009168808594,-0.00850692374770976,0.00694576249691302,0.00728985032439048,0.000500153151833891,0.0513198565992522,-0.011336501713326
2720,-0.0160765677240597,-0.0425201831897999,-0.0103717644543786,0.00437211382043529,-0.0238757246710587,-0.0195027792483391,-0.00473513931233393,0.0077099965527156
2721,-0.0139516919400428,-0.0172566897844058,0.0180009809757682,0.000381906686364683,0.00212603320459993,0.00260767035101406,-0.00785695510679452,0.00775342632902189
2722,-0.017261999936676,-0.0275108568020026,0.00682573680493234,0.0110381506549468,-0.00349165479368918,0.0120391413100628,-0.0101977928535354,-0.00593952859000299
2723,-0.00267283082005447,-0.0125855983955542,-0.00166087316946802,-0.000661913694456986,0.004409395680838,-0.00381846100426077,-0.00930410226592059,0.00608656531381163
2724,-0.00553643658273672,-0.0147587549142834,-0.000149767688444945,-0.0157738395795686,0.011958292164921,-0.00942024526839927,0.00939161020469712,0.00355511064650295
2725,-0.0152235242248562,-0.0416364406744395,-0.000457874793316222,-0.0111416130616203,-0.00432173718741529,0.00236821083806518,-0.00775305627724577,0.00166941676852794
2726,-0.00280136122884616,-0.00611074926835613,0.00483058860316311,-0.00813625090189142,-0.0033402397445992,-0.000951195154513115,-0.0061350952097034,0.00165986876911725
2727,-0.00130384645177557,-0.00180048571509857,0.00160351965872598,0.000605149831360318,0.00192198290820055,-0.000294684776338051,-0.0013995867436217,0.0017384963657639
2728,-0.0177034435736822,-0.044257522436194,-0.00805060302948795,0.00402693245884189,-0.0228075990362834,-0.0153711093858866,0.017276714478772,0.0121789215944984
2729,-0.0179269605304818,-0.0406716369291113,-0.00768423115728319,-0.00338892119280815,-0.0251648115108395,-0.00609482431292614,0.0362284424703276,0.00925498035827847
2730,-0.0169539997235493,-0.0443135665959921,-0.00353578750913639,-0.00126485295671201,-0.0252233278505187,-0.0138229069011122,0.0278129620141893,0.0158381006211872
2731,-0.0116353157987174,-0.0265731910301729,0.0157389371640116,-0.00520156038179029,0.00429843082275034,-0.00196928909663423,-0.00140847246882245,0.00130699687004697
2732,-0.0127137362454462,-0.0275525444138188,0.013581069018888,-0.00297437754097717,-0.0196673614242331,-0.0177777425494811,-0.010540559598916,0.00115695189415187
2733,-0.0171656045480613,-0.0387516784956021,-0.00740361578356673,-0.00952562964839743,-0.0144564856398177,-0.0142263261592533,0.0067779878181773,0.0164001922728257
2734,-0.0197376789125501,-0.00913644563268257,0.00124867625479007,0.0335192151532996,-0.041831253673099,-0.00366625493100804,-0.000383702071612184,-0.0184131242719391
2735,-0.0186550012572411,0.0110582101746877,0.0112763153553003,0.0292283338285955,-0.018861140535985,-0.000825291367599825,-0.00357301008605614,-0.0199261083259694
2736,-0.018847991160988,-0.023425515358302,-0.00583638868791004,0.0294542743925679,0.0133936557019298,0.00503854654372645,-0.0134781936332721,7.79711311469931e-05
2737,-0.025769478364779,0.00818357761163848,-0.0103876637902612,-0.025424732909164,-0.0386816902300269,0.0304118501111528,-0.0272713530111577,0.0160236450459241
2738,-0.0082451368997492,-0.0153563863549323,0.0169863613675418,-0.00343066380415185,0.00237769401606184,-0.00980584909295538,-0.00615785321258191,-0.00310737331003594
2739,-0.0217005004101593,-0.0151026031132886,-0.00299214019605988,0.00507488845847477,-0.0182593854326395,0.0131682341331297,0.0331642587200782,-0.0017455258615081
2740,-0.0266274683879564,0.0104611123184416,-0.0155870128871862,-0.0270148746463135,-0.0349476052777137,0.0173263175398101,-0.00369481895130757,0.036439606462627
2741,-0.027249454296319,0.0152613429027067,-0.0223093714342798,-0.0205193267010503,-0.02294609800542,-0.0116141013924306,-0.0028966604198115,0.0382106260502578
2742,-0.0257995625871205,0.0109751532324863,-0.0122740114139719,-0.022718021812732,-0.0308413030072368,0.0114512438801185,-0.00484861218520398,0.0360649022112326
2743,-0.0139446552207368,0.0163651861046433,0.0168832641828698,0.00728949415486107,-0.000347769793325682,0.0096296353704889,-0.0091496874038693,-0.0225578743279105
2744,-0.025239455642811,0.0052300504324111,-0.0127260773666956,-0.0341931214625288,-0.0314457276602151,0.0326180380167541,-0.00336734972271991,0.0272709838931263
2745,-0.0187942849427253,-0.022494383341881,-0.00789896977596134,-0.0157206101780987,0.0150883860154433,0.0158769568130027,-0.0231802342298864,0.0249063804504432
2746,-0.0132468921350139,0.017842287354226,0.0193184525647397,0.0191845466413103,-0.013472486238124,0.00434072499777759,0.00777712953007964,-0.00754766197719411
2747,-0.00217822356185665,-0.00209914836773899,0.0107536240661131,-0.00165107345812026,-7.87327055423865e-05,-0.00383250947821728,-0.00370397075436685,-0.00478906907913072
2748,-0.0158338697519135,-0.00150909642039898,0.0198934278279737,-0.00706197140916134,-0.0112065879578866,0.00256487374722986,-0.0172605639434626,0.0116012331792789
2749,-0.028737285979563,0.0187069117813666,-0.0322097757701628,-0.0255865654345851,0.0573538216932008,-0.00859730472085597,0.0140940019596956,-0.0124475887124365
2750,-0.00193926914100993,-0.00524540511362322,0.00516170340391461,0.00200287049077723,0.00419898217104822,-0.00536880696319144,-0.00165920467634369,-0.00394768353790301
2751,-0.0175149902709539,0.0234744389205032,0.0116309372830713,0.025277895264438,-0.000189828486235388,-0.0273103120586915,-0.00398289044636671,-0.0192687446048608
2752,-0.00447098787579216,-0.00672207219351095,0.0108336091333851,-0.0095369975471256,0.000787847485906363,-0.00166735867612488,0.00914719412110798,0.00313845354799342
2753,-0.00400615928190141,-0.00743765501064937,0.00629771962415364,-0.00429109361551332,0.00647069293314468,0.000654948305483944,-0.00315449385211047,-0.00920184814725982
2754,-0.00215258737903068,-0.00986421268603286,0.00443652429324896,-0.0103266077958029,0.00154542210394021,-0.00278632733203804,-3.81225411769062e-05,0.00392574078922943
2755,-0.00911128105104187,0.00987856269879251,0.0181579602116856,0.0044205209640223,-0.00421381276858891,-0.0103729401611637,-0.00772047667526544,0.00833165858521444
2756,-0.0262745571216736,-0.00962540679962337,-0.03254122650391,0.0128525434631857,0.0168970371649736,0.00110508552080519,-0.0137579687668108,0.0115846395237748
2757,-0.0173151644469795,-0.0240332686693108,0.0096319019488221,0.00511315536277163,-0.0196493028524811,0.000510345978057953,-0.0129193124919191,-0.00755383070902168
2758,-0.0252009846190184,0.00600175724152074,-0.0248482542940614,-0.0313034231449441,-0.00521710908562412,0.0148740763292501,0.0510456399813654,0.0159722856094813
2759,-0.0154311885338696,-0.0382239743876699,0.0008088527749966,0.0172196265637066,-0.0162850112223852,-0.00431310183536663,-0.0098220617264558,0.00250925220448654
2760,-0.0164050474167296,-0.0369485654336657,0.00192550936782159,-0.0123814428100589,-0.00638230753714073,-0.00211151185920366,0.00279889257757574,0.0107183235121451
2761,-0.0222794524119951,-0.016704481337434,-0.0103004753314467,0.00605824240058743,-0.0202592229056833,-0.0106691200954673,-0.000544856256080306,-0.0316077203122684
2762,-0.0152489207231396,-0.0360171288605347,0.005704199693865,-0.00325418352388675,-0.0052109986218893,0.00239487879542525,-0.00744185094500732,0.00283876140827286
2763,-0.0236958300718004,-0.0229179641980274,-0.0229282209683532,-0.00309232725968063,0.00601292926608765,0.0360930935796816,0.0111457691055322,0.00958035516583868
2764,-0.00715585089865672,0.00621419204195325,0.0214983859343652,-0.010202856600313,-3.71082131033413e-05,-0.00911493884265926,-0.0128567041809817,-0.00890519058670767
2765,-0.0148534732159124,0.0149606516862565,0.0127310150295907,0.0188502828813142,0.0244205777672347,-0.0367243030232171,-0.0020846965715868,-0.0219834927896645
2766,-0.0215552250437817,0.00440678958469275,-0.0263531184451653,-0.0232807193243673,0.0362130568880464,-0.0249016912827898,0.0108467444091493,-0.0103711303926489
2767,-0.011073654028902,0.00172928899382294,0.0188216973829212,0.0157479333579771,0.0128402834759862,-0.0158410047458405,-0.0114958357470735,0.00255178644200002
2768,-0.0134830652689586,0.0131498888359793,0.0192756493348443,0.0153169545344484,0.0120765510250115,0.00738217929616105,0.00156324501435158,0.0110860377496589
2769,-0.00610024478159299,0.000438341488411111,0.0103494149096368,0.000140210286288932,0.00935458288260857,-0.0134260495281936,-0.00607605862771488,-0.0097165143673419
2770,-0.00766528834985669,-0.0169350631817384,0.0167795704127073,-0.0153752118547037,-0.00236863835216171,-0.0151890647015193,-0.00962565407389135,-0.00360470142624178
2771,-0.00700802600344599,-0.00557209893498302,0.0194922539742993,-0.015562331632179,0.00189051833341002,-0.00969559459917815,-0.0104054044080478,-0.0187155575007794
2772,-0.0158417889395726,-0.0293341006519981,0.0132146833168524,-0.000971113240196836,-0.0343570931797368,-0.00100532668315681,-0.0133646501316196,0.00882962030717284
2773,-0.00359028024145781,-0.00573066229173142,0.00797230100575716,-0.0122546413679052,-0.000262317111301907,-0.00993172353773117,-0.0112724759048916,0.00360161105674681
2774,-0.0236147201765095,0.0149997647728169,-0.0104325627547253,-0.0354608897816369,-0.0100930496802014,-0.00850337920134986,0.00478050410357263,0.0266108751653336
2775,-0.0141143756660988,0.0156750250806425,0.0129312027307543,-0.0247186026432018,-0.00486034941833401,-0.0136239679876148,0.00950206153892947,0.0166609650406586
2776,-0.0273329638683651,0.019210207912003,-0.0273095681815113,-0.0111377660391241,0.000823783499292089,-0.030390011034692,0.05481033611471,0.0128734351468491
2777,-0.0158874304629559,-0.0306264176298428,0.00613070119065652,-1.43448841292671e-05,-0.00649259939967614,0.018301760719804,-0.00267762150615596,-0.00456842943810463
2778,-0.0207956644471342,0.0165489280340322,0.0141487028871898,-0.00873937016840855,-0.0266034994278059,0.0260969047155593,-0.0065686946840545,0.0276867796305051
2779,-0.0187525282766097,0.0197632503207094,0.0170637082411276,-0.00274634335493103,-0.0230366917820432,0.0141285667302367,0.00272173147451874,0.0453318963002536
2780,-0.0215891435823194,0.0145585377041802,0.00728520685842724,-0.014950590559815,-0.0274027057880014,0.0311250138540588,-0.00884231211011205,0.0319228884422215
2781,-0.00735347444573759,-0.00194559836443762,0.0203031585534979,-0.0198187465924778,-0.00322646722946249,-0.00463234278922568,0.00365628200751915,-0.0159612992093452
2782,-0.021975464801998,0.0108234737790589,0.00866105818218083,-0.021682465091529,-0.0332762897681806,0.0325574920303763,-0.00400706566323925,0.0330060368120604
2783,-0.00494743839684292,-0.0127796526651263,0.00934434152428499,-0.00260963768921566,0.0123500119878754,-0.0053783477189246,-0.00915647247995863,0.0148481362187907
2784,-0.0135829328504839,0.0229406370654729,0.00715432026846067,-0.0263085575892642,0.0100408551240073,-0.0308710695847734,-0.00209897507972246,-0.0219726107183939
2785,-0.0172064903682015,0.0017435872146568,0.00789034261370423,0.0528197273367292,0.00268646158245258,-0.0333979218580712,-0.0105651664759199,-0.00743696788826612
2786,-0.0298484602178611,0.00360870926810209,-0.0515062683096816,-0.0171053272571008,0.0467953828154008,-0.0220290172426801,0.0321479399389202,-0.0145188201497228
2787,-0.00471036775960406,-0.0138060153363192,0.00532819743585088,0.0126080650653911,0.00965453786327301,-0.013849482948729,-0.00784700460921568,-0.00493585885271499
2788,-0.00256106175767789,-0.00553032443851914,0.00430685389136436,-0.000248123618275009,0.00436792337098244,-0.00223140848200702,0.00470677282583943,-0.00279404371462912
2789,-0.0267651003650657,0.0131072535382274,-0.0139926073563242,-0.0201588095376661,0.00244401588216838,-0.00401895611225044,0.0361700556194403,0.040544297961113
2790,-0.00106709317956518,-0.000379014315088483,0.00263834750079687,-0.00204128991340983,0.00367433565655555,4.65589732822871e-06,-0.000721131509306709,-2.17532326297967e-05
2791,-0.00991255689947676,-0.0303482658234537,-0.00325220932418752,-0.033085114991094,0.0136412408176307,-0.00775556367418171,0.00175465510930891,0.0178521269506868
2792,-0.00190518204961212,-0.00287393080274854,-0.00131612938707297,0.0115309192152067,0.00105294880168158,-0.00641430277435555,-0.00103228334211623,0.00449119381589062
2793,-0.0154539070809242,0.0217953639740306,0.00796199945183709,0.0132532479493909,0.00592993557486085,-0.0236702875273575,0.00436626254890744,-0.0118011987055011
2794,-0.0231894537361003,0.0336695908047207,-0.00440255229062139,0.0141302322387727,0.00506526303991274,-0.0425359853793155,-0.0241295110960951,-0.0110523773955684
2795,-0.0293936608550793,0.00738794760390647,-0.0380525979495033,0.00922606270834968,0.0103960633972195,-0.016669029619634,-0.0313648713177372,0.0194894885498423
2796,-0.0240018529347597,-0.0158030919764749,-0.0320408446938647,-0.0082255810964794,0.0300697132332168,0.0317094046575078,0.00373584512474035,0.00268672847962867
2797,-0.0134999489982088,-0.0217228815615993,0.00743418017252932,-0.00266839019312163,0.0245314260297394,-0.0247973869757906,0.00824919742419693,-0.00263106261104529
2798,-0.00965949487500726,-0.031810348000385,0.00653949722598664,-0.00715188775353105,0.0141243985664306,-0.0128698278940468,-0.0145158761322467,0.0139948586351971
2799,-0.0165966218850186,-0.0336591945535715,-0.0038736857541714,0.00806582115814406,-0.0172484516391101,0.00507987345607787,-0.0217748520253227,-0.00339735254814895
2800,-0.00469609324841582,-0.011473678722333,0.00338783489357144,-0.00119029435366237,-0.00542359139653918,-0.00690999208226415,0.0146521128219955,0.00494742989397773
2801,-0.011731789837233,-0.00833719506694116,0.0213489461851965,-0.0316856059679194,0.00237739664812686,-0.00269996803969883,0.00951156664526193,-0.0107793393826648
2802,-0.0112141366242232,-0.00501858262626559,0.0284842042769171,-0.00753756869434266,-0.00195259656266814,0.0100643192557667,0.00373393031545254,-0.00405081299408574
2803,-0.0163609809089882,-0.00830747890618204,0.014670394653978,-0.00453938917001454,-0.017158012043679,-0.0153837602551396,-0.0285875790301906,-0.0132521725628967
2804,-0.0196781589594351,0.016707983736988,-0.00188347127448112,-0.0323295221831971,0.0129418599896445,-0.0112881568166333,-0.00239033076065623,-0.0508166857002027
2805,-0.0100822986041096,0.00631755110109691,0.0267009479551202,-0.0289432255557645,0.00202951374618991,0.00759879085303378,-0.000744520641594337,-0.0311005930377711
2806,-0.0182758392087453,-0.00597391166552233,0.0068177003481169,-0.0521155240608067,-0.0082654279546787,0.010564400948979,0.0132781356341821,-0.0281368990836674
2807,-0.0223397984889683,-0.0207765517912233,-0.0207476780988662,-0.0111311867384686,0.0131933547230357,0.0291064351099179,-0.00593381676132183,-0.018457609380339
2808,-0.0220609256777682,0.0114585384598012,0.0022590193471752,-0.0157883771426617,0.00591676934081968,0.0284164821980425,-0.021085111075068,0.012550200728326
2809,-0.00768207273158641,-0.00762422888956667,0.0238544573066182,-0.0212196799461907,0.00582448955774081,-0.00308333327827522,-0.00166271079947523,-0.0385304182471791
2810,-0.0218346091130837,-0.0398565633555554,-0.0185961852835569,-0.00189393901334132,-0.0242882491943659,-0.00917606833017273,0.024541063328771,0.0159272161043033
2811,-0.0111057910303935,0.00148744814295124,0.0195407062033454,-0.0329688221073463,0.000803045772565469,-0.0105231983534787,0.00741852440194856,-0.0108119636050606
2812,-0.00612114604888779,-0.00770187646963521,0.0194573915280463,0.00220744895097152,-0.0179899640605967,-0.00919033103262487,-0.0132763973126447,0.0152411634559269
2813,-0.00216332311382944,-0.000458767138000651,0.00802729968528591,-0.00430944627643545,-0.00241981800126935,-0.00200719149203456,-0.00511127829810063,-0.00242444306164584
2814,-0.0012404243584412,-0.00117258505651482,0.00246227718837072,-0.00144319461310959,-0.00164476060022448,-0.00430292670726539,-0.00368353845429759,-0.00220544441254158
2815,-0.0177880346390132,-0.0196478932559685,0.0155417379334909,0.00879202304023567,-0.0250755738594956,0.00352792469920077,0.0181810006176567,0.0195483241394761
2816,-0.0172159429778275,-0.00015022494308867,0.0199714649661679,-0.0101822406098147,-0.0199039755802707,0.0216270285135985,-0.015097609827964,0.0151944272732144
2817,-0.0228539843787184,-0.0323418703703413,-0.018031057726471,-0.0191472589251346,-0.0189326889168275,0.00715395083868761,0.0117330171987656,0.0335066078817592
2818,-0.0081120265282039,0.000326678030400606,0.0238312634716684,-0.00469552015131636,-0.00252290039153449,0.001221737305323,0.0205195052027873,0.00154238971934473
2819,-0.019219179943208,0.00727328979871316,0.0106465440705207,-0.036339002952239,-0.0247760270323667,0.00387798175692766,-0.00435173662124766,-0.0137239390064133
2820,-0.0219024825907979,0.0307299280556051,-0.00350044701039477,-0.0165284694875672,0.00828692935268123,0.0240727923490329,0.0519314053307634,0.0101006943031198
2821,-0.0223780449604845,0.00764950756335288,0.0109022823137896,0.00988719971681687,-0.0190169190529296,0.0235226582757597,0.0439647282818408,-0.00794892113395009
2822,-0.0243213856042539,-0.0143078780800322,-0.00825671382043521,-0.00136544983278117,-0.0502063328220014,0.0208673594115906,0.000165404906439235,-0.000440937220723301
2823,-0.017427859792279,-0.00648504144431056,0.0151796014969815,-0.0140250152774957,-0.00867527306489351,0.00799238173681369,0.000210654952659177,0.00462520635445074
2824,-0.027034525628462,-0.00278739104725263,-0.023985952503817,-0.00943957490300139,-0.0217981206455307,0.0156094771269546,-0.00148111974154502,-0.00327302798173968
2825,-0.016527531392733,-0.0420825895133341,0.00475562496370863,-0.00717639428399788,-0.0169399294595658,0.000198141020319738,-0.00919520014059366,0.00956175752475735
2826,-0.0258294250776299,0.0140737986316977,-0.00771670351478911,0.00456161018467229,-0.0100088830115225,0.0483868853309517,0.0116525439137129,0.00873566128125094
2827,-0.0186013671816318,0.00293054416013128,0.0148708068284276,-0.00775293307001079,-0.0090730764255274,0.0502937251884296,0.0187360720980821,-0.00189482077145579
2828,-0.00759565698010182,0.0023231164124782,0.0183564735205178,0.00242810166087716,-0.00233909426578392,0.00712199260704726,0.00126073681185684,-0.00743397775916194
2829,-0.0066301336946869,0.00159623913443322,0.0161403455544056,-0.00527045474784279,0.00167752698245105,0.00608319166856906,0.000561718191720335,-0.0119372887356789
2830,-0.00595545298880018,0.00494353381186109,0.0201293384528812,-0.00533400664744064,0.00967683434446039,0.0106163663705755,0.00196790543071471,-0.00612883932491568
2831,-0.0265699776994069,0.00779822122453354,-0.0181039384288987,0.0241070623924179,0.0045139862898088,-0.00433157647270456,0.00702370187893895,0.0274982724048688
2832,-0.0139255961030577,-0.0133662823059275,0.0204066014049931,0.014195600238851,0.00906099443793748,-0.00281366505150155,0.0047576495153069,-0.00196730362183186
2833,-0.0165101233566158,-0.0197806844492668,0.0103010258977981,0.0154363080788035,0.0164550329611145,-0.000792641053274983,0.00828984418505313,0.00251188989535684
2834,-0.00749856194352205,-0.0223519518096692,0.0100702957504355,-0.00857982710154606,-0.00215126545382122,-0.00371849618294251,-0.000421290342650248,0.0024437636901446
2835,-0.0104185030513589,-0.000213622114553485,0.0252303870632778,-0.000741024231599216,-0.00457693750606169,0.00800901828965405,0.0198290536973783,-0.00538431933407655
2836,-0.0110203782325214,-0.0229480430776705,0.0178435832523486,-0.00525282516632299,-0.0122252102797322,-0.00578598736392089,-0.00190926476632932,0.00802591458433539
2837,-0.0055449485667429,-0.00199337788730817,0.0164053179293625,0.00705791670552756,0.0129734665149383,-0.00843642489183468,0.00288684537666775,0.0027122455180624
2838,-0.0174555873113088,-0.000141048787168076,-0.000100166813382716,0.015592761417691,0.0134602977605045,-0.03258392624103,0.00223845557720938,-0.02654494459263
2839,-0.0265144595276822,0.0281248749795336,-0.0151841641798798,-0.0142546985340564,0.0244080956089589,-0.01325408858707,0.026630980709,-0.00199851270336423
2840,-0.0207653406070424,0.0263050631038555,0.00142456680437302,0.00434464891451673,0.0155539644194623,-0.0278900887479295,-0.0157462314458499,-0.0129745189882597
2841,-0.0102227940200641,0.0120141548709384,0.0134390538247775,-0.00646595165513255,-0.000955030722310579,0.00269666907195073,0.0364402127134838,-0.00931607180265826
2842,-0.0138769151801094,-0.0268268379216821,-0.00609180725421127,0.00293075893285201,0.0262303802870981,-0.0153791475347807,-0.0148544800801471,0.00401091944841744
2843,-0.00224846362699263,-0.00236345639358094,0.0108637040365478,-0.001532475823173,0.000228948259701951,-0.00412403140636478,0.00260045144202447,-0.00266984978005633
2844,-0.00143706278440238,-0.00401329561591983,0.00420507844657422,0.000368786904473884,-0.000330754920760094,-0.00299725911100539,-0.00213458222869561,-0.000998573169406934
2845,-0.00406585538291156,-0.00591285283652677,0.0136217521576325,-0.00709757877417103,-0.00612972639613923,-0.0114570483776222,-0.00314915109747295,0.00259346609886686
2846,-0.0261075258973716,0.00299743432381629,-0.0224728698566468,0.0190838694185645,0.0115643670683811,0.00908543504630244,-0.0033659846545174,0.0132047454323658
2847,-0.0205914585358912,-0.0127365480463711,0.00223149826221966,0.0265779143109317,-0.0421123048227256,-0.00164899838696803,0.0334550267404781,-0.0102620690042212
2848,-0.0230161608657532,0.00163825366371751,-0.000847715150220363,-0.0212475475555201,-0.0516952975315001,0.0241799822021004,-0.0336062975821489,0.0315376131344469
2849,-0.0134532887583099,0.00634192824692278,0.0216943133733344,-0.0109813045687757,0.0138045206193273,0.0069122657946713,-0.0192408695904967,-0.00915638463565775
2850,-0.00977581717357314,0.00604663543045084,0.020950862467044,-0.0115297453400325,0.00549282070858043,0.00250876272406795,-0.0186811470054241,0.00610590463900024
2851,-0.0010167845331182,-0.00294665169936092,0.00199607756486096,-0.00161424805401225,-0.000688864298508617,0.00374146809030888,-0.000226612142307995,-0.00397784840889441
2852,-0.0184003816160719,-0.0033895321523159,0.0167040669021072,-0.0120572309984515,-0.0442215189875734,0.0269738288922867,-0.0296595306943241,0.0112542631645017
2853,-0.0210428478684982,-0.0275725524753206,-0.0187106902923916,0.00573040776635966,0.0111928573515138,0.0135061341163068,0.0320238169961371,-0.000811083302166619
2854,-0.0232678086853039,-0.0114891325277131,-0.00997756328776613,0.00321094348363538,-0.0262790057238229,0.0248844932392465,-0.017236325647567,-0.0200559602689322
2855,-0.014642223182544,-0.0272299322564381,0.0131412724361752,0.00472984361530911,-0.0124475800812709,-0.00427826972533657,-0.0106711974601323,-0.000183710996248339
2856,-0.0222549563635409,0.0059418236129484,-0.013210873319841,-0.0216347357414061,-0.00359894557007727,0.00702504740438311,0.0678905462327807,0.0352294383458085
2857,-0.0225146991328341,-0.0021872679340382,0.00365311955213009,0.0194785576531623,-0.00461479267809442,0.0332847939834899,-0.0037884968731811,-0.00605240662349625
2858,-0.0272326781159631,0.00218627630260864,-0.0334990377445265,0.0301010250210116,-0.0054672246275603,-0.0217089511810689,0.0048729032955356,-0.0354096375936907
2859,-0.0102606161226206,-0.0116739363577563,0.0212797924723854,0.00635418334658617,-0.0143339552604422,-0.0098470582209405,-0.011943274344679,-0.00900408733081435
2860,-0.0199791756047539,-0.00980158577981773,0.00591912110134774,-0.0136231072008605,-0.0461965626445453,0.0170547697802747,-0.0303600016896862,-0.00693583689170741
2861,-0.0148733070245901,-0.0374430737784824,0.00622156348478465,-0.0164422264669798,-0.00597311338536379,-0.00891090407272518,-0.00991650506589124,-0.00234312467768621
2862,-0.0159729625066429,-0.0259134383729594,0.0129500951914295,0.0125166681702518,-0.0286382849713906,-0.00578659774964734,0.00352278784805659,0.0147748700154952
2863,-0.0163252125614433,-0.045319803861222,-0.0144082394927906,-0.00664880001819232,0.00798751227187008,0.00773659049357061,-0.0110820380240735,0.00600156250653236
2864,-0.0203905805185138,-0.00629569980603574,-0.00418882291709994,0.0217842773217141,0.0301131714709017,-0.0053358677231467,-0.00973781858303941,-0.0234742232424107
2865,-0.0199408776922295,-0.0152227893914249,-0.00292548377077941,0.0288474594330297,0.0227734394272158,-0.0218578462503336,0.00375468830301537,0.00370074424076881
2866,-0.0253209995768801,0.0246302879921823,-0.0203742352516207,-0.0209974752208898,0.0215601142374911,-0.0347637965076269,0.0138380401171003,-0.011755484687687
2867,-0.0235746601583637,0.0316540404237883,-0.00885691445193027,0.000292188527297375,-0.0148951214039387,-0.0266970991042887,0.00136269209454782,0.0368495561400994
2868,-0.0254211477746258,-0.0122045231102312,-0.0335433379481283,0.0134199904233072,0.0320002259729895,-0.00303664667436116,0.00656326503579332,-0.00948504235474749
2869,-0.00121773647104412,-0.00584889773988713,-0.000608859343148198,-0.00168626960706002,0.000853143173706258,-0.00129370014045861,0.0013825971140964,0.00393448025373277
2870,-0.00105961923851499,-0.00149623251062572,0.00287881711822389,-0.00338841205414309,1.04284202853967e-06,0.000431380249732933,0.00211741732422543,0.000922840440098568
2871,-0.0162806274673772,-0.0126754105610531,0.013556973860341,-0.00653715641001502,-0.021155755241112,0.00256333266960646,0.0127838767734994,0.015452105648364
2872,-0.0210043923334916,0.0124776114399689,0.010738157561048,0.00257902141967076,-0.0055417023787192,0.0385810847404942,0.0244559595709509,0.00393774417565422
2873,-0.0229808819298179,-0.0155585183698431,-0.0025586161146254,0.0144002374955994,-0.0391636847641914,0.0138217451019224,0.0264882820764511,0.00305948719380326
2874,-0.0219270901786635,-0.0403720557098471,-0.0240391986613914,-0.00956924754635471,-0.00787562750286023,0.00390175142169829,0.000535198455666576,0.00779823878002956
2875,-0.0193970887167809,-0.0384738001709119,-0.00468299860382402,0.000594669587212121,-0.0100694111621304,0.0130082953723732,-0.00448738583061606,-0.00343576164056782
2876,-0.0213876599900443,-0.0296362283159136,-0.0127666416371979,-0.0230107155201871,-0.0249311905217678,0.00705949404226442,-0.00499348838940032,0.0222335190605692
2877,-0.00952273218980136,-0.0202565828480014,0.00960051828999924,-0.0074466119150186,-0.0104318489124011,-0.0067955019449843,0.00325727277211451,0.0244269642540756
2878,-0.0176227713413572,-0.0372085899296012,-0.00575815966922743,-0.0159257335569859,-0.0172393491749899,0.000172427625404205,-0.0126967691242047,-0.00506703822703296
2879,-0.0175505394297892,-0.0287063975725158,-0.00261876650419917,0.0180915837186924,0.0115245825706917,-0.00673144009786833,0.015747313069532,-0.0245868493118773
2880,-0.0255375593676778,-0.0209334863529547,-0.02411991756476,0.0104370837506394,-0.0346379162561995,-0.00332503827767123,-0.0201768169446191,-0.0153995888271103
2881,-0.0172810500746809,-0.0337671249178691,0.00449012284158948,0.00203337623728239,-0.033447618777265,-0.000969688537431423,0.0131477071012291,0.00433997696366437
2882,-0.0198502964376356,-0.0317583421034528,-0.00796655681130762,0.029160727091684,-0.024216213222175,-0.00857663268321569,0.0157668445676457,0.0114683505567106
2883,-0.0247347111599515,0.00521496143545009,-0.00694734021631048,0.0148297707136397,-0.0127680594098477,0.0458901710265863,-0.0136361398754759,-0.0080474701775587
2884,-0.0181360121649401,-0.0209765211721214,-0.00105604430915594,0.00754981610063205,-0.0111698500197537,0.00735454078229376,0.00709256707707127,-0.00673524542306501
2885,-0.0240465249945379,0.000196997074919802,-0.0130365210322579,0.028456629518077,0.00859574509347752,0.0257957255422951,-0.0471267251299132,-0.00634651912202213
2886,-0.0267622164613297,0.0198429265201316,-0.0270331928191973,0.00514417937674276,-0.00790228033434362,-0.011261948240873,-0.0669101937798492,-0.047563088681997
2887,-0.0223427667509495,0.00659673300479302,0.00303362449660576,0.00185886216453607,-0.0108791279448214,0.0110554382795131,-0.0269548471113174,-0.009577616909313
2888,-0.0118679462409883,-0.0155006090182039,0.0199027318926643,0.0191642699391374,0.00412477222954063,-0.000456700838498682,-0.0197820464452964,-0.00377827134841058
2889,-0.0264271650999709,0.00706093406364362,-0.0208196550367986,-0.00533337159880308,-0.0148066023281932,0.0405674176521589,-0.00618857488404412,0.0151370146915459
2890,-0.0254839109352381,0.0112718716758121,-0.0126812031267368,0.0342127052999615,0.00648322681884355,0.026024711264088,-0.00584541257185926,-0.0250487490961877
2891,-0.00940033362816066,-0.01948983635338,0.016516767981519,0.00205103858359712,-0.000232996373424327,-0.00963648151200295,-0.00908108204311311,-0.00324085617963159
2892,-0.023011938758467,0.0314080155303624,0.000381550939225782,0.00898624245945531,-0.00141587209850983,0.00478718830304191,-0.0277391633693174,0.0144957206424038
2893,-0.0253019487446892,0.00613460295554549,-0.0219946572677177,0.00624100534182504,0.0244107656990224,0.014460704622065,0.0259190802724593,0.00458733942782935
2894,-0.0133915223413595,-0.00855436502772706,0.0252227030751718,0.00811487951304012,-0.00603648972177774,0.010456234929586,-0.0170571649735217,-0.00525993421770853
2895,-0.00984439864605897,-0.0226241114481801,0.0202584583245601,-0.000673403318903357,-0.005563614765978,-0.00477529292968165,-0.0109302778451917,0.00167294473556051
2896,-0.0190528484036578,-0.0173101780980565,0.0111746206431261,0.0251215676277903,-0.0132422606166904,0.0160144882030548,-0.0176446225126539,-0.017479254785595
2897,-0.0143399833036369,-0.017204819815728,0.0177818194525446,0.0122547657025552,0.0012921177037945,0.00727677828891493,-0.00517425329579,-0.018301299089193
2898,-0.01685972167562,0.0327817287132018,0.00728348115218484,-0.0048525590932961,0.00377655724491911,-0.0354452274526874,-0.0320589846813057,0.00680601000459503
2899,-0.0314254437498559,0.0200603384714296,-0.0373459736087958,0.0141326175503579,-0.0058020384428263,-0.0253825030104264,0.044715359656687,0.00130430456428846
2900,-0.0148324570974837,-0.00598501751588757,0.0021784419733821,0.0103388602156956,0.0321856795414663,-0.0299633991053911,0.00261136359776775,-0.0339599395778027
2901,-0.00378968563903114,-0.00985430984198585,0.00253434256625321,0.0040717724680518,0.00916044014227831,-0.0121432002214221,-0.00868820347332704,-0.00166885949421565
2902,-0.0159872709457641,-0.0110626128008024,0.0097302217221722,-0.0120712844268197,0.0177124243289716,-0.0151132777394511,-0.00290376684366874,0.00384535278504513
2903,-0.0148510637416671,-0.0198481093008636,0.00505294882433101,0.0208873680501914,0.0265697170014684,-0.0112922944153672,-0.00805623681178414,-0.0028903700809408
2904,-0.000134608135396291,-0.000402016688906357,0.000339685505836601,0.000354623336271402,6.19586360864406e-05,-0.000398259309359054,0.00213057125027756,0.00243659664487967
2905,-0.0141027387971164,0.0104215407609298,0.0290303044601532,0.0120830575193847,0.0148694772716852,0.0140888756387511,-0.00380891666503823,0.00831426286111899
2906,-0.00496790035737002,-0.013070517080764,-0.0036913362181628,-0.013163676275814,-0.0139318405965309,-0.0142806798157829,-0.0104108241498116,0.0067240796624856
2907,-0.00990389718102095,-0.0117987046816518,0.0208766620230118,-0.00444301216845402,-0.0233793824192654,-0.022076451213208,0.00154527192442396,0.00610046386547901
2908,-0.000289232263807991,-0.000563887843923749,0.00067189211037122,-0.00039316376880126,0.0011093454858186,-0.000662321134251364,-0.000547202315555367,0.000559410858514753
2909,-0.00939296161166058,-0.0163459635883271,-0.00594942670557739,0.00658872119711994,0.00745812089609444,-0.0440002466440173,-0.0180178668338696,-0.00393486650736609
2910,-0.0199302886864547,-0.0164848748058148,-0.0112061940273677,0.0239554228264218,0.0241078445454615,-0.037022546495284,-0.014702097774413,-0.0060228168724477
2911,-0.000799213816547431,-0.00179693504736581,-0.000243794073328309,-0.00259466031450793,0.000346615411021735,-0.0015425546400214,0.000642159390373578,0.000215562515092052
2912,-0.0118794039726066,-0.0220582274465295,0.0083156463359106,-0.000925025935034109,0.0252858681638477,-0.00666973538648445,0.000515389772085605,0.00819098755011237
2913,-0.0121977226674514,-0.0219261163543684,0.0112097170194777,0.0145471690070171,0.0157113844577396,-0.0116349503350163,-0.0133579496191634,0.00708750100191924
2914,-0.0212395150835135,-0.011711810786333,-0.0190955234650494,-0.000275370389127873,0.0406994960304431,0.0200870245158014,-0.000797126291736017,0.00876285836465516
2915,-0.012201526750159,-6.88243742364819e-05,0.0176757643587223,0.00424537420277147,0.015859926983458,0.00987879414260302,-0.00937046666750603,0.000284817916187714
2916,-0.000823458552326402,-0.000876432382843556,0.00357538748457137,0.000411081583617664,-0.000758295751257515,-0.00218200617014668,0.0004386261338549,0.00153009151931947
2917,-0.012594287450624,-0.0232808405874997,0.0174078767936933,0.00881020043058149,-0.014945724538342,-0.011502395788966,0.00752219384574329,0.00340703360756144
2918,-0.0122688563070174,-0.0309368342926181,0.00305937948626257,-0.0170816273516553,-0.0170448162223613,-0.0191784219386515,0.0125891102772926,0.00702834654627489
2919,-0.0184259264841699,-0.0499373982699734,-0.0161990041129036,-0.0148982905035605,-0.0193295831363147,-0.00682501878581313,0.00179296839973946,0.00851341138099048
2920,-0.0192682977170063,-0.025697738537169,0.00718433137159383,0.00353032147987107,-0.0211110026632954,0.0297677923913679,-0.0245009257753495,-0.0141166346008869
2921,-0.00120904614768437,7.62777111655868e-06,0.00525904042387134,0.00246420766314091,-0.00367626484791985,-0.00287469505193454,-0.00293377511339666,0.00307918030280383
2922,-0.00759834277690505,-0.00677601404407897,0.0228914043364022,-0.00261683019496675,-0.0170769483717067,-0.00626947871205757,-0.0191346993315902,0.0173901480629808
2923,-0.0134073648336625,-0.00899298384335192,0.0225810237804461,0.0151488394763309,0.00618398884096867,0.00859460492582233,-0.00134223599796053,-0.0112448244971499
2924,-0.00686139959675996,-0.00969769321102702,0.0174738998444645,-0.00208411673432909,-0.0151173814575054,-0.0179717038102198,-0.00111785629571621,0.00649113900195617
2925,-0.00262000813945394,-0.0126590458030968,-0.00100008153298604,-0.00179609987266282,-0.00102213393589032,-0.0100599649527296,0.0105095535415742,0.00752822788829043
2926,-0.0122731590805671,-0.0150122401357245,0.0179591656671517,0.000931475020264833,0.00328337937224956,-0.0071185769160256,-0.0201181493690673,-0.00292491983940998
2927,-0.0177355125053226,-0.00866780770704591,0.00461419784409761,-0.000793947249050431,0.012335300329381,0.0235958734724414,-0.0101314600713416,-0.0113717010825509
2928,-0.0107094836293456,-0.0179702639229608,0.0194149381644985,-0.0103420792861039,-0.0278470270035716,-0.00285079621791218,-0.0115585199481345,0.0115888227252117
2929,-0.0113918134361662,-0.0101363894750936,0.0236343148211855,0.0182794656461609,-0.0177946925205018,-0.00222426468683912,0.0126209037653332,-0.00112246358233244
2930,-0.0220081651597498,0.000831649829093943,-0.00933710434542948,0.00527922300849963,0.0149772509617177,-0.00660101464342811,0.00345371287092077,-3.54278458732505e-05
2931,-0.0166570853552518,0.0292898454867106,0.0115969208210843,-0.0157710469532426,0.0326880970739676,0.00388401189826999,0.00204590933762136,0.00771415670843147
2932,-0.0306163694450131,0.0356596896601323,-0.025457429444273,0.0175794839909649,-0.00198731841635148,-0.0179093998162339,-0.0162399280685804,-0.0190270662416051
2933,-0.0283979672058971,0.016376998157925,-0.0294310244795682,0.0269474588800906,0.00520936209463209,-0.00947893804305987,-0.018558367357266,-0.0288990054630659
2934,-0.00245229088944333,-0.000738463454143585,0.00122747753061476,-0.00393982383448054,0.00688464110925479,-0.00524248039300408,-0.00774136715691327,0.00596547177998659
2935,-0.0118953834635896,-0.0243789402586388,-0.0012944035518273,-0.0299718984405947,0.0332142876564972,-0.0314037674363577,-0.00817346227699704,0.0128044295927337
2936,-0.000625984849305141,-0.00164744973814365,0.00141651981716758,-0.000870735050239894,0.000559281309450328,-0.00156143308589947,0.000515714300860059,-0.000928753396278525
2937,-0.0208713008441029,-0.035125274250118,-0.0100580682477505,0.00123562719862553,-0.0175745034492219,0.011732747934278,-0.0191707952233805,-0.0130097796872566
2938,-0.0209744244148651,0.00433081116878815,0.00237237253437615,-0.0305661400560168,-0.0283512341717117,0.00241063747861272,0.0300939128362938,-0.00206364888994693
2939,-0.00223947681924604,-0.00643551480006669,0.00370684182322528,-0.00269021308847081,-0.0104862060810844,-0.00536466493031286,-0.00441071659874945,0.000286823296579393
2940,-0.0218596547921894,0.0172222320743291,-0.00180762434494483,0.034349589818115,0.00126938384281843,-0.0158809463202629,-0.00857184735093837,-0.0013880883666263
2941,-0.0189835679361648,0.0339301607439087,0.00141107631508719,0.0116419575172245,-0.00840400576828015,-0.0364378208507257,0.00871452971319257,0.00180559285683432
2942,-0.0215651208973772,0.0164096963833603,-0.0076960569753306,0.0252156854192955,-0.00897493966681497,-0.0423550771304178,0.0262566975544339,-0.0227113163573174
2943,-0.0136790486499802,-0.0240189420263907,0.0127224131021859,0.00458169169802907,0.0139123380610339,-0.00887628147989319,-0.00974736937167197,0.00761233853111272
2944,-0.0270319281368726,0.0201077429850262,-0.0206548476106882,0.00941268798326494,0.00447699608176351,-0.0168689526128447,0.0415319342757968,-0.0314436603305614
2945,-0.0269418445436105,0.000559258490318872,-0.0464460564029247,-0.0172115325761016,0.0527771265671471,-0.00103041368641066,0.00495327274664787,-0.0403692476135291
2946,-0.006476183619336,-0.0113801276738333,0.0118326059461537,0.0127994686140521,0.022771737793938,-0.00950904385103991,0.00334652252055449,0.00309911469040049
2947,-0.00466769958696197,-0.00532631210335749,0.00656022294603517,-0.000423616924864284,0.0116026735215584,-0.0054050445922281,-0.00679508639834263,0.00672651691670366
2948,-0.0212064499498405,-0.0230641268245037,-0.0280403678086198,0.0119984424060113,0.0107106226912717,-0.0267819575479602,0.0114745931767452,0.0207681898262254
2949,-0.00047316640815694,0.00185675869975446,0.00424980630809262,0.00732392558375901,-0.0015457628867543,-0.00181316128654309,0.010998293836034,-0.00226365776019283
2950,-0.0110322475376537,-0.00368087077744974,0.0261139816745529,-0.00786668139295166,-9.09531893447708e-06,-0.00491220511731607,-0.0165867667770189,0.0234722317744094
2951,-0.00133401022458843,-0.000935482421359062,0.00435034650450345,0.000621575460048882,0.000674321422556381,-0.00167145089249804,0.0011032169421858,0.000758790489503332
2952,-0.0169249439617337,-0.0298788077026387,0.00375093236678506,-0.00130208781395295,-0.0170134900367409,0.0146350962256637,-0.0181457018454901,-0.0239492582150526
2953,-0.0235386788438006,-0.00874384220528525,-0.0115763676409798,-0.0157270373662878,-0.0121321285919299,0.0333773179890797,-0.020923015811597,-0.0151662263200832
2954,-0.0196796575389175,-0.0132061196445242,-0.00116344627734394,-0.00744887912337099,-0.00890730775973829,0.0297824297389046,-0.0287272726437983,0.00143277251904088
2955,-0.00965562667696735,-0.0287850298746428,0.00855602425196045,-0.00306087965252436,-0.0172332651363359,-0.015541288089751,-0.00568726250488465,0.000847670652369842
2956,-0.000326512481805972,-0.000872344001132002,-0.00367614176767103,-0.00215901075035213,-0.00559041526611216,0.00365246275261957,-0.00153666423063021,-0.00124962902539475
2957,-0.0220233094048117,0.0229451226975923,-0.00842308168040307,-0.00824916650031566,0.0189916862475301,-0.0269075025759563,-0.0263529489169834,0.00764920236855545
2958,-0.0248466729944637,0.0145157845378242,-0.023579892001445,-0.00296570306319906,0.035288394260757,-0.0098226150359146,0.0195573202493691,-0.0137051616962226
2959,-0.0274502475662924,0.0169756178550826,-0.0281509900258875,-0.00483835628125346,-0.00423355939553584,-0.0486666652068592,0.0608218681038807,0.033508307992645
2960,-0.0252645518914621,0.00486172078867402,-0.0326991563832516,0.00466739919469741,0.0284104381500861,-0.0489973493686225,-0.0293332746744813,-0.0289812454307865
2961,-0.0134715670804625,0.018937488069411,0.0107588487251125,-0.0185211476749171,0.0356751942650969,-0.00624862259743291,-0.00351159388097953,0.00929257118141967
2962,-0.0262854092360545,0.0192541201706517,-0.0104547511383351,0.0273591040000239,0.0103005104346626,0.0129349440289139,-0.0181804750308472,0.0162202302481949
2963,-0.0210171554341877,0.00545168319989542,-0.0161901866928725,0.0324785753736182,0.0285694154470833,-0.0253846961012752,-0.0210179279976619,-0.030611937723501
2964,-0.0100995247560093,0.0113856594372682,0.0175051961943057,-0.000412594677583024,0.0184033111942525,0.00482734825710222,-0.00664401511696512,-0.00364709038145579
2965,-0.0200861711245061,-0.00751810122360189,0.00609817766936002,-0.0190883927384562,0.0240608537879817,0.00719320997451587,0.00807022729600984,-0.02085639794574
2966,-0.0168375054666558,-0.0346575709309693,-0.0115660306317859,-0.0214911670684269,0.0300376890182085,-0.00414174333081582,0.010326860877371,0.0094415372837265
2967,-0.0125099910471987,-0.0200573884826544,-0.00164597746040461,0.0148621299916014,0.0114110198573398,-0.0106782116495514,0.00102395114099132,-0.00610354043207932
2968,-0.0003426879523743,0.00181984610043754,0.000692283076760959,-0.00102360287660528,-0.00574765292490805,-0.0015807301231451,0.000629544386648313,0.00145290259175638
2969,-0.0234094193221857,0.0103380676046067,-0.0197049930882301,0.0258956769855576,0.0130182173980063,-0.0358588619159242,-0.0160397018760904,-0.0120444251108166
2970,-0.0237578878015092,0.0160595821947023,-0.0155598157976119,0.0183383160173504,0.0251357331883342,-0.0210741689965138,-0.0127745197443288,-0.0236425416184147
2971,-0.000567755200433009,-0.000225564805889747,0.00136118222956011,-0.00163719392910256,-0.000640297387367757,0.00010586995052633,8.97380408654253e-05,-7.15963055717066e-05
2972,-0.0133465395486427,-0.022148280077511,0.00138621782955256,0.00679932701674703,0.00476402110075762,-0.0042194465037483,0.0104892333449073,0.0203170400430076
2973,-0.0244377937583305,0.0115968865670196,-0.0127594643328141,0.0317412835666066,-0.00191864334298971,-0.0164839603230661,0.0140990834919671,-0.000950486853704442
2974,-0.0115250706017169,0.0124241429743672,0.00774055356447423,-0.0118443757823089,0.0111437906645262,-0.0373559316551665,-0.000333506480939722,0.012306345102072
2975,-0.00668166584232158,-0.0167297716812656,0.00652511367911092,-0.00766453945028943,0.0232639020229333,-0.0268936322172245,-0.00150364290897269,0.0161153872707145
2976,-0.0172663406059964,-0.0149821339937508,0.00808806584363842,0.0266941748178844,-0.020483433396761,0.00476489809035418,-0.0142228798836042,-0.00894313816696941
2977,-0.0243600436226007,-0.0178631213905574,-0.0095725595808346,-0.00989308274734748,-0.0468389857456132,0.0247200627020544,-0.0193463816268183,0.00428516572776203
2978,-0.0181974378107192,0.0143109958331828,0.0216000897996101,-0.00137928887758757,-0.0208822098314745,0.010236454221806,-0.0166793291200002,0.0176430668853908
2979,-0.0235535262827628,-0.0111451697582931,-0.00528896610278592,-0.000264512468173659,-0.0241852613590101,0.0315203327516362,-0.0407375714070202,-0.0172168851515883
2980,-0.0130108805277316,-0.0280136026471319,0.0092143054332089,0.0157938390337862,-0.0263260127996435,-0.00619092104257208,0.0085159153109817,-0.00308899636200802
2981,-0.0182423505877524,-0.0307425739031436,0.00193222041409564,-0.0120561531651038,-0.029599266171572,0.0237673424363627,-0.00343342349964786,0.00815602300938644
2982,-0.0216217067370346,-0.0281341502745608,-0.0170483196233241,-0.00563116702448499,-0.011900462121893,0.0183270578627535,-0.0147046903467509,-0.0221745466486452
2983,-0.000165602547006355,0.000871267209225923,0.000999103068023473,-0.000558157763545204,0.000772407200765772,0.000175200582647954,-0.00038328974861294,0.00133055675945473
2984,-0.0260603355716781,0.0166080871812768,-0.0188435047984669,-0.00731198916572281,0.00896210525398511,-0.028910293727266,-0.0185191594699244,-0.0408879832712645
2985,-0.0194609251063267,-0.0129513718305073,0.0067676481601686,-0.00365878081698038,-0.0244226231969985,0.0137151181500052,-0.0211303747831478,-0.0102802803201152
2986,-0.000423271658577005,-0.000952644786494014,0.0011663347534175,0.00150360915279643,0.000149091449465593,0.00123682886351542,-0.00127188453252023,0.00426637312353796
2987,-0.0172793975974157,0.00714681199113516,0.0166515798192185,0.0120669779192415,-0.013364487843743,0.0016572919317279,-0.0307178178759496,-0.015678035247316
2988,-0.00112101754067165,-0.00531344279078743,-0.00665741606803152,-0.00133492815372287,-0.00611173242345078,0.000226305329675487,-0.00394116455933218,-0.00158597007896413
2989,-0.0152360011186527,0.0185986433494279,0.0172215389306889,-0.0196931790534796,-0.00398731240345754,0.0167429859974554,0.016585631786233,0.0120619527534193
2990,-0.000112756160928796,-5.87570743207752e-05,-0.000426551577182463,0.000606971748426663,0.000325174596633474,-0.000171841916131338,0.000116784588120016,-0.000259210803449681
2991,-0.0256212527380412,0.00999630339990494,-0.0137515961989513,-0.0155597307992829,0.00404595567711268,0.0585667036773187,0.00346673810981938,-0.0274781102643776
2992,-0.0141178848583962,-0.0232890968020832,0.016358691822712,0.00943776628916211,-0.0125527610180558,0.00391092653941326,-0.0120500027808256,-0.0119529782358252
2993,-0.000857689399561965,-0.000172003310857382,0.00307472218664024,0.000889680236517035,0.000674289417918861,-0.00237211790704157,0.000830385542683936,0.00824313041102126
2994,-0.0216990342419107,0.00792048426046492,0.0105274571823044,-0.0136050174203204,0.00390431793153421,0.0118867433515081,0.0272670110665608,0.0139162510371813
2995,-0.0163809258454431,-0.00249949977591681,0.0166046816808737,0.00627573402953925,-0.0121089570169694,0.0147356478648929,-0.00991585798232674,-0.030858438375913
2996,-0.00430570212236786,-0.0156070632175518,0.00151134067941152,-0.00569300356977346,-0.00915515265794893,-0.00896769149714197,-0.00654285652474484,-0.000882987690200623
2997,-0.00163258740855052,-0.00270842661008533,0.00317691397512262,-0.0182821526472318,-0.00295950461141527,-0.00527412205442661,0.000324231506686827,-0.00797690952798825
2998,-0.0152554186949912,-0.0250054314341761,0.0078326309919062,0.014536466291649,-0.0135002142463178,-0.0160687627210737,-0.00332925722099482,-0.00826723021604601
2999,-0.0101352594117276,-0.0142078684597447,0.0169826628050963,-0.012763314341528,0.0172470156831151,-0.00316715269303122,-0.0083207920631895,-0.00496238738083362
3000,-0.022299613782187,0.0226902736534776,-0.00906406195622777,0.00837545008859218,0.0119765903907367,-0.0250692368171613,-0.0326292219500643,-0.0272534888166477
3001,-0.00057179293304131,-0.000114668873904921,0.0020498147910935,0.000593120157678023,0.000449526278612573,-0.00158141193802772,0.000553590361789291,0.00549542027401417
3002,-0.00877157800390689,-0.0270470467236756,0.00509271022712312,-0.00721313956269442,0.00997984090787408,-0.00588189037040159,0.00393611354786564,0.0108010488716616
3003,-0.0123548855491542,-0.0255590777881711,0.0152730346524933,-0.0029744916318372,-0.0117454192935034,-0.0109873400945498,-0.00799640102381469,-0.000633644784721398
3004,-0.00878411926613392,-0.0265887588379616,0.00476897712022365,-0.0165748045075546,0.0125022502744915,-0.00257896158215564,0.00457706104549452,0.00229336236470406
3005,-0.0152295820480262,-0.0454303454608668,-0.0108207506053541,-0.0130627562374223,-0.00738659476856335,-0.000103357938450515,-0.00809378344205904,0.00992760918496485
3006,-0.0137740889730378,0.0134367902580941,0.018117672865557,0.0217296047074562,0.017912272535476,-0.0337345422801288,0.00135740227598536,0.000650224045648985
3007,-3.47419802308448e-05,-4.03752402052039e-05,0.00023363365593109,1.8267145173187e-05,0.000108932141720106,-0.000197135318485954,-1.78539363180485e-05,-4.79517379495784e-05
3009,-0.0155098661564657,-0.0188932929344644,0.0179813697141768,-0.00658695371490017,-0.0223074554962864,0.00188198306187823,-0.0270335212589701,0.00178810256822673
3010,-0.00238155176217861,-0.00559862078433236,-0.000908340305210458,-0.00550251476023123,-0.000403634010097418,-0.0149159476187263,0.011367379291636,-0.00688388153392064
3011,-0.0010540505745799,-0.00221380154167994,-0.00296277987078243,0.00734478809290228,-0.00307501545440175,0.00616730927552703,-0.00551878324536811,-0.0079880821088848
3012,-0.0115366074406543,-0.00981919619785399,0.0192366794459355,-0.0273022177669134,0.0148481431788669,0.0168189980939179,-0.00241279648928683,-0.00813485497462325
3013,-0.00118073674500603,0.00237040095902874,0.00420461770860131,-0.00399505685836989,-0.00392058026521488,-0.00188235681740377,-0.00913802816121839,0.00607117407185566
3014,-0.000246777329826231,-0.00049033365554016,0.000950903452137222,0.00112267786967393,-0.000876692355670051,0.000230259416548639,-0.0016225861280124,0.00339438560289083
3015,-0.0141974256217449,0.00760338979589889,-0.00179172552423317,0.000452826077185639,0.0204679113422966,-0.0344534502754537,-0.0183110969732021,-0.0184417589796799
3016,-0.00847494656585174,-0.00732989750113104,0.0127045397418224,0.00171454551329772,0.0179433878983852,-0.0198459029382421,0.00643416916240456,0.011266347971589
3017,-0.00890921493685477,-0.0112626705043894,0.00591476058576071,0.00500033504142494,0.0222460526015962,-0.0086018114074202,0.0158367768792502,0.00866844668949054
3018,-0.0124014008271885,-0.0269486802407092,-0.00749072134583452,-0.000887667859219543,0.0185919134051545,-0.029896168422789,0.00028079313151693,0.0328477008638253
3019,-0.00264435531490023,-0.00526872572151461,0.00652313719370995,-0.00167670825799263,0.00612779042007587,-0.00110731160555176,-0.00738806509545051,-0.0025532725852996
3020,-0.0127854854156354,0.0122826363867077,0.028404229297824,-0.000717941224350238,0.00548938590855471,0.0171199285202877,0.0133750645873128,0.00555503243323388
3021,-0.0211475071825172,-0.00819045400864935,-0.00155717014047329,0.0292761024404691,-0.0317048673563212,0.0189330628332993,0.00529576466756017,0.000459777613006262
3023,-0.0251110305414648,-0.00384094385937176,-0.0113769371451223,0.018388132710628,0.0126472132572365,0.0207599492212247,-0.0213580295157742,0.00151345287950321
3024,-0.0201292835195092,0.0163004084037417,0.00731384037719293,0.0450994826692551,-0.0193735197425156,-0.0211073480467406,0.0109328771262821,-0.0069860055917016
3025,-0.0127365925077043,0.0119104547891618,0.0233078565875332,0.0305981205215664,-0.00365414733532876,-0.016641590762958,0.010135580180622,0.00127015129993636
3026,-0.0183562779589081,0.0175246338203802,0.0177171369641344,0.00840985073564534,0.00132122923924214,0.0063403003612333,-0.0393248220520633,-0.0238840042443159
3027,-0.0225551421746908,0.0120815737516523,-0.0063915534996215,0.00764409135223388,0.00339427971261675,0.0153673781901703,-0.0133086744127196,-0.0222717932426913
3028,-0.0200356221254834,-0.00789621554648351,-0.00136396716808293,0.0185609611127591,-0.00785749219404045,0.0091023411920072,-0.00748943153078936,-0.0150219603263289
3029,-0.0243899581061503,0.0193880349998686,-0.00399332166610067,0.0249841510451964,0.0154297497469726,0.0228994600869564,-0.043682853830618,-0.0122258263787672
3030,-0.0247036948666633,0.0170992441218129,-0.0139018299592279,-0.0109429124898135,0.0126361176302329,0.0448700508214276,0.0328365878276922,0.00192106205339138
3031,-0.0167511362927338,0.0118337293110164,0.0139174033968816,-0.00543489564466637,0.0137854528950141,0.0245473419117279,0.0117755306634737,0.00925794913318496
3032,-0.0256000110841333,0.0169778137368076,-0.011954553165969,0.0376411842611093,-0.00105910390284168,0.000778992208352504,0.0054829575806279,0.00382027153457817
3033,-0.0260008834687381,0.0267423559822077,-0.0140636147591198,0.00776253000069168,-0.0173167494882194,0.00267017159472433,-0.0362074726911446,0.0331047248392668
3034,-0.0175899853607836,0.0238122051627557,0.0125252014002914,0.0279519303785472,-0.0155058976958723,-0.000456090990804784,-0.0345612505394692,0.0103380126991522
3035,-0.0156105420364198,0.00364678260865535,0.0180213897208196,0.0105181685763091,0.00257357977585032,0.00533352807797606,0.0139519332835407,-0.00475321197853841
3036,-0.0200017129623462,0.019870098520801,0.0107407699575733,0.0340385296525602,-0.00349008887948742,0.0184156225159001,-0.0177670064443613,0.000354465033508678
3037,-0.0224714413574706,-0.0157514354680884,-0.0220439000722168,0.0338269913279992,0.00837332600088867,-0.0213973286712528,-0.0107819378404892,-0.00998055354529546
3038,-0.0212681938318497,0.00385510612767052,0.00330319591650048,0.0223217401043726,0.0221791945093172,0.0321985556347628,-0.00254225772986913,-0.00314595529996178
3039,-0.016909749530363,-0.00296500324506715,0.00442837755778738,-0.0162135979931262,0.032673276727235,0.00958322761614117,-0.00486546872790988,0.0108386523616572
3040,-0.0220766509639705,0.0146674430219879,-0.00991860121396381,-0.00245350534038504,0.0148941777206588,0.0169748231823932,-0.0165929484904967,0.00976929563298725
3041,-0.0195250781970404,0.0108753545077964,0.00752803093986107,-0.0129773938390967,0.00960038875677696,-0.0196072172996433,0.0129761566687162,-0.00776527656759561
3042,-0.0253307578986329,0.00119493022826095,-0.0139792627800578,-0.0383619222293476,0.0127492394492665,0.0193850555341557,0.0120762443952976,0.0552352501986752
3043,-0.0176802136099017,-0.0234653563523152,-0.00925790248594013,-0.0278511005226619,0.0173147731637102,0.0329474047515494,0.0131251494076239,0.0179256417139669
3044,-0.0243864265281737,0.00836051986288545,-0.01581230066038,-0.020439435868283,0.0157803104971052,0.0141870858186155,0.00266301098793112,0.026171868487195
3045,-0.00823199539037271,0.0136845428552237,0.0246994974689804,0.00565320290479297,-0.00204853475878153,-0.00198284599542779,-0.00107978938018875,0.00648095218943658
3046,-0.0201048905733629,0.0215582454939085,0.00789494298794997,0.0224657481008905,-0.0122575480189295,-0.00866368621001855,-0.00445649589804374,-0.00715186017499987
3047,-0.0184231188325288,0.0150762103425583,0.0132913251087463,0.0299396020574677,-0.000757654760260639,0.01198845054332,-0.00358632349985897,-0.0221356809724107
3048,-0.0239158019473807,0.00346754766979224,0.000604507187107335,0.0225084184272951,0.0165716374894973,0.0227227170030657,-0.0203218088093832,0.00631875628253094
3049,-0.0153584312294436,-0.0150111975439018,0.0124192950252343,-0.0270633211666984,0.0210350440485607,0.0172644993593078,-0.0185391185750275,-0.0063487276478904
3050,-0.0179274814090786,0.0291194310007522,0.00762645644058653,-0.00584762819989204,0.016911124772811,-0.0531029300393308,0.0110699801256577,-0.00262514310802187
3051,-0.0195980211775396,0.0166541037984803,0.0107048734333562,0.000105445406388448,0.00329535379873375,-0.00333609754045532,-0.0132958361645321,0.0065794964951682
3052,-0.0156086755204335,0.00954954501697082,0.0233396935123663,-0.025567799071645,0.0099098378708327,0.0194626909993545,-0.0179655401109371,0.0224301898824168
3053,-0.00997474517425542,0.0050046240568931,0.0076700149584543,0.0006518619814536,0.0241513056898352,-0.00253829912460808,0.0115376332712436,0.0127741094158229
3054,-0.00138161891462774,-0.00375721045824382,0.00364620198974834,-0.00115230152424734,-7.75517813455651e-05,-0.00510772844313829,0.000228548944711089,-0.000183170124196852
3056,-0.0138931449358906,-0.0289272297763712,0.00475431479615563,-0.00651500270202631,0.0218916047682591,-0.00753488484606503,-0.0146735842804363,-0.0104925400775538
3057,-0.00490218718137951,-0.0132149534835019,0.00655479446759549,0.00379707334492928,0.00580982256192696,-0.00819434518661369,0.00096224911937833,-0.00149415595418772
3058,-0.00757798432223666,-0.0204156518118906,0.0132382938873035,-0.00989243484525119,0.00427010470908243,0.00193537710492236,-0.00515144206304126,0.00382219395555711
3059,-0.0132749724076402,-0.0278972282097187,0.0101270880837406,-0.00943912244943035,-0.0163495821546966,-0.0123873514824073,0.0115438250166102,0.00445209530551195
3060,-0.0178675911471123,0.022187905113985,0.00366700483187577,-0.00752894136232688,0.0310238158462258,-0.0212525405508579,-0.01653542219065,-0.0150640561289024
3061,-0.011512720119506,0.0120069650861889,0.0172551768346325,0.00946060643579289,0.0111096357580543,-0.0161527327053064,-0.00164905811053894,0.000763755066200792
3062,-0.0163887868008145,0.00968841293804428,-0.00296474932671968,0.0140876018685827,0.00433650958504587,-0.0258076302660787,0.00419767810008408,0.000805207445034834
3063,-0.00239371398441771,-0.00758681834290382,0.00293905829660329,0.00259880332392206,0.00400589036846914,-0.00570401623295917,-0.0063756773721018,0.000355038953391824
3064,-0.0134225876204913,-0.0315376362695341,-0.0104935715403763,-0.00132680811132831,0.019883418793899,-0.0343170884480426,-0.00555157414538139,0.022795676057336
3065,-0.000278059550742238,-0.000139485686896626,-0.00146960040944617,0.000125198330258578,-0.00193441564029329,-0.00132866459507938,0.000589572728118302,0.00299601161316473
3067,-0.00154397650534749,-0.00134806370993418,0.00244884408681084,0.000430574612743301,-0.000377362713886476,-0.00707696215777196,0.00134516456774224,0.00250912491936278
3068,-0.00333441766900181,-0.00970115809779717,0.00986537492238703,-0.00117741826229344,0.00366584833745512,-0.0104591092636437,0.00422635778950166,0.00618040835590481
3069,-0.000726049245956051,-0.000365183033608084,-0.00030022176229079,-0.00189713486852014,-0.00357939685290947,-0.00810598564766387,-0.00106374223140712,0.00351688676226961
3070,-0.000831111891447675,-0.00449761406418307,0.00194221899697324,-0.00419028512108049,0.00230394810376895,-0.00245023789680519,0.00198255771046474,0.00192513751665208
3071,-0.0200485105842948,-0.0152616775807088,0.00550989682255523,0.0210206669640545,-0.0287565325963639,0.00741478608507778,-0.00502802075347243,-0.0157204132424295
3072,-0.000111893505657156,0.000420175577540716,-0.000774842834321619,-0.00227557817341246,-0.000843477114942067,-0.00133907794497341,-0.000634611766610776,-0.000705530435588188
3073,-0.0248186496785128,0.0179397135819749,-0.0163883056066442,-0.00665817505589784,0.021814975485322,-0.0238163421146681,-0.019046839583561,-0.0126447243727544
3074,-0.0130200366691446,0.00735132370597316,0.0114434785221646,0.0249341311296211,0.0071733752367407,-0.0241636212363153,0.000292002530706294,-0.00944759324298503
3075,-0.0216911800425112,0.0281659455671906,-0.00568003766037627,-0.0219399095692338,0.0154404650652481,-0.0417965449880494,0.0025315315785112,0.0175316860788057
3076,-0.0236790006080239,0.0292652531045929,-0.00569885133708701,0.00724360315429781,0.0101079309179235,-0.0253990080126877,0.0027820646967379,0.0194398633579485
3077,-0.012398980342488,-0.0170531798913783,0.000327308702178463,0.00673383030604749,0.0167385395771751,-0.00965517217051114,0.00362702697101229,-0.0085813106016693
3078,-0.00140240207114536,0.000913876928936674,-0.0022678543909953,-0.0052442853182946,0.00704926267702229,-0.00639117102375565,0.00683630430252026,0.000837277437493272
3079,-0.0130638731543043,-0.0269201019614967,0.0130210834865029,-0.00972902653942806,-0.00815414455369569,0.0020519319791172,-0.00838982409035139,-0.00968634658242366
3080,-0.00197935014885882,-0.0060269653852283,0.00257420313929793,-0.00458487918353681,0.000886456360716886,-0.00945250508300727,0.000873935621583109,0.00719682513096581
3081,-0.0106383038480659,-0.0306239666937077,0.0112403567826,-0.00902354722913059,-0.00515907019387913,-0.0136146057106795,0.0131267983605113,0.017785009807511
3082,-0.0238063379057119,-0.0315512646430599,-0.0254029147401184,0.00282782870245665,-0.0165056939665335,-0.000291028647726648,0.0129699930026856,0.0135144450171806
3083,-0.0183239524740242,-0.00887656820280792,0.00478018045521465,0.0090856523068548,-0.00676194797769877,0.0208338691980587,0.00152283679174324,-0.00568046321133411
3084,-0.0109093103175611,-0.0199358996130394,0.010910878462482,-0.00281458542993881,-0.00185138242320289,-0.0145469598681337,0.0100416960573319,0.0099041332176778
3085,-0.0158839784944688,-0.0260162831697706,0.00948616724730651,-0.0123172006511951,-0.00839694155419137,-0.0134006246433069,0.00846461424948636,0.0177106415805238
3086,-0.0118908520040962,-0.0215478106241233,0.020603105456112,-0.00202570312353545,-0.0297012347695185,-0.0200800646848733,-0.00882461498227961,0.0197454456332744
3087,-0.000285896466520655,-5.73344369524606e-05,0.00102490739554675,0.000296560078839012,0.000224763139306287,-0.000790705969013858,0.000276795180894645,0.00274771013700709
3088,-0.00589560263686686,-0.00733294300645467,0.0176003036615777,0.000955938022981797,0.000238634000477471,-0.00625702925224559,0.00193421619853331,-0.00831977068637801
3089,-0.000233759844861927,-0.000730030696397431,0.000233144864326002,-0.000739618806004826,-0.000374409288808067,-0.000658011577097326,0.000449971864571263,0.000365949196448194
3091,-0.0172188795315581,0.0287335288601169,0.00898326085109324,-0.0005183359432303,0.013761746398219,-0.0288467226168788,-0.0261221180700727,0.0146085607687394
3092,-0.0244771308302466,-0.0080390672294214,-0.0236285235921445,0.0108190963640249,0.0429958212384704,-0.0152587721864584,-0.00757346552890103,0.0125694043647292
3093,-0.0116108778234423,-0.0110253162592274,0.00699473686633928,-0.00520480152194474,0.0156200864480566,-0.0196298628830881,-0.00622217724261904,0.016103647828617
3094,-0.00754657418205916,-0.0193599702433186,-0.000781767056857535,0.00282635909919329,0.022025852761144,-0.0265426152336049,0.00416297045410106,0.0145291166614656
3095,-0.0108161923433032,-0.0227574945755825,0.0028406630379921,-0.00885786271185277,0.0215691254414509,-0.0145516498216002,-0.00787597814890446,0.0138368272167091
3097,-0.00170972959625245,0.0025900805196878,0.00225983347845771,-0.00255049643587365,0.00671040156025291,-0.0154289496414722,-0.00047393628585058,0.0110089990696869
3098,-0.000255080527693553,-6.45119149792604e-05,0.0007414189617146,0.000296973248550704,0.00258558745941461,-0.00324866214028326,0.000230059029711299,0.00273097994323973
3099,-0.0164840423313087,0.0142082507263655,0.00465429161634618,0.0055961186036604,0.0200377683309613,-0.0145137728339471,0.00213553168460157,0.0173152771191773
3100,-0.0136379828280225,0.0152208318099445,0.0164184239116489,0.0218158463819236,0.0142510577887973,-0.0263122616225662,0.00718899312296901,-0.0126400579282859
3101,-0.0176251353555199,0.0191581911587538,0.00304950613240104,0.0050444394855277,0.0227081729709531,-0.0163312679023112,0.00581973993546185,0.0182377834018767
3102,-0.0187523369541777,0.00783245101434569,0.0126221007106065,-0.02189322012729,0.0325604962150277,-0.0167914965044385,0.0073174766708219,0.0209137760501449
3103,-0.0237637278506262,-0.00633539088746879,-0.0179842040616579,-0.02326616645132,0.0303374636966776,-0.00577217537443415,0.00360748137240843,0.0277035541023671
3104,-0.010760980567006,-0.0282930776601387,0.0149385814025223,-0.00565964078081983,0.00734283016397579,-0.00309086757741588,0.00548290252781508,-0.00185873974537707
3105,-0.0160840607390807,-0.0281808932173118,0.0103185415393114,0.0110531267655512,-0.0178877028785211,-0.00263907096264265,-0.0170487006819957,-0.00254632239429029
3106,-0.00805380202651286,-0.00493826194893798,0.0207741833519577,-0.000112344322742295,0.00561062673632127,0.00447124718730905,-0.00783868052894859,0.00676312891304238
3107,-0.00813376426241599,-0.02024272744137,0.0169954804812608,0.00173988307502525,-0.00207843626673873,-0.0101365055215646,-0.00977749627449635,-0.00385560200989832
3108,-0.0238320585307752,-0.0199989474702453,-0.0173366589403707,-0.0136187421219756,-0.0336430106638809,0.002892839744128,-0.0197711645736633,0.0247592820233263
3109,-0.00400425333352917,-0.00675958821827468,0.000991656927563575,-0.0118797295840899,-0.00147207146528652,-0.0131712187377514,-0.00365088480375815,0.000567116140149862
3111,-0.000307300051643627,0.00121448256744767,0.000306743130042241,-0.00433328978687446,-0.00428380933188006,-0.00118375575506943,-0.00082961851099163,-0.00128600243968235
3112,-0.0117439445661413,-0.0287375251398197,0.0155760127138834,-0.00633225504620634,-0.00624620299612912,0.00482138949465865,-0.00290367811070403,0.0173353673805451
3113,-0.0134115503653838,-0.0133723860031917,0.01817251212302,-0.00956874160511617,-0.0310436866642334,0.00703043839277505,-0.0219683062615924,0.018748066530176
3114,-0.0110987782044053,-0.0202309595301645,0.00644080141547574,-0.0348617949745547,-0.0115110585662814,-0.00869202222213133,0.00980814996616573,-0.000809440246598868
3115,-0.0192973769782894,-0.0338260476715716,-0.00299853183942845,0.0121544119795875,-0.0275815173791782,-0.00392962318455467,0.0225632946222342,0.0179641414403044
3116,-0.0218967720926296,-0.0174777036966617,-0.00623608096280288,-0.0013622245023342,-0.0035105930562233,0.0263029281978627,-0.00749214820384787,-0.00760985651641857
3117,-0.00847873342310167,-0.00715022784210484,0.020658126491836,0.00285468989687904,-0.00184064139572898,-0.00936301275259083,-0.00706200995954448,-0.00618962663830947
3118,-0.00620866170879301,-0.00857942250018087,0.0122303289848506,-0.0287229155704342,-0.00036588906598366,-0.00676639917193841,-0.00429968002106679,-0.0166429265497464
3119,-0.00772685269557377,-0.00502812352534792,0.0158517050671128,0.000728641629504918,-0.0129413418854708,-0.0108968632629857,-0.00246292683385238,0.00478643014691096
3120,-0.0029818876358737,-0.00706147499358466,0.00958945130466839,-0.00945396580953106,-0.000709913378088046,-0.00694262111844005,0.000813334778183914,-0.00449456710500568
3121,-0.0220109975999661,-0.0168848427874551,0.000343468087950014,0.0053676186403892,-0.0165786881275046,0.0331507438988266,-0.00354645257270662,-0.0106513883244212
3122,-0.00974184930205285,-0.0211097564780216,0.0159841184038951,-0.00429459704730083,-0.0117022334571417,-0.0159040755290409,0.0158918407597283,0.00813235725009983
3123,-0.0193777440740161,-0.0281911020602758,0.00186072703982381,0.0159159460250973,-0.0184703729777685,0.0195862321149221,-0.0121427990245158,-0.0112921617254983
3124,-0.00474320166010205,-0.00687629399797712,0.0117851939180785,-0.0309575459494327,-0.000476991477839552,-0.0106599432351263,-0.00797872932972573,-0.0216810108771688
3125,-0.00139034973656152,-0.00288632844804,0.00498892593862778,0.00130883374864849,0.0026917172185071,-0.00209806690761455,-0.00207319849982655,0.000325389114081898
3126,-0.000684105307375589,-0.00263909885798671,0.000131484539405225,0.00260538864000392,-0.00349266806514562,-0.00116635934897114,0.00165785530175385,-0.00120696437189627
3127,-0.0174828719767281,0.0277641810964582,0.0038484702277154,-0.00822215563060923,-0.00789341426468867,-0.0694329750001412,-0.0284141845456588,0.00393429517730869
3128,-0.0181099177098711,0.0130617192716207,-0.000354920174212628,-0.0124047599838017,0.0290474634455733,-0.0315730236392771,-0.0150284204340566,0.00943364949559419
3129,-0.01591186179166,-0.0317115290781687,-0.0134897891746357,0.010945734952044,0.0232245118374789,-0.0359306390551492,-0.00241232307701513,0.0113946207694729
3130,-0.0233549656353752,-0.00131426082419985,-0.0055813897117684,0.0163055343147724,0.0108441030595639,0.0264705267152423,0.0272429588164204,0.00171044138010146
3131,-0.0253891816429554,-0.0170377882371833,-0.0229698565124992,0.00730529693622333,-0.0228472208782508,0.0279873058397621,-0.0107771256808541,-0.0155652423384833
3132,-0.0262633972037551,0.00741356460853807,-0.0136497908690421,0.0100274213619861,-0.0208171283201118,0.0369674980467917,-0.0191406976020373,-0.0169337903026307
3133,-0.027105035313893,0.00772120273143911,-0.0276004523933668,0.0161841868664771,-0.0127945376523965,0.0288819656579237,-0.000897177836092209,-0.00546871771390344
3134,-0.02661584323237,-0.00455805839278455,-0.0282511013569737,-0.0133871572969474,-0.00516277593507413,0.0329715190483275,-0.0158703592543393,-0.0209292175648731
3135,-0.0279586372211135,0.00316874173850124,-0.0259001722165987,0.00579309771778063,-0.0305337142814223,0.0134899221459971,-0.00662800294215649,-0.0227206004514493
3136,-0.0184482360623141,-0.0313551873825191,-0.00183476170254359,-0.017200663024814,-0.0208272801354664,-0.01195026616048,0.000779291033646855,0.0134615836833787
3137,-0.0217489009782365,-0.022002537707421,-0.0033054198064877,-0.0132908843619562,-0.0504202420530566,0.00792639669173569,-0.027095696692815,0.00860061851102806
3138,-0.0204447217891703,0.00403139974620602,0.00518898138182438,-0.0259917348538016,-0.0523645201409352,0.0163968182148251,-0.0214595175065165,0.0412845426547967
3139,-0.0114890925860598,-0.00707083268358343,0.0207364031080733,-0.0157439808068046,-0.0356973850176086,-0.000811044852813192,-0.0222994971333468,0.00986993103031453
3140,-0.0144946207602959,-0.0208555987611799,0.0189005228713181,0.00166275078489849,-0.030554586041062,-0.0100845430149502,-0.0231243468980161,0.000157425007577157
3141,-0.0154054820789501,-0.00976361565010156,0.0225488509686817,0.00554548985184916,-0.00556589380285878,0.00659691363343532,-0.0240979490276321,-0.00172023837216152
3142,-0.01340172106037,-0.0335933832103638,0.00735610707705761,0.00169125825695474,-0.0124819045658713,-0.00267042396927438,-0.00360034469859851,0.0124813596191501
3143,-0.0122187386962376,-0.00205950373120968,0.0233947128325581,-0.00872260465963591,-0.0381066692996392,-0.0053272565109391,-0.0297721243573905,0.010576764734182
3144,-0.00179001678322894,-0.00224760302379956,0.00622998755703748,-0.000511409587855583,-0.00324487708273691,-0.00239101173466537,-0.00348110269667361,-0.00230451327993139
3145,-0.00512230003292719,-0.0135121489395641,0.00980391889823305,0.00496666361152047,0.00251858099637323,-0.00139917979782679,-0.000170823145334624,-0.00605819240463458
3146,-0.0126859602576551,-0.0122589365479545,0.01712040505865,-0.0151012935907186,-0.0305535967496552,-0.0368694670704236,0.00799382699090453,0.0125082344091863
3147,-0.000165602547006355,0.000871267209225923,0.000999103068023473,-0.000558157763545204,0.000772407200765772,0.000175200582647954,-0.00038328974861294,0.00133055675945473
3148,-0.000623333918585757,-0.0033732105481373,0.00145666424772993,-0.00314271384081037,0.00172796107782672,-0.00183767842260389,0.00148691828284855,0.00144385313748906
3149,-0.00291697768298218,-0.00788242604486957,0.00526534315025283,-0.000393263481110902,0.00592959020988389,-0.000345620110823696,-0.00434416435527221,0.00128685550064494
3150,-0.0167576452005658,-0.0284527631693747,0.000248114813091096,-0.00764307174679381,-0.025710376061349,-0.00625014117670784,-0.0180767311850722,-0.0132764729595963
3151,-0.00107275747463169,-0.00210578367857489,-0.000161122472946306,0.00310135422355966,4.23371669068604e-06,-0.00525691379016438,0.0042555186145965,0.00524493962616906
3152,-0.00128425062700631,0.000897715967640894,0.0013170769827902,0.000363415925809781,0.00261765307959879,-0.0052319309223623,0.00132889021555974,-0.00453567592091988
3153,-0.00042513421282259,-0.000107519858298767,0.00123569826952433,0.000494955414251181,0.00430931243235768,-0.0054144369004721,0.000383431716185499,0.00455163323873288
3154,-0.0246987118471662,0.0050116234672919,-0.0159774872080389,-0.0254536078849005,-0.0177386534295769,-0.022784480619636,-0.0108380529881981,-0.011830852990813
3155,-0.0125965440961255,0.00318406710327787,0.0225668658279939,0.00274240159417706,0.000197347095526996,0.0160986230141306,0.0123286421020298,6.70507441588191e-05
3156,-0.0258543704132221,0.00965715009300661,-0.0134278901321311,0.00379005200977215,0.0087009414865826,0.0188438747478071,-0.0256961886971608,0.00309399966963403
3157,-0.0137218202985478,0.00774038748203163,0.0258290435942397,0.00792600843462996,0.00538973426352368,0.0164201606372092,0.018428492397599,-0.00204949201188902
3158,-0.0149027191728515,0.00894576576528234,0.0203714887927024,0.0157422067703209,-0.0108363569878686,0.0100684619983308,0.0267762283171698,-0.014331399576792
3159,-0.00900251479512629,-0.00200432169099464,0.0241350639752513,-0.00958712040035751,-0.00686025422976181,-0.00185927558536299,-0.00434038677656225,-0.00412849633248132
3160,-0.00504078618245746,-0.00111563438632182,0.012156042566271,-0.00601037360721427,-0.00134788969182139,-0.00382025144726425,0.00096740401864714,0.00607528173286205
3161,-0.00957688979724481,0.0010882656713387,0.0247438613428755,0.00366925160274895,0.012257594023776,0.00187139429327465,0.0133034945038871,-0.0175532540027165
3162,-0.00943269995185606,0.00125190014877915,0.0210925402758909,0.00507487913301744,0.00105181971464586,-0.00371652436802235,0.0152763714738067,-0.00374972499411783
3163,-0.00778469497829385,0.00300407152479128,0.0257718211856146,0.0135500577596953,-0.00392097710633131,0.00564191696370088,0.0123960206877788,-7.9882886455864e-05
3164,-0.0145700428194114,0.00803748972250458,0.0221226296749124,-0.00503484213278485,-0.00169104680828285,0.0175338493066363,-0.0113577232933439,-0.0191964226577184
3165,-0.0113787269504276,-0.00970799346776151,0.0229117311633082,-0.000557219133946971,-0.000686342664719369,-0.00344129449778577,0.00103523846824963,-0.00351494682386415
3166,-0.024744131606286,-0.000383196510605107,-0.0113895684134826,0.0075864923845291,-0.014437010486891,0.0352172083767331,0.0692644034092148,-0.00782609753313603
3167,-0.0219297976627272,-1.66142887819975e-05,0.0074383646636806,0.0141308082601771,-0.0029959068691098,0.0294608082450298,0.0497954249227311,-0.00693639873659447
3168,-0.0196336563668341,0.00124532812782817,0.0133514883960576,0.0173863689688445,-0.00232677629341129,0.0270619319855641,0.0569660865582328,-0.0101994374119942
3169,-0.0138509412019592,0.00114879960243931,0.0283999299367117,0.00517567134377815,0.00490194886064794,0.0115303798534896,0.0401320833027107,-0.00950269464089265
3170,-0.00749402244704807,0.000618836825582837,0.0259798043816441,0.00335151567316648,-0.00263869774734023,-0.0119026812048937,0.00744707228276048,-0.00327277889473691
3171,-0.0103725376221003,0.00848501739222055,0.0219582060733048,-0.00106834990881821,-0.0144735246140908,-0.00502779437334973,0.0194409453621872,-0.000724978394962952
3172,-0.00942257431544768,-0.0238329119313043,0.0105249246721206,0.000790247968035766,0.000578851350493582,-0.00117489546732511,-0.00250787624830475,-0.00107510689738735
3173,-0.00797081272137591,-0.0017396976885062,0.0208425176335077,0.00640309782114856,-0.00419091830754956,-0.007592034333667,-0.000416243357128222,0.00328522323044727
3174,-0.0230631959472395,0.0134764908246935,0.00127889063930979,0.00545870815146358,-0.0156794508309109,-0.0122542905819025,-0.0249178933022374,-0.00963031686492419
3175,-0.0205167203350291,-0.0138706956149506,0.00426406308310313,0.0075290589196687,-0.0350177615906185,0.00444263183982197,-0.00896889933484516,0.0088086346001751
3176,-0.0166109268036269,-0.0127104094309263,0.00580155829259449,-0.0100136872661944,-0.0518700217839895,-0.0187512423473409,-0.0155862981317204,0.0290127374050144
3177,-0.00101479351400282,-0.000486745798801117,0.00271933244718398,0.000289738196133878,0.00089734982715087,-0.00332283170862602,0.00124588261203988,0.00894321472752656
3178,-0.0286841054960926,0.0230740063200232,-0.0273632929668325,0.029743273119406,0.00499095269714178,-0.043610798980792,-0.0132639595328197,-0.0249590956922376
3179,-0.0209053840843287,0.0309196482944291,0.0044630269847428,-0.0128808978194121,0.023738272141904,-0.0506242897893993,-0.00502128384367843,0.00435938698098633
3180,-0.00384843258672494,-0.0100343455496452,0.00277370095077893,0.000839492362116635,0.00755345775723535,-0.00748315828545224,-0.00774505071890366,-0.00771543223003778
3181,-0.0186578390483398,-0.00634355815956034,0.0127099951255117,0.00400434476433191,-0.0121177611119798,0.0260970201716653,-0.00682869721888189,0.00948746857184487
3182,-0.00106853992998449,-0.00185729591230115,0.00305201414516214,0.00201997783238167,-0.00141529410931304,-0.001799496129828,-0.00113380390388645,-0.00195444936920667
3183,-0.0113793867667546,-0.0143655298952102,0.0135601902705214,0.0215016794364889,-0.020904655451949,-0.0288038113301795,-0.0116546496531141,-0.00943011870906316
3184,-0.00680436885356134,-0.0281120090335438,-0.00252877594273428,-0.0242967403261018,-0.00224970607633163,-0.00633310707075206,0.00452073422578809,0.00281686070168361
3185,-0.0145147012308744,-0.0358722794193155,0.00500547842489321,-0.0139678118398149,0.00217756080581699,-0.0060731280665468,0.00166583105451193,0.00715166402845351
3186,-0.015270739966646,-0.0157215906733203,0.0172177090849689,-0.00919607577345855,-0.0280109347692942,-0.0259081099112168,0.00218546661963377,0.00841758247846084
3187,-0.0273126039171378,0.00771301018978441,-0.0297466113475832,0.0157822925562825,0.00880323194136827,-0.0308687435303215,-0.0180866695420036,-0.0209102296447427
3188,-0.00650280905890659,-0.0175773932813788,0.0124871761375328,-0.00545274491128403,0.00344501788617901,-0.00904371098252655,-0.00154871922619662,0.000682814806898396
3189,-0.0211107190747711,-0.00406200463706918,0.00128898705355015,-0.00880599361166965,-0.0146348974653794,0.00601328765060215,-0.029967278075024,-0.0143098372897621
3190,-0.0289422330205397,0.0182747217000627,-0.0272942988673826,-0.0238597252250919,-0.0134607632782609,0.0574176836540249,-0.00551878927883848,-0.00201075161915323
3191,-0.0174636232840758,-0.0201299951407354,-0.000661488123477698,-0.0010746654822667,0.0198527699259609,0.0222921842628014,0.00331510584924905,0.0013684832929618
3192,-0.0121794877083331,-0.0175301263166113,0.0179861149469736,-0.00241428761748294,0.00978801345482896,0.00681408955586555,0.00692323635187874,0.000811556036869706
3193,-0.0248637093873651,-0.0123515351412334,-0.0262943929202976,0.000857363650748527,0.0217420541265301,0.0309708926046142,0.0103935471360834,-0.012902423135956
3194,-0.0146361214458309,-0.0169749657812996,0.0152528467941064,0.0102719243948853,0.00954192764505275,0.0111798049380424,-0.0119706955877287,-0.00225869538908142
3195,-0.0181170219885305,-0.00693604656877483,0.00794367334251275,0.016199974999652,0.00933956221959738,0.0190391733296914,-0.0201921823151018,0.0116324428411974
3196,-0.0139388120062243,-0.0120251028992515,0.0281104890528533,-0.00925181127412979,-0.0165163051953421,0.00333625708173986,-0.0143752707471585,0.0123329193457725
3197,-0.0121466243805045,-0.0080917759421563,0.013555203197312,0.0107954661663813,-0.00641181750080891,0.000262818989926444,-0.0151903438215545,-0.0160412092980819
3198,-0.0266529065952754,-0.0142221379306978,-0.025014618682658,0.00313068561946017,0.0038807167102444,0.0117258752346381,0.0517207246549489,0.00282092576307799
3199,-0.0173352922533749,0.00614524690780532,0.0201291161654299,-0.0205072482640876,-0.0381911067250725,0.0168619191768363,-0.0275545320731833,-0.00508731555628853
3200,-0.0107375219117606,0.00742345313497298,0.0332259451855913,-0.0153953885915256,-0.0157869584519602,0.0159065312354483,-0.0231157467569783,-0.000750526086836793
3201,-0.00904564802792815,0.00411033624431035,0.0291834445596221,-0.0128229656185634,-0.0118160709535823,0.00384200527680574,-0.0191486971053721,0.00350687626144449
3202,-0.00772263052557262,0.00200216591573367,0.0268763522852897,-0.0126725609210359,-0.0112062456538012,0.00126748786498513,-0.016285137191883,-0.0024784758164847
3203,-0.00716889477746188,0.00648091839779361,0.0289897190454914,-0.00740258121283369,-0.0122720220871858,-0.00314391266648869,-0.0106533920245275,-0.000507978157592056
3204,-0.027283368139951,-0.0159673243026935,-0.0315992114890722,-0.0168511808235106,-0.0255498460324363,-0.0174526165034833,-3.20433530769186e-05,0.025279121644586
3205,-0.0129939088107388,0.0104785029228774,0.0202079409385657,0.0398936129410029,0.00652102537499533,-0.00865329704845667,-0.015641123134312,-0.00771183191843697
3206,-0.00276095255072063,0.00170156579999282,0.0101513987806069,-0.00664886201309526,0.00912254833192343,0.00564625094310308,0.00782199596015312,-0.00136040702513292
3207,-0.0160442998821665,0.0187829660058167,0.0141499378619502,-0.018738144277231,-0.00781979715689904,-0.00116269101672734,0.0497403396897863,0.000542883998270903
3208,-0.0110176831080791,0.023643316428888,0.0236407709546349,-0.0040070844412836,-0.00611061009174228,-0.00772148980283772,0.0279898877792379,-0.00372469929892812
3209,-0.0097107309517996,0.0148789647653624,0.0224747699022226,-0.00785589017692463,-0.00869608974129117,-0.00443744354999043,0.0176289889632385,0.00948012963740183
3210,-0.019581197099755,0.0261417261799228,0.0172026485585858,-0.0103261106125673,-0.0164560203083665,0.0305718177501836,-0.014020460905301,-0.0123836951525882
3211,-0.0081736938822614,-0.000684477796167886,0.0236353762241007,-0.0124715438258987,-0.000843098951403885,0.0033460261001911,0.00284629241353451,-0.00378586301424569
3212,-0.00375918023244775,0.00318618018170979,0.0146839446197767,-0.00714125486241236,-0.00609616236119364,-0.00641062419549089,-0.0146621640601726,0.00347355537039465
3213,-0.0169638841666443,0.0232536863550447,0.0247524588540313,-0.0174110750611074,-0.00224122271157919,0.0265676840610251,0.00251638519468811,0.0216776496719512
3214,-0.0165892788770777,-0.00877945327334153,0.00882844638288448,-0.00220954576137237,-0.0257078843297244,-0.0161705002538113,-0.0273604164944375,0.00464679454182921
3215,-0.0111612992270772,-0.0253266937432895,0.0138371956729176,-0.00326211719325207,0.0085049161811401,-0.0118407223717798,0.00748028607662782,0.0111847780075019
3216,-0.0157171354255489,-0.0275291573396357,0.00923889533777282,-0.000108522562938763,-0.0286258489069402,-0.00536887645673406,-0.0104905076089829,-0.0108257734781142
3217,-0.0263217339194394,0.0189460301874171,-0.0134830839545987,0.0208149777204318,-0.00104402446859056,0.0153103770335135,-0.00640576276187036,0.0033240003220849
3218,-0.00944077615430582,-0.0151911479562582,0.0178838881393135,-0.000614913252538582,-0.00154885589897421,-0.00683004149893048,-0.0114681220680611,-0.00638927423998695
3219,-0.0245775688694405,0.0261281787161283,-0.0102447227918396,0.0104465596321285,-0.0055274343631694,-0.00101972552710449,0.0162498441840572,-0.0188840999242128
3220,-0.0230911237146978,-0.00951300951624182,-0.00193910043652498,0.0184114132138373,-0.0311159089384277,0.018648871079666,-0.00260015789243527,-0.00592943014518325
3221,-0.0203678913675946,0.0271192313065381,0.00113865274395737,-0.00654576356534706,0.0190464145090348,-0.0239166971053163,-0.00142001810259569,0.027828258729208
3222,-0.0107433819862994,0.0120615133172357,0.00939270118979195,0.0198867172713595,0.0244301549929923,-0.0250860862102298,0.00241504602642993,0.00578326169654689
3223,-0.00876278593605144,0.00886664778101654,0.0160818282710686,0.0146767953043464,0.0195807623338042,-0.0081623930073474,-0.00340374008783727,0.00682731452183678
3224,-0.0152929694248303,-0.030792798211164,-0.00716176727525474,0.000246144708789486,0.0150400729223346,-0.0264793422925764,-0.00319965802211311,0.0113413137225515
3225,-0.0159721076954932,-0.006632543747089,-0.00127360807565615,-0.00876422206275079,0.0251780607260284,-0.0458501843311496,-0.0147263341017816,0.00780504752303932
3226,-0.000721478676290274,0.000708083926303881,0.00282860656234747,0.000798585949998708,0.00176050587384678,0.00032367703141272,-0.00137301836219605,0.000791356502994549
3227,-0.0104019435344876,-0.0142311542239345,0.0149896440609,-0.020033717072634,-0.00409319297977937,-0.0106788704809988,0.00157557539188171,-0.00995263713385359
3228,-0.000323837937564945,-0.000974223227004555,0.000577546561035447,-0.000902147291721879,0.000238534852391662,4.80177646407068e-05,0.000207650964157984,0.000179533479653225
3229,-0.0240551478943607,0.00101789712445606,-0.0101640437638865,-0.00757682572314675,-0.00949043821696424,0.0187138856700187,-0.0149604032956262,-0.00646731238650642
3230,-0.0230243316224953,-0.0326161841520838,-0.026382503777517,0.0016333448791853,-0.0191483620441931,0.00887923129076222,0.0227551864039302,0.0137318132395556
3231,-0.0028046996842331,0.00146220769184805,0.0108235991478519,-0.00121786591242981,0.00360046907371272,0.00317064531479242,0.000936546541041575,0.00555768926740603
3232,-0.00545209491598932,0.00885783768097814,0.0150611696947522,-0.0108727905248257,-0.00834098836698773,-0.0114529132419592,0.0079690659678111,-0.000531488507870498
3233,-0.00712408920880928,-0.0139787879019843,0.0182619421408508,0.00673276979438558,-0.00126164116610646,-0.00327969016842718,-0.00342602822460943,-0.00638552056299232
3234,-0.0208309937030199,0.0110708722454356,0.00821569351167021,0.0236629503147136,0.000139184514816611,0.00169357972336872,0.0155497073765112,-0.00603898464238574
3235,-0.02117877933523,-0.0288112525960694,-0.0175227082258514,-0.0134350154931489,-0.0441177401056869,0.0102852476172937,-0.0275567061432581,0.00511533736248487
3236,-0.0253086172566465,-0.0192189441976189,-0.0200333879111589,-0.0103880342216013,-0.0298362570445131,0.0286083756182218,-0.0214413165876313,-0.0012065664262692
3237,-0.0233402117327101,-0.0251889333464737,-0.00912677683291346,0.0117737912711064,-0.036148916934264,0.0218616533120743,-0.0135351388910858,-0.00942422974780081
3238,-0.0171859597991645,-0.0392522432051106,-0.013565498255352,-0.0201736038096355,-0.0135980539404322,0.000731930955725127,-0.00618993234367547,0.0200076399113797
3239,-0.0290560177189084,0.0136062716153969,-0.029699012195412,-0.0145860486819357,-0.0217922802923936,-0.0180548468269773,-0.0085058381883869,-0.0315512627688509
3240,-0.00178846332617424,-0.00188983508789437,0.0065030218198489,-0.000105243459096329,0.00132772809352639,-0.00135215704496688,-0.00131514712446459,0.00514594436782752
3241,-0.0068059113896612,-0.0270595087702372,-0.00874089685192111,-0.00816855513765584,-0.00793980352085476,-0.00524668184733214,-0.00309987704328013,-0.00250757999488307
3242,-0.00490591964559616,0.00202876090124174,0.00909699730828369,-0.0170688814942829,-0.00251124842197794,-0.00835181883039684,-0.0104359453117077,-0.0068481173024946
3243,-0.0182120852948311,-0.032553539845478,0.00157260285645304,0.0152772784160374,-0.0200828557609488,-0.0119295374475984,-0.0120416112559573,-0.0159655544381487
3244,-0.0245162049504542,0.00896251754374358,-0.0206181580429613,-0.0245372241675636,0.027651603143006,0.00579243942942991,-0.0157740547738016,-0.0101270913658756
3245,-0.0180902983944891,0.0187418465231429,0.0107099248164489,0.0223077444950125,0.0185694753438212,0.0213777454471058,0.0239274576966792,0.0183737739179037
3246,-0.0194920789663775,0.00135865373376579,0.00775847131440437,0.00883444021882358,-0.00910084235733846,0.0102469513806954,-0.0113542896943037,-0.0119441165299596
3247,-0.0245533363636673,0.0185670846301267,-0.00473941731645571,0.00365406348983111,-0.0167262307430773,-0.00986145387014945,0.02554752177678,0.0161771993280139
3248,-0.0178121393150033,-0.00051300505717683,0.0224122210268501,0.00939120983079142,0.00781265898538148,0.0321173452086831,0.00416260221571515,-0.0249749435928474
3249,-0.028449908747993,0.00880522979156357,-0.0373413009943668,-0.00748798260496015,0.0262237731821565,-0.0179939542608912,0.0245224890745235,0.0233390628580648
3250,-0.000610117178938352,-0.000583118117185438,0.0013531571663639,0.000364056903528944,0.00218537318910771,0.00133256827649411,0.00172158523103485,0.000481419686144047
3251,-0.0167875385175516,0.00800867615866169,0.0174006882036087,0.0193412629668231,-0.00396197001690036,-0.0303838122499455,0.00446691430780554,0.00757913150532407
3252,-0.0157830996787943,0.0343401410031589,0.00974189257972826,0.013508820075386,0.0182204502756971,-0.0379967208192933,-0.0159747651143661,0.00384032907551715
3253,-0.000345007757674605,-0.000375812013105845,-0.000103525811757811,0.00153303737372499,-0.00132553642791372,0.00135009714887602,-0.0028123008741406,-0.0005391909247388
3254,-0.00412557612938209,-0.0118852512528704,0.00959040447762641,-0.0209437993676764,-0.0140611543596872,-0.0182562333419374,0.00665877832627067,-0.00217452017613911
3255,-0.0151541916724252,-0.00962015901893386,0.0233033962908531,-0.0142073040964031,-0.0325189911197776,0.00723550003852055,-0.0187517249797243,0.0220820783864231
3256,-0.00474401781695751,-0.00990626623581341,0.0107687415173662,-0.0168474227533544,-0.00907629782785362,-0.0139416378071373,0.00820376321736545,-0.00222455153303839
3257,-0.0199923223649742,0.0279007375889663,0.000955067188779613,0.0173501295330066,-0.0151354471357653,-0.00614996260991557,0.0442394392013578,-0.00153718120143141
3258,-0.00574824362012846,-0.0112692996480977,0.0119977770475208,-0.0155580767015518,0.00274952263161389,-0.0106706889775093,0.00100087735040578,-0.00706792599204607
3259,-0.0128535843631174,-0.00256152241040788,0.0228641272896454,-0.00545527667613024,-0.00918169248050624,0.00924352493198122,0.0184138803492744,0.00205249835303114
3260,-0.00732205794307174,-0.0165665570083532,0.0153004826580344,0.00209910724450069,-0.00508484438518017,-0.0166355847814453,5.94167859129386e-05,0.00598700660403987
3261,-0.000406642502267696,-0.000433829876602044,0.00129650552899488,0.00060034666730033,0.00026955530035051,-0.00111369968563136,0.00222709452278343,0.00480953932389567
3262,-0.0218460750338624,-0.000137757289941189,0.00152849261496189,-0.00651759384002886,-0.0474301880593727,0.0355911125211016,-0.0151822925860333,0.01117074315896
3263,-0.00631447247109367,-0.0107161178913512,0.0180812506411216,-0.0105030038362393,0.0113339336752163,0.00198722804616678,0.00999629117080508,0.00487905672607778
3264,-0.0126575429707252,-0.0200867685439617,0.0160024531013727,0.00912686970745028,-0.0084276798888193,-0.000671709171247491,-0.0139115077392821,-0.00732892576836393
3265,-0.0136172138172812,-0.00651476054915624,0.0273559694193726,0.0101927879000949,-0.00637450305592575,0.0131427359713931,0.00239527951935337,-0.00773359084232524
3266,-0.0221111424431243,-0.0160507444780147,-0.00278085708442774,-0.00771950807894966,-0.022946718708715,0.0286676340346458,-0.0392214135966028,-0.0340820276194317
3267,-0.0270017477533229,0.0174759531687661,-0.0232638271924134,-0.0116793581801999,0.00821542800331255,-0.00394561310141345,-0.0314053344292629,-0.0518265858543098
3268,-0.0139652858889456,-0.00978317710965638,0.0146368259984685,0.00986334776615795,0.00223561541887428,0.00425015866758523,-0.00365274670301482,-0.00673405905476027
3269,-0.0205619734774941,-0.00147721846133404,0.00989511834715521,0.0312831608733552,-0.0210039618955265,0.0250538931594368,0.0048269883908878,-0.00655288747395556
3270,-0.0140035563049458,0.00655177903314899,0.0268639729572404,0.0112939529953292,0.0170682541134543,0.026525357083098,-0.0114955013418167,-0.00954185674260054
3271,-0.0165124933336903,-0.0230825856955217,-0.00841031826834777,-0.0296407523562674,-0.00263711807839914,-0.0128846820471487,0.012643617956966,0.0128744283703103
3272,-0.0253960944242806,-0.0167392657687931,-0.0253896491474323,-0.00241336617327774,-0.00713938762179829,0.0127306731943115,-0.00287507842617481,-0.00699879551856284
3273,-0.0241076691726463,0.00488578867842865,-0.00158313368459504,0.00915500582547125,-0.0194518409263254,0.0243912503137532,-0.0360323312877986,0.000426891687565559
3274,-0.0171238053107895,-0.0105427088020933,0.0148145102728022,-0.00356870105679416,-0.0139864276036056,0.0270088635176605,-0.0159748101922045,-0.00503050439493177
3275,-0.0229666444818774,-0.0161442076853979,-0.000607315678235716,0.00894823539809057,-0.0397724197947513,0.0313837527610967,0.0163209340286492,-0.00351139269203094
3276,-0.0237045481492702,0.00300919710955292,0.00203719624568427,-0.0284338716380016,-0.0397733709132249,0.0466044990008025,-0.0187761204134606,0.00345186718315955
3277,-0.0102768898774409,-0.00853691976494825,-0.00941953588826756,-0.0150696076192997,0.0476718593801038,-0.0248391165465926,-0.00276064839430504,0.00924185486955588
3278,-0.0270974987046962,0.0313659505038824,-0.0140657686728484,0.00742225133704186,-0.000236397839560263,-0.0447975110031001,-0.0243949929749509,0.0133114373824135
3279,-0.0102297075478412,0.0202243205171296,0.0145114134084482,-0.00994918523366036,0.0285945366537258,-0.0176647217672607,0.0156786533986464,0.0101398456679578
3280,-0.0256732527464306,0.0200251252146499,-0.00976651253943262,0.0318666748257242,0.00656205686563926,-0.0406204789771406,-0.00422918270866083,-0.0141096340384054
3281,-0.0227522795850876,0.0265719174493293,-0.010529813737526,0.00669535874538689,0.00787593869383472,-0.042264990640144,-0.0431383746769386,0.0107297465549329
3282,-0.00893834663049036,-0.0187963589323325,-0.00328521471565227,-0.00621173969963451,0.0158911089896801,-0.028203334640747,0.00263069461063158,0.0165472385139591
3283,-0.0183689463681595,0.00749974726384995,-0.00720761467007053,-0.00494601857198525,0.0454918826487825,-0.0197663763276311,0.00441107604701791,0.0170673993734044
3284,-0.022136275772653,-0.00276852898091611,-0.00805445429382316,0.0142094857936364,-0.0116778963401294,-0.0484930534155974,0.0138951711847814,-0.0332293825448876
3285,-0.00256199417384382,-0.00755906476836347,0.00540532467896418,0.0019977373007776,0.000401358942173357,-0.00699012070893331,-0.000900063165970244,0.00258703886316158
3286,-0.0102846181706028,-0.0151071308895339,0.0136538251792599,-0.00670055208181785,0.0130501646826555,-0.00485605170670572,-0.00934206423404806,0.010194374843906
3287,-0.0171396748928669,0.00725896813070936,0.0170201649353324,-0.025750695261889,-0.0340846268760816,0.0227594334094322,-0.0184174014953201,0.0157585018410118
3288,-0.00765286502087915,-0.00907945992855064,0.0212066705430826,-0.0025502787870154,-0.0134639802946631,-0.00874366469451524,0.00501136249018612,0.00605185416109478
3289,-0.018511257521188,-0.0316986915931217,-0.0063832302711822,-0.0114924646860972,0.0103663999019175,0.0201836397033999,0.0212288060856447,0.0123264179251712
3290,-0.000553540585695439,-0.00118279501172989,-0.00181544308591076,0.000944795512217167,-0.00497262426968056,0.0053929065356893,-0.00248364780149103,-0.00184530777627531
3291,-0.00430286142719253,-0.00266532589513749,0.0110088620081967,-0.00975475228207702,0.00437607645837929,-0.00232053361009934,-0.00559558407971832,0.00563042927480742
3292,-0.0218755178369522,0.00277571890427299,-0.000154563348959482,0.00464125396958547,-0.0248467484273557,0.032631774172193,-0.000330873546057145,-0.0216551618306001
3293,-0.0185401176348096,0.0148113076626513,0.0138395835228866,-0.0041381151930523,-0.00868488616173372,0.0458652168711907,0.0037817747386507,-0.019484821267389
3294,-0.0248144386111499,0.00499651947975837,-0.00924763428426993,0.0245269615018908,-0.0038678428511315,0.0461952613787906,0.0109329011068254,-0.00810827771683378
3295,-0.0248286677510536,0.0296512448269775,-0.0109389800323344,-0.0374618794312331,-0.0151398069987026,0.003017092868422,-0.0170086765777534,4.18641809830769e-05
3296,-0.0170384258089728,-0.00270176022950608,0.011128622880144,0.0427095131619513,0.000104382169184766,0.0120071217510608,-0.0185851301699426,-0.0339514052173268
3297,-0.0180006013396697,-0.0126476343710122,0.0126612993314853,-0.000340414134991326,-0.00865682449313586,0.0231121690258749,-0.0225165549975434,-0.00499342928180685
3298,-0.00054931067864118,-0.00216897666463386,-0.00115745704329298,0.00102912973759196,-0.00200716962773811,-0.00156022219404773,0.000144937308388027,0.00409832438849926
3299,-0.00792726237165423,-0.0268894071428679,-0.0033019465572106,-0.00029811252513135,0.00354365482509893,-0.000245795611298307,-0.00847382004347635,-0.0124068112223823
3300,-0.00861677181168838,-0.0297778573201155,0.00609016300929694,-0.0076958351928504,-0.011858924714979,-0.0196146557894039,0.0084473821740705,0.0122773936416852
3301,-0.00423947220266607,-0.0145585755718643,0.005953261948892,-0.00462388541783299,0.00202004009225964,-0.00226416046283843,-0.00602599996951198,0.0065271211927031
3302,-0.0216459046938249,0.0230612582701327,-0.0141862073300976,0.01784125690503,0.00838790675101629,-0.0341989347607922,-0.00735754862208163,-0.00843548008583495
3303,-0.021282023796652,0.00789502452027819,-0.018966073175672,-0.0389913568482015,0.039170189466663,-0.0100012242123739,0.000368168160035923,-0.0135904145823833
3304,-0.0255009789756148,0.0207596388267079,-0.00922427223143337,0.028301734512972,0.0225899801365985,-0.0163877844828828,0.00720582799381239,0.0261546962013615
3305,-0.0073467674557516,-0.0094306417898772,0.00569343715199708,0.014272626332961,0.0150498608526658,-0.0151441543773184,-0.00983773311647117,0.00802880673762062
3306,-0.0186920296332916,-0.0170073083036232,-0.0126151954213164,0.00557627938675721,0.0321071788498432,-0.0229700073259964,0.00674928022947822,0.0209613398750461
3307,-0.010091632551207,-0.0256072810830866,0.00170610452025137,-0.0184554223074156,0.0182989111128597,0.0118053236093166,0.00183767629372192,0.00578469737734494
3308,-0.00619438304492546,-0.00916801121919558,0.00607460528895893,0.00399051645206747,0.0131026109801773,-0.0231088582203293,-0.00294735923949079,0.00723057555402467
3309,-0.000977260665582347,-0.00463136039064035,0.00202691324899701,-0.00258722385382582,0.00151919458754651,-0.000146370984306645,0.00152464342455561,0.00118458917789669
3310,-0.0282935324974253,0.00452684668066148,-0.0403153618943246,0.00795400728721167,0.00926741662136111,-0.00284041076731166,-0.00960877527729332,-0.0222290587876895
3311,-0.0136811879482227,-0.00807017624954322,0.0116694128382272,-0.0224363963183667,0.0114111984057977,0.0199984229910882,0.012889629793376,0.00826638052230511
3312,-0.0231565266672795,-0.0228236851025699,-0.0196551289783868,0.0126746899758785,-0.0272198270908319,-0.0115146385354409,0.00948970485592404,-0.028465656344876
3313,-0.0197647356508459,-0.0207320927836839,-0.00295985113311992,-0.000664300828562778,-0.0146884368890067,-0.011516272109154,-0.0133673176043785,-0.0367899910994224
3314,-0.0144671044877457,-0.0351249005140747,0.00290941849045369,-0.00367315302005551,0.00204049224239213,-0.00769266874236909,-0.000479008897425209,-0.00748401746442501
3315,-0.0214490759856931,-0.0166783693574372,-0.00692627022607746,0.0325393482105951,-0.0198636101525869,-0.00543809746064783,0.0330571174138429,-0.0244528570170634
3316,-0.0208344952538135,-0.0148288616977473,-0.00164986132338311,0.0320158741004529,-0.0264592295072568,-0.00177354300010265,0.0403439225225559,-0.0204000760499027
3317,-0.0168716326372303,-0.017537594556724,0.00694123068738484,-0.0243850633787884,-0.00193012518019955,0.00694241389448032,0.00130659370720951,-0.0414804409906188
3318,-0.0234913045565494,-0.01091827166886,-0.0112433604977993,-0.0130060906895827,-0.022447436724836,0.0113992375890819,-0.0311288437485002,-0.00102124591026376
3319,-0.0264222654289389,0.0238226346056839,-0.013270906056539,-0.0224968029777558,-0.0121427405964157,0.0723502009731,0.00918264008947089,-0.00402030298930943
3320,-0.0102209496279574,0.0100142640412602,0.0137738351812962,0.00361647005106519,0.0395473029841523,-0.0215281501942223,0.0113117591585538,-0.00526976059921676
3321,-0.0162097838024956,9.91817696910056e-05,0.00526569911276485,0.0220190625154992,0.0282221829701205,-0.0192679897167281,-0.0146217415935701,0.0284951167622393
3322,-0.0255331838373555,0.0339553977575861,-0.0191442500400687,0.00218524006560906,-0.00560735658287566,-0.0390626811989831,-0.0340215407043978,0.0212344332110519
3323,-0.0201134503238731,-0.0148951445551697,-0.022272650751658,0.00618701505862994,0.0482415291345511,-0.0116354728667917,0.0191165320117656,0.016183712329512
3324,-0.0141253420339202,-0.00229852326586885,0.0217768790837073,-0.00614748791105916,0.0121160844941528,0.00657299301371969,-0.0173100636535024,-0.00176611268813848
3325,-0.0109415512783257,-0.0327429746562534,0.00982163127070708,-0.00346806506722432,-0.00649982054944171,-0.0164897581258726,0.00468602563511413,0.0030837060235795
3326,-0.00700470698397974,-0.00454909895223244,0.00793066822675677,-0.0082527422762132,0.0231230582252301,-0.0331802858391283,-0.0039431950274279,0.0133892170669956
3327,-0.00172775179179023,0.000495388391573493,0.00204056683611951,-0.0022987070224097,0.000989602968264647,-0.00353280494947078,-0.00176875329080328,0.00281523065424923
3328,-0.00957224794830479,0.0109621375800402,0.00523420658874862,0.00633709795513372,0.00355330986294626,-0.0306998779838635,0.00375082876184733,0.000642985503324308
3329,-0.0201934955214788,0.0220849154027491,0.00303437196931744,0.032763127450635,0.0147735299367618,-0.0448734372252675,-0.0042680879052998,-0.00226696452978948
3330,-0.0219517420303255,-0.00220855183260317,-0.0134986697226015,0.00171692053192626,0.031283717865892,-0.015886752907221,0.00722223695652498,0.0182900655886066
3331,-0.0094612582291327,-0.0222871605882231,0.001730066807637,0.00914366551444277,0.0165678887802839,-0.014723403136146,0.0045107324190288,0.0155910817357069
3332,-0.00731294702282757,-0.0169466809357796,0.00112619121188278,-0.00644493743300385,0.0144366153992994,-0.0273096799538556,1.18088315905609e-05,0.0170701386239601
3333,-0.00870999580603979,-0.0248465200324042,0.000832806970674,-0.02249996240807,0.0261364174134297,-0.00965334712502921,0.00312031011129106,0.0139377877732927
3334,-0.00519596191013897,-0.010689135124114,0.00934879644037774,0.00431836508226666,0.0129128923029126,-0.0210832381178469,0.000554706460663321,0.0150643028985624
3335,-0.0159793285269014,-0.0181451928082435,-0.00947119230213736,-0.00931392078007697,0.0456741180086767,-0.0170944052348914,0.0103584009670969,0.0243013012313838
3336,-0.00772312114338679,0.00251909569582785,0.0137141108503441,-0.0170073242368541,-0.00404573621444315,-0.0153731143911056,-0.00363758629902183,-0.000311646425396085
3337,-0.00417674233226154,-0.00468905621968795,0.0119045429425917,-0.0079986290756326,-0.000928672487094661,-0.00841472585962881,-0.00161791734152634,-0.00678533741089948
3338,-0.00255546747904786,-0.00224377860270009,0.00585851240422089,-0.00543062444421964,-0.00111987207629947,-0.0051565203901871,-0.00419342938024576,-0.00360141265930138
3339,-0.00186558738890354,-0.00375485365723605,0.00532255111503735,-0.000610398145817641,0.000316998554417699,-0.00627359018030107,0.000694107157729846,0.00451136111516925
3340,-0.0213244150100402,0.000467801988830627,-0.00400366359781188,-0.044610078307746,-0.0159338286842268,0.00522756347861666,-0.000300553379987142,-0.00342786204419418
3341,-0.0106903364663373,-0.0067349106099695,0.0204155862612233,0.00195520270439169,-0.000419091526207975,0.00494295783510455,-0.0145734559524242,-0.0208230627344564
3342,-0.0310071022842848,0.0361370755477868,-0.0283065838012151,-0.00304067210826042,0.00655573596405437,-0.0327778572050633,-0.0282578049538175,0.0034371923786284
3343,-0.00957431407356933,0.00626887778924483,-0.000525646318604678,0.0199700378970601,0.0144627394304195,-0.0414742744616467,-0.0173795488744213,0.00714642418255559
3344,-0.00842123926826062,-0.0200251918545071,0.00233700462490519,0.00895698481046133,0.0039322971842867,-0.0213795091330381,-0.00399405739066426,0.0101975184937113
3345,-0.00302205405039405,-0.00697339726472331,0.00136312324137693,-0.00442888339645692,0.0117260443516212,-0.00439281563639853,-0.000633783548085394,0.00497581231536457
3346,-0.0137128121269326,0.00249599255763966,0.0172522432723815,0.00309036611934329,-0.00538903210659407,0.0159064253753796,-0.0143907816931439,-0.025689801895025
3347,-0.00782448735449311,-0.00546907616419377,0.0211851719416821,0.00479682643799428,-0.0353668656572746,-0.0176949054983489,-0.0216692808636185,0.00214367114701722
3348,-0.00967159339140143,-0.0138100870259202,0.0202721545381332,0.0016461536161264,-0.0061801867398578,0.00102106522635111,-0.0110067231074538,-0.0238161009471886
3349,-0.00954113517685612,-0.00137315576358525,0.0260708383094322,-0.0100886204997945,-0.00505709572023888,-0.000352144864144673,-0.00757641139566178,-0.0155356275686015
3350,-0.0118536198333968,-0.0277943927684239,0.0110266874410825,-0.0100033569421545,-0.00918992998384978,0.00124501608140661,-0.00858080777604658,0.000178724354290406
3351,-0.013156163955994,-0.00749368897330076,0.0214737099193955,-0.0100054185656005,-0.0106146366788099,0.00950982530432436,-0.00511198095097977,-0.010938672975237
3352,-0.0221996940587878,0.0170071257650178,0.00324780961802256,0.0155867819047174,-0.0139891123471103,0.0262887587381242,0.00711283906298966,0.000873745650782365
3353,-0.00335418612757768,-0.00608340369332413,0.00643916363575295,-0.0100441530044273,0.000772939624701815,-0.00292584770372377,-0.00247109555747498,0.0064728968011687
3354,-0.0100107217364867,0.0208452178593128,0.00515318773231392,-0.0103598925147335,-0.00306149282379503,-0.0353511202863302,-0.00530205380360904,0.00565558657826689
3355,-0.0179307906663689,0.00956458480809068,-0.000283480782805223,0.031689960163177,0.0272302159224383,-0.0613543158092356,-0.0019333742218622,0.00262881459727233
3356,-0.0007689837563414,0.000925850287116428,-0.00700858019303062,0.0053958443565163,0.00107703111852726,-0.00590667265922081,-0.0041935575167084,0.00285176090370699
3357,-0.00934454392453717,0.011216999021152,0.0133329444452643,-0.0147346602802603,0.0323608650850773,-0.00763207979038447,0.0234356795976177,0.00270871336107836
3358,-0.0042968813198192,0.000426864179900588,0.00423422422677333,0.00815465407687191,0.0164995342184405,-0.00288877026117521,0.00628908341945818,0.00323925350358596
3359,-0.0204364608546298,-0.0156845846312544,-0.0201363707398993,0.00425262505388101,0.0201483437375511,-0.0228713248413838,3.60143987899825e-05,0.0279791028881925
3360,-0.0161511005944772,-0.0150569099057912,0.0164696506970809,0.0171811078189249,-0.0323873698693653,-0.017869980307309,0.0283977855280622,-0.007130903525041
3361,-0.0132606786473272,-0.0043553402273858,0.0206195557680545,0.00815004653182355,-0.0273510242398247,-0.000332576442684388,0.0019952213986926,-0.0229063083257408
3362,-0.000662264424807703,0.00282931667134938,0.00438873273629045,0.00366335276320198,-0.0039749273825099,-0.00190916047495233,0.00414176210794906,0.00662628745086263
3363,-0.0110680622166591,-0.00680081764176646,0.0201387297694696,0.00880923548412944,-0.0320353753250852,-0.00935604515723322,-0.00467273604557962,-0.00732367322119067
3364,-0.00133750864178815,0.000288862351428235,-0.000455592711695229,0.000879884766099311,-0.00760573090078606,-0.00724593974072381,0.00225456041866559,-0.00240945825228643
3365,-0.0173549409237959,-0.0142216370596591,0.00964558535629721,0.0236310300082205,-0.0282607164827361,-0.017809155771867,0.023353609051671,-0.030176284082959
3366,-0.0119042671578255,-0.0144297716403987,0.0174497588622845,0.00564045895827126,-0.0279916930179713,-0.00169371638640712,-0.00346286572283431,-0.00669806189497478
3367,-0.0203593273583398,-0.0204783420859459,-0.0132366605337401,0.0171770879158333,-0.0260098474900737,-0.044520035081732,0.0342131132000017,-0.0112017669162767
3368,-0.000837061968910314,0.0019089278600529,0.003392660484399,0.0039592482323909,-0.00564335622327549,-0.00192064736272715,0.000714665830441644,0.00140498111150167
3369,-0.022624606506509,-0.00318272192275315,-0.0140372267207771,-0.0312546717116116,0.0151784483749517,0.0239030618966873,0.0646382838579991,-0.00874429935479663
3370,-0.00220867133702907,-0.0101580142209305,-0.00369331575981471,0.00391685993896247,0.000349780826269238,-0.000215072082291869,-0.00449312399538552,-0.00198971154970214
3371,-0.00834610254787107,-0.00822127724935577,0.0195798072250407,0.00433654551059961,-0.0220008646652332,-0.00544355684492051,0.00491139417266669,0.00129438840929627
3372,-0.00537901305049298,-0.00104953559590421,0.0184529071370077,-0.00264239073970363,-0.00938833754186559,-0.000927933028247576,0.0225285352316777,-0.00485359674654696
3373,-0.0101869693088228,-0.0105129646773149,0.0208162936969582,0.0174303844777535,-0.0164695837757613,-0.0117138550305765,0.0130094897845564,0.00474082801528341
3374,-0.0170248294294987,-0.027230752538096,0.00445151778717273,-0.0108886484499379,-0.00133061317591077,0.011949958826982,0.0103575092386688,0.0106690403959489
3375,-0.0220598234101113,0.0106576591630052,-0.00440151084638381,0.00399712169233856,-0.00973422042475576,0.0177139002794532,-0.000157060876869026,-0.000133679989059457
3376,-0.0220218112354711,0.0250437139044072,-0.00548128568001961,0.0117799451632636,-0.00487689432786727,-0.047064953872404,0.0194756031093484,0.00346391486072132
3377,-0.0119567534728259,0.00726070103164166,0.0121059517887907,0.0113820101734847,0.0324360262893932,-0.0135027209558595,0.0135434013642489,0.0151564427502034
3378,-0.0209468156240452,0.0331254228735034,0.00111812304056538,-0.0115318694168171,0.0427277527244464,0.00177512141621861,-0.00169026136242463,0.011677080646931
3379,-0.0222703373460482,7.97724290666112e-06,-0.0161096471613747,0.00739656888993788,0.0284056066052018,-0.012239898562362,0.0102230884089114,0.0322369165492634
3380,-0.0166334568935196,0.000559282081924234,0.0119690540552966,-0.0133879637996918,-0.0195229218011462,0.0370948605520807,-0.0076612193864041,-0.0131560325000311
3381,-0.010695583872289,-0.0181696310920172,0.0133087778432996,0.0101949964325944,0.0240951151265611,8.54966794732267e-05,-0.00196213459838075,-0.00856218065613197
3382,-0.000650605246077591,0.0007936078520988,7.60762216095925e-05,0.0012651305104793,-0.000256446322561072,-0.00279239866959769,0.00140225777055651,0.00357131775706411
3383,-0.0166001504937279,-0.0266298946912289,0.00228408664308288,-0.00675959859119681,-0.0240996549145611,-0.00161493756667635,0.019387659437967,0.0156661024159609
3384,-0.0226874131705469,0.036288237220483,-0.00792814998183396,-0.000147846672648611,0.00669144965279846,-0.0576384870138831,-0.014466194429258,0.016899259010605
3385,-0.026606802944062,0.0254422582994628,-0.0224307034189666,-0.00940251223209555,0.00463070171362031,-0.0427745983412872,0.0177367960652482,0.0365997794266984
3386,-0.00491390483137563,-0.00294247010336135,0.00258684258892416,-0.0049074374468091,0.0130201092263863,-0.0103962125743888,0.00568624884670106,0.0190931512406215
3387,-0.00921301694401133,-0.0145432682465612,0.00360752987995806,-0.0116702157416715,0.0171205039206166,-0.0180448569334507,-0.00252664636335898,0.010160949185869
3388,-0.0146827639908807,-0.0250549703963701,0.00202402921367028,-0.0449299658690133,-0.00880194454121733,-0.0213157805650838,0.00890347058863927,-0.00677512815695794
3389,-0.0150558041089901,-0.0075282592183173,0.0169162760816882,-0.0132029446585351,-0.0440563277717237,-0.0161887907604795,-0.0107266052623891,0.0196704358270992
3390,-0.022804312258049,-0.0308010787583193,-0.0235982661449743,0.000345728631813643,-0.0225724483593978,-0.00251157286943614,0.0285145086539161,0.0107328307255932
3391,-0.000525070007095275,-0.00082242027075419,0.00161432672268515,0.000356829840590673,0.0020712966754325,-0.000915103940759797,-0.00149531462219232,0.00152249648408181
3392,-0.0116332877447268,-0.034338957573485,0.0012043020902319,-0.0120561320705008,-0.0136914724202234,-0.0158878672643185,0.0115039544510946,0.0105171252942145
3393,-0.0214659857651711,0.00834334614665823,0.00114266707539162,-0.0137111436246535,-0.0265817713762079,0.0159350191135324,0.00262233006172702,0.0319462607072435
3394,-0.0215083704780907,-0.0256375461925016,-0.00178152941716979,-0.0106774073570402,-0.0408433572291803,-0.00457885244077113,-0.0254827500997552,0.00251987223707285
3395,-0.0230734994716533,0.0188150149002432,0.00120742841671554,-0.0118923385568123,-0.0195174815389149,0.0301869572929717,-0.00426907209643162,0.0219546226418454
3396,-0.00344899527541156,-0.00946433565763426,0.00347434213541376,-0.00446395118504811,0.0153067643569888,-0.0161242095545608,-0.00732461418647145,0.0201253437674469
3397,-0.00982367055030253,-0.018892483772497,0.0197826588496412,-0.0170489848599225,0.00909436628253396,-0.0119356966897714,0.00257777065452516,-0.0051314457403201
3398,-0.0207686236926162,0.02777280764341,0.00599080415430754,-0.0122388016627263,-0.0174719220119314,0.00656245971720602,0.000152780573804384,0.00954740031487772
3399,-0.0224416619956211,0.0187612227854923,0.00229206908393778,-0.0169218284351701,-0.0292283983236406,0.018270356177255,0.000426235544629958,0.0323905042733393
3400,-0.00534938293649727,-0.013828653862004,0.00299175791687149,-0.00243879529763477,-0.00568946289698977,-0.0133319926880893,0.00545220838389572,0.0045408912806016
3401,-0.00386727898721903,-0.0113499551043546,0.00668898509012888,-0.00205543703586245,-0.00514997179047626,-0.00993131518063111,-0.00414646601387981,0.00667937320833493
3402,-0.00572471428209311,-0.0101218577521471,0.0142002755455696,-0.00332310423169043,-0.0211559125078915,-0.0224194662239437,0.00413153659989694,0.00984991607817315
3403,-0.0149876351621295,-0.00265931213723245,0.022030888487361,-0.0118471482184368,-0.045956822063709,0.000790223135539804,-0.0176246983277687,0.0134497715182516
3404,-0.00729223720682704,-0.0101202521576946,0.0153491971178296,-0.00942917377601592,-0.0282532902551776,-0.021990727404266,-0.00885618683172587,0.00444314202799445
3405,-0.00753517789233219,-0.0248486054944832,0.00902572468717134,-0.00892347570323933,0.00890862664193662,-0.00197813721081859,0.00480161961875551,0.00474104416184727
3406,-0.0130749712676057,0.0196978305393729,0.0174816996923137,0.000848611073243238,0.0288641734884137,-0.025086168372041,0.00222553200528058,0.00968714323736477
3407,-0.000381243754181608,-0.00093598013799559,-0.00283279924225863,-0.00202092357413224,-0.000224196125392625,-0.00458746689560398,-0.000972634609097731,0.00397777015128396
3408,-0.00301666658206922,-0.00398763940985709,0.00584496774954495,-0.011544826051703,-0.0101461010681808,-0.0132093469161321,-0.0103650368629815,-0.0073001286409858
3409,-0.0208087949626423,-0.00405201931639708,-0.0162349602434532,0.000265919644766864,-0.00807300556419828,0.0132318468541889,-0.0207871221534417,-0.01312847556002
3410,-3.47419802308448e-05,-4.03752402052039e-05,0.00023363365593109,1.8267145173187e-05,0.000108932141720106,-0.000197135318485954,-1.78539363180485e-05,-4.79517379495784e-05
3411,-0.00119881435850288,0.0031437841167039,0.00041633012386104,-0.00807123699337514,-0.00234166658364515,-0.00393600843603547,0.0018448103997804,3.45014629573671e-05
3412,-0.0219255383108388,-0.0100636726422705,-0.00423348338847494,-0.0195295187063987,-0.0163269381956064,0.00628305724988086,-0.00287489071595825,-0.000369330638004027
3413,-0.0250707836927368,0.00519586019981577,-0.0095254574933874,-0.0128239149398096,-0.0408469456736045,0.0107266355044994,-0.0199722364548917,0.0317515761698475
3414,-0.0139386973094743,-0.0307774453813569,0.00199792261091501,-0.0163544406221248,-0.00615926188395176,-0.00495503411896673,-0.00442880672177918,-0.0099940163877621
3415,-0.000910308933116937,-0.00516413382821902,0.000509301494046249,-0.000974328733592715,-0.00230324749143681,-0.00880696256337635,-0.00129734890162182,0.00304579265771829
3416,-0.00387978704973581,-0.0131932143880835,0.00680644200997796,-0.000763322354797583,-0.00942284609474599,-0.018563242984535,-0.00761466669144008,0.00687767489318046
3417,-0.0145102091335194,-0.013849082057062,0.00833942048198402,-0.0392459614884806,-0.0166715569902164,-0.036891931353,0.0175279752053062,0.0168855893768702
3418,-0.0095677484339216,-0.0180528231619127,0.0102792672054824,-0.037217233809679,-0.0148446791660864,-0.0346065279465287,0.00229735434081734,0.0134675368953191
3419,-0.0135758195924438,0.0145975935525357,0.0232073741943424,-0.0309001772095334,-0.00384125051810057,-0.0085506102786772,-0.000543378167655366,-0.0195696822455906
3420,-0.00927520507161334,0.00819225248737918,0.0248266719571941,-0.0226671348388353,0.00440798858084091,-0.0106139715262138,-0.000464518452324603,-0.0112392491090579
3421,-0.00833046309846353,0.00819459194420204,0.0183218389688605,-0.0362292929951077,0.00413334158952055,-0.0089370858397626,0.00697998494220499,-0.0116104442547791
3422,-0.00726980783696973,0.00738105066208914,0.0159461266905694,-0.0259410767278879,0.00707047151749873,-0.00705094929048044,-0.00276248857210119,-0.0127558016582597
3423,-0.0061858600294014,0.00727359731808266,0.0145128808283734,-0.0233152526991426,0.00628140069500983,-0.00445326359620831,0.000157711284534446,-0.00893987497211976
3424,-0.00461639832419559,0.0025531318990351,0.0137045511370351,-0.0180517958664709,0.000779972932242872,-0.0105218199775845,-0.00886560020195145,-0.00842998101498011
3425,-0.00152656510944175,-0.00302065619294115,0.00245641825340356,-0.000122654240395328,-0.00159571943088812,-0.00528724248281055,-0.0017594794510394,0.00273378476022047
3426,-0.00637647405050406,0.00244359880207117,0.0190604053659128,-0.00126119148871612,-0.00586606389719279,-0.000274689614660308,0.000233811880800591,0.00494696219174138
3427,-0.0244878733127329,-0.00804968610555786,-0.0099972694210414,0.0295465691680396,-0.0241686190967959,0.0130352483517369,-0.00263699597189687,-0.0260557084686103
3428,-0.00991136915512163,0.00610879229937365,0.0254701024336067,0.000761855135668135,0.00530439715242049,0.0056962460336046,0.0234010986655335,0.00538700545706928
3429,-0.00722060650587508,-0.0140788416318559,0.00257716367591054,-0.00357129304309768,-0.0389400918239266,-0.0257803529177233,-0.012336789017635,0.00870590718949758
3430,-0.0281923316499695,0.00942938673423129,-0.0215160959761758,-0.0142456188784956,-0.0244436278927731,0.0390883013099058,0.0246211752549059,0.00277110258819291
3431,-0.0152089080313341,-0.00163119105089129,0.0228864206496804,0.00428911313742528,-0.0251243773567394,0.0131818840391835,0.0120380540172285,-0.0236790224756156
3432,-0.00751527737519211,0.00295845174616032,0.0246695442811936,0.00380592866148097,-0.00456109247286887,-0.00698391063438613,0.00361336337965604,-0.0135103493183039
3433,-0.00992920323570307,-0.00442895896465108,0.0260437250504527,0.00642450876268934,-0.0131490329617651,0.00366847766021106,0.0127755724019641,-0.000633108348209603
3434,-0.0217164591073889,-0.000485596047824054,0.00592947334364954,0.0184192681217129,-0.0392967767921955,-0.00852735450368335,0.0168909720090181,-0.030786781001483
3435,-0.0167569763770199,-0.0222322786306857,-0.00743339479045813,-0.0442228278036066,0.00974717766870566,-0.00938338383824876,0.0132682302014937,-0.0247821269887069
3436,-0.0128234751511105,-0.0260190955111665,0.0151376363792346,-0.00674717468783462,0.0250002136363975,0.0142533141926816,0.00150116078075285,0.002006654440988
3437,-0.0163462654029585,-0.0330648803055609,0.00216256830628657,0.0112990096167057,-0.0269826693898025,0.00377152844920902,-0.0209197474465312,0.000265485260043695
3438,-0.0154357967999358,-0.032511224856757,0.00568699705985113,-0.020232719719949,0.00955307830476918,0.0139301330146849,0.0106379286514939,0.00499287447244995
3439,-0.0144402352274144,-0.0218988232265954,0.00756713924416723,-0.0240578689066966,0.0122003596383196,0.0178952836896511,-0.000137825355577744,0.0098395866947994
3440,-0.0224842317760646,-0.00739528141660793,-0.00213823195036307,-0.0348962827477991,-0.0308128308035601,0.0370441385944036,-0.0165520290359727,0.0246811652902644
3441,-0.0191266738281348,-0.00390083041819549,0.0153777279983392,-0.0219208257861229,-0.038459805395399,0.0209966547928806,-0.0222905614899893,0.00315643417544829
3442,-0.0270502023415998,-0.010913664563381,-0.0327701184756722,-0.0212452745241392,0.00505556285856012,0.00335943462885932,-0.0141684385591761,0.00801195184644964
3443,-0.0201853091947957,-0.0149202448141854,-0.00824565490839589,0.0168195510833112,-0.0116257430141767,0.00988352112459128,-0.0161336011210798,-0.00471796311355261
3444,-0.0232858597594792,-0.00803708612128059,-0.0209615604523259,0.000983598405247471,-0.0155191328210793,0.00488130137401059,-0.0169539811622428,-0.00770966088113477
3445,-0.0205097647768979,0.0186956388692112,0.00665019698961151,8.63829967503968e-05,0.01600741579373,0.0112761929551272,-0.0273178934006961,-0.0126680732268204
3446,-0.00057179293304131,-0.000114668873904921,0.0020498147910935,0.000593120157678023,0.000449526278612573,-0.00158141193802772,0.000553590361789291,0.00549542027401417
3447,-0.0160411367609703,0.0190646928752625,0.0209884172798151,-0.010511556079285,-0.0147186148784581,0.0290816556798468,-0.0142324842299718,-0.012321505980497
3448,-0.00970059263052113,0.00793481857466965,0.0215865841783139,-0.00496032095584373,-0.004220141064697,0.0212806510450616,0.00568961289276218,-0.0269377990337578
3449,-0.00933343120276756,0.0111607893275273,0.0236711332001065,0.00053405960650384,0.00266342798582655,0.0147973385701305,0.00464337046047868,-0.0187050217930524
3450,-0.00920016041813197,-0.00334672470119955,0.0202565576310886,-0.000171845834545579,0.00927282282494596,0.0149755777497845,-0.0054861598642443,-0.01162298478189
3451,-0.00940805716978033,-0.00393680588635559,0.0201215897661516,-0.0190150265915463,0.0025463692242166,0.0170289592801423,0.00456343827344836,-0.000594887156236402
3452,-0.0137478651255334,0.00237700697259804,0.00718048298212852,-0.0427073965801062,0.0020161851794237,0.0262854927684589,0.0248191443235882,-0.0158575904391318
3453,-0.00723577428128578,-0.00227048699648217,0.0156134760428961,-0.024368351700058,0.00296953081478433,0.00570030578336914,0.00208793254047263,-0.00651648087959322
3454,-0.00764987104512258,-0.000884015291361452,0.0169068857810062,-0.0198563356394155,0.00350980316386923,0.00559618713664575,0.0014860437695127,0.000716242293150957
3455,-0.00878225611355516,0.00345456752738705,0.0200221068747612,-0.036481079772287,0.00453646778015731,0.00148116685902192,0.00393635170643634,-0.0278673381099868
3456,-0.0180709204486709,0.026149869049088,0.00672924706790347,-0.0245151014666253,-0.00671223931454435,-0.0132641989587104,-0.000448139275542503,0.0207822154270392
3457,-0.0207655540809326,0.0213609093832884,0.000626870061860534,-0.0213510388892479,-0.00951142601366249,0.0184345532645039,-0.00112042985734241,-0.00248787388049184
3458,-0.0243669022417665,0.0112672901955381,-0.0129220971968252,0.00457020392175171,-0.0215954691098126,-0.0140813545191238,0.0061714217251562,-0.013592523168334
3459,-0.0199415298498812,-0.0206433875519157,-0.0109046040408492,-0.0156055356657708,-0.0122051749385751,-0.000806618058711773,0.0176770066713844,0.0132865731217998
3460,-0.0210601022810929,0.0132939395348799,-0.00287724220240554,-0.0234891501203045,-0.0137586743702088,-0.0111095557939497,0.0121758516701491,-0.0017674683416778
3461,-0.0250577044534613,0.0120842723126175,-0.0200257549780734,-0.0386011534143656,-0.0189223909579706,0.00253889112022632,-0.00900814521981347,-0.00395040561180621
3462,-0.024914386591771,0.0104018450599491,-0.0211963958456225,-0.0473973079943426,-0.019236211055916,0.000425452925922753,0.000718745468132016,0.00642388841646552
3463,-0.0211892768953842,0.0145369878169857,-0.00792364954419916,-0.0288770832429139,-0.0137982737224431,-0.00295041745947385,0.00765232246202673,-0.0011647084739587
3464,-0.015491374474333,0.0213751273963453,0.0175060382902311,0.0166189802694342,-0.0123279695956876,0.0044543446399744,0.0024171076562931,0.00465966321770471
3465,-0.0214899813866303,-0.00240672067527445,-0.0106693103774276,-0.0310297592216354,-0.000493748258786378,0.0148508138465965,-0.0331908323482439,0.0029474804617477
3466,-0.0188858930000132,0.00195310680292923,0.00163366474829586,-0.00149229712809463,-0.0044618303620011,0.0235022947389857,-0.0283386143413553,-0.0226036821552608
3467,-0.0154068402775965,0.011519751769858,0.0232761015276108,-0.0195934744277852,-0.000408560774792843,-0.00058126558549486,0.00595164832215971,-0.0362953024263854
3468,-0.0105495117567853,0.00264065727714295,0.0234303915588739,-0.0203060295603232,0.0101127273983172,-0.00231157454661214,-0.00237514401929024,-0.0200803410891032
3469,-0.0122617135040478,0.011493323551513,0.0201813917854172,-0.0105915564707727,-0.0144198451017368,0.00469040864145745,0.0111479511289576,0.00203586655026431
3470,-0.00991333528635559,-0.00964238193415916,0.0143691272564936,0.0202472264448186,-0.0118287864673834,-0.00955588280325883,-0.00953386106131041,-0.00613017454744672
3471,-0.0203541443537054,-0.000196748142571659,1.69517364096802e-05,0.0200689947859234,0.00619740363641104,0.00924206582822989,0.0194880737246325,0.0155088450650363
3472,-0.0169097885462153,-0.0207302382366194,0.00772262755895415,0.0324549380702763,-0.000469962473295331,0.00584010128265797,-0.0129795769908768,-0.0031030477027206
3473,-0.0137478444675417,-0.00789747371954208,0.0178913311898294,0.0134125531317834,-0.0163364835708265,0.000987737983110779,-0.0133993838743867,-0.000334555812279322
3474,-0.0115412598334561,0.00378153165798132,0.0245605342384376,0.00427251412739743,-0.00770914091283453,-0.00213949332046704,0.0145937520383377,-0.0080589919359919
3475,-0.0106876442219156,0.000654505465621381,0.0252890477115017,-0.00345802827156347,-0.00742244168473886,0.00177787163986495,0.000141519050675087,0.000506435468858497
3476,-0.0187890922504055,0.0384856012371265,0.00434405337101662,-0.000693669286417523,0.0238004380303108,-0.0324371607833138,-0.0203447914660255,0.0130737148594427
3477,-0.0114655837948342,-0.0171866328268055,0.000542533212086016,-0.0276618941843299,0.0269850114024125,-0.00982461958610515,0.0156951337102161,0.0248725699696332
3478,-0.00869680736096169,-0.0158549283715108,0.00513354963556421,0.00533617239688339,0.0178746553289629,-0.0263035234440842,0.0171961800091701,0.0101226943179838
3479,-0.0143310415796722,-0.0316243810182346,-0.00500584755304196,0.00970254657740192,0.0260008332033112,-0.0235863093286034,-0.00765377849080447,0.00589971105119626
3480,-0.00341290845098805,-0.00806147545138428,0.00329908324484938,-0.0111548770337631,0.00817776635672378,0.000364049825682554,-0.0129835544717438,0.00591245557951871
3482,-0.0238979593643802,0.000647211364354823,-0.00465616586645976,0.0228348031313016,-0.00486652157434304,0.0163142054046214,-0.0206740720996765,-0.00121839756811892
3483,-0.0192409964236784,-0.0237286458153094,-0.00220511102124817,0.0064030021805809,-0.0243984470353437,0.0051599596123244,-0.020025779388637,-0.0187920425893133
3484,-0.0161231211187332,-0.0136371426409753,0.012594409798868,-0.00792999725332063,0.00139452743960257,-0.000104325284929569,0.0114085735523893,-0.0107562205949358
3485,-0.016406987015621,-0.0086359493134983,0.0214440451090618,-0.0323325747054777,-0.0156397524288823,0.00409397747045184,-0.0129729045887091,0.0021067789246559
3486,-0.0187501369696016,-0.00982063322371542,0.0106921247869554,-0.0385383488005915,-0.00122842697037268,0.0116793317674,0.0104194914790995,-0.0171224224232073
3487,-0.0193928375517076,-0.0277449418456345,-0.00466792716584722,-0.0140546745756969,0.00892270465565149,0.00751337109352512,-0.0190567276210747,0.00897182742790256
3488,-0.0202764669276843,0.00196222514132792,0.00535795004221544,-0.0191904682585857,-0.0100948611267952,0.0240210170496651,-0.00392450790982584,0.0102545529798371
3489,-0.0234082408992476,-0.0333197944518533,-0.0239793132026956,-0.0118311541438611,-0.0214382712724715,0.00747762557128761,-0.0117983467814769,0.00459713633763649
3490,-0.0120788991199056,-0.0227770839600877,0.0173077791806437,-0.00159079553435577,-0.00665036975063273,0.000105393684034514,-0.00748699008090845,-0.00123664522569747
3491,-0.0119195986031874,-0.0182367191101021,0.0127345836860617,-0.0220551001072967,-0.00881639784431934,-0.00371791771836198,-0.00202400776744673,-0.0102804471237604
3492,-0.0221347961266093,-0.0173043745165781,-0.0110758931148734,0.0121730690208409,-0.0222629587367248,0.0137572942241939,-0.0137947399726665,-0.0141067694272139
3493,-0.0138894540542246,-0.0291529876719745,0.0142367530955788,-0.00981897266652388,-0.0107153030682862,-0.00215989398976407,-0.0115073981214773,-0.00674091558474287
3494,-0.0245931467779934,-0.0128559380209219,-0.0170400382462605,-0.00759312675562115,-0.0201463468216295,0.0251325517685649,-0.0339147883970702,-0.0118835341314709
3495,-0.011069113735888,-0.032821430780894,0.00929694009342475,-0.0113268158774444,-0.0073686555769575,-0.0197854080317256,-0.0045119275616677,0.00602536309861445
3496,-0.0141824525084294,-0.0303796858256972,0.0144575071819866,-0.0103813783017176,-0.0291298515688595,-0.00618454078672155,-0.0249434455770098,0.00188279124780526
3497,-0.0143515589749416,-0.0270842248845925,0.0126195090837037,-0.0099147412497055,-0.0205861032163332,-0.00424062046526027,-0.00572076371449919,-0.0073221361218592
3498,-0.0133318194261777,-0.0273434460177856,0.0102595545063915,-0.00859683196680047,-0.0162196893163135,-0.0184390252504732,0.00538350673279865,0.00836778026739244
3499,-0.0210304746805577,0.0209196001904428,0.0063832119942139,-0.0342735077570648,-0.00945804718755638,0.019049389499777,0.0219816864042531,0.0422634951887874
3500,-0.019188241261564,-0.0384690038326149,-0.0116504708611529,-0.0280886510102077,-0.0160085905322762,0.0135437354353836,-0.0116235455124841,0.0011047575111531
3501,-0.0204440724899615,-0.0357302385375041,-0.0221661719965051,-0.00735825862813311,-0.0136855122646898,-0.0157995326002008,0.00935696926995418,0.0127069858295398
3502,-0.00958372756938767,0.0136353321487861,0.0172688998297238,0.0127901029923465,0.0253057548703325,-0.0191068502511389,0.0106058997901188,0.00453443429160332
3503,-0.022330326253165,0.0284351652102249,-0.00371878962890955,-0.00497094452844633,0.0173104008073751,-0.0133134722146405,-0.0114505916564107,0.0226722231954805
3504,-0.0228655469374583,0.0221646283320262,-0.00286585658525514,-0.00544404293359083,0.0205609509435553,-0.0451823062202356,0.0284885197513831,0.00946452707556499
3505,-0.0140176219826776,-0.025053309623937,-0.0135971408099981,0.00489698174812211,0.0178320898435073,-0.0477797593401834,-0.0134923886414512,0.00135285299790553
3506,-0.0166761452541085,-0.0289214782491512,-0.0107896014777374,-0.0167178351048793,0.0423363756377407,-0.00730523522726004,0.00777981561148379,0.00857427497957432
3508,-0.00659478595841815,-0.018346333696775,0.00918823334038587,-0.00916981887016269,0.0152320620389021,-0.0139526500838771,0.000290827656492887,0.00874620722239828
3509,-0.0288963286955146,0.0135213791694348,-0.0387925687730088,0.00320589223728594,0.00750218087309729,-0.0487654401577991,0.0433223283268173,0.0301151973966093
3510,-0.0204044395168007,0.0328552516603233,-0.00426394159767995,-0.0168234460193563,0.0423496816657734,0.00549297788829339,-0.00405572663571955,-0.000328785154276973
3511,-0.0270004458206321,0.047661237517836,-0.0165871629691696,0.0196638753814993,-0.0092183204853277,-0.0410650643654457,-0.0432511045862218,-0.00499086790565989
3512,-0.0174505498203709,0.0121926732898912,0.00852852378417555,0.000345420802861022,0.00198022487248917,-0.0272725714241849,0.0201979529479473,0.0268111392202876
3513,-0.0249256916024339,0.027382591602943,-0.0192910892414304,0.00481938085590562,-0.000797123155964558,-0.0380051115737421,-0.0472394737148879,-0.000146464872713119
3515,-0.00687324372149394,-0.0129058646677703,0.0150631009173676,-0.0216485168997839,-0.00813144249217718,-0.01173395264195,0.00145376865773592,-0.0148283407787317
3516,-0.0141740334226314,0.000155782026142886,0.018916168754777,-0.0160686157036545,-0.00460266863469597,-0.00632055218475697,-0.0041563149181799,-0.0150117144169248
3517,-0.0106809211587565,-0.00471096971352145,0.0279970848368452,0.0010436117933867,-0.0151211034961841,-0.0108437193014992,0.0308291198255886,-0.00755176896058327
3518,-0.0215296306738341,0.00572186886356111,-0.00108503540864783,-0.0314387629748317,-0.00693100470443127,0.0339187458374819,0.0213326694715774,0.0158348221275496
3519,-0.0076288624272282,-0.00294573631510576,0.0165560838778731,-0.0182155808968115,0.00858505591173309,0.00108687160008439,-0.0170820397694874,-0.00522455267318976
3520,-0.000470928395496298,0.000744505692723531,0.000391669121897345,2.96153071838427e-05,-0.000850490864223748,-0.00299074201913485,-0.00283183637543556,0.00479686239838659
3521,-0.0248258972340519,0.0157605666889333,-0.0150913627221216,-0.0083410271280079,-0.0243987342426021,-0.00515070999562083,-0.00740303771941054,0.0195184254894063
3522,-0.0158898056203458,0.0193193870363434,0.0112894374020652,-0.00937013334377842,-0.00754371211292143,-0.00184355319901878,0.000506194324955128,0.0279003773460596
3523,-0.0106647786901574,-0.0115926415445081,0.0157591318075835,-0.0160095316616188,0.00890296889735561,0.00458334757103943,-0.0124111492485007,-0.00678555099392975
3524,-0.013054424170184,0.0131602002368823,0.0255865734852267,-0.0143276736606179,-0.020927909892417,0.00314900715174813,-0.0144634690579402,-0.00593086347798261
3525,-0.00903097018225407,0.00805504229495525,0.0241538545068153,-0.0126655334592903,-0.0193400178568449,-0.000564847841112068,-0.0191944937116442,-0.00492833465030562
3526,-0.00789561888236381,0.0112350737167435,0.0260981885249004,-0.0119542107835137,-0.0222755504123179,-0.00166971413793222,-0.00966959390923918,-0.00266218230290237
3527,-0.0185713534746049,-0.00266742649956187,0.004953952901645,-0.0293257902253143,-0.0275994869383188,0.0209221218701619,-0.0118462594948543,0.0246710561450117
3528,-0.0222116014255833,0.0160036783804237,0.00299604823412519,-0.0175988353694143,-0.013084516591126,-0.0072622046853849,0.0107176427503464,0.00483627133390581
3529,-0.0175903773553437,0.00433828618387167,0.011879302823955,-0.0322657601145059,-0.0298791049050554,-0.00929469035061983,0.0125061625984973,0.0133421868334445
3530,-0.0012074852053199,-0.00108077152003246,0.00517901239968242,-0.00120442257682589,-0.00309662659121257,-0.0030466021819858,-0.000940496570114367,0.00047506985391495
3531,-0.0153611001866765,0.00938326894601096,0.015289789900998,-0.011241425252619,0.00852034038816623,0.0182210974469595,0.00503897730148239,0.0207385155752056
3532,-0.0082996409798968,0.0090172220360057,0.0199476018311652,-0.00814628776496897,0.00612519060895296,0.00600971011354175,0.00020144582827556,0.0106821726529556
3533,-0.00685145220462031,-0.00155010406828977,0.0154414912691813,-0.0041523494967328,-0.0114421074360874,-0.00449895831527127,0.0256772014346006,-0.00938182795196807
3534,-0.00900507667848175,-0.00205543850108969,0.0231131961702527,0.00248253689349648,-0.0192043415586635,-0.00989010254976941,0.0308313956857759,-0.0121494607613743
3535,-0.00309546447103678,-0.00475409674663208,0.00549416930311163,-0.017260451705776,-0.00276105524801329,-0.000562590995153719,-0.000782493992193688,-0.00667879932547857
3536,-0.00358818191138758,-0.00717842564278819,0.00763922575930852,0.00346890650808776,-0.00782962752073984,-0.00221143768261762,-0.0069116521175382,0.00618646540174008
3537,-0.000216883406267649,0.000469094308022301,-0.00219910654787708,0.00104896311270457,-0.00233979800499256,0.000957995912226676,0.00268397695164288,0.000289181116963099
3538,-0.0104870167429811,-0.00742413532428421,0.0189644858723313,-0.0179171893072511,-0.0325879823577673,-0.0366358929925002,0.00813907113292791,0.0109578221459486
3539,-0.0080838990067913,0.00242835167253817,0.01175887282953,-0.021415913300152,0.00161868811916637,0.00771467195312919,-0.00141113816061629,-0.000547175547351264
3540,-0.0102912018016866,0.0016126282597244,0.0148167903212037,-0.0202041014485502,-0.00693711202899631,-0.000979707514707107,-0.0213267248334715,-0.00228784739120156
3541,-0.0216750202081697,-0.0210058428012437,-0.0184434824124098,-0.00206441606870738,0.0268909057648302,-0.031427431700903,-0.00917904717156038,0.0198085870948843
3542,-0.0167276720320572,0.0145292527465187,0.0224439960847375,0.0192213850307064,0.00400438557020705,-0.0112977678374702,-0.00523420183076285,0.0213634592716191
3543,-0.0198510193634725,0.0333718763692024,-0.00768388559911363,-0.02867427144821,0.0448067826777015,-0.0154193101908246,0.005824809065021,0.0160098646482674
3544,-0.0171699033075119,-0.00540167204854757,-0.00357647300121499,0.000487009291574371,0.0459358782216413,-0.0254287997916102,0.0285844825110254,0.000230285429820586
3545,-0.0120260036871135,-0.0262310337184476,-0.00200572133681882,0.00836273813720345,0.0216771547154218,-0.0336397565748478,0.00590559135152216,0.0344824836614478
3546,-0.0196236239470506,-0.0257048009892826,-0.0105956382721806,-0.0102683691995708,-0.0241824376473109,-0.031236093157018,-0.0243444288534812,0.00301447925871193
3547,-0.0191529576712353,-0.0395102444143492,-0.00904015752340905,0.00594845693426889,-0.0333202560717433,-0.0124166021569805,-0.0172555990635987,-0.00400624910189349
3548,-0.010121916675057,-0.0111239472542785,0.00954795840975088,-0.00532920233360159,0.0285256661327069,-0.015427693084429,0.0145510684277888,0.0104434584352063
3549,-0.0206490905879469,0.0195750217432794,0.00258949737353322,0.0207804554290581,-0.0145137323771717,-0.00781977258280935,0.00330027281820508,-0.0247701889601674
3550,-0.0147304692852847,-0.0181012884397228,0.00873460871785049,-0.0023113606986735,-0.0434153323897052,-0.0356389057826379,-0.0157491423715487,0.0107155944571157
3551,-0.0278569589600515,0.033157715069866,-0.0220140071308797,-0.0143934389851587,0.00808098996707781,-0.0300275203244876,0.0229960994424451,0.0227681969009335
3552,-0.0126593297649731,-0.0237891327601509,0.000862999794533531,-0.00586563076501019,0.0314307127204836,-0.0236794123697422,0.0163887961570817,0.00598802559786329
3553,-0.0134311979488314,-0.0196143225090342,-0.00261083534617106,0.00306187326024142,0.0105267972178851,-0.0265657910472971,-0.00760946640848886,0.0210525450443012
3554,-0.00158152633973951,-0.00438939887250314,-0.00347514603382859,-5.98812205948845e-05,0.0041690575498461,-0.0137386419681271,-0.00490530094567504,0.00378871602225365
3555,-0.00405209375963256,0.000654925357278616,0.0100547670197711,-0.00158256017335292,0.0103850489724004,-0.0120259716373019,-0.000566870851843289,0.00344429859034778
3556,-0.0228530348510673,0.0369078682794441,-0.00626823373965513,0.0102815571733726,0.00294977463977603,-0.0377385669828812,-0.0295544297291485,-0.00814970350385827
3557,-0.00763924788791781,0.0117951836437445,0.00803319547710144,-0.0069787137014442,-0.00520805863285822,-0.00857321728673484,0.0303586532632363,0.00219287032566691
3558,-0.00173179952353802,-0.00511976590757622,0.00574172159845271,-0.00660612459764296,0.00408941013976812,-0.00504027880649734,0.00141250515142821,-0.00137173309521114
3559,-0.0223835657300159,-0.0252602267777062,-0.0104262680912149,-0.000445113333068438,-0.0428437233797858,-0.016295499154941,-0.0192583439554606,0.011067031750484
3560,-0.0140264392945704,0.0229019480438537,0.0165267928207203,-0.00726835602472595,-0.00692386039671782,0.000183013644006884,0.00382047149411151,0.016287155192372
3561,-0.00577917610969207,-0.0185700788508788,0.00898826042216878,-0.0049985301363572,-0.00111974692229941,-0.0139379247980879,-0.00808496214591312,-0.00189789836317032
3562,-0.00927772237886918,0.00342792466223779,0.0276764425244442,-0.00714969272412307,-0.00490358182270847,0.00592480767655402,-0.00188356940389931,-0.00470094507852829
3563,-0.00985815523919751,-0.00374435022054709,0.0224964317037812,-0.0113184381529294,-0.00556766165830376,-0.0120514216299393,0.00722170297700817,0.00277535841716954
3564,-0.012198243108939,0.000365954047270206,0.0243509178508572,-0.00315774826900598,-0.0352610140855706,-0.0249889594749701,-0.0126339583102035,0.0154437557132085
3565,-0.0152813844741024,0.0033459144207805,0.0212848555288846,-0.025318835807373,-0.0228627296655123,-0.00316715407182221,0.0095924061311317,0.00442012923571439
3566,-0.0136300548789382,-0.0368705839092735,0.00559062458591053,-0.00176045313547554,-0.028551139888859,-0.0193732971822521,-0.0220804352176643,-0.00139293349783917
3567,-0.0240296901619946,0.0210152149979699,-0.010888549071807,0.00937379003035248,-0.00150213039505042,0.0199097137801116,0.0194230996873986,0.00561625952896472
3568,-0.0151085696429115,0.00355584072532588,0.0155177318729174,-0.0117606526776106,0.0047597161621926,0.00115439666279381,-0.0307143046227322,0.00680223856303283
3569,-0.0250105577471359,-0.0169711947124246,-0.0273003347913193,-0.00152415932391105,-0.0224900139316062,0.00387750172195083,-0.00750930383618262,0.00831083919637672
3570,-0.0227975107568664,-0.000535812554886598,-0.0110039460209955,-0.0200495212817185,-0.013962862577869,0.0175910670487464,0.0181073134964494,0.0128713999319934
3571,-0.0140810079610175,-0.0289581646761828,0.00329438709712212,-0.00303940223568991,-0.00273507175444527,-0.00806597624393618,-0.00682986968425905,-0.00667763570890612
3572,-0.0220289537075813,-0.021959208252795,-0.0151326962666657,-0.0126264887704332,-0.00759809110367164,0.0174337788196241,0.016855562235204,0.0234149833971332
3573,-0.0126242165945051,-0.0287083925363659,0.00481258492623378,-0.000483543559097098,0.00677137786787283,-0.00576292036725698,-0.00161370110241883,7.84663086956945e-05
3574,-0.0057357137170046,-0.00854734546027863,0.0103232675671476,0.00596434731256148,0.000118368079404623,-0.00853552097027916,-0.0122741179290603,0.00341870355998197
3575,-0.00279398675185021,-0.00453509779977025,0.00235090532946223,-0.00361715016430798,-0.00569304539814403,-0.0112640957934786,-0.00140668214193002,0.00514135376438464
3576,-0.0232714951647975,-0.0219428700051625,-0.0232453207256624,-0.00309076769670679,-0.00184809591263486,0.000110725825461963,0.0281201144186098,0.0194104336828285
3577,-0.00469177189816624,0.00588088289829558,0.013851727898409,0.00701497460874448,-0.00438050168128472,-0.00545895422762415,0.0103716588191815,0.00621193575302367
3578,-0.0162886197338887,0.0231250921560752,0.0110249648914331,-0.00366992501471594,0.0237358139649742,-0.0176121036715873,0.00429774642105699,0.0264558096752538
3579,-0.014594882554804,-0.0309684046546844,0.00154271792353175,-0.00112875227751194,0.0242607923772737,-0.0292164797715429,0.00738711371830351,0.0191842547794656
3580,-0.0124810918155191,-0.0251077387201942,-0.00968364480726769,0.00133929892711092,0.0356535297885809,-0.0101266574965818,-0.00622272440617166,0.0090999240684074
3581,-0.00984186727493267,0.0135641387897817,0.00115058888274079,0.0269341814831393,0.013082449479993,-0.024131940421439,-0.0112111749209429,-0.00112296721739365
3582,-0.0163603008853158,0.0282058333469786,0.0150868654369019,0.00511091941516131,0.0227859544120719,-0.0229827566802723,-0.00665411312687718,0.00215408535773155
3583,-0.0166561091994666,0.0287884490077035,0.0076806890516241,-0.0152586785764702,0.0170483382814776,-0.0320244611563237,-0.0164215500288233,0.00458706568496368
3584,-0.0240368229302347,0.0222439372344957,-0.0100419144117886,0.00959717558637274,-0.012224772973383,-0.0292374129157764,-0.0214225118327203,0.0265321592271751
3585,-0.00144235149881517,-0.00386884330051854,0.00459760134161551,-0.00355550069947571,0.00133181771251349,-0.00234643335793992,0.000495965940884227,0.0106972367466546
3586,-0.00169614010166325,-0.00490368505981657,0.00307482212133548,-0.00364191218456601,0.00625759540558706,-0.00685473783389467,0.00485760328973386,0.00144292012847919
3587,-0.0195970650353513,-0.0110878454664644,0.00291685446584666,0.0220857553789115,0.0298626493953498,-0.030156313144531,0.00344497172616109,0.0104243321375519
3588,-0.00818848141106567,-0.0149020020368347,0.0213343957503522,-0.020777598899622,-0.00882764113624983,-0.0154019353210221,-0.00679051099381134,-0.00850142005468477
3589,-0.00947558944379583,-0.00371214102145993,0.0171901044870716,-0.0351101577388748,-0.0154866123806233,-0.0169633159171513,-0.00577013153474372,-0.01068944089303
3590,-0.016317873607022,0.00115603388091096,0.00617453986191252,-0.0115026042253754,-0.0183913964716193,-0.00344118987201447,0.00864911671067024,0.00301538941158095
3591,-0.015687548206548,0.0185778761811784,0.0166120153322323,-0.00989474376272829,-0.000805935130849281,0.00929737451893671,-0.0144929424298757,-0.010261780961437
3592,-0.0245460287938419,0.0132311675727391,-0.00681140407954126,-0.0201337611018812,-0.03267900326356,0.0290292646447821,-0.00450929128610266,0.0316951265990741
3593,-0.0114455095965467,0.0044894207779476,0.0219273889901417,-0.0328728352282765,0.00270243246052827,-0.00437386773789166,-0.00331852077490604,-0.0163827733496931
3594,-0.00773024873611022,0.00468132077889658,0.0227827016664448,-0.0223321266546004,0.00421173502959053,-0.0026419566032845,-0.00584499910119079,-0.0225970354694971
3595,-0.00767073490980908,0.00826804347381544,0.0177110756250868,-0.0300460708858333,0.000863451224960889,-0.0119488830534417,-0.00283362002894145,-0.0273137459480931
3596,-0.0109509842690932,0.00687747597263357,0.0183194705458775,-0.0389453967807176,-0.00341679689477057,-0.004731039353441,-0.00701184732461427,-0.0222425407181664
3597,-0.0168875679913731,0.0187393921895329,0.00823476008763039,-0.00594940655360723,-0.0108910230589134,-0.0145212194955713,-0.0160677503229784,0.0197045838938919
3598,-0.000239320273775485,0.0020483699368971,0.000313460757159693,-0.00309598772413558,0.00135042349354754,-0.00131771160288161,-0.000680425725114152,-0.002981809151194
3599,-0.00737558627290361,0.00155958582044911,0.0259691664578952,-0.0104931759723715,0.00275171196837677,-0.000649548796844358,0.00753848898488524,-0.017576694842923
3600,-0.0245501231352333,0.0197373352808015,-0.00855250916049896,0.0413018386741081,-0.0097142246688469,-0.00979288581742288,-0.0167871888056485,-0.0197204601149818
3601,-0.010001874928378,-0.0165937388676307,0.0101547153820218,-0.00356855865113426,-0.0189561877175736,-0.0318639866553674,-0.0138000958669469,0.00447233859457591
3602,-0.0170056718340951,0.00982919838314918,0.0175055835136054,-0.018945807224496,-0.00836894372009636,0.0302879219740969,-0.00903217336675348,0.0115415033086759
3603,-0.00819950982051738,-0.00940103835381919,0.0219594624549111,-0.0304399646268199,-0.00771230109254934,-0.00979813809733616,-0.0106163844428816,-0.0128428976515129
3604,-0.00786769561609433,-0.00777721355169553,0.0238950984206835,-0.00454718043078057,0.00979324369647779,-0.00306075049028453,-0.0138436886836268,-0.00806960730508341
3605,-0.0137626855051954,-0.0238081636693535,0.0140014671573617,-0.0141256328330113,-0.0354006317380946,-0.0187101177593983,-0.0138700420970574,0.0151233938286235
3606,-0.00485913853756426,-0.0114403117776106,0.00810454639691599,-0.0133690316536994,-0.00756487181344978,-0.0156531686196377,-0.00219061472804222,0.00401149068494716
3607,-0.00967863234499498,-0.0218504996277709,0.00617103170542544,-0.0021300579180673,0.0334859504495907,-0.0251085559322642,0.0243593988850291,-0.0106868774921742
3608,-0.0194266826927131,-0.0102954515805608,-0.0105765962138758,-0.00250147113065673,0.045984313202053,-0.0183288890454412,0.0124651627741752,0.0327111936026948
3609,-0.00455636086871533,-0.00619108893240106,0.00949980281831448,-0.00176414966861403,0.00249481429770692,-0.0144009235784044,-0.000392574690270275,0.0166369993019644
3610,-0.00467316518659884,-0.0139911056747117,0.00353174240451003,-0.00379002462039626,0.0139314760883297,-0.0269959715759299,-0.000109352698174393,0.00369106407043266
3611,-0.00844080938508561,-0.0251589113899023,-0.00519630132974097,0.0130301692119667,0.0118027548336054,-0.0361526101085168,0.00427552509010255,0.00635972906879642
3612,-0.00813519654346781,0.011977077570887,0.0148831483787327,-0.00821410226108638,0.0184016868988736,-0.0144199171949258,-0.00701807521907468,0.00451620681618605
3613,-0.0104479391187827,-0.013302297649238,0.00437038723832801,-0.0207862306579502,0.0306011697685645,-0.0124213371897504,0.0157095349955647,0.0125692500009256
3614,-0.0146079953988275,-0.0337027807370761,-0.00287608892890316,-0.0040319993352215,0.01990181842386,-0.0163228432943909,0.0132872502546825,0.00110908571651737
3615,-0.00209224845897273,-0.00448214964042553,0.00269567471114354,-0.00255480996013016,0.000784064377579597,0.00226575625359293,-0.00263930045876783,0.00225939192271382
3616,-0.01835602368589,0.0211690001122308,0.00982741947171666,0.00550986853138229,0.0196932499390075,-0.0162328615608174,0.00405187550113611,0.0251966096546794
3618,-0.0222924432344923,0.0153387510767052,-0.0116471928342,-0.0149200281563139,0.0397180439548084,-0.0342209553798622,-0.0153395168181227,-0.0326741676113073
3619,-0.015304323428999,0.00916783268536333,0.0145151133758666,-0.0314689199532258,0.00874316117615585,-0.0299465766423539,0.0150138701509305,0.00907575861189858
3620,-0.0181780649432561,0.00374571693108285,0.00527343708399653,-0.00896755903378004,0.0334887008257214,-0.0076735380416608,0.0181548548210953,0.023590270713344
3621,-0.00293461090725006,-0.00807866535620932,0.0031709881721561,-0.00482237809208554,-0.0023563441010357,-0.0052355329019904,0.00642067199604416,0.0072907656212012
3622,-0.00264104629307679,0.00161681889758495,0.0012726251366613,0.00188781560241227,0.014034831527134,-0.00850342017749174,-0.00194352811970597,0.00892036764712341
3623,-0.0254485219228337,0.014789358705189,-0.015504598743636,-0.0143326991185608,0.00180009604976891,0.033076277582783,0.040146343831433,0.0129070806774055
3624,-0.0204739742673825,0.0151128196122735,-0.00192744457509798,-0.00239150956225827,0.00639313743611409,0.0304247647704941,0.0217581270404896,0.0290758437810544
3625,-0.0140656998558368,-0.0204139664877928,0.0108550076050459,0.0113620981989475,-0.0241830229260121,-0.00876794064797634,-0.0133435570027462,0.00116652235152097
3626,-0.0232935432096039,-0.00881784821152279,-0.012268678099079,-0.00673595285540363,-0.0396056256902989,-0.0116524266936553,-0.0137833351802401,-0.00352740928792086
3627,-0.0166305373409543,-0.0375992449170508,-0.00752951773373511,-0.00257908194554259,-0.0131785363687584,-0.0241073603855105,-0.0157809042997938,-0.0196484037486762
3628,-0.0229050169713129,-0.00247509710207653,-0.00918428202220294,-0.00137025596261053,-0.0382908379307253,-0.00338571930503711,0.0110721127884351,0.0112356663170209
3629,-0.00596851769333034,-0.0155083346000529,0.00646941184033768,0.0080843427074926,0.00303506566721179,-0.0134508693631279,-0.000943059027050383,0.00978150880451155
3630,-0.00255053385115535,-0.00713818213908228,0.0100218007797029,-0.0125304326430566,-0.00543667995284989,-0.0116044332466449,-0.000437754462672039,-0.00551713929483461
3631,-0.000983266741702404,0.00283588652736016,0.00328993276058647,-0.00172214167470222,-0.000504110040087413,0.000535453741029244,0.00252993822095025,0.0042435361599642
3632,-0.0107087588126975,0.0117505963863334,0.0171181648209915,-0.0107843763906912,-0.00471121702453375,-0.00760835512688932,0.0239038714915728,-0.00531815853300923
3633,-0.00529425569212352,-0.0126474955068767,0.0152465042311191,-0.0152904602814864,-0.00838067918989483,-0.0199677664505364,0.00175446891290656,0.00801089620958377
3634,-0.0142028097220837,0.020962740412449,0.01187938945989,-0.00519482372681198,0.0143768754728956,-0.0105678946890591,-0.017214213383574,0.0297460055330111
3635,-0.0063170882643893,-0.0192249513393011,0.00137519156735846,-0.00580682874925589,0.0277623624102268,-0.0217042736374582,-0.00199563135817166,0.0228330680585718
3636,-0.000834139420088886,0.00203455144990762,0.0022288933899652,0.00168235962578239,0.00388141267834922,0.00794493638384679,0.00319891168085247,-0.00302715519279253
3637,-0.0178023929834558,0.0117973201922347,0.00321697565860187,0.00177549015544904,0.0404879442832966,-0.0386925230484508,0.0289335440443269,0.0119676705635581
3638,-0.00336752598883504,-0.00661997577561144,0.00306320249531578,0.00204006973311999,0.00582266779169834,-0.0161911807086764,-0.00567258827494467,0.0116407951617328
3639,-0.0080973616481058,0.00171580291517419,0.0159867088286589,0.000659945771846144,0.0176128739196119,-0.0120473397320782,-3.74122561694229e-05,0.011278995261149
3640,-0.00768857670368779,-0.00922804840986351,0.00849285801843585,-0.00224763984404729,0.0209060640158677,-0.0203417585594361,0.0104178182179903,0.00910803699852718
3641,-0.00685969124612095,-0.0123463961226312,0.00266243736194055,-0.00632837407562441,0.0155853653774208,-0.018812462769546,-9.33052418374283e-05,0.00570584882029419
3642,-0.00139731099538565,0.00144901338548399,0.00276407478061062,0.0033272764538306,0.00442989202072287,-0.00701637067094679,0.000679372732258296,0.00907339708078703
3644,-0.0118207760241161,0.0248319092633446,0.0179304893200956,-0.0160722930455576,0.00588922340133357,-0.00393345873575771,0.00758638411286828,0.00745019783284962
3645,-0.000365387736727095,-0.000211045858607523,0.000422160272489066,-0.00120968048917358,0.001597498400626,-0.000293627243533245,-0.00306356403724215,0.000258977012110709
3646,-0.00122962060976382,-1.16379599245953e-05,0.00272687046786032,-0.00294062443895046,0.0015469984840294,-0.00669566928937015,0.000656327179617809,0.00548624800125949
3647,-0.000285896466520655,-5.73344369524606e-05,0.00102490739554675,0.000296560078839012,0.000224763139306287,-0.000790705969013858,0.000276795180894645,0.00274771013700709
3648,-0.0245091970026638,0.00940606305069278,-0.0205651010332491,0.0025665220408504,0.0318843564498931,-0.0344219645363347,0.00463193319173669,0.0117809230482509
3649,-0.00530057768096985,-0.0150200403861687,0.0034121629245211,-0.00099187450718704,0.00340275377599273,-0.00994328877149827,-0.0108064017219548,-0.000845259182151829
3650,-0.00969653099035016,0.00627392346590709,0.00869336451522205,0.00468934485467124,0.0222898766048192,-0.0250110128466787,-0.00190854846344196,0.00376440531820216
3651,-0.0177520486075948,0.00151180916740278,-0.000340635159635956,-0.0366746153336641,0.0379324474406077,0.000979123722160959,-0.00543791850976007,-0.00457546878113711
3652,-0.0311373586515718,0.0157261371126599,-0.0420193993624396,0.00136403333050941,0.0307500025643187,-0.0326843346933904,0.000884774947252462,-0.00426038996019583
3653,-0.00861709233897396,-0.00270753314890633,0.0142721011777617,-0.00263412604482937,0.0177517418611435,-0.0162846260376423,-0.00265990788203367,0.0207792949619897
3654,-0.000285896466520655,-5.73344369524606e-05,0.00102490739554675,0.000296560078839012,0.000224763139306287,-0.000790705969013858,0.000276795180894645,0.00274771013700709
3655,-0.00364871220346582,-0.00840183929228121,0.00754428433803113,-0.0129590703174046,0.00919115100679511,-0.015210334278339,-0.000220961876420625,-0.000462224283013232
3656,-0.0111528304071086,-0.000998935634448187,0.00527754913905839,0.0159470315903851,0.0256992417028127,-0.0209386533682173,0.000901419695878523,0.0117400202574186
3657,-0.00454710103529352,-0.00714017888869277,0.00349465207677518,-0.00608412830613217,0.00186912820148214,-0.0356480751854789,-0.000547305354008582,0.0113117326832869
3658,-0.00993955238244192,-0.023360367821284,0.00247878236555346,-0.00846037940826444,0.0224247594460089,-0.0328397206940295,0.0095716786262974,-0.0067937737703219
3659,-0.000151891636816466,-1.53967444189031e-05,-7.00171436921056e-05,-9.89914594593483e-05,0.000204957823760661,0.00060793314781618,-0.00155715851143429,0.00103310251575908
3661,-0.00183360219163368,-0.00501795926578456,0.00351376309110596,-0.000224326650127271,0.000705839615413583,-0.00434918495707129,0.00221317608435127,0.00800863198124398
3662,-0.0088318789896113,0.00881563280495734,0.0147671562066234,-0.0135821579030202,0.0271430071756586,-0.0240258849780762,-0.00109897079020172,-0.010761070941788
3663,-0.0107023074134863,-0.00767402248049347,0.00767516072676268,0.000580227403767166,0.0185697227350366,-0.0214769884519928,-0.00484356648794405,0.0141945327863664
3664,-0.0180034762816827,-0.0237451214915961,-0.0185270167990888,-0.0131469575971167,0.0549444055266963,-0.0346771739993814,0.0189125292158032,-0.033371612793432
3665,-0.0275901719244172,0.00288917582066256,-0.0350508082948258,-0.00265144829083,0.0352226424473527,-0.0340397904560963,0.027479072481493,0.017676468622572
3666,-0.00392907334082738,-0.00328974178490551,0.00407726872818252,-0.00120843617599798,0.010463195208224,-0.0160727548705685,0.00977300452264522,0.00368433380966111
3667,-0.00591037281523939,-0.00165193947249861,1.49719988632239e-05,0.00195228941511238,0.0215795268645756,-0.00577283728520784,0.014277232954189,0.0161612789906895
3668,-0.0101787913775028,-0.0158830316008198,-0.00139680782924212,0.0063258555214906,0.0305061543775178,-0.0437336656076372,0.0141927805327072,-0.00741546323829878
3669,-0.0150491238420175,-0.0151088540420695,-0.00936189768035479,-0.00574589555419469,0.034059211124309,-0.0520876899150096,-0.00523689032097892,0.0140197697842786
3670,-0.027036437765665,0.0288912479207347,-0.00604214309560609,0.0315386795228155,0.00119367261792211,-0.0435212035273124,-0.0132835178235791,0.00918544792598058
3671,-0.017556430392208,0.00784629828436882,0.0055114624353409,-0.0533161612914928,0.0171256741105607,-0.0114955910028283,0.000618775555764957,-0.0413192179999875
3672,-0.0136147501311149,0.00671101732569001,0.00864374574359352,-0.0489179163889756,0.0137578925777542,-0.0124414269917542,0.0110379331714631,-0.0332174933366195
3673,-0.00946921457816387,0.00237780409676255,0.0179529783751221,-0.0265683204360012,0.000623632427805576,-0.00731945036749702,-0.00776653630758417,-0.00980674288069781
3674,-0.013928013061486,-0.0272707603999342,-0.000173268530552252,-0.0183446234621995,0.0212548007234631,-0.0115379050733798,0.0145106178231429,0.00473715140105132
3675,-0.00907442674140124,-0.00944501808706102,0.0183379265994077,-0.00678850048750883,-0.00262167859354173,-0.0223126247474952,0.00640128924606667,-0.00387304153686594
3676,-0.00848300446335895,-0.00701134314563681,0.0156920396199502,-0.00528700796722799,0.000182233436294823,-0.023189053202647,0.000220621943954945,0.0055270993978419
3677,-0.0130136530843248,-0.00265948799672909,0.00648931271275966,-0.0265232341109409,0.00333774920630133,-0.0306057911787521,-0.0064548028302253,-0.0102662260911346
3678,-0.00710323061676638,-0.0119743365599065,0.0162512474642704,-0.00723964359319593,-0.0104897918057027,-0.0226919232463049,0.00562760989023194,0.00106774058863548
3679,-0.0168757384002158,-0.0323283315700433,-0.0217898672380076,-0.0254946926475376,0.03146053706439,-0.00474225866067279,0.00453420858131927,0.019470983916368
3680,-0.0193528379412692,0.00486630854860059,0.00310778535763873,-0.015979180093953,-0.0184212484557652,-0.0272768852976046,-0.00157380297423981,0.00235319277167601
3681,-0.02313903869909,0.00906299805652759,-0.0111414470750497,-0.0189347983465684,-0.020088258517677,-0.0358169773566508,0.0115953008022717,-0.00754365373604078
3682,-0.0214147615846677,0.00452768609341587,-0.00353377823052686,-0.0213346603396882,-0.00958275526273279,-0.0286385860288805,0.0210766558318121,0.000776037679417053
3683,-0.0193876364677583,-0.0345141736590778,-0.0235166012932892,-0.0142599180344147,-0.0141934570401449,-0.0400283353407011,0.00274758943235832,0.0105462905373658
3684,-0.0186059564325776,-0.00509720797903763,-0.00809789435861269,-0.0333769846821152,-0.0142446128758667,-0.0353451897642816,-0.000610371509418276,-0.0153252069066803
3685,-0.00528298494910439,-0.00448593432087621,0.00767719489225412,-0.0117534751289582,-0.00979549345328531,-0.0207651465768526,0.0096383860035702,0.000951599406379256
3686,-0.0210905346611798,-0.00799497833252115,-0.0142965187423452,-0.0361150524775171,-0.019808897052977,-0.0464932060629295,0.00157941934972656,0.00104832167627495
3687,-0.00257828549177061,0.000215037068208917,0.00381563110320212,-0.00151265970699434,-0.00493592671108896,-0.00925018228940906,0.00252658205454114,0.00166021207705157
3688,-0.00817762346131468,-0.0134526255084321,0.00966394805226336,-0.0242438794464386,-0.00473218869238995,-0.0369288011132141,0.00288286674174406,0.0131051767214776
3689,-0.00515286109494383,-0.0112119419157749,0.00510861032723495,-0.0226112522493958,-0.000991794498200165,-0.0185609893303686,-0.002057493885019,0.00734557562873825
3690,-0.0200099995586153,-0.0140843248861825,-0.00174259300629274,-0.00562891738823954,-0.0180237684824368,-0.0351363053227003,-0.00326691158618474,-0.00738188397296714
3691,-0.0149542874072506,0.00829866954804318,0.0142826571068789,-0.0273779889607892,-0.00971498155801324,-0.0194558183340326,-0.00277493292134302,-0.00499559955241785
3692,-0.00442335828874512,0.00169072324235785,0.01162349425071,-0.0143625005768376,0.00359793105183324,-0.0110745511051559,-0.00163554132609012,-0.00960805300061592
3693,-0.00472728102984204,-7.83522162288374e-05,0.009849041407595,-0.0187633940733399,0.00989564413585834,-0.0118206156617551,0.00326282109005426,-0.00706775355182284
3694,-0.00321791930032263,0.000336146544065772,0.00874378897341568,-0.0109234366993098,0.00742892594727381,-0.00668254588095716,0.00402835444280477,-0.00461878738183155
3695,-0.00445689337404727,0.00167161468952291,0.0117232204917303,-0.0183229333138884,0.00756059000359188,-0.0113540873209817,0.00339278137550457,-0.0105517454953891
3696,-0.004996885973672,0.00173267628994181,0.00887460834704439,-0.0171176919058799,0.00589740066701585,-0.0169840162767809,0.000967633582648735,-0.00965355302595307
3697,-0.0104303759510534,-0.012365287828402,0.0043041279470493,-0.0060507421037669,0.0234997737746889,-0.0200877485101044,0.0171903035772102,0.0321958388034786
3698,-0.0020301589912685,-0.00496109263341257,0.00410472615234481,0.00206168430070483,0.00112442807715587,-0.00245857531619344,0.00217345225420668,0.00410216164135623
3699,-0.00388028200530572,0.00460165438234105,0.00717198151944799,-0.00255947017018926,0.0045280876427159,-0.00208741253599842,0.0137978717391725,0.00767335170993991
3700,-0.0103722110196204,0.00630188121805446,0.0156058081849014,-0.0131170725625163,0.00574300592467028,-0.0218889023982396,-0.00650791170441215,0.00849930361454847
3701,-0.0111422609080036,-0.0180711586263579,0.00287784619217184,-0.0243428871275649,-0.00462971279422339,-0.0324472358394244,-0.00633905409324975,0.0291630422859878
3702,-0.0270342737461945,0.0301296992753358,-0.0230247615645,0.000301073977224467,0.026075498629102,-0.0267057084116441,0.00592522908336657,-0.00334668336914544
3703,-0.017911639942582,-0.0243187712704135,-0.0178412284623407,-0.0237873995803736,0.0565744917269874,-0.034573269023845,0.0178276141500704,7.8293345787173e-05
3704,-0.0056206627355316,-0.017255664840434,-0.00294536977262715,-0.00984750743411903,0.0155768868076787,-0.0278961697311804,-0.00275832543886841,0.0111455956012247
3705,-0.00853487971415567,-0.022178775270007,-0.00566402633592398,-0.00097066053434712,0.0320244280111217,-0.0381363880451732,-0.00713186119423159,0.0171726818144712
3706,-0.0238874114156396,0.00175597217421376,-0.0192901181741698,0.00307983997383341,0.0217839537627274,-0.046297986310939,-0.0241301855926685,0.0285831257081627
