"movieID","X1","X2","X3","X4"
1,-0.0310234599357851,0.0199161936570524,-0.023011876262886,0.00332303560086698
2,-0.0216989156117537,0.0212278941843909,-0.000625039138196341,-0.00262823881992125
3,-0.0194121322398725,0.0187744209424512,0.00686280692151097,0.0163228742857212
4,-0.0132225123301322,-0.00596631588679025,0.0142613268146932,0.0229595452100025
5,-0.0162516739974896,0.00592741672695579,0.0135468369788847,0.0273987270948787
6,-0.0281462184148027,0.0229066177898319,-0.0142066567472192,0.00507968395181798
7,-0.0205266353835973,0.00790260582857286,-0.000197683033017504,0.0320816408240256
8,-0.0132352688913497,-0.00718081958464665,0.0203378052652479,-0.00627803078965549
9,-0.0107211469786037,0.018524840289936,0.0348414288376748,-0.00473401199590693
10,-0.023408615669855,0.0263997814643236,0.00193928269517316,-0.00264701174551284
11,-0.0263987039189248,0.0183875251746779,-0.0110513582498526,0.0166062224698619
12,-0.00958633078385234,0.000110763777995226,0.0282989392133405,-0.0168497577264334
13,-0.0167233524311649,-0.00998774229327129,0.0179267085969354,-0.0123026128746543
14,-0.0165986503889034,-0.0193018056453744,0.00955657491887404,0.0252940405946008
15,-0.0127027970633756,0.0100917788500063,0.0258077471591072,0.00812480017012661
16,-0.0260133096964818,0.0146610186118224,-0.00572509099237736,0.0104717154679798
17,-0.0270695044762274,0.00350729462054749,-0.024123411491045,0.0182006214505438
18,-0.0162451358991522,-0.000825470506781171,0.0334597974591957,0.0227712433992709
19,-0.01490021664708,0.0247936290285883,0.014373040168339,-0.00346093610205094
20,-0.0115761772597644,0.0139649219652654,0.0314143493630641,0.0026915438320582
21,-0.0274474949587274,0.0170394377491973,-0.0226411165595508,0.00207389892890799
22,-0.0185193676193435,0.0115806402086156,0.0185908588273783,0.0251415928895359
23,-0.0123532342094983,0.0138695589284102,0.0351916727912063,0.00647702649875643
24,-0.02272965521696,0.0224452617893762,-0.00514038282601203,0.0106204220949079
25,-0.0261423401484779,0.00608607308105288,-0.0212073231099103,0.00270564855433053
26,-0.0164155419143954,-0.0169499843425015,0.0165470302723577,0.0185211606461231
27,-0.0102728401663538,-0.0103713943405123,0.0306134540543673,0.0130244741699111
28,-0.0195783140574481,-0.0334272795387455,-0.0199650500877967,0.0245170272165001
29,-0.0283469277419544,0.0121169390840161,-0.0165160565957163,-0.00908456401368962
30,-0.0149000823824543,-0.0342234361336593,-0.00294896732235352,0.0121454750359809
31,-0.0132216797233837,-0.000618504816236049,0.0268617070991891,0.0344219762039042
32,-0.0293329639733592,0.0189080211685415,-0.0217176214443061,-0.00281296804660602
33,-0.000926023638012732,0.00169671025658443,0.00544131630876495,-0.000562487592374632
34,-0.0285656721798868,0.00966516947477909,-0.0247023201215446,0.00597787640305055
35,-0.0134455986352122,-0.0259530008897311,0.00448178092300059,0.0164164814101946
36,-0.0270140091844552,0.00234636952332501,-0.0217942413283487,0.0141571466079593
37,-0.00387103245635641,-0.00409134909286041,0.00723901506796165,0.00581977365600498
38,-0.00768650089313503,-0.00276326012893825,0.0357104373740453,0.000722174897425619
39,-0.0254688999225962,0.00750910006326154,-0.0159158409860174,0.0137902270708764
40,-0.00912311802091713,-0.0249974118131478,0.00862378530170371,0.0173703212849405
41,-0.0231009857337874,-0.0180650466261093,-0.0185731159736765,0.0121990460872691
42,-0.0155812094692694,0.0083368109271754,0.0251340153295459,0.0097210090935308
43,-0.0207114135938012,-0.00584515424932577,-0.015042571436328,0.0111646412168847
44,-0.0140847517294897,0.0188041406660145,0.0259327351549954,-0.00231418926804061
45,-0.0206495250252797,-0.012113701618698,-0.00710436598445713,0.0113178078873568
46,-0.0138531343275381,-0.00943311626005998,0.0145675937474577,0.0385687279550825
47,-0.0301818441970065,0.0221990737254675,-0.0164389157766568,0.00923159411632193
48,-0.0189923481425042,0.00948329840651913,0.00380297466487485,0.0130297181262327
49,-0.010350751233001,-0.0284572139809996,0.0151751649704494,0.0142631074431968
50,-0.0334459069146848,0.0217285903466863,-0.0241722665814557,0.00718983831103638
51,-0.019042320694036,-0.0184668346306192,-0.000320486120423544,0.0295705402632343
52,-0.00725522501806175,-0.0208768466362774,-0.00581657531312938,0.00432131839153588
53,-0.00818072950705772,-0.00123677477939841,0.0262469474824269,0.00148664709096073
54,-0.00995827341935883,-0.0281972168473424,0.0122740853495926,0.0206871863784722
55,-0.00171568605241706,0.00297108804844364,0.00597929284131371,-0.00244083759858509
56,-0.0133239917863163,-0.0232578159496023,0.0210362226779208,0.0269999084673504
57,-0.0241653390820318,-0.0119346184552427,-0.0208089857746275,0.022683105838282
58,-0.00215992557977519,-0.00392741784655257,0.0067869280782734,-0.00109504181404573
59,-0.0214606260968352,0.0110443763736366,-0.00201318245180146,-0.00153772239819594
60,-0.00998945642427761,0.00187731970371852,0.0381678436526159,0.0245491175448977
61,-0.0225425612816298,0.0105464222562131,0.000562920665633734,0.0314875334434232
62,-0.0117631399180819,0.00944869800362793,0.0367041020525483,-0.00454755174797721
63,-0.00842286178754938,-0.00628338948533422,0.0270173623600256,0.0186550710554652
64,-0.00747971062758619,-0.00304994481818294,0.0315079562587139,-0.00540775550998436
65,-0.00808361842276349,0.00741433928602838,0.0153809551015595,-0.00439588474871765
66,-0.000835175540621233,-0.00145683462525857,0.0020398207860942,0.000911317764730722
67,-0.0137343536291121,-0.0278967962347353,0.00487020721883723,0.0195379593173294
68,-0.0224582147039354,0.012971924197291,0.0124272654302872,0.012110224145719
69,-0.0204361374154313,0.0253050872623663,0.00638399268638498,-0.016723399854119
70,-0.00854975465548135,0.014968377018086,0.0326603162768081,-0.00404959512958033
71,-0.0155535300020582,-0.0250044953149675,0.0155140803056756,0.0136499208828746
72,-0.0221722007790053,-0.0085810799553893,-0.0086716647176051,0.0381106754457926
73,-0.0120094028748935,-0.00831346960936527,0.0190351493919294,0.048690445032477
74,-0.0031172541463094,0.00250409239578756,0.0124065851601405,-0.000342233423000178
75,-0.0145145192653059,0.017387861517153,0.0221287965465342,-0.020790306891332
76,-0.00968813299239988,-0.0356511598035321,0.00624025835125742,-0.012544696662752
77,-0.01161802910855,-0.0239894474672201,0.017449980575801,0.0109416504167516
78,-0.0121308922448517,0.00114727703022344,0.0234102282549227,0.0240010906849088
79,-0.0127567853895357,-0.035942734825597,-0.013401405464995,0.00706599451860483
80,-0.0163141073864166,0.000464475724932285,0.0202675958480747,0.0206067439074982
81,-0.0155519312834327,-0.0333435189024143,-0.00465043072258728,0.0306597886994738
82,-0.0110216155587684,-0.020047126269812,0.00354552765777632,0.0107800886533015
83,-0.00714982891725543,-0.0200511761148281,0.00459763390444735,0.00362626387447327
84,-0.0157686413831336,-0.0254569542881681,0.00211882260285496,0.0252084132515208
85,-0.0227036995008805,0.0225055298785747,0.0026063128534606,0.00756517722051611
86,-0.00899622527861561,-0.00119059090559042,0.0236750507588608,-0.00693039223110306
87,-0.012587047353023,0.0127402210710289,0.0384012805454239,0.0147765357883552
88,-0.0171866873821295,0.0172058431676273,0.0257133600684852,0.0106742968855082
89,-0.00297967793472289,-0.0102731851450195,0.00318989389636756,0.0126763748641874
90,-0.0100100378584487,-0.00713489307402156,0.0227742064745136,0.00385019617027005
91,-0.00882664508921069,0.0001447525106647,0.0271398208601872,-0.00193431516361936
92,-0.0166039842117353,-0.0153196606620055,0.0221454840279339,0.0422544714425998
93,-0.0164596518600826,0.0196617880950891,0.0194420587199018,0.000394690360360187
94,-0.00641992689452526,-0.0197027232698495,0.00410730703152042,-0.00310343675989122
95,-0.012145053097526,-0.0329746824216687,0.0048369347234296,0.0206781470019477
96,-0.000821009714271266,-0.00188097316220966,0.00309249631939748,-0.00169150643207348
97,-0.0120848845432133,-0.0301289929615095,0.00799525412764314,0.00188414519208219
98,-0.014761859786908,-0.00669985338850841,0.0201519984013386,0.0303241762485441
99,-0.023320139744505,-0.00574595663651551,0.00136076323269656,0.0171616902433799
100,-0.00625669373394618,-0.00368656265904911,0.0206774700165383,0.00909285535927142
101,-0.00933777454762154,-0.00775344301531477,0.0346831894457542,0.00994962022636823
102,-0.0231552320412194,0.0312218673839035,0.00795244803140378,0.00593156031723913
103,-0.0184832369519305,-0.00596654679938284,-0.00529846457165486,0.0306081916296942
104,-0.00491479976254352,-0.0169599158860146,-0.00284046664103549,0.00585243493619501
105,-0.0176413602168305,0.00182520387729052,0.0132056146497284,-0.00989154795964654
106,-0.00358294219788433,-0.00913869564087112,0.00979105816097844,-0.00442877918838008
107,-0.0310576933988591,0.0299039844808055,-0.0140183078084485,0.00484778904037551
108,-0.0302768080764749,0.01052536031334,-0.0267739238265683,-0.00717450166412956
109,-0.0228442799297185,0.0197467114883677,0.00252465406872187,-0.00622289091273201
110,-0.0101524485956806,-0.00496900613363205,0.0255660501563021,0.0271850081998131
111,-0.00384678830546136,-0.0105186786230488,0.00397105227433766,0.00816038160461157
112,-0.0129420626009563,-0.0350282982619211,-0.0044414037253873,0.0170415172290081
113,-0.0151838864861936,-0.0180653127229737,0.0187078111551202,-0.00257748134852282
114,-0.0117112511867682,-0.0170206523936299,0.0198408850443805,0.0206212805437678
115,-0.00349090470926545,-0.00211526367270579,0.00885628948957792,0.00464939610430018
116,-0.000575720412630677,0.00125261574272078,0.000202997274529634,0.00591964538872794
117,-0.0121930001220075,-0.0350534373363817,-0.00550320614452108,0.0156407479157571
118,-0.0140355710367906,0.00247345197315438,0.0237716108921348,0.0123270935537231
119,-0.0174495414880955,-0.0337431594168613,-0.00371358460728557,0.00856921344786902
120,-0.00399545714723877,-0.0100400860521535,0.00816193510073326,0.00282472280932629
121,-0.020940889892637,-0.0211782142471408,-0.00825430575573662,0.0298197534479707
122,-0.0100506093955647,0.00434971171591218,0.0152614027714343,-0.0074357459658796
123,-7.91954310235864e-05,0.00014710765514466,2.39753520959445e-05,0.000244076826672595
124,-0.00630844477603375,-0.0228878823742787,-0.00467172011794168,0.000596080267858028
125,-0.00267777391474829,-0.0053466241143136,-0.00144617832086961,-0.00208841785421572
126,-0.00218572644077592,-0.00791446376590591,0.00307345542779162,0.000106394651376991
127,-0.00683251860885887,-0.0137071935808171,0.0081443079952254,0.00798251520083109
128,-0.0103275472747397,-0.000382985301541627,0.0330034316964563,0.0120795195611421
129,-7.79011884261936e-06,-4.10747113229501e-05,-0.00015652729171012,-1.65967364911412e-05
130,-0.000788272228396891,-0.00436163061466635,-0.00394950070775771,-0.00324538195364021
131,-0.0115699603576072,0.000476239913199295,0.0339554307152924,-0.00237271735273655
132,-0.00341737956850485,-0.0128410113546747,0.00812284770365277,-0.00509550919547801
133,-0.00287349113371341,-0.0069012687975104,-0.00231350746228318,0.00692122694821578
134,-0.000131736771873431,-0.00026090228181318,-0.000181343981866669,0.000189009763446387
135,-0.00104059156149329,-0.00221095615937179,0.003608353745471,-2.01166891495589e-05
136,-0.0140398828959233,-0.00251518008852397,0.0164222257247165,0.0414787173405305
137,-0.0224979385790573,0.0049842921228747,-0.00321804527422204,0.0260973775059374
138,-0.000298186106094224,-0.000270420706313988,0.000820345866218911,-7.64189231037346e-05
139,-0.022609973051525,0.0059771588188519,-0.00995146756323908,0.0248798446603104
140,-0.0174708354944438,0.0259704964628158,0.0253377114533994,0.00428680652243725
141,-0.0059923303278603,-0.00866188726064573,0.022626424102217,-0.00270270230880854
142,-0.0179285873149139,-0.0115976861087,0.0141663512584585,0.038089988986086
143,-0.00610093899120375,-0.0189058626332513,0.0107366596439886,0.00110509283446151
144,-0.0121113184912204,-0.0324669348122753,0.0208151796883046,0.011166552631891
145,-0.0302561221196779,0.024676395659736,-0.0197382282924237,0.00756659805060839
146,-0.0247483519113819,0.0124580676134661,-0.00847762717499526,0.0131494797583541
147,-0.0118058484707227,-0.0166235997274825,0.0196861250848038,-0.0223411282571675
148,-0.0155849291904749,0.0184059596091323,0.0159692824106405,0.00586723770219051
149,-0.0144450616405898,-0.0415243410230257,-0.0138772493119229,-0.0114034614683943
150,-0.0163056320552265,-0.0188376950977558,0.00521726552841917,0.0223593829206456
151,-0.0138114656786995,-0.0288346100060736,0.0183995883648467,0.00584277970421576
152,-0.0141005533520237,0.000232711802727176,0.0208185930638724,0.00966809533319567
153,-0.0155244956774069,0.0107950085710457,0.0222905391644561,0.00188456393787222
154,-0.0152441131682497,-0.015070729305743,0.0218204163193092,0.0197507755630331
155,-0.012933947261954,0.0204267418018352,0.0181631749799823,-0.00228701351999588
156,-0.0264884267764353,0.0232284999732063,-0.0107900596070544,0.0120770671862026
157,-0.0247507577005526,-0.0119864532966173,-0.0261087118827456,-0.00952457610384858
158,-0.0213843188817149,0.0222659441823073,0.0110622544960863,0.00502123701026304
159,-0.0253695616153402,0.00693571126735081,-0.0235821044321955,0.00533445531120362
160,-0.0218158423262894,0.0253983177658926,0.0129677137843514,0.00435762466341775
161,-0.00884502883709204,-0.0151548495911888,0.0235089582188444,0.000648718365858871
162,-0.0031986506808008,-0.0122944119978507,0.00458430576449484,0.00243884541005642
163,-0.0147331191893017,0.0191923682772443,0.0298271119149402,0.0236900144283212
164,-0.00923028336923102,0.00396781283721749,0.0221473192417193,0.00633207695583968
165,-0.0163628052645606,0.020185625927816,0.0307816918751399,0.0108135576858162
166,-0.0141243422921436,-0.026370894525647,0.0243450825917284,0.0240408174810983
167,-0.0151206698458968,0.0183188959242868,0.0140580667780856,-0.00424792146490897
168,-0.012786722666608,0.0194993124618537,0.0199913342197905,-0.00570473786264483
169,-0.00787838548951429,-0.00160376779910934,0.0346396952360296,-0.00656539427790543
170,-0.017776441983315,-0.0160548944022871,0.00491313011428049,0.0404898560369257
171,-0.0206426440493122,-0.0240391422283213,-0.0112182419999088,0.0169293398271803
172,-0.0123665350597468,0.00396908917408213,0.0288924053199177,-0.0160280357851077
173,-0.00655130134676433,-0.0185063654073819,0.0107584150669764,0.00777079999201941
174,-0.00699579414079491,-0.0128774889006795,0.0158751091170502,0.020207911771559
175,-0.0223875597403033,0.0197619956757669,0.01298484460944,0.00779102201479425
176,-0.00656674901718013,-0.00133690551530863,0.0220074834270523,-0.00712338121579257
177,-0.0112655205140681,-0.016570990034111,0.0168672850606732,0.0250404202659191
178,-0.00949302839924308,-0.0152607377527424,0.0197326540943624,-0.00322113333113997
179,-0.00721109979998538,-0.0188147585615765,0.0211273493697414,-0.0042733625082933
180,-0.017984438057506,0.0242198514305184,0.0141372961345764,0.00350614341050312
181,-0.0123930561536927,0.000231489355005425,0.0295448130713263,0.0194460532489252
182,-0.0142370829461958,-0.0249734017073165,0.0151266559903849,0.0186695856426718
183,-0.0171707195556442,0.00840098623229963,0.0223922593405385,-0.0208015545656819
184,-0.00653182203981113,-0.0127391489509411,0.0134883807400032,-0.00260498729628424
185,-0.0154094106959648,-0.0314863382283636,-5.97437780351927e-05,-0.0168086772708042
186,-0.00994897248572148,-0.0106540998161879,0.0255057611313173,0.0199447726097836
187,-0.00114517328097386,-0.00166038636969629,0.00330150382242008,-9.22023754399711e-05
188,-0.0117626522975733,0.0067769374189841,0.0167238463025222,-0.0020584347232031
189,-0.0193550532883147,-0.0200661870573172,-0.00212471402909634,0.0246626424796419
190,-0.0121738353876427,-0.0109145744376877,0.0216781992306589,0.0311743695681885
191,-0.0158158559440477,0.018038588675129,0.018647699916617,-0.0104305189058454
192,-0.00652066152631022,-0.0182554936011833,0.00734556985757233,0.00984289484342926
193,-0.0230672203338658,0.0203153505618829,-0.00323274518881598,-0.00413889417666085
194,-0.0161782532449957,-0.037144919581365,-0.00653817980809862,0.0156233097070927
195,-0.00275545200784422,-0.00422871041150737,0.0118607960462244,0.00131742106902735
196,-0.00754197467485466,-0.0120335225156936,0.0156533393032225,0.000715964496417742
197,-0.00696337393437702,-0.0118561295082272,0.00955504952671221,0.016265520823008
198,-0.015334576669886,-0.0100876805126049,0.0116980304149975,0.0260395702973667
199,-0.0128271928591051,0.0230489943057151,0.0344793411857138,0.00291412891864625
200,-0.0148862416488971,-0.0289872022944063,0.0193858369580729,0.0264433130040783
201,-0.0150979943366417,-0.0358165390773627,0.00541112833141427,0.0137550120066956
202,-0.0137374602243697,-0.00323275621824653,0.0198216754339095,0.0379408898144062
203,-0.0161530540448166,0.0207538575543615,0.0104992916277839,-0.000487955472180573
204,-0.00992730012844921,-0.00372378531037615,0.019685277829177,0.0105864089915797
205,-0.0117955646915626,-0.000497987716546858,0.0222737873675123,-0.00342394536630278
206,-0.0105351799299684,-0.0307800338109026,-0.00160431024481499,0.00905145627611529
207,-0.00199255002143845,0.00171903329761699,0.0077068402820568,0.00352250519825981
208,-0.0180888712253402,-0.0353044803099447,-0.0249300095336401,0.0151578938763343
209,-0.010286327318264,-0.0245779697155049,0.010040093152869,0.0146331336177651
210,-0.0168640472399095,-0.0264215199060523,0.0083879499500393,0.0425944550256756
211,-0.0178599681895528,0.0270676284501752,0.0238397389071538,0.00160632909469738
212,-0.0105048698920097,0.00321986707258298,0.0301939669435633,0.00851694200932565
213,-0.0136041564784645,-0.00517206607956355,0.0252011952988742,0.0307426770562648
214,-0.00803988973058167,-0.0148572531031005,0.0172197320677804,-6.57235650545611e-05
215,-0.00375778421221921,-0.00439309110681441,0.0148814715221799,-0.0177447160877637
216,-0.0189627630481668,-0.00700378015440713,0.00242728183166047,0.032889196359984
217,-0.029459020702941,0.0224718391489218,-0.0170920008114809,-0.00481915679290201
218,-0.0193772241617974,-0.00359354731591162,0.00346880269683594,0.0214333076880844
219,-0.0168295421254081,0.00963971851792542,0.0209558029775294,0.0350641864677992
220,-0.000196102359488535,0.000962077623758115,0.000547286869151347,0.000603867546472643
221,-0.0122837291389777,0.0164820744864339,0.029786000721802,-0.000645287146465496
222,-0.00201442192217779,-0.00421472725325214,0.00362403617127355,-0.00109266917806767
223,-0.0148342999667041,-0.0243467288282459,0.0235374536991439,0.0200591227237183
224,-0.0209248391072535,-0.00065952841285094,1.83139444574358e-05,0.0251392428209736
225,-0.0218193264622507,0.0282080370770832,0.00459961981491074,0.000314369506725611
226,-0.0229493575651187,-0.0167405924832071,-0.0134373770314514,0.0249957585837856
227,-0.0230295095216041,-0.00949449315250944,-0.0245451416072202,-0.00305779252361157
228,-0.00977426529429824,0.00198557335305641,0.0288448576518283,0.010438968694311
229,-0.0254959545046926,0.00177375416341366,-0.022533302258706,-0.0112850856759731
230,-0.0160759603005611,-0.00587562707158486,0.0137520172959948,0.0365659885037769
231,-0.0146612584632335,-0.00183728151586882,0.0169952972583943,0.0349702963940531
232,-0.0088301056218018,-0.00830231680038149,0.0243816574600626,0.00328282519700339
233,-0.0145346711070386,0.00487826876954419,0.0230988940751277,-0.00699319212273414
234,-0.00927403273292745,-0.000249993667588586,0.0269339019564688,-0.00476830183976321
235,-0.00870560091124939,-0.0188305302856879,0.0264856627949267,-0.00146703698999517
236,-0.0160115357650806,-0.0161347506460257,-0.00809151679588393,0.00783072763215767
237,-0.00327137901650672,-0.00489075573710356,0.0102015941029069,-0.00240268959662051
238,-0.00359623502292054,-0.00399841636366239,0.00924103371843012,-0.00752038290191136
239,-0.0036182843787465,-0.00463816838892877,-0.00262034801822047,-0.00234897577252346
240,-0.0294305242091242,0.0048384261890631,-0.0270930523510096,0.0110233030169713
241,-0.0250789490992335,-0.00563074641979025,-0.0244627427407973,0.00452423655041781
242,-0.0126173053869165,-0.00673628345318563,0.0311799727023536,0.00659471195380897
243,-0.0196733336158924,-0.00928344386928498,0.00402772216135499,0.0413240755734102
244,-0.00585902836726726,-0.00613271046361568,0.0282986816586543,-0.00337611617667564
245,-0.00639753888951817,-0.000121507402553065,0.0167304765606288,-0.00414773789683373
246,-0.0180748825459475,0.00631154888685537,0.0130914836187311,0.0267024784295326
247,-0.0241600685286669,0.025472760048983,0.000909369471690027,-0.00381459331088803
248,-0.00981551367715111,-0.0214586785867544,0.0117524216277053,0.0237561172770214
249,-0.00730585431574889,0.00331220227265671,0.0259408296246767,0.0029986048915646
250,-0.0144199795133747,0.0119942290326123,0.0242249584931079,-0.00521770624369244
251,-0.0148474134296293,0.00662973351299842,0.0316578144562455,0.0273552402161607
252,-0.0110633100038504,0.00643362753645785,0.0267668920939511,-0.0151417941438938
253,-0.012496607961619,-0.00128745348702833,0.0294489610477488,0.00817609773267051
254,-0.0327853073634795,0.0238731498677621,-0.0201288375012294,-0.00421082013580696
255,-0.0208400039285675,-0.00739942630797223,-0.00688017687926289,0.031135682149365
256,-0.0206991037279137,-0.0224627055099545,-0.00928360253780153,0.00955436537313074
257,-0.00958121551527003,-0.0310446937758386,0.0073315385888515,0.016022014003947
258,-0.0036174892355011,-0.0100464774944045,0.00815267851254034,-0.0020043958663654
259,-0.0266855222149227,0.00316663118891111,-0.0237505323956255,0.0160916763485275
260,-0.0247869838737765,0.0224072915724065,-0.00777813937833911,0.0140012569902443
261,-0.0114440546466474,0.00968448645499579,0.033674955588588,0.00555943994732892
262,-0.0139258753724037,-0.0173238812928005,0.018304086276142,0.00357007954898109
263,-0.0126150780928733,-0.0280653192778674,0.0176698293291356,0.0199857268804524
264,-0.011284291733941,-0.0099241317380969,0.0149954448815644,0.046363044294955
265,-0.0109540633805883,-0.0193894288020014,0.0235427752098835,0.0268097109402609
266,-0.0216187416640422,-0.0142518856183289,-0.0160936095179015,0.0140960197023997
267,-0.0147341196971357,0.00749497172295397,0.0272191834121547,-0.00962218268964655
268,-0.00386174347329602,-0.00126439441080917,0.0198094736247585,0.00241459507703036
269,-0.00953567984067548,-0.00945362511701566,0.0292932985903218,0.0113593442866759
270,-0.0127126130388938,0.00232079167679897,0.0195014992208435,0.0302386769719261
271,-0.0158666189205399,0.000639154460875919,0.0166852458061608,0.0225441435272025
272,-0.00960182442607506,-0.0148090327785003,0.0220616794258632,0.00464519820385881
273,-0.012065548687441,-0.0210959302756697,0.00438950958000549,0.0298559139399947
274,-0.0174609587754892,-0.00362398150959354,0.0222619117171411,0.0380383622042842
275,-0.0197321541423724,-0.0146573377644996,-0.000697821546794215,0.0240078676570457
276,-0.0153028997026296,-0.0104828855894926,0.0126764424535566,0.041751868150827
277,-0.00616959412239288,-8.07256228895526e-05,0.00764918409562995,0.00197864507794134
278,-0.000658834669481931,-0.000584784117056687,0.00190711572510379,0.00099815967551203
279,-0.00565628726557565,-0.0102215076578255,0.0103206698157495,0.00917490094161577
280,-0.021646124310485,0.0130316576675047,-0.0054622642720939,-0.00632501649066699
281,-0.0145366035575762,-0.00632754637526002,0.019396857867074,0.042472528811817
282,-0.0233061301818274,-0.011392016138726,-0.0242834098023384,0.0223642481153113
283,-0.00788494273811601,-0.0025710967391076,0.0228734503876489,-0.0036913347157817
284,-0.019989501339767,0.0230190028917927,0.0133526174495829,0.00900611704484081
285,-0.0302534263064467,0.018810207573326,-0.0189822606182081,0.00391360113620115
286,-0.0103739552275517,-0.0204214436445286,0.0122324201009791,0.0260832901719826
287,-0.00859042360728055,-0.00922351474264367,0.0207016302176877,0.00357173453854623
288,-0.032161830264898,0.0195819723002353,-0.0260698220617713,-0.00198130750543238
289,-0.00813828172410755,-0.0139748628471948,0.0154144137059235,0.000475545553290787
290,-0.0104713180277291,-0.0242435617474043,0.00301881744092477,0.000156446005206146
291,-0.0213112674317232,-0.0128907436390368,-0.0147653073331979,0.0121147162430133
292,-0.0242017133887201,-0.00153486139608122,-0.013852806641087,0.0208851292719752
293,-0.0117477246449165,-0.027167900248677,0.0081780930207683,0.0226346018284345
294,-0.0154671607020336,-0.0272780328109735,0.00956256348112265,0.0331447003527817
295,-0.0173360999896432,0.0190651838934146,0.017702325239687,-0.00881088440834635
296,-0.0100763429045361,-0.0110052100892826,0.0227835587096644,0.0123089769106333
297,-0.0116103574122768,-0.0155430745469289,0.0107238519505707,0.0147718081958659
298,-0.0238658886261385,-0.0194933602626601,-0.0252594900814764,0.0120641446926407
299,-0.0219785191231516,-0.0242093778815093,-0.0160389073689688,0.0183904593965359
300,-0.0190211511835603,-0.0259052270673875,-0.00824559928945801,0.0310280119428156
301,-0.0131694590710262,-0.0282516545197328,-0.00934206722051603,0.0199349220046786
302,-0.00147549820639115,-0.00200501455065484,0.00509151766449345,0.00324899711573877
303,-0.000787514116714575,-0.00165900091863557,0.00301774410753924,0.000869382209651771
304,-0.0094567338410257,-0.016463341515825,0.0229873672881683,0.000597012319286109
305,-0.011000687254242,-0.0120726686824561,0.0217328961814734,-0.0150797501258598
306,-0.0254915281027647,-0.00156743737792791,-0.0264643797865639,0.0124638233692181
307,-0.0104362106268506,0.0153944223748461,0.041706036527364,0.00433945055925285
308,-0.0231723757986278,0.0264955646818569,0.0022050561493095,0.000423611217323823
309,-0.0219574655519428,0.0244271295245054,0.00243220804795054,0.000140571997172687
310,-0.0338223952074962,0.0254690512024634,-0.0232146554099516,0.0102607893846254
311,-0.0242378194683805,-0.00533468569691899,-0.0101092261503236,0.0147869181704361
312,-0.00829659843015557,-0.0228708530050804,0.00946078400340168,-0.00446665523703446
313,-0.0137912115275228,-0.0315484103198709,0.00225258848353099,0.0252891611671886
314,-0.0173270640877909,-0.0203555792565845,0.0223668657510145,0.0290681913811081
315,-0.0121597988431658,-0.0244621019032448,0.0170510050078956,0.00910483137184726
316,-0.00757867632842537,0.000550595542716608,0.0308474568620037,-0.00646524817408476
317,-0.0162729258441874,-0.0369892681974344,-0.00583609331764771,0.0303804171795048
318,-0.015674293127188,0.0102762923588821,0.0115829747608575,-0.0154389509577084
319,-0.0135715786365013,0.00863136066200401,0.0327151931875194,-0.0239746758671634
320,-0.0237982883545201,0.0228334602624901,-0.00695888417030202,0.000369906807026557
321,-0.01119281879031,0.00384018051626884,0.0310256729200631,-0.0186126199650199
322,-0.00662960687878045,-0.0223395915831689,0.00163319248877389,0.0146170457493596
323,-0.0112807027418122,0.00635206965268561,0.0272599510324211,-0.0244718699223396
324,-0.0204018884996883,0.025430182229797,0.0175865792382749,0.0118122773681757
325,-0.0147515958853853,-0.0430605620409432,-0.00848924764814032,0.00789650198285848
326,-0.0116480690553004,-0.0236559034003047,0.0110786031296515,0.00201171484579056
327,-0.00593271437523814,0.0016838114445702,0.0125169166822001,0.000681538446842928
328,-0.0241929807108659,-0.00378268623948319,-0.0124839415179063,0.021551180129482
329,-0.0159062272385326,0.0223501183649705,0.0279558203466499,-0.00637147867583408
330,-0.0219106624963876,0.0116123277332664,-0.0017799304234172,0.0270229865662798
331,-0.0144968794946146,0.000506929071759599,0.0260494216849492,0.00498872421190454
332,-0.0104845889679594,-0.032506791311597,0.0014856563531192,0.0175242844429758
333,-0.023263872187523,-0.00640183384615612,-0.0157747216011421,0.0160781174616268
334,-0.0086257256862368,-0.0115699337642444,0.020407869332943,-0.00521384906456008
335,-0.0218578192023692,0.0266731151251585,0.00286209803626875,-0.0015518859337851
336,-0.0231481217252422,-0.0111121164616985,-0.0137274289618992,0.0192223329371936
337,-0.0158224035864956,-0.0243620919132753,0.0133293764976722,0.0228280529869844
338,-0.0102231886508471,-0.0302391960639664,0.0173856822948133,0.0124426980513107
339,-0.0212781598099484,-0.0126995728450276,-0.00984102492060035,0.0222910726189217
340,-0.026161672620566,0.0260601700246565,-0.00644560421763958,0.00559393040741752
341,-0.0231290293863172,0.0163433590819076,-0.00692847350796138,0.0194300663217361
342,-0.0174571724559699,-0.01044587267535,0.00599546602371388,0.0289242689000599
343,-0.0152381892754881,-0.0201226950880176,0.00991292234477167,0.020152919466416
344,-0.0219603558301006,0.0240023047848241,0.00980583002272231,-0.00952930733569927
345,-0.012726457823492,-0.0109703317836361,0.0285637483249233,0.0155982282845033
346,-0.0108261761586217,0.00315190096766276,0.025736800193054,0.00504580368452036
347,-0.0299123616402907,0.0280522211662666,-0.0147781289156791,0.0125452170629365
348,-0.0261398081906199,0.00721181981505801,-0.0186916910426643,0.0134536178243288
349,-0.0158324923462775,8.07854952161579e-05,0.0254192244423699,0.0332601356431009
350,-0.00767607851257603,-0.0174352782986105,0.0198127493913729,0.0063183413616062
351,-0.011113316529167,0.00980476508765482,0.0310420961273195,0.0171594385068488
352,-0.0171875834981464,-0.001889713339608,0.0129769920879299,0.0366085796684227
353,-0.0205285900088585,0.00941818622170215,0.00437318936302267,0.0169858352184421
354,-0.0141079988168031,-0.0479725796135808,-0.0162122985757014,0.00580784586893599
355,-0.0290143767253452,0.025493322492418,-0.016405525919908,0.00670130657001692
356,-0.0125920283429985,-0.0185254916625753,0.0179402064507911,0.0191747817610432
357,-0.0136636014111127,0.00818024539180647,0.0274585958803228,-0.0232232814633269
358,-0.024065847306984,0.0224992351595145,-0.00824541049247227,-0.000776223267681606
359,-0.0226484839363137,0.0228163548859346,0.00761380406457684,0.00223815187237985
360,-0.0122749775451276,-0.0251247420603299,0.0187848521047992,0.0217513862055951
361,-0.018745930351294,0.0158016751602596,0.00789700087069178,7.20492526110589e-05
362,-0.0153652410009401,-0.00853227017458127,0.0194730902142484,0.0208640088157979
363,-0.0168940730996019,-0.00510488989174486,0.0107946636370722,0.0333406784468144
364,-0.0236564641509412,-0.00799368791988422,-0.0137670822311361,0.0152218627714676
365,-0.00835338467731403,0.000525754940064529,0.0282071524415637,0.00125343018787345
366,-0.0045084695974773,-0.0102183568158956,0.00860737071526417,0.00665779571574763
367,-0.0185444499231105,0.0164475849471321,0.0184449315912812,0.0118680249555645
368,-0.0255935575432851,0.0233239251830507,-0.00817635350557373,0.00751100405907147
369,-0.0131038351839736,-0.00430786055204616,0.0195341668010644,0.0287267183014881
370,-0.016457236863966,0.0207087882903333,0.0157965930096133,-0.00868540720618946
371,-0.0251744686650257,0.0258387854282316,-0.00266991303764613,0.00657358958486551
372,-0.0153761693811509,-0.00419901504292907,0.0118424373236506,0.0431253372985257
373,-0.0160837782208677,0.0143331807618183,0.0245987141501029,-0.00839405944322977
374,-0.0203918543188506,0.0168482247925615,0.0113467400601869,-0.000101793584430981
375,-0.00945878866943618,-0.00423540957510916,0.0304146452418262,-0.00469111622930972
376,-0.00418482230590255,-0.0153984340221762,0.00530477472353437,0.00390545750213215
377,-0.0086332415912072,-0.00824991029202145,0.0201499621404399,0.0035816284879172
378,-0.0119634200353105,0.0124774339177044,0.0334883023379276,-0.00217438191290852
379,-0.0161866475154416,-0.0248969104091259,0.0112146880953085,0.0328083838692352
380,-0.00901660403855929,-0.0260875583291175,0.00894282956928908,0.00588441904207821
381,-0.0123728007522433,-0.0270756907402278,0.0164365482425085,-0.0265136818646491
382,-0.0103783145067487,-0.0049716790176929,0.0293999046281144,0.0195110793782372
383,-0.0068563411780341,-0.0178403242652282,0.00736350246648656,-0.0152027666859436
384,-0.00732287550369319,0.0100368002149718,0.0288155320303403,-0.00368792790527302
385,-0.0082311852776352,-0.00529364431191401,0.0294683022448985,-0.00112053647959929
387,-0.00308750487100331,0.00148564807064506,0.0101925779311645,-0.0144200087686036
389,-0.000596372212188448,-0.000540841412627976,0.00164069173243782,-0.000152837846207469
391,-0.00177301835895174,0.000666843555016741,0.00836475290338259,0.00448512284837205
392,-0.00979546798857928,0.0225762386848967,0.0283962887219766,-0.0101481893071881
393,-0.00344697626220985,-0.0107703568109868,0.00447778368078801,0.00676637323168281
394,-0.0154587032269864,0.0152178818221782,0.0211023278054118,-0.0235603168479439
395,-0.0147134727754337,0.00219027843167951,0.0293212008488711,0.0200244263918187
396,-0.00933878122097069,0.00079916010248998,0.026769273927482,0.0186265477135242
397,-0.017498853662692,0.006341813573147,0.00775998388467733,-0.0114826184156157
398,-0.00530955459126184,-0.00905292802345159,0.0175321440590103,0.000100256303356937
399,-0.0197076789296868,-0.0173490674456339,-0.0143910627251259,0.0257878627954393
400,-0.0122922415233285,0.0042760829367056,0.0267311338126712,-0.00951708817002495
401,-0.0105907093352709,-0.00441466919602217,0.0312034243456784,0.00114078086530841
402,-0.0120345256842809,0.00639908011186965,0.024719283033226,0.0122038481628249
403,-0.010000020593949,0.000422494523047153,0.030308968481353,-0.00429141066841743
404,-0.016069194259805,-0.0265844121735756,0.00157449087743135,0.0229195590395451
405,-0.0078421076032377,-0.0105751176115243,0.0159021599964754,0.00781050660376043
406,-0.0106870405596703,0.00435708074886241,0.0225782253286527,0.00112727279903037
407,-0.0129824401376662,0.0184723634752485,0.0243116403087088,0.0041682809203052
408,-0.0154817131052699,-0.0165903706015453,0.020687131930711,-0.00630825944943794
409,-0.0117964488106056,-0.0139560825146733,0.0239549496727839,0.00668126240370134
410,-0.0139442079183466,0.0179881309387669,0.0379989802321539,0.000532649375623925
411,-0.0107814432789662,-0.00604605920249326,0.0269697435610443,0.00624159642162256
412,-0.0163125970502069,-0.0278121248685484,0.00233063692014765,0.0294221022178796
413,-0.0172980885962861,0.00932697557671495,0.0128691006958787,-0.0218442464202707
414,-0.0128342594084462,0.00438483876310988,0.0155543948513123,0.0180449805011369
415,-0.0233876040373926,-0.000827345247425606,-0.000854736067961032,0.036270645384709
416,-0.0107876965699189,-0.0062435683496484,0.0203906780407649,-0.0106128936986502
417,-0.00586379788894017,-0.00840888222712203,0.0163502490728404,0.00547294440571765
418,-0.022021097580529,0.00140676640392284,0.00474956024172944,0.028837574439953
419,-0.01558028264063,0.018599671848036,0.0137943164109952,0.00412748027301457
420,-0.00895807432927829,-0.00642072059262379,0.0284246001327753,0.0136905600125845
421,-0.0187953939733133,0.0254295280921899,0.0130941444644482,0.00214673336211899
422,-0.0146941736416782,0.0137330264256237,0.0172349164817447,-0.0167427246947798
423,-0.0127576971116256,0.00372935702470273,0.0300681020098985,0.0139570284303194
424,-0.00776274494494558,-0.00471255184400116,0.0236088430613355,0.00382644443621532
425,-0.0116363586365645,0.00907907107583287,0.0336099610581316,-0.00604791635843511
426,-0.00231995296490317,-0.00565019260268653,0.00266799712007242,-0.00137866545248056
427,-0.0264114310234693,0.0150080344611003,-0.0106478487162634,0.0158269354611795
428,-0.0253114045967307,0.0121507727621283,-0.00549016856373251,0.0123306840566546
429,-0.0171510633324108,0.0233547584732456,0.016767862294071,-0.00724625905736627
430,-0.0109257905266347,-0.0174862114765704,0.0103600268101517,-0.00828897798157488
431,-0.0099682516181698,-0.0156021253755968,0.0122292406825548,0.00651515682618846
432,-0.0129611878601633,-0.00357155308029054,0.0177561414749438,0.0096178830876851
433,-0.0239530064121207,-0.0159043273030252,-0.0243969107637495,0.0163856173780255
434,-0.00701262170271267,-0.0152991101245101,0.015574859604565,0.00856534238666891
435,-0.0188874596752608,-0.0204304741477306,-0.00433862796686001,0.0193093989661371
436,-0.0163263010822861,-0.014139515693473,0.0251710598997116,-0.000950864494258865
437,-0.014896306594099,0.00278587448094377,0.0317005787387352,0.023327474222451
438,-0.0164610720471751,-0.0113200641434257,0.00645109780423421,0.0181822547889556
439,-0.0105520625889505,-0.028867790827889,0.00787229923958983,0.0198895271179272
440,-0.011707137987179,-0.00538591896008675,0.039391305856395,0.0134228507622365
441,-0.0249681272404583,0.0215191040052594,-0.0081075419560061,0.016544063246779
442,-0.0140477544154092,0.00780870881649991,0.0167825057621733,0.010774964210688
443,-0.0186154927290226,-0.0261879028564874,0.00729908945838087,0.0261888228766094
444,-0.0302534683142379,0.0258374937864625,-0.01685285802472,0.00535036934832945
445,-0.0150063790281002,0.00603782578794666,0.0243117620191126,-0.0152891690680576
446,-0.0124175493709754,0.0126789328714883,0.0374154739654093,0.00271328443790762
447,-0.00648660815720493,-0.0046336058541053,0.0280014070936933,0.00438885532616154
448,-0.0146950998466817,-0.0268551975761273,0.00872479609651467,0.0206602582136696
449,-0.00777262001345684,-0.0047680887709331,0.0187665452265523,0.00426819868227389
450,-0.00855641544601792,-0.005761013766466,0.0298093613057583,0.0129021580844903
451,-0.0128879642622469,0.0196285249858034,0.0336718140887715,-0.00518377663070961
452,-0.0176914515366348,-0.00895344812494628,0.0117567162280403,0.0153192586293857
453,-0.0179357179266538,0.0193635186916943,0.00605204350290581,-0.00705475334882878
454,-0.012222297262408,-0.0154814916761048,0.0248150212616195,0.00841766759314003
455,-0.0185020565012481,-0.00325393578776682,0.00103022829384173,0.0244353247574543
456,-0.0127666450354145,-0.0121099765817008,0.0120093086927916,0.0366474071655815
457,-0.00593138303889856,-0.000210766224769332,0.0226386635667346,-0.00265679798256078
458,-0.024154912867396,0.00231567279902641,-0.0115370399855566,0.00754802302028724
459,-0.00824879728240223,-0.014121921595209,0.0258563809124698,0.00200442160882198
460,-0.0096265332891106,0.0066996889313191,0.0274834681655733,0.00518125734679658
461,-0.027600876034289,0.022813212502861,-0.0106546661676166,0.00467401447876542
462,-0.021275056299669,-0.0158630636200033,-0.00819574088629156,0.030283619433547
463,-0.0065714804153608,-0.0195856656420461,0.0179764025095034,0.00388074824346155
464,-0.0169272690846742,-0.0151286900603129,0.0110758525250394,0.034733250856032
465,-0.00708394573566182,-0.00386015507979773,0.0206291824005426,0.00412787131790244
466,-0.0126631968153842,0.0119031401691818,0.0375665807944716,-0.00335708364329419
467,-0.0272592359520479,0.0274011537571626,-0.00917370813733542,0.00104364232964111
468,-0.0206588440794624,0.00501622205682732,0.00753751288837483,0.0176835649223099
469,-0.0204659458636697,0.00074292163906336,0.0154850844103567,0.0186309399753599
470,-0.0133839627934125,-0.0305795611476485,0.0123370637935732,0.0241742765619093
471,-0.00713565385939872,-0.00306058096513606,0.0223416809789273,-0.00591575873192919
472,-0.0144464537864002,0.0157036482721371,0.0152225001837921,-0.00697645141811012
473,-0.00831844877145544,-0.00535450503250091,0.0327233118083601,0.00307838600427104
474,-0.00872442852687084,0.00678843096370493,0.035678526991351,-0.00812585798431585
475,-0.0105026266328832,-0.0268014629933502,0.0120077797852278,0.00923867022869356
476,-0.0104226891042157,-0.00350572964456457,0.0240535905586129,0.00327245690587565
477,-0.0181469150553003,0.0023895795244572,0.014421214026219,0.0233159170367966
478,-0.0169370949557965,0.00317454431878943,0.0214630553272562,0.0269195527971039
479,-0.0212800232812053,-0.0141161810704812,-0.00930878603225413,0.0293535730399833
480,-0.0228267240657557,0.0165676047457933,0.0131770569974167,0.010434271465153
481,-0.0183483280423893,0.018675370931052,0.0218066567741026,0.00543472169394489
482,-0.010098768612385,-0.0354832567964807,0.00166195516773947,-0.015015071410181
483,-0.00944075052407379,-0.0297085793897577,0.00525050547979677,-0.00389093082518687
484,-0.0271834081847585,0.00517051040050948,-0.0193946604324314,0.017754538010749
485,-0.00974992742472612,-0.00644119770212113,0.0176666852559947,0.0192185170407381
486,-0.00916746986753658,-0.00974480209911166,0.0251569471404104,0.00695997904666549
487,-0.022107595111364,0.0137183233233233,4.06815213506158e-05,0.0251165902057924
488,-0.0134041318551322,-0.0424299889047284,0.000881147091657661,0.0088842446648789
489,-0.00836526704505235,0.00775254980381735,0.0273844229937438,-0.00396158149503933
490,-0.00645534358034395,-0.0169869557450714,0.00763499144076891,0.00314125704707296
491,-0.0132857681401313,0.0208202343840603,0.0392447035539443,-0.012194765675636
492,-0.00898127081921929,-0.0136239703466634,0.0258573313605375,0.00796382447676821
493,-0.0141853186380086,-0.0339380280079744,-0.000878925168639433,0.0221547367229933
494,-0.0211308848693903,0.0100269692290043,0.0157496272357333,0.00910519847833816
495,-0.0257847699762775,0.00749742461145593,-0.0120679570032382,0.0279104081748807
496,-0.0220899390405389,-0.0119226258170728,-0.0197162128186962,0.0198871536134973
497,-0.00772515089292013,-0.00856627610324384,0.0244295794059028,0.0113297787080799
498,-0.0140618072758348,0.0224902638300991,0.0349680022706236,0.0107496125747696
499,-0.0143480297490073,0.011706137062042,0.0220811756974022,-0.0298751664024079
500,-0.0117939021445849,-0.011038121289434,0.0316977862137721,0.00153469889858485
501,-0.0213749434039188,0.0076821122204316,0.0117168665118328,0.0203071021512168
502,-0.0227708055817142,-0.0120783180518778,-0.0186463828513827,0.0230046376582361
503,-0.0144147593857278,0.00498085251337339,0.0254739681126824,0.0145151957900123
504,-0.0199781279647596,0.0215494883241739,0.0116296015560402,0.00826941451260075
505,-0.0113162552948321,-0.00918668600156509,0.0218322376171685,0.00967123485188067
506,-0.009510517712922,0.0162582459434484,0.0216694512369787,-0.0101249483361464
507,-0.015605058179622,0.0146073599169246,0.0219455618123207,0.00213812466479564
508,-0.0162872975865322,-0.0034903114147616,0.0305505585800542,0.0151593431968814
509,-0.0144354864464449,-0.0142558088272906,0.0312688875041416,-0.00491969205982902
510,-0.0165814654162483,-0.0290402029416525,-0.00252388207470527,0.0283611911229004
511,-0.0245221291522098,0.0207879094997064,-0.00421820518693883,0.0186087555849824
512,-0.00525540192702642,-0.0119071209836266,0.0122331843563182,0.00692393243650885
513,-0.00407758334244808,-0.0106573258768411,0.00899040953672849,0.00137218356468202
514,-0.0334344799668461,0.0204694639893303,-0.0262130083519924,0.00905243019222848
515,-0.0104027397955193,-0.0100107698687997,0.0267413934021276,0.00607518474950583
516,-0.0282126088741832,0.0110608802473888,-0.0195403262144691,0.0151192068219234
517,-0.000219775779270397,0.00138340541211561,-0.00114539571803108,0.00298810404823426
518,-0.0241099924032963,-0.00471063718628863,-0.0165386045811785,0.0149583355616983
519,-0.0188212660318154,0.00218795896661083,0.00114031216810692,-0.0120987155024359
520,-0.0132305458644972,0.00937084152244914,0.0280355568375153,-0.00903507632391371
521,-0.0208340398606786,-0.0155984321761866,-0.0118379239308804,0.0321763802548446
522,-0.0199155865993605,-0.0257792335548221,-0.0107288971503174,0.0285866181248785
523,-0.0113493056078768,-0.00743574605379872,0.0289690536504876,0.00766906504004856
524,-0.0150001782738123,-0.0126443949573505,0.0107942232128414,0.0199590338217558
525,-0.0221793419077197,-0.0115739493056923,-0.00892277454841626,0.0244432916302054
526,-0.0246902746056437,0.0117348798335472,-0.00947442819049389,0.0298135324454377
527,-0.0117070860328018,0.00653520740213084,0.0170456470118524,0.0132404685034989
528,-0.0310411537617607,0.0166134362074469,-0.0240787900150635,-0.010338647483455
529,-0.0115244971315063,0.00643692482246535,0.036573489871112,0.00268877291840858
530,-0.0222510341866942,0.0114503237556065,0.000225045891280357,0.0123545470304522
531,-0.0115314572996443,0.0167444837832352,0.0339480007777941,0.0079346759377264
532,-4.79780422137503e-05,-0.000532134489219196,-0.00117555168576469,-0.0013765399997433
533,-0.00885274533731457,0.0122371722540547,0.0199550707610202,-0.0160098627595091
534,-0.0114161498308821,0.0126988032865647,0.0387142147858524,-0.00305686600476853
535,-0.0106731910141906,0.0175085925226761,0.0353483654231412,-0.00214823416416969
536,-0.0169877692383322,-0.0386495191581634,-0.0228114506967247,0.00228511941657022
537,-0.0134933912493885,-0.00822795938111635,0.0262364581198684,0.0271163251663966
538,-0.0274806000844957,0.0155565120127042,-0.0217535048542203,-0.0101039870098698
539,-0.0195045354784518,0.0213453993467522,0.0135782083180498,0.00903542318217182
540,-0.0276841775813847,0.0319649073093533,-0.00584284764151497,0.00561006742003239
541,-0.00786475725390107,-0.00292411107261003,0.0144815798044421,0.00444603303276297
542,-0.0283423847933913,0.0201755051571593,-0.0121109272756798,0.00380903599947236
543,-0.0217844208351282,-0.0284103339900813,-0.0128560663333425,0.0113987576034702
544,-0.00103296177111406,-0.00665103245796035,-0.00122795118755792,-0.00275207095234237
545,-0.0124475594154793,-0.00158345695701084,0.0240435687737271,-0.0180936852134953
546,-0.00194016155819253,-0.00455951108691142,0.000412153228881347,-0.0026883411598263
547,-0.00560848058457735,-0.0121713908430418,0.007998284924764,0.00614835246749655
548,-0.00553078040335202,-0.00710712546015076,0.0158001295448421,-0.00279136654045392
549,-0.0212671057438635,-0.0175449430773439,-0.00846770003258523,0.0187087403246036
550,-0.00602074256330192,-0.0201672383293224,0.00125868482102718,0.000405531106235674
551,-0.0072085616529064,-0.0061647705240665,0.0251626912142103,0.00261345052598224
552,-0.0118319472834612,-0.012489795645938,0.0196971225148733,-0.0228917235374209
553,-0.00614451541275247,-0.0139719344274547,0.0099395799708448,0.00679340415322637
554,-0.00605697217002789,-0.0250543976690983,0.00844968191492193,0.00471329250253527
555,-0.012216800246365,-0.0301313190766784,0.00843742347766111,0.00140851686869817
556,-0.012286251400981,-0.00605996640481882,0.0294200517927615,0.00548689494978133
557,-0.00684492661314331,-0.0178622870285816,0.0052191683718027,0.0104272384547613
558,-0.00900221087828477,-0.0258452077246349,0.0173781518879554,0.024463584199103
559,-0.00133220073016242,-0.00274793453225924,0.00499447501090515,0.00150295167674774
560,-0.00818601547084416,-0.0190921617823959,-0.00274023862994443,0.0143899149574242
561,-0.0159029625530766,-0.0262173574617735,0.012339609105815,0.0327671223745846
562,-0.0127225469935666,-0.00213644247949298,0.0272488741136248,-0.00587705162672537
564,-0.00827103795598789,-0.00386250595217516,0.0352535435985443,0.00329618358211889
566,-0.000596372212188448,-0.000540841412627976,0.00164069173243782,-0.000152837846207469
567,-0.0130265842070761,-0.020128990239239,0.0133511062336572,0.0173486070090406
568,-0.0186780187718421,-0.0351876959581981,-0.00783365188176429,0.00727674414588752
569,-0.000582275190465924,-0.0010665934184906,0.00205506777942475,-0.00302787784847151
570,-0.00864452111090573,-0.0283182411482076,0.000813255969146443,-0.00187695825926086
572,-0.015972261386098,-0.00298705286622745,0.0118421472648323,-0.00212300908760654
573,-0.0201068180940539,0.0189147459217478,0.0076853637215803,0.0144197970866508
574,-0.0242348797832424,0.0208584824940729,-0.00602541551300037,0.0209946943730831
575,-0.0286296526066767,0.0219851203582432,-0.0196022390285053,0.00420560412359471
576,-0.0296121322529549,0.0277204130763982,-0.0142875315680229,-0.00282499565325632
577,-0.0292715805912584,0.0234972045068814,-0.0193779616770641,0.0102334627498225
578,-0.000310448131021465,0.00236081855696738,0.00317603305221789,-0.000469091905850495
579,-0.0255450216494327,0.0226829398888008,-0.00668590663076625,-0.00588292456765407
580,-0.0326990519711613,0.0239348056583803,-0.0238102512575354,0.00399377726734587
581,-0.0258673249956055,0.00142763354639532,-0.0163209613814969,-0.0102851164291104
582,-0.0293026485334872,0.0193323508396197,-0.0229566717263469,0.00801059891259412
583,-0.0238378845163965,-0.00121904652945158,-0.0100358596820905,-0.0211509506474571
584,-0.0245381309325218,0.0196050016301919,-0.00464464576235417,0.0265797636025781
585,-0.00327636393108628,-0.0131033797495058,-0.000855459271743285,0.00321023177520473
586,-0.0240698715036844,0.000807518305812813,-0.0102201487009286,-0.0420958904025836
587,-0.00838874981333086,-0.00901877836867325,0.0254029154060595,-0.00346537841939505
588,-0.000894558318282676,-0.000811262118941964,0.00246103759865673,-0.000229256769311205
589,-0.0124851676419307,-0.0364189319028821,-0.00848478568643026,-0.0118276611557794
590,-0.0105490669049321,-0.0164774198310114,0.0284490530910461,0.0158647766494444
591,-0.0158678081971826,-0.00202560462066438,0.0149994050083446,0.040178416712729
592,-0.00795727463389344,0.00508350010429224,0.0268795510279445,-0.0232454785294737
593,-7.79011884261936e-06,-4.10747113229501e-05,-0.00015652729171012,-1.65967364911412e-05
594,-0.031242297580185,0.0112639724154877,-0.0287987801345364,0.000465265932980024
595,-0.0109047705101153,-0.00421137684855595,0.0280507071863663,0.00487412744567413
596,-0.0225793153015634,0.0232048426926136,0.00267056121156759,-0.0166585403798684
597,-0.0113582757961314,0.0151018057845456,0.0231130131726681,-0.023687603835581
598,-0.00975496927264695,-0.0110152814867137,0.0232499341131828,0.00792866557664215
599,-0.0134240707797602,-0.0243343488267454,0.0139963534067505,0.0416729329586409
600,-0.00268294408093772,-0.00676281996966277,0.00446589572373766,0.00211581559780782
601,-0.0152699320656867,-0.0363565169426832,-0.0263314430778128,-0.0163741334063373
602,-0.0191351197680163,-0.00463296222620029,0.00681380975210559,-0.0109995062855844
603,-0.00662002864906425,-0.0216533875944936,0.0125081587956158,0.00109359373533436
604,-0.000811441160103751,0.000402985533726307,0.000226300997182471,0.00689939365937569
605,-0.0078137482229832,-0.00978882787494852,0.0167412804368169,0.0146179207818824
606,-0.0114079928906374,-0.0365339647907385,0.00445336925594933,-0.00713258630976297
607,-0.0010585333804371,-0.00172768337087558,-0.00191147993852594,0.00680464463412433
608,0.000347226117873143,0.000658866022587549,-0.00531684119967602,-0.000512283850967099
609,-0.00496225926135778,-0.00609052107415112,0.0172977480826532,-0.00453176505605058
610,-0.0174715954599435,-0.00934458578443442,0.0266849070926262,0.0186915737715296
611,-0.0241374748767596,0.0111298793674312,0.00191133311220545,0.0310575564834531
612,-0.000919062005357348,-0.00265813276770954,0.000997438331546916,0.005516067466271
613,-0.00875768863271164,-0.00845909788932398,0.0229449748882452,-0.00967705016009997
614,-0.00488808218077956,-0.0113092431362223,-0.00170867764575375,-0.00420390816392493
615,-0.00836350021852453,-0.0263274412447125,0.0133823544465787,0.000141506974217526
616,-0.000472292283095702,-0.000551040946399912,0.00120088272604797,0.0010652029896595
617,-0.0166514450124416,-0.0126427877396066,0.0247160932373133,0.0194088259187109
618,-0.011061525201883,0.00395858242360385,0.0300325442955103,0.000871026310275322
619,-0.00661414631034228,-0.013122574029562,0.0127421881684951,0.0122677953504666
620,-0.0107837915402483,-0.0243113509151926,0.017303370610309,0.00500512482428182
621,-0.00978852426316159,-0.0115858893101351,0.0289853788871386,0.0128834268811091
622,-0.00012763644970061,-0.000578123287586683,7.14791878008365e-05,-2.57464009856567e-05
623,-0.000242178746110743,-0.000119116985532268,0.00216091235481032,-0.00220330215588393
624,-0.00133014723144838,-0.000751759606114402,0.00176143037640087,-0.00253430041463845
625,-0.000596372212188448,-0.000540841412627976,0.00164069173243782,-0.000152837846207469
626,-0.00604778189298287,-0.0245319647554568,-0.00146778808994419,0.0158126903985857
627,-0.0232790698105963,0.0137698036393415,0.000463990339108211,0.015529493461555
628,-0.0238815124055544,0.025580371625818,-0.00443240970194956,0.00713288223718225
629,-0.00801171780971779,-0.0250640306806292,0.00983707049247131,-0.000641459430308046
630,-0.0141051823082484,-0.0222937737257455,0.0137451166220331,0.0349974232735046
631,-0.000596372212188448,-0.000540841412627976,0.00164069173243782,-0.000152837846207469
632,-0.00206726631425314,-0.00993917010341801,0.00366075166515785,0.00143930201258538
633,-0.0205370144021106,0.0235312599413139,0.00857716461735194,0.00108109731838263
634,-0.000124935044837095,0.000210523734876606,0.000205420557629584,-0.000504890818514911
635,-0.00774495057622267,-0.00699997431834388,0.0294188444416396,0.00189505490855292
636,-0.000237586293070759,0.00044132296543398,7.19260562878335e-05,0.000732230480017784
638,-0.00700971109069022,-0.0246889254368216,0.00621777573935936,-0.00856758974989688
639,-0.000596372212188448,-0.000540841412627976,0.00164069173243782,-0.000152837846207469
640,-0.0239560437871295,0.00733056183700038,-0.0145373032718628,-0.00896966190355327
641,-0.0138247109838197,0.00785302954881445,0.0316442062760999,0.0159947188488413
642,-0.017532356563502,-0.00509471334653695,0.0224107420949293,0.000701343014841605
643,-0.00355581713458321,-0.00511901784754237,0.0151506512118897,0.000590924072098957
644,-0.010658422201929,-0.0300796718365874,-0.00588640932785429,0.0122134290171526
645,-0.000596372212188448,-0.000540841412627976,0.00164069173243782,-0.000152837846207469
646,-0.00637405843329019,0.0146261866244966,0.0257228887555806,-0.00698373090893399
647,-0.0136395239166972,-0.0406512157445846,-0.0185002591884941,-0.0133801601719289
648,-0.00894493024804486,-0.0314075020832174,-0.00418297252879868,-0.00176220124858292
649,-0.0163650545503722,-0.0394803014888637,-0.0233438259426162,-0.00428312402848349
650,-0.0262400395991102,0.0180580418132162,-0.0131440361602658,-0.00817621965839887
651,-0.00119100826138408,-0.00221960658710914,0.00299122953923913,-0.00027118082257239
652,-0.0165998747805395,0.0167427442485425,0.00957051686276504,0.00354154254571298
653,-0.0179778360976746,0.00674923046607531,0.00196335557870952,-0.0304544964598656
654,-0.0279289951607714,-0.00169297113819027,-0.021709287142626,0.0179771911278757
655,-0.0013427184281498,-0.00270340610932215,0.000301513240277188,0.0014666711439911
656,-0.0112136152133528,-0.0247125979626021,0.00401698613241907,-0.039416958647647
657,-0.00622644953026938,-0.0147514781305292,-0.0039856073596231,-0.0127900732698211
658,-0.00166584079503518,-0.00466348837791986,0.00336980261812186,-0.0016634877888084
659,-0.000185108654826606,0.00048533315841747,0.000373692654158325,0.00027635602381731
660,-0.008558419327262,-0.0200836437592987,0.00537812743927255,0.0209137880171601
661,-0.00166221437989543,-0.00433571620178108,0.00364624754098875,-0.000691848901999724
662,-0.0113604077028686,0.0102885359886148,0.0220037576198,-0.00176947654381836
663,-0.000602213249408221,0.00140063102466422,0.00326604757569582,-0.00208936765079787
664,-0.01251419079121,-0.00895370559068498,0.0282592830410059,0.0316694979476628
665,-0.0072497211737808,0.015164144485781,0.0314096266552663,-0.0189013023334533
666,-0.0120167848328548,0.0166392789280169,0.0324123165346305,-0.00522564366390244
667,-0.0170013551269938,0.00402106379442435,0.0177283563495325,0.024498017271535
668,-0.00151600513360811,-0.00414851903186838,0.00466103302121257,-0.00342970294872198
669,-0.0111750903565371,-0.0128675461589544,0.0202674219041325,0.0156437429602522
670,-0.00215433501426943,-0.0064358795919289,0.00236454221636532,0.00147549247092819
671,-0.0162695841380421,-0.00859559750499421,0.0221812153287592,0.0166493683914514
673,-0.00768165634216832,-0.0341129293109616,0.00122425523839648,-0.0159074853735211
674,-0.00181074934570269,-0.00335333782739423,0.00052598758932787,0.00364304283988194
675,-0.00699437800616525,0.00500728604693462,0.028380705794593,-0.0098759757889901
676,-0.0107778614284847,-0.0251910892180984,0.00910706370434342,0.0112153197525314
677,-0.000180653666987574,-0.000615034272049107,0.000258392225278496,-0.000412704187389192
678,-0.0209427728832058,0.0122544446948533,-0.000582079981287927,0.00663701464395776
679,-0.0205774121696889,-0.000411279175403935,-0.000127165580270125,0.0253147799783441
680,-0.0135635182272495,-0.00984603259547712,0.0216949466288577,-0.0202026497104049
681,-0.00752235111097026,-0.00459754436518262,0.0316416565359833,-0.00175049686337905
682,-0.00975203580150383,-0.00960507909519287,0.0245273267239577,0.00133521840612679
683,-0.00019368344446775,-0.00178003820012107,-0.00258574344039923,0.00583228552622928
684,-0.0211202360062702,-0.0195981575370421,-0.00800535530849416,-0.00359636446333876
685,-0.0136803797852347,-0.0237944074501596,0.00962883315366622,0.0266407332476223
686,-0.00778747005562472,-0.00746207543210099,0.0200535529492106,-0.00888040205819654
688,-0.00896247404354797,-0.00388282699672734,0.0151275320320338,-0.0127949335523964
689,-0.014177684851929,0.0063144147315453,0.02376301843083,0.00477795645983967
690,-0.0309474604482647,0.00775731081454584,-0.0270931020570765,-0.00433362347107251
691,-0.00937982674835459,-0.0270016417621999,-0.0107826883929607,-0.00915577562921812
692,-0.0182776811860358,0.0185096542443426,0.0149707772559175,-0.0150335148482778
693,-0.0103931150447831,-0.00610953064608357,0.0321474251051435,0.00439096661404323
694,-0.00214397603092671,-0.00313683374388977,0.00730824528484063,0.0042585401890666
695,-0.0189209853241726,-0.0237862928715334,-0.0012706995623665,0.024053353328511
696,-0.00201733946239238,-0.00798187362467909,0.00259844166078901,-0.00405112972467011
697,-0.000317865013369017,-0.000890724907944486,0.00074171816817615,-8.37869326342935e-05
698,-0.0104234060667617,-0.0108935859653123,0.0208054889408659,0.0122523577681641
699,-0.00251251839388394,0.000460008325189156,0.0129386810413127,0.00116546667890765
700,-0.0245398913363082,0.0284814437104941,0.00381343623182619,0.0102235114192579
701,-0.00174232586127463,-0.00413294539873503,0.00805578853710707,-0.000660487608289616
702,-0.0137703885846772,-0.017357090053078,0.007886068422664,-0.0408997963653635
703,-0.0210045536099368,0.026062085653537,0.00434692171811521,0.00577347360587425
704,-0.0108563475603133,0.0150602497759684,0.0175719882024384,-0.0126320403339577
705,-0.0271424262944658,0.0188090915789797,-0.00289888956695197,-0.0186020711153636
706,-0.0114175540983795,0.012478957920283,0.0292789574499882,-0.00959322669177233
707,-0.0101000424902091,0.00341031128854017,0.0334782383481823,0.0056015288362926
708,-0.000378307243261072,-0.00204512899208606,0.00070340007006769,-0.00140067361841132
709,-0.032876675946222,0.0147781416269676,-0.0265124931259125,1.35503839947272e-05
710,-0.0110508173381924,-0.0253071666332913,-0.00989757016288918,-0.0287379036365806
711,-0.00715535376374724,-0.00275678321032733,0.0272948981374149,-0.00407509824294628
712,-0.0197825882265742,0.0207699092651917,0.00777232707873185,-0.0083791316672672
713,-0.000415261387569017,0.000149000266066079,-0.00314439836436282,-0.00375133302871385
714,-0.0311616149772633,0.0100139778174517,-0.027363061678906,-0.012366990659268
715,-0.00427018635435665,-0.0162898270191585,0.00202800718688715,-0.0114860215591447
716,-0.00864262674785395,-0.0227710934759876,0.014989809823587,0.015664000388391
717,-0.00356738777229271,-0.0049924598183137,0.0131237311812141,0.00202438886744552
718,-0.00271255945788938,-0.00850487025951752,0.00271726254599219,-0.0132069533497497
719,-0.000630594103695317,-0.00408189579665829,-0.00241008246546398,0.0011029055452513
720,-0.00159273778950296,-0.0040454990355886,0.0044797193529977,0.000498780920026371
721,-0.00127146005347607,-0.00356289963177794,0.0029668726727046,-0.000335147730537174
722,-0.0156115703993043,-0.0309947358239299,-0.0217437998047776,0.00255064914039382
723,-0.00950791563766135,-0.012493259710768,0.00438270750680563,0.00290533064996008
724,-0.0135135834682976,0.00527056416358945,0.0240536144950233,-0.00112917122852387
725,-0.010911835335159,0.00991885231623459,0.0230802412054036,0.0120385851231901
727,-0.0113660006638691,-0.0285023988609737,0.0138967145236169,0.0323350868600058
728,-0.0122366194901165,0.0055194735323056,0.0270119588274803,0.0168795984027074
729,-0.0128979301522526,-0.0307735945346445,0.0184680116309307,0.0125652745492638
730,-0.00521533250786694,-0.0143808712270318,0.0123299392403326,0.013866964241345
731,-0.00496704998520224,-0.0159199202340654,0.00616897009235636,0.0020148782874973
732,-0.00580500890055676,-0.00792384240958888,-0.00896421137172804,-0.0104139100244326
734,-0.00477904211682269,-0.0130094227564089,0.00868332113074153,-0.0168912375130908
735,-0.00198708114430501,-0.00726090067744533,0.00467128401923096,-0.000310200899433149
736,-0.0280743052667958,0.00824880109307377,-0.022209439338915,0.00657866508354454
737,-0.00959678793322663,-0.00884893228087986,0.0191316756743517,0.0152884716063003
738,-0.0236411148830427,0.0318602831983598,0.00314142300767646,0.00534886244583754
739,-0.0144297446190963,-0.0201652098698892,0.0182550003412128,0.0338104076311692
740,-0.0119194588128531,0.00501794453759531,0.0315859817219439,0.00806040649006926
741,-0.020571766874032,0.00485063368043377,0.000270425558333325,0.00258345155451047
742,-0.0149018473409739,0.00524831962421477,0.0186323511260553,0.00266985305541299
743,-0.0255057127135847,0.0229470806540672,-0.0115378972921695,-0.00813261421283155
744,-0.0161199378595038,0.0211519594812552,0.0286550045481241,0.006469789790061
745,-0.00224294022499373,-0.0062071210438805,0.001433644407417,0.00268308951440383
746,-0.0212612063450299,0.0229512415032114,-0.00158108859300963,0.00515131331665331
747,-0.000761059859186724,-0.00102652728957251,0.000334555558726882,-0.000671684343675347
748,-0.000200021785754441,0.00107975307269235,0.00161626284915464,-0.000330691617981463
749,-0.000723327945292414,-0.00078834353909333,-0.00254674706457863,0.00398313990161888
750,-0.00103009305072216,-0.00333988422373397,0.00247920787515105,-0.00318029306993056
751,-0.00192264143680187,-0.00882721572439484,-0.00388575008782599,-0.00527156536709093
752,-0.000596372212188448,-0.000540841412627976,0.00164069173243782,-0.000152837846207469
753,-0.0119667732179334,0.0132641582295805,0.036391553817512,0.00715523540844197
754,-0.0179025394361798,0.0154252257174624,0.0213790856510928,-0.0165350019106358
755,-0.0282874163019306,0.00276352569284692,-0.0259880759225386,0.006538121231057
756,-0.0141299042709527,-0.0162375615510677,0.0207527796065895,-0.000909757316714396
757,-0.0200708671802143,0.00730354065312208,0.0068242802105313,0.0298100721944358
758,-0.0121579782752897,-0.0324563097946413,0.0134493430158465,0.0300699834750956
759,-0.016318161728939,0.00875459989322839,0.0215108033589843,0.0158137786999074
760,-0.0194223932961178,0.0106079724059559,0.0190978377703581,0.0342434490322277
761,-0.0102308997286735,-0.0268960508354746,0.0171132163528538,0.00778650972194293
762,-0.00441697438940816,-0.0133272168362657,-0.00120085112244523,-0.00825763579289579
763,-0.010216806501056,-0.00120269335547628,0.0303838398751535,-0.0042448088910745
764,-0.0103478185715943,0.0134006324381272,0.0339735668472621,0.00184679107528482
765,-0.00631605897416775,0.00319110731902042,0.0186146170423084,-0.00635786072916362
766,-0.00407222815466809,-0.0068121803658454,0.00485353152490633,-0.000881957281752463
767,-0.00828242772169429,-0.0097223902684618,0.0271015945717637,0.00959025050488672
769,-0.00127816609453115,0.00106242796753881,0.00809116419115722,0.000245786440348212
770,-0.0115918108343376,-0.0116517490193708,0.0187779796040566,-0.000567067221198529
771,-0.00158858102021309,-0.00357567659572934,-0.00306943832580324,-0.00366857339050979
772,-0.000803510239669826,-0.00220610901579617,-0.000387892452189914,0.00179269233231984
773,-0.00169963419366038,-0.00658858621078738,-0.000116903509397219,-0.00263346144400641
774,-0.00924678461088236,-0.0285769835494855,-0.0141737231937833,-0.0139045284716238
776,-0.000362431720586672,-0.00158591199843273,0.00103266794546951,-0.00196829678393439
777,-0.0125296381088114,-0.0123518186936999,0.025569023980628,-0.00552704509984859
778,-0.0108881890234344,-0.00746262390037293,0.0204159336557429,-0.00861979947752973
779,-0.0170829416331898,0.00467317777643167,0.00834909007676591,0.0167206390771158
780,-0.00927869497682324,-0.0230651517534601,0.00609427532535915,0.017896367180103
781,-0.0224556138958406,0.0211385402571793,0.00504527026460141,0.0192602250683782
782,-0.00873174170680989,-0.000431747739199399,0.0311490615562193,0.00922181383246471
783,-0.000180653666987574,-0.000615034272049107,0.000258392225278496,-0.000412704187389192
784,-0.015481014534621,0.00908196055569449,0.0241684509765006,3.78191077938754e-05
785,-0.012878423265998,0.0180155522534708,0.0293564441500167,0.00976688778091638
786,-0.0194616241202285,-0.00945707819977262,0.00483312121645593,0.0190899089409059
787,-0.0225628755705785,-0.00749810214712183,-0.00924471118283644,0.0304497783880892
788,-0.0109775658053364,0.0171443485306179,0.024790776306845,0.00493525569879466
789,-0.00794280050310664,-0.00382652972548682,0.0335089782980929,-0.000538345315983822
790,-0.00720023898983008,-0.0227441756137824,0.00392027158328159,-0.0296794126851321
791,-0.0112519233639356,0.00789411580958801,0.0289394687732995,-0.0234307560671056
792,-0.000286629575331393,-0.000269472785156723,0.000433380412632274,-0.000311424934914431
793,-0.00339689363543209,-0.00804042266719062,0.00444741055524712,0.000404447151638089
794,-0.0112368940732796,-0.0354038789807431,0.00648758778749119,0.0151156540137987
795,-0.00231526165087675,-0.00426783236360376,0.00904251379244492,-0.00300672007285804
796,-0.0168842102507098,-0.0121174668497652,0.00828746623918864,0.0344813507645598
797,-0.0131421851224842,0.0165304519833311,0.0236481420612588,-0.0161923602215759
798,-0.0112443167874191,-0.0301677716039601,-0.00286765474649448,0.00282350064132297
799,-0.0142267158632308,-0.027569443058928,0.0110157410855451,0.0267507430251805
800,-0.0205850786708365,0.014179174334386,0.00296248431457679,0.0196008601941878
801,-0.00225146069274375,-0.00666398293195155,0.00290910695920621,-0.00282717615239238
802,-0.00395878665256605,-0.0168440116283163,0.00135473601915421,-0.00804975149625028
803,-0.0334874855686395,0.0184934454566386,-0.0264675323841467,-0.0050301557216822
804,-0.000596372212188448,-0.000540841412627976,0.00164069173243782,-0.000152837846207469
805,-0.00580511082664693,-0.00919714518965103,0.0115784497741501,-0.00251908581162762
806,-0.0198764761367639,0.0196718923585854,0.0183050085905324,-0.0109348233900819
807,-0.011081015667343,-0.0313654280259116,0.0106083555610563,0.0106712490592719
808,-0.00424664572800438,-0.0147592888756766,-0.00193248805855721,-0.000185875835615486
809,-0.00464464536547996,-0.0190026389471423,-0.000660172312787019,-0.01287506370084
811,-0.0269038591088189,0.008328789850057,-0.0169784923272139,0.00942957985789387
812,-0.00430707090414916,0.000563764255698435,0.0242594089188158,-0.00526265693641297
813,0.000457261610353074,0.0018219251426826,-0.00033170481670979,-0.00196620578423946
814,-0.010956836692427,-0.0174358053237674,0.016809821012461,0.0112267343064814
815,-0.00771440096292944,-0.00510113376628173,0.0262777753820416,-0.00125242252274307
816,-0.000487745970236671,-0.00187741909401633,-0.000940265609473214,-0.00261138080320131
817,-0.00285590348784903,-0.000646693285734142,0.0096926231797448,0.00376237868633809
818,-0.0100448605819787,0.000403194207354926,0.0375148453220779,0.018944682332564
819,-0.00622344438979343,0.00421530220975291,0.0187361481877735,-0.0102714136251224
820,-0.00821859762383684,-0.0201313460975268,0.00798323908787782,0.0131858306836984
821,-0.00102984637609617,-0.00262837653414921,0.00113055201127606,0.00225086737067807
822,-0.0140724098783688,0.0113560325830894,0.0273193461637161,-0.0152000101627453
823,-0.0123366426675323,0.0107066432208542,0.0140409277393211,-0.0186445684935809
824,-0.00953915256692452,-0.00593444164391165,0.0295984726191459,0.00225671879346798
825,-0.010531811158579,-0.00590364579360347,0.024399530127913,0.00726112342342766
827,-0.00946456848791754,-0.00804134235310652,0.0199091444393757,0.00054029608698488
828,-0.0101001228212006,0.01515199289374,0.039670081693614,-0.0042351550876108
829,-0.00110325443323709,-0.00274758033336642,0.00235931973750891,0.000680239229373504
830,-0.00806659183601507,-0.0114343003466202,0.020927804275197,-0.00934042691565875
831,-0.000546657821593179,0.000451093700105386,-0.00125258394086793,-0.000581624142525067
832,-0.0105969741845806,0.00985029987401252,0.0304115430221014,-0.0209270952402261
833,-0.0199976881016656,-0.0205812600622423,-0.000191313386296803,0.0282676185342522
834,-0.0165115845666914,-0.0169201875194581,0.0199950564610319,-0.00177763776568609
835,-0.000595504130692041,-0.00110980329355457,0.00149561476961957,-0.000135590411286195
836,-0.0129534377193629,-0.0298992110835087,0.00594789724161259,0.0132563574090676
837,-0.0187886534268884,-0.0154792915102197,-0.0082279205265187,-0.0256172421069901
838,-0.0274789999461724,-0.00561516043257737,-0.0291340028258262,-0.00152215132526926
839,-0.0291483866145971,0.00224292229372618,-0.0264739309362159,-0.00238010712584165
840,-0.0227381625776681,-0.0144489681576746,-0.0170945436885597,-0.00350183314936172
841,-0.017371924538685,-0.0293951810042064,-0.012100608649303,0.000210142219036214
842,-0.0278568128154705,0.00791265059269042,-0.0245961202203994,0.00533093651514405
843,-0.0300002734370864,0.00907799390304705,-0.0264943312739292,-0.00678472800523956
844,-0.0316407207622361,0.0102787115310191,-0.027321086341707,-0.00558316826549233
845,-0.0232619563720385,-0.0229225445789412,-0.0255159454787457,-0.00753847504093944
846,-0.0213961032227242,-0.0230005359538004,-0.0222035164300304,-0.0234007650014698
847,-0.015386934151255,-0.0447388424711686,-0.0107202480054852,-0.0142290080163199
848,-0.0318057942508318,0.0132677555653328,-0.0277700243772713,-0.00490737517716747
849,-0.0244633675301187,-0.0117385284669993,-0.0214467069639014,-0.0120269454014593
850,-0.0282316568430621,-0.000939078631618189,-0.0256415932292577,-0.0121820282744753
851,-0.0256614326436385,-0.0115978193923495,-0.0247166655716555,0.00434213952558835
852,-0.0318501584112792,0.010802209784427,-0.0291470505913595,-0.00204701770849778
853,-0.0307682914749269,0.0109025209530467,-0.026684665995552,-0.0100934153403226
854,-0.0285256951251887,0.00506530018977296,-0.0234928944012413,0.0135885585067929
855,-0.0241741702773897,-0.00896033013787341,-0.0163737353986074,0.0177773448980175
856,-0.0266929103814644,-0.00818340283623435,-0.0276574609251928,0.0114249395129638
857,-0.0156908347201228,-0.0238872732691805,0.0128607764825059,0.00297783088850879
858,-0.0204955998545971,-0.0227077575917451,-0.01782293140257,-0.0141850051950765
859,-0.0307903862347969,0.0123172349031791,-0.0251872329406297,-0.00532161420415569
860,-0.0296505760860488,0.015891352044945,-0.0254371858095615,0.00528869633472162
861,-0.019676838650444,-0.0251343501289685,-0.0111596745400372,-0.0175510164212808
862,-0.0271142445602735,-0.00889643044610768,-0.0268530727622692,-0.0172375328773443
863,-0.0297268897867459,0.00218678009494438,-0.0276694310130115,-0.0128321549601275
864,-0.0290069148579775,0.0121419088643074,-0.0268032816939827,-0.0189277838752006
865,-0.00593731358475441,-0.0112922250347565,0.00552208662334757,-0.00722804724709025
866,-0.0222083785451982,-0.0270481984962856,-0.0221951048697939,-0.0123499308453717
867,-0.0160447112774548,-0.0387276957390775,-0.000689462827052363,-0.0112838060599117
868,-0.0256119310524694,-0.0108525607406408,-0.0266232450971676,-0.0023345964441887
869,-0.0155341719574717,-0.0334253293317371,-0.00933385219395897,-0.0288212139615473
870,-0.0262116624409283,-0.0096860985638659,-0.0265036655036774,-0.015208133062152
871,-0.0219620645499153,-0.0218655276461277,-0.0248697159252965,-0.00436386105214347
872,-0.0225589442292455,-0.0141084337826757,-0.0131939990186875,0.0255919793999781
873,-0.0270721858969904,-0.00192646096270015,-0.0245757758838375,0.00633666442939529
874,-0.0250324613508427,0.00704834653062537,-0.0131543723128345,0.00480034676521143
875,-0.0128813367544692,-0.041664643545792,0.00157902193729556,-0.024871595090819
876,-0.0174394919038301,-0.0391176435404273,-0.0175023265687608,-0.0218302125677584
877,-0.0131958730712507,-0.0308520152854347,-0.0038866995762579,0.0168153679549414
878,-0.018697882346731,-0.0237000027953179,-0.0126025375214512,-0.00685182227423698
879,-0.00577305473286391,-0.0135114445376204,0.015736447391461,-0.00165445675670544
880,-0.0268843841805435,0.0091499944950201,-0.0140066001307113,-0.0256182784798184
881,-0.0196681599801771,-0.00628061756351591,0.0117749772091104,-0.0230461325098941
882,-0.0233255560182813,-0.0174892943004885,-0.0281561928922168,-0.0230687050314127
883,-0.0215433838499785,-0.0225245593109138,-0.0129637731188326,-0.00477734985615169
884,-0.0164388928241687,-0.0335622689265223,0.00249219751599255,-0.0108242310874006
885,-0.0210283991841977,-0.0311234796933854,-0.025486026910003,-0.00820577355458351
886,-0.0176321104445632,-0.0332306302495377,-0.00640339036858575,-0.0165375922110659
887,-0.0197120318362658,-0.0310543329436953,-0.0191619246393676,-0.0228034721369859
888,-0.0171414052401476,-0.0286582724252544,0.00404590009534484,-0.00164035678322352
889,-0.018945424674773,-0.0316345149301761,-0.0231067873736585,-0.0198266896454311
890,-0.0234221647441952,-0.0187246127034326,-0.0214035031885319,-0.0244149917227872
891,-0.0232994167246689,-0.0221159683491639,-0.0223330241205,-0.015348529636638
892,-0.0224841900445855,-0.00132453702173689,-0.00988375903256648,-0.0183472836249842
893,-0.0303245973502254,0.0076416129916296,-0.0244806104396151,0.0019289989525041
894,-0.0264369509398262,-0.0106835227860241,-0.0231765764718106,-0.00283770382438446
895,-0.0243246714183392,-0.0131666789463974,-0.0222760551095055,-0.0182119833811675
896,-0.0114515149284195,-0.0323975212249308,-0.00249235117827922,-0.000814042508633279
897,-0.0108911407832867,-0.0180752522566586,6.23593211674412e-05,-0.0010155229566368
898,-0.00457181664893692,-0.0195888367531469,0.00406243991184042,-0.0152394693261548
899,-0.013106321749548,-0.0381180590174745,-0.00173502122076983,-0.0162607865717756
900,-0.00710847222830177,-0.0191878956056452,0.00821653693837808,-0.0206052926057327
901,-0.00812833403795266,-0.0172471429827666,0.00993705816761809,-0.0140719413978382
902,-0.0044295892159297,-0.0107672903556704,0.0107054236810845,-0.01150838711207
903,-0.0142667919113394,-0.0269818693134881,0.00350063855897447,-0.0147581544984046
904,-0.0132640166423638,-0.015917066869288,0.0161494108671628,-0.0303019851500551
905,-0.0238126488932738,-0.013073682106319,-0.0210576559843975,-0.0186654425895454
906,-0.00282560840969679,-0.00796381428007385,0.00428244481067262,-0.00132264921519641
907,-0.00769930815874869,-0.0110769166149511,0.00393210240892775,-0.0294787204903246
908,-0.0229343689119287,0.00718274715760722,-0.00805859013527202,-0.032838818161091
909,-0.0307827864468209,0.0118701145421347,-0.0294086643608414,-0.00464676585337167
910,-0.00972398497670015,-0.0326483354820581,0.00918964769321817,-0.00967410425870468
911,-0.0220310998742349,-0.0216542240562513,-0.0167492366774664,-0.00140068378292235
912,-0.00242788952527931,-0.00616427223225074,-0.000382495611930006,-0.000509793117054771
913,-0.0161830014293462,-0.035675726386166,-0.00981259993691765,-0.023165691144561
914,-0.00573634470897518,-0.0207530078013197,0.00342848160633561,-0.0124104023098787
915,-0.000599886772857318,-0.000171124418966931,0.000462436398400484,-0.0015665114287735
916,-0.0147657555984518,-0.0254152983908026,0.00348427968763554,-0.00168623206948367
917,-0.000675383507550525,0.00061636645586474,0.00177623489881962,0.000186553949202119
918,-0.0139614410299325,-0.0485655172362707,-0.0152615869598445,-0.0296587225111789
919,-0.0028682232455124,-0.00278356491859899,0.00791365896198693,0.000203270329260349
920,-0.00196934257103906,-0.00147341570066553,0.0112615514907625,0.00226592300514496
921,-0.0155579479835831,-0.0359223922131868,-0.00184020950899847,-0.0116943732444957
922,-0.00791611226529818,-0.0150629249306379,0.0211179028156272,0.00501252058209183
923,-0.00247042306328118,-0.00831542376143683,-0.00017594580560544,0.00992257996418142
924,-0.0236046592277972,-0.00221128945091329,-0.0109198053069464,0.0119275742357908
925,-0.00741899741419268,-0.0145448636279131,0.0138615143632211,0.0116055434298572
926,-0.0130175889175994,-0.0266423371316306,0.0188608463880077,0.018643662463443
927,-0.000708663656639188,-0.000755603073260237,-0.000164932045882175,-0.00112141300717624
928,-0.00863683548003998,0.00728426055433834,0.0327545692439943,-0.00353182358103469
929,-0.0196539690382154,-0.00304787637707849,0.0117401465897907,0.0261209920821626
930,-0.00627475930854376,-0.00652273036579394,0.0142375968193471,0.00855781694099524
931,-0.00354713897455734,-0.0082280037750512,0.00990168141530325,-0.000151261475686042
932,-0.0245867943557322,-0.0113643673056476,-0.0209013808667435,0.0209963615578972
933,-0.0148346194726347,0.0192977528224423,0.0279911341248684,-0.0121441696149465
934,-0.00862330575208795,-0.0259416811459362,0.0131323630531115,0.0094997586325794
935,-0.0131298440416273,0.000638881561419828,0.0344976557880565,0.0170878639094379
936,-0.0190722897353967,0.0079293080232855,0.0157197201396212,0.00907879052599608
937,-0.00664063714047437,-0.012436154021556,0.0170613977320286,0.0106607828422744
938,-0.00315921844724435,-0.0123561959191936,0.00467305145616965,0.00672756120288661
939,-0.0123458080640661,-0.00373764147908948,0.0302745398483494,0.0265958248335436
940,-0.01063825933808,0.0147361859949169,0.0354121164745402,0.00548179661009188
941,-0.00991610396648902,0.00048887557459269,0.0308721201467477,-0.0032169765988508
942,-0.0130757263167001,-0.00739668534705775,0.0232334658263178,0.028834213708681
943,-0.0156125592380757,0.000434818169008658,0.0148248805750579,-0.0227602828892414
944,-0.0163292975040826,-0.00942796280732154,0.0157166433373826,-0.0179365455424786
945,-0.0178440256687558,0.00514097654400286,0.00807883562343056,-0.025926447682633
946,-0.015029557661144,-0.0103182058625264,0.0192980612760288,-0.00923430503385592
947,-0.0120244144473416,-0.00758472426992048,0.0195206737874975,-0.024947218705561
948,-0.0221127712418615,-0.00691552427005799,-0.000585729672145127,-0.00248025461355054
949,-0.0181198343029308,-0.0156234157119282,0.00683898025563669,0.00447885221083371
950,-0.0147150055849754,-0.0284094798277424,0.00452185484002101,0.000932183326054951
951,-0.0190359196151233,0.00974717760805099,0.0144824234436934,0.000264538526013678
952,-0.0152124274725176,-0.0136774792350565,0.0140769540897248,-0.0134440315062079
953,-0.0201303012959055,0.00257903189231287,0.00917714923759064,-0.0199153346387534
954,-0.0134716997804126,-0.0204032300518774,0.0201565608705061,-0.00344575350522054
955,-0.0249704671643735,0.0110118488256327,-0.0116005513751118,-0.020497691697256
956,-0.0170490361729823,0.00177615730757815,0.0174602599675323,0.0199770582793058
957,-0.0133134063491582,0.00590478549295409,0.0246154596970946,0.00702103544650044
958,-0.0244331249214994,-0.000905130105035426,-0.0109087209719545,-0.0108104828004766
959,-0.0217050968928781,-0.0162465858096358,-0.000218335432370779,-0.0271679341325013
960,-0.0141068376538209,-0.0197800328724852,0.0168201138313164,-0.03616705121217
961,-0.019513900839346,-0.000246041498401845,0.0135432494463109,-0.0231643381293587
962,-0.00368929766582421,-0.0127261329591355,0.00463724273227038,0.00453745624824167
963,-0.0175742299706749,0.00468147906074037,0.0117499497066167,0.0268768677012362
964,-0.0281465858597729,0.0123747594488734,-0.018952356770155,-0.000145427533385862
965,-0.0236760040572334,-0.000990322580297728,-0.00759369190061466,-0.0155055720932999
966,-0.0160409003496425,-0.00215327607287378,0.0143144615537653,-0.00713179463905729
967,-0.020751246250305,0.00381135790886991,0.00415030780866212,-0.0127109024060477
968,-0.0243978414552617,0.00341584916740607,-0.0116097242891858,-0.0208904647205156
969,-0.0188838364390386,0.0012115352385216,0.012759577098505,-0.0201516150751139
970,-0.0217276399598628,-0.0104798642375697,0.00305591830325441,0.0196904645038785
971,-0.0288402741822102,0.0127632473601523,-0.0201205603525915,0.0122115294116683
972,-0.0298269477966963,0.0283206685996779,-0.0105105311604978,-0.00266809795118145
973,-0.0161577792122399,0.0216940501238996,0.0135409488916454,-0.00549570620297565
974,-0.00307263114388875,-0.00754143660524367,0.00410353464523746,0.00507390153036066
975,-0.000370872321510221,-0.00272948487350045,-0.00257043449728565,-0.000193452349086715
976,-0.00144272275693122,-0.00502835141927111,0.00307774352708757,0.000164745698258278
977,-0.0226777707366309,-0.0187808799365437,-0.0271921369363151,0.015655615870484
978,-0.0217996961456369,0.00651323657572507,-0.000290480830609544,0.0175515910923481
979,-0.0109870798560577,-0.00767642047011955,0.0239517870899514,0.0331460922875415
980,-0.00997853216950069,-0.0197512190752874,0.0135749646985101,0.015413912114225
981,-0.0172580430719615,-0.0357985193613141,-0.00475925987112186,0.0199188645937559
982,-0.0202629676806151,0.0223444290876077,0.0195915723578939,0.00552600786502497
983,-0.0199611971224392,0.0239476581516499,0.0155373457727371,0.00522183233354636
984,-0.020010373994463,-0.0216989054105219,-0.000604372173513077,0.00865632604096689
985,-0.0134796997950265,-0.0257454852242582,0.016726616721201,0.0282841041828154
986,-0.00877127659382373,-0.0154785300748647,0.0151615164987927,-0.00299425238997973
987,-0.0143646274632358,-0.0260585047994441,0.00447592951517918,0.0232114087078063
988,-0.00640504221073878,-0.00447634646484136,0.0216127861832675,-0.0020891215766876
989,-0.0122431355213183,-0.0269758193948686,0.00713889224524988,0.024136698246862
990,-0.0173041062603565,-0.0262012447224891,-0.00159302734185399,0.0296341465839184
991,-0.00372881140846905,-0.00988250532031621,0.00120335412393273,0.0113342464722724
992,-0.0219709064670219,0.00433394680124269,-0.00569273246395796,0.0215731051341263
993,-0.0290203326930349,0.0189441408423691,-0.0176366441918785,0.0129758494483442
994,-0.0220306407334392,0.0092595176232628,0.00275163637189436,0.0300157696827275
996,-0.00930631362021377,-0.0218080848738057,0.0135252139465035,0.0123562251589335
997,-0.016558183178606,0.00246568226441806,0.0157552825798976,-0.0087631435782477
998,-0.0219943546880398,-0.0261958968070726,-0.0244451249417935,-0.00111634918951026
999,-0.00938135655635573,-0.0243115521774981,0.00583756748738945,-0.0238812727627464
1000,-0.0108424893844648,-0.0256434212798662,-0.0012953871222903,-0.032202888471294
1001,-0.0180150098066678,-0.0238177258436507,-0.0167927609136836,-0.0407187508155328
1002,-0.000879334368529874,-0.0050537144678948,-0.000994488096766624,-0.00395105947769449
1003,-0.000226664784572997,-0.0018771282272288,-0.00546236033801617,-0.000929931349165403
1004,-0.027669861095651,0.0128004065677995,-0.0189351068647471,-0.010673100459937
1005,-0.00817260814720054,-0.0246247206381536,0.00122932344437354,-0.0285772204860583
1006,-0.0272364314309403,0.00624347806081877,-0.0258256141595356,-0.0165151628398183
1007,-0.0218976704819743,-0.0125646319622579,-0.0154342499197851,-0.0177472233414947
1008,-0.0293864395624254,0.0156758078820926,-0.0227667246191542,-0.00059705392529127
1009,-0.0280712350822324,0.0101574226732623,-0.0199932484434034,-0.0121419848987546
1010,-0.0219100535011479,-0.0102042755391794,-0.0135219062406706,-0.00734669897164705
1011,-0.0167852019716917,-0.0312718625630998,-0.0036565007086469,-0.00887407826349494
1012,-0.0187748784473349,-0.0064455208124845,0.00817353906764141,-0.0202024216280859
1013,-0.027775539409242,0.00347380004639481,-0.021717755020248,-0.0075342361753427
1014,-0.0202387786619508,-0.00857136429740182,0.000369787206768035,-0.0184911032258563
1015,-0.0269877766263268,-0.000247800815525587,-0.0251221039038094,-0.00731177828345333
1016,-0.00597802180305711,-0.00962479412190202,0.0079652382707024,0.00703327764121175
1017,-0.0232811631281095,0.0164008317028103,-0.00742909587536301,0.0303631605104431
1018,-0.0307132201039491,0.0167443900133879,-0.0206059834006827,0.00128246726623721
1019,-0.0304592030826502,0.0192372535499482,-0.0215024713275594,0.000441933324644986
1020,-0.0153590351857212,0.00973229675630702,0.0173659635570666,0.00325634570491421
1021,-0.0255152444469055,0.0239627092295765,-0.00832421881857956,0.00909899627560169
1022,-0.0251341782205764,0.0214985974902089,-0.0124350041953102,0.00168433389260377
1023,-0.0251641701527117,-0.00194305854238219,-0.0247123308235947,0.0116693258623373
1024,-0.0254898221563738,-0.00550417512032322,-0.0227043594571164,0.00844949605100148
1025,-0.0213263855932447,-0.0253512927747747,-0.0161932230617538,0.021328239594703
1026,-0.0296080405490883,0.0189189298370907,-0.0198240195572276,0.00368104747213726
1027,-0.00123208366569007,0.000926542111394849,0.00359824128036204,0.000441377411144024
1028,-0.0220725718618901,-0.0223048474652122,-0.0105414542263485,-0.00635233339472235
1029,-0.0149418724820691,0.0214103193116018,0.0238150953367077,0.0110655155914547
1030,-0.0264318923144924,0.0304700363229669,-0.00692496712679426,0.0165918694939407
1031,-0.000918199350651768,0.000257455835648042,0.00470701996195275,0.000436255724814727
1032,-0.0234065925690882,-0.0128074433992014,-0.0170771935905135,0.000529017902671171
1033,-0.0258667369511392,-0.0111593472089742,-0.027813169855766,-0.0067514802737692
1034,-0.00574192072389586,-0.00420213523247406,0.0253573372067331,-0.0150032520808101
1035,-0.000155138806694469,0.000981433416458323,4.88956855830413e-06,0.000501405816850492
1036,-0.0183321211032209,-0.0383156187633297,-0.0123903151351207,0.0020927839011002
1037,-0.0101104191236651,-0.0224425587874978,0.0170613987037808,0.000662765361066907
1038,-0.0106311120979888,-0.00711453926571471,0.0269595119777339,0.0118874834799754
1039,-0.00736360161414651,-0.0114601972004034,0.0190355245093427,0.00909154014352293
1040,-0.000298186106094224,-0.000270420706313988,0.000820345866218911,-7.64189231037346e-05
1041,-0.00686548880916048,-0.022729760770486,0.00624732842896697,0.00359956420945344
1042,-0.00713804010732941,-0.0170719300086944,0.000680977867394443,0.0131969448104019
1043,-0.000596372212188448,-0.000540841412627976,0.00164069173243782,-0.000152837846207469
1044,-0.0100966377156805,-0.0201203724796733,0.0146635599503017,0.0221149444728193
1045,-0.0202740537499657,-0.00913322962514273,0.00441244417056731,0.0206805774169776
1046,-0.00585237163505541,-0.00897199721608627,0.0167892590038647,-0.00149492122420718
1047,-0.0105603757898841,-0.0277030514422236,-0.000381782810295772,-0.00863128755558385
1048,-0.0231024336677978,-0.00557960050727541,-0.0119359080044938,0.0225772535245709
1049,-0.0230537201076916,0.000230958834640168,-0.00512180467879864,-0.016580395654277
1050,-0.0129425370352643,0.0126469956427388,0.0180761993949237,-0.00427679195175712
1051,-0.0267212426821489,0.0255457841541827,-0.0118433062314235,0.000255966780516398
1052,-0.0119686983237945,-0.0041988401010178,0.0236446311381806,-0.0347796329070919
1053,-0.0230476025417521,0.0191981805807499,-0.00150917647676655,-0.0163815953913945
1054,-0.0152562595548438,-0.00152281508152423,0.017579140676951,-0.0391407342947357
1055,-0.0208231193649967,-0.0355836818064172,-0.0168529709531675,0.00127198166342386
1056,-0.0220534201568709,-0.0281429533473439,-0.0199766025089634,0.00344881482562873
1057,-0.000247764863181745,-0.000747016579658552,0.000277017635464436,-0.00024949473215839
1058,-0.000577346722986191,-0.00117595936892862,0.000509148449397713,0.000865783560097076
1059,-0.0185226509193046,0.000742484132188888,0.00582839195067764,-0.00126820254690855
1060,-0.031655467085923,0.0190889077923696,-0.0221578524457411,-0.0111943574850091
1061,-0.00502816278752466,-0.0127960226242232,0.010062765540111,-0.00858066940633855
1062,-0.00142534108999388,-0.00666783563924949,0.000759671588512399,0.000489277319892045
1063,-0.000319035055601503,-0.00025135662823462,0.000790504554780797,-1.64516735564587e-05
1064,-0.00866273327623453,-0.0172727768668584,0.00330030058352792,-0.00956914556380912
1065,-0.00111235013794851,7.47174628622696e-05,0.00117127924215784,-0.00134522480651386
1066,-0.0281228856984493,-0.00503743135198691,-0.0233180916944764,0.0015782890862368
1067,-0.0329988301466641,0.0157883874346829,-0.0288100812982,-0.00224174452063465
1068,-0.00195811102992155,-0.00595071471956517,0.003383227068442,-0.00142782282190901
1069,-0.018299842014381,-0.031830553271914,-0.0158619353563956,-0.00898943057070663
1070,-0.00995500685461947,-0.0289061720205266,0.0107787674960895,-0.0250127660661826
1071,-0.00821901856198807,-0.0218771453156054,-0.00721470327439551,-0.0297848831503635
1072,-0.0034632116039775,-0.00305193184683385,0.00665991150427306,-0.0206105621035595
1073,-0.00647517689253866,-0.017483483585993,-0.00228815411117786,-0.0210444110497213
1074,-0.00138655817827542,-0.00352499385314029,0.00438116720375532,-0.00197211474337833
1075,-0.0164267927276044,-0.0381924130372955,-0.00664608189691137,-0.0117720435561232
1076,-0.0154730149563122,-0.0401094677746402,-0.00933866244852062,-0.0169825473580714
1077,-0.00671934705169437,-0.00816975932925222,-0.0079494212164521,0.00942145944342535
1078,-0.00248946436123946,-0.0111088408205786,-0.00182946536518725,-0.00535777864008079
1080,-0.0118547515433184,-0.00589009095700881,0.0281429048174835,0.00925693274116447
1081,-0.0038129926917748,-0.0056587989293564,0.0147511976837993,-0.010712861737804
1082,-0.00890328839910398,-0.0237479314120094,-0.00275415698696732,-0.000530240837368732
1083,-0.00259022552060072,0.00435054067430217,0.0118223406881983,0.00211980642940729
1084,-0.0247218320198355,-0.000375189577319461,-0.0202218053586714,0.0104432317594606
1085,-0.0278808691229399,-0.00124509708481653,-0.0255463886921438,0.0118326308809356
1086,-0.0164761436173555,-0.0224917350740912,-0.00416916527235792,-0.0118369964342445
1087,-0.00174498742216228,-0.00524784582931461,-0.00449118250322505,-0.00491904072161025
1088,-0.0273786533417205,0.0026832950464672,-0.0293721986343637,-0.00614834774280355
1089,-0.0167277552791686,-0.03985941982064,-0.0194187242185022,0.0171502646049018
1090,-0.0172046576651611,-0.0329154294814997,-0.00152204930330614,0.033345025769825
1091,-0.0248406933426735,-0.0170101190952869,-0.0247248612385896,-0.020264664350861
1092,-0.0271450731997862,0.00810481037645303,-0.0252985837125184,-0.00146239091158239
1093,-0.0136819530874206,-0.0311882752502024,0.00577153683656835,0.0101855405191457
1094,-0.00458638563137096,-0.00257803767130692,0.0164171064561058,-0.0079506639177621
1095,-0.0252115320734498,0.00338209441778201,-0.0250065498525316,0.0156282929164532
1096,-0.0166916160949462,-0.0301114713144934,0.00387692634485904,0.00606779400119991
1097,-0.0226652154117898,-0.0192646139651811,-0.021940899685796,0.00876740909406103
1098,-0.021982104574329,-0.0127550017612277,-0.0206978735846636,0.00406807654664812
1099,-0.0167447322944973,-0.0268307817724525,0.00524479110754076,0.0198979161014856
1100,-0.0261002646990708,-0.00226305498962234,-0.0239263202642613,0.0147923349515842
1101,-0.0218122116429858,-0.0241422778398406,-0.0234532972793726,-0.0198246190283005
1102,-0.0146206723434676,-0.0316710344766028,0.0107100100717464,0.0202672150395526
1103,-0.0164664453011008,-0.0148836659005081,0.00173220177355876,0.0126870376687366
1104,-0.0180999800179475,-0.0351648055107635,-0.0110121170606245,0.00853124509183136
1105,-0.0325299689813975,0.0159272846367321,-0.0274675369848713,-0.000269161414577074
1106,-0.0196486736800995,0.00196425205965357,0.00995063754278004,-0.0295049305189722
1107,-0.0315100832996426,0.0231195323177715,-0.018234704870113,-0.00506486481526564
1108,-0.0320210024228414,0.0217771239035011,-0.0235145277935397,0.00149834407291308
1109,-0.0330327619888661,0.0239323360004687,-0.0195962601915824,-0.00447679409714287
1110,-0.0285777641208752,0.00929389531976408,-0.0274059986129702,-0.0142699565924171
1111,-0.0292363070728865,0.0218752174299224,-0.0143067122749147,-0.0146056340041158
1112,-0.0289895181533877,0.0181914055883151,-0.0162875198930349,-0.0191521369588331
1113,-0.0114698433020405,-0.0437612922031934,0.000484264257214173,-0.0225382271582518
1114,-0.0309911865805062,0.0126870948525395,-0.0243815403059295,-0.00282940727843657
1115,-0.0316696619919888,0.0142534953863191,-0.0270936466623219,-0.00610801705852656
1116,-0.0182139644669888,0.0226988002871975,0.0243300843240046,-0.0289804614223079
1117,-0.0286658965049732,0.00885118812110903,-0.0268174556854657,-0.0185553732611879
1118,-0.0307099498948662,0.00454323645977222,-0.0271711242592782,-0.00281188911077924
1119,-0.031253232012356,0.0156923737380124,-0.025231103120456,-0.00665925522702261
1120,-0.0212330166544387,-0.00636058797888495,-0.0030469983832169,-0.0457661257124946
1121,-0.0296012551523349,0.0265148931231894,-0.0138139242167567,-0.000945151282061777
1122,-0.0208747351155484,-0.027485779093716,-0.0209262623474447,-0.000113400273009169
1123,-0.0273459470443383,-0.00516342034126829,-0.0263647929497492,-0.0194291976123985
1124,-0.0320345275562466,0.0202662400456037,-0.0249221951895213,-0.000467133467640189
1125,-0.0295637342999211,0.0189203249722568,-0.0173635726637554,-0.0166524080963612
1126,-0.0266432736418777,0.0227834467614327,-0.0114273763380178,-0.0129312509749574
1127,-0.0176923885320067,-0.00817312549306346,0.0202080757816005,0.00266754294378367
1128,-0.0246104691788823,-0.0152576139987883,-0.0233012862680874,-0.0167979744501094
1129,-0.0271965658922869,0.019452418515121,0.00464588525754897,-0.0301747519847975
1130,-0.0298028628951961,0.0106857511989187,-0.0236574889944501,-0.0178638289369948
1131,-0.0285418500446528,0.0204098574345439,-0.0176650919299833,-0.0139607240146993
1132,-0.0320309053314264,0.0160424039663506,-0.0244594600837839,-0.00710395416860262
1133,-0.0306567892570617,0.0192104479548708,-0.0233252563036488,-0.0025143902987119
1134,-0.0305253810985494,0.0065377640859721,-0.0296943837348524,-0.0045484905284541
1135,-0.029122554714469,0.00445187247076102,-0.0226615867322294,-0.0054074949130819
1136,-0.0303212941297109,0.010722941539078,-0.0259903572024999,0.00166484475084154
1137,-0.0241295491552755,-0.00876192679590004,-0.0106655651858222,-0.0233105664387254
1138,-0.0237114942409746,-0.00263863820101602,-0.00723615253753638,-0.00972377506387633
1139,-0.0280561704978967,0.0018377030826244,-0.0251414922660729,-0.0102718433369868
1140,-0.0280174740256292,0.00113116295728224,-0.0302376169681923,-0.00508709922991017
1141,-0.0295026102478753,0.014852774778329,-0.0230220371689533,0.00324534185232481
1142,-0.012397659675562,-0.0223979474103044,-0.00259998086453865,-0.043252149910034
1143,-0.031924823579927,0.0165114032433956,-0.0242693093070002,-0.0025294324814513
1144,-0.0318074952194645,0.0178332714929986,-0.0247846904877105,0.000743689624685307
1145,-0.0270403577485171,-0.00262777442073476,-0.0240147439457312,-0.00398991967034211
1146,-0.0163453718677751,-0.0418115493310369,-0.00227923040868725,0.0207035822571995
1147,-0.0234854486312253,-0.018882159642749,-0.0270336984086136,-0.0195114419554811
1148,-0.0221081717826006,-0.0213350843423647,-0.0222949092381592,-0.00271964800596949
1149,-0.029783333568541,0.0233479217963846,-0.0144668980665392,-0.00927484648273928
1150,-0.013456398640724,-0.011704202093701,0.0226455772748215,-0.0328195296155111
1151,-0.0314615065254729,0.0237780628458466,-0.0215304224882033,0.00500406041162061
1152,-0.0246615411569397,-0.00595589871667928,-0.0140512997518557,0.00931279532169272
1153,-0.0254202220604202,-0.00690738565850758,-0.0264942602992722,-0.00655244193161727
1154,-0.024659992494191,-0.00774490250239245,-0.0150148858496744,0.0138248688088349
1155,-0.0288567768817863,0.0167217111151278,-0.0184979764042093,0.0265678867540924
1156,-0.0294155356388318,0.00474281382684293,-0.0275146013933371,-0.00232562946920989
1157,-0.0250245460887988,-0.00466865039963194,-0.0211831070154624,-0.0298310743302805
1158,-0.0297833265457238,0.0195935421035821,-0.0174538803375936,0.000144367699078913
1159,-0.0320474923866867,0.0159714482159483,-0.0251360297532525,-0.00480019467721364
1160,-0.017550846784661,-0.0362597353617607,-0.0209564703956176,-0.025772219901661
1161,-0.0300920393874884,0.00755053230120508,-0.0277703302299636,-0.0081354309645161
1162,-0.0281845717669157,0.0123917231144955,-0.0167972574752509,-0.0218720312654883
1163,-0.0268892686347062,-0.000714795162862989,-0.0228569817044466,-0.0287887201227413
1164,-0.0108212090218296,-0.0100393106947585,0.0187384975335179,-0.0366236160721731
1165,-0.0254097559621303,-0.00692907219192333,-0.0207239837130796,-0.0306421918932399
1166,-0.0241338940932102,0.011347806094279,0.0068105689552856,-0.0131464003138254
1167,-0.0301142442313455,0.0197376748912292,-0.0215019938621308,-0.0122157354980163
1168,-0.0306302212744601,0.0208611390682628,-0.0225287636524368,0.00376685244172238
1169,-0.022756868632829,-0.0183502611266774,-0.0240328310811529,-0.0299626856831476
1170,-0.0244135554812277,0.0129878330158755,-0.00808713380672121,-0.0297957919631101
1171,-0.0324950639693282,0.0211059209432089,-0.0222759464584246,-0.00270174279156425
1172,-0.0298097670422607,0.0125957762891398,-0.0237105727501842,-0.00124107261889383
1173,-0.0228576628983966,-0.0165515754471326,-0.0238957476885338,-0.0099169079682311
1174,-0.0293959908550114,0.0168383427952303,-0.0204755704758022,0.0015402290484125
1175,-0.0307741519447708,0.0208727436328435,-0.024626227466007,-0.00624630046316339
1176,-0.0296700843632485,0.00626712963462326,-0.0254102365474013,-0.010115137043682
1177,-0.0184561246376654,-0.00310313218176834,0.0164504940361664,0.0322121269067089
1178,-0.0300940422379859,0.0129278577783394,-0.0230433901113171,-0.00645228337221861
1179,-0.0295561024546764,0.0240604589301241,-0.014416487376141,0.00243455646453027
1180,-0.022998444168967,-0.00188086563910671,-0.00697959170417888,0.0319967886446826
1181,-0.0309778584417704,0.0172067045041658,-0.0214483819785449,-0.00944803970982925
1182,-0.0166552666180591,-0.0351345812930967,-0.0123907873029327,-0.0193949165336698
1183,-0.0258235119123204,0.0123756526354179,-0.00813740944842443,-0.0213877833372053
1184,-0.0256662347865247,0.0252069307026248,-0.00219902150117218,-0.0126446700907495
1185,-0.0307796867260543,0.0146411559054429,-0.0257686150733784,-0.00740082974159278
1186,-0.0266390475433138,0.0010687370836966,-0.0228609110507695,0.0106599917725514
1187,-0.0295666160061691,0.0101652274070279,-0.0221200528616683,-0.0169058583132655
1188,-0.0182019629358858,-0.0251534210489855,-0.00272031254026639,0.0269824029762688
1189,-0.0231556483233125,-0.0207860058867225,-0.0200191472844296,0.0194512060404604
1190,-0.0200525623477467,-0.0267093389786929,-0.0195691996511191,-0.0251790428380446
1191,-0.0269740803838621,0.00358086653170792,-0.0214263714240431,-0.0159836372046371
1192,-0.0269971685644966,0.00374423569683696,-0.0189035451689566,-0.0299784394128599
1193,-0.0276746794379291,0.00204155674999723,-0.0242779747947107,-0.0194948635673965
1194,-0.0258383565802057,0.0041217637656695,-0.0179806951052492,-0.00420200649685567
1195,-0.0190922524408761,-0.00668589396709425,0.010980198936305,0.0250527698636733
1196,-0.03024694023207,0.0227461504431069,-0.0205086169308927,-0.00752206581681278
1197,-0.0289946228132567,0.0061354309707587,-0.0275774944791719,-0.0127443645407129
1198,-0.0209615484594798,-0.0211351466021762,-0.0104244325939716,-0.0159015215299489
1199,-0.0189416660011928,-0.00758607407190122,0.00826368653283647,0.0287710286339926
1200,-0.0302385006875345,0.0261738366949312,-0.0143193088111177,0.0022828652524766
1201,-0.0250753227683077,-0.00441057159850334,-0.0196445537580495,-0.0135217384636135
1202,-0.0280664537070256,0.00178773788597952,-0.0238603530945134,0.0117354218775363
1203,-0.0291804397188615,0.00972654046660187,-0.0229148064286731,-0.0106070696086207
1204,-0.0190020801613704,-0.0220462347023476,-0.0130510969372514,0.00389769367539758
1205,-0.0254056618062563,-0.00798836394495547,-0.0274830373017145,0.00772196026624683
1206,-0.0221368539113519,0.00965873539481848,0.0107201291638983,-0.0052087715790283
1207,-0.0243828704894602,0.0116067993364317,-0.00590724871549607,-0.00803201306024859
1208,-0.0304493739417244,0.010244111813143,-0.0263300560852462,0.003991672716926
1209,-0.0226830667857355,-0.0227507240812374,-0.0240779632215283,-0.00203465242948101
1210,-0.0247190535622236,0.0118431850643005,-0.00727552435520162,-0.0325138650979773
1211,-0.0283380625606785,0.0192600940745868,-0.0167000465725545,0.0170878630761082
1212,-0.0266599961950168,-8.86338055433746e-05,-0.0190721485155034,-0.017701313812141
1213,-0.0311420226192015,0.0187717212056097,-0.0238608399172162,-0.00359850699879634
1214,-0.0152063724223951,-0.0364003133995946,0.00153675777049545,-0.0098487502079267
1215,-0.0198145828436855,-0.00831185970905036,-0.002232126085449,-0.0216461734639318
1216,-0.0302004919639329,0.0180798329256435,-0.0245668621721916,0.0141985730517669
1217,-0.0121249085131682,-0.0187181569189116,0.0179069461252915,-0.00161462242106038
1218,-0.000548285956098018,-0.000643920805191371,-2.16317560557201e-05,0.000790971744108492
1219,-0.00828965262572347,-0.020299674732968,0.0124168163178568,0.00594664953712972
1220,-0.00288369536566505,-0.0058974183159179,0.0082916773610272,-0.00278173347010517
1221,-0.000682448713751656,-0.00244196256181644,0.000786870383984185,-0.000964057928911113
1222,-0.000339874770659931,-0.00213095746001319,-0.000889489129762666,0.00106968744090744
1223,-0.0108792626603328,-0.0181985453511131,0.0131942358444078,0.0121417999601653
1224,-0.0199834076336423,0.020154834659595,0.00294690286862583,-0.00852344550877454
1225,-0.022327765666023,0.0103566072849213,0.00298494676079868,-0.0336834444881534
1226,-0.00465349961937527,0.000486332686315207,0.0149221348312327,-0.0129737643655775
1227,-0.00443857635148318,-0.00498834080790341,0.0135218006726579,-0.0147695073052333
1228,-0.00325121740782662,-0.00328702636308955,0.0161219177639317,-0.0131568854300363
1229,-0.00367854914433903,-0.00300631083280588,0.0158750247024963,-0.0102686410667223
1230,-0.00697640387094886,-0.00765119256128255,0.0249512026708367,-0.0157532069002092
1231,-0.0177906471876448,0.013034369625473,0.00811739001300058,-0.0217679279798628
1232,-0.00320874557164642,-0.000566894450749671,0.0146651286732074,-0.0121845476255597
1233,-0.00683552793248236,-0.0182389816406414,0.0182913364921449,-0.0263092552803257
1234,-0.0110699499916839,-0.00984249699007861,0.0347353920547621,-0.0190773186843431
1235,-0.0117040636670165,-0.0148281030272656,0.0232517862508795,-0.0212186721481668
1236,-0.0128101149094549,-0.00319786954736356,0.0230254049379016,-0.0253388931137916
1237,-0.0273602946106983,0.0129763087476599,-0.0180449572700261,-0.0178430681825262
1238,-0.0163533870844462,0.000739875261887141,0.00726153273608412,-0.0381961207854377
1239,-0.0041259783809086,-0.00645383058750947,0.0137663911240705,-0.0110366810247683
1240,-0.00832757111862227,-0.00759231413032165,0.0249852604652021,-0.0135565941536117
1241,-0.0124601705828122,-0.00986566398171422,0.00773374411756829,-0.0585479588538299
1242,-0.0230326115948147,0.0224080628193155,-0.000735687978062655,-0.0101195152826102
1243,-0.0192636493510591,-0.0187445641468011,-0.00641102235280923,-0.0474516788161629
1244,-0.00907590591024637,-0.0107243639033094,0.0246914123747545,-0.0355815018145124
1245,-0.0150139966840839,0.00709776744903132,0.0193213422469146,-0.0258239644077839
1246,-0.0263108283452788,0.0163939027417221,-0.0136825877045137,0.0129771286192069
1247,-0.026309156718517,0.00420592094651319,-0.0204350002234825,-0.012683866652276
1248,-0.0229047099661243,0.00732581378979265,-0.0041194991213682,-0.0232024424433349
1249,-0.0147313314108382,-0.000898438727267645,0.0179764481564341,-0.0358339288223235
1250,-0.0195339761129671,0.00901350200786573,0.0105172931880445,-0.0341083682121469
1251,-0.0193837577887371,-0.0157455403782259,-0.0121088579079327,-0.0544307924703844
1252,-0.0053422114190071,-0.0094225343586989,0.00968459975460823,-0.0248655524219124
1253,-0.0228515892540037,0.00953143145846375,-0.00512520161675851,-0.0281707582598157
1254,-0.00963757419024754,-0.0230552786190937,0.0179265965469632,0.00120317172223491
1255,-0.0130575568531907,-0.0109492718900696,0.0223992019142082,0.0154811599116139
1256,-0.0140526483096759,-0.0036917622665877,0.019552635594588,0.0389096966414937
1257,-0.0183150172268826,-0.0303142682566765,-0.0140152105891789,0.0248656231226332
1258,-0.012286452835281,0.000597615540781711,0.0288115452513168,-0.0130310404497623
1259,-0.0267879764534468,0.0235125608677232,-0.0134109359514952,-0.00105030682932263
1260,-0.0237152638961593,-0.00296472327608842,-0.0131011712177231,0.0248264284882773
1261,-0.0307469511584193,0.0156845693877674,-0.0235969997878516,0.0103902292465738
1262,-0.0117525586348604,0.0117709443861824,0.025406238368645,0.00283444123034351
1264,-0.0232063597460352,-0.0231172655413967,-0.0117420141245973,-0.00508312719312436
1265,-0.0149125922194249,-0.0461762994380767,-0.0175998560122668,-0.0190805004524933
1266,-0.0126404428154934,-0.00651202297186777,0.020579809879268,0.0248657566537543
1268,-0.014180100218766,-0.0283781967233181,0.0115700094146006,0.013693999213602
1269,-0.0154384727180936,-0.0166124582874767,0.00765339448073965,0.0201779522957942
1270,-0.0194695225112771,0.00975745503851641,0.00407669449438598,0.00847765520614382
1271,-0.00371150135498642,-0.0121314789594386,0.0065081216825956,-0.00111016975255452
1272,-0.023048618669748,0.0263319901525561,0.00560650965995396,0.00495986738739961
1273,-0.0210634440617653,0.0203266108213586,0.0015348495604038,-0.00957941882162936
1274,-0.0235251500804432,0.0215357101027086,-0.00296701792690344,-0.00252387936316118
1275,-0.0168274440912334,0.02248965071719,0.0120926612739311,-0.00870830626359646
1276,-0.0275714418593471,0.0209356484808952,-0.0130495434801313,-0.0104772075135693
1277,-0.0232158456737865,0.0204809097605829,-0.00481097227843263,-0.007967645642557
1278,-0.0262730595337575,0.0209541165506464,-0.00935977254570015,-0.000325127908174519
1279,-0.0194330161843905,0.0170475282378813,0.00427203119439209,-0.0043804577604369
1280,-0.020759550252074,0.0273118324016362,0.0161424207040763,-0.00283507475303775
1281,-0.0163245303314607,0.0225849917538943,0.0217451979734823,8.6746832071762e-05
1282,-0.0261131836713577,0.0171080657977714,-0.0136169936973701,0.0176831408574901
1283,-0.0101424686600453,-0.000302454975376461,0.0119124552556076,0.0148354770544409
1284,-0.0114175576343252,0.0173698883506056,0.0390968799631491,0.00321282702451127
1285,-0.00105020928545654,0.00328718847456124,0.00595807903879682,-0.00516267913864956
1286,-0.00333309617898262,-0.00441754325547338,0.0103517183682787,0.0116683407065305
1287,-0.0192208691421104,0.0215334477596448,0.0192495385330362,0.00377052687017991
1288,-0.000298186106094224,-0.000270420706313988,0.000820345866218911,-7.64189231037346e-05
1289,-0.0295012469823137,0.018426547709895,-0.017939782190854,-0.0132427281023381
1290,-0.0139885594237393,0.0139439013824484,0.0205115939825051,-0.0117178197698091
1291,-0.00860623210369797,0.0113127069574556,0.0246042973820947,-0.00397516937249906
1292,-0.0147072730016942,-0.00433892154148249,0.0288515771950495,0.00636867202581346
1293,-0.0201829626294915,0.0140683777725113,-0.00526575624496428,-0.0128032612001747
1294,-0.0176442929887394,-0.0320980653653337,-0.00735002212902688,0.0213427478330278
1295,-0.0266198679499267,0.0178169268345162,-0.0132923053235889,0.0147176463886496
1296,-0.0288832740272681,0.0102727947116683,-0.0243618329640585,-0.00550483053296595
1297,-0.0177387143090405,-0.0163854590125334,-0.00017251297010044,-0.00558093664590723
1298,-0.027528180982051,0.0252997191523098,-0.0126607138656355,0.00588148244507019
1299,-0.0144595513219281,-0.0267095086304865,0.0125556012848632,0.0182025757406841
1300,-0.0114319836193393,2.44212225696301e-05,0.020204097931268,0.0447437803401146
1301,-0.0136745082660091,-0.0200052801904391,0.00786677193469458,0.0338586046930288
1302,-0.0175124769048728,-0.00457079445633012,0.0188755455033122,0.0356078520588152
1303,-0.0134642294005945,-0.0086882398640515,0.0229342620343101,0.0319932024881097
1304,-0.0197442415442441,0.0143368764047878,0.0056301277094074,-0.0105646848673004
1305,-0.00800262697211818,-0.0265684151856873,0.00265641828551362,-0.00751662631620595
1306,-0.0250827097661713,0.0248468042258174,-0.000459757621935751,-0.00544521852453184
1307,-0.0278917562272127,0.0243803392682641,-0.0134515701975773,0.00827019673209678
1308,-0.0182157656233511,0.00609563495136877,0.00543292598950335,0.0240538902724248
1309,-0.011259394662367,-0.0153875477388041,0.02110933828881,0.028270441532376
1310,-0.0250723513652843,-0.00529342069246398,-0.0141166421664279,0.0216416417165546
1311,-0.00917686901787139,-0.0267424913199859,0.0146703236567804,0.00798745739006858
1312,-0.0118329742236623,-0.0270274104501573,0.00570946524750778,0.0104982312687817
1313,-0.0177168418745779,-0.0177710234808836,0.0137458860905813,0.0237165505365408
1314,-0.0101424961898961,-0.0243747864882468,0.00440321048336326,0.00154686238565428
1315,-0.0181956432689525,-0.00790119449286218,-0.00223815204032661,0.0329018604939928
1316,-0.0099743237427283,-0.0235243761901094,0.00916250411461018,0.0153034540171623
1317,-0.0161008013640892,-0.0378893006704123,-0.0107887262163845,-0.0192481985068858
1318,-0.00398795141938053,-0.0116509143292002,0.00126147666186659,-0.00551502659743393
1319,-0.00707231157872187,-0.0133015938172495,0.00664165190699996,0.00209919023582747
1320,-0.0175252959166227,0.0103389492517849,0.0122543643250204,0.026139638289712
1321,-0.00628098194761666,-0.0258439353429183,-0.0142079121761611,-0.0134784809728261
1322,-0.0159662412217372,-0.00774562962507698,0.0234220755281208,0.00533291346457337
1323,-0.00510469192189851,-0.00279197726188847,0.0127661149695144,0.00761197674591538
1324,-0.00772273259761861,-0.0046867126220821,0.0299501953832182,0.0015575808872607
1325,-0.0124846957101638,-0.0229620708189741,-0.0024241021762011,0.0067762773817698
1326,-0.0189613534777035,0.0193887383541928,0.015654070813199,-0.00673408007412726
1327,-0.00020320955567718,-0.00056102205505404,0.00083690798663052,0.000205275446799322
1328,-0.0121781673983727,0.0165742549732271,0.0295556268541306,-0.000622623390123701
1329,-0.01050500659269,0.0113993018996344,0.0402054899884657,0.00418560156753404
1330,-0.000426589632024811,0.00159728568342298,0.0026363247766384,-0.00470434607279116
1331,-0.000462010796767125,0.00279720188977896,0.00102402032237467,-0.00448155771621695
1332,-0.00405375677688235,-0.011855869928883,0.00615734512979896,0.00236903707133721
1333,-0.00682260189188994,-0.0169464850513179,0.0115386141214561,0.00953020605688616
1334,-0.0137837934072652,0.0189428471799258,0.0288738621640317,0.0024012933368493
1335,-0.00728106009521289,-0.00343321693139905,0.0325222007681812,-0.000909401003184424
1336,-0.0116410780817956,-0.011877798819518,0.0263113245858991,0.00351234542449479
1337,-0.0191352624051125,-0.00496578137686688,0.00528777507740722,0.023234816536007
1338,-0.0112812844780494,-0.00852718072573178,0.0228427555308509,0.0243587761311558
1339,-0.00509148523611649,-0.0103715653200371,0.00999282704067074,0.00014897902696947
1340,-0.00869319398192818,0.0103626951086672,0.0337027390454381,-0.00439052728264027
1341,-0.0203455983741252,-0.0266529508534581,-0.0197402152547763,0.0245642015162794
1342,-0.0118090079809804,-0.0196353190557479,0.0210217459788895,0.0198546501560615
1343,-0.0246303012256347,-0.0132814868930478,-0.0132290466090736,0.0221819555104077
1344,-0.00463483910994455,-0.00740659975243079,0.00154766395444349,0.000798032754313281
1345,-0.0104965512616955,-0.0068590075267003,0.0191560156811208,0.0254839889665068
1346,-0.0128853470835162,-0.015369975273249,0.0212177129016556,0.0158873431663068
1347,-0.00629071429799799,-0.0111350009757856,0.0086687910856051,0.0152492886334068
1348,-0.00981568384531771,0.000845806783078913,0.0242441436315161,0.00482244798194746
1349,-0.01576917799667,0.00190824925724774,0.0160541350957562,0.0297072261256736
1350,-0.00537427140514173,-0.00961097511452053,0.0149084437092492,-0.00135418928332175
1351,-0.0217357654642876,0.0213858184824942,0.00749294328457777,0.0138232978396995
1352,-0.0119053034786366,-0.00858344911055671,0.0216724746367281,-0.0109412103374753
1353,-0.0116812827565202,0.00451902210325336,0.0285930895768524,0.00489358948887362
1354,-0.00874387739275727,-0.0122000113021527,0.0254984299381871,0.0179302657288626
1355,-0.0160756837434677,-0.0169813888364693,0.0211040047541307,0.00902437225628411
1356,-0.0190212320852008,-0.00900107117471574,0.00988483802319421,0.0303777067871651
1357,-0.0270940580958971,0.0141121960039121,-0.0137888437994123,0.00971965955175783
1358,-0.0116040704486884,-0.000634172861138273,0.0294699291431079,0.00989860533140834
1359,-0.0011387880274969,-0.00322133994131832,0.00655411915227899,-0.00212671445167675
1360,-0.00103459026588263,-0.00265539300893268,-0.00241290653160056,-0.003477542067173
1361,-0.0116597365258975,-0.0109724465674529,0.0297923433515196,0.00374526093659696
1362,-0.00985725133579526,-0.010433183581628,0.0158583939037151,0.0103075691425717
1363,-0.00938764829773456,2.45148983362445e-05,0.0303472919920508,-0.000355939108534726
1364,-0.0145213219582258,-0.0104294964615047,0.0114963540348154,0.0281595401772257
1365,-0.0211106182671354,0.00855120165913498,0.00797795824587729,0.0126441420325573
1366,-0.00956536224187024,-0.00901495737139504,0.0247468697173357,0.0217214979718005
1367,-0.0183643396651265,0.0251917983640525,0.0186304498547864,0.0124246741275431
1368,-0.0211307579037739,0.00762923694183928,0.00284451023473035,0.0160805278426983
1369,-0.0147387607660618,-0.0211042266736369,0.0129945250074132,0.0165289721535189
1370,-0.0126297642625406,-0.0116660362597075,0.020476329150052,0.0079482620332628
1371,-0.017663870287995,-0.0294708296697662,-0.00442270813643805,0.0288944425010963
1372,-0.0212707884303024,0.0195945166358007,0.011865696597477,0.0154493562704244
1373,-0.00433175468772204,-0.0118034534597035,0.0061237731307239,0.00108520831224516
1374,-0.0163049537793245,-0.00666770807140026,0.0136263448932531,0.0252016150454444
1375,-0.0156699279376954,0.0150857266926832,0.0245475646496644,0.0167373171117108
1376,-0.00857760136179419,-0.0113614874646193,0.0201457379844917,-0.00109654436391725
1377,-0.00453303392722332,-0.00342142692484391,0.0128988040973486,0.000897030012625669
1378,-0.00851756402277977,-0.0169824401736941,0.0179935640037588,0.00641818502768833
1379,-0.0045249141537612,0.00167524991087235,0.0187087056212643,-0.000968688465155303
1380,-0.004392695466444,-0.00103150055318139,0.0172597724540751,-0.00907557582895639
1381,-0.00671308693429052,-0.0120149364462251,0.00497254344518427,0.0111184474372951
1382,-0.00614312300444952,0.0108570466704245,0.0356781998022238,-0.0037433297481709
1383,-0.0133620910488333,-0.018061911334143,0.016687051908158,0.0421999618904542
1384,-0.0116020930079166,0.0138982979697791,0.0208459548280823,-0.00566897552047888
1385,-0.0276290170878203,0.0162998679590388,-0.017375216968237,0.00779152142098609
1386,-0.00584768731129815,-0.00941131329520255,0.0138231654524296,0.00408153837920047
1387,-0.00323783233678778,-0.0114754988975862,0.000326472799906752,0.00241381709471671
1388,-0.0119580416463,0.00281831531277533,0.020574661787734,-0.00120138563012233
1389,-0.0074823306811312,-0.0232152049875288,0.0107899705014048,-0.00776818863481035
1390,-0.011817943774215,-0.0203115184505731,0.0101505640890902,0.0205835806741605
1391,-0.0114286422907556,-0.0166355025979925,0.0183497064568438,0.0152227693024841
1392,-0.00653284964537974,-0.0164704283484306,0.00332864368888437,0.0172340492615484
1393,-0.000596372212188448,-0.000540841412627976,0.00164069173243782,-0.000152837846207469
1394,-0.00664578963510613,-0.0182155092676145,0.000997363139997466,0.00900837451772499
1395,-0.0224048981801099,0.0108136120409483,-0.0127021153750287,-0.0016130850961381
1396,-0.0029779316933528,-0.00545070189363508,0.00332164569483542,0.00408582396567284
1397,-0.0109591287735977,0.00797773065957933,0.0335978451545324,0.0125952323361754
1398,-0.0129173532591008,-0.0312239687759936,0.0166638024402278,0.00860093182018446
1399,-0.0274680186483728,0.0266766179031039,-0.0136900388589388,-0.00387549110287561
1400,-0.020127845529517,0.016731714550757,0.0174684444285487,0.00791454852212426
1401,-0.00345548718656087,-0.00792604250553512,0.00638008714908068,0.00391246115102354
1402,-0.0042868167587828,-0.00745483088980948,0.0144721578114787,0.00435392372625833
1403,-0.0018118378883626,-0.00448378657209384,0.00538000460326149,0.00116564766611449
1404,-0.0100342474313328,0.00187529108180268,0.0296167019129929,0.00354100583683462
1405,-0.00736896280832289,0.00466629088987776,0.0219333463448068,-0.0177876997362415
1406,-0.00950954038246884,-0.00796854525427176,0.0267732823713995,0.0133028487245323
1407,-0.0260314770739074,0.0254858555562081,-0.00963998921965788,-0.000648582740811941
1408,-0.000861887870203846,-0.00240288830042572,0.000488703016063531,-0.00145784825819321
1409,-0.0090050560909564,-0.0143363731121858,0.0132047806864105,-0.00469221306538222
1410,-0.00379819104112115,-0.00997939755636753,0.00752700114250956,0.00689032947819229
1411,-0.00142014379319541,0.00449816896624107,0.00710432033416103,0.00114778096641404
1412,-0.00943694524966545,-0.0295733135260481,0.00104981248050922,0.0111743563171454
1413,-0.0022519372232668,-0.0105331454026626,0.00171680083257077,-0.00229599718681306
1414,-0.0159087054658833,-0.0224573809874009,0.00387677580413838,0.027155290328536
1415,-0.025243176254695,-0.0100804848714842,-0.0214148382174798,0.016633111307927
1416,-0.000929463642946928,0.000279949177964578,-0.00204103151951905,-0.0046020482805039
1417,-0.00357513693732054,-0.0113009474339153,0.00526933077678394,0.0010946907912269
1418,-0.0169376476839488,0.00491351743846084,0.0166705384584401,0.0189752872158424
1419,-0.018720138818208,-0.0164499293542117,-0.00708881703178247,0.028213144246564
1420,-0.00287688837089304,-0.00938387387630191,0.00867841615504332,0.000460404470565497
1421,-0.0203707064134854,0.0249426002799232,0.00247256211139212,-0.00325622548862152
1422,-0.0151271586479531,-0.0352886998227345,-0.00807528957067813,0.0380383507620221
1423,-0.0129734659415045,-0.0303427251174872,-0.00100758159999627,-0.0181286717095081
1424,-0.0114962723254588,-0.0155901697517503,0.0141902453876211,0.00535019358244822
1426,-0.00618517081202267,-0.00991219589342218,0.00931526430289486,0.00487960044000572
1427,-0.00968515904843513,-0.00957565834602545,0.0328372343029238,0.00702566013890671
1428,-0.00850434462027933,-0.0112732291920049,0.0257346586077009,-0.0072398697492269
1429,-0.0205865717649223,0.0254052405398737,0.00934808127786102,0.00830561361667338
1430,-0.00309682969691128,-0.00453042418546208,0.00663036917696607,-0.00116369346993881
1431,-0.0157747667011235,-0.0266047250285195,0.000860433935298773,0.021638978423662
1432,-0.0014484729977884,-0.00216235800347825,0.00376690959521304,-0.00468486107709436
1433,-0.0100939413374327,0.0162959904148649,0.0175167411522353,0.00446951038132703
1434,-0.000596372212188448,-0.000540841412627976,0.00164069173243782,-0.000152837846207469
1435,-0.00191031535315054,-0.00190092660424938,0.00623712248604261,0.00417496050699458
1436,-0.0120011993852567,0.0170924931439028,0.0242241707859408,4.58901713554262e-05
1437,-0.0110884326090393,-0.0232885270962516,0.013984857297874,0.0204752225756896
1438,-0.0112856405302255,-0.0241010854723386,0.0193794609542983,0.0160354744798069
1439,-0.00371510013138711,0.000899818116121943,0.0119329469295993,-0.0023264739858039
1440,-0.0229351089590436,0.0194984898911305,-0.00413628157579559,-0.00194152256434492
1441,-0.00256449182619685,-0.00860536190006509,0.00782137875913605,0.00176971816118076
1442,-0.0219992325320585,0.0120482734972929,-0.00137595827720326,0.0226858426644197
1443,-0.00905738459537789,-0.00860971071292021,0.0203965975378597,-0.0274864704785466
1444,-0.0121670338011185,-0.0436581999867935,0.00284434900566706,0.0116575173153501
1445,-0.00717650132261361,-0.0334530674770355,0.00361368855803788,-0.0184076550912676
1446,-0.023279231146556,0.0256992914471461,-0.000201131946099054,0.003963944094843
1447,-0.00434998033272789,-0.0111040171070495,0.00569256105352434,0.00768314310338756
1448,-0.00476832749418737,-0.0139231642887617,-0.000609347593360797,-0.0047819610107206
1450,-0.0272223787837258,0.0236373244377795,-0.0122691325696798,0.00191774459833283
1451,-0.0106231437675196,-0.00447026604197729,0.0301051363032954,0.00747037782159773
1452,-0.0124880298723445,-0.0055245231843042,0.0266512307994759,0.00716162516158711
1453,-0.00722321979978715,-0.00641317208496983,0.013546117469113,0.00391616948420387
1454,-0.0280660460751291,0.0231313888738807,-0.017068503163411,0.00827350617571615
1455,-0.00894101850463887,-0.021703104538875,0.00986431537607666,0.00332885325678555
1456,-0.0183537078377248,0.0187029506029988,0.0151416799773558,0.0133961400084913
1457,-0.0217301757645782,0.0220714498816349,0.00369108009638518,-0.019506219741927
1458,-0.0166105840858779,0.00733259288048953,0.0171040009267636,0.0074597094146229
1459,-0.0232155408814378,0.0111244422891591,-0.00804255473510863,0.0106516860521072
1460,-0.0147404624445023,0.0184104338741314,0.0169988173236916,-0.00903501592553111
1461,-0.0148428427202768,0.0177059638923209,0.0165509193452598,-0.0122484023507562
1462,-0.0122607379508754,-0.00659388427429804,0.0166829761309417,-0.00378979007203812
1463,-0.0126275155313388,-0.000600834221233708,0.023704273174278,0.0316704787188662
1464,-0.0210072499504424,-0.0226972737689741,-0.0131453641859226,0.0137715210911625
1465,-0.00684306668810887,-0.00448900606333205,0.0206519939061144,0.00168407752783138
1466,-0.0115895966334516,-0.0227392457327323,0.0147385605946069,0.00532850890143012
1467,-0.0226041025104576,0.0238994333850558,0.00342233241467866,0.0101851341052077
1468,-0.0123964890904225,0.00976245393940599,0.0330191145762516,0.00882148787725115
1469,-0.0071894163557969,0.00433750870375391,0.0227941304003469,-0.00809361547156721
1470,-0.0126423161370208,-0.0194318825455437,0.0143987685026696,0.0103490542708707
1471,-0.0119335860842344,0.00530305321482291,0.0303158460766246,0.012856529824753
1472,-0.00609170599215242,-0.0028008788508959,0.0260282728822884,-0.00256291623397453
1473,-0.0173051801967315,0.0157248344592254,0.0127385636053034,-0.00910358701504539
1474,-0.00872412286815034,0.00888651623111985,0.0434676537991286,-0.00347607101175527
1475,-0.0107721837497681,-0.000293683171929249,0.0279983359713088,0.0211736890175274
1476,-0.00912548334147432,0.00966817592906283,0.0328083313568263,-0.0141489854852957
1477,-0.0245264506225359,0.0265284545973865,-0.00185181331161756,0.00732845513559619
1478,-0.011151763379742,0.00189100688477297,0.0150673470325629,0.00810696703163776
1479,-0.0295555389782532,0.0264432065138428,-0.0145405865031258,0.00422127796545361
1480,-0.0144701756838113,-0.0319739975583853,-0.00120428525022505,0.0257983518446295
1481,-0.0137773587136401,-0.0118578696657866,0.0216555371983371,0.0230690049928006
1482,-0.00763899341304761,-0.0179923844771715,0.0133603519156656,0.00884967697426988
1483,-0.0193782004062958,0.00339809889270551,0.00456696245272674,0.0227741354395055
1484,-0.0201093643858994,0.0166619212212427,0.021027257013568,0.0162147968004225
1485,-0.017427951646903,0.0214466089217885,0.0199850379893702,0.00361319479027726
1486,-0.0311752484466679,0.0160351542461192,-0.0241265777863001,0.00202120825562183
1487,-0.022186914536238,0.0112256161544196,-0.00368316606530836,0.0235322333459675
1488,-0.0201015174231877,0.0187607812972615,0.0130972154940823,0.0233869472317364
1489,-0.0128708972474775,-0.0116381181087797,0.0269459048848442,0.0312731555782245
1490,-0.00128650519941619,-0.00357443654630775,0.0037004445509526,-0.000275212600943662
1491,-0.00999190770428847,0.00770404748737465,0.0223848078356725,-0.0145289409249214
1492,-0.00909746036890116,-0.0159503792387515,0.00565616791994586,0.0380759286865907
1493,-0.0285217390474359,0.0243292581388557,-0.0134815510284906,0.0079210734388953
1494,-0.00960563747412835,0.0138176459894928,0.0357115907804082,0.00294740948808315
1495,-0.0191868519541742,0.00632694333005275,0.00726690748995134,0.0121505711968025
1496,-0.0126180377400388,-0.0119816892002716,0.0248016546290253,0.0198392306788215
1497,-0.000596372212188448,-0.000540841412627976,0.00164069173243782,-0.000152837846207469
1498,-0.0117537403184353,-0.00741810714717092,0.0162717006541258,-0.002634512821043
1499,-0.00424767515407738,-0.00457222043194339,0.012224504584429,0.00984127713307326
1500,-0.0186716540919681,-0.020872939527326,-0.00192047549310155,0.030275526194083
1501,-0.0220808297691704,-0.0173864367739298,-0.0181839593000637,0.01950975763389
1502,-0.000685028877731736,-0.00130678341644082,0.00151661888106158,0.00178444514368255
1503,-0.0280608923982772,0.0195069434443011,-0.0170759692189193,0.0024672381076749
1504,-0.0111484426372527,0.00830997119498245,0.0211909065516284,-0.00340234840121737
1505,-0.0273870624149634,0.00780166133406896,-0.0208540607696053,0.0156142345761852
1506,-0.0104654414085291,-0.00939475775386749,0.0410058801694125,0.0144205241990237
1507,-0.0187662313326212,-0.0237459496381006,-0.00625418366111961,0.0337182401004617
1508,-0.0148590279736873,0.0209980338061689,0.0207109268280507,-0.00260888458596053
1509,-0.0240629811282064,0.027555199107496,0.0002284639035809,0.000453575608763393
1510,-0.0125442932364907,0.00444977832037351,0.0242614870895044,-0.00314764107159366
1511,-0.0126221533438607,-0.00191796614132787,0.0286764566504516,0.00875726348325886
1512,-0.0179644701003221,-0.0113365086296566,0.0141573029008413,0.021942413393734
1513,-0.0194165714920614,-0.0276597254827834,-0.0174945184523517,0.00448980150540593
1514,-0.0107870868451535,-0.0223323211166926,0.0100590833481381,0.0218530385188874
1515,-0.00418924754408146,-0.0103467545379517,0.00560214599981117,-0.000978563450058075
1516,-0.00192348643080513,-0.00239967473551979,0.00548701143432817,-0.0015449870971605
1517,-0.0274671271842911,0.019909044417977,-0.0186984740896416,0.00170234028868343
1518,-0.0156851205621754,-0.0108337210560092,0.0119930552443593,0.00966623696600601
1519,-0.00982099664631823,-0.00112158116418788,0.0313422266824926,-0.0154993415119885
1520,-0.0039202202498778,-0.00812670901443159,-0.00191382122728869,0.0158920413266701
1521,-0.0068867526907148,-0.0180357612858532,0.00346586156496367,0.00545035373346823
1522,-0.0146425874628093,-0.00834403661113979,0.0274178701851484,0.0328018737508467
1523,-0.000760315297110827,-0.00178949340546669,-0.00296036693484385,0.0026922383522556
1524,-0.0171904762917187,-0.0214390340003778,0.00425898873085944,0.0246215495653817
1525,-0.015119212354778,0.00620985055061751,0.0255121955403745,0.0104365937267118
1526,-0.00463672060900841,-0.0039817258810147,0.0152804001726026,0.000183328859822074
1527,-0.026702134096007,0.0198983838724765,-0.00664842884124941,-0.00467725247680179
1528,-0.00357020616605511,-0.0094948867050048,0.0077047580972981,0.00316247093251141
1529,-0.0141528630254124,0.00918988307258006,0.0196216114502667,0.0022567691580897
1530,-0.00357906801936068,-0.00843368896579565,0.00887549977742777,0.00118010827806073
1531,-0.0129216310265169,0.0123727297853765,0.0287137186671119,0.00841359076753724
1532,-0.00754504095283129,-0.0141223159240551,0.0212832416490217,0.0190927089297634
1533,-0.0114313722410791,-0.0261344731127383,-0.00134708682760124,0.0227955793901974
1534,-0.0150795556676478,-0.027464591059299,0.00297074998603063,0.0306928968215843
1535,-0.00777067358690727,-0.00235889410749806,0.0212434670230469,0.0181069905212573
1536,-0.0197512082374005,0.00188627949155923,0.0075915694898654,0.0345556634027146
1537,-0.027741333849979,0.00828670125942709,-0.0246028318487718,0.00285523790148304
1538,-0.0295751726542635,0.0151844364722055,-0.0238162511933687,0.00841672650943308
1539,-0.00475751271934406,-0.0118294972590008,0.0187864953918092,-0.00191859690278807
1540,-0.0206701083708658,0.0240688552439658,0.00396047921617437,-0.0119844256226244
1541,-0.00795877738027779,-0.0174473412142097,0.0146654183264105,0.00861416891254216
1542,-0.0221273549310928,-0.00764907910788361,-0.00873965279269294,0.0318838933583229
1543,-0.00555643364497175,-0.000230645058306816,0.0174111689318433,-0.005679606072965
1544,-0.0228396907645209,0.00236562473452628,-0.00454777341024347,0.0273453307288392
1545,-0.00839944904648494,0.018109891568546,0.0322161389781591,-0.00387883556897931
1546,-0.0277925113024818,0.0171001080388845,-0.0174627873591156,0.0130557896815853
1547,-0.0169519298666345,-0.0264736702711046,-0.00313187025398523,0.0373205940968857
1548,-0.0122892550094953,-0.0403795073283566,-0.00741934881879525,0.0207951427114575
1549,-0.000652006358044662,-0.000832547372992918,0.000302935231903925,0.00111633513774312
1550,-0.0145127196783232,0.00238046290769613,0.0273425343823422,0.0245293067596102
1551,-0.0159812338027852,0.0232187105966449,0.0258687307912833,0.0108914525508603
1552,-0.0216379403942774,0.00872917976951005,0.0050177389463467,0.00669402889404082
1553,-0.0167172577799791,0.00285758111065817,0.0201674264469985,0.0249736954132626
1554,-0.0184772910865158,0.0187601838330614,0.010960472589635,-0.00728791522630991
1555,-0.00528512006691165,0.00733146062591808,0.0125224233290018,-0.0144295799425357
1556,-0.0237172812766059,0.00971990296039262,0.000139137151718627,0.0245201363668032
1557,-0.0233818273849141,-0.00973348925963321,-0.0196718315244049,0.0121994138193286
1558,-0.00976107450232577,-0.0223644946557688,0.00892882795035063,0.0132449434545219
1559,-0.00974469354078056,-0.0249243278577912,0.0104114337275536,0.0159197179076942
1560,-0.0173006271102922,-0.0281342813527127,-0.00782808131247222,0.0158985714813737
1561,-0.016251600489042,-0.023210496348861,0.00972409329431654,0.0194979468309786
1562,-0.0138433820577725,0.0106869375723675,0.0185148659912544,-0.0108493987657217
1563,-0.0102354651205716,-0.00324456984301781,0.0381344679775646,0.00694050541651179
1564,-0.0303157643878569,0.022117027629825,-0.0184677904313904,0.0153572941364668
1565,-0.00868046956029011,0.00321011362169547,0.0190245456391638,0.00515019207010367
1566,-6.48063278287767e-05,0.00053234574292198,-0.00142390021917344,-0.00136923952581481
1567,-0.0215767628659256,0.00423825450209864,-0.00604293556220321,0.0207738784409968
1568,-0.0155101770166844,-0.00274377494601783,0.0168097281947199,-0.00221838541316861
1569,-0.000659809631873351,-0.00217409486264,0.00149206435187657,-0.000413861404214462
1570,-0.00426652638892054,-0.0123833080900846,0.0125021759506158,-0.0053340430822681
1571,-0.0175723438897316,0.0180447347317803,0.0155381464615168,-0.00817846918075989
1572,-0.00239699831077246,-0.00215837417164467,0.00681864548306668,0.00517823796460895
1573,-0.0229178525597427,-0.0176250016986159,-0.0209273740797245,0.0186204347543175
1574,-0.0004220029264209,0.00236247249219853,0.0016560584547383,-0.00307702417303528
1575,-0.0257797399319687,0.0232348506637156,-0.010176367981288,0.0175788103612218
1576,-0.0227797548865649,0.0238244222953462,0.00309497704970771,0.00530165740550958
1577,-0.000210218335392946,0.00112480382968073,-0.000678869442087783,-0.00225185481442691
1578,-0.00596057667711379,-0.0135630210922216,0.00234322329605138,0.0240861281174451
1579,-0.0145741235183266,0.00531131186765992,0.0144388622101903,0.0247588222987773
1580,-0.0171368588034246,-0.00277863037143045,0.00624115118749862,0.0346685723951372
1581,-0.00566926884361428,-0.0186950519851168,0.00232926413386097,0.0104458952630895
1582,-0.0258229224027685,0.00842982566512164,-0.0156690269936249,0.00975896090775852
1583,-0.0195888077895213,-0.0231938144529211,-0.0127189760995692,0.0159862142752896
1584,-0.00631341764772555,0.00138445493326653,0.0265946895351693,-0.0034749064152188
1585,-0.0280592967341442,0.0162190379649617,-0.0231063354673736,-0.00317944195981817
1586,-0.0121835351652968,-0.0236591595849914,0.00489509226872183,0.0270975203517668
1587,-0.0196853084475609,-0.0249794278001868,-0.0101246841936583,0.0202506774854306
1588,-0.0161947948760748,-0.0121032929238289,0.00429934713151129,0.0336112291710089
1589,-0.00469717649218134,-0.00230361645223418,0.0136492065462123,-0.00713826533399881
1590,-0.000648678605475553,0.00014004560866868,-0.0064983943065559,0.00161705305604442
1591,-0.00261645896842572,-0.0146439862199835,0.000866875875030741,-0.00533295747031775
1592,-0.00961465570566221,0.0133927392452386,0.0363522340163814,-0.00984656533225522
1593,-0.00793073434581812,0.00421915194251498,0.0371414912600249,0.000482798725333603
1594,-0.0240285239736051,0.00525647140851171,-0.0145936670316467,0.0137219369006672
1595,-0.028176170515113,0.0170794142103463,-0.019147404323805,-0.00254922447375625
1596,-0.00349422833626395,-0.00910339433458673,0.00473010744295284,0.00461367199721056
1597,-0.00914972259240983,0.00668888124804497,0.025286906389605,-0.0105689942562303
1598,-0.0118109416112551,0.0160163745623268,0.0371800225515693,0.00336752053803387
1599,-0.0172091205246339,0.0156978846563172,0.0257965803261242,0.00355298448316978
1600,-0.021167227383744,0.0204508141168024,0.0127087936472509,0.0120919720390944
1601,-0.011099588090863,-0.0115054168672602,0.0182804856135868,0.0235498546222331
1602,-0.00744758713818962,-0.000660779692442153,0.0275122099723401,-0.0245370743278396
1603,-0.0159857944827816,-0.0116385716282393,0.015070165197487,0.0402348448027542
1604,-0.0146663237219768,-0.0296042458920379,0.00764455972846643,0.0203148609543773
1605,-0.00881230289251258,-0.007840159383525,0.0166073246135568,0.00802648395818449
1606,-0.0136208358992931,0.0158917090589739,0.0272869005635427,-0.00717956251528608
1607,-0.000894558318282676,-0.000811262118941964,0.00246103759865673,-0.000229256769311205
1608,-0.00766991922004622,-0.0141760964381699,0.0163567202874664,0.0116864001943328
1609,-0.0181799502417712,0.0204473906467441,0.0193445200778888,-0.00580769778563971
1610,-0.00516853337225616,-0.0030303665985367,0.0096864493194667,0.014770686583125
1611,-0.00849210261983087,-0.00200845504705596,0.0296059617592719,-0.0196140305711048
1612,-0.014190216315192,0.00868962367865671,0.0119984049124419,-0.00297826959974092
1614,-0.0232799052778736,0.019845707245302,0.000965331984962096,0.0119672089267233
1615,-0.0161375455927519,0.0209248878410506,0.0155121329268919,0.00459820920083999
1616,-0.00661020615744012,-0.00659009108573106,0.00831941185123128,-0.00430997810672071
1617,-0.00204726523107184,-0.00612601914568683,0.00409545439206344,0.00249295100702702
1618,-0.0204525822003164,0.0158796805956256,-0.00308254720662584,0.00900919658928285
1619,-0.0289939591548816,0.0197311445649458,-0.0186339050990575,0.0131850378969621
1620,-0.0190572078184824,0.00793299243952885,0.0227786467701024,-0.0131389392722014
1621,-0.00144746384155706,-0.000869531968491349,-0.00244443775204573,0.000155849394610312
1622,-0.0174633744856621,-0.0323698267623248,-0.00762073971543525,0.0223818127924329
1623,-0.01047610079314,-0.0127720131088585,0.0274751228664263,0.00950942763201113
1624,-0.0171244059039692,0.0204621129726257,0.025006398900057,0.00661810613152096
1625,-0.00305211322400415,-0.00900228253924998,0.00972005413994348,-0.0039651075108331
1626,-0.0156060327066872,-0.0274385160357955,0.0015634461453592,0.0237430100951365
1628,-0.0016442525274429,-0.00161931110209554,0.00423269633469827,-0.00139935230433407
1629,-0.0239762105917048,-0.00695632401517834,-0.00651064556505786,0.020671314613308
1630,-0.00821220083095853,-0.00520183447740336,0.0228941009659891,-0.00353802701942388
1631,-0.0187597924002982,0.00993851836004772,0.0226145425414757,0.0243098788430393
1632,-0.0174090939741753,0.01933200131117,0.0169570638796153,0.0147329734033701
1633,-0.0149035570813583,0.0039704205490773,0.0272390909703548,0.011300444557531
1634,-0.0234064636891873,0.0195961670298394,0.00103074040162578,0.00713370099176456
1635,-0.0165258213745308,0.00685654735532611,0.013259732385793,0.00429041314393562
1636,-0.00466055540179672,-0.00176882145340603,0.0105886258517688,0.00852193984728814
1637,-0.0107852877756515,-0.0325966971478879,0.0101998732963049,-0.0172865098637138
1638,-0.0190853116208679,-0.0126585024902568,0.000297675837235048,0.0300466852130021
1639,-0.00683830411707264,-0.0163699350965131,0.012162807770415,0.00577638260316378
1640,-0.0122883614358323,-0.0167725588538517,0.0162083067477769,0.00546138993968424
1641,-0.00757814706173635,-0.0168624299510586,-0.00133343557254004,0.0139256383346089
1642,-0.000501664482957687,6.62451104812169e-05,0.000596084091175056,-0.00115033412562787
1643,-0.0119108956832433,-0.0146347911495955,0.0193964530754226,0.0264979966822823
1644,-0.00440828083916174,-0.00310726281400143,0.0115696116096413,0.00644024591743795
1646,-0.0157343041539504,-0.0089285302338939,0.0116978828206407,0.0335465079159514
1647,-0.00467194221169855,-0.00792076971040229,0.0157355173438445,-0.00362518836888395
1648,-0.0171335484836661,0.000882287876430824,0.0205499275666072,0.0123536174933038
1649,-0.00691128584408924,0.00301355233904474,0.0357192027322178,-0.00132001898217336
1650,-0.00568581887688699,-0.00633201779979222,0.0144020939511488,-0.00243839768560788
1651,-0.0190403237649527,-0.0292034752745511,0.00488002330758567,0.00665702667467091
1652,-0.0111493194025131,-0.017143289512303,0.0121972722969582,0.0163266637782994
1653,-0.000314506335858263,0.00155692698458296,0.000218481008173704,-0.00310595664057259
1654,-0.0152677461443114,0.022220745839561,0.0147292068429707,-0.00516304517383022
1655,-0.000136906448004323,0.00159368139553102,-0.00143486290567099,0.00189941462491105
1656,-0.0145747396801888,0.021475003365488,0.0303417343244419,0.0058121866930461
1657,-0.0261270224647478,0.000152119715424051,-0.0173156704573779,0.015235431558877
1658,-0.0176647069168408,0.00837654961632883,0.0151040185582611,0.0289608466874082
1659,-0.0142167461673751,-0.0280410272544783,0.0125730976771476,0.0231175061685033
1660,-0.00987991987801983,-0.00833967372983394,0.0254189193429445,0.00535439089277533
1661,-0.00876668206331953,-0.00319415180659156,0.025924789550592,0.0136437206137592
1662,-0.0166053807308333,-0.0164815844427105,0.0157499005868313,0.0250585842298356
1663,-0.0131796351060966,-0.00639455456549518,0.0228389306728696,0.0199130215851294
1664,-0.000479144520461198,0.00135818636958577,-0.00248727718333142,0.00356289787231824
1665,-0.000620092642625456,-0.00184730584164502,0.00139823581401954,-0.00219806786466276
1666,-0.01092518144177,-0.0293680585129763,0.00698172179963852,0.0059433579028571
1667,-0.0218121557626992,-0.00120757960858519,0.0112433486130992,0.0254245321132352
1668,-0.00706719721514585,-0.0176709636152226,0.0112003033138122,-0.00478440632620176
1669,-0.0160495482094918,-0.00225922073250299,0.0135851342407684,-0.0183617633889597
1670,-0.00188992998685564,0.00436739645311232,0.00573773275043012,-0.00224458503603085
1671,-0.00438477865450408,-0.0112265154253835,0.00543810930704418,0.00134750842947328
1672,-0.000965373954145677,-0.00252582925685803,0.00202435224043365,-0.00118127280140892
1673,-0.000596372212188448,-0.000540841412627976,0.00164069173243782,-0.000152837846207469
1674,-0.00389726223440063,-0.0069161067909757,0.00718686880036941,-0.00942249046641849
1675,-0.00939938487663748,-0.00607295066268083,0.0310793946293876,0.0216129948724026
1676,-0.00936900535304068,-0.000464409331022757,0.0293093525838834,0.00762402584683984
1677,-0.0111340672483042,-0.0277883576435516,0.0111743588962665,0.00305809775881615
1678,-0.00802623602068657,-0.0176149546529311,0.00998163075410169,-0.00595803912398416
1679,-0.0153056115491649,0.0109814705134522,0.0325904209101612,-0.00565628654712065
1680,-0.0064370865102167,-0.0305195461074851,-0.00681553360533598,-0.00662609849527537
1681,-0.0103737318865645,-0.0282320454669814,0.00844442842354899,0.00807903757047159
1682,-0.0017245098427863,-0.00252768327579023,0.00165133808091337,-0.00349435912393512
1683,-0.00937086419195461,0.0155781386857773,0.0251543045628404,-0.0145511001382901
1684,-0.0100192202869104,0.0158116439785215,0.0290240394369086,0.00357837315597019
1685,-0.00424611115344941,-0.00657880156927479,0.0138518591383204,-0.00228554019375274
1686,-0.0121237182439975,-0.0361405693207958,0.00105334594029985,0.00500035397257668
1687,-0.0143623718269668,0.0215974909039106,0.0353417824220581,-0.00577651644722077
1688,-0.00751084453834651,0.00565827708300815,0.0253492228388971,-0.00334466336689684
1689,-0.000615790091021482,-0.00206671306578046,0.00011734772906142,-0.00182014334022215
1690,-0.00704001795978846,0.00534646746271024,0.0357381949688264,-0.0038509133395209
1691,-0.0153986488027414,-0.0191919922561085,0.0092653462126251,0.030338565189488
1692,-0.00283458446896766,-0.00733250612181323,0.00618500096843871,-0.000299838775886744
1693,-0.00240719520377202,-0.00609215275481196,0.00673626931666474,-0.000166998318567
1694,-0.0218335234305044,0.000666359046318771,-0.000425196456944779,0.0383684899792944
1695,-0.00742586581624301,-0.00989253422933932,0.00610476505988163,0.00798415669352749
1696,-0.0155223570213884,-0.0277265787483143,0.00484885985440331,0.0241806437947675
1697,-0.0207122607009559,0.0221684107244339,0.00672525679056559,0.00262103241101968
1698,-0.00172362852356904,-0.00166374298195742,0.000849824175795579,0.0019382950514432
1699,-0.00205458024964391,0.0044612040881847,0.0107040731904812,0.00347836592120859
1700,-0.00863341813559753,-0.0207329176402717,0.00234471614027624,0.0244604157572279
1701,-0.00702570022628164,-0.0139664466995016,0.00941029487899312,0.0224217674101679
1702,-0.0110798674927165,-0.00203936131362295,0.0279510472488538,-0.0130543474814799
1703,-0.0127977493381974,0.0213865872721414,0.023274957111611,-0.00600578919617132
1704,-0.0228322177983217,0.00161504773899429,-0.0110320514144519,0.0143500894238484
1705,-0.0183433593359981,-0.00199765381311655,0.0155982515619785,-0.00220160594311233
1706,-0.0240784136440295,-0.00324782022343422,-0.0173383140275086,0.0141767492925461
1707,-0.00193324387509765,-0.00121459675528585,0.00983137525931631,-0.00318886160565776
1708,-0.00813859167802003,0.00264458424092036,0.0335793215366699,0.00406110176417551
1709,-0.0146026053114439,0.00255710848986444,0.0141168157124065,0.0388564508232312
1710,-0.011821702310288,-0.0256037367074782,0.0129705082177507,-0.00567367359072564
1711,-0.000554960064106409,0.00173648092249235,4.89839914309639e-05,0.00306007063878338
1712,-0.00223023507758294,-0.00414927056515639,0.00591311864344387,-0.00605863480605444
1713,-0.0210618370991417,0.0133275171925533,0.00204203323457337,0.0293946258425684
1714,-0.00574102728535258,-0.0194809061099138,-0.00664890688267038,0.00430078827917902
1715,-0.0174549931434028,0.0143962848053404,0.0113817994877003,0.0158869643819239
1716,-0.0161598511641999,0.00596996372022702,0.0256000132065839,0.0288547503977018
1717,-0.00995841847813479,-0.0283317288011866,0.0129714414063481,0.00775177516882049
1718,-0.0158505405378269,-0.0291391011337128,0.00937513337338894,0.0303386543821496
1719,-0.00809332844456378,-0.0126391504357144,0.0108094109370817,0.00907031812267307
1720,-0.00403259054158797,-0.00257472808117201,0.0051459328007154,-0.00308345581914968
1721,-0.0136056739240938,-0.0361593549280274,-0.0161516538240017,0.0252078998992332
1722,-0.00188651028821289,-0.00387245775561911,-0.00562693388586964,-0.000977703903227502
1723,-0.00831444967597981,-0.0132482265365798,0.0155865223243613,0.0242192906922702
1724,-0.00240300658080625,-0.0032213732770344,0.00736545788872046,0.00336045064828148
1725,-0.0137866722910068,-0.0347239528270122,0.00318908382551602,0.0126222915841898
1726,-0.000266407659349823,-2.62255984115153e-05,0.000952135325907597,0.00129431145409113
1727,-0.00792507709146782,-0.0202354452593148,0.00583153950395069,0.00525483215073789
1728,-0.0259997433485047,0.016157187419016,-0.00530345780451068,0.00295810160841812
1729,-0.000894558318282676,-0.000811262118941964,0.00246103759865673,-0.000229256769311205
1730,-0.0254900852870443,0.0240351340259468,-0.00888459384745343,0.00233300700884958
1731,-0.0125804079848184,-0.0262104139399543,0.0141448202119765,0.00470825416054727
1732,-0.0199169910892212,0.0240169499499527,0.00143786644478714,0.000966678794863152
1733,-0.0285010123931864,0.0155395611545331,-0.0229999583459678,0.000824804301237578
1734,-0.0184355518345066,-0.0297045404430069,-0.0220252622996231,-0.0155220528251085
1735,-0.0229898180925516,-0.0112925161473178,-0.0184291447610907,0.0216058660975511
1736,-0.000490280119784082,0.00101663213775995,0.00126370630021298,-0.000823922431178981
1737,-0.0221181563829801,-0.00571982454000783,-0.009354413935394,0.0132121986825365
1738,-0.019478658701102,0.0288178966602034,0.0153951260568786,0.00816788836791732
1739,-0.0177970530663243,0.0247842957611907,0.0210774640285964,0.0098487165998494
1740,-0.0153865311675445,-0.018632748550207,0.0132149135382251,0.00729711274229722
1741,-0.0145595770025064,0.0154155574886434,0.0251418905143958,-0.0103734390711754
1742,-0.0276534318167271,0.0138131218567221,-0.0146717995417024,-0.0050356763361025
1743,-0.0119161471050611,-0.0263094317766231,0.00898408775600783,0.0119327595674961
1744,-0.0290334377565689,0.0253085283729502,-0.0132859747789016,0.00570341131680711
1745,-0.0139417293553528,-0.00740843982715979,-0.00210643875347528,-0.0369034099841736
1746,-0.0135369251681965,-0.0326196517266555,0.00883726610670777,-0.0138543792667565
1747,-0.00942905137247946,-0.0236024514115824,0.00202228936051871,-0.00889917988281937
1748,-0.0261823090789132,-0.00552441015681415,-0.0214295243676033,-0.0226336649163286
1749,-0.00975548825743881,-0.0200467405196198,0.0170918412136236,-0.0165615729670499
1750,-0.0161398324241016,-0.0312494348771078,-0.0124347027926235,-0.0223186845626102
1752,-0.0256180554074927,0.00239007426065831,-0.0162480845783272,-0.0239318883624111
1753,-0.00936100315627755,-0.0254818001147881,0.00596642636451652,-0.02047027118985
1754,-0.00514374516046256,-0.0200296223148491,-0.00241252858827586,-0.012245952946825
1755,-0.0151942213237854,-0.0384817582934206,0.0030710114622978,-0.0168397144727773
1756,-0.0161588073993902,-0.0427429199196183,-0.0137644478834555,-0.0219968133425565
1757,-0.0158479464634315,-0.037660680834129,-0.0120204710253885,-0.0168378380222777
1758,-0.0145044313268486,-0.0332013184332425,0.0127248090468795,-0.0124891709172913
1759,-0.0159864559319223,-0.0405911981602983,-0.0115370253087942,-0.0134047017783764
1760,-0.0221143039773462,-0.023043421780729,-0.0211673808109302,-0.0205292686829355
1761,-0.0150467874220135,-0.0417143824517456,-0.00845143293287928,-0.00728051101896163
1762,-0.016715248312855,-0.0380047523418825,-0.0136653916412741,-0.0279710583802944
1763,-0.0168933166814924,-0.0403337700141292,-0.00756836625316452,-0.0212509558852743
1764,-0.0133470418547822,-0.0270047974693653,0.014035329100915,-0.00687685096211104
1765,-0.0260984764281992,-0.0048374327755336,-0.0253103007730378,-0.0112334790130271
1766,-0.0266006638713511,-0.00789943338835376,-0.026382188698673,-0.00697751796899237
1767,-0.019830646834612,-0.02858092386461,-0.0188457851014549,-0.00191302220502153
1768,-0.0289097228797768,0.00762000225451316,-0.0277688912252512,0.00610158124881625
1769,-0.0182107238803003,-0.0346430373691151,-0.0152095973146876,-0.0147384957180837
1770,-0.0230036300997317,-0.02585417710211,-0.0198439619791375,-0.0101542187210874
1771,-0.0262619175501783,-0.00696321064224187,-0.0233797961990073,-0.00115294386705729
1772,-0.0211894519902431,-0.0163428083209234,-0.0117466675624018,0.00252480807917154
1773,-0.0255977598523815,-0.0080407765201575,-0.026654335776063,-0.00886591194904319
1774,-0.0300456464545261,0.0165035432264021,-0.0236121559472887,-0.00822539284588252
1775,-0.0288752567673883,0.0226546833823208,-0.0148612546574217,-0.00518186462538684
1776,-0.0239148448592705,-0.00530117144996352,-0.0160573085109159,0.0124196214790401
1777,-0.0253975585750052,-0.00777541402111637,-0.0245352608976638,0.00686911414355484
1778,-0.0260756296914342,0.00257088479434727,-0.0244188900723674,0.0185269309282869
1779,-0.0217199339691321,-0.00843143682544475,-0.00874369154436456,0.0232236247286856
1780,-0.0264724800779339,0.0111288536846569,-0.0254856901101205,0.0129857348061763
1781,-0.0276131772882722,0.00144606284601181,-0.0253488932348766,0.00813291561580237
1782,-0.0304020024450521,0.0212988798339259,-0.021799493713342,0.0102474835689355
1783,-0.0259550451063253,0.00237144627385234,-0.0162606811378651,0.0157794831326494
1784,-0.0212967171306715,-0.0226357218888968,-0.0157154371280247,-0.0143883815816434
1785,-0.0216359768805609,-0.0172864916614547,-0.0191818580916932,-0.014593000022071
1786,-0.0255396024065865,0.00526063408270161,-0.0237904572595194,-0.0160858977631122
1787,-0.0156239571851845,-0.0338789992915861,0.00525701410830865,0.0161282361420266
1788,-0.0246128952692008,0.0180120225122893,-0.00460525658326409,-0.0112977457400477
1789,-0.0289339011265303,0.0222485323060808,-0.015604804364489,0.00665624649744065
1790,-0.0123572968250024,0.0102537659183742,0.0186773047948049,-0.0188985679783086
1791,-0.0128111459201008,0.00771719828315998,0.0226461710940522,-0.025448460268138
1792,-0.011081806132672,0.00836331708387437,0.0200283205924964,-0.022649010385437
1793,-0.00932742165146448,0.00397871052268257,0.0204351228838563,-0.0240044084971162
1794,-0.0100322531951483,0.0108384394415212,0.0258002790746928,-0.0198327459202187
1795,-0.0157181150766845,0.012179667591286,0.0233855071582195,-0.0224214633120006
1796,-0.0099203579266941,0.00517014372424436,0.0286030738276785,-0.0230901644260482
1797,-0.00905176020922768,0.00187380740409184,0.0225850588397075,-0.0227098814608116
1798,-0.00935591473057674,0.00741455680927392,0.0318253624952842,-0.0250900852793524
1799,-0.00736508223514003,0.000858445847963511,0.0272181942834691,-0.0260471246581423
1800,-0.00763368269911391,0.0022278836651411,0.0290391387614071,-0.0300323593125963
1801,-0.00718362058099341,0.00163643403125401,0.0282546320779107,-0.0255617351685293
1802,-0.00610457382235996,0.00128714811990586,0.0243065985405268,-0.0223831366186581
1803,-0.0221403314910981,0.00878895458708205,0.000947428754366649,-0.0376389256032164
1804,-0.0123664754912217,0.00619202472941186,0.0261393115504922,-0.0294602826140451
1805,-0.00656729112495467,-0.0107296308228278,0.0204939276615761,-0.0311338080822956
1806,-0.0085345378717833,0.00484094523576895,0.0326834862941021,-0.026775388782852
1807,-0.00779735085366965,0.00426151811443385,0.0332114212363435,-0.0264907586556898
1808,-0.00846064867721698,-0.00108265407166308,0.0285040878913127,-0.0260977045756772
1809,-0.00656916614233991,-0.00883082324220347,0.0233158417486757,-0.0236169102087441
1810,-0.00229854194225597,-0.00455785302654745,0.0107993414305102,-0.0124070987806254
1811,-0.00237853537171981,-0.0034428593323677,0.0106477910611318,-0.0132737444014068
1812,-0.0111404393791969,0.00448346574573969,0.0300533886560578,-0.0292937970152854
1813,-0.00804157096855062,0.00648138142622204,0.0283308889537138,-0.0221422344766407
1814,-0.00613537650722814,0.0042444831899439,0.0292930945059219,-0.0219133142151431
1815,-0.0251796910302888,0.0174654604233255,-0.00682198033767032,-0.0180930975485506
1816,-0.0109242114575364,0.00860067879218019,0.0247673591676449,-0.0192562334856053
1817,-0.00702145328931841,-0.00208086466717243,0.0210848424523686,-0.0181983924109739
1818,-0.0276879040964573,0.0148779639289223,-0.0160655496688092,-0.0253827637142768
1819,-0.00694510309061664,-0.00432016021357755,0.0189499554019445,-0.0188786086961562
1820,-0.0128676135317921,0.00440994673889364,0.0287440359028848,-0.0184315469456476
1821,-0.0277993730875953,0.0270298596878985,-0.00756141069078507,0.00101795398409592
1822,-0.0245185399165529,0.0274017210013712,-0.000820533530634307,0.00359302380697008
1823,-0.0196696145760037,0.0247334649529967,0.0140311220974311,0.0076598040288142
1824,-0.0203389589649031,0.015943535658619,0.00577173452858593,-0.0206447376239702
1825,-0.0142659768099765,0.0143399894784362,0.0180795718166403,-0.0150412432419577
1826,-0.0242774041959614,0.0229601662274952,-0.00186787510596114,-0.000317236209814105
1827,-0.0243268912014661,0.0224459769561816,-0.00221841077261584,0.008175999057451
1828,-0.0114507076044673,-0.0128348826868902,0.0144621011474672,0.0153549770342876
1829,-0.0034465622896744,-0.00756298891942371,0.00746798184961761,-0.00628677074089281
1830,-0.0227217585686051,0.0151932294898571,-0.00348122618426494,-0.0243665497748448
1831,-0.0246087314795936,-0.00601643103623531,-0.0228817311120576,-0.0297205773967861
1832,-0.0237472312306194,0.0254959816468946,-0.00210213982677219,-0.000394964294911185
1833,-0.0222204811669615,0.0219572592591314,6.48015761494951e-05,-0.000423267600413747
1834,-0.0245013187192979,0.020704754797716,-0.00979950439040997,-0.00629337800546659
1835,-0.0136502088107837,-0.0222688880166647,0.0164832001916257,-0.0100188729617024
1836,-0.0210357611134445,0.00530975434007018,0.00162428339310416,-0.0258316384282409
1837,-0.011394839196011,-0.00601167827701856,0.0249362667059746,-0.0136552095741714
1838,-0.01530910406941,-0.00630696703486142,0.0123657407884868,-0.0181210093317244
1839,-0.0246872601787506,-0.00209223382355501,-0.0137536595062584,-0.0100607186207859
1840,-0.0321625490781174,0.0145666821667707,-0.0264627672159795,-0.015222555715801
1841,-0.0275706621425834,0.00639998178816978,-0.0221859668422311,0.00479281114435164
1842,-0.0237079379408961,0.0235669398294987,-0.00634436683788659,-0.00707701994038014
1843,-0.0190860733841202,-0.0175772483138841,-0.0107278119281529,-0.0215773672429699
1844,-0.0250705334094242,0.0240143611467508,-0.0106722605792482,0.00972220470901323
1845,-0.0171287657224,-0.0186173613753318,0.000174168304101578,0.0113700390092895
1846,-0.0191149271211469,-0.0145871281729471,-0.0100014265252468,0.0180292639652465
1847,-0.0122226031277849,0.0070314009757661,0.030320466683392,-0.00135681186072376
1848,-0.0112707923437896,-0.000895400570924375,0.0240791209471483,-0.00480310584693051
1849,-0.0322212282807855,0.0265406653034014,-0.0222719174450272,0.00440748875566504
1850,-0.0161239397844394,-0.0223539399030031,0.0153482898415953,0.0212695247175797
1851,-0.00928639031043668,-0.0185005392591689,0.0199773117748222,-0.00552575594846012
1852,-0.0104349600171363,-0.0195295356741516,0.0210862020679184,-0.0071205791891105
1853,-0.0164064280876856,-0.000296641663844455,0.0203457930982518,-0.0255383827051277
1854,-0.0164705712544145,0.0129935732764521,0.012685394074724,-0.00812779404625272
1855,-0.0106942353074085,-0.020448678171791,0.0226490170463973,-0.0107838632415875
1856,-0.00857970996601124,-0.00478549942883628,0.0269799679013806,-0.000214679589580012
1857,-0.0135394058549963,-0.0151180018854563,0.0136740735620386,-0.0204541766776539
1858,-0.0153735497978643,0.00910349804025355,0.0145105395307335,-0.0283721824736919
1859,-0.000180257321376146,-0.000430854240530688,0.000121282602791278,0.000722444110657054
1860,-0.0135290118108639,-0.00913291742810985,0.0198104731641986,-0.0131673095155321
1861,-0.0144688144098747,0.0114783815879214,0.0131069446804916,-0.0207006069585918
1862,-0.011785902424862,0.00506803659679892,0.0311062067746612,-0.00126145096430207
1863,-0.0167005264468219,-0.00946447311923547,0.00954194372282541,-0.0277870195725979
1864,-0.00919343391684125,-0.0134962760685502,0.0217036810790646,-0.00183061066910174
1865,-0.0133223288115706,-0.00334095172196084,0.0285221478947924,0.0152501965192987
1866,-0.02234061166964,0.0190836795785988,0.00500924262535015,-0.00283043121427272
1867,-0.00630206295698522,-0.0142774270205407,0.01472579405727,-0.00929037790730073
1868,-0.0139486070262776,-0.0156470089605215,0.0280129719464949,-0.0312022901469647
1869,-0.0109288161784306,-0.0220270787564542,0.0183986926834378,-0.00773316253737603
1870,-0.00963123582223575,-0.00487952934175166,0.0337625535440528,-0.00842355114960212
1871,-0.0110775068534123,-0.00431656081650183,0.0252496746132195,-0.0177673049265057
1872,-0.0125629929680076,-0.00500123911612788,0.0310052354919433,0.00583319389663661
1873,-0.0136986216495535,0.0144333301474795,0.00983511434710323,-0.00781906440724721
1874,-0.0194425582173827,0.0152908526661965,0.00245218003238828,-0.00903198989516042
1875,-0.0102624228450018,-0.00948279923561314,0.0260938996553892,-0.0119650274026021
1876,-0.0077195949204241,-0.00803266707491419,0.0112730758241869,-0.0124400126936338
1877,-0.0151710360840026,-0.0143461368188929,0.0185581481546356,-0.0138799421690031
1878,-0.0234466620630268,0.0233677970170095,0.00739957195990886,0.00926676629016922
1879,-0.018765499528162,0.00038835009876673,0.00951337453609366,0.016877011775009
1880,-0.0126015367834764,0.00742943380749013,0.0369614973578208,-0.00766735210572202
1881,-0.00265764809036173,-0.00223614963413018,0.00465729865029604,-0.00940697274549197
1882,-0.011460471699262,-0.0277081880052991,0.00115314225228482,0.0377288190693061
1883,-0.00272811857280361,-0.0050981728046786,0.00435705837793441,0.00375330784611859
1884,-0.0269863062309696,-0.00143423213836071,-0.0253079692523004,-0.0063747566239636
1885,-0.0192142699968547,-0.0209628879749525,-0.0149694480694239,-0.000414083239716527
1886,-0.0173405468049302,-0.0308066752532688,-0.0211189661298266,-0.0418549331048454
1887,-0.0286941855328673,0.00872375574521812,-0.027026322654547,0.00722392983280265
1888,-0.0157605549853502,-0.041728407190824,-0.0139027546508294,-0.00597107247751257
1889,-0.0162450463341096,-0.0376858929775768,-0.0103519557265329,0.0136576832392278
1890,-0.0241199148436801,-0.0125938128515201,-0.0292814618133891,-0.00886215661354484
1891,-0.0189625955433483,-0.0119115033330308,0.0197210004830094,0.0344022552249009
1892,-0.0165134634995081,0.0114092344734136,0.0151482676995453,-0.013207979066976
1893,-0.0160653213487791,-0.0132847106494265,0.00509610131366509,-0.00928300753072283
1894,-0.00569136734665195,-0.0239740825775984,0.00248279181629088,-0.00946459289752819
1895,-0.0144725749893572,-0.0378505011992316,-0.0104604884659952,-0.0172194097134986
1896,-0.0252795893042016,-0.000796413325657351,-0.022808449267165,-0.00475723356436901
1897,-0.0165725080663185,-0.0173894351812141,0.0136497768716085,0.000466945520078567
1898,-0.026487524937249,0.00828265191493792,-0.0141595446353498,-0.00841344971674916
1899,-0.00607584779393009,-0.0132055205370529,0.00962668430910226,-0.00645699793251033
1900,-0.0272843680733322,0.0105729306914372,-0.0183303675806273,0.000225105969687829
1901,-0.0276641503984857,0.0168595331502742,-0.018984311045202,0.00946529613853364
1902,-0.0162058289119479,0.0169858155276284,0.018774082942497,0.0036135489816393
1903,-0.0205635049747553,-0.00834183481708797,0.00387800098966738,0.00352063430436902
1904,-0.0147986041596483,-0.00435026736307027,0.0199546388496974,0.0254075126332434
1905,-0.0248229788808074,0.00830970509333146,-0.0103507000090968,-0.010383578682208
1906,-0.00920291073214303,-0.00927739110054407,0.0120669680688459,-0.00296654201207397
1907,-0.0248399549564576,0.00419979885460328,-0.0139450374463803,-0.00915604737217803
1908,-0.0157842766017666,0.00333605930923632,0.00352749783064134,-0.00193072834327197
1909,-0.0168275506006527,-0.00493169150864462,0.0176005100297937,-0.0123968971136263
1910,-0.0178740464533137,-0.00974625324964913,0.0106766798956221,-0.0211324888436778
1911,-0.0146010975524897,0.00335568506146532,0.0206401357254131,-0.0172565936055544
1912,-0.0125439822634853,-0.00103899702992156,0.0184775565812182,-0.0113325388236343
1913,-0.0165255071513138,0.00241159142697901,0.00731161966699426,-0.0180324670522738
1914,-0.0210282044697425,0.0174505586664039,-0.000453044821424064,-0.00700286450793762
1915,-0.0117702888166361,-0.0178680813434299,0.0213317438762203,-0.0114224914492138
1916,-0.0241633780594327,0.000506299051680198,-0.010291312928814,-0.0075671770181071
1917,-0.0167688331291577,-0.000544713897560559,0.0169878284150064,-0.0336633691099689
1918,-0.0124183878566674,-0.0186307183885782,0.0184823494146831,-0.00991651073674228
1919,-0.0205296001113493,-0.00893034254741649,-0.000655099351118885,-0.0166057427181315
1920,-0.0253160513388661,0.0164883829081631,-0.0148196480114745,0.00235006933347195
1921,-0.00694421580142024,-0.0108524235332811,0.0121285114113984,-0.00559200088923395
1922,-0.0172687934033453,-0.0207802821950567,-0.000357757317331028,-0.030025762232738
1923,-0.00934427825421634,-0.00118216209387245,0.0313910677089291,-0.00719003745825367
1924,-0.0114729214657188,-0.0248810818436875,0.0229030951111897,0.00150630412585185
1925,-0.0229108699528352,0.019800926630012,-0.0060922467993347,-0.0118096271615891
1926,-0.0175421608311263,-0.000112735891888937,0.0107567648551383,0.0362322293673584
1927,-0.0114211690575666,0.0106568573005237,0.034085370143998,-0.022922336605841
1928,-0.025306211802044,0.0060121149453304,-0.0138789701057883,0.011554158140133
1929,-0.0243072762126313,0.00729441599188928,-0.00531850808617247,-0.00799696615740325
1930,-0.0195878006689257,0.0013824311800558,-0.000418438375382186,-0.00637828343942678
1931,-0.0164516052737082,-0.00382142581318036,0.0135448357307851,-0.0178070051890273
1932,-0.0205099266576052,-0.0044234952200615,-0.00283074213070642,0.0323763915979884
1933,-0.00722919795978209,-0.0012995519062263,0.0312689572309298,-0.0219797463686455
1934,-0.0195655833327099,-0.00590268566218301,0.0156479847752052,0.0114637229300427
1935,-0.0254472382357492,0.0241469728013666,-0.00381315157965786,-0.00372701691335749
1936,-0.0206169275797681,0.0164683865668419,0.00608126183241173,-0.0181033970765515
1937,-0.021813553685263,0.00480818423621972,-0.00054948450253792,-0.0342789890747834
1938,-0.0214422476659804,0.00508354516271672,0.002265506109895,-0.0271535487815237
1939,-0.00894802040563349,0.0030076470553619,0.0308802327931847,-0.0182075961843951
1940,-0.0161154858883438,0.0139683668212372,0.0226965483533678,-0.00930177546106781
1941,-0.0122346264677479,0.00927644420216039,0.0290894466229328,-0.022085343845492
1942,-0.0115843050123464,0.0108154341898842,0.0281825275925168,-0.0202129568760765
1943,-0.0142671439266521,-0.00118305653051174,0.0199616362615599,-0.0174845228474495
1944,-0.0213426512818729,0.0126440042273889,-0.00165369684818949,-0.00609619643507817
1945,-0.0221874024685793,0.0103805830015758,0.0024303330709639,0.0330535736886116
1946,-0.0166817923243239,0.0190998284557189,0.011610295864152,0.0105286477081584
1947,-0.00285273545755838,-0.0072320817941206,0.00662895672047558,0.00679412392101553
1948,-0.00801540423910592,-0.0131166757905364,0.017654896484579,0.00782043980141544
1949,-0.00206832199455974,-0.0100251105728268,-0.00651328255866414,0.00280711266658353
1950,-0.0215412240486129,-0.019162167026104,-0.0212754947622774,-0.00882940546834407
1951,-0.0105134880869596,-0.0353229325523878,0.00745984002825146,-0.00590509999058215
1952,-0.0208256674733148,-0.0268728488413318,-0.0214382097292408,-0.0155192748102445
1953,-0.0208208383224766,0.0150845776380901,0.0059082949896489,-0.00840397992895159
1954,-0.0206042410474695,0.014613907846426,0.0129640963285972,-0.00633444572076845
1955,-0.0170931990288258,-0.00367773226004478,0.0109565762593348,-0.00670938967644777
1956,-0.0185427516046725,0.00691602255702089,0.012266524678883,-0.00291006459739742
1957,-0.0244568516767761,-0.0016748054309572,-0.0107397510546235,-0.0158435328463882
1958,-0.0246710907924162,-0.00141696344652196,-0.012195452543875,-0.0143356758931399
1959,-0.0234243171450958,0.00617658957928702,0.00381666024185182,-0.0191027620965751
1960,-0.0248395408768029,0.0159821771997275,-0.00669611860735503,-0.0101341002587097
1961,-0.0193856732540541,0.000934454035168062,0.012416623048271,-0.000663809232120123
1962,-0.0139947479118688,-0.00240208273201371,0.0225279993674315,-0.00415349071449379
1963,-0.0199623817117933,0.0142784784114075,0.00787832175846992,-0.0124513757355224
1964,-0.0245306248492797,0.00754740824176951,-0.00481797726261119,0.0067305964733278
1965,-0.0231813871584052,0.00967362570247983,-0.00877887197280141,0.0169772965095764
1966,-0.0182376638034872,0.00260276978963362,0.00689865661367667,0.0224517270299333
1967,-0.017009009620952,0.0171473769988524,0.00294332674117549,-0.0114191753280162
1968,-0.013113769546033,-0.000205305644401306,0.0230295670799257,-0.0269501279349192
1969,-0.00707581145850985,-0.00301145578993695,0.0300578821961412,-0.0226209621503654
1970,-0.0261215798092456,0.00761931663749592,-0.0162562587975222,0.0013758741234793
1971,-0.0161783652327053,-0.00598819648208988,0.0107921152777208,-9.39495066396731e-05
1972,-0.00893603278434876,-0.00552175505977736,0.0183272355000023,0.00410395858249537
1973,-0.0113492962582659,0.0107570232038684,0.0130095748693369,-0.00253471117782012
1974,-0.0134535604177999,-0.000914857110970211,0.0136820841893529,0.0270315791308934
1975,-0.0174987017807488,-0.0185977497748114,0.00490050654126135,0.0173823701688906
1976,-0.00448134211264732,-0.012110424706164,0.013723778639917,0.00698874819242339
1977,-0.00612101790705759,-0.0143410085774102,0.0090874345334999,0.00946292401397194
1978,-0.00543840775639854,-0.00577901239042257,0.00682661742257885,-0.0205636094709259
1979,-0.0200639872186018,0.000301065306198505,0.00347425120980469,-0.0234696815903693
1980,-0.026515866968041,0.00806716783405782,-0.0212176669961779,-0.0193760355270988
1981,-0.0239022367838361,0.0168863163342195,-0.00111534595110391,-0.0112822765041191
1982,-0.0123073175756265,0.00709167296458963,0.0182239883694559,-0.0207377825303024
1983,-0.0139169162865757,-0.00257903496007256,0.00793007823016888,-0.0157772416297643
1984,-0.00197006181921237,-0.00242620176682039,0.00652605400319016,-0.00622920683115291
1985,-0.0145347456627725,-0.0193830314629546,0.0217799570471171,0.0177230400905155
1986,-0.0146407659348659,-0.00786891427618636,0.0302064384077524,0.0491258776660172
1987,-0.0214533437015242,0.0253043381931501,0.0111269913310301,-0.00595467959552572
1988,-0.0135477843294845,-0.00809157458657345,0.0193328937166688,0.031087514847842
1989,-0.0104727350674062,0.00481571844225412,0.0383981081204413,0.0093596561274469
1990,-0.0114608392805643,0.0168622390866681,0.0330010680629021,8.26901867805732e-05
1991,-0.0186835893850142,-0.0229966731005865,-0.00593548583435454,0.0314182693092298
1992,-0.00197137504159954,-0.0033544928257413,0.00590012997624403,0.00461858710719208
1993,-0.0173862982901059,-0.00910566641737811,0.00230150102614469,-0.0462694989354941
1994,-0.0259578525648862,0.0157260803298541,-0.0163789355719597,-0.0109382462194375
1995,-0.00663338344138835,-0.0123936818496995,0.0118921834959314,0.0222396937846883
1996,-0.0223500538580213,-0.0123504855317351,-0.0126327078084852,-0.00574619176161603
1997,-0.0130284874361239,-0.0222894389514515,0.0166901953252493,-0.00465452850926944
1998,-0.0157316065173689,-0.0219350358749343,0.011055157549747,-0.0208708378660214
1999,-0.0111484221753599,-0.0192954248674652,0.011541015113637,-0.00938660856701204
2000,-0.0125457589216119,-0.0236154391593945,0.0209190411135324,-0.00416132299748571
2001,-0.0171932440291183,-0.0230550447114934,-0.00731797464060655,-0.0151065884709172
2002,-0.0160494953448842,-0.0238171613867333,-0.0101614025242468,-0.029134091429024
2003,-0.0201684091660705,-0.0225465249106903,-0.00699888854989422,-0.0137323645500203
2004,-0.0189698817347547,-0.0217223464056615,-0.00975316549376972,-0.00876581866065315
2005,-0.00717944414984698,-0.0190089897101553,0.0106454086847218,-0.00552869829298119
2006,-0.0262811347880665,-0.00635952405066875,-0.0264126506026588,-0.0185178722129863
2007,-0.00853666476342265,-0.0285286520112897,0.0035025518610196,-0.00719582260649115
2008,-0.0187582395818661,0.0196096681857352,0.00376232852211122,0.0086478666129513
2009,-0.00846456499609324,-0.012004753397569,0.0193747231801865,-0.0116715084423949
2010,-0.0107025991585336,-0.013008465809745,0.0210585480184432,0.015055384396285
2011,-0.00301558592016807,-0.00906156743231713,0.00437631236548572,-0.000376499779367331
2012,-0.00422061504255053,-0.0112289570273515,0.00578857485648738,0.00824435599110236
2013,-0.0237054100171754,0.0224298837152482,-0.00140315912056586,-0.00477965062828791
2014,-0.0292867983107041,0.0227099580052594,-0.0149921659494744,0.00176601662055494
2015,-0.0134896484764306,0.00524819112099708,0.0370003444131359,0.00224104299171181
2016,-0.00609692705178327,0.013635693375892,0.0246415064116653,-0.00330215222832887
2017,-0.00406731562859308,-0.00615344988126913,0.0040879624037729,0.0176027276000598
2018,-0.000869260410570405,-0.0021475100575464,-0.000122364011306515,0.00411802208434659
2019,-0.00240799095055638,-0.00317069807444564,1.74030249567471e-05,-0.00493793254274408
2020,-0.00532659670511214,-0.0179012504384275,9.7405971400216e-05,-0.0192684954561369
2021,-0.0204842760646753,-0.0173266821341437,-0.00635220544034142,-0.0303380873356433
2022,-0.022463846556821,-0.0218293894753257,-0.0185535349935024,-0.0260010014977551
2023,-0.0174475205315091,-0.0254728686736323,-0.00388468360693867,-0.0286459685966319
2024,-0.0110836099055887,-0.0287705905764916,0.00807834848825229,-0.0158367566767414
2025,-0.0225709064516194,-0.0189185901440213,-0.0203688917386703,-0.0157827474757524
2026,-0.00119227968169424,-0.0032651996887088,0.00075665312273142,-0.00356098665461201
2027,-0.0186893749267975,-0.0376204748206635,-0.0212925439073707,-0.0245388169515613
2028,-0.00505734805371081,-0.0119435703877804,0.00508147665974923,-0.00528281964454339
2029,-0.0123854800849111,-0.0325508971718691,0.0031120624174466,-0.0164490751292385
2030,-0.00712865788109971,-0.0206737980893331,0.00606632695632712,-0.00842823293010132
2031,-0.0200140492624668,-0.0255467647815549,-0.00819505927034169,-0.00774987011686473
2032,-0.000238357743245417,0.000608480541427873,0.00119254765673457,-0.000241861385684276
2034,-0.00604407960946785,-0.0199668023475443,0.00681653487741626,-0.00836673724762292
2035,-0.000238357743245417,0.000608480541427873,0.00119254765673457,-0.000241861385684276
2037,-0.00439160348543048,-0.0108307199843052,0.00225885496575007,-0.00942325799125911
2038,-0.00512641622722296,-0.0108953306971205,0.00772847781796994,-0.00283839665153003
2039,-0.00141835982030644,-0.00467844537539243,0.00159695577715377,-0.00377147400306864
2041,-0.00803607131555462,-0.0222635779865659,0.00701122448744361,-0.00668764243192696
2042,-0.0193037730636841,0.00113990755252574,0.0187050373582407,0.0359594373762673
2043,-0.0215266175015644,0.0162875078135616,0.00808512178271848,-0.0180787215745968
2044,-0.00129760304109798,-0.00159209967730438,0.00292975409013687,-0.000571311582397865
2045,-0.00227937967591161,-0.00443796186218976,0.00842711842903592,0.000515849425886374
2046,-0.000596372212188448,-0.000540841412627976,0.00164069173243782,-0.000152837846207469
2047,-0.0184798268254829,0.00215351598574846,0.0157769211236547,0.0366387950654019
2048,-0.0133124434110124,-0.0193347838443881,0.0167750417499253,0.0221568808892785
2049,-0.0145183816036074,-0.0407475989206606,-0.0134818073568915,-0.0165511741208779
2050,-0.0147880207501569,-0.0372949200562435,-0.00512227429426892,-0.0217997067642777
2051,-0.0171494108819327,-0.0172938873309065,0.011416021926232,0.00665633415245909
2052,-0.0124616993446897,-0.00184162640874719,0.0282771975040915,-0.00574526986192753
2053,-0.00134157350837525,-0.00241071221000949,0.00482791922052574,-0.0018364466833707
2054,-0.0247193180566031,-0.00189708168566695,-0.0224878883463776,0.00854475550991816
2055,-0.00217051616987788,-0.000996259242170156,0.00434965356461336,0.00223181139240616
2056,-0.0200234810511658,-0.000714562640960234,0.00421007302539774,0.0161966614680729
2057,-0.0055531979009664,-0.0110075994089166,0.010209991343826,0.00190197376917267
2058,-0.0186635008269944,-0.00588212464544362,-0.00260718252880069,-0.00142411286134209
2059,-0.0283952854769564,0.00827617532127293,-0.0221451833827382,0.00804778328605263
2060,-0.0150838076008703,-0.00131065705441685,0.028278415081592,0.0124687000921811
2061,-0.0116824177613202,-0.0204783608008414,0.0178761514190513,0.0163397601229849
2062,-0.0015076397898725,-0.00403967663739443,0.000712802192370562,0.000808560944273174
2063,-0.0134908464832396,-0.00640139122330284,0.0262391383226716,0.0204124353805783
2064,-0.0164146572693813,0.0163791025327535,0.00991312960849684,-0.00352832719616855
2065,-0.000203666435631261,-0.000818079903853421,-0.000149823745860228,-0.000568403161628089
2066,-0.0106116471475058,-0.0130638021808914,0.0203452686701648,-0.00803361594524624
2067,-0.00569379367269839,-0.00840299581844845,0.0178775926904637,-0.0205008208847153
2068,-0.0064495038919715,-0.0161350729491456,0.019147938251906,-0.00121641312082909
2069,-0.000800991022421815,-0.00102453205737804,0.00313593969883716,0.00139020411156272
2070,-0.0130185417623709,-0.00239278104399401,0.0217751960587485,0.00633143185108881
2071,-0.011345218256677,8.41828522034665e-05,0.0286721052509631,-0.004179439903817
2072,-0.0147595251573286,-0.00297009044228142,0.0339604560096841,-0.0123417890125543
2073,-0.0182004922678375,0.00313668864824919,0.0114418763684491,0.0217840166157538
2074,-0.015909307969637,0.00427665548916354,0.0225707312463685,0.0122250781021461
2075,-0.010777224395173,-0.0110722243883469,0.0249610469775155,0.00457177631147854
2076,-0.00743406010614853,-0.00397660649234927,0.0268150625347922,0.00421763913685459
2077,-0.0137860680076496,-0.00831178276764995,0.0161426516591267,0.0199172072869856
2078,-0.0124497580632702,-0.0111373202050482,0.0242395776362531,0.0210398776071474
2079,-0.0272776238938599,0.0209833870647794,-0.0071757296214755,0.0184517165587241
2080,-0.0149224893831156,0.00313672821349829,0.0105254751329126,0.0273650812583641
2081,-0.0129758305724573,-0.0159043474387933,0.0273374118577801,0.0203931166261437
2082,-0.0146883540582797,-0.0185530521888497,0.0151130268730739,0.0414373617436356
2083,-0.0222564068664759,0.0220716999778126,0.00937863074997458,0.00216319587567763
2084,-0.0159020436971996,0.00162045250434476,0.0236125102056422,-0.0176079088118126
2085,-0.0151090232378679,-0.0250423398255155,0.00425631187865478,0.0340946941820286
2086,-0.000596372212188448,-0.000540841412627976,0.00164069173243782,-0.000152837846207469
2087,-0.0249804960934846,0.0211987655170594,-0.00627509809076008,-0.002461476129558
2088,-0.0128452733871401,0.0130666079044824,0.030270355490636,-0.00683280518241035
2089,-0.0183691757540183,-0.00176099640963188,0.017484512426992,0.0222824392116711
2090,-0.00503039958315284,-0.00750020801310055,0.00857373421145461,0.00370434315223027
2091,-0.0194949395153607,-0.0200712102922285,-0.0132554349068735,0.0242216833366285
2092,-0.00995236424538903,-0.0289635653085005,0.00646288978818721,0.0107179205743359
2093,-0.0119180380569642,-0.0324644020557947,-0.0129079721694615,0.00755051963349751
2094,-0.0128629433315963,-0.0315778498401464,0.0103534546034835,-0.0239952807613502
2095,-0.00779047210465287,-0.00904779394190358,0.0183575271223575,-0.021443525214276
2096,-0.0196249788950504,0.0043872061963691,0.000789380533091177,-0.0388768041428887
2097,-0.0248491670469939,0.0177179808911258,-0.00570975175390377,-0.0208871539111849
2098,-0.0269784381371478,0.000735305206085294,-0.0264940357853271,0.0093467407343001
2099,-0.0135276780429573,-0.0313455038408358,0.00610139754783656,-0.00797239116538662
2100,-0.0267476725707719,0.0114634330949507,-0.0224313432629414,-0.00100658835381167
2101,-0.00477689323196887,-0.00734221719106797,0.0170087472328326,0.00916467634385234
2102,-0.00630628825646624,-0.0204423713638401,0.00126067886775297,0.0196926303270731
2103,-0.0244789277810613,0.0142619636050049,-0.010341198575804,0.00492232271578616
2104,-0.0160071421857961,-0.0192291530867711,0.0227943694385054,0.0173378976532975
2105,-0.00986105951269874,0.00472214885230316,0.0296807247944272,0.00892413416310124
2106,-0.0186840104401777,0.0113891946053467,0.00826613703155271,0.0160149667076992
2107,-0.00140047721914732,0.000290452337787566,0.00204785379317784,0.00290635511212022
2109,-0.0246523198001809,-0.00951578147097469,-0.0235724067194742,-0.0227387971959685
2110,-0.0213696020201936,0.00962221908430867,0.00902861619519195,-0.0162400048733279
2111,-0.0279854175703856,0.0217595324678501,-0.0168207992492457,0.00966694358198306
2112,-0.0191708666314585,-0.0303728353574246,-0.0229831377225611,-0.0145108467088244
2113,-0.00372438153248367,-0.0131747870264166,0.00616475169070806,0.00291874163487516
2114,-0.00833006007988398,-0.0257860380959261,0.00877139348238175,0.0132100096499866
2115,-0.00927367802760265,0.00273693361588948,0.0329237488287885,0.00444978783136063
2116,-0.00839469413905903,0.00494571440540111,0.0218993037464223,0.00415921022252357
2117,-0.000260492617866753,0.000880981989636833,0.000837737032632011,0.00113808983729364
2118,-0.00227327109011166,-0.00434669693679519,0.00589788748420558,0.00399041984397608
2119,-0.0224761342724958,0.00442302238542143,0.00593315052226619,0.0173659046529672
2120,-0.0229540058165797,0.0183019535165769,-0.00309815734377036,-0.0137405636387944
2121,-0.0215361578405455,-0.0135001842985503,-0.0053028282513098,0.0146610862806516
2122,-0.0245761876880269,-0.0121797761792372,-0.0184751585967793,-0.0031572219628787
2123,-0.014634178448074,-0.0198795914455141,0.0101839689127761,0.0241109761395584
2124,-0.00847832920288294,0.000390412413312741,0.0339655904407737,-0.0198638716513225
2125,-0.0153203852298968,0.00115615827483719,0.0125569517263475,0.0330201088679968
2126,-0.00268323774641093,-0.00593432157926747,0.00642629667587747,0.00170156318460775
2127,-0.0236998107590845,-0.0126175642844992,-0.0238663309027209,0.00944889031819128
2128,-0.0166842690637587,0.00797887605904843,0.0232374219745424,0.019686364578255
2129,-0.0263836370509932,0.0127855355527154,-0.0151222584864813,0.0125346045735037
2130,-0.0151466486392149,0.0202557195765157,0.0247006292347057,-0.00927990329266066
2131,-0.0100554667838299,-0.0287722566854665,-0.00274307702868746,-0.00408019337570457
2132,-0.0317505620183606,0.0205537241399814,-0.0235586302301974,0.0124973638156701
2133,-0.0147206943062569,0.00636374563636696,0.0353199987689452,-0.001704373232474
2134,-0.00423788066626388,-0.0053153127460362,0.0101983915713719,0.00523568907802073
2135,-0.0107887603822435,0.000393468766322987,0.0320158656184312,-0.0257750279134546
2136,-0.0121368037383267,0.0121109456362194,0.0339554766732204,-0.0128525618522093
2137,-0.0298360082625856,0.0189857202528189,-0.0114616518277458,0.0180498157162349
2138,-0.0195866182655346,-0.0331042121403385,-0.0102237249614932,-0.00744376893789475
2139,-0.0145466589133849,-0.0209604987960427,0.011272299330866,0.0305075981272049
2140,-0.00269352849123368,0.00226434898786503,0.00996044370897081,-0.00363398135612434
2141,-0.0264995546610387,0.00113164711983812,-0.0314710126342206,0.00367816879358286
2142,-0.0173245881461503,0.017672462602954,0.0220177130160159,0.00866678503851391
2143,-0.0170980862948116,0.0262226946839953,0.0215790155012041,0.00106224637452743
2144,-0.0293922206130986,0.0145529701861822,-0.024654955505539,0.00969908032841657
2145,-0.0170564756407601,-0.0168918231197973,-0.00924786133384942,0.00864250903532902
2146,-0.0104498392434037,0.0170828136055468,0.0281916505177976,-0.00477012420384642
2147,-0.00440236710756172,-0.00461279847416025,0.0130618236806306,0.0123197602634358
2148,-0.0189901345912891,0.0102602025669882,0.0124693165897047,0.0249113608371866
2149,-0.00981258548785931,-0.0284973220038123,0.00240518915503693,0.0151930649216207
2150,-0.00512051519690515,-0.0103968241602977,0.00543383777633826,-0.00758152707841072
2151,-1.20179686562159e-05,0.00120320993790159,-0.00116168710993811,0.000221966823283375
2152,-0.0185709247700456,0.000304898256326703,0.0138136799654001,-0.0222496390825773
2153,-0.0113416393411901,-0.0299578804876233,0.00707559009850419,-0.0081455085478861
2154,-0.0192547991105975,0.00115198653354736,0.001996589392509,-0.0262872159135045
2155,-0.0169679696199393,-0.00413117963931129,0.0259341536881859,-0.0240290885280392
2156,-0.0174285909179348,-0.0253406504584654,-0.00933933628896637,-0.00854234044860275
2157,-0.0160002823190863,-0.0300613858416908,-0.00683192100076558,-0.00705059305346108
2158,-0.00701638083730744,-0.00964137731147391,0.0228691929048726,-0.00565208089937502
2159,-0.0152645167279909,-0.0471834991501418,-0.0195124852047703,-0.0242575283396412
2160,-0.027358204891874,0.00757288366234771,-0.0215756321594797,0.00948902655563261
2161,-0.0248024667132536,0.0258540440105356,-0.00115382856232779,0.00981862426136156
2162,-0.0132900106541858,-0.00794477204375219,0.0190155538771098,-0.013233436881421
2163,-0.0285571693597938,0.0195729673855967,-0.0192286994764476,0.00254534583991016
2164,-0.0113925766982931,-0.0205826546233212,0.0192659996403506,0.0195139342366178
2165,-0.0210148128421921,-0.0284288865878462,-0.0179942277728136,0.0288543164458022
2166,-0.00237792848681405,-0.00583098317699322,0.00659631090920983,-0.000742651299987952
2167,-0.026796906910315,0.00486449463313111,-0.0188761091501532,0.0137562523789058
2168,-0.0183034352843011,-0.0435302931092384,-0.0178845991954449,0.00414202514498731
2169,-0.0141370305883402,-0.0220319387962563,0.00475513806529683,-0.035019823833151
2170,-0.00914162139556717,-0.0273281904148272,-0.00103318671184882,-0.0254515055307467
2171,-0.0183112478621049,0.00416496374877081,0.00760033976390336,-0.0383867045436055
2172,-0.0121026087656462,0.00364458561232188,0.0242608624189894,-0.0348835273126839
2173,-0.0112767432065778,0.0104200116781091,0.0250007778752695,-0.0375821623368035
2174,-0.0247128835971089,0.00690861095988559,-0.0159118870711437,-0.0265861627000463
2175,-0.0157410210216984,0.00971857851238673,0.014241792476343,-0.0136998247980238
2176,-0.0055000419000958,-0.00436577504440214,0.0216992206688561,-0.0144971476502028
2177,-0.0216485094880891,0.00612534341845106,-0.0200386866453453,0.00240728830553505
2178,-0.0168749882261202,0.00163605673221326,0.0257489566434119,-0.0124954040433553
2179,-0.023890192324421,0.0185427366088016,0.00238624778606592,-0.000420856017355637
2180,-0.01462543941934,0.0127523605923681,0.0301921308316397,-0.00599808164090763
2181,-0.0122630238118637,0.01340441878638,0.0254810142171656,-0.0159108549470003
2182,-0.013300598556997,-0.000935316400796817,0.0268321423308797,-0.00412227281156159
2183,-0.016731401489492,0.0105426091220244,0.0152350299720824,0.00619593830986075
2184,-0.0181278017524373,0.0194081579554618,0.0239478174804663,-0.00339620551130033
2185,-0.0140345333447589,0.00814775480457159,0.0213113004043179,-0.0312052488175078
2186,-0.0160142804060494,0.0129271436661773,0.0241949293256004,-0.00835346024580442
2187,-0.011091966401277,0.00905045252202048,0.0274006862040536,-0.0064200145763919
2188,-0.0102956820141768,0.00419972448949762,0.0191668157704686,0.000336711340999618
2189,-0.00868240594870903,0.0062928024478079,0.0253243362823913,-0.00737288970426487
2190,-0.00815457647256061,0.00395997482717119,0.0207401652311614,-0.00707186848802859
2191,-0.00755569994102269,0.0061696764356315,0.0218663540235586,-0.0128244855611913
2192,-0.0224311713534288,-0.00220395271499316,-0.0182088275793397,0.00194497870421705
2193,-0.0112891377696536,-0.0074085805362308,0.020642886473745,0.0178808359894226
2194,-0.00730166529184609,-0.00775645330641841,0.0217318120920485,-0.000970796183650126
2195,-0.0151137961741439,0.00481199354098362,0.0239290086384691,0.0120407297660109
2196,-0.00614560674311434,-0.014129736335217,0.00367388983533371,0.002818405658018
2197,-0.0159901892627224,0.0131396647379073,0.0115834743709989,-0.00409750832611954
2198,-0.0249365404316446,0.0028584865522523,-0.0216138361146288,0.00699002231648521
2199,-0.027164845242162,0.0116573078735758,-0.0187349418787397,0.00696253363267086
2200,-0.013208214892327,0.0233194333005622,0.0140141900212702,2.67284878845527e-05
2201,-0.0231297159677373,0.0237110625333111,-0.00381969290261075,-0.000927062686743335
2202,-0.0258303280108808,0.0207503534697027,-0.0134619869597145,0.00727705205689072
2203,-0.0282493225720997,0.00756306921352018,-0.0282484599534058,-0.00231235232138329
2204,-0.0301997097912952,0.0166316232417503,-0.0243678302982923,0.00804658784508365
2205,-0.00931473412648254,-0.0230559748155915,0.014330088099018,-0.00263475774400839
2206,-0.0241514104736453,-0.00803497569378268,-0.0104215707298738,-3.85229386583526e-05
2207,-0.0141344976232161,0.0128036992923723,0.0257496099817419,-0.00728097680746238
2208,-0.00828297135382087,-0.0135127585045656,0.0253835830823497,-0.00171234849036898
2209,-0.02438914906945,0.0177319817381764,0.000626555904822554,-0.0158969407100696
2210,-0.0161842778443714,0.0206489161829547,0.0235130373142965,0.00180386740849467
2211,-0.0211170625725375,0.0187791814289807,0.0130734577554231,-0.016325612236487
2212,-0.0121326518379686,0.0225531465533456,0.0284372292433252,-0.00437043462944945
2213,-0.0211176377030558,0.0211373104124858,0.00493153438303659,0.00849503175554257
2214,-0.0269960398602592,0.0209657154611709,-0.0130216930573273,0.00653348296820495
2215,-0.025768679551344,0.0178348912801689,-0.0127987167171423,0.000682611318822861
2216,-0.0131902151562037,0.006997510058952,0.0224493421438762,-0.0112425579259101
2217,-0.0204109623090411,0.0226545788640594,0.00919948204399465,-0.00837185120822486
2218,-0.0169981298141879,0.0196740648223865,0.0174686619902913,-0.000715664288225231
2219,-0.0152344066749384,0.0215470413466838,0.0189465941728569,0.00104983501518354
2220,-0.0101925342752571,0.0186272697747085,0.0293920071052643,-0.000759654952194439
2221,-0.0201928025844149,0.0168480325464344,0.010751645648157,0.00759403718684714
2222,-0.0213792857470254,0.017040519468467,0.00652612419343244,-0.01428615831442
2223,-0.00484980294509326,-0.0121971526758037,0.0131648253705146,0.00313016689393618
2224,-0.0177478037922797,0.00720300388783127,0.016858736740149,-0.00614935945769345
2225,-0.0112078832445897,-0.0269221071185586,0.0118852113248664,0.0110317262600396
2226,-0.0131224742895558,-0.0186077302542274,0.0255112582314758,-0.000823867942005112
2227,-0.0118269080392076,-0.0250453992426005,0.0248446919910628,0.00479254432513677
2228,-0.0212692915221966,0.011966350328288,0.00766286044697802,0.0104523612718162
2229,-0.0148889416399845,0.0161970700178062,0.0191877991503643,-0.000670069807526735
2230,-0.0103944171057919,0.0128150020266547,0.0255801080493787,-0.00128128029412138
2231,-0.0220440241959533,0.0198136640765464,0.0125819425566625,-0.00199656184460352
2232,-0.0219004812238709,0.0149212793264062,-0.00242953813491925,0.0264349925782754
2233,-0.01291535574428,-0.0152603150980259,0.0274404624008511,0.0280203782795942
2234,-0.00852674950488468,-0.012915163287095,0.00773717811964228,0.0221579319448833
2235,-0.026045067187221,0.0093034218727668,-0.0307564700532442,0.0046017146094896
2236,-0.0178691751061106,0.0187916230699811,0.00691908620211526,-0.00787568819532214
2237,-0.0139985474424383,-0.00116198677839131,0.0216787749201033,0.00534192673959152
2238,-0.0157988858966254,-0.00650624264293644,0.012515526224947,-0.0247394022624261
2239,-0.0197688561481106,0.0239132498862363,0.00950003027650514,0.0226012212657216
2240,-0.0139545562910947,-0.00693141088295464,0.0140944670460631,0.0349947634218295
2241,-0.0247130524422981,0.0191275419813378,-0.0155882554802357,0.00737471966687284
2242,-0.0119998322408845,-0.0071824073386224,-0.0146160607272873,0.0264141861868365
2243,-0.0144421128359581,-0.0171039517375655,0.0112564885325265,0.0156424521933422
2244,-0.0144225173936519,-0.028558185453412,0.0143699862274874,0.0344821374297681
2245,-0.0141228413033456,-0.0318200894687278,0.0116566063554743,0.0253458828140952
2246,-0.000286481923901228,-0.00227994107926367,-0.00245418550501716,0.00283090343647953
2247,-0.0186258849297573,-0.0222718709886042,-0.00572182817593447,0.025854462694757
2248,-0.0112822821779316,-0.0180616906663736,0.0202765326858193,-0.000203184529510686
2249,-0.00756639267632366,-0.0143384600926466,0.0124294312440934,0.00425568417496397
2250,-0.0153314106929583,-0.0350679052234586,-0.00318007552658921,0.0368243039583151
2251,-0.0185301002763513,-0.00790848173746783,0.00886045725326332,0.0413316563025857
2252,-0.00102441765908848,0.000537845822855707,-0.00191911595076194,-0.00473424179212132
2253,-0.0100701685419725,-0.00713051781735227,0.0310799364974171,0.0176802614578614
2254,-0.00898904675701058,-3.60143137154671e-06,0.031149438716135,0.0101413668650171
2255,-0.0160041710734271,0.0124367825406161,0.025230909518796,0.0122141182979588
2256,-0.0108848600906773,0.0159784390258659,0.0304284741628088,-0.00484342153604562
2257,-0.00497065264258411,-0.00529464467782279,0.01748492711157,-0.00270713462220269
2258,-0.0111024540802016,0.0127769379315051,0.0219365046926291,-0.00587044681185434
2259,-0.00974017533442241,-0.00371769881223423,0.0278202984193576,-0.0315421415273422
2260,-0.00364173810248582,0.00389590801554854,0.0111433860164401,-0.0166483522901005
2261,-0.0169606198433695,-0.00316111493062928,0.0148695787762914,-0.00369178675647588
2262,-0.0220728244336776,0.0112337125191737,-0.00895516214184095,-0.0261958510471762
2263,-0.0237426260370498,0.0167562200009024,-0.00820918967901608,-0.0166101172064104
2264,-0.0122730631691128,0.0134323489967158,0.0180302877703621,-0.016372247315359
2265,-0.0186537810612969,0.0163405232565282,0.0208775588859266,-0.013237508856607
2266,-0.0100319173908466,-0.00226773609508692,0.0341034404557499,-0.00533433767974708
2267,-0.0162489366029219,0.00160493040360051,0.00956311075673449,-0.0415856027315447
2268,-0.00974463161081912,0.00390080412882608,0.0221555857135458,-0.0296534643584797
2269,-0.00615263666283805,-0.0024430107943382,0.021671001776226,-0.0276310899650179
2270,-0.00521145665472371,-0.000478462197762798,0.0142238339406662,-0.0216656676168376
2271,-0.0211614549812335,0.00265169964147706,0.00165516082759321,-0.00169931418037965
2272,-0.00226411639384453,-0.001911759245671,0.00912066659226912,-0.0117415944253123
2273,-0.00571858198398663,-0.00642795103986548,0.0215675966213284,-0.0184735293638956
2274,-0.00624109021676232,-0.0154637964613593,0.00889808248302856,-0.00383907566779171
2275,-0.0254296078000333,0.00158107339058718,-0.014783984836408,-0.00198937146267662
2276,-0.0166977384715776,0.0123456401862773,0.0154193435387529,0.00523928224775199
2277,-0.0201974506895435,-0.00154192257205606,-0.00256520795172761,0.00978946811415061
2278,-0.023697964212098,0.0208168490680274,-0.00103375945045897,-0.00605196871874447
2279,-0.0151546199069701,0.0174129357185092,0.0183991460890092,-0.00661990242511536
2280,-0.0113224729436536,-0.00859874814708591,0.0299558335813478,-0.00916340344913318
2281,-0.0113094510626254,0.000219709674510683,0.0238589215442602,0.009983991481209
2282,-0.0222643260720959,0.00797910260162627,-0.000163593416810207,3.89061826728492e-05
2283,-0.0160864663984275,-0.000331045192682631,0.019527638859272,-0.0215090467234525
2284,-0.0186431940233898,0.0132290794703815,0.0165300890427537,-0.013361610919947
2285,-0.00746345659965351,0.00126678706960399,0.0264272008697207,-0.0111598957280745
2286,-0.0191740610686759,0.0164161754440402,0.00948915796668599,-0.00882739578297321
2287,-0.00809595577111981,-0.0108001611363471,0.0139705162979728,0.0132898050821884
2288,-0.000676166972545254,-0.00159415007797354,-0.00366647693986753,0.00471832604328687
2289,-0.0110647526170523,-0.0252307133814178,0.00289740803265283,0.0162075648719924
2290,-0.00969705306299908,-0.0165998547644957,0.0140171194034993,-0.00586520502149132
2291,-0.00669877295120183,-0.0140246088233743,0.012976915499602,-0.0143214745693994
2292,-0.000596372212188448,-0.000540841412627976,0.00164069173243782,-0.000152837846207469
2293,-0.0207421593677089,0.0207759121626671,0.000434956147850348,0.0145239620869931
2294,-0.00244338933387629,-0.00542908232338624,0.00580688897568383,0.000933853638790046
2295,-0.00185973541132718,-0.00326185008210145,0.00428672272018191,-0.00334595390146833
2296,-0.0137411078245495,-0.0375453786472495,-0.00434536024705453,-0.0411261331006284
2297,-0.0242629493996532,0.023480601993291,-0.00440867061095773,-0.00408398007583022
2298,-0.0141999255165225,0.0126071796552562,0.0219727174483412,0.00774933021937146
2299,-0.0167975618736109,0.00566600279936276,0.00323934122652293,-0.00141280498006581
2300,-0.00937441956259278,-0.0308481027600766,-5.1431109065217e-05,0.0171465846773348
2301,-0.00870386991206049,-0.00570449870204617,0.00970659839435937,0.0145855981350378
2302,-0.0181377238147306,-0.00403610373683524,0.00485209969318738,-0.0448547167769289
2303,-0.0183150829759375,0.00492036834915725,0.0140550228800387,0.0237588654584511
2304,-0.0135185951243937,0.00525019646416596,0.0130325923375135,0.0353859140323308
2305,-0.0103779872712271,0.0106363169968056,0.0273004791467134,-0.0104893610911744
2306,-0.0127320810909945,-0.0228148054737604,0.0124974691747116,0.00822179917989542
2307,-0.0115326342118964,-0.00540944785446219,0.0256583137774925,0.0157099176674759
2308,-0.0294052143310995,0.0177768404653002,-0.0183194016953228,0.0181799516695515
2309,-0.0276452578082941,0.0233975782004923,-0.0105576895296287,-0.00517744852759633
2310,-0.00738781344430637,-0.0260462361706319,0.00517619416117028,-0.00817900426292666
2311,-0.0148075495261665,-0.00341996012823342,0.0217613245594319,0.0141999097468682
2312,-0.0171725577714267,0.0170333244277177,0.0153219249983896,0.0100986507622027
2313,-0.0141715976087801,-0.00905675409353288,0.0191132334579116,0.0467801660345654
2314,-0.012608685340903,-0.0152201403726378,0.0120474869441736,-0.00132571669826439
2315,-0.0055101070763113,-0.00685211186266152,0.0152894944307236,-4.98419206520577e-05
2316,-0.00198726299274612,-0.00613915529942772,0.00793951571974884,0.00332028424445069
2317,-0.0151627732039327,-0.0328745746993053,-0.00169068818496484,-0.0286420920266761
2318,-0.00830835180029899,-0.0245160647482042,-0.0046508825495578,-0.0136662083950831
2319,-0.0150286637279527,0.0144147485430601,0.0212140946807432,-0.0273284874099522
2320,-0.00776674419231166,0.00309246210164403,0.0296150933751765,-0.019592298811133
2321,-0.00594659996356123,-0.00373654856026275,0.0210781129589316,-0.0174208451820993
2322,-0.004972106965398,1.57680640855083e-05,0.0230463692041284,-0.0145118662298423
2323,-0.0152616062681086,0.00518176876288399,0.0172201985227482,-0.0269825686778888
2324,-0.01886833746343,-0.000895086722037455,0.0127397744465686,-0.00918518537476806
2325,-0.012055375453578,-0.00699696776668146,0.0243964002074733,-0.0417534116756982
2326,-0.0166005844168759,-0.00445597662533308,0.0111429574697686,-0.0118870941640563
2327,-0.0135149949156475,-0.0101610010130354,0.00745073285668035,-0.00464778968137308
2328,-0.009951219768041,-0.0075148172361433,0.019528318831146,-0.00437784268914341
2329,-0.00757993053540872,-0.0106188076581171,0.0190552278650842,-0.00690526657617331
2330,-0.0168368042108438,0.01522288260606,0.0184570285023238,-0.0190813751101258
2331,-0.00988146515641688,-0.00115815508189308,0.0238373011811138,-0.0238403246010638
2332,-0.0128080057200997,0.0123301144260058,0.00930951337745644,-0.0248017811149598
2333,-0.0220009518403935,0.0124966408849614,0.000434575752985751,-0.0213992549276577
2334,-0.0223003043715412,0.0161485678814772,-0.000459261544102493,-0.0210004179326685
2335,-0.025863516704082,0.0156107505259707,-0.0131072440166767,-0.0175584577749317
2336,-0.0166290887966423,0.00876787339819446,0.00934091424222059,-0.032304152718419
2337,-0.0156972728722884,0.0140461406064403,0.0132013628631828,-0.0242267721583878
2338,-0.0156503245988223,0.0111772916437552,0.013344665535366,-0.0317416782068025
2339,-0.0183930304211582,0.0110262381874015,0.00566024659805381,-0.0230945722896006
2340,-0.00412154421684259,0.00262249015409984,0.0107652075021003,-0.00705182107016934
2341,-0.0133189842209983,-0.000377641557266969,0.0209389512036337,-0.0220411961235807
2342,-0.00554485533419439,-0.0104921902127217,0.00973833667819712,-0.0109888073989461
2343,-0.00649079601458679,-0.00796026880709635,0.0146416265908979,-0.00633908522006603
2344,-0.00304583269168313,-0.00987632384010259,0.00179028112118045,-0.00182702816389164
2345,-0.0208594107200989,0.00819366862523395,0.00475454975455006,0.022700966820255
2346,-0.0156835573182738,0.0129483313347689,0.0276996288535766,0.0029688592460391
2347,-0.0227949178193899,0.0249684096985372,-0.00361320204428768,0.00318320855576684
2348,-0.0283236764477899,0.0186601348310348,-0.012716991228037,0.00683763827729377
2349,-0.00118151235999141,-0.0033867188106068,0.00304978182504424,-0.00169845734187135
2350,-0.00352662694478358,-0.0087951833093427,0.00303307086610849,0.0102677068875836
2351,-0.00382003390633554,-0.00882378542886753,0.0117673157889587,9.7657418047745e-05
2352,-0.0192621258114552,0.0183478517061635,-0.00372077004694968,0.0191333655031019
2353,-0.00851820884935455,0.00538270312012533,0.0260106242850214,-0.0214036644055375
2354,-0.010562666750198,0.014696144730446,0.0248840068270577,-0.00913687963053745
2355,-0.0186199032083311,-0.00720127726748394,0.00359584181985852,-0.0361615364716985
2356,-0.0161468648165393,-0.0222083805933239,0.00147080199195351,0.00019220584202211
2357,-0.00565640928145978,-0.00704937163452045,0.028988985286594,0.000153441916688475
2358,-0.0169221108397082,-0.00212109107730261,0.00629783828626023,-0.0418152507946221
2359,-0.0135844112433873,-0.0039589202958996,0.0157468287376942,-0.0491073385223516
2360,-0.00948154396159803,0.00850810965978506,0.0136754452050455,-0.0142028735984994
2361,-0.000526784576736117,-0.000813070212370181,0.00230224494558771,0.000228696725076275
2362,-0.00262237768952686,-0.00631316321806071,0.00531429371452558,0.00144843962702373
2363,-0.0121695891761201,0.00166572938189025,0.0218639629883477,0.0317542554139554
2364,-0.00682944403423983,-0.00977839927352715,0.0169065979482217,-0.00217953045723277
2365,-0.0173250438562516,0.0123948627868647,0.0177269066892477,-0.0220549771839732
2366,-0.0130250468139524,0.0048362041646888,0.0363898069064746,0.0233760895747282
2367,-0.0033974250104541,-0.0105158982500084,0.00195560752549536,0.00337215982000873
2368,-0.000690445466727514,-0.00134612605884334,0.00244476260121136,-0.000253258476091485
2369,-0.0256901495592593,-0.00273459573898184,-0.0165670765668523,0.00431180762036994
2370,-0.00966618853942033,-0.00920488363087581,0.0161848939435428,-0.00395216261070928
2371,-0.0168450541714475,-0.00238033029003278,0.0151299148376328,0.02639759472965
2372,-0.0125092979833718,0.0193789338668434,0.0133687582786146,-0.00353692271729877
2373,-0.00530859621908628,-0.00838269918222603,0.00880635176118601,-0.00109419634233597
2374,-0.015002510161762,-0.0259312075386582,0.0023979251336411,0.0377070280917063
2375,-0.0314704498168279,0.0286838314373375,-0.0159800800823365,0.000976947471839602
2376,-0.0238917598394379,0.0228602059938146,-0.00465921965936725,0.0126692497180283
2377,-0.0110756670687966,-0.0256728057549197,0.00244721305400596,0.0234239013984642
2378,-0.0159881779829728,0.0180582557970868,0.0126131009324814,-0.000580286378468978
2379,-0.0196979569272764,-0.0325190399274698,-0.0302065532653403,0.0102463584498988
2380,-0.000644853719124603,-0.00248066088706685,0.000759248346373018,0.000687579809842888
2381,-0.00952102636957608,-0.0227562712885823,0.0171468803799193,0.00780334123483794
2382,-0.00145469234869604,-0.000873939554793692,0.00378235074068734,-0.00533856872183894
2383,-0.000857368317500747,-0.00291913737095381,0.00160127973392502,0.00023431088491145
2384,-0.0284252051346836,0.0199125344335832,-0.0166722718186616,0.00490835869762249
2385,-0.0222590171202373,0.0195621337244248,-0.0045787425829837,0.0145486331684413
2386,-0.0113684170441103,0.00651174128457536,0.0376478278200923,0.00229087164180815
2387,-0.0211856156702781,-0.0160433795808956,-0.0165626500750335,0.0208247028090531
2388,-0.000894558318282676,-0.000811262118941964,0.00246103759865673,-0.000229256769311205
2389,-0.0127069642944545,-0.0265728417447846,-0.0162093849475636,0.0226209768763539
2390,-0.00520648128390992,-0.00531799906541046,0.0202258651148196,0.00570173774099422
2391,-0.0121079023237299,0.000853553542539615,0.0351584795982794,0.0106539290120965
2392,-0.0108464895006234,-0.0183333622352223,0.0182999746828122,0.0131526045087735
2393,-0.0103685548113316,-0.0195779856515891,0.0202747595989646,0.0113446823891932
2394,-0.000165430228725159,-0.00123748819924864,-0.00244044280809591,0.000935824766787726
2396,-0.00995261385085811,-0.0265084308372922,0.0010286587210669,-0.0175561296572241
2397,-0.011940339863682,-0.0230126708234165,-0.00216695219412758,0.00957788945238221
2398,-0.0192463558842142,-0.0134646651962862,0.016208833695125,0.0189630420351247
2399,-0.00912624691939478,-0.000751012908312424,0.0352977908730892,0.0156180468241592
2400,-0.0222587743701349,0.0172864081716454,-0.00958164481616889,0.00618414801051868
2401,-0.0287524216702983,0.00909506321167394,-0.0265094244375847,0.00203318039655372
2402,-0.0231659711395582,0.0100160569423594,-0.014165210683011,-0.0134971775635505
2403,-0.00012847061256929,0.000489296551560024,-0.00179447256843765,0.00234717042445128
2404,-0.0216969283332065,0.0273912357077751,0.00214982650043101,0.00568739954716056
2405,-0.0141823269672287,0.0170421298252512,0.0256456416334472,-0.0259535666422992
2406,-0.0154198404897573,-0.0337076988241679,-0.00203978230475024,0.01455778901045
2407,-0.00175134026263407,0.00034392480639457,0.0045692859444746,-0.00161824380786014
2408,-0.0170606508758983,-0.0336714815984764,-0.015057329786511,0.0173786143775716
2409,-0.0124725213154297,-0.0335482594777384,0.00279439690268306,0.0228107102500084
2410,-0.0172378853024826,-0.0310820832054667,-0.00420037373769548,0.033696970398935
2411,-0.0162981663826703,-0.0433986530912285,-0.0160796509836599,-0.00983182550039707
2412,-0.0168494798458915,0.00705664660364129,0.0133110848567779,-0.0214375239694903
2413,-0.00625971332337199,-0.00184270342925585,0.02057517459647,-0.0188853663130856
2414,-0.014714872004762,0.0138537714445789,0.0252709356700228,-0.0217715098460463
2415,-0.017379065654991,0.0122593971534619,0.00497274789585768,0.00170740786866306
2416,-0.0213935138620359,0.0228601226803682,0.00852612179147569,-0.00620255270584207
2417,-0.0145224873399018,-0.0259930386052177,0.00391891132866591,0.0107639253462156
2418,-0.00070042434804011,-0.00234807253026633,-0.000910912164831879,0.00105414358579215
2419,-0.00980165416766168,-0.0239124649920696,0.00577995120812417,0.0212356398399498
2420,-0.0151956941861667,-0.0254704957118103,0.00317168294089108,0.0283280908262802
2421,-0.0243469512998423,0.00819864897000603,-0.0187779051439635,0.000312486397125726
2422,-0.00104810480558224,-0.000992317043766279,0.002869844760223,-0.00469665417641108
2423,-0.0210751038337276,-0.0226813214595282,-0.0170259774426044,0.00460318301313675
2424,-0.0122922257530031,0.0121349322938835,0.0347978617291292,-0.00883403105997853
2425,-0.0107401776143626,-0.0208240444552499,0.0092162862416913,0.00081310530016702
2426,-0.00329842944530862,-0.00302860817611431,0.00255968738426089,0.0129807356096865
2427,-0.0243273210391176,0.0273710109982133,-0.005277223630996,0.00297021115877128
2428,-0.0154895220435014,0.000353813943030442,0.00403383414604744,0.0235442372964676
2429,-0.0103683320125163,-0.0268206330151464,-0.0178101268126901,0.0011844123889255
2430,-0.000620417467513304,-0.00243515469943682,5.74077948707469e-05,0.000598471046725328
2431,-0.0025365329762553,-0.0146600226920122,-0.00950003727786978,-0.0133385679262673
2432,-0.0198186730869139,-0.00365981070478987,0.00312323983163608,-0.0293692874060182
2433,-0.012611786738361,-0.00260694647513315,0.0295152721433919,-0.0377473409424046
2434,-0.00728171221778244,-0.000635507854255181,0.0089890324455091,-0.0356851012655513
2435,-0.00268992453819424,-0.00501911669458471,0.00487953131093762,-0.0153918890973754
2436,-0.00630353531058505,-0.00842210470091054,0.0114907538402581,-0.0328819600312127
2437,-0.00720354333473442,-0.00887554213117296,0.0205746179566716,-0.0354565986310097
2438,-0.0139868514016851,-0.0178320710064959,0.0134040628095898,0.00305390167389968
2439,-0.025082485804998,0.0195109323301267,-0.00753106358778927,-0.00244596946567052
2440,-0.0210598039230509,0.0172922827073007,0.00151896864815192,-0.00749418222197903
2441,-0.0131710468219611,0.0133661045402009,0.0184738028372865,-0.00502111304305896
2442,-0.00929475277383525,0.0150519737769131,0.0252955713230795,-0.00721164685312618
2443,-0.0186093933572922,-0.0135828567339504,-0.000251243381913443,-0.047998153586756
2444,-0.0131701200656939,-0.0141131656302894,0.0153979201897726,-0.0474587668939231
2445,-0.00844645431351093,-0.0116208891258335,0.0152988938682792,-0.0402908453054586
2446,-0.00949957743561456,-0.0117264997363068,0.0188642287284582,-0.0447836567934548
2447,-0.0220694822432079,-0.0119437459556372,-0.0124216663345812,-0.036578207434987
2448,-0.0130298850327427,-0.0164634214274341,0.0103487927318827,-0.0464789241241176
2449,-0.00797279063053406,-0.0125699865149215,0.0170510702934874,-0.0332517505120281
2450,-0.0126473356984373,-0.0104732054873229,0.0146249837565634,-0.0496759230214747
2451,-0.00996036252235914,-0.0122209005483881,0.0151247146158183,-0.0452682797330171
2452,-0.00803563394091199,-0.0121632445367783,0.00995686055861057,-0.0429749752326519
2453,-0.0161852057425342,-0.0144160488487039,0.0087311872713787,-0.0511299567555404
2454,-0.00530926600367296,-0.00484629859797053,0.0180342909399399,-0.0243933196077776
2455,-0.00801526153244718,-0.00708187719571037,0.0244097564722333,-0.0422511682292577
2456,-0.0239875573007166,0.00936753352649076,-0.0195027903229857,-0.012948072303019
2457,-0.00446749522465183,-0.00504728497242977,0.0110037787761384,-0.022703212238685
2458,-0.0105787118989424,-0.0138657671162044,0.0209319953068511,-0.01234072690052
2459,-0.0169736899684958,-0.0103854733405315,0.00703721384233873,-0.0566259640524817
2460,-0.0118843906380357,-0.00663474258519847,0.0165565429132362,-0.0564220809717455
2461,-0.0253925146427824,0.01399291484055,-0.0102500012062448,-0.0268139926706055
2462,-0.00964644237945808,-0.00726418237386503,0.0168859811061157,-0.0477370443566152
2463,-0.0248805127747431,0.0043335121359882,-0.0135517608199452,-0.0300626351139443
2464,-0.0115045194737509,-0.00367462607219849,0.016775188825694,-0.0560936088512715
2465,-0.00692213399979474,-0.00964128594179486,0.0036252558750663,-0.0408961082239459
2466,-0.00871651177834088,-0.00500057295491228,0.0157861371598312,-0.0418546112856383
2467,-0.0124002379175837,0.00660404843848643,0.0208634180388076,-0.0183155368723443
2468,-0.0191538699275972,0.00224821785043635,-0.00189906273924347,-0.0540435470146239
2469,-0.0250620322267998,0.00440780842498122,-0.0123410214434506,-0.0331902111981373
2470,-0.0213263840938735,0.00372748119603231,0.00246881551586563,0.0321755361404471
2471,-0.0217663566138774,0.0235767723080098,-0.000336633523774833,-0.00325625852315761
2472,-0.00340176648441035,-0.0147500206277883,0.000744039919858154,-0.00153193952013251
2473,-0.00683063255981661,-0.016697387839895,0.00660966724986907,0.010800246054799
2474,-0.00374775176532102,-0.0106213499379438,0.0123744150641047,0.00333735094509148
2475,-0.0201863141839564,0.0293535326014338,0.0072399616972969,0.00672405312661762
2476,-0.0203003003224059,-0.0282143526499401,-0.0272421221423383,0.0149437224839036
2477,-0.00800640749075282,-0.00963473056683501,0.00556908620908873,0.00577711260867001
2478,-0.000784936797491761,0.00292413711306197,-0.000140450025502646,0.000346532289974285
2479,-0.0108887528941279,-0.00688502132534213,0.0108646296500474,-0.0338110625572334
2480,-0.0162933514735395,-0.0322717910476246,0.0104422417041576,0.0306842949173771
2481,-0.0242293816498531,0.0270395945729841,-0.00421697118532253,-0.00172043000913629
2482,-0.00188383753589092,-0.00663343171069059,0.00208217171975503,0.000989475885089552
2483,-0.02827079056232,0.0131887711454256,-0.0226971761426632,0.014242437568835
2484,-0.0263005618835155,0.0192364313434893,-0.01177051711934,0.00724096273225974
2485,-0.0223738905396024,0.0263658314830907,-0.00518722966187323,0.0102480785361516
2486,-0.011252165827165,-0.0267520035096535,0.000583674269310448,0.00523375480068868
2487,-0.0249064883852086,0.00135553255886472,-0.0204538765629717,0.0190755229119301
2488,-0.00660731906043841,-0.0120425039265501,0.00100728941870218,0.00262607384549309
2489,-0.0311979869916249,0.0167042661546906,-0.0227323210695221,0.00323249075880342
2490,-0.0226250563249186,-0.0121918103465594,-0.010269546915271,-0.00749628498832096
2491,-0.0208405176634356,0.030501039346297,0.00481985879392396,0.00288480239797028
2492,-0.00239127396246136,0.00182607208591418,0.00105759120784942,8.92445615184853e-05
2493,-0.016287375177675,-0.0247427596914865,0.00189613677991051,0.0191386356171179
2494,-0.0112687432592222,-0.0343434545788012,0.000255209567262114,0.0131609093670541
2495,-0.0213085261235308,0.0174884767161502,-0.0053953012566605,-0.00466583629215981
2496,-0.0277817058854037,0.0200684813403426,-0.0184385662569475,-0.00788910746067189
2497,-0.0134909722497445,0.0199427759717128,0.00961839935366954,1.77397696613878e-05
2498,-0.0230556324708864,0.00766651890568706,-0.0164036090560098,0.00487507145666137
2500,-0.00995617900136567,-0.029484078693601,0.00419977950541582,0.00335061983814437
2501,-0.00283183702361894,-0.00845970528374409,0.00365842562573637,-0.00366969331112531
2502,-0.0268299619617218,0.0307061183072666,-0.00678855863461065,0.00540880568578608
2503,-0.0255178688310169,0.0272724499507929,-0.00896541971092695,0.00860458779430543
2504,-0.0114374990688131,-0.0305816441144514,-0.010734786922519,0.0197623207635644
2505,-0.0201114677745413,0.0086807452718153,0.0066605921300831,-0.00910924807734487
2506,-0.0222242767167808,0.0119527519564609,-0.0094969843694754,-0.00849386140640278
2507,-0.00993666337665982,-0.0236461963664896,0.00418024479766178,0.0218769913682003
2508,-0.0240770669647478,0.00822036462403119,-0.0238544596800587,-0.00250394597403663
2509,-0.0153572764420422,0.0215876842328402,0.0135119556988629,-0.00662664452063
2510,-0.0160612583485595,0.0162724679850176,0.0162559381981068,0.00560492151996279
2511,-0.00443706571061969,-0.005785689683859,0.0107187290174889,-0.00477668897843294
2512,-0.0283522254468098,0.0213499236069981,-0.0142636433663576,-0.00924642376559819
2513,-0.0170962236826259,0.0154372245996191,0.0118531927338283,-0.0126115543947399
2514,-0.0214729134403671,0.0103384778343591,-0.00178179363707834,-0.00184617195750612
2515,-0.0147365435191703,0.0220980451088923,0.012073833039259,-0.00391740906890268
2516,-0.0141017054634088,0.0159043292428936,0.00452779058250223,-0.000559798270326002
2517,-0.0195452617952807,-0.0200803520624684,-0.0064824378380743,0.00982804237727133
2518,-0.0180769101103591,0.0230969605361378,0.0104343140851303,-0.00679397231856761
2519,-0.0215984497825008,0.0145245686806732,-0.0100685931125219,-0.00917191156061689
2520,-0.0212845405546088,0.0228870014543317,-0.00440278345299091,0.0211386827390225
2521,-0.0149810383129215,-0.0339175878116542,0.00684157066493898,0.0334290904429139
2522,-0.0191315237528089,-0.023697838664461,-0.012126588089121,-0.0437072308892715
2523,-0.00879238592906541,-0.0236632793491773,-0.00794595825089705,-0.0322767101352349
2524,-0.0280148440730121,0.00737534875742399,-0.0193570951660205,-0.0105917369374563
2525,-0.0176847536337317,-0.0313926930382676,-0.0102678874410321,-0.0180576618116543
2526,-0.0157521333486017,-0.0342109111309605,-0.0168172713168705,-0.0196131530862948
2527,-0.0185826449331061,-0.0392298764896403,-0.0257274351584402,-0.0157108116255299
2528,-0.0134968876868527,-0.0510622267557623,-0.0151740032706002,-0.0149934466361204
2529,-0.00851903249125809,-0.00708469527059925,0.0243924373608018,-0.0115306875371326
2530,-0.023847933440196,0.0109389933104497,-0.0180013574471925,-0.0107723594845263
2531,-0.0162536896766055,0.0160495399009464,0.0189081257033258,-0.00146096704233814
2532,-0.0159352952991324,-0.0171488121215548,0.0129738634370837,0.00406842138209677
2533,-0.00663102218335256,0.0026333881029727,0.0263940509934971,-0.00952806410933134
2534,-0.0131930983417551,-0.0308788557393376,0.0144915730514722,0.00616559261078978
2535,-0.0236599356792541,-0.00724263578040491,-0.012619178182435,0.0259703545077401
2536,-0.00479206758561556,-0.0044529521993614,0.0159670710082163,-0.0250643160117568
2537,-0.0114014042666439,0.0042957263690394,0.0335206352348075,-0.00473081197763803
2538,-0.000596372212188448,-0.000540841412627976,0.00164069173243782,-0.000152837846207469
2539,-0.00784047943168517,-0.0196764805125308,0.00461348239392781,-0.00470861934192404
2540,-0.0125982409696496,-0.0251754417595663,-0.00234449299892657,-0.0109922341943694
2541,-0.0205455921399478,-0.0145984131047728,0.00206254068345223,0.0146578515534966
2542,-0.0234872690932541,0.00735708943219515,-0.0151083471919485,-0.0116659139863946
2543,-0.0207272178475534,0.00096966778434735,-0.00581657822678459,-0.0197394685234892
2544,-0.010322866761919,0.00950241291959469,0.0174174343801537,-0.015911290007627
2545,-0.0133746748780387,-0.02201442481921,0.0123060511459507,0.00387454721622843
2546,-0.0181994394095847,-0.0248653300407636,-0.00341956387122907,0.00423537650849683
2547,-0.0119286705186825,-0.00687589315708064,0.0181822892079033,-0.00479672006731853
2548,-0.0150247931289949,-0.0124130080799333,0.0124882040056489,-9.60427052295899e-05
2549,-0.0136453950988444,-0.013828974306032,0.02389255820264,0.0030935788190871
2550,-0.00263803467464754,-0.00392484355804666,0.00875449447718613,-0.00666470640424598
2551,-0.00764702520445804,-0.0130850737521994,0.0222861285830941,-0.00833971071998625
2552,-0.00907891370940678,0.00513478927042642,0.03279168920305,-0.019852702377487
2553,-0.0192758688015232,-0.0271873829210311,-0.0208072761898712,-0.00557546174836725
2554,-0.00852646955365931,-0.0216734123094685,0.00974211198694309,-0.00398772166265429
2555,-0.0233320225330896,0.00494088457838135,-0.0113473907054408,0.00367135748161522
2556,-0.00253552540478403,-0.00488660992950239,-0.000152468677739494,0.0113973398922502
2557,-0.0293145580368924,0.0126573410486263,-0.0230611748527136,-0.00579244234550125
2558,-0.0325043935480955,0.0253694051660829,-0.0201981927249486,0.00742367348207176
2559,-0.0262054477477471,0.0229619511928339,-0.0093517006499891,0.0092533576185352
2560,-0.024355870431446,0.0148933840247938,-0.00185012527743382,-0.00080118895590631
2561,-0.00258998681932436,-0.00508887920675753,0.0068467270785769,-0.00233433770095739
2562,-0.0102759271050808,-0.0133625983300745,0.0118655568445212,0.0111591568273409
2563,-0.00843948400643411,-0.021476059226268,0.0143763243653567,0.000965397405559961
2564,-0.00302325548368889,-0.00568013910246819,0.00827528254062474,0.00769062979110871
2565,-0.0101601240980995,-0.0145499045658802,0.000531357865917914,0.00518101551563432
2566,-0.0242132942019484,0.0146944584149269,-0.0129729527207762,-0.00293206002674479
2567,-0.0176310426192861,0.024539799948881,0.00724525089503101,0.0230698350979972
2568,-0.0190819934455131,0.0219279506313122,0.0145127408003536,-0.00524274712915941
2569,-0.00341693518497955,-0.0124845080148125,-0.00192909836870759,-0.00169854696596044
2570,-0.0139639644547794,-0.0252153668377428,0.0195408599653322,0.0172406398899291
2571,-0.00358965898336315,-0.0127720455941361,0.000168632070036549,0.00712322291042279
2572,-0.00604253497806025,-0.0234410365829235,-0.00680567518045482,-0.00835402441709104
2573,-0.0013786559152957,-0.00169003861478254,0.00733056513675542,-0.00219934231685337
2574,-0.00598654411273537,-0.00772881984275846,0.0238935638585649,0.00474393461418642
2575,-0.0217831340671283,-0.00412929152956357,-0.00426540411589609,-0.000753671500504814
2576,-0.0119956415433996,-0.0128563428917703,0.0224655234484801,-0.0445351553317002
2577,-0.00873331401891713,-0.0172896544232603,0.0157782621290134,-0.0508096931356759
2578,-0.0132836208046699,-0.0125449201349139,0.0201608495246416,-0.0467128575276257
2579,-0.00275906851259071,-0.00374689261235707,0.00717592235399858,-0.0165229882099089
2580,-0.00973069234434464,-0.0121115183817001,0.0186994741649111,-0.0471994977892801
2581,-0.00495223879456372,-0.00835117377922844,0.0036531518380059,-0.0305776701628923
2582,-0.00976238810957361,-0.0104169255740622,0.0233678417701568,0.00209692321652847
2583,-0.0125797985216322,0.00104687668790484,0.0234140972572664,-0.0280475364418087
2584,-0.0258524538971025,0.00169105414983985,-0.0129438851624758,-0.0226354930907823
2585,-0.0136637988498361,-0.00406203252752141,0.0164559273573966,-0.0295411774503696
2586,-0.00948648621903,-0.00712868751836531,0.0262907489215569,-0.0277662166510021
2587,-0.028986018518598,0.019523338723922,-0.0179195244628176,-0.013341251117265
2588,-0.0193984797801526,0.0189396693244865,0.00390028773306565,-0.014735026222
2589,-0.0132366873734737,0.0114483860570264,0.0283575230000486,-0.0132975967137001
2590,-0.0155321435207419,0.0121869664473566,0.0241701103518804,-0.00661372675217654
2591,-0.025859792720425,0.0207204140086465,-0.000584582393655281,-0.0111457849570343
2592,-0.0137031821117538,0.0031968377725944,0.0295719089754983,-0.00689741432490613
2593,-0.0288127424785991,0.019208198510379,-0.0194561475651951,0.00689262981722258
2594,-0.00774897327698848,0.0034116086102982,0.0255616281842123,-0.00340381759589274
2595,-0.00582457707377071,-0.00184660440808439,0.0225223336414908,-0.00259874039348205
2596,-0.00633104510993406,-0.00563775082524082,0.0153651586322159,-0.0155804922149421
2597,-0.0138490700456338,-0.0289882962492605,0.00739428770871158,0.0375640533276669
2598,-0.0188887040499584,0.0145652946742295,0.0097633487646923,0.00210987886429386
2599,-0.0187281767466284,0.0127051366087951,0.0146650256349318,0.0281127211396283
2600,-0.0316364144232149,0.0207622701597789,-0.0236056341695443,-0.000764875160023188
2601,-0.0201103364945027,0.0228160735189682,-0.00185268787908835,0.00626941717123592
2602,-0.015062038148852,0.0186403834957637,0.0232227060434851,-0.00283657356866502
2603,-0.00643935849463941,0.0128970755242563,0.0276666939877547,-0.00925557028282952
2604,-0.0126393830141133,0.0216950702259,0.0260999014871836,-0.00498967040569117
2605,-0.00295387214297321,-0.00259812685464852,0.00913765586466525,0.00531357922235923
2606,-0.0132768266587116,-0.00891655976142097,0.022806864306831,-0.026592535214947
2607,-0.000771528289541562,0.000767230486067512,0.00221051715558026,0.00364211407086915
2608,-0.0109722957569943,0.014694995125598,0.0325708669969595,0.0110531561529064
2609,-0.0117734715756227,-0.0231746722086129,0.00352615520899296,-0.0128131084484476
2610,-0.00151120608415818,-0.00375533701976495,0.00560352920417805,-0.0209558755771707
2611,-0.0132487872954654,0.0196368276869137,0.0270788010865899,-0.00195941288724424
2612,-0.00850543862560633,0.00923454713643829,0.0231363315712854,-0.00957632846691034
2613,-0.00730390743130768,0.010567606654814,0.0206618982387779,-0.0124723588296103
2614,-0.00455984956663781,0.00935298844456807,0.018195784019041,-0.00935816597370285
2615,-0.0267677325720229,0.00335895790506625,-0.0154455444277716,-0.00664260299676601
2616,-0.0135235067121419,-0.0334461026179589,0.00297883432889817,-0.0147676296373469
2617,-0.000820635480340256,0.000123568661521223,0.00272924398027627,-0.000516079883503834
2618,-0.0166106050951562,0.0176380846363447,0.0213065091188291,0.0173648836879447
2619,-0.00260120366409554,-0.00431809975791768,0.00779747691051577,-0.00177973688694969
2620,-0.00422254342047371,-0.0133280686169937,-0.00464999828280723,0.00798421245512029
2621,-0.00166176544923171,-0.00442702944590169,0.00254512787140003,-0.000384824611434088
2622,-0.0208680061615622,0.0237724612361298,0.00421667033334528,-0.0122833460717604
2623,-0.0171536628349915,0.0210056682097727,0.00256964192035616,0.00651780453267674
2624,-0.0107439657295442,0.00266596447287841,0.0172441415388972,-0.0151614193262749
2625,-0.0159293915936809,-0.00846069919497458,0.00396270390784367,0.0276503382529841
2626,-0.00149548404343988,-0.00572781747471392,-0.00128869198989851,-0.00128066166254438
2627,-0.00313307482158834,0.00179359894822185,0.00959189172142794,0.0029441094966083
2628,-0.00286769745478333,-0.00525276290300775,0.00137662962290479,0.0089660704460592
2629,-0.00620503159575778,-0.0092095386153322,0.0188376424643132,0.0100494754845443
2630,-0.00924541223753548,0.0047149963115636,0.0322282053739014,-0.00953073906211951
2631,-0.0183859686270833,-0.00114383842184708,0.0105548719822741,0.0148775740054955
2632,-0.00586274342218748,-0.0133618539988473,0.000360123008983036,0.00611026637382919
2633,-0.00413674142175001,-0.00936532848199898,0.0066835897921829,0.00566612374556799
2634,-0.0197881005286753,0.0257548108310847,0.00403459365168215,0.00216644207212147
2635,-0.0252348552659868,0.0263768725846845,-0.00339108352645301,0.00217948416884808
2636,-0.0108135832897917,-0.00704068561617385,0.00712295037627609,0.0255325048142214
2637,-0.00764077861215945,-0.018561971123004,-0.00229743143908796,0.0116525707020586
2638,-0.0138197912904006,-0.011686705366829,0.011788322800788,0.0212365511022763
2639,-2.16215589506006e-05,0.000694598711275343,0.000867051784953968,0.00113262994693387
2640,-0.0180480976593473,-0.0080494151543109,0.0123164097882132,-0.00735995563506411
2641,-0.0104494333430063,-0.0335632840164398,0.00175973023539703,-0.0241387568009083
2642,-0.0143981014340763,-0.0223864587296988,-0.0029827721323218,-0.0306438711386499
2643,-0.00732187854530804,-0.0175570953398175,0.0174986507719078,0.00535675766412708
2644,-0.00390357621171686,-0.00828486601613939,0.0100168372172552,-0.00199609523024
2645,-0.0106397742188009,0.00510704844041363,0.0207564682442053,-0.033230376643412
2646,-0.0172186596262551,-0.0297914120942695,0.00797073573257466,0.000827764479748002
2647,-0.00656917660657035,0.000319549110083016,0.00650016247028284,-0.024462643145165
2648,-0.00254642458135327,-0.00117372665699493,0.0105267207540814,-0.00917865058468899
2649,-0.00264323247665522,-0.0041297814440003,0.0106420497493319,-0.011646567419084
2650,-0.0144729655913584,0.00935247030266267,0.00509446168555903,-0.0145073949177976
2651,-0.0223452860567902,-0.00676162584403825,-0.0138758005974953,-0.0196603610209303
2652,-0.0322073434521846,0.0192938685857133,-0.0255986549110773,0.00480388051015983
2653,-0.0214176329277244,-0.0238727123535167,-0.0256570651319816,-0.0208211209005028
2654,-0.0138956324169493,0.0119383051093742,0.0343699929160674,0.016026296731446
2655,-0.0214975218956693,0.0271188496170835,-0.000619230865857966,0.0198191925635002
2656,-0.011249058724735,-0.010832259945146,0.0214914919484225,-0.0119660724801864
2657,-0.0244667898175427,-0.00424564870139557,-0.0215821616020956,-0.0162994821329531
2658,-0.00692879265071043,-0.0137802366478434,0.010327221300842,0.00612693761919245
2659,-0.00626763444928519,-0.0180790905200785,-0.000224547479073348,0.0027951244342275
2660,-0.0179508112233149,-0.025437606196266,-0.00279152166983813,-0.00375765284204825
2661,-0.0159166366788236,0.00469575870322567,0.0239149549970661,-0.0347172551401751
2662,-0.00693841577802428,-0.00863513202237432,0.0287850956057305,-0.0216883109552288
2663,-7.79011884261936e-06,-4.10747113229501e-05,-0.00015652729171012,-1.65967364911412e-05
2664,-0.019076020924327,-0.0171150393387722,-0.00399423477360843,-0.000839208505425587
2665,-0.0283858319752188,0.0131658015029166,-0.0207990116952846,-0.00933059405633346
2666,-0.0270410561498572,0.0197669675568626,-0.0125781255674295,-0.0101910454250556
2667,-0.00498355320622891,-0.0132116984717974,0.00528969251180513,0.00831248662815949
2668,-0.0137331275906213,-0.0239201692494643,0.0144022858747722,-0.0090098012719144
2669,-0.019107243373106,0.00740461786786862,0.00514462556203521,0.0292592750105729
2670,-0.00844760161937254,-0.0173453286562965,0.0255954463515375,-0.0146771625399306
2671,-0.0157902906515539,-0.00943084465070669,0.00330095056980522,-0.0149015251350207
2672,-0.00589335674402584,-0.0116228780817345,0.0232465962640532,-0.0212320682966471
2673,-0.016662493294558,0.0118984491830061,0.0328274644449446,-0.00419239367148958
2674,-0.0132399252139627,0.0136527942069585,0.0388714248373245,-0.00531419691789254
2675,-0.0223215885115843,0.0263721429067654,-0.00200649500640594,0.00739015538038456
2676,-0.0154344606115107,0.0121764781339335,-0.00249259159848004,0.0198130274252384
2677,-0.0215878707763266,-0.00264693333832837,-0.00491602727926041,0.0271291880930609
2678,-0.00861274885112722,-0.00766397794407579,0.0201611660082438,0.0117998926611292
2679,-0.0130165604879114,-0.0263025548652254,0.00725424624243186,0.0214665158650965
2680,-0.00766006018908855,-0.00771112664664044,0.0209095533414442,-0.00690011967603689
2681,-0.00112602041196866,0.00137854721284176,0.00087587197684223,-3.60240886784891e-05
2682,-0.0140361988812781,0.0141120863919728,0.0191467181491766,0.0144803842464038
2683,-0.0231305879059972,0.0186910698431895,-0.00368928873064946,0.0197532525122509
2684,-0.0281221393262525,0.014228814003055,-0.0231262214585044,0.00556374270348702
2685,-0.0213353256593589,-0.00642500058981572,-0.0088885237188027,0.0223988401068526
2686,-0.00370182568441419,-0.00520756145931518,0.00995923275831384,0.000402780733533771
2687,-0.00904562284019659,-0.00583521846179362,0.00586116521565696,0.00885136019012371
2688,-0.0055831228905911,-0.0110662839501744,-0.000921231088061088,0.00706850322727548
2689,-0.000424737118939863,0.000955905253552108,0.00293274188681979,-0.00237067331004256
2690,-0.00795612251410237,-0.00822442380751864,0.0147633890297458,-0.0200309480312139
2691,-0.00525058492754762,-0.0193519964629657,0.00102362221082871,-0.00658418946430275
2692,-0.0124321824944951,0.00306516273077444,0.0296846383079256,-0.0227133362131426
2693,-0.016053310863044,-0.016935346744975,0.0116630210078152,-0.0401928329192013
2694,-0.0124181239170202,0.00795614187965168,0.0156435659542655,-0.0369344930779691
2695,-0.0168266746202314,0.0071164668456258,0.00763219027749809,-0.0358037766058439
2696,-0.0106642009330112,0.00206197491426456,0.0251506200561762,-0.0208557548155751
2697,-0.00854273097932822,0.00179479795256487,0.0177478802658569,-0.0164459636066737
2698,-0.00769466556044704,-0.0232525351528085,-0.00418096058630827,-0.0174085020338574
2699,-0.0189431643876449,-0.00847831491252277,0.0041007031630936,-0.0455336817940807
2700,-0.0152514429800498,0.01633375169551,-0.00170534190075622,0.0184201855868694
2701,-0.01483256939687,0.0153819671353992,0.0123585379798458,0.0027912088312185
2702,-0.0283001520128021,0.00347016654213731,-0.0289286794788204,0.0124530382598064
2703,-0.000246840409984584,-0.000925988261572954,-0.00288129291613275,-0.00120172694903024
2704,-0.00237568809043995,-0.00660818782440204,0.00715028403306646,0.00474568320224584
2705,-0.0260551690384065,0.00536655167241573,-0.0191773346497588,0.00491508253266586
2706,-0.00512694119865182,-0.00171124759903857,0.0149029581066702,0.0106738395251322
2707,-0.00186140784387156,-0.00332789090812558,0.00252778770067818,0.00851362811579913
2708,-0.0262406436167834,0.0165079799289788,-0.0130450255866587,0.00220502920396073
2709,-0.0263358779069044,0.0246598540991382,-0.010104822022051,-0.00362908276376037
2710,-0.0281130766324353,0.00752910695642162,-0.0225862144734434,0.000422896498881385
2711,-0.0306861029977898,0.0241162244850926,-0.0192334600508793,0.00318941040188645
2712,-0.0238102987976584,-0.0117543313068892,-0.0230118651284282,0.00481955222902578
2713,-0.0154798956502792,-0.0467965670015493,-0.0191087779700074,-0.0151139002716667
2714,-0.0253626280254616,0.0135623833415278,-0.00583405923989016,-0.0227692896949322
2715,-0.0226999073755017,0.0147948357009385,0.00405630737460383,-0.0277104536444161
2716,-0.00536365121656204,-0.0153274121859865,0.00689096191280752,-0.0164111010252477
2717,-0.0225715503963526,0.0100172307405368,0.0049054511645277,-0.0406807861324152
2718,-0.0112825409050386,-0.0466262847997147,-0.0210369975585636,-0.0304914873573904
2719,-0.0188498994125889,-0.0176148085066537,-0.0121647171771899,-0.00700509547457053
2720,-0.0146108161637927,-0.0425728487997502,-0.0254614377162197,-0.0222611948440559
2721,-0.0130682711828232,-0.0245831289645172,0.0163547563094533,-0.00058745917274706
2722,-0.0174122972145762,-0.0229125870188698,-0.00277727253273914,0.00150216913245135
2723,-0.00163314011604856,-0.00734707621553276,-0.00402279218364638,0.00369014030411811
2724,-0.0054502923957057,-0.00942634302776215,0.00250859166851998,-0.0129206791755814
2725,-0.0137007236330572,-0.0448141806268784,-0.00843801257777581,-0.0225548219468309
2726,-0.00193570328757951,-0.00417602305125788,0.00292390402595959,-0.00782216420823551
2727,-0.00126076110250473,-0.00102667425386642,0.000259081342069143,0.00182077162859156
2728,-0.0175360038967636,-0.0412276096740541,-0.0223551298898398,-0.0188287289246019
2729,-0.0171942237634602,-0.0379494194753883,-0.0175761037386775,-0.027954300935245
2730,-0.0164510677572212,-0.0437170683364645,-0.018957860127517,-0.0280533515853329
2731,-0.0109201019116327,-0.0279206378546182,0.0124916483239615,-0.00712560235889264
2732,-0.0127918347546998,-0.0325836910231196,-0.00104617835170023,-0.0178906235988499
2733,-0.0170969037824803,-0.0333898403851543,-0.0150157605212954,-0.0330046717898265
2734,-0.0232960486292404,-0.00464829893461459,-0.018770024878627,0.00806542354421947
2735,-0.0189696149771357,0.00845821571270764,0.0063931772301693,0.0211199481267725
2736,-0.01841217665248,-0.0231303499181361,-0.0102919408364903,0.0304135795744491
2737,-0.0282838971015225,0.0202679719802063,-0.0127911600727423,-0.0140052812516838
2738,-0.00786542187899628,-0.0171766413302714,0.0161883241903539,-0.00182356616156089
2739,-0.021095693556198,-0.0152408061507301,-0.0121989914948408,-0.017440419118751
2740,-0.0274212688056085,0.0177488828553114,-0.010712250325454,-0.0196852620995857
2741,-0.0274960585164991,0.0195288465403717,-0.0123759513113893,-0.014470447335919
2742,-0.0266877882558252,0.0181380172479543,-0.00914370247442331,-0.0183449319358139
2743,-0.0133249478541032,0.00909019445959547,0.0157289813027653,0.00900390941492303
2744,-0.0262496584210588,0.0148460285266689,-0.00884407481988806,-0.0256316537836548
2745,-0.0202325743965925,-0.0166432686019664,-0.00147840129175939,0.0268693657500549
2746,-0.0129093015818961,0.0109058674127542,0.0164704938730124,0.00957619569663541
2747,-0.00159551848592333,-0.0041352333514821,0.00842390319830107,-0.00363853805717087
2748,-0.0156706005298422,0.00413974963898086,0.0242661273257293,-0.00614206311658752
2749,-0.030206789544686,0.0191080499841032,-0.0202100857711558,0.00224532477827764
2750,-0.00165527826931403,-0.00576292229970423,0.00411102262766927,0.00358974757906595
2751,-0.0184015552398656,0.0171157491668665,0.00385329893923738,0.0185229251762889
2752,-0.00290933411225774,-0.00704504146408859,0.00496284299037552,-0.0100146314477525
2753,-0.00393723804414441,-0.00801481493867108,0.00246608650412007,-0.00325731643519644
2754,-0.00161686017177342,-0.00698882905775289,0.0024640108373986,-0.00697660410841363
2755,-0.0085863220692451,0.00876638494504984,0.0178263570227373,0.00515957562566092
2756,-0.0260820543837921,-0.00467084591553808,-0.0264252513645359,0.0155219910102532
2757,-0.0177553041881218,-0.0253012856913182,-0.00220240272340251,-0.0023092817178262
2758,-0.0257212053565389,0.0109908595163448,-0.018195268108506,-0.0159738474966842
2759,-0.0153169957865539,-0.0424010706497065,-0.0150614324076745,0.00152419432377867
2760,-0.0180060524332417,-0.0293966932578401,-0.00778993645397453,-0.0192146369770911
2761,-0.0224524379078087,-0.0132234002632641,-0.0183056053008713,-0.0104989078223693
2762,-0.0159297563526947,-0.0328869541092345,-0.00312771244879048,-0.0119248016348716
2763,-0.0224219099268997,-0.0202520934763926,-0.0216801022252272,-0.0094601064488834
2764,-0.00607968541029387,0.00179488022052921,0.0266903994890157,-0.0101871880284644
2765,-0.0165652881139597,0.0136582896480369,0.00717796123183628,0.0165268576128436
2766,-0.0231925858509793,0.0101355981383803,-0.0202978809035176,-0.0047614927096924
2767,-0.0104151271857134,-0.00257419698457955,0.0120319159837758,0.0254825461094759
2768,-0.0127282542682435,0.00339511403622491,0.0237327006698098,0.0220022269236541
2769,-0.00519396816543859,-0.000811398018079304,0.00888141928753704,0.000579218298091065
2770,-0.00718511349680933,-0.0133331862289976,0.00814417656605146,-0.0161888952235053
2771,-0.00671399807775435,-0.00932608837503119,0.0209127368173163,-0.0177343295722938
2772,-0.0171455183946244,-0.0303262278666442,-0.00205880742072976,-0.026637862160485
2773,-0.00283164978726321,-0.00216598156088258,0.00590039916807715,-0.0102565872917237
2774,-0.0237497361900523,0.0172627493613477,-0.00550816840670203,-0.0133091598808371
2775,-0.0134758995683868,0.0143843195735518,0.0151991068863156,-0.0159633194781912
2776,-0.0267558187199614,0.0168494311653054,-0.0157431967482323,-0.00906098581342434
2777,-0.0145986361895017,-0.0354121760971448,0.000267397057396671,-0.0130761753183934
2778,-0.02047654802672,0.0181332020144198,0.0171894541679746,-0.00787831601194851
2779,-0.0181736791440497,0.0195129041950117,0.0208003053261183,-0.0055015028233231
2780,-0.0215243162717341,0.0188378877581717,0.0106199340082446,-0.0184027915460139
2781,-0.00617185634324641,-0.00550866111199582,0.0212088078337657,-0.0280839881985782
2782,-0.0225547308453557,0.0179261586176792,0.00978724377899397,-0.0226981532520947
2783,-0.00530133327114409,-0.0115870017534556,0.00858708578915982,0.00764092441737118
2784,-0.0141308902802729,0.0216116433828508,0.00948836721551767,-0.0174628194462736
2785,-0.0164706568242605,-0.00603774156531598,0.00225829693554177,0.0488065949615491
2786,-0.0304200056845244,0.0111805533156055,-0.0300568174549312,0.00112734161632325
2787,-0.00324897951431684,-0.0112769833035175,-0.00444458776561265,0.0173354872820383
2788,-0.00232206471581619,-0.0058122420785267,0.00294278146139579,0.000531949343862452
2789,-0.0281405701103201,0.0220618498118016,-0.0047058166940485,-0.024139935796038
2790,-0.000858118283253733,-0.000932539043639235,0.00242259723253639,-0.000116464242264509
2791,-0.00895425014851284,-0.0247948320808071,-0.00353156337894186,-0.0286381035392703
2792,-0.00156972434409918,-0.00406591480701115,-0.00540475989477633,0.00758998129127387
2793,-0.0162935205053885,0.019628021829119,0.00579944294437907,0.00892481972310134
2794,-0.0236985179036291,0.027641913853955,-0.00334568482211396,0.00948008119951996
2795,-0.0295461444030172,0.013022028037253,-0.024891717447915,0.00919070428913442
2796,-0.0257761667349687,-0.00913568401072695,-0.0289290794038313,0.0142150176169629
2797,-0.0142585128885297,-0.0217762792982392,0.00192037973036023,-0.00438161028145644
2798,-0.00831263634342332,-0.0331376133130453,-0.000802343825325799,0.00459192973242335
2799,-0.0169513167227515,-0.0310955720397873,-0.0146284843683768,-0.0105622242961621
2800,-0.00483065810119781,-0.00994941672942866,0.00176219279340055,-0.0110037239240345
2801,-0.0108942572709226,-0.00801242066801608,0.0243171096425112,-0.0337936880029663
2802,-0.0100130891892286,-0.0151175293130736,0.0285722471919421,-0.011288534315663
2803,-0.0175097765767757,-0.00552295519452764,0.0113106663587452,-0.0042152328185694
2804,-0.0193515153954087,0.0149000954869746,0.00509607023821927,-0.0253338071710038
2805,-0.00875570875640274,-0.00221291607931775,0.029406303683974,-0.0317610212425591
2806,-0.0172510311250925,-0.00337118116942447,0.00937450924791412,-0.0415457634040898
2807,-0.0225197483199221,-0.016298894491312,-0.0228683860418702,-0.00376473880910966
2808,-0.0221641296956228,0.0163282056536416,0.00790306041668115,0.00451087932640704
2809,-0.00740761291620132,-0.0149296913322079,0.0226483140654598,-0.0269908753229173
2810,-0.0209901949986366,-0.032275631416408,-0.0249872091703368,-0.031503421325794
2811,-0.00993120817002988,-0.000336117426800563,0.0218445596496987,-0.029581091490181
2812,-0.00530751447216181,-0.0112050288794874,0.0149217120820666,-0.00972279472950154
2813,-0.00166676285008048,-0.000992556378736115,0.00669920530058044,-0.00491924799663899
2814,-0.00121135147276771,-0.000317215123150519,0.00173077097992539,-0.00143074385752051
2815,-0.0172838885732114,-0.024848416449129,0.00424425009732745,-0.0121599835800481
2816,-0.016117933603202,0.0066603088727375,0.0276121832842306,-0.0126805150380098
2817,-0.0232092688985172,-0.019542127949516,-0.0199375465473181,-0.0328786227488991
2818,-0.00777344836593317,-0.00831996202412724,0.023578095924319,-0.0106476068075472
2819,-0.0193078030646287,0.0108471743884985,0.00887991374361632,-0.0338126632660335
2820,-0.0223915025119173,0.0255974413811109,0.00158311621621787,-0.00815438796234849
2821,-0.0224881472919366,0.00410543428600967,0.0051555616814989,-0.0139387278904484
2822,-0.027375010746162,0.00285498625010944,-0.0200206107788292,-0.0220876034376909
2823,-0.0169550620646904,-0.00591848676186761,0.0118739022056839,-0.0166912222862888
2824,-0.0279250291668124,0.00834414675748666,-0.0221032329681968,-0.0149323633027538
2825,-0.0163231240707068,-0.0418771261142142,-0.00904207224157537,-0.0289120072608422
2826,-0.0274577160567772,0.0194894976579774,-0.0108951667349388,-0.00084942123594807
2827,-0.0173700377770658,-0.0017251093578373,0.0129858964890263,-0.0139460673242609
2828,-0.00700712104671301,-0.00386383477502231,0.018746661472011,-0.000716213274648742
2829,-0.00607738465478804,-0.00437032631325676,0.016653482683747,-0.00478803356432307
2830,-0.00602052183703055,-0.0016766571051024,0.0204497749498708,-9.65830191785965e-05
2831,-0.0270056841883864,0.0102095434126837,-0.0168851283347484,0.0190079810576766
2832,-0.0130584680461665,-0.0192116908742673,0.0166179517346559,0.01684235199478
2833,-0.0153926683453945,-0.0285468461067545,0.00636849424737256,0.0221372130970114
2834,-0.00644033113285103,-0.0214444361671298,0.00272776564660608,-0.0112926053058267
2835,-0.0099563019616809,-0.00834719540857678,0.0242961068427536,-0.0119180775210321
2836,-0.010003508877172,-0.0262699747707416,0.00947008173467945,-0.0154818964692161
2837,-0.00525077665267623,-0.0022183372574337,0.0148253044628293,0.0119876620150832
2838,-0.018374621781437,-0.00326449973074609,-0.00699869469793186,0.00854526143701221
2839,-0.0274648917394762,0.0256024698179511,-0.00824259280925404,-0.000858001473099018
2840,-0.0216220686148212,0.0242002029930911,-0.000840729958581976,0.00668821937311452
2841,-0.0106381517349011,0.00507084985140633,0.0120325700150847,-0.018172142937589
2842,-0.0140128507995821,-0.026984583774798,-0.00580272142159198,0.0251537900492375
2843,-0.00184553979891736,-0.00338323887949485,0.0081453853576723,-0.0044637891689675
2844,-0.00147881840877586,-0.0045323708861959,0.00201018842693514,-0.00111288410191943
2845,-0.00306431066267913,-0.00590978539020594,0.011032950027841,-0.0117839296330779
2846,-0.025968301140606,0.00467204455997164,-0.0186771163323031,0.0176868531565327
2847,-0.0229746387040751,-0.0123203418660656,-0.015206550894043,-0.0132488987182215
2848,-0.0275657379896651,0.0209947909519214,-0.010700283613914,-0.0213671996256182
2849,-0.0113303502828165,0.000193307382205329,0.0339838978780934,0.0147857568772242
2850,-0.00891769144266385,0.00225226077397935,0.0256357585660098,0.0007961195342361
2851,-0.000731379369036996,-0.00188465063341938,0.00190821763128764,-0.000581731018329321
2852,-0.0222598123130191,0.0106807783755438,0.00507459408314203,-0.0218599515553538
2853,-0.0182873894552412,-0.0307928022789164,-0.0168342498689595,-0.00698302932185937
2854,-0.024503543053859,-0.00488980207064229,-0.0181953317414462,-0.0055119222306698
2855,-0.0144376525001578,-0.0341906558077357,0.00679701215924286,-0.00594390240722057
2856,-0.0223843279400523,0.0083605177055594,-0.00997107340216324,-0.0210092662051341
2857,-0.0220017324703486,-0.00662498221801909,-0.00343276048372302,0.0139453784186964
2858,-0.0276748763762395,0.00908783040850679,-0.0262329594021331,0.00867138028523419
2859,-0.0108045611408589,-0.0186746922407111,0.0138585289534916,0.00184558044533031
2860,-0.023262325136449,0.00407628764385186,-0.00294008341826709,-0.0261327593619414
2861,-0.0140460118849339,-0.0383383171235321,-0.0015474355127748,-0.0343550069074171
2862,-0.0163465109986294,-0.0311816696747677,0.00135575910214028,-0.0101050137346778
2863,-0.0151329139703256,-0.0457261859324666,-0.0261305771532227,0.000692724791581976
2864,-0.0214761359262951,-0.00537105473349316,-0.0071518814668986,0.0303449044106544
2865,-0.0193733365115321,-0.0204059498240693,-0.0055766852397579,0.0372362982739313
2866,-0.0258805245717079,0.0230268808511159,-0.0114622618006868,-0.00559848357215851
2867,-0.0233742469638923,0.0264612764095543,-0.00251139793653749,0.00010285110255421
2868,-0.0260562039632323,-0.00513799238392646,-0.0263100564762811,0.0165933046051993
2869,-0.000705097663864243,-0.0038569701242689,-0.00267982474098749,-0.0011584941495859
2870,-0.000887557297407954,-0.00184901645631907,0.00180334009486652,-0.00393483809161759
2871,-0.0163869522586312,-0.0153669465602631,0.00761098914419439,-0.0283466018398538
2872,-0.0210192554651486,0.0111241424726062,0.00863723198097584,-0.00199248832552168
2873,-0.0230315060243118,-0.0159737971814368,-0.0166378828935288,-0.0165893786247213
2874,-0.0209567178835701,-0.0334116978354811,-0.0267959680036836,-0.015554941089503
2875,-0.0182387114285941,-0.037551475283561,-0.0143937102693675,-0.015415740472643
2876,-0.0217014572690355,-0.0227156190353868,-0.0225158913519459,-0.0297352521543577
2877,-0.00855842446583787,-0.0154658371792021,0.00529873595593634,-0.0175776950255652
2878,-0.0182801057463641,-0.0256112337185129,-0.0142737269519104,-0.0282561285311578
2879,-0.0174133431915839,-0.0338208957332573,-0.00934891846053376,0.0125791212095835
2880,-0.0264871499999367,-0.00855493505998027,-0.025774887104412,-0.0101973224336631
2881,-0.017441746864135,-0.0364828159079242,-0.00688207031972572,-0.0223524991541847
2882,-0.0201892021388182,-0.0308773288811314,-0.0232438814833501,0.000332728797849583
2883,-0.0259343477337098,0.00890970140332204,-0.0109248929109359,0.0132330249169326
2884,-0.0183927658732176,-0.0173819203958962,-0.0111503524948315,-0.00211659988314091
2885,-0.0233104020369677,-0.00193297315743846,-0.0106820666454457,0.0275367697967359
2886,-0.0278203438362182,0.0233559748540322,-0.0170357410237336,0.00727568699230732
2887,-0.0226214673549369,0.00761190941328543,0.00510273621374389,0.00881446175001006
2888,-0.0113796026635242,-0.0221950395400875,0.0135062452931817,0.0258676887794423
2889,-0.0282991244651463,0.0183240057388527,-0.0191285712538309,-0.00330438546006023
2890,-0.0254878964975462,0.00947267290574781,-0.0123062007231908,0.0238268049153315
2891,-0.00935256988906091,-0.0210981730388144,0.011411549199958,-0.000549844043623641
2892,-0.0226336830897156,0.0252285853185967,0.00538280285377088,0.0110682537438281
2893,-0.0259869788681427,0.00917690510151065,-0.0203375236405232,0.0072695944274473
2894,-0.0135976310442765,-0.0162708005568649,0.0213006319336266,0.008837288026877
2895,-0.00948890336694398,-0.0266596080630552,0.0139707365317281,-0.00977971338788263
2896,-0.0176265428525662,-0.0285497269453121,0.000501393977578045,0.0156021707763582
2897,-0.0126956189435214,-0.0325273936409313,0.0133117626138637,0.00422084562770681
2898,-0.0169044828740597,0.0261578789995682,0.00853097722267857,0.00294360011406536
2899,-0.0315195293364326,0.0205117332083206,-0.0230424167140073,0.000548122152913694
2900,-0.0157770806953154,-0.00884487508582926,-0.008350404354761,0.0135424383379562
2901,-0.00369853235643606,-0.00652521742957534,-0.00254211068210247,0.00940611264293675
2902,-0.0163810747556588,-0.00904119011616606,0.0059553524352702,0.00345853687245199
2903,-0.0131583582790489,-0.0222902084168089,-2.14267755876786e-05,0.0387367471178044
2904,-5.87491806997127e-05,-0.000155686257803012,-4.92811849818796e-05,-0.000479881972551199
2905,-0.0118113988943411,-0.00125218031859378,0.0352000883372538,0.0206282134484249
2906,-0.00328354092732766,-0.00288065561929365,-0.0106995561387532,-0.0181669888709415
2907,-0.00925960828097505,-0.0126683549607081,0.0118632855608691,-0.0282219468564645
2908,-0.0001496360623267,-0.000260419916978267,-3.74792247975235e-05,0.000189103654828377
2909,-0.0100911061855215,-0.00464984568396851,-0.00950378610243773,0.0114039678257205
2910,-0.0181273802613757,-0.0221738973532678,-0.0147918425784661,0.036086532093433
2911,-0.000917349059825007,-0.000653921622287801,0.000641659931972995,-0.00223020676433789
2912,-0.0108245624693434,-0.0269734872493207,0.00981429565101976,0.0119545214671561
2913,-0.0129619580538006,-0.0226510157153291,0.0111951166340374,0.0193650829369809
2914,-0.0211374205356967,-0.0121957042682233,-0.012715192242883,0.0301129768892354
2915,-0.0111760603287644,-0.00543474604357867,0.0182043988930357,0.0160145031621875
2916,-0.000498895839454005,-0.00110637440993656,0.00213516479255353,0.000151718015743416
2917,-0.0118607734897888,-0.0320802117747345,0.0100548137958148,-0.00716545814911625
2918,-0.0114446511797202,-0.0274976555778452,-0.00591278662601764,-0.0309151586608887
2919,-0.0163984811447637,-0.0458484236091839,-0.0223338350898439,-0.0344148969167895
2920,-0.019695939837128,-0.0257712554577678,-0.00676895020571415,-0.00354642865200474
2921,-0.00118967335026772,-0.00102811153915062,0.00446678122835815,-0.000482806253065845
2922,-0.00528610102541515,-0.00363178430023171,0.0221147574505996,-0.00699855074029694
2923,-0.0119669218229445,-0.0210374626585396,0.021731126130068,0.0210389136527787
2924,-0.00633875179379962,-0.00926589999666645,0.0110443709782039,-0.0132242519622411
2925,-0.001490262898141,-0.0111074307689981,-0.00548355229339838,-0.00562903711773532
2926,-0.012351896004625,-0.0193984928904488,0.0154031535889021,0.00832579537251013
2927,-0.0176729143838053,-0.0133123216168112,0.00302727506945669,0.00345937756305682
2928,-0.00949362228979776,-0.0170864235518551,0.0104462991001884,-0.0330365893779413
2929,-0.0124933555273842,-0.0180158322523997,0.0146960207724272,0.00391530382325531
2930,-0.0219428512655317,0.000934664707095438,-0.00917280044815477,0.0158215731719597
2931,-0.016705989821956,0.0249926503038845,0.0192820955440993,0.00387008457379207
2932,-0.0303647320895054,0.0287432494814362,-0.0140534361754748,0.00959033730164748
2933,-0.0285885520431786,0.0164819256798814,-0.0222784685527478,0.0159386485677242
2934,-0.00148227980057859,0.00439932546521533,0.00287461284354068,0.00541001217383651
2935,-0.0130425030667754,-0.0159132472983312,0.00223106243397282,-0.0130493729458128
2936,-0.000318300152998348,-0.00115550040233599,0.00098636394308303,-0.000962710607855657
2937,-0.0205308066747525,-0.0278700130827458,-0.0181404005204719,-0.0108763782612536
2938,-0.0195046964421385,0.00682511175229201,0.00811024903365977,-0.0400301344799502
2939,-0.0014695466406441,-0.00389102529143936,-0.00235673907833043,-0.00732451864247339
2940,-0.0211662051403,0.00767631174811421,-0.00273265544695961,0.0297177793421374
2941,-0.0188990067981952,0.0293206767710774,0.00660247923714005,0.00389543562940208
2942,-0.0233981085237639,0.0153254236893546,-0.0129831767760121,0.00429674534489095
2943,-0.0130963167802066,-0.0244175396719982,0.00699603279492267,0.0194024870105984
2944,-0.0279461152665711,0.0176434834993556,-0.018730849164034,-0.0077288458000034
2945,-0.0287088473063406,0.00999075340071661,-0.0303918148653371,0.000819278748655263
2946,-0.00555745109712359,-0.0116313054649585,0.00783427196422265,0.020767671852191
2947,-0.0037685965937764,-0.00297623234773001,0.00464391478176225,0.0110210668733048
2948,-0.0211070451360479,-0.0181956868951404,-0.0260229965644789,0.00856800296766372
2949,-0.00102360094295139,-0.00250791672362042,0.0043028783369322,0.0006033321420089
2950,-0.0106088571828073,-0.00124856643515289,0.0316079707161245,-0.00342203222472253
2951,-0.00107895445698626,-0.00177048171507804,0.00310689505967247,0.000136035582015603
2952,-0.0158148212882053,-0.0331248341374346,-0.00585843132795259,-0.0147843880760969
2953,-0.0257618984381455,0.00465328084433475,-0.0189209119543867,-0.0126131326252713
2954,-0.0206645283578325,-0.00847516692544541,-0.00656877433249556,-0.00413108185564239
2955,-0.00918030827229206,-0.0279742222042503,-0.00283219351641105,-0.0196973819828064
2956,-0.000892291019205979,-0.0011784970905565,-0.00340132899327581,-0.00375310788511709
2957,-0.0221902067022324,0.0230978091707803,-0.000361838167728984,0.00552793498685604
2958,-0.0258331750572144,0.0163693194595597,-0.0157262427452626,0.00192058106812841
2959,-0.0276954414505532,0.0180796342839427,-0.0177737825377231,-0.00539073143748573
2960,-0.0256161718209792,0.00913287971687937,-0.0232586031575997,0.00862766162074139
2961,-0.0133550126740531,0.0189971581164602,0.0235688053130605,0.00521126993316325
2962,-0.0256670895509531,0.0178461799280303,-0.00346321539665662,0.0229670892609053
2963,-0.021171223928526,0.00203381698099139,-0.0211723900311777,0.0305959255181665
2964,-0.0098535748511194,0.00929132679008346,0.0218970015292253,0.0156398130112299
2965,-0.0207021505685685,-0.00855536827832856,0.00761835951521552,-0.00334433411343295
2966,-0.0171526928097232,-0.0356008617942449,-0.0168100052240613,-0.0147317345178629
2967,-0.0111721258777067,-0.0204532651085706,-0.00843209687906321,0.0157372549163018
2968,0.000215445074142653,0.00282799970844804,-0.000681593345998697,-0.000958587496242844
2969,-0.0243316004298299,0.0113735590314632,-0.0195177921520823,0.018021405450024
2970,-0.0238261866558524,0.0132394343915402,-0.0122275904665257,0.0215997481925203
2971,-0.000604169496222415,-0.000550407520732887,0.00116800077894885,-0.000644188241657581
2972,-0.0135322112178186,-0.0185050090911085,-0.00309941831384189,0.00209025451348103
2973,-0.0252387947384916,0.0116824278820994,-0.0127115369401636,0.0175493266041981
2974,-0.0110203475716038,0.0169166651877776,0.0185896171140446,-0.00612033163606275
2975,-0.00640283959358748,-0.0115658322757181,0.00522489919130525,0.00126820859073886
2976,-0.0179211155064702,-0.0163336634298304,-0.00433082235856064,0.00655498919505313
2977,-0.0285362740193297,0.00514039616354573,-0.020961053917536,-0.0127808229348129
2978,-0.0178884470123525,0.0178156813766861,0.0258779246909343,-0.00280210425886421
2979,-0.0270484979829755,0.00200216822284051,-0.0181761527750172,0.000909221188115702
2980,-0.0136134609137311,-0.0325352969690301,-0.00642960429071755,-0.0107706005424573
2981,-0.0154875149248669,-0.0366304760728424,-0.00523789185891916,-0.0333444812396556
2982,-0.0209149601027672,-0.0237336529575755,-0.0223710642797725,-0.0111142495757668
2983,-0.000238357743245417,0.000608480541427873,0.00119254765673457,-0.000241861385684276
2984,-0.0269657554486973,0.0193692190715168,-0.0153741996930227,-0.00404292523639564
2985,-0.0209333996867655,-0.00885562993705578,-0.00563325718484597,-0.0127119536772697
2986,-0.000340368113544938,-0.00118259186612966,0.000768612511022847,0.000817409663519516
2987,-0.0182469907794477,0.00744597467964698,0.015182174663761,0.00710384120498373
2988,-0.00116816879199168,-0.00259365892351938,-0.00947558922853852,-0.00308227502253064
2989,-0.0137280464953869,0.0144195436030578,0.0254765135926248,-0.0191663047519127
2990,-0.000127568754246701,-0.00017015439309396,-0.000267025018866688,0.00074888328597141
2991,-0.0274923618223737,0.0177364504552196,-0.0139940309817215,-0.00896090877371818
2992,-0.0137448397865744,-0.0311412263326477,0.00812882250295796,0.0019318069338189
2993,-0.000894558318282676,-0.000811262118941964,0.00246103759865673,-0.000229256769311205
2994,-0.0205363174391693,0.00788223142280994,0.0193969385053347,-0.0183540725496856
2995,-0.0155997261636044,-0.0125590340859984,0.0185468114589872,-0.00390411534751609
2996,-0.00396742268063984,-0.0126508142551976,-0.00696857909120008,-0.0120821730358579
2997,-0.00227429418050327,-0.000314418319396037,0.00399568683065812,-0.0170359134396588
2998,-0.0149766529375487,-0.0317720989200699,-0.00248090412282914,-0.0051002781458873
2999,-0.0100191729263033,-0.0173574227281875,0.0208589113982454,-0.00172181485967873
3000,-0.0237398210744193,0.0227138446185223,-0.0101474156834063,0.00995508007540575
3001,-0.000596372212188448,-0.000540841412627976,0.00164069173243782,-0.000152837846207469
3002,-0.0086410709082011,-0.0268019921829759,0.00149057016086154,-0.0084041023788909
3003,-0.0125192824277143,-0.0261230365867766,0.0045051209752739,-0.0146026944883193
3004,-0.00794706040269071,-0.0299687127165192,0.0025690290324819,-0.0164705188276194
3005,-0.0129991545577134,-0.0489399740532684,-0.0186654733406508,-0.0239039578150916
3006,-0.0119753056141568,0.0106681128092843,0.0210873511942385,0.0338239474501125
3007,-7.79011884261936e-06,-4.10747113229501e-05,-0.00015652729171012,-1.65967364911412e-05
3009,-0.0172623070097984,-0.0157758567684362,0.0108630526265924,-0.0175416081310901
3010,-0.00264733910711758,-0.00251998431872462,-0.000403272709702368,-0.00883706644041431
3011,-0.00139483383658994,-0.00378115799586105,-0.00509359450623683,0.00383828927240879
3012,-0.0110611740781476,-0.0136276738992945,0.0286284698649079,-0.0151075423355554
3013,-0.00116118695127002,0.00433663332941453,0.0045989631367466,-0.000107352599999993
3014,-0.00016065355793674,-0.000724780148528385,0.000252235326792858,0.000505386816821761
3015,-0.0151519196236843,0.01140688120993,-0.00536880780582095,0.0104178355237503
3016,-0.00785609390597225,-0.00542792977785771,0.0169555994987147,0.00915067024068669
3017,-0.00964008700975884,-0.008865799465939,0.00756155169641618,0.00907992439902587
3018,-0.014465209981516,-0.0138932323228192,-0.00969760886114517,0.00503600651223906
3019,-0.00242998968274802,-0.00407812528341684,0.00440443912904377,0.00388433348824962
3020,-0.0119290586040441,0.00569539701583817,0.0258222780083635,0.00312478312851326
3021,-0.0232192546059193,-0.00457923096453361,-0.0166246238604155,0.010753913009875
3023,-0.0247355823496056,-0.00354232789070326,-0.0113983247247101,0.0241103924910844
3024,-0.0199824980935948,0.0105183317496576,0.00263852459982771,0.0210120765210269
3025,-0.0117834504578258,0.00447982550514704,0.0228183216089852,0.0167174691890442
3026,-0.0173082934963916,0.0123906138613707,0.0213064204524474,0.0229673254985844
3027,-0.0230906465016403,0.00998571611159409,-0.00817640290568843,0.0152065031544669
3028,-0.0197720874360907,-0.0101346708072095,-0.00762984962996531,0.00215598740717984
3029,-0.0239727591653159,0.0131181294677011,-0.00163981865854554,0.027430524068288
3030,-0.0266625156638698,0.0214895081673518,-0.0139610624283179,-0.00333813847722399
3031,-0.0160565323823982,0.00771021016291869,0.0157543210529174,0.00306526672970127
3032,-0.025518822630932,0.01451596305038,-0.0103517904843845,0.0179623959780116
3033,-0.026684794458336,0.0262255068764646,-0.00906475418525419,0.00626105715583225
3034,-0.0175869179693008,0.018967350101392,0.0103876554612852,0.0198036211561283
3035,-0.0145910061667446,-0.00184447263462268,0.0142829471176473,0.0112277255537458
3036,-0.0177224905514672,0.00695178069253015,0.0152865979950577,0.0334782730596789
3037,-0.0217418348197604,-0.0134381885088619,-0.0206737215256646,0.0220876463780009
3038,-0.0194703654276792,-0.00383388176795335,0.00816024352272738,0.0309832008939869
3039,-0.0170400947988184,-0.00512228186134025,0.010996123406719,0.0133063372418882
3040,-0.0228563691551666,0.0185415211285896,-0.0077926679839287,0.00596776859254219
3041,-0.018932758987253,0.00962886278794757,0.00830254971414247,-0.0118597269334701
3042,-0.0294562368627126,0.0202974546344135,-0.00891169404058358,-0.0104611456014864
3043,-0.0209433437899675,-0.013855594341015,-0.00718704280681501,-0.011368582714577
3044,-0.026454655499968,0.0177174852832129,-0.0125792586159336,-0.00146162568335355
3045,-0.00711442218830166,0.00842369592998291,0.0261519189414845,0.00111678906861393
3046,-0.0206227201011844,0.0191824875460195,0.00463836696653984,0.0146356164591216
3047,-0.0177931574682373,0.00335021152147807,0.00969587521105099,0.0350247067065042
3048,-0.0214560488064912,-0.00627805610302494,0.00618770489910604,0.038961238910471
3049,-0.0162620422400699,-0.0130928600009273,0.0163926740292149,0.0122751092994981
3050,-0.0179723595962804,0.0260764952706056,0.00994247936584632,-0.000862773683429895
3051,-0.0188592083411118,0.0166117578444511,0.0146128768542024,0.00943008378630236
3052,-0.0154618007851336,0.0164902045908159,0.0322359073421988,0.00100012372291238
3053,-0.00955142114020044,0.00418024424806475,0.0129312126665316,0.0102297579399133
3054,-0.00112699337940369,-0.00358579625986763,0.00289941500552724,-0.00173890073193427
3056,-0.0130707482013678,-0.0330882561183912,0.00351444850014486,0.000649162554191014
3057,-0.00463370205058359,-0.0119295256109375,0.00260579126201338,0.00143973027431284
3058,-0.00620190145882492,-0.018854498841607,0.0117710727248998,-0.00998444354557973
3059,-0.0129847639224788,-0.0294939797313226,5.36917498273193e-06,-0.0250825799779844
3060,-0.0185217986222484,0.0201173070582788,0.00396645757878938,0.00680033281771478
3061,-0.0109232427042967,0.00721813084665669,0.0195463433095028,0.0105210060809622
3062,-0.0167001040383387,0.0107183544304128,0.000972584535275698,0.00884737805097797
3063,-0.00208363258629224,-0.00763258411888401,0.0011348679420486,0.00154471788236252
3064,-0.0145699790871625,-0.0257334071780853,-0.0205212037622113,0.00150730300511795
3065,-9.72094917431652e-05,0.000798518614382969,-0.00213585032876016,-0.00205385928872222
3067,-0.00163518746545127,-0.00183259936755461,0.00243068388307827,-0.00354166062104726
3068,-0.00343855163927275,-0.00831626803694205,0.006867371000854,-0.00122168236210004
3069,-0.000630177167981268,0.00143471572707151,-0.00134861762893779,-0.004704814046606
3070,-0.000390520620796208,-0.00337317155010928,0.0010577350451999,-0.00268938055753719
3071,-0.0206672156393339,-0.0198122318330552,-0.00830805542522128,0.00867663693332717
3072,-7.69001668261784e-05,0.00114830989454717,-0.000722533138205694,-0.00121270417411385
3073,-0.0256943598975808,0.0183730913353115,-0.0134552796796161,0.00523180620727404
3074,-0.0126930360214969,0.00280012859769298,0.0104793487176277,0.0236324709947043
3075,-0.0215789390966107,0.0266706497947133,0.00530756796219563,-0.00564602647438412
3076,-0.023483302961447,0.0244130909600515,-0.00145829593442225,0.0066847497670438
3077,-0.0119020789539397,-0.0146652652631319,-0.00249903388667186,0.0119853488980592
3078,-0.00133468635227068,0.00247501569833959,0.00170174718945573,-0.00265297681207871
3079,-0.0122708002045657,-0.0311442825224051,0.00583085670168937,-0.0135213776002939
3080,-0.00190733325272432,-0.00328999021867358,0.000212044218778943,-0.00274851026983321
3081,-0.00894086493966893,-0.0320203839630348,0.00436787971796237,-0.0183621622057621
3082,-0.0239563900530883,-0.0188000480941871,-0.0253602171987459,-0.0168169392565771
3083,-0.0165610204895236,-0.0135358771804924,0.00454820706647364,0.00352735224840278
3084,-0.00980071594040595,-0.0206277514453562,0.00701217803966609,-0.0111850512846283
3085,-0.0151795940954892,-0.0240991339168683,0.00674108852878171,-0.0243576871610046
3086,-0.0123428157984133,-0.0239838756742025,0.00963506413376513,-0.0250364221048192
3087,-0.000298186106094224,-0.000270420706313988,0.000820345866218911,-7.64189231037346e-05
3088,-0.00557483247196874,-0.0109077926572477,0.0158208934745765,-0.00288609944198115
3089,-0.000334180335868681,-0.000486516659264303,7.23113101825168e-05,-0.000710237628364062
3091,-0.0152768224248377,0.026572976660596,0.0227235559080142,0.0150863766132476
3092,-0.0254791558465421,-0.00210487286813937,-0.0175346885694129,0.0293660792915602
3093,-0.010751916456417,-0.00302490471603011,0.00938506103595311,0.00904639297099268
3094,-0.00707451586552344,-0.0161319988718942,-0.00444284718308276,0.0126812848172751
3095,-0.0103721779321541,-0.0191337989458615,0.00154625717260395,0.0044404677602088
3097,-0.00176355895158642,0.00478012388583454,0.00546606505541394,-3.37771050989837e-05
3098,-0.000237586293070759,0.00044132296543398,7.19260562878335e-05,0.000732230480017784
3099,-0.015349520170099,0.0135745515330928,0.0155578390108364,0.0143031780956399
3100,-0.013702410726874,0.011380224363399,0.0215280400464187,0.0197787953364941
3101,-0.0177550374048922,0.0214609624498929,0.00966237818158132,0.0137271513181148
3102,-0.0190471226922267,0.0131006003728757,0.0263945567874476,-0.00394748587849872
3103,-0.0272695601458536,0.00565631569610409,-0.0184569228909847,0.00269122443767666
3104,-0.010690435373909,-0.0299068611367422,0.0126333639499234,-0.00604389391196352
3105,-0.0167987231510102,-0.0318196518096801,-0.00200850389865325,0.00108048482667827
3106,-0.00747730339527585,-0.00796471404413013,0.022925688392423,0.00366997042856865
3107,-0.00766945961298631,-0.0232782421355715,0.0100329606711615,-0.0042779274856994
3108,-0.0254673984718773,-0.00408570944164926,-0.0199771884440759,-0.0198434937915565
3109,-0.00267962243045976,-0.00129906032282771,-0.00211748304032389,-0.00948853274591151
3111,5.06731964519642e-05,0.00231718454483287,-0.000514518600804561,-0.00434488386078469
3112,-0.0112526447633268,-0.0264498876262136,0.00781348040287445,-0.0134787081817897
3113,-0.0139220852599218,-0.00920968112921996,0.00946029568351932,-0.0285260509858876
3114,-0.0103813004460831,-0.0120864132310989,0.00551964993698291,-0.0431282380456429
3115,-0.0182598524873121,-0.0370931461772943,-0.0150800395487266,-0.0165796834831586
3116,-0.0211997482469537,-0.0192386534491384,-0.0138653450270434,-0.00278199225948448
3117,-0.00746653774321499,-0.0154802588148539,0.0211592264378425,-0.000606032535669386
3118,-0.00543512272867514,-0.0056029768533472,0.0104375876302897,-0.030026490558843
3119,-0.00699486789438652,-0.00496992881290516,0.0100920272484895,-0.00351945176913768
3120,-0.00238948774418539,-0.00555197733075097,0.00668634618104634,-0.0106097102875063
3121,-0.0207398427848743,-0.0219467399557904,-0.00847664772665946,-0.00772710115723029
3122,-0.00834292789774428,-0.0227872290067482,0.00552845403657359,-0.0250634592683942
3123,-0.0188535392500541,-0.0342089599848594,-0.0121624959904329,0.00284797758151853
3124,-0.00415822807981005,-0.00462480994301128,0.0142266575010583,-0.0306228769730731
3125,-0.00105536847117599,-0.00215031627774877,0.00346616118011378,0.00289116360866335
3126,-0.000280799163351826,-0.0030733394498826,-0.00237249537682647,0.000401526415271147
3127,-0.0173646260230165,0.0230469088538282,0.00580879978649545,-0.00236752570089717
3128,-0.0188483869404814,0.0142792034133953,0.0044428503326214,0.0139442691881085
3129,-0.015076919897342,-0.0322248975876385,-0.0242648283243014,0.0214682497036922
3130,-0.0226934177856303,-0.0041109605113065,-0.00642533625868794,0.0170985352844616
3131,-0.025985438844371,-0.00671013092607521,-0.0252654818149412,-0.00782415497387335
3132,-0.027834889083082,0.0123690440425221,-0.0162570306177542,0.00789757967592659
3133,-0.0287448927908888,0.017870199805165,-0.024739666959591,0.00541904803623472
3134,-0.0280979141047564,0.00922616915010807,-0.0237176311051803,-0.00536548223219924
3135,-0.0291604941462279,0.0132361704455869,-0.0231847500582665,-0.00635003415659251
3136,-0.0189221227137567,-0.0221063665313389,-0.0116735026748035,-0.0384088521612298
3137,-0.0236073125527323,-0.00588281218580998,-0.0129866305468406,-0.0415222143187003
3138,-0.0231787010811311,0.0184325046155092,0.00349309953904483,-0.0345512349174595
3139,-0.0119539876337569,-0.00162073141041421,0.0137950752508487,-0.0268476279530535
3140,-0.0162648144386613,-0.0208707246693063,0.00550188616778002,-0.0234636832754008
3141,-0.0156460265753552,-0.0148662942015981,0.0168002324049895,0.011550826098935
3142,-0.0133547389489431,-0.035230010451185,-0.00157957217192119,-0.0141489047911783
3143,-0.0139708814608049,0.00816213551588959,0.0214507934474079,-0.025920310624645
3144,-0.00141549171942266,-0.00187112101862646,0.00346396898953333,-0.00331027728094892
3145,-0.00442939577218233,-0.014321015140178,0.00473872810783732,0.00204848194731218
3146,-0.0129869112837941,-0.0118797985903071,0.00810898237012298,-0.0417715133043134
3147,-0.000238357743245417,0.000608480541427873,0.00119254765673457,-0.000241861385684276
3148,-0.000292890465597156,-0.00252987866258196,0.000793301283899925,-0.00201703541815289
3149,-0.00205051850072691,-0.00747760751774894,0.00204328236511795,0.000841875912885122
3150,-0.0175635383381908,-0.0293396574921729,-0.0116097108307712,-0.0189515174520659
3151,-0.00149403556597323,-0.00297530573614894,0.000338742017644062,-0.00134212291520439
3152,-0.00181017277086649,0.00107126102363895,0.000576616827943075,0.000451203636617388
3153,-0.000395977155117932,0.0007355382757233,0.000119876760479721,0.00122038413336298
3154,-0.0246892913588368,0.0116455967780295,-0.00909559147667823,-0.0304863481733482
3155,-0.0112953345395318,-0.00387713183329422,0.0232976478423696,0.000584999763463922
3156,-0.0267200935280126,0.0137053960999766,-0.0126573674895729,0.00918069167230195
3157,-0.0125954066883336,-0.000668662515654989,0.0235280260018505,-0.00105057290047576
3158,-0.0137571927879118,0.000408741782793613,0.0175762063859225,-7.70050255183936e-05
3159,-0.00845864928260358,-0.00380390761436057,0.0233190325328453,-0.0127627070036645
3160,-0.00468929852127871,-0.00338217743053174,0.0119579096816813,-0.00459496494893876
3161,-0.00858585540531364,-0.00814132572346424,0.0245318834550642,0.00453813718196112
3162,-0.00768359982574655,-0.00841241863855554,0.0207373180250442,-0.00280949377399928
3163,-0.00721906862329955,-0.00957813988911281,0.0258395067478443,0.00488145757658941
3164,-0.0134697507923179,0.00272923100801001,0.0233204458512838,-0.000433105768923644
3165,-0.0108016519448168,-0.0144645102442442,0.0228750334731202,-0.00167886033865833
3166,-0.0259315216564675,0.00516095643760505,-0.0153172275693406,-0.0144319691397695
3167,-0.0202209038767612,-0.00942004827570764,0.00888918899652338,-0.0047655864027035
3168,-0.0173450303363138,-0.0122089219846788,0.0160437460272905,-0.00663148582878754
3169,-0.0127344035349969,-0.0195267191088332,0.0247582686405,-0.0113815767241567
3170,-0.00723825496485867,-0.0058135806289677,0.0218014908894425,-0.00660383036336637
3171,-0.00944567585609628,0.00312315854064545,0.0238421812567173,-0.0180575647462963
3172,-0.00859814289108943,-0.0272917244652623,0.00723292133782965,-0.000636786946685812
3173,-0.00729514106579526,-0.00740747287776713,0.0178360231952586,0.00330131552695049
3174,-0.0235619577988022,0.0159792069045142,0.00214613272979427,-0.00443425886144671
3175,-0.021835683148294,-0.0076393127704318,-0.00164995727116328,-0.0232516777516319
3176,-0.0180204618135122,0.000493396383447267,-0.00134646849756908,-0.0500804206820247
3177,-0.00110990341989399,-0.000647110712501078,0.00195338541150477,-0.000970323898176495
3178,-0.0285894585571355,0.0207807387885743,-0.0184715613844519,0.0132425115199653
3179,-0.0209238099065651,0.0292837200816614,0.0133665255811303,0.00193839291084262
3180,-0.0033804643790318,-0.00827873640302822,-0.000697732960675367,0.00409255176710533
3181,-0.0174580633122292,-0.00832244204750672,0.0120853260625024,0.000909600634681958
3182,-0.00106978235512495,-0.00290440992242666,0.00151717367096874,0.000903316407340676
3183,-0.0122027072798109,-0.0217221820777051,-0.00300967402115821,0.0106251907558571
3184,-0.00578936986601743,-0.0179130940945696,-0.0116824714299982,-0.0259942023394263
3185,-0.0147737325373138,-0.0313147847775373,-0.0041052771328283,-0.0199189772602925
3186,-0.0155273828905981,-0.0144234496125372,0.0095929991912913,-0.0385411336052296
3187,-0.0273996815106061,0.0126537251953085,-0.0213335206323262,0.00878255431773266
3188,-0.0065302834141164,-0.0173728307515945,0.00716249739433072,-0.00599813898416538
3189,-0.0207700884100328,-0.00588843066992855,0.00266436976973099,-0.0139203438818984
3190,-0.0301824626478219,0.0245881929058448,-0.0197443282806321,-0.0112603522261933
3191,-0.0161277463612899,-0.0224810454828124,0.00185180823416256,0.00400835124801739
3192,-0.0113041028737965,-0.0227300122968241,0.0208305721258228,-0.000809761308470346
3193,-0.0250455879163619,-0.0056458234457121,-0.0227518955802302,0.00175539503793328
3194,-0.0144034954670319,-0.0188879402367983,0.0175811960506014,0.0174510653472317
3195,-0.0172281838284751,-0.00903638839202612,0.00703842785126923,0.0282656804054932
3196,-0.0142819270453882,-0.00892196011724303,0.0282896570463254,-0.0127262059090136
3197,-0.0116806443248679,-0.0162907442627698,0.00850282691595691,0.00228311821351394
3198,-0.0270202477143059,-0.012035549397843,-0.0287598949103182,-0.00837956778134543
3199,-0.0179009835224032,0.0128913719888117,0.021907662049122,-0.0251350443560746
3200,-0.00981826777411554,0.00508084416408557,0.0384440561919949,-0.0181879732339588
3201,-0.00861291094583634,0.00342678034982288,0.0322960741286308,-0.0156221049129961
3202,-0.00758280508445676,-0.000549872743952343,0.0260400439798331,-0.0158257606882178
3203,-0.00610933848745326,0.00574000352324246,0.0305264697186298,-0.0118733284551758
3204,-0.0287469114554571,0.00164043033032012,-0.0242089515861519,-0.0167679602627473
3205,-0.0111753233249488,-0.00268021780683753,0.0226725227806462,0.0441801725036357
3206,-0.00233370572747032,-0.000613060722271847,0.0115175261519612,-0.00214355985452061
3207,-0.0155170947301863,0.0148767498336948,0.0147769456679841,-0.018217208929038
3208,-0.0100568357091538,0.0154069491142606,0.0262929047749469,-0.0117860970675446
3209,-0.00806162866663018,0.00973055106264346,0.0278857635776866,-0.0165306705320849
3210,-0.0200709458444844,0.0241764628405459,0.016303308183146,-0.000764835212964607
3211,-0.00750559429432009,-0.00447155460314323,0.0274626780192813,-0.0148682780534692
3212,-0.00274920236223805,0.00675729108420207,0.0141029927992898,-0.0036101624381042
3213,-0.0164995711341029,0.0213265467427543,0.0295050923353999,-0.00797151169882252
3214,-0.0185035776317221,-0.00479652235531216,-0.000562175732221616,-0.014477148610821
3215,-0.0119140811728864,-0.0246439286540747,0.0108745172619386,-0.00292950949092803
3216,-0.0161532188986414,-0.0302217559277987,-0.00510387686996846,-0.020294171843369
3217,-0.0275784110386421,0.0216310945809305,-0.0140860188219688,0.0124917195064836
3218,-0.0090133105458757,-0.0188305234793044,0.0169115408593856,-0.00175453758581004
3219,-0.0241538734920579,0.0211188621768901,-0.00365137439625454,0.00497133906666263
3220,-0.0244474731568701,-0.00509117971993501,-0.0132370809425943,-0.000383678496755614
3221,-0.0194682712465314,0.0252855773123019,0.0128498960629447,0.00971283577838271
3222,-0.0100373814554528,0.0109112864328547,0.0137373385379776,0.0267882095977477
3223,-0.00793225907901355,0.00779619761617444,0.0165434004810077,0.0224015576757353
3224,-0.0161379548540087,-0.0289315376241894,-0.0131445616921539,0.00224036784934891
3225,-0.0174222343892994,0.000620275749379331,0.000396240950601518,0.00999804816829957
3226,-0.000429513322882122,0.000943432432401908,0.00310815025940256,0.00151820846722884
3227,-0.00929761100065114,-0.0158511968098357,0.0182976849696773,-0.0263004701674097
3228,-0.000326177077360272,-0.000599523766318699,0.000687219847593172,-0.000643650247819912
3229,-0.0258556310335584,0.00993454100715551,-0.0162420129515164,-0.00251286539452137
3230,-0.0223038150024053,-0.0214177888837613,-0.024141746721518,-0.0241008597620873
3231,-0.00265699010712698,-0.00179541758079823,0.010480003491388,0.000205192246558245
3232,-0.00500197653312842,0.00716458396962671,0.0162594510401057,-0.0130251983206453
3233,-0.00639487815902265,-0.0187484112614262,0.0153437929872073,0.00014687057783437
3234,-0.0195538798645549,0.00320082908609373,0.0138572556123342,0.0173392909962307
3235,-0.0240308798827214,-0.00828238563897688,-0.0223175500642605,-0.0286869926852965
3236,-0.0267347263672215,-0.005260376320863,-0.022591851445396,-0.0162621954667643
3237,-0.0237036152791391,-0.0213620405058285,-0.0218037379787384,-0.00763464712332669
3238,-0.0171700514485992,-0.0323179717911697,-0.0213375689653087,-0.0296741671932866
3239,-0.0292285625929291,0.01748270687083,-0.0198377363093821,-0.00716103893921873
3240,-0.00171708854018249,-0.00170273953280734,0.00540204260025904,0.00118174998595864
3241,-0.0054977999361491,-0.0229485044680599,-0.0151461811478772,-0.0165656330053856
3242,-0.00350050036616427,0.00655130510222014,0.00739000830547234,-0.0124817049820897
3243,-0.0181926725580619,-0.0382283524740711,-0.0175513766828938,0.00452849557122776
3244,-0.0267748945418983,0.0178227794657492,-0.0174883299570125,-0.00314356464845896
3245,-0.0174076766213922,0.00826305552300119,0.0144121420313747,0.0268707485073856
3246,-0.0183666583686028,-0.00451623939772852,0.00576561941599651,0.00445434676678606
3247,-0.0256864329612059,0.0205055147930391,-0.00622420985786546,-0.00185183574073053
3248,-0.0156125895274371,-0.0156294708166639,0.0242902207736472,0.0109146848545538
3249,-0.0293852665917051,0.0149994240038465,-0.0244795949060602,6.78606406452954e-05
3250,-0.000263073609842585,-0.000851493857714201,0.00116806382352152,0.000946122928432546
3251,-0.0170741931256455,0.00838920164609229,0.0151960338025356,0.00990215083544238
3252,-0.0137798355614504,0.0289464101160134,0.0217600830282656,0.0155021704809875
3253,-0.000132116181762879,-0.00114845556904281,-0.000531948467779103,0.00137638484054809
3254,-0.00302870583049712,-0.00790024628707019,0.00514489145238936,-0.0270473141413847
3255,-0.0158439280297466,-0.00708516485909124,0.0225502286903838,-0.0280885007337031
3256,-0.0032131811737329,-0.00717607551111828,0.00770972338938167,-0.0256953951723368
3257,-0.0209816143355614,0.0251754670255975,0.000359021093490111,0.00146021948447193
3258,-0.00502193959953718,-0.00894365247892421,0.00976225431118202,-0.0178477321000727
3259,-0.0115828373327429,-0.0111141334042829,0.023520561025739,-0.0199081637212261
3260,-0.00665059838854971,-0.0170221946870366,0.00931913102998523,-0.00650366901208953
3261,-0.000355447223484527,-0.000419427304807193,0.000772998921907391,-0.000552136416124583
3262,-0.0251431475348148,0.0142875608038542,-0.00732345392902532,-0.0199545157138847
3263,-0.00590656572690274,-0.0118551784613415,0.0210996421579103,-0.00603097408294376
3264,-0.0120098222839209,-0.0282327175537853,0.0133608330753214,0.00220439992369
3265,-0.0125755655794388,-0.0150978684380669,0.0245555211171573,0.0058565082304955
3266,-0.0242474082463821,-0.00808144499361719,-0.0137545191579547,-0.00909017344524206
3267,-0.0286197037841445,0.0239943456161133,-0.0171057795164154,-0.00367748718142257
3268,-0.0130822840347609,-0.0131765543755849,0.0100063714348733,0.0107008998220424
3269,-0.0209750678879452,-0.00374440288311874,0.00187640647542983,0.0148688776532815
3270,-0.0133895500079986,-0.00547848324255894,0.0281249624784935,0.0287191227015617
3271,-0.0171014920372481,-0.0141094852854601,-0.0126505730944742,-0.0359488319695945
3272,-0.0254091838947645,-0.00604908418759202,-0.0227937484852185,-0.00833223159790283
3273,-0.0264470076626862,0.0141207181534332,-0.00692738833299803,0.00457236270830462
3274,-0.015899618792868,-0.0152620101341326,0.0121401981822621,-0.0141185649441865
3275,-0.0235595707335051,-0.0107000395393583,-0.0116199345175289,-0.0164308089622394
3276,-0.0261485837213222,0.0169047681988799,-0.00107589511086084,-0.0259208469697886
3277,-0.013465412915531,0.00120613407336271,0.0016347654113586,0.0129966334442249
3278,-0.0270618707750926,0.0266889142896084,-0.00763648899625987,0.00676122040352158
3279,-0.00995722166029912,0.0227925752434046,0.0272594275835084,-0.00215338496757942
3280,-0.0266508871410505,0.020564180310226,-0.00974262683778372,0.0178163731054265
3281,-0.0226328878432343,0.0267450168001683,-0.00270360606456304,0.0115101171310456
3282,-0.0102154011560321,-0.0130165632415361,-0.00443726313922954,0.00261451522811703
3283,-0.0203378886052935,0.0127712848282921,0.0017342069760824,0.0131308517055985
3284,-0.0234306108083383,-0.00418289614207067,-0.018493507358806,-0.0168951748949481
3285,-0.00174691950788207,-0.00690842280383993,0.00254005081795694,-0.0012262626965124
3286,-0.0103761192824379,-0.0145968775832203,0.0163960165836321,0.00710023743596692
3287,-0.0185432622531641,0.0169784484674587,0.0145069217841167,-0.028164756675278
3288,-0.0074296834105377,-0.0124780645305527,0.0161298944952335,-0.0150049568072821
3289,-0.0185496969320657,-0.0277384098851574,-0.0113599051674554,-0.0140902754419011
3290,-0.000888001906725903,-0.00175325833819667,-0.00193957061690956,-0.00384777699013085
3291,-0.00425560460258535,-0.00210327622971137,0.010707760993313,-0.00413544178954202
3292,-0.0228693533349771,0.00853520953933769,-0.00563000395076411,-0.00338450796079586
3293,-0.0179981027397813,0.0115332617550993,0.0160521206379735,-0.0107473103490373
3294,-0.0261103068968186,0.00954141619383547,-0.0141728243012784,0.0119200644570328
3295,-0.0249746138572209,0.0260163347345286,-0.00266132318145322,-0.0108549572544026
3296,-0.016203148759367,-0.00954194038657552,0.00322232244013193,0.0358805023504979
3297,-0.0193073326353692,-0.00603304639048772,0.00766596792037179,0.00102918948346788
3298,-0.000265643624239949,-0.00191851279927027,-0.00297750742785355,-0.0019573745864333
3299,-0.00788748946005971,-0.0254477586175993,-0.00895586110740957,0.00111681205318342
3300,-0.00726247987024232,-0.027153991208086,-0.00609401092143915,-0.0241492402162825
3301,-0.00310801840176437,-0.0128760088131988,0.00164355010892013,-0.00366271650798818
3302,-0.0218537243827796,0.0214648603224382,-0.00863781728554571,0.0102586326576015
3303,-0.0238675867812131,0.0161500592008144,-0.0132295745611726,-0.0113492307247178
3304,-0.0252099648628171,0.0182542593133082,-0.00205240450025739,0.0242592777325072
3305,-0.00665971290892649,-0.00497795909887665,0.00469065686435703,0.0203688965152895
3306,-0.0198480259697202,-0.0157397031715038,-0.0107156944371897,0.022428956136243
3307,-0.00994200989782155,-0.0226133295304078,0.00436850081874333,-0.0104532855673181
3308,-0.00571298255927137,-0.007000866839663,0.00381220684988706,0.00867375502706687
3309,-0.000731171579444112,-0.00301859423437647,0.00173568205269229,-0.000570964544018003
3310,-0.0281889726269364,0.00983408385302513,-0.0273448486561271,0.00530681199191584
3311,-0.0133219846916787,-0.00932260128727904,0.0206972635799923,-0.0139450032036155
3312,-0.0240275809053158,-0.012051613373076,-0.0252153617007576,-0.005898555813388
3313,-0.0203104497896631,-0.0186167056726849,-0.0116923404969588,-0.0064045996979589
3314,-0.0137294407774769,-0.0380482737753541,0.0011252270014182,-0.0152407997478245
3315,-0.0216060350065214,-0.0205144161768912,-0.0177526597903139,0.00829461452475547
3316,-0.021853737286477,-0.017477929206583,-0.019345325742898,0.000701545737780699
3317,-0.0174873169505945,-0.00997785563782415,0.0031174451287043,-0.0283284217748708
3318,-0.026438028814764,0.00595663985809903,-0.0183519301727358,-0.0115516394369436
3319,-0.0286821620629405,0.0299925071569005,-0.012006723742575,-0.0107597616596346
3320,-0.0101898308110249,0.0107724418480587,0.0238740993031375,0.0117549653815258
3321,-0.0155572001207863,0.0050915146360671,0.00333238702796445,0.0334478454395868
3322,-0.0250347970632142,0.0290580554153625,-0.00709375996646026,0.00352585702155225
3323,-0.0224884824560797,-0.00969858245572684,-0.0200931636742928,0.0203592541584946
3324,-0.0138029928028712,-0.00423247028156728,0.0230382239523005,0.0212456957930013
3325,-0.0103041808409186,-0.0353765962432407,-0.00247000462208714,-0.0193446885489293
3326,-0.00774907008193013,-0.00116746029714204,0.0143073132810176,0.00184185959103052
3327,-0.00217475014136139,0.0010599555748618,0.00247044245949131,-0.00216270277383123
3328,-0.00948827118034356,0.0120734801703213,0.00686271822028439,0.000821454845725425
3329,-0.0205611973310466,0.0197775481120767,0.00205610712485603,0.0264831315573056
3330,-0.0237442343835628,0.00574601840700873,-0.0122340030482756,0.0113317777842829
3331,-0.00832446948608558,-0.0231225012043654,-0.00286638349264902,0.0140435462997557
3332,-0.00673044972327385,-0.0129462571919494,7.09510746892449e-05,-0.000373227574271665
3333,-0.00823724492362761,-0.0211747619562307,0.003119228160412,-0.0106879527015167
3334,-0.00462811051668342,-0.00919945237551872,0.00798306585665379,0.0084328437200972
3335,-0.0178514915773844,-0.0127226288388191,-0.0113269522037599,0.0215186501005608
3336,-0.00740414132161957,0.00223997188761103,0.0165333258575971,-0.0154793209755108
3337,-0.0035002972272828,-0.00560408300165131,0.011181443404029,-0.0116266588991752
3338,-0.00226601221046706,-0.00182256469504032,0.00638477431938844,-0.00667168936265392
3339,-0.00166335439925331,-0.00401352723088759,0.00434125942458962,-0.00186907151299231
3340,-0.0206601016564879,0.00627021116488145,0.00490473675821462,-0.0328147291691694
3341,-0.0098921807758172,-0.0160823698928334,0.019740111407309,0.0044874058748106
3342,-0.0304461526243538,0.0290469703291357,-0.0131117148604005,0.00500537398565586
3343,-0.00842253393872689,0.00940074421163294,0.000119604154745147,0.0291801505294361
3344,-0.00669265202217688,-0.0188255297550557,-0.00495109504377323,0.00449377200391105
3345,-0.00261646110928321,-0.00394436249494128,0.00182587681817478,0.00160742471508681
3346,-0.0137949991622128,-0.000382662173890618,0.0157922672145626,0.00405009021163239
3347,-0.00744517521050213,-0.00259201593549029,0.00599282597383121,-0.0133405359179662
3348,-0.00877125261918967,-0.0230331026312257,0.0152736137897372,-0.00720423969878626
3349,-0.0101786574262932,-0.00835557697941128,0.0236579701002358,-0.0164226156653677
3350,-0.0112903434122025,-0.0311138095777792,0.00450579013688444,-0.0176146187451523
3351,-0.0125733118296159,-0.0129273938244301,0.0171739639881756,-0.0197521318382949
3352,-0.0229216859257255,0.0179766573972611,0.00111905312616604,0.00595179908849433
3353,-0.00317907463659889,-0.00359788987296252,0.00584876561491123,-0.00724101151832048
3354,-0.00943864617140231,0.019320506796243,0.010953639082941,-0.00892108581410032
3355,-0.0201376035300409,0.0141088701181968,-2.57710687746698e-05,0.030428088786023
3356,-0.000311001418981053,0.00259898215889528,-0.00778315588216722,0.00735181138418079
3357,-0.00928263236656776,0.0131169064590514,0.0257163258677406,-0.00771215854181424
3358,-0.00428409634286501,0.00203130503826353,0.00994410815299987,0.00797818924532651
3359,-0.0202947515474601,-0.0154048293584679,-0.0221713187170479,0.00912296817413222
3360,-0.0171293613695847,-0.0251984677962306,0.00320017141073074,-0.0117990043354581
3361,-0.013665051088463,-0.0122536840317215,0.0102208926780595,-0.0204875594631777
3362,-0.000945576068238581,0.00146133531599835,0.00535429652731293,0.00183892933253064
3363,-0.0119953732983448,-0.0126726138383054,0.0120481265739277,-0.0180047477991829
3364,-0.00122191542382185,0.000502717816816003,-0.00221384780740157,-0.00196474813754542
3365,-0.0177619392096194,-0.0252222485916013,-0.00422672179279968,-0.0118107714777559
3366,-0.0120618617867312,-0.0195662258941448,0.0104910871108545,-0.0197510566903432
3367,-0.0184065163364966,-0.0290770608687229,-0.0242795239807174,-0.0332662068464753
3368,-0.00174475002048595,1.66332937637205e-05,0.00401525001289613,-0.00309184322088657
3369,-0.0231985380363346,0.0023397664528032,-0.0150992008628544,-0.0229864919737864
3370,-0.00108102524300719,-0.00629851754733466,-0.0097370074146954,0.00146851008057351
3371,-0.00862817075019561,-0.0134619229172991,0.0118392407065624,-0.0117933480559493
3372,-0.0051272690960891,-0.00887369818491334,0.0178790182563142,-0.0150043069481384
3373,-0.0106031338703652,-0.018817817735,0.0122532584932514,0.00546811308737981
3374,-0.0148544996352072,-0.0340310187661901,0.00709419447790058,-0.0248222869343831
3375,-0.0224932943798693,0.0124276096039936,-0.00622322009775022,0.00433641856768696
3376,-0.0227892882726747,0.0239762843272251,-0.00208291315881912,-0.000221136830973577
3377,-0.0107572026614081,0.0134160182909937,0.0210118230983522,0.0225024716601393
3378,-0.0217078461519706,0.0299223068712048,0.0116575099291895,0.0114454254570412
3379,-0.0234719293170773,0.00536385074577292,-0.00829222669515315,0.0224102231188785
3380,-0.0162618320357895,-0.00621437307192545,0.01335198674462,-0.0285243967277274
3381,-0.0100327741178738,-0.0219152519463875,0.0162339386913889,0.0248319416146958
3382,-0.000523477013411766,0.000890272049076101,0.000346779523592618,-0.000701886456600736
3383,-0.0159944279194639,-0.0262944849736344,0.000327848609030349,-0.029751713827269
3384,-0.0223936755381449,0.0275319326112583,-0.00223845652714828,0.00306380118886141
3385,-0.0271648265070143,0.0252845662938702,-0.0138062489256046,-0.00181761395923378
3386,-0.00502030469242925,-6.66007184718295e-05,0.0057108888003328,0.00283746281201221
3387,-0.0097495832887507,-0.0112468081313613,0.00624176848101994,-0.000315315178750033
3388,-0.0141686361596694,-0.0199756548935892,0.0040695792498093,-0.0488447293823674
3389,-0.0164789780866467,0.00275884784218731,0.0114080897719335,-0.0436871487366845
3390,-0.021547661796447,-0.0242980593901134,-0.0243038383395606,-0.0242488528369428
3391,-0.000439223112987953,-0.000389856078037792,0.00127141048340252,0.000665439783674685
3392,-0.0108158772581275,-0.0340549456691106,-0.00503014986239484,-0.0308999867375139
3393,-0.0220947602718079,0.0156891755572181,0.0023143079873278,-0.0176807316074019
3394,-0.024537697703834,-0.0129393401705425,-0.0189946928772121,-0.0313633668055093
3395,-0.0231087575244645,0.0202790261745481,0.00481493661367627,-0.00999846661060404
3396,-0.00346155067357404,-0.00673062019483838,0.00478915480792601,0.00307417859351748
3397,-0.00924067583129188,-0.0204939995203226,0.0145287603202188,-0.0175675097195701
3398,-0.0207267707259485,0.0232963228927134,0.0079762464717151,-0.00551751343531488
3399,-0.0221172685611085,0.0203842226864475,0.00771514800550231,-0.0203033149112424
3400,-0.00366439135035198,-0.0133421877762627,-0.00178522068637452,-0.00889532696249492
3401,-0.00235001758061391,-0.00927638094356891,0.00222789987869192,-0.00574373809335681
3402,-0.00468662204452702,-0.0102258039358945,0.00660316949916794,-0.0221163139374195
3403,-0.0169032435504997,0.00588263891755489,0.017221970231421,-0.037240653240073
3404,-0.00640228766441337,-0.00471919618070212,0.0084021796637738,-0.0289396243124134
3405,-0.00659967604107712,-0.0254956851959832,0.0042330719351646,-0.00750857993046935
3406,-0.0110818513589277,0.0219763943320481,0.0318610373114718,0.0132202732127469
3407,-0.000165282616303203,0.000935724746349548,-0.00397662808368445,-0.00162543634019857
3408,-0.00199426567109137,-0.000214787309920258,0.00545049886843494,-0.0170639001857199
3409,-0.021258034750055,-0.000872963983504481,-0.0175100015331962,-0.00484526394140237
3410,-7.79011884261936e-06,-4.10747113229501e-05,-0.00015652729171012,-1.65967364911412e-05
3411,-0.000965476881431938,0.00301937585915722,-0.00135528107349717,-0.00838281663776337
3412,-0.0219825565348346,-0.00573466117163299,-0.0066359799388027,-0.0300144448641888
3413,-0.0278610271059595,0.0180116941418735,-0.0129062933209334,-0.0126573017138464
3414,-0.013665647761047,-0.0286191313418162,-0.00466144401110558,-0.030587310039501
3415,1.53252628152655e-05,-0.00469502196886458,-0.00163988921902699,-0.00224915524771065
3416,-0.00235962703996362,-0.0128554868917976,-0.00103162718718912,-0.00809450290926084
3417,-0.015145784712161,-0.00346825936501195,0.00716205067023106,-0.047950574282855
3418,-0.00898095798075084,-0.00868678219847361,0.00861446705919308,-0.0467652222197676
3419,-0.0125027456410145,0.0110704665904554,0.0271628410093816,-0.0288270374566844
3420,-0.00807130257507488,0.00455731574372919,0.0297355805614322,-0.0217686287958877
3421,-0.00803738344515787,0.00572894305995431,0.0207774593362872,-0.0304063382278362
3422,-0.00697180498906319,0.0063196716772541,0.0199330599309513,-0.0194783027062346
3423,-0.00551408779140115,0.00499299335138678,0.019054659302223,-0.019621584591543
3424,-0.00378520155571802,0.00330035457768293,0.015556873732612,-0.0162791923274493
3425,-0.00111900616610322,-0.0021596968908783,0.000830527358679794,-0.0012852996040709
3426,-0.00574025825659518,-0.000793023206372552,0.0211971435591067,-0.00833870871623841
3427,-0.0249844564803624,-0.00842544065318452,-0.0219713876083446,0.0123146309663592
3428,-0.00886795493992967,-0.000283317174421922,0.0323565814847775,-0.00319136259841588
3429,-0.00566778789654518,-0.00660431019682737,-0.0147522004186819,-0.0251199748290324
3430,-0.0290847011696114,0.0165540638625216,-0.0186601172173463,-0.0132048143366202
3431,-0.0152922332852153,-0.009114656054713,0.0128565654855054,-0.0167044910444193
3432,-0.00689601252144835,-0.00895233068524634,0.0229002076571919,-0.00282174962958828
3433,-0.00945432987396179,-0.0152744410586624,0.0221696959369865,-0.00596248442267605
3434,-0.0241957478387215,-0.002248144551194,-0.00983790911900077,-0.0072675431516053
3435,-0.0176338797897389,-0.0141976644459544,-0.00873531256093983,-0.0361816265926856
3436,-0.011974528605576,-0.0316789504646972,0.0139550888651389,0.000309758481235451
3437,-0.0162615837878618,-0.0385018465789782,-0.0127736403491473,-0.00498042569125487
3438,-0.0150977054643767,-0.0347660249807102,0.00498097890555016,-0.0190478595777593
3439,-0.0146428986198741,-0.0219516841246332,0.0100151345405855,-0.0168000754187263
3440,-0.0248708794729993,0.0092813893178426,-0.00717377331817201,-0.0297989928223457
3441,-0.0207796833154821,0.00740004488512972,0.0109793074077927,-0.0333589860984718
3442,-0.028221054987287,0.00192935117605686,-0.0252787556333691,-0.0065538031231954
3443,-0.0199395419433445,-0.0135892765070899,-0.0146730625860678,0.0110151337763934
3444,-0.0237075188798006,-0.000805573237602162,-0.0210830086565425,-0.00352217300227554
3445,-0.0215271148091695,0.0174360893096949,0.00289014790937161,0.0161114583375562
3446,-0.000596372212188448,-0.000540841412627976,0.00164069173243782,-0.000152837846207469
3447,-0.0161158101133942,0.0170198125159116,0.0193892023047318,-0.00437290792367553
3448,-0.00898725045880606,0.00133627254372379,0.0225902333321838,-0.009371763251534
3449,-0.00885394060531685,0.00433079023731859,0.0242310317891485,-0.00294102021581994
3450,-0.00867751486409459,-0.0121629204983495,0.0219625928498042,0.00521458296254291
3451,-0.00856494162194796,-0.0107099344124462,0.0233449713118827,-0.0172873307426536
3452,-0.0124531127453742,-0.0011201467336022,0.013075660784977,-0.0355967966121822
3453,-0.00609319612951869,-0.00793073730476798,0.0197340193348771,-0.0237682002573977
3454,-0.00700926168497365,-0.00516415166408271,0.0199858643830889,-0.0164257714864638
3455,-0.00764924058637519,-0.000215508918426554,0.0272623736627817,-0.033273645404798
3456,-0.0177661557589801,0.021621974389849,0.0100667263562162,-0.00903152367164007
3457,-0.0210431828139565,0.019429707045392,0.00195960974403838,-0.00814969082413396
3458,-0.0252662063507139,0.0159692022334107,-0.0135063478987282,-0.000103573334308246
3459,-0.0195613407500039,-0.0141621854130564,-0.0146198838943933,-0.0298961803037667
3460,-0.020539008138725,0.0146653265415773,0.00233485747545196,-0.0187610287452957
3461,-0.0253964763412428,0.0166174551026298,-0.0120561730973792,-0.0168902959102646
3462,-0.0252532266069807,0.0157039025046297,-0.0123407683751867,-0.0212968760842065
3463,-0.0211894628309177,0.016103467077595,-0.00356336792852122,-0.0162095142274748
3464,-0.0152537963417687,0.0174771771573373,0.0165330122973064,0.0102396926829519
3465,-0.0235340525319112,0.0102101537582897,-0.0128694110867797,-0.0145679828117898
3466,-0.0199387537830743,0.00396843645921076,-0.00301322013983732,0.00921954436395657
3467,-0.0145464136803228,0.00777614003523298,0.0240030800567545,-0.0199696110750446
3468,-0.00963077794591599,-0.00338720872527423,0.0299676611550069,-0.0169383722328219
3469,-0.0107240020382621,0.00851761500511835,0.0240561579118709,-0.0202183852101878
3470,-0.0102063747210044,-0.0146926806467752,0.0022469654924934,0.0112335515246482
3471,-0.0203074261600383,-0.00230673762863986,-0.00442279920678046,0.0131964267609442
3472,-0.0150080370475814,-0.0337459074657567,0.00212913037867278,0.0321012627636391
3473,-0.0127015236689504,-0.0180789893980519,0.0147955326500229,0.010524811399194
3474,-0.0103508987495084,-0.00536381869813203,0.0256341342965357,-0.0126942864023311
3475,-0.00916597264037679,-0.00379330488143259,0.0314807952926783,-0.0120186641609519
3476,-0.018406776029919,0.0300233580885155,0.0107342331207265,0.00773616152861154
3477,-0.0112439018991256,-0.0106201444638001,0.00361805690110358,-0.0143226383285787
3478,-0.00819705628142215,-0.0127367132644845,0.00611228889173024,0.0072124772885538
3479,-0.0147552957690479,-0.0325362332500614,-0.0126091598475815,0.0215000766359569
3480,-0.00271797169421648,-0.00648424843372226,0.00152521459938708,-0.00444272327432757
3482,-0.0234421510722565,-0.00383109627008574,-0.0107814245057722,0.0228649203632052
3483,-0.0200450511502486,-0.0226402693798983,-0.0152066463711554,-0.0123216625645481
3484,-0.0150490285631782,-0.0177114337967146,0.00883924464451109,-0.0234017761949153
3485,-0.0151671033837736,0.000487088607633717,0.0297243892950784,-0.0409280847010389
3486,-0.0171795294870217,-0.00846121260496648,0.0167103410917385,-0.0391158706749134
3487,-0.0216389676067923,-0.0196623317908748,-0.00875007374047084,0.00325347719049089
3488,-0.0202843151402338,0.0086987548345763,0.0062330438274979,-0.0193147074343052
3489,-0.0239569995122539,-0.0185502020244368,-0.0246836783806231,-0.0177730686251022
3490,-0.0108934068563355,-0.0303033293082701,0.015359946161241,-0.0102071654835443
3491,-0.0112876999607201,-0.0174666306398771,0.0131530155614522,-0.0309412973504544
3492,-0.0216319085826858,-0.0203588029302952,-0.0209363608070057,7.54031702454543e-05
3493,-0.0131516390870458,-0.0345462611056543,0.00936894624276588,-0.0180074419451122
3494,-0.0271736724842962,0.00291957775152464,-0.0214901294241045,-0.00311289187204087
3495,-0.00984624034487613,-0.0333984113011648,-0.0033904688068134,-0.0218541123278998
3496,-0.0155960523866643,-0.0282651910389207,0.000411331997548705,-0.0297030992641634
3497,-0.0132554605850629,-0.0346731476274733,0.00376761628333671,-0.0252183529864785
3498,-0.0114421312146689,-0.031578206816512,-0.000418652125709258,-0.0237472016166823
3499,-0.0210693666260834,0.0219540300163043,0.00884616216251902,-0.0208073724442011
3500,-0.0185219989250793,-0.031922890833367,-0.018820185277935,-0.0296385217684952
3501,-0.018660851610765,-0.0329147185228275,-0.0257305295988782,-0.0181419367277502
3502,-0.0079297921130467,0.0116916997224405,0.0243504881526905,0.0247395998048878
3503,-0.0215686726468755,0.0258964778283953,0.00870672913665574,0.00888303270039696
3504,-0.0234257509360847,0.0224676244358994,0.001820540773083,-0.00336812287173937
3505,-0.0131738745546495,-0.0167395371875714,-0.0242992822292976,0.0160618626335496
3506,-0.0191985172864508,-0.0251953347359452,-0.00569752655765709,0.00696533075633068
3508,-0.00597875520246082,-0.0151180493230722,0.00600955888740042,-0.00254124064582252
3509,-0.0297363915761838,0.0193882406956197,-0.0248577071040815,0.000476665690445457
3510,-0.0212632004183286,0.0281372182260688,0.0028994429421011,0.00371864782995803
3511,-0.0263525564768853,0.0327501669694247,-0.00597531199346231,0.0116212313110465
3512,-0.0176344736143096,0.0164382319761287,0.0124723428997721,-0.00694992724496672
3513,-0.0247658315510025,0.0245720628431921,-0.00971208276439033,0.00717810729502475
3515,-0.005965620133162,-0.0101386403277015,0.0114392420627979,-0.0284555159225031
3516,-0.0134692607197702,0.00021504318847825,0.0216575986795439,-0.0197265402768272
3517,-0.00876778575506558,-0.021908897102076,0.0280764403604768,-0.0229287757665314
3518,-0.0206914940276917,0.00698490398552842,0.00252411813420783,-0.0314227911824793
3519,-0.00657739446371082,-0.00468446606989001,0.0153588301528244,-0.00704607542786798
3520,-0.000214518472103988,0.000917242443629373,6.57660317468854e-05,0.000627432677631673
3521,-0.025540133104874,0.0201694895771405,-0.0118831146050266,-0.00911427414315277
3522,-0.0154006374822762,0.0193489479979212,0.0166246068802137,-0.00569204078607181
3523,-0.0105198380256761,-0.0120208041786218,0.0170256480178308,-0.00559186494694447
3524,-0.0122708411176416,0.0121380301203292,0.027185737614721,-0.0180584073060555
3525,-0.00843581318174127,0.00965883097564386,0.0269575545247046,-0.0149834425775553
3526,-0.00675075759517375,0.00844757830955851,0.0295336079927761,-0.0221272126019517
3527,-0.019139908031343,0.00961285047052314,0.00701658410111924,-0.0346081903196386
3528,-0.0224751760122794,0.0175742882892143,0.00350152258958471,-0.0128352301416479
3529,-0.0168635262535444,0.00944768972735394,0.0149624035172652,-0.0405541728894576
3530,-0.000958757050068272,-0.00163448775339064,0.00370781475804587,-0.00296149476938303
3531,-0.0143646118191714,0.00823122528569803,0.0220420443033306,-0.00280027536845141
3532,-0.00783160320579945,0.00579309031570723,0.0248168026881883,-0.004067188026662
3533,-0.00596900104324966,-0.00934494638761152,0.0123712673374293,-0.0186857185590755
3534,-0.00800492004311394,-0.0168040222900744,0.0199188469143034,-0.021379249802142
3535,-0.00271041951363732,-0.00200408961515916,0.00600008825988593,-0.0174180878625329
3536,-0.00331813694231395,-0.00771358750669986,0.00502873655610522,-0.00193148080474877
3537,-0.000279568063428989,0.000459031342969731,-0.00250087476001749,-0.00127827653991726
3538,-0.00985428826143432,-0.00494933722997584,0.0136955621344537,-0.0448784453249756
3539,-0.0081684492929912,0.004367038304295,0.0124347882638821,-0.0191990280346886
3540,-0.0111541388281198,0.0069956907084576,0.0150778679700073,-0.0161347714238327
3541,-0.0237761350621734,-0.0146870906195087,-0.0233922540346878,0.0117392187057506
3542,-0.0149003847214091,0.0114279019512885,0.0279293101056857,0.020830148570528
3543,-0.0198804406554181,0.0304169856316471,0.0111554812509947,-0.00266890021722627
3544,-0.0202720896920121,-0.00500744939285597,0.000739168959353685,0.00477863020075506
3545,-0.0112129968854584,-0.0186328183717165,-0.0109915601671759,0.0172369347823566
3546,-0.0213195201578714,-0.0141370898022527,-0.0187517202437942,-0.0201307859884027
3547,-0.0195141445732491,-0.0359000408567916,-0.020912802901262,-0.020327435265797
3548,-0.00910155367957588,-0.0078915982329215,0.0146838865213132,0.00355330084535268
3549,-0.0211016050085539,0.0176848926160926,0.00107313122924027,0.00854485906261792
3550,-0.0164931129066449,-0.0138448142868178,-0.00607680005934674,-0.0365775985990286
3551,-0.0277002331670058,0.0269042320915135,-0.00947066811081406,-0.00207015345027548
3552,-0.0138867849164313,-0.0221541430758235,0.00341541888590359,0.0024970594495964
3553,-0.0135456402703296,-0.0148574467003038,-0.00574555284228717,0.0144757806676712
3554,-0.00138772289424247,-0.00108215600931388,-0.00521190980116532,0.00131980375155314
3555,-0.00316523878215731,0.00281986324311003,0.00999534123865526,0.00272696021595951
3556,-0.0230146330033928,0.0314526671897096,-0.00260170406397056,0.0105068064285417
3557,-0.00789391804265805,0.00590218804277895,0.0119766021939758,-0.016592117012141
3558,-0.00152723955724625,-0.00321934330120937,0.00385388487722312,-0.00449528764396377
3559,-0.0244535333878431,-0.0156141802807521,-0.0226318728321937,-0.0287131671315517
3560,-0.0129217685129765,0.0192924266290284,0.0228891108320341,-0.0038126824831703
3561,-0.00465488378662237,-0.0167586774991634,0.00397064974993106,-0.00752764031854372
3562,-0.00811299713195118,-0.00377848614626658,0.0303281431748676,-0.00923645573125854
3563,-0.00876872594251188,-0.00902972509948762,0.025447677225922,-0.0189879442072144
3564,-0.0127083588916315,0.00154557354340878,0.0279299278630999,-0.0214431179524816
3565,-0.0143177664346983,0.00434937937144553,0.026017964693126,-0.0342246848486438
3566,-0.0131166811682497,-0.0398935338373587,-0.00908949629443097,-0.0276746740084868
3567,-0.0246940575314912,0.0205125498743952,-0.00932988635953922,0.00216877385611723
3568,-0.0155809958373974,0.00533285143756737,0.0202050229024729,0.0111353749664432
3569,-0.025588104071332,-0.0073829841918209,-0.0269140708254002,-0.0105008111437691
3570,-0.0219100822707993,0.00183009025909363,-0.00692348142991476,-0.0261606462051119
3571,-0.0144834297499774,-0.027926746532155,-0.00348158486535733,-0.0119015649934334
3572,-0.0210123741343489,-0.0222057893919341,-0.0164593830094749,-0.0177139793138556
3573,-0.0116795790787192,-0.0308825306868429,-0.00208523839424197,-0.00468531132100138
3574,-0.00568927075925116,-0.00667905079014962,0.00197243744731044,0.00563907270760136
3575,-0.00167610287752404,-0.00209000464574984,-0.00048366541769817,-0.00661637441761639
3576,-0.0224274772380017,-0.0200585972583622,-0.0212207833281293,-0.0155596554886981
3577,-0.00455674507671683,0.00158997610292671,0.0143064703871689,-0.00188215244548952
3578,-0.0150915017265889,0.022187621527255,0.0215463270344678,0.00789083428198623
3579,-0.0148062250851965,-0.0303967055722744,-0.00152643415453647,0.0153630120097352
3580,-0.0121479572094091,-0.0185483472350799,-0.0111950855626569,0.0150062227019454
3581,-0.0086164546529622,0.00861933544273118,0.00249391888715776,0.0351842502140421
3582,-0.0159115251057355,0.027048297760002,0.0211861036519662,0.0148060274752454
3583,-0.0158416779525352,0.0277971263165536,0.0180990643579682,0.000957175460716704
3584,-0.0244033068595222,0.0229132747644627,-0.00603948612660045,0.00879385083636588
3585,-0.00113809779633829,-0.00277437930463209,0.00301674432243681,-0.00284628991393116
3586,-0.00167811456303638,-0.00349916528213518,0.00360522083122672,-0.00186885335107259
3587,-0.0186682467358626,-0.0126422763181606,0.00145516539888359,0.0432508499006957
3588,-0.00679212119953394,-0.0109833512936051,0.0209513924815025,-0.029276296418008
3589,-0.00801522312196792,0.000568125884369043,0.0204926455741489,-0.0438806479119054
3590,-0.0164345035557454,0.00633736105925406,0.00664633144256881,-0.0195241026859269
3591,-0.0150271305008983,0.0142663125608308,0.0231191736232038,-0.000223015180100502
3592,-0.0254700365835297,0.0225618772140339,-0.00197052929789458,-0.0222087571273892
3593,-0.00972933247425804,-0.000684876317274035,0.03118994068105,-0.0315068022954682
3594,-0.00711417037338181,-0.00196595281222532,0.0254823303024116,-0.0242701998256175
3595,-0.00699632399933699,0.0045104080425815,0.02035411421472,-0.0336666992453354
3596,-0.00957723234926101,0.00342902501861376,0.0258739243013331,-0.0335447512087512
3597,-0.0162525394487387,0.0200671923698745,0.0128853438257385,-0.00760019059768776
3598,-0.000507339695734029,0.000997157318389262,0.000993358584413259,-0.00267551568489858
3599,-0.00642228167947185,-0.00807763991491515,0.0266005282402167,-0.0134767992109117
3600,-0.0254310917544905,0.0180954426517832,-0.00928032618619034,0.0231354185012434
3601,-0.00993451658917721,-0.0163227815086628,0.00182962124370043,-0.0123981727160118
3602,-0.0164381884621897,0.00465271157802836,0.0235065402393061,-0.00999522319383425
3603,-0.00732742878445054,-0.0100296174322743,0.0191752175153619,-0.0321688498310348
3604,-0.0071097286602984,-0.0122233527538803,0.0220159573856257,0.00532450455299692
3605,-0.0150251146311736,-0.011283426413404,0.00544995295538766,-0.0338175661994734
3606,-0.00428598509893069,-0.00622175773719321,0.00329841801013344,-0.0171311161618238
3607,-0.00999219919770384,-0.0247961955119197,0.00843017523238071,-0.00429082550214051
3608,-0.0221349960023599,-0.00442003555201886,-0.00197630502799044,0.0261808595895391
3609,-0.00399880079866521,-0.00640898299013993,0.00399521904659394,-0.00366314881006907
3610,-0.00417309054013899,-0.0137101482228713,0.00238489963740871,0.0017786270652918
3611,-0.00742465816730461,-0.0212023567116132,-0.0153861889037393,0.01315611647823
3612,-0.0065546650572076,0.0151055254628868,0.0208473240142286,0.00480784097732576
3613,-0.0115595929119706,-0.00862775527262291,0.0092892313821998,-0.00488876334547323
3614,-0.014633639996185,-0.0333883205863212,-0.00447496472213885,-0.0022296036773308
3615,-0.001592351661516,-0.00383180608804218,0.00145525842818775,-0.000187864534428494
3616,-0.0172814319781746,0.0197862224408731,0.0209049479524108,0.0133662227219497
3618,-0.0241982117384472,0.019296670166184,-0.00857559118032652,0.00411541217068281
3619,-0.0143350169316845,0.0148001595039584,0.0184530601331403,-0.0301423246421063
3620,-0.0193334158675754,0.0065297951296097,0.0156803561985621,0.00631578323427602
3621,-0.0019618068784696,-0.00501883317389101,0.00114839928602952,-0.0078764914728938
3622,-0.00258513660567622,0.00466525541086533,0.00559314079338995,0.00823511927307237
3623,-0.0263023622300924,0.0178162631851264,-0.0112886436437944,-0.0138007024823984
3624,-0.0208297052662778,0.014041339853247,0.000540073670914939,0.000660064705036959
3625,-0.0148832107224711,-0.0257718462042371,-0.00285879385157247,-0.00245004094287001
3626,-0.0256703828475547,0.00181644048908128,-0.020669575148506,-0.0149172636453566
3627,-0.0169704041302999,-0.0349859799875621,-0.0213255022240243,-0.0181424853646161
3628,-0.0244242841186584,0.0020018249748083,-0.0163195610481858,-0.0168550897775119
3629,-0.0049405393060552,-0.0151512220548117,-0.00263389237368596,0.00509326180513092
3630,-0.001647424921723,-0.0049370622077229,0.00582954303226509,-0.0146035484068936
3631,-0.000848100785869118,0.00142287142581565,0.00331818239445122,-0.00270076900501219
3632,-0.00977346612610585,0.0073290367957472,0.0200617216281833,-0.0177935622349107
3633,-0.00392120021382182,-0.0100838613114344,0.00871138038114733,-0.0214586338446294
3634,-0.012964722451769,0.023789701532577,0.0217694701520908,0.0146654422720527
3635,-0.00653942782894018,-0.0185923091244694,-0.000742616778950472,0.00911115751877345
3636,-0.000920532395325216,-0.00115666612432367,0.00414966365525139,0.00140013742157986
3637,-0.0195416663715075,0.0157791350846189,0.016230665792999,0.0109768526167211
3638,-0.0027789059954406,-0.00368902647268913,-0.000797998644213239,0.00329981469521056
3639,-0.0072693019687741,-0.000576326603461726,0.0218563456291688,0.00832074813487154
3640,-0.00763638240666984,-0.00855927903835996,0.00693731235405984,0.00722865058947264
3641,-0.00706662864798723,-0.00988197050380462,0.00115671803246068,0.000220471078117389
3642,-0.00140128296698858,0.0016751154044734,0.00319160332364175,0.00356986387896165
3644,-0.0104060200455696,0.0198257985366668,0.0301993257634826,-0.00866626127692593
3645,-0.00039560120056735,0.000214900588397272,0.00106058684100291,0.000627150058814649
3646,-0.00113391418360515,-0.000146851153773147,0.00383085441927289,-0.00326163775889174
3647,-0.000298186106094224,-0.000270420706313988,0.000820345866218911,-7.64189231037346e-05
3648,-0.0262455629707781,0.0150109150565769,-0.0180332992967543,0.0119620595207671
3649,-0.00464323847187585,-0.0108396778565073,-0.00112632744260349,-0.00106788528222232
3650,-0.00965753169391206,0.0100986283581033,0.0143683186547696,0.0128699772324696
3651,-0.0206801175280036,0.00911861746079468,0.0103015884683778,0.00303426514542845
3652,-0.0322759714662691,0.022213664522621,-0.027304880854016,0.00723417219199385
3653,-0.00882438187977818,0.00117646294190433,0.015618134272568,0.00746145369697346
3654,-0.000298186106094224,-0.000270420706313988,0.000820345866218911,-7.64189231037346e-05
3655,-0.00383792330426141,-0.007808837053146,0.00851563825302321,-0.00849535436822493
3656,-0.0109389406172438,0.00149227756176311,0.00969876202104359,0.0285631054664694
3657,-0.00368668779441356,-0.0063237450535194,-0.00388818507499865,-0.00739662555595196
3658,-0.0109344551695981,-0.0212772210513385,-8.71097662576046e-05,-0.0023283335340898
3659,-0.00017853385251034,0.000205015111372216,-9.85888686069587e-05,0.000449202596730896
3661,-0.00114157264895942,-0.00484977063598939,0.0025793490777443,-0.000584908829192859
3662,-0.00893047018923029,0.00991800551194946,0.0227141846160389,-0.00343538004083637
3663,-0.0110165122725582,-0.00734646161118248,0.00260224020812403,0.0124413779770004
3664,-0.0217593464163953,-0.0209070414860007,-0.0205721198097926,0.00611634707384801
3665,-0.030371585815966,0.0142938697835963,-0.0289549178780507,0.00511555583644664
3666,-0.00403496583611712,-0.00189462265457945,0.00316106493641417,0.000601989989817994
3667,-0.00635304433869408,-0.00169338927170598,0.00274816848479492,0.00852398662915034
3668,-0.0124912392382903,-0.0147861598629253,-0.00203919234135618,0.0122326132631129
3669,-0.0183701574104431,-0.00761343662536617,-0.0100219334158309,0.0167485694513171
3670,-0.026930560648845,0.0261144550396984,-0.00152789052024015,0.0244359683245958
3671,-0.0164356193525063,0.00934808006344625,0.0163777672003681,-0.0400593716704247
3672,-0.011632948317753,0.00359366075656651,0.0241721381559481,-0.0444308879247001
3673,-0.00888946137391571,0.00187020898198465,0.0230486340316893,-0.0215794138234935
3674,-0.0135047299019156,-0.0330103545992925,0.00326729860240323,-0.0167137678236915
3675,-0.00858554093385143,-0.0139325786186366,0.0143434770895071,-0.0122790073922382
3676,-0.00773104659613271,-0.00772921423443743,0.0114493737160221,-0.0085083406690591
3677,-0.0124227040695475,-0.00196462378485342,0.0126282055804712,-0.0285900750609636
3678,-0.00601318814511347,-0.013410729055185,0.00957670126928449,-0.0172515093552362
3679,-0.0177062099405287,-0.0355855945901349,-0.0220976126936139,-0.0106830227615748
3680,-0.0206786078283911,0.00853229231467854,0.00182559698032057,-0.0192837500692619
3681,-0.0242081387765976,0.0155748712176937,-0.00786355333387796,-0.0178802982336959
3682,-0.0202978999371991,-0.000646428278212156,0.00331286533887944,-0.0301259412234239
3683,-0.0189047626916964,-0.0307186778430191,-0.0266695144047052,-0.0302818991898905
3684,-0.0182783932135638,-0.000749266241360026,-0.00699054850755514,-0.0356238797079896
3685,-0.00524603941209406,-0.001591068813324,0.00527976360297271,-0.019246000602882
3686,-0.0208901741987907,-0.00213948055050404,-0.00944344267456725,-0.0415793509132497
3687,-0.00204482792054257,0.00216881604849006,0.00237825945445081,-0.00683028481042795
3688,-0.00697388311196231,-0.00587613619280528,0.00712450503351949,-0.0306341694314641
3689,-0.00454611215642611,-0.00572366686781063,0.00377821353544705,-0.0229447319112532
3690,-0.0212624255633366,-0.0129808163060938,-0.00989215349223396,-0.0181570690971874
3691,-0.0140592132683834,0.0058995762379757,0.0205661609176451,-0.0307741750648655
3692,-0.00362267850921102,0.00183124311187465,0.0133370396308359,-0.0108644783896162
3693,-0.00426584035139869,0.000715812017030009,0.0129739516228032,-0.0117914119107387
3694,-0.00286497154860426,-0.00103561854659183,0.0111308890378624,-0.00718714003295837
3695,-0.00385943375487672,0.000297978690184221,0.0138957700872296,-0.0131464199478983
3696,-0.00419451224808924,0.00149832707504581,0.0117093542733761,-0.0125969989719439
3697,-0.0108787133854391,-0.00938609935249448,0.00889063219783725,-0.00182564284280826
3698,-0.00210009774034996,-0.0052079410734258,0.00307284221529824,-0.000181292036026933
3699,-0.00414597533776937,0.000222538228098333,0.00930901437480016,-0.00617855934163908
3700,-0.0104860917871918,0.00692664742909864,0.0190665267256499,-0.00454814829488303
3701,-0.0111187212701426,-0.0133103564290093,-0.00373512157822451,-0.0238523701378243
3702,-0.027598043346875,0.0276865936966612,-0.0124899991784099,0.00486866632985278
3703,-0.0225553799185142,-0.0207608583700734,-0.0160510212310439,0.00254930104987507
3704,-0.00529878849110334,-0.0120038538295059,-0.0066742784623756,0.000923352692464274
3705,-0.0090761823693512,-0.0202892150400937,-0.0111046643608185,0.016010028642871
3706,-0.0260683652530487,0.0142625576327296,-0.0173733894257121,0.0222684357755835
