"movieID","X1","X2","X3","X4","X5","X6","X7","X8","X9","X10","X11","X12"
1,-0.0308337973250025,0.0180457195994795,-0.0337615568967972,-0.0178574445345109,0.00726102559779261,0.0286424277117231,0.0279401818543095,-0.0223709822492831,-0.0379635357070177,-0.0698190861915739,0.00577717363941895,-0.0484514613168845
2,-0.0213381421824437,0.0226885718483982,-0.00082850052428334,-0.0089723855949083,0.012542926717715,0.0301668880722012,0.0215376611447248,0.0102738909603783,0.0179152206675064,0.0011051544207361,-0.0203113376944939,-0.0174226474043363
3,-0.020087238355283,0.0277185309349279,-0.000808853179840668,-0.0219487268704198,-0.000877466875835726,0.0156679299429077,0.016623475384477,-0.0369835596297836,-0.0236175678825415,0.0412129298209737,0.0185938274120324,0.00892409448109988
4,-0.0142264015574111,0.000959090181657759,0.0162174737961338,-0.0277890257865984,-0.00780593111840801,0.00324972125279883,0.00222625435238652,-0.008625333121227,0.0181016649903306,-0.00762565731157241,-0.00624843710551775,-0.00217563037525796
5,-0.0168911273063213,0.0169336052151878,0.0162511743755252,-0.0382037019673207,0.00363755426518479,0.00335778841402635,0.00618200559535949,-0.024565753417633,-0.00499471000283288,0.00388182615024615,0.00844046055974117,-0.0132222711002362
6,-0.0262083175586252,0.017929380160385,-0.0199922153265343,0.0145376405688004,-0.0138785011822012,-0.034509617243718,-0.0349672241008163,0.0381285042519936,-0.00877483680297845,-0.0388086159357367,0.0154617840508665,-0.00122393658577902
7,-0.0203042909413855,0.0160528512164199,0.00689015445267023,-0.0498256883003871,0.0120440289354445,-0.0188331240681404,0.0112540120037698,-0.000712844514926788,0.0181065138487642,0.0138410290709007,-0.00354368659689363,-0.0142518899804681
8,-0.0130617564640738,0.00333377204648224,0.0261845939492718,-0.00898374987166833,0.0148698667160134,0.000466631465544603,0.0148223742867533,-0.00193614992625561,0.00595705719055954,-0.0061954991460391,0.0117509142907116,-0.0201922952588608
9,-0.0115552142853424,0.0180338934624709,0.0257908971838687,0.0178311633494094,0.00349443182850591,-0.00411596712088413,-0.0176978858557664,0.0169882505479215,-0.0228895922101218,-0.00524028316755632,0.00398102718681221,0.00873267839983533
10,-0.0233982234017222,0.0289680059614028,-0.00566316090970259,0.00901510530685073,0.0139639278527449,0.00192948037293194,-0.00399609819867931,0.0477036854672242,-0.0312512692136472,0.00472610432326745,0.0100256646824081,0.0196250152781543
11,-0.0259520440160809,0.019887146125422,-0.0133940805765528,-0.0377932135152154,0.00980338149631939,-0.00668807961707917,0.00530424830377228,0.00818525074771848,-0.0309044706764937,-0.0168123197324517,-0.0273703951547602,0.0194159721765889
12,-0.011045901037731,0.0147899011818446,0.0258893429517029,0.0114609534648166,0.00284542977628451,0.0111291431014837,0.0154683891903451,-0.00875916126151146,0.00586976848690155,0.0206251959638789,0.00193854273298029,-0.023308972625151
13,-0.0161737696566926,0.0014374537924376,0.0217658958503882,-0.0206482380371189,0.0146735407699484,0.0221666280965996,0.023651293018049,-0.000566717059517891,-0.00195087679232789,-0.0171123348407941,0.0168122174015334,-0.00731798083011214
14,-0.0174663691438585,-0.0150049753143331,0.00970319525550989,-0.00612308629378453,-0.0098589839744056,-0.0227682413597306,-0.0168166830767176,0.00414690679754882,0.00051324649299655,-0.0023675706685683,0.00577464469146085,-0.00575991006346376
15,-0.0133392025431037,0.0145437145974901,0.0220935722240819,-0.0127638643066636,0.00583848015971065,0.00978633022844529,0.0042524812618946,0.0343139291168922,0.00476200615573093,0.0127821003773055,-0.00382179878235572,-0.00380673768499978
16,-0.0242406018366021,0.0107591361457829,-0.00721467127464918,0.0128358026426945,-0.0228488379775584,-0.0483408550570338,-0.0306922899811024,-0.00938864685673067,-0.00360345941964041,-0.00906114272600605,0.0273432198997393,-0.0188106686693934
17,-0.0263681573624514,-0.00376108891607919,-0.0263816139233017,-0.0484539170383015,0.00355231963334653,0.0223781473038566,0.00636462945724522,0.0101969286130995,0.0159443549595814,-0.0317777481143274,0.00245679855566582,-0.0433032629357537
18,-0.0175749399472223,0.00799492260090223,0.0205673662379958,0.0134630096217366,-0.0176279227659772,-0.0306485867033705,0.00444152339667438,0.0148588159921461,0.00408565519045164,0.00398206980898319,0.0178850549674113,-0.00588340216814634
19,-0.0148972966371528,0.0283408185565375,0.00618765885642029,0.0148942240777378,-0.008172727755237,-0.00920194028216053,2.96954463431196e-05,-0.0320645198142425,-0.0456347258237376,0.00841465258819061,0.00423479623338069,-0.0117799215849007
20,-0.0124733068214556,0.0168378891289862,0.0238073447436011,0.00457267446328484,-0.00172513367381687,-0.0141501068299502,-0.0214599870597883,0.0102134700142598,-0.00967669086041861,-0.00910952215903603,-0.00622601419049438,0.012204843242771
21,-0.0263376100244087,0.00818406639497011,-0.0290848965195561,0.000994410984317299,-0.0095852644793033,-0.00526124904583113,-0.000211963769957281,0.0397574894722885,-0.0425571290549083,0.0244422952571175,-0.0409786911971642,-0.00981831257687028
22,-0.0201438210331413,0.018044633561588,0.0122495169515808,-0.0110888001635182,-0.00782069854492812,-0.0179905996845818,-0.0295228383857568,0.00824762696816764,-0.0078138821228359,-0.00156254420512502,-0.0116244051093604,-0.0233765454248471
23,-0.0141793909129518,0.0193737364756644,0.023857763966028,0.0108181791491736,-0.00100008991467751,-0.0091476671992965,-0.0110638925681518,0.00551252340881915,0.00178983415949446,0.00180410924745073,-0.00543997164534846,-0.00804158205994117
24,-0.0218228720183784,0.025559817624043,-0.00456545981180175,-0.013797968160297,-0.00829340508890287,0.0200146921349736,-0.0152542493842048,-0.00213266327161915,0.0607912559866006,0.0255241917989206,-0.00133647587465982,-0.0138891933336371
25,-0.0254316907984356,-0.0011937829478565,-0.0278011931250413,0.0127592051651359,-0.0304165109045317,-0.0126783022201627,-0.0336616122154494,-0.0371897080269556,0.0305271525143028,0.0329895438088681,0.0126287444047876,-0.0159017567838739
26,-0.0169637006933524,-0.0102489595159293,0.0167781083235833,-0.0152511394026122,-0.0116329427756204,-0.00617313423884895,-0.000737868816951952,0.0200125576860173,0.00747886910297673,-0.00435848746224287,0.0205088104798443,-0.00340653306145743
27,-0.00984100781684396,0.00214160304187206,0.0315450132708953,-0.0195800222146801,-0.00794921644998202,0.00534870436274236,0.00162928568974627,-0.00812551430973985,0.00130603785536711,-0.00473304034832001,0.00461486477762322,0.00247018080382137
28,-0.020011466671239,-0.0302796174818352,-0.00983779728421159,-0.035614434160754,0.0112723053747219,0.0180326799548477,0.0178242684242465,0.0267016385513313,0.00204104493184453,-0.00993712427251588,-0.00971636733177601,-0.0138729162321508
29,-0.024457950985428,-0.000955546782784333,-0.0181161219002985,0.0317566614675071,-0.0275190642678688,-0.000150168366500708,0.0380783286458688,0.0411226863646359,0.0358404263222673,-0.0131260937632768,0.00296034372658853,0.00297965733624325
30,-0.0136914776555477,-0.0346257225883599,0.00415941340711293,-0.000546816224897594,-0.00827927104953095,-0.00144045560912528,-0.0141429999188281,0.000684705956509487,-0.00538479086576481,-0.0203231055744809,0.00198674921808794,0.00914224103968393
31,-0.0143340650004506,0.0110723739040399,0.0279735792787633,-0.0255587160015089,-0.0078214596717066,-0.0178421355362683,-0.0142734059708666,0.00237587228389636,-0.00290656277584803,-0.00460583416143252,0.00485836945787594,0.0120287054895136
32,-0.0280128186551513,0.0134399270533553,-0.0310528658352279,0.0249924454364562,-0.0248817135690346,0.00507043151663089,0.0188514545001209,0.0452764329382264,0.0375827490423516,-0.00843609396558361,-0.0081574641782645,-0.0335438145510364
33,-0.00181143323479044,0.000379851038658008,0.00722962010818647,0.00503830392623851,0.000421466067523552,0.000153352141510328,-0.00872462592450406,-0.00364000563350085,-0.00537078353139916,-0.00423403912735241,0.00136123576712346,-0.00303978797080155
34,-0.0282364685489284,0.00250768359794835,-0.0329830064047171,-0.0234468220417901,0.00525423125822983,0.0205851404614546,0.0333950469254949,-0.0134449711573758,-0.0447788214629853,-0.0872136844155899,0.000787185593961956,-0.0935900451488705
35,-0.012860015401169,-0.0212436421311075,0.012204536891311,-0.0168866336642403,-0.0124280538064982,0.0100366785721777,-0.00264370467094629,0.00835393673093837,0.0189497701211812,-0.00249937004762265,0.0104791050974946,-0.00609557521760199
36,-0.0274970122501998,-0.00144103342037472,-0.0293250500192679,-0.0224857321386423,-0.0171601203468174,-0.00624367695565597,-0.0062077236017195,-0.017413630745603,-0.00782023295167374,-0.0176847712096973,0.0118895778204443,-0.034768749540004
37,-0.00387800386627549,-0.0025578196305002,0.0113242818381726,-0.00463361168150002,-0.00204524734006534,0.00010729414506438,-0.00274373805424499,-0.00550888934255205,-0.0071804984452709,-0.007978941811895,0.000733345877873303,0.0069378758979213
38,-0.00621278751512395,0.0150355156373263,0.0328546171049545,-0.0173044401373433,0.00777708916945252,0.0112377156531576,0.0211542685819929,-0.00692919526267848,-0.0131986059362873,0.0145947889088522,0.00391777897035937,-0.00311254959211259
39,-0.0254531855761703,0.00523421554240469,-0.0181265139999763,-0.0244484378407549,-0.0188853420430746,0.016814342484902,0.0200233473291058,-0.0173181070198371,-0.0351963521996447,-0.0203108440375832,-0.0818450176685979,-0.0292902132551875
40,-0.0100084835059344,-0.0198566918851022,0.0160591960766616,-0.0149225760730482,-0.00947679447456958,0.00158828457333545,-0.0161672820407704,-0.00646155036360206,0.00409149766009018,-0.00124886725755978,0.01334896523734,0.00437513794124025
41,-0.0233574098795069,-0.0195393439594914,-0.0120389905605541,-0.00774586403830031,-0.00731350324446364,-0.00553202373711627,-0.00410612975624142,0.0304355130493762,0.00962083671245656,0.014207406662158,0.00594175216904584,-0.00474780803218307
42,-0.0163221440684477,0.00614751994471262,0.0134345767247951,0.0165531704084143,-0.0210002472503994,-0.0166190106189869,-0.0145493354096443,0.0175475610369532,0.00568711816191752,-0.00133968301263036,0.00303934730537348,-0.0237304619248609
43,-0.0193509475131918,-0.00614020958493517,-0.00645827458761269,-0.0188953246194144,-0.0150124348870022,0.0272317079150794,-0.0109460011583722,-0.0108366411414879,0.0276717010937957,0.0239649266668045,0.00136820247570838,0.015259676558888
44,-0.0149665518570481,0.0262837336422663,0.0186251022749595,0.0152463606246801,-0.0123221400390447,-0.0073589700517368,0.00863932750279454,0.0172057584408258,-0.00568437239282834,-0.0072072869439327,0.0036591030512776,0.0167398141380388
45,-0.021680855947367,-0.0110028219896599,-0.00790230703601343,0.00687725649091678,-0.0190143854100481,-0.00709056452498178,0.00790359014818942,-0.0075921695209778,-0.00530927555593934,0.00342166929284444,-0.0671474135553053,-0.0405780009469331
46,-0.01487324347969,0.00100123360854657,0.0221425887866949,-0.0390652901156414,-0.00710089847802824,-0.00130897757863115,-0.00186969454076562,0.00606340879796105,0.0120277480440077,0.0059504041896964,-0.00773696414724361,-0.00826105207027603
47,-0.0289040003081469,0.0214874454102896,-0.0252741400421151,0.0101698789060425,-0.0370842837764591,-0.0117327511878051,-0.0304782715430964,-0.01546587310149,0.0318636679428848,-0.0461947894179035,0.0209136236641265,-0.0215428583089955
48,-0.0173047082716806,0.0121777155372188,0.0133309035388981,-0.0294762716798323,0.00890673266438542,0.0169368117478859,0.00794230542511136,0.000958372803445675,0.0216009626060228,-0.0260144232119375,0.0199310458064401,-0.0466551301751154
49,-0.0110185269596346,-0.0202111058175784,0.0209615259906636,-0.00894322652574292,-0.017733887324358,0.0100534877988604,0.00274559887563978,0.00281080589802666,-0.00230277455711597,-0.00846569537478287,-0.00413328384853013,0.0112402767443334
50,-0.0334175582580256,0.0179070923376484,-0.0452382950354936,0.00112929389105259,-0.023615161481211,-0.00609521253703266,-0.0213543256051547,0.00624991981934749,-0.0202214584465652,0.00798375513677599,0.02724530646587,0.0479047145435457
51,-0.0218539786893551,-0.0081545601281605,-0.00472359966106901,-0.0189439541118118,-0.0143774173484811,-0.038295538199964,0.0189445893221848,-0.00751829262918894,-0.0158977483161995,0.0289677693089549,-0.0289736193652421,0.00397990214403253
52,-0.00605052486009508,-0.0262239409642666,0.000743703998525638,-0.00129334786039137,-0.00774634520732235,0.00604742704268411,-0.0070373332114176,0.0132365618367099,0.002993237202636,-0.0196599936284904,0.0036438042699687,0.000192167219594073
53,-0.00677599746016578,0.0136990347742637,0.0239520832548906,-0.0193894727690905,-0.00337575479505053,0.00380322686686252,0.0226383941762642,-0.0134416192895937,-0.0149365276971959,-0.00099315157118441,0.00800469737637569,-0.00421320153638223
54,-0.0102980186702799,-0.0226888531650058,0.0136896884790817,-0.0114511952572398,-0.0156796720515468,-0.00653129384327251,-0.00964672510734844,-0.00825251905623171,0.00880696966947148,0.0105300815944953,-0.0162554420034792,0.00838945386048003
55,-0.00150065271265993,0.00520340276515806,0.00503882522169517,-0.00201265084556741,0.00233589254768107,0.00252942301040627,0.0064817163636583,0.00323569527891687,-0.000346897170349244,-0.00284116295627438,0.00377795108596398,0.00139488641357717
56,-0.015092570558926,-0.0121935186605481,0.0199141916314714,-0.0183323945377773,-0.0134783607833864,-0.00374059887448549,0.00310227478843868,-0.00176359341931939,0.0106699648852023,-0.0102634253722365,-0.000470998680857417,0.0106452572930359
57,-0.0257226684989893,-0.0130819643872462,-0.0231845621863263,-0.0382913737469557,-0.00357064375986121,-0.0233968967322492,-0.000454707119806912,0.0136783768644384,0.0122095390540931,0.0179596150566598,0.00826866758676204,-0.00834783063260617
58,-0.00309066988679472,-0.00451793859384513,0.00717339415806583,0.00440291522776544,-0.00446929553531903,0.00454447339165898,-0.00422728442808192,0.00794067685883029,-0.0146242743875157,-0.00794248573242068,0.00747342022782574,-0.0102524550312655
59,-0.0203701301277783,0.0100220511327274,0.00449590460407073,-0.0117282408349648,0.0146164129988484,0.00644393129465598,0.0141278203101374,0.0103831333444384,0.0292124168003063,-0.0249719855021609,0.00261942649550003,-0.0417925267052136
60,-0.011392104702304,0.0105698892970478,0.0321598734300818,-0.00917937812472888,-0.00629588313764237,-0.00706930120329875,-0.0144426461761753,-0.00632696740450231,0.00234215970087795,-0.00990793217849413,0.00305857046419763,-0.00222097521230872
61,-0.0239998219938669,0.0201329269267865,-0.00332975675332398,-0.039571898966387,0.00413971336642789,-0.0198725765359311,-0.0065830780792394,-0.00567433902636487,0.0150821974249763,-0.00746014912482853,0.0185415357595667,-0.0187988319650356
62,-0.0121029472529326,0.0186408148141093,0.0221692349219984,0.011595240688887,-0.0314228149513467,-0.0144776868648838,0.0175855917840685,-0.0104385018930986,-0.0148289578260839,0.00987465871721062,0.0160199570480604,0.00740634044225676
63,-0.00957671802384492,0.00555583473322365,0.0259598415114627,-0.0163656431161192,-0.0044045963378195,0.00232852224577567,0.00183508959620177,-3.29405447911123e-05,-0.0104822493580461,0.0071237702501758,-0.00300697417035052,-0.00313659640556117
64,-0.00882656343014176,0.00956976517828311,0.0278774665379842,0.00536631625629383,-0.01013208357719,0.00297631806990492,0.021662980670275,-0.011747523130807,-0.00574603675168921,0.0106904212921572,0.00611987800234001,0.00936410873455205
65,-0.00805766450482275,0.00964197611667942,0.0118672875719862,0.01046556497534,-0.00357281195055974,-0.00427988994267082,0.00401115891584644,0.00529301778968377,0.0160186651044406,0.0111469328862905,0.001315901294947,-0.00216063899932698
66,-0.00119099888557321,-0.00227915387924417,0.00394250167522549,-9.51735168841648e-05,-0.00262501152380623,0.00245395802728839,-0.00103584781296333,0.000752754893879091,-0.00321425471573639,0.000551176111544542,-0.00148367597174913,0.00298767789628742
67,-0.0141172001508785,-0.0211800886783186,0.0100911177338252,-0.0182995597967122,-0.0118615070852507,-0.000746186760038389,0.0121384621588301,0.00591540982519531,0.00127531055073492,-0.00373274072595466,-0.0131182453589717,0.00727755040991736
68,-0.021684716386521,0.0170828297010511,0.00154317368528494,0.0129401862763878,-0.0270527674895879,-0.0381910685878939,0.0163303371592428,-0.0046760452513086,-0.0287822037210555,0.00194130231159927,0.0436160826805779,-0.0131285288422756
69,-0.0197258291458305,0.0287146075441809,-0.00262762424230764,0.0522008819111745,-0.0246262049575849,0.0298031806316986,-0.00322472728179578,-0.00330998259713624,-0.0182353701629301,-0.00642268539785957,-0.0126411974526977,0.00644811116774439
70,-0.00933206935742991,0.0156274433069338,0.0247867174060783,0.0123980589627196,0.00368385296394771,-0.0076574666794668,-0.0147641708388743,0.0124328503855442,-0.00867934250481476,0.00749330336708229,-0.00698508821806277,0.0010951320638064
71,-0.0150951942699578,-0.0208757325779062,0.0106050507935524,0.00414421151842448,-0.0333302323204563,-0.00890607681060284,0.0028030594871449,-0.0088978540111173,-0.0127203942266584,-0.0148273696343726,0.00262311208297811,0.00518055647399935
72,-0.0226742038801811,0.000805016203882422,0.000536068054825831,-0.0435945124680068,-0.00158984600962538,-0.00835056758060019,-0.00504995262507061,-0.00315580626879956,0.0315115405060098,-0.0206279471117999,0.0344045816148104,-0.0159612942791903
73,-0.0137877068592244,0.0124249109360413,0.0218100556810681,-0.0472153706339674,-0.00371283803398405,-0.00418231990025972,-0.00282639475040655,-0.0057867216386391,0.0167669127268821,-0.00083634873977619,0.00303042655757932,-0.00553372836922315
74,-0.00292588227730819,0.00731328559716103,0.00990390608388036,0.00170691054101444,-0.00378697222338051,-0.00815630873018643,0.00658004175314331,-0.00409216823845873,-0.0119057401897342,0.00461122926464078,0.00680600036025926,0.00661045178586946
75,-0.014840944004999,0.0149267290060762,0.013498654473201,0.0366383506220682,-0.00552671419213303,0.00068507232641715,-0.00704924336205081,0.0087392672247247,0.0130369444793912,0.00109158218323854,-0.00476508514457146,-0.0283865681830515
76,-0.0109787161041153,-0.0308743782108161,0.0109299451527856,0.0110941441029013,-0.0135469927048631,0.00366620779320791,0.00343505014802557,-0.00119086694893437,-0.0090604090259451,-0.00691955080453727,0.00798811349114941,0.000154251344367903
77,-0.0116057221699611,-0.0201944237056803,0.0205047614421217,0.00350033662063124,-0.0116275021163563,-0.00868988781692208,-0.0193954020600603,-0.00534433058264432,-3.4962725181498e-05,-0.000822416333691228,0.000833949805118586,0.00016518903273469
78,-0.0124515442076032,0.00720640985048465,0.0263425200210477,-0.0140406700870902,-0.00571554748020346,-0.0101893927256392,-0.020855881650072,-0.00490480793681463,0.00991853895653372,0.00776610389205724,-0.00554507050769852,0.00264640591649475
79,-0.0126978829487362,-0.0346933455744893,-0.00303006492756879,-4.98553279882988e-05,-0.016296592666897,0.00108588776386308,-0.00278396134022891,0.00364494227140941,-0.00273159577045295,-0.0235605941885071,0.00371821337317102,-0.00626382735243878
80,-0.0173195497259162,0.00105609111741749,0.011710400272125,0.0139078482384516,-0.0167986568575787,-0.0382666892943951,0.002903341406795,0.00724531054165452,0.0155203719251848,0.0115165863823011,0.0129897679686924,0.00269092154055686
81,-0.015671190494326,-0.029575871634187,-0.00266996626708592,-0.0273877783839546,-0.0104009917051087,0.002974082673852,-0.00204475058648363,0.0149351875570704,0.0187899039914367,-0.0123612775770476,-0.0143043665359788,0.0146787193965801
82,-0.010745322124182,-0.0207353497339535,0.0110302734812179,-0.00467530456254022,-0.0114839043849171,0.000789523907928442,-0.00578627713106937,-0.00656126348638802,-0.00896779145143879,-0.014149644310113,0.00942466361819158,-0.00577710869425675
83,-0.00671289182302667,-0.0186524397864511,0.0132385781293927,-0.00860806893740321,-0.00761073019760119,0.0119932125124262,0.00434726238347411,-0.00517558099541559,-0.0169899736527681,-0.00323492219998207,-0.00227008430030919,0.0139977386230198
84,-0.0171077634293874,-0.0221864201674769,0.00570319643051726,-0.0176795614641035,-0.00681354180821948,-0.00573290868088705,-0.00131039473832881,0.00464363337160318,0.00439493996259448,-0.00725932530713852,-0.0215079799440352,0.00171211765555984
85,-0.0221034841209711,0.0199847650019605,-0.0016388012892131,-0.00889832148372152,-0.00403223319759362,0.00815602253039713,-0.0314416045284092,0.0014363296677135,0.00224093866159533,0.0157347517591863,0.0169641199462854,0.000843690914230605
86,-0.00903234544923519,0.00854426630407919,0.0240421703510111,-0.00428743598444598,0.0100756233987378,0.0101944084304896,0.0126350000995248,0.00373329337598159,-0.00952811090696497,-0.00365173705114212,0.0173626655355375,-0.0159484566358476
87,-0.0140027473054716,0.0260051484503635,0.0263283133826808,-0.00340008415334478,-0.0249993213419315,-0.0167307835758535,0.0097632882879927,-0.00384909479720901,-0.0281141120957083,0.0135090496002345,0.0202906473565191,-0.0237973140277581
88,-0.0179046027907279,0.017122628308427,0.0171935912403972,0.00940441687468928,-0.00934570986026206,-0.0164499395484748,-0.0177495130805942,0.0245323083478713,0.0132204943037169,-0.00386070873107926,-0.0191380328428885,-0.0337917011063107
89,-0.00360981701223005,-0.00864605480016068,0.00887435859245836,-0.00943931299958766,-0.00640113308583056,0.00352672890465283,-0.0108921137824567,0.00661948016576147,0.000985955655542657,-0.00587692098369918,0.00688448337901883,-0.00868291092976047
90,-0.0104483827346504,-0.00275771540885999,0.0224961415169676,0.00335575371610028,-0.00853201761324795,0.00227334454507141,0.00462451294470527,-0.0017330097872377,0.00495743044832383,-0.00605184954000029,0.00698792688209101,0.0103917087913306
91,-0.00931737565318828,0.0057742169069091,0.0248444888761994,0.0026781597217732,-0.00619457638534177,0.00188037425225132,0.00638307397561192,-0.000226024607070289,-0.00521844650930614,-0.00823509859933001,0.00282743471797075,-0.0032755262810879
92,-0.0191006583078015,-0.00199522285999104,0.0156068896725742,-0.0160542973807875,-0.0289729240565553,-0.0303220382844639,-0.00715936391942462,-0.0135990305900972,0.00443403887558281,-0.0124544792158257,0.0132461058679115,-0.0068287734029661
93,-0.0174988189420751,0.0230267918961177,0.0163606258968463,0.00579337430036129,0.0062302376240015,0.0123928743461188,-0.0248399144624254,0.0506487892482734,-0.0273696485873798,0.015107759134343,-0.0022219252859013,-0.0248352676698619
94,-0.00736669234021037,-0.0213374725382274,0.0130078177222086,-0.00312364741067345,0.000837875892900492,0.0153948194216194,-0.00437593442830278,0.00395473913228018,-0.00689846545116853,-0.0089006217312203,-0.00652334692326986,-0.000168249560355297
95,-0.0126615660208039,-0.0274548802835388,0.00309603521831637,0.00910602781919962,-0.0379505100158865,-0.0120278746110414,-0.00479770948466833,0.0103301643166863,-0.000289397641378087,-0.0224994840011996,0.00189682592192465,0.0154083448147422
96,-0.00129923058067064,-0.00297349756941065,0.00320015696699653,0.00237379094905418,-0.00404156150931229,0.00209613202956602,-0.000541057979952014,0.00232910464272084,-0.00754855557428557,-0.000929497286582442,0.00574676402873945,0.00828951823632916
97,-0.0125526647561105,-0.0260188964848246,0.00895301258678017,0.0127550725557478,-0.0178478202352833,-0.0101817008762642,-0.00681020098541819,-0.016856391586905,-0.0108122382842952,-0.0236041330442303,-0.0093631460869502,-0.00471275847766268
98,-0.0150197843202218,-0.00300825037635546,0.0188681700774294,2.9753755542146e-06,-0.012053292009532,-0.0219704338137065,-0.0286810750879046,0.017480258316444,0.00052279756573703,-0.0115241203853434,0.00402029600511348,-0.00772105153973855
99,-0.0210122293142912,-0.00859812560694625,-0.00912600994030357,0.0195629158819809,-0.0413269336983516,-0.0368566124524966,0.0275583492655572,0.004015467429986,-0.00555107683101475,-0.00499540642450139,0.00861587310668381,-0.00643301946448628
100,-0.00681599364534843,0.00480200322132979,0.0183489941387226,-0.00739066380915166,-0.0105981859069824,0.00575289196331444,0.00890765873312956,-0.00728055896393245,-0.00585528580348284,-0.000284245155209738,-0.00802411753643889,-0.0034582623576873
101,-0.0107282667231689,-0.00469927724938831,0.0276674917387139,0.00253440951025619,-0.00982868125722627,-0.00177818609999548,-0.0128349453246536,-0.00693080279258742,-0.00535602204733671,0.000179875975542951,-0.00773839833579237,0.0125844583607276
102,-0.0218874651715815,0.0361137321040261,0.000188757313213346,0.00554052231005993,-0.023207643136043,-0.0483124025603905,0.0232125465851401,-0.0177455971286668,-0.027145054830528,0.0184483964766474,0.0374300613321733,0.011951756174376
103,-0.0196058354798018,0.00160528000571681,-0.00268067477747907,-0.0382497171886841,0.00415574961665364,-0.00577918902450304,-0.0185654071017125,-0.0293850946955841,0.026113278420488,-0.00377387544879087,-0.0102438573792392,0.000225213773500928
104,-0.00531001013896676,-0.0206211336998085,-0.00194243015575267,0.00258366878419763,-0.0184956136267087,0.0026182565056059,0.000876557815339964,0.0124906069096561,-0.0107082225344743,-0.0225869896353155,0.00367267932330434,-0.00795371810724529
105,-0.0174132559590658,0.00864990421155046,0.0133757530347323,-0.010537624045767,0.0176662255426422,0.000553009451905752,0.0546847504402115,0.0185954151923436,-0.00608471133184619,0.00322715090939569,0.0418293081506017,-0.00364249315213491
106,-0.00425345784730165,-0.0109125634341071,0.0129351317372083,0.00873634883805798,-0.00577703827341645,0.00484877980573502,-0.00874244257710336,0.00127167128894017,-0.00418715014040659,-0.00536369720441333,-0.00990654726420954,0.0155648438303654
107,-0.0315186828785731,0.0371426432105107,-0.0338582477589596,0.00366913949968646,-0.000226526611602622,-0.000539145925226837,-0.0398481515601147,-0.00800698023366219,-0.0137312989039611,-0.0408637226017178,0.0760104192902407,0.0659093752462318
108,-0.0295125254893155,-0.00343402071227048,-0.044271441167735,0.0301610235474898,-0.0155043870088715,-0.00118138994898583,-0.0369018352642963,-0.0284613215726075,-0.00330881313910503,0.0251720886956647,0.0206899740877981,0.0015693436555946
109,-0.0225439166428413,0.0175189699744733,-0.00507354941559689,0.0122799139260357,-0.00432124665308971,0.00507319798803941,0.0375706337397603,0.0482712367539758,-0.0310085934291244,-0.00144287307881234,0.00547955553410837,-0.00722698460325136
110,-0.010784566280134,-0.00164742208141498,0.026619778560706,-0.0094357817275798,-0.00770551380867479,0.000174236305911744,-0.0292076086362774,0.00802457423544892,-0.00362754853347471,-0.0151757887906645,-0.00959808965922713,-0.00572202004642967
111,-0.00443729867293046,-0.00951280173392349,0.00903492176312285,-0.0059875539694665,-0.00694670283497314,0.00191684854016549,-0.00943314068066774,0.00309679652735293,-0.00110496622322851,-0.00247526973327124,0.00428492054921404,0.00459484730964943
112,-0.0138862931710064,-0.0297939733797695,0.0100296758676619,-0.0273716706937803,0.000767593573516224,0.0143442232378715,-0.00142168124372975,-0.0143525974360731,0.00412137561899133,-0.0293250970873893,0.00698177156909352,-0.0182536830108698
113,-0.0151075017330689,-0.0187904873622796,0.0132821598468601,0.0175730485250441,-0.0159956163106245,-0.0120225184912771,0.00150005071646177,0.00707301180589065,0.0102605073466615,0.00585843605462111,0.0196608121063417,0.0212603823310734
114,-0.0127391612260187,-0.00383515865201477,0.0198306577333454,-0.0191941984708439,-0.0150142586177196,-0.00182877516033173,0.0139637392520156,-0.00116872397283157,-0.00352569931336866,0.012243009230584,0.00743059034713061,0.0145309222081255
115,-0.0037078649507995,-0.00109725434071194,0.0109036177352247,-0.00485750449836926,0.000450450663776891,0.000697026733872559,-0.00603318194654319,-0.00122133706631443,-0.00985008938271045,-0.0042428114987425,0.000449367926351333,0.0011540044553161
116,-0.000783929612666924,0.000280728587799652,0.000940147551827127,-0.00417371548311067,-0.00380600602143381,-0.000760987511656252,-0.00415768811287826,0.00256971466842408,0.0030162897790733,-0.00229372163042543,0.000410871290225577,0.00486980159986145
117,-0.0132013259891219,-0.0291648232426749,0.00588729289767194,-0.0106827800492814,-0.0107782452327784,0.0028154936835835,-0.0191830610496286,-0.0126823783353895,0.00882159227373729,-0.0259775291103353,-0.00361238569518692,-0.00418277681958372
118,-0.015461984778017,0.00868523952191648,0.0180365087045306,-0.00601718475369432,-0.0127375597331056,-0.0131548767370258,-0.00474317304084271,-0.00505545498963039,-0.0136973161556243,-0.0163306217490407,-0.0119288361192041,-0.00626953170739698
119,-0.0180895684158294,-0.0299391079664475,0.00142197795453514,0.00149085758967449,-0.0153710063262464,-0.00833214978423821,0.00690236633849118,0.0212426846189471,0.00387552401518673,-9.64450596382533e-06,0.00645644787392362,0.00898117261265339
120,-0.004173070556693,-0.011890725136489,0.0115961766262062,-0.000126376139684989,-0.00501149926633131,0.00550902003101148,-0.00688573237045249,-0.00136006589376034,-0.0103996237066689,-0.00526403005118456,0.00335223335968345,0.0148560939923715
121,-0.0220216079244909,-0.0136624811965179,-0.00728411850175657,-0.0126433266185874,-0.0367530979100749,-0.0190751563569167,0.0199185308003236,-0.00857990566122589,-0.00175766954230465,0.0065503702968874,-0.0109143423003455,-0.0383388831066016
122,-0.0102759120574476,0.00823916615263597,0.014287118228768,-0.00176903427854699,0.00530746363992899,0.00423338901186368,0.00823933026438666,0.00512526789173827,0.0130563228911648,-0.00162451953303828,0.0169463842417584,-0.0114959701304384
123,-8.68171006613396e-05,-8.56416914558733e-06,0.000308586498007305,-0.000252777774097011,-0.000831976545919109,0.000966821360803168,-0.000285683967505134,0.000731201421840376,-0.000883058272121769,0.000523040709540946,-0.000225180403518407,0.00112553337654128
124,-0.00707604579685996,-0.027963723739642,0.00671698454962298,0.00387072201441539,-0.0101995590225006,0.00449161198155388,-0.0126004343959519,-0.00252617822967031,0.00124742194573892,-0.00757746972707109,-0.0021480641857052,0.00851645520496406
125,-0.00240550993741054,-0.00554366804730849,-0.00140610416366106,0.00358623525008149,-0.00240657607761619,-0.00610138236289624,0.00334950935879341,-0.00147407487320702,-0.0152771731369769,0.00525013685914233,0.00879641738041483,0.00890091112560988
126,-0.00175254711967577,-0.00600341409518963,0.00434238145126147,0.0013465782217072,-0.00675550812003779,-0.000109566723264664,-0.000424553920984639,0.00380159650631937,-0.00368615093073916,0.000474657774284499,-0.00594833008494806,-0.00114995750250075
127,-0.0069120781449567,-0.0128491658375309,0.0144703637658847,-0.00457786570215072,-0.00426190441432432,0.00399810742718577,-0.0113489694055597,-0.000257620496320025,-0.0125620936592362,-0.00531566881662989,0.00373714195135031,0.00693003996394174
128,-0.0110527214624658,0.00443903314861044,0.0274039582711135,0.00736853556292551,-0.0142152931487567,-0.00369645458536636,-0.0166363802409249,-0.00347930476929782,0.00162933119705247,-0.0010628365241027,0.00132571354908408,-0.00478988368736142
129,-3.7787390823651e-05,-3.75916625725204e-05,0.000284994781032309,-4.15594351493453e-05,-9.04195565792317e-05,0.000211833237727588,-9.95146309356541e-05,-0.00020729240887266,-0.000226517491636747,-1.04498974951426e-05,1.36584334793278e-05,0.000222961382384802
130,-0.00110062049620553,-0.0071797755174617,-0.00254541599315223,0.00379285144232423,-0.00615659569351429,0.00245538672953428,-0.000120908791907175,-0.000547403015393266,-0.00472985688411956,-0.00923061771995598,0.000888836372254119,0.00164778074485485
131,-0.0124159039702469,0.0122982786755843,0.0342090839289736,-0.000546558202772548,-2.24668393716587e-07,0.000492965421502945,0.0201590746316277,0.0111715775987245,-0.0118552353336027,0.0152689162104509,0.0051653167128238,0.00334876169270212
132,-0.00445912912438884,-0.014874980194421,0.0118025344357595,0.00481196437337284,-0.00677017444527018,0.0086147818059374,0.00154859845323721,-0.00116169669512552,-0.00844085394067271,-0.00341574254848655,-0.000239359147533269,0.0084637321492479
133,-0.00294647447202674,-0.00481381535153528,0.00170645953937795,-0.0094568170951976,-0.00784440328863004,0.00317290188439439,0.006237080297818,-0.000631529694171841,0.0125921705260922,-0.00678513049880121,-0.00889447278609365,-0.00175225182892565
134,-0.000227580863485917,-0.000549648662680226,0.000340027344059206,0.000280407530039852,1.66658728629414e-05,0.000250377331917956,-0.000814788449471539,0.000471565675565477,0.000846887923915239,0.000540707541823717,-9.40874860166684e-05,7.54028169350121e-05
135,-0.000997655027132265,-0.000119569950536462,0.00414644998341672,-0.00190348338728021,0.00305434892626893,0.000579178069859676,-0.000448837254175449,-0.00142908812504938,0.00155605828406539,0.000704851940451661,-0.000674323951721564,-0.0011364022395589
136,-0.0147811015993211,0.00861532696995379,0.0224926530089359,-0.0450409171026494,0.00680572610698225,-0.00591393698903704,-0.00458728435175678,0.00499452943597747,0.00312097930973351,0.00839933203503162,-0.00174696721557157,0.00576500228660284
137,-0.0235455439577089,0.0118001135378585,-0.00349356305451731,-0.0343092688323171,-0.00229996343061978,-0.00585733026657131,0.0156266194590628,-0.0040258865240002,0.00945377610200363,0.00693137503332446,-0.0312382455610446,-0.00412685011226015
138,-0.000288019775481576,-5.41133405151231e-05,0.00112842066712611,-0.000339321403742028,-0.000197164689227524,0.000426805751594983,-0.000116182934863571,0.00136822500729801,-0.00358823229762791,-0.000983378189342209,0.00210271872570467,0.00293070129180709
139,-0.0233154281797344,0.0067942024050478,-0.0183015178821823,-0.0159784282561288,-0.022579698228634,-0.00323602286996919,-0.0127473699822436,-0.00031180957669156,0.0105552252050035,0.0154873591368022,-0.0158582551092301,0.0335272710524479
140,-0.0192216995957547,0.0316500043336809,0.00848127599376782,0.00769184258595112,-0.00230252722347898,-0.0169893270422241,-0.0162045862616276,0.0317430558658351,-0.0316698483186914,-0.00346086253639963,-0.0176083547833941,0.0208499883927937
141,-0.00609713130536841,0.00238747473027772,0.0262648975157243,-0.0177467371724596,0.0160355373377777,0.0200782472607585,0.00755267816621333,-0.00194749917467779,-0.00642347715368022,-0.00354984028527993,0.00298195659910861,0.00289827974713082
142,-0.0190718876726988,-0.00225027517744208,0.00627912317705022,-0.0103786854394483,-0.0250539711971314,-0.045334144020354,-0.0223808217963287,0.000267666785201036,0.0503942947505792,-0.00464300755705852,0.0258220434252221,0.00760117397705336
143,-0.00637063530096033,-0.0172458073583978,0.0115936526669211,0.00170798156932378,-0.00658102335405394,0.00536413708969322,0.00165099695463342,0.00103942283945012,-1.74068716101637e-05,-0.0129010547652337,0.00290128958523879,0.0100669472638419
144,-0.0134767279587229,-0.0234066527347267,0.0152203687193091,0.0133701813464053,-0.0224128878667696,-0.00566862413129732,0.0061647607452258,0.0107465533830675,-0.0114003598196325,-0.00384909131625734,-0.00108778258162554,0.00656212399245039
145,-0.0294234284272804,0.021904042469476,-0.0260691180673745,-0.0240198501130776,0.0199424407342551,0.0013936477608105,-0.014500526125219,0.00648645784064081,-0.0198786558995188,-0.028845627294815,-0.00103112403092305,-0.0478952593682121
146,-0.0243382472886955,0.0100641628670113,-0.0082885697764562,-0.00872313118499447,0.00698585654600162,-0.019932917493665,-0.0263877130678641,0.0209072345785346,-0.00577871006937594,-0.00254288116109785,0.0140171578241018,-0.0182048008504174
147,-0.0118639158031782,-0.0147099696064782,0.0121794883126303,0.028267307015091,-0.0182783752420366,0.00930797109411159,0.00157519904405755,-0.00437806229577789,0.0145387570702728,-0.018797151466679,-0.0019886296218482,0.00413617670189298
148,-0.0168866589242386,0.0254603564854745,0.0121535722449298,-0.010020485521896,0.00470381885921028,0.00596405794971768,-0.00187946210434465,0.0219593554047164,0.0126162505764962,0.00312574685433355,-0.0444308059580614,0.0139221231278181
149,-0.0162963317501296,-0.0385072976998513,-0.00626669591861466,0.00429727194430296,0.00324406451235533,-0.00467465815492248,-0.00687453680751129,-0.0180184073136682,0.00196654484392257,0.00248176484996236,-2.72866268056823e-05,0.00439746919516228
150,-0.016125451810307,-0.0175893373900666,0.00831010627819673,-0.0189816767330982,-0.00239265012818322,-0.015753241439678,-0.0146356754461116,0.00515492531564488,0.02900217787671,-0.000661038376281979,-0.00247480640043737,-0.00399085816264548
151,-0.0138805968491653,-0.0242520503406546,0.0138702891744469,0.00531395018079377,-0.0243063573090915,-0.00759119653909264,0.00498369344672103,0.00549154073305963,-0.00656551679908756,0.00419802377012709,-0.0147982035379925,0.0145444336276248
152,-0.0153477696505407,0.00568788376349723,0.0181573779886885,0.00146044840505536,-0.011016565175411,-0.00475187632346857,0.0102534509698792,0.022827771466521,-0.00293022658069493,0.0268775800908165,0.0143465146233887,-0.00810892536087698
153,-0.0165320390981471,0.0168314744737217,0.0199862330565835,-0.0158339797429743,0.00712083155874496,0.0151165980766209,0.0197222862825239,0.00912657605767244,0.0191925387950121,0.00213397019121078,-0.00887661415046132,-0.0213646675979173
154,-0.0157245524644755,-0.0135359360782587,0.0133480762585994,0.00378365259032849,-0.0233782199074609,-0.0112263173528707,-0.0057055497949909,0.0048316834280706,-0.00884171985372591,-0.00226815503850196,0.0118118576726089,-0.00688248339665605
155,-0.0136297279348876,0.0265769995013125,0.0171819345370189,0.00337319847624147,0.0168130725243107,0.0192830399477809,-0.0137024097213459,0.00591644831094347,0.0118514715924174,0.0205906754556171,-0.00111771396802037,-0.0272608878849276
156,-0.0252875941548533,0.0214299131381827,-0.013192431570712,-0.0140858843152148,0.0103416065502352,-0.0182293440004411,-0.038020609334825,0.0345192890103414,-0.0212472681509162,-0.0372438545436624,0.0028789200898499,-0.00970922752713018
157,-0.0235542723128716,-0.0254496821108137,-0.0297131909812717,0.0282316415459214,-0.0210477025731408,-0.00545517650004073,0.0138644179467577,-0.00656501956947743,-0.00590137875010263,-0.00107119500578232,-0.00631256015329391,-0.0161424682943404
158,-0.021938356960417,0.0240022543103139,0.00040370398315167,0.0141740791698158,-0.0174218410423191,-0.0103907925261445,0.00116472779800778,0.0397176928932188,-0.0206366957876809,-0.00383590026241023,0.000439242657309219,-0.00967638181085563
159,-0.0228793074844308,-0.00833794586064785,-0.0186335858742177,0.0013676079132827,-0.00198868594101151,0.00468068433363604,-0.0163594983887371,0.0485343997786847,-0.00547474811125514,0.00906653468110794,-0.024623871110152,-0.0141612498353291
160,-0.022415183555911,0.0295672582783294,0.00600660325883281,0.0081629220205507,0.00141597921560506,-0.0140087654215373,-0.019540819192262,0.0441806711007304,-0.0568597101681048,-0.00570169838031409,-0.0191459338303833,0.01544816216383
161,-0.00936147540801379,-0.00993077979029523,0.018555700668228,0.00860032749827616,-0.0172439396644371,-0.000842908068710633,0.0103953225086226,-0.0101758214590708,0.00662054097702133,0.00818884328278193,0.000437717481782825,0.0119878593229179
162,-0.00399501655251837,-0.0136592730375441,0.00869759043327872,0.00199483109675639,-0.00723030422764651,0.0054220994279802,-0.00558489243689814,-0.00228146961340227,0.00167255550610989,-0.0155132404808019,0.00652161943726138,0.00479003737405429
163,-0.0159992518447344,0.0276949330699117,0.027551823618758,-0.0237991437539102,0.00744706643489101,0.00074200709650868,-0.0201221269394433,0.00746247599985265,0.0122217670959918,-0.0107461431586864,-0.00592096795324898,-0.0131640553568083
164,-0.0096699587110037,0.0109199366705154,0.0206771614080842,-0.0182819212784815,0.0135921515018869,0.0113266337852776,-0.00984534688822938,0.000186924415425408,0.00127420150472288,-0.00191968976212615,0.00461416544595936,0.00139854923365579
165,-0.0183449237997445,0.0281933734044056,0.0209262541008957,-0.00524197855388359,-0.0105107386309178,0.00246718172568761,0.00131284461191512,0.0311264185967019,0.00235486193490432,0.0164400580142365,-0.00491188619128229,0.00295104835351028
166,-0.0160575411787269,-0.00896694178367248,0.0213481906092768,-0.0237649939481381,-0.0237919913739936,-0.00343628220061781,0.0187307528375393,0.00459909432350336,0.0244289000687651,0.00461483549967734,-0.0118844058029974,0.00269057032791118
167,-0.0156248567252896,0.0215012996690702,0.00884457953872039,0.00637225673660828,-0.000748760218750582,0.00498484786334408,0.0138565933291299,0.0414396833423211,0.0486105692012989,0.0216591494767196,0.00208353779053198,-0.0162148246357358
168,-0.0134690975859818,0.0264343876244972,0.0182274682359081,0.0113848732201378,0.00537937361513889,0.0148453914508191,0.0129344759093004,0.0383913589196628,0.0178234271790761,0.0200791601798031,-0.0251629679372061,-0.00714141952287521
169,-0.00865117570989506,0.0116170864482128,0.0289297406234192,0.0094191792617177,-0.0062466862832902,-0.00744581763978559,0.0132971097155645,-0.00982620760654777,-0.0211511168369799,0.00816377899818717,0.00726537174544871,-0.0012226975529481
170,-0.0187704393234381,-0.008332322685012,-0.00567767802587656,0.00234938605917084,-0.034116206158148,-0.0263465784918471,-0.035913790391068,-0.00126429499832158,0.0217803951599649,-0.0232244683928575,0.010479001560995,-0.0107308795281679
171,-0.0205970530107972,-0.0220848619883573,-0.00796804987728172,0.00360135102210678,-0.0194410437221995,-0.0200802815756,0.0275482264846732,0.00564305340044068,-0.00864201387970604,0.00329755963267316,-0.0143884702758317,-0.0156193774916446
172,-0.0126674937756547,0.00712714333651208,0.0238898661706208,0.0250649172665505,-0.0149699643984671,0.00474831527553553,0.0012960143601549,0.000313258049353488,0.0191802827445348,-0.00393363398512772,0.00647389970012554,-0.0118451645930885
173,-0.00716960502097085,-0.0202033975439488,0.0117041735256915,0.000207948044519724,-0.0179697955559449,0.00718466781797972,0.00219013194830613,0.00253207279448091,-0.00307705218222207,-0.0104559295011316,0.00299793774347364,0.00905487120740215
174,-0.00807607116861138,-0.00563244682466328,0.0161380181158834,-0.0123248057906151,-0.0100594219534778,-0.00143572465047853,-0.000426156658858284,-0.00584975230911114,0.00934443895131401,-0.00479463776671186,0.00172310736216955,0.0104340579183673
175,-0.0208168546511659,0.0235703363246984,0.00347902317831814,0.0080509457755604,-0.0342864019013376,-0.036279381046785,0.0374285917720259,0.0093134195885542,-0.00698672069084387,0.0166350355914517,0.0298143165221485,0.0517827588803513
176,-0.00725533054354804,0.00656806197621178,0.0198330946489119,-0.000700683975579426,-0.00323003253484157,0.00437521153049952,0.0136462105265302,0.000227838694536627,-0.00966931733742637,-0.00397965406090054,0.01401316877176,0.00154591884969169
177,-0.0110941406279778,-0.00917721502667861,0.0226470368815114,-0.0241526552356426,-0.00412202245452443,-0.00367902042266372,0.00186603268144631,-0.00648041287825,0.00911090876080717,-0.00148182288890397,-0.00518845512372772,0.0174578351859941
178,-0.00986307902905364,-0.0165963595324302,0.020239175855658,0.010930962071803,-0.0102545641078328,0.00316267685474372,-0.00923932353529116,-0.00297994098778887,-0.00525051116355137,-0.0119869538707678,-0.00544851901125348,0.00373772827629619
179,-0.00749046905469739,-0.015767297718235,0.0196000543610375,0.00819341991731202,-0.0143715382316668,0.0117134026377291,0.000186008251570441,0.00565355088017505,-0.0113932337763423,-0.0128134137762881,0.00145745100572113,0.0044991446594519
180,-0.0184955185581187,0.0270733868873164,0.0118533431521202,-0.00753395450002411,0.0101129048310067,0.0172763893876758,-0.0166049001557118,0.00851046780611429,0.0270106448205859,0.00997002881204091,-0.0397310691660005,-0.00560835193353771
181,-0.0144409582674613,0.0134353447757317,0.0265626225801292,-0.0169665983286676,-0.0110954141928986,0.00172552874172133,-0.00267440544362878,-0.0106914223110058,-0.0124691216057062,0.0079157109423706,0.00378950670593407,-0.0187868521174742
182,-0.0149496904435774,-0.0152895368777542,0.0142600582009869,-0.0079883702191845,-0.0261994869948617,-0.00176815044989137,0.016006768859351,-0.00781908588308135,-0.00275986299953475,0.0189248142045738,-0.0119290788109288,-0.00312108099774846
183,-0.0173561930313229,0.00988873767386438,0.018314214646933,0.0313553836254831,-0.0126772014110052,0.00797042860922096,0.00509081051717369,0.00957508335893089,0.041164090332756,-0.0119216001046029,0.0160600038076113,-0.00562981549918754
184,-0.00754404303228046,-0.00808490512656266,0.0175570320980637,0.000423131624610118,-0.00823322105276865,0.00915993663509467,0.0021839828327916,-0.00861787906291644,-0.00127251099226402,0.00252155088217782,-0.0109809550365901,-0.00175266117952924
185,-0.0138768866001748,-0.0325138336899194,0.00296485899799275,0.0209927268141485,-0.0149408991322298,0.0208623188177666,-0.00518100733937832,-0.00433362404617397,0.00735383326551894,-0.0148118565314065,-0.0142998991628842,-0.0091449213191618
186,-0.0106821409040149,0.00136193109105905,0.0282476699408311,-0.0137068905715686,-0.00721342656575197,0.00585045807141301,-0.00847899191206374,-2.00059481273512e-05,0.0128703494608749,0.00693832439365585,0.00194977785146402,0.000917260905861101
187,-0.00143510231943922,-0.00245648299131307,0.00298619541378358,0.0017642824336991,-0.00346829880019459,0.00191970131125246,0.00189278228603123,-0.000563724012720458,-0.00900538417564364,0.00148946837480231,0.000254034967599598,0.00120954989263704
188,-0.0119738186024036,0.0097905901947337,0.016187667532433,0.0153491281968293,-0.00900069158499201,0.010344467650113,-0.0061890064315466,-0.00367277035208432,-0.0030971018474544,0.00224357224803419,-0.0131475089232241,-0.00911135578325202
189,-0.0191536707623741,-0.0221590846506559,-0.000778548258054073,-0.0111921692104618,-0.0263262316381167,-0.0230592122235781,-8.37182424938257e-05,0.0139857710948488,0.00620373928561392,-0.00732247238028194,0.00978198706680747,0.0118193794790077
190,-0.0142894736430346,0.0015646302540987,0.022224088544786,-0.0316230291964016,0.000458686570909839,-1.88489578602126e-05,0.00360140958809463,0.00286894502878828,0.000187986201283144,-0.000806895073924379,-0.00195529527394001,-0.00917467822716085
191,-0.0164053634977557,0.0213526390706313,0.016469354609628,0.0248698961881289,0.0045787013177079,0.0161034301674162,-0.0203902395252222,0.000490993597833315,0.0192301197944631,0.00537888910162205,-0.0293276119578346,-0.025706345173639
192,-0.00734624415728263,-0.0162725140270797,0.0130378994989749,-0.00227783766939034,-0.00848512570175414,0.0107030924616296,-0.00975622283459942,-0.00206011515921717,-0.00511925710371548,-0.0118588764975477,-0.00442517835443936,-0.0130695329078493
193,-0.0218465224383667,0.014577057709133,-0.00630832139468277,0.0234643263469826,-0.00989214237456826,-0.00334028893539334,-3.86161444775599e-05,0.0516932564094396,0.0400476490803552,0.00201006160799635,-0.0195707210816869,-0.0108644451445746
194,-0.0166465839996797,-0.0314458970744901,0.00499176304259343,-0.021501349230004,-0.00196093950665679,0.0147309983856291,-0.00335342312393207,-0.000852312008778865,0.000387129349780553,0.00124122564027612,0.00393599201556802,-0.0039248305901616
195,-0.00328737712386443,-0.00166123616603325,0.0149615643474559,-0.000924777604078326,0.00244828670856217,0.00508711027444552,-0.00906555881082435,-0.00656029283966475,-0.000896843185533022,-0.00923478478967131,0.00488286496768861,-0.0035362765358119
196,-0.00799950997382617,-0.0078198041633867,0.0185112947898272,0.00225618266316693,-0.00510871803852234,0.0116149574179807,-0.00751465106868404,-0.00928598266121043,-0.0112208428439551,0.00267447504651752,-0.000650847647011873,0.00241919427038947
197,-0.0078567236257055,-0.0101447842706425,0.00953898217283981,-0.0139111138759839,-0.00939027960182103,0.00349581707622856,-0.0084594244827722,0.00538305606154272,0.0071337945518252,-0.0124166273023122,0.00385505368410273,0.0183500136273361
198,-0.0161653618719203,-0.00135799565834367,0.0183452039399549,-0.0299506125657226,-0.0158298624310727,0.0170049413875243,0.0177987706975487,0.00937733374461561,0.03227278925595,0.0292168446385202,-0.0242672161235933,0.00355626214011281
199,-0.0146415746138262,0.0252557035232085,0.0235997670493287,0.00682231711208862,0.00704644059127633,-0.00539962783736881,-0.0280671251581483,0.0309974398562076,-0.0271092254094758,-0.00958169865029319,-0.0133164308067032,-0.0289060758220044
200,-0.0160196254496106,-0.0173961583326394,0.0192142024852538,-0.0167437210785275,-0.0238520868333055,-0.00840592541474988,0.0122021023209961,-0.000314481333464328,0.00556634437489787,-0.0129727267170767,0.00170313234510498,-0.0278211608787664
201,-0.0155099866875576,-0.0300412166581998,0.00959880821722717,-0.00426070073160091,-0.0202196339708318,-0.00303428596206748,0.0049657070564948,-0.00015987389867755,0.00812764435810198,-0.0072524889855938,0.000848842726932845,0.0168464836874029
202,-0.0156557212167121,0.0101888648413292,0.0227901208046612,-0.0376873583935288,0.00753546574100275,-0.00229042949455648,-0.00771328982032312,0.00667379076020116,-0.00353749935813078,-0.00498918792622248,-0.00298583710228028,-0.00149426522666694
203,-0.0164463966500425,0.024100127177179,0.00827656687318719,0.0118475008840923,0.00698075584198847,0.0146045111267339,-0.00803548696174469,0.0331513770174593,0.0243667184147075,-0.0176560407593201,-0.0175691850753323,-0.0389489685486368
204,-0.00923647308137515,0.00180164645121674,0.0198181962072448,0.00404836887845987,-0.0146417500147974,-0.0207456636430769,0.00260947830529483,-0.00577073700950747,-0.00692247761062977,0.00380280608990086,0.00989229480483832,0.00370988301825287
205,-0.012223888650417,-0.00236424372750923,0.0203697264250036,0.00975456402828493,0.00644010659795647,-0.00593106202323342,-0.0177502420101948,0.00979560777230723,-3.4251026884981e-05,-0.000104359936334244,0.0205385417048547,0.0201620244796817
206,-0.0110174166305601,-0.0289548781324715,0.00433056816217148,-0.00725918503773029,-0.0095952774319033,0.00139433940335892,-0.00474721746247141,0.00415676861573145,-0.00617714381042177,-0.0141098893354198,0.000561501014266262,0.00853359873982033
207,-0.00248552872132282,0.00274651637398031,0.00735123201042033,-0.0051641396963125,-0.00149290192249578,0.001388605863757,0.00146936137145891,-0.0014372965818025,-0.0109141272970421,-0.00442730714810903,0.00951340153008163,0.00032657641673968
208,-0.0195803661179081,-0.0347576320437231,-0.0164349734828393,-0.0190009210957504,-0.00438034029729843,-0.00090602481510219,-0.0128387273118735,0.0119305862623482,0.0154439220160846,0.00928645354741059,0.002488907744464,0.00545506943239608
209,-0.0104039732901246,-0.0276471292007368,0.0137891398855665,-0.00480681953581596,-0.0137245701269962,0.0103951295643179,-0.0066304128099448,0.00814678224822722,0.00456586665433391,-0.0128818046578263,-0.0101178113110365,0.0102213126893178
210,-0.0186383386544833,-0.0200381475093899,0.0039894944461678,-0.0257993301458024,-0.0231754504930304,-0.00996253178440849,-0.00645661285470911,-0.00375947175641135,0.0136459214154658,-0.0262376381952415,-0.0132472785870514,-0.0143832670886326
211,-0.0173157118991225,0.0335610182759244,0.0104500404615505,0.00550953797168042,-0.0338336097455813,-0.038874573899338,0.035342530662224,-0.0158571324213692,-0.0257047891068243,0.0147964564348653,0.0399530256564352,0.0122709306467885
212,-0.011082706429504,0.00767019104379518,0.0269541633749112,0.00422650163149572,-0.00675521737064961,-0.00107289040019932,-0.0187191476209044,0.00143191293041017,0.00582956149415614,0.00410207304449678,-0.0070410428903997,-0.00638788316459253
213,-0.0156543706499929,0.00478233493421744,0.0249830041224995,-0.0243355923848897,-0.00884974251050424,-0.00695366431891193,-0.0157504105461588,-0.00380812776876106,0.0104871042739584,-0.00687194218287305,-0.0208370121281367,-0.00233237338682891
214,-0.00804650132918909,-0.00939626779149133,0.0209696428109549,-0.0039187932183144,-0.00880205570996232,-0.00075547345658219,0.00646036689755082,-0.00590604272878744,0.00839095192482179,-0.00817089909044363,0.00148560675645648,0.00443325763784962
215,-0.00487867149769239,-0.00154747271542735,0.0123110332782736,0.0157305387713764,-0.00255879174006538,0.00631563141921373,-0.00361421596302429,-0.0108930746327958,-0.00609857023840712,-0.00298107478720588,0.00231526998981657,-0.00281420627006185
216,-0.0203169830320258,-0.0020804961374528,0.00485012561934672,-0.0423899456908319,-0.00445535822562926,-0.0122751753203023,-0.00531065662235745,0.00879628909334507,0.0129743472605638,-0.00430710739598407,-0.00794386133471003,0.00630431022322706
217,-0.0281424366473733,0.0200453705746823,-0.0338409726290242,0.0197193430778176,-0.0418653681714983,0.00767575019813506,0.0231364858185292,-0.018145805580148,-0.0176645377426725,0.0437492665779236,0.0439238410632565,0.041637604353659
218,-0.0209064765285702,0.000872447646426821,0.0061576164878558,-0.018637379099421,0.00380287679881188,-0.0211962256953092,0.0116619406126804,0.0204707866221182,-0.00197104397914688,0.0228177654439475,-0.0258373728838807,-0.0179707433788364
219,-0.0184909607548265,0.0169018300872187,0.0136484254815965,-0.018737496270843,-0.00294206323957453,-0.0156083586706538,-0.0377970490474383,0.00281742646380404,-0.00650350954159085,0.00489677048851701,-0.0257750225060423,-0.0170463879252658
220,-0.000248206935609965,0.00159582987524632,0.000738279842917302,0.0011621627668428,-0.00159845115834008,-0.000669060087787039,-0.00166307810275084,-0.00226905152605808,0.000631768529295761,0.00136150865114489,0.000128875855063024,0.000319107100069916
221,-0.013090931886205,0.0179601762799857,0.0228533549006333,0.00742299873275534,0.00511138910316913,-0.00624891244847873,-0.0146856961186564,0.0208398024004974,-0.00935919851173489,-0.00602434611407637,-0.00347329210925726,0.0018952020920908
222,-0.00284265775755534,-0.00504862883161012,0.00451984517219812,0.00443194244004535,-0.00215966788892514,0.000487498784244838,-0.00136290155561318,0.000879318419994039,-0.00536123421958673,-0.00171187354868624,0.00686334676831588,0.00116660675420347
223,-0.0154279025604525,-0.0208828909266799,0.0161535480789286,0.00890491042080359,-0.0168827144076739,-0.0184165472760786,-0.00414033794749987,0.00408989307074692,-0.00760574712423465,-0.00923534365712724,0.000164491302047911,0.00911019846793609
224,-0.0207445138549527,-0.00393116364252927,0.004451631937148,-0.0124360846059619,-0.00286904053437463,-0.0142787709105005,-0.0275729720917741,0.00346702688499524,0.0149566283861012,0.00716258907429985,-0.0175490400352605,-0.0496462562136146
225,-0.0200523161218656,0.0263892567905131,-0.000373890230099822,0.0151965267953669,-0.021393065618816,-0.0535880695855776,0.0127086097624454,-0.0661165355637079,-0.0728171274325641,-0.0101291559560602,0.0256037909476479,-0.0526494929111809
226,-0.0246866619336645,-0.0142029533127486,-0.0167136296653204,-0.0203115084028644,-0.0127159359953013,-0.0177870085393707,0.0213434942557925,0.0169088580034129,0.00862367266172761,-0.00759034663730415,-0.0227332964446174,0.00411810260569698
227,-0.0216805535532797,-0.0161504327135658,-0.0190355536342693,0.0164546382119662,-0.0284416218734658,0.0260897833602158,-0.0114446946840013,0.000758590688477236,0.0416929729214851,0.00882962770287112,-0.00586104094051706,-0.0215654403349147
228,-0.0114676391373106,0.0127876644243352,0.0244815830911356,-0.0103317768645546,-0.00325218460471861,-0.00509419027179936,0.00126069775127619,0.00878425685825002,-0.00140517726645959,0.0105396395812012,-0.00737674731151157,0.0134333775326598
229,-0.0246609231393225,-0.00663343508289483,-0.0244006436091382,0.0245929554323671,-0.021887663302749,0.0134619294927262,0.0418608475843068,-0.0240554911558269,-0.00128775873055416,0.018416766125162,0.000609810613883632,-0.0454400520376393
230,-0.0183786870217361,0.00781503949029078,0.0152111939653925,-0.0396917924966511,-0.00281414871069858,-0.0154313820827072,0.0200495919184852,0.0139755398781412,0.00213823357454675,0.00312189518137039,-0.00218090158123283,-0.00383436441151014
231,-0.0166679313697111,0.0116292372413932,0.0190565670370567,-0.0265766331148797,-0.0112168633863069,-0.0151256604242006,-0.00274634265699559,0.00826740625771927,-0.0104202509653114,0.00696029906259534,0.00822539629873599,-0.0173512539888865
232,-0.00958872430521045,-0.000775845256364843,0.0284960972574347,-0.0128424895118536,0.00588481813573314,0.00903376094371838,0.00172642782025068,0.00455375884465016,-0.00322691899688757,-0.00618282014551673,0.00997236396982384,0.0105185494525681
233,-0.014942337466061,0.0149860485758015,0.0224917174187366,-0.00416027903139447,-0.00249006206987545,0.00919880981668786,0.0281674333108894,-0.0149003037848762,-0.0143672240491355,-0.0208957783363285,0.0192587350672427,-0.015012305178909
234,-0.00956280470907425,-3.94382083373786e-05,0.0208341579140622,0.0158837595106185,-0.0130730810028444,0.0127700905986919,-0.0135340877622522,-0.0167901645141036,0.00337639484515566,-0.00834446734489435,-0.0133595597287256,0.0154723615305955
235,-0.009573415693824,-0.00636750254996797,0.0315534614696607,-0.00683779116221931,0.00407108331740251,0.00564259043554093,0.0063375780884212,-0.00610479781864027,0.0164271731143468,-0.00679977880456163,0.00130540794562654,0.00997248191570349
236,-0.0150092836004573,-0.0201222026285787,-0.0016938202571419,-0.00938889487925275,-0.00405443948807415,0.0158980095311595,-0.00848022458172744,0.00937324471212715,0.0318230853765073,-0.00895944840093645,-0.00473360923895966,0.0487550309818003
237,-0.00339160010180754,0.00129081290712247,0.0127661292677943,-0.000148969497837474,0.00221238423976637,-0.00290248266893842,0.00294170106026748,-0.00189468982295634,0.000538503983172155,0.000318318660857704,0.00376267469403475,-0.00513053328698881
238,-0.00365234950042362,-0.000811912099056634,0.01194123744819,0.00368434995142099,-0.000217192197637706,0.00650717688728831,0.00439431283835267,-0.00846735537511452,-8.9022090550645e-05,-0.00374865366080503,0.00313253643478793,0.00414986363162466
239,-0.00372727359362007,-0.0084117915727932,-0.000577990141642743,0.00919540965886528,-0.00469593318497897,0.00510870657571982,-0.00887845615189122,0.00643586844195443,-0.013959161371794,-0.0167417151340429,0.0159025491148562,-0.0144645550679566
240,-0.0287910910681283,-0.00415079679552217,-0.0366286114298264,-0.00923115595480627,-0.0219139921985926,-0.0131571169669592,-0.00345943810051818,-0.00651715846987668,-0.0202988123524064,-0.0269910984057362,0.00762428153306185,-0.0472800124662605
241,-0.0241953459570161,-0.0126219611552436,-0.0251461577205886,0.00661626059496334,-0.0250294437836585,0.0146065954203472,0.0138168321094139,0.0109947109804752,0.009566416245995,-0.013538649917741,-0.0292755777880028,-0.00839128431390073
242,-0.0141481398331902,0.00443474595919811,0.0321482632892245,-0.0110257850722472,0.00111790563679736,-0.000791512135870745,0.00119611284575436,-0.00965159413223549,-0.0158489909619185,-0.00372461785277512,-0.0195901279305721,0.00331994796969667
243,-0.0220530249968926,0.000791689124187358,0.0035095877353936,-0.0309732348284171,-0.0051336812864872,-0.0323306337966261,-0.00293125016358817,0.00533237838401915,0.0233238186506632,-0.00423656488030446,0.0346538767962236,-0.00274999382060878
244,-0.00635098365586589,0.00693681964705051,0.0251663524578401,-0.0030349818006041,-0.00874905141857367,-0.00124639004030503,0.0153902351363148,-0.011271548906871,-0.00921829981551915,0.00821914835564144,0.0192047202085923,0.00415324584798794
245,-0.00728589559249086,0.000976155215831862,0.0209016575262991,0.00826940702629284,-0.00444050958157828,0.0131233720927168,-0.0104491091866625,0.0168120536618293,0.000967144067040092,0.000858084284352024,0.0130176774307579,0.00715566568810001
246,-0.0190825701009787,0.0144419717355936,0.0131957093401166,-0.0311328568317988,-0.00223658069281657,-0.00871599094748055,0.02302696932114,0.0199351374196847,-0.00828674442623477,0.0224344693907498,0.00299711325105153,-0.025371095243954
247,-0.0235556118365432,0.0269867946874828,-0.00719811860781052,0.0129877743590596,-0.0209986651270771,0.0102612504088268,-0.0166646796437669,-0.0248304807109621,0.0569834857889383,-0.033867713053928,-0.00130740904420128,0.00640816021960235
248,-0.0100853845251261,-0.0169217770781036,0.0190253532175246,-0.0143938562673968,-0.00976697099257927,-0.00250089352486593,-0.0173962112880421,0.00365987929859661,0.00487506865023273,-0.00538018588579259,-0.00128446466038786,0.00135839985939263
249,-0.00769523936294554,0.00862438680286308,0.0180563727127673,0.00736007649580451,-0.0155708511423052,-0.00117365465107398,0.00294700828926976,-0.00195879683577057,-0.0136096417963013,-0.00184374757288464,0.0199242159735379,0.00807027000370584
250,-0.0149937000049384,0.0137043692052061,0.0227096847531724,-0.00576762802764824,0.0134642566809906,0.0122891817219938,0.0238903616536083,0.00823522615341553,0.00980912610821964,-0.00704462916345342,-0.0196661111793673,-0.022503376916031
251,-0.0159197924080574,0.0113816518173416,0.0257214480170213,-0.0126560140120956,0.0022569703522235,-0.0185775131382884,-0.0226325628298669,0.00717107486405251,0.000441732230608527,0.00436114591161207,0.0111291511319325,-0.00421395482701417
252,-0.0115747281171772,0.0156441023598748,0.0247965930241254,-0.0118278393613179,0.0225529284696056,0.0196023686842815,0.0184087147870891,0.00520548041810357,0.0120727735572627,0.00491298795968347,0.00751984344531897,8.44292686093017e-06
253,-0.0133560842667133,0.000316168710318095,0.0210352716987906,0.0101324806256661,-0.006807842879094,-0.0118660401945302,-0.0158987452611621,0.00367981150371367,0.010256570863706,-0.000274793063837352,0.00967529336575526,-0.00915721086297579
254,-0.0333752697867331,0.0244405401737313,-0.0405625489453159,0.014441869991408,0.0171279805792851,0.0217079226955324,0.0125985631076779,0.0106462507001402,-0.0253681694450557,-0.0688084969901345,0.062395755505543,0.105758910325714
255,-0.0203694778990202,-0.00636404433847283,0.00481378178598421,-0.0489901396348155,0.00177718353653546,-0.00494400333510381,-0.00405707620374261,0.00495937100517269,0.0138669979535967,-0.00160104511268326,0.0173509715022692,-0.0150448819369314
256,-0.020681467975858,-0.0134631965682752,0.00134510528694916,-0.0273596615378572,0.0033201055682456,0.00389028393180472,0.024803601950515,-0.00927475753893333,0.00507354135214958,-0.0248822998164647,0.00260182180299482,-0.0555737825275765
257,-0.00927881653394906,-0.0283950534613273,0.0129982316565216,-0.00536694483825483,-0.0161397762709307,0.0094769993935427,-0.00956890549809023,0.00741010717536625,-0.0154975412390072,-0.0151774809201372,-0.00424567819380696,0.0033659205156863
258,-0.00362419852898217,-0.00958937507371323,0.00819010957414044,0.00397956525596101,-0.0101283466643855,0.00546836239321031,-0.00334014564972192,0.00769429418821161,-0.0141672898368962,-0.00721822452280686,0.00999042007743745,-0.0105332852150246
259,-0.0267208931847654,-0.00217187130533334,-0.0311845374673259,-0.0305083655819675,-0.0182016009794714,-0.00798201008270661,0.0099685970236061,-0.00494093379555773,0.0250498067387833,-0.0196375026045221,-0.00647417686717292,0.0135986288062485
260,-0.024545919110989,0.0242725456983972,-0.0168898391630122,-0.015816131573538,0.000124592044303197,0.00106115477229728,-0.0478433307870544,-0.0150625722321197,0.0506516927808287,-0.0222794590196474,0.0381902929440742,0.0434247573126706
261,-0.0121616135758964,0.0213823729362,0.0309768944170464,-0.00497519298283491,-0.00762307124906813,-0.0133916844222928,-0.00461341009226623,-0.00512673318595569,-0.00852134898338508,0.0129022592037875,0.0109390193868101,0.00519953309502567
262,-0.012812004569499,-0.0185230324698243,0.0086656991654471,0.0073706501626659,-0.0249508426488937,0.00774250560915345,-0.0115535713044258,-0.00587741737987669,-0.0141036008355824,0.00398511088879406,-0.0174177649863303,0.0240387472098351
263,-0.0127052165760351,-0.0197555184007776,0.0205159248403471,-0.0118183446990542,-0.0190901319852414,-0.00285517146670079,-0.00236405083706271,0.00100538963679006,-0.00843253155851645,-0.0128773952655225,-0.00358907833904659,0.00916365945968924
264,-0.0129282867589105,0.00217046261282562,0.0196573238546538,-0.0466899037130119,0.00382091594099847,0.00151501043330009,-0.0121062297688887,-0.00284879109415711,-0.0123870602784499,-0.00119076122367727,-0.00126577915703968,0.00631251851215259
265,-0.0117823032868958,-0.00854666744500504,0.0274757990475062,-0.0163591391496124,-0.0113705260555298,-0.00339173308736251,-0.0101240283507602,-0.0121494545814264,0.00116228695253187,-0.00467168598914648,0.00387117146716229,-0.00357696153565235
266,-0.0218245163720145,-0.0198071228113495,-0.0103038494747736,-0.0150629614574745,-0.00285066367707008,-0.0108514022024506,0.00609057945362401,0.0137061324131287,0.0254289234555013,0.00156035209634661,0.00383776081120531,-0.0102480443674309
267,-0.0161751337164101,0.0119354598007598,0.0200694671453377,0.0110876248092176,-0.0133255284600947,0.00420896588695364,-0.00660109378875343,-0.0211049318524438,0.0291536483412504,0.0205764425861773,-0.00165240431482733,0.00147028752772405
268,-0.00414941529328831,0.00694427875084576,0.0202992264123225,-0.0119034133741776,-0.005121225976116,0.00476213262996245,0.00811375773374208,-0.00248522892593803,-0.00384092835944797,-0.000643900824258262,0.00730046006491009,0.00505131142137959
269,-0.0103095848833268,0.00227012784611728,0.0288248593738407,-0.00688692130300869,-0.0151312578191733,0.000144527088494506,0.0126478306778108,-0.000396178949729254,-0.00647808604328447,0.0124345651250816,0.00625607382389342,0.00706713585096363
270,-0.0142265706313168,0.0146950965150616,0.0217375071762927,-0.0264425401991395,0.000432751108003983,-0.00169639273530191,-0.00761348638049872,0.00542177975638072,-0.0103384276910951,0.0141196997197901,-0.0141009022818108,0.000379999616676772
271,-0.0171578846271736,0.012108393123439,0.0127047761339677,-0.0229269407009702,0.0056557705836523,-0.00362146910497701,-0.00446034822138506,-0.0111494012821656,-0.00936697408932597,-0.0204394170381699,0.0125364539546767,0.00452216729060079
272,-0.00977997120534817,-0.0105050467638486,0.0216956333358756,-0.000369488179397388,-0.00885735549856646,0.000304995641237604,0.00481663782676514,-0.00457597406758535,-0.00438203821984998,-0.0141775214516458,-0.0122752968221102,0.00507556553021184
273,-0.0115634774969305,-0.0174560527419267,0.0122592055038784,-0.0261406880398628,-0.0186920744410977,0.00300614004678006,-0.0122596689324835,0.000107860022052962,0.00195200467090827,-0.00563322629813214,-0.00106282659620155,-0.00140815731094778
274,-0.0190914345722012,0.00471300612293282,0.0199862843490832,-0.0145445809702061,-0.0119128724732373,-0.0304970841016715,-0.0272660325331212,-0.00298515365708359,0.0152947801035436,0.00363112619287121,0.00983598809145517,-0.00354443068275888
275,-0.0209264388433534,-0.0110040822226026,-0.000158245114477597,-0.0140559003252102,-0.0167590251076182,-0.020130735276958,-0.00606122165849133,-0.00682882347763198,-0.00641435079283674,-0.000181475257830731,-0.0159132654992068,-0.0217214959930717
276,-0.0171622810652429,-0.000771251806709,0.0169633762872579,-0.0397686818585289,-0.00846848423933622,-0.0137043924336664,-0.0108862498724666,0.00182679161907849,0.032001407322408,0.0136999865905019,-0.00465270208065208,0.00301171600848188
277,-0.0064546733966678,-0.00373588149648568,0.00516877208538893,0.0174290651465369,-0.0155469855604251,-0.000917546903376261,-0.0124412660887305,0.00796230463990502,-0.00503887814223864,-0.0235043983034376,0.0128519226604045,-0.00406239963202087
278,-0.000754247659474954,-0.000951438687787119,0.00230799982386564,-0.000685119591546654,-0.00308913037070345,-0.000193271747093772,-0.00212578360754879,0.00241042185478234,0.00196894742424404,-0.000795423330015277,-0.00429938839657145,-0.00672372015538435
279,-0.00641985719007164,-0.0104947880228027,0.0128296583020554,-0.00506043083911379,-0.0112271914843204,-4.52935102028782e-05,-0.0059244747419184,-0.0014346030089197,0.00416549759588161,-0.00320284735300268,-0.0122521576767199,0.00863063129057219
280,-0.0197605738670738,0.00767444662948101,-0.00836836569969474,0.0412285211843804,-0.0428793637578356,-0.0187752916936445,-0.0142671196371263,-0.00226943179780501,0.0571194921774029,-0.011879320799703,0.0074481550669681,0.0144044745929602
281,-0.0164727082025965,0.00853193816277263,0.0185609573655357,-0.0424888754128873,-0.0145194684958986,-0.00385421861914524,0.0099052852631502,0.0056499988535922,0.00862226778340792,0.000809524794204555,-0.01410007363478,-0.000446395795941941
282,-0.0213257549968755,-0.0207847762433847,-0.0236466302198319,-0.000998050298140174,-0.018749764971868,-0.0170986634064835,-0.030478349425291,-0.00584640418624759,-0.0142698538653578,-0.00310217039041236,-0.0084544850432242,0.0110279448766168
283,-0.0079115758997713,0.00481190154358784,0.0200524682256063,0.00753919426947705,-0.0128342226499489,4.32208759572721e-06,-0.00681134426627211,-0.00742834734087362,-0.00785044909130221,0.0062762459384977,0.00592521206403496,0.00840841826571476
284,-0.0210581780659247,0.0298198367260544,0.00756995572159527,-0.00626268564002892,0.00969636267382273,-0.000844777421275014,-0.0198762323821232,0.0230064694634559,-0.000890829030285625,-0.0146150242586061,-0.0111269873495127,-0.0172083650701058
285,-0.0292564497449296,0.0137554890033788,-0.026689524315001,0.011356504170546,-0.0208904161284567,-0.00108350071807471,-0.00639955669094446,0.0214010361761953,0.00518641402601162,-0.000147831133451983,-0.00583234806410885,0.0260277006653033
286,-0.0109615827844067,-0.0153615640021557,0.0139921513485641,-0.0189439185474491,-0.0135436230264671,0.00707669036794576,0.000825781925398433,0.0070059615827518,0.00386283966003532,-0.00195485244339762,-0.00856558976082769,0.000903083191465788
287,-0.00834412426108019,-0.00403516900158953,0.023966505501497,-0.00138694023236965,-0.00436567210685703,0.00233256607011992,0.00100420236421761,-0.00402455956825274,-0.000227174444906617,-0.00414670421865578,-0.00149960608087689,0.000894208690540657
288,-0.0313795037851604,0.0118268843366025,-0.0464328947684276,0.032828728161673,-0.0419000813250729,-0.0161405705786261,-0.0337478918569266,-0.0357576372537433,-0.0343697645758419,-0.00414750476258601,0.0207313425568415,0.0145821210913266
289,-0.00911051950808863,-0.0106862809645857,0.0179026477545807,0.000623972528717781,-0.0168400904921398,0.00197713379533597,0.00126644795478871,-0.0020284421182586,-0.00280838226884091,-0.00444682155372481,0.0104285559003329,0.00934227506532508
290,-0.00944741120629831,-0.02552011456309,0.00632488660942562,-0.00492553440866327,-0.0123062709564408,-0.00025998387837384,0.0118482317140629,0.0136589727451778,-0.00245921607886456,-0.00700598198774405,-0.0158415279305072,0.014219733476685
291,-0.0194730837560988,-0.0132338611104559,-0.00737655913203049,-0.00817356524487539,-0.0355265572372556,0.0158515393505599,-0.00922632094337867,-0.00903803273762456,0.0335000548234031,0.0127349357822859,-0.00826482302617967,0.00359102574898661
292,-0.0246432197231717,-0.00317621681687166,-0.0138054341866872,-0.0242819302780066,-0.0162796044033713,-0.0156190273773728,0.00305671389523371,0.00501030184662705,-0.00946030379658968,-0.0138472496501631,0.0117742603505985,-0.0240867883554938
293,-0.0121278121669887,-0.0204890398261765,0.0137487664311353,-0.0146744920671674,-0.0125501491627988,0.00705711571966284,-0.00222435092757217,-0.00599243538167585,-0.0107569215402731,0.000452234207657181,0.0011342990097566,-0.00206178813885282
294,-0.0159381998563627,-0.0229938464967453,0.0126808148306852,-0.0190116511888298,-0.0111560713782867,-0.00805427814234149,-0.00404664793778844,0.0163356289782356,0.0173372251306401,-0.0126389241940787,-0.00375235200328878,0.0163349540513602
295,-0.018094685175433,0.017380255291436,0.0115539690571609,0.0185107528739368,0.00188542328224777,0.00593467732495756,0.00132371328669896,0.0408605247187876,-0.0104454162351277,-0.0193576629177792,0.0134051426249273,-0.0127403801906708
296,-0.0116807801403985,-0.00223072132098902,0.0218691563663741,-0.0124131825398368,0.00277875116503344,-0.00535161900329607,-0.0142022059087932,0.00525172273984101,-0.0121190271173567,-0.00429081522064621,0.00439686173059533,-0.00139828989006256
297,-0.0126837255951903,-0.0101151326763583,0.0117089584237676,-0.00875294013274779,-0.010843817890691,-0.0047782473112838,0.00667089163782317,0.013955204813985,-0.0050417639423581,0.0273114798908906,0.000891757105587728,0.0114802953786981
298,-0.0242312734732318,-0.0253972838917894,-0.0255428296458357,-0.00413134336019685,-0.0223321674931382,-0.00706748053056083,-0.00634104369357791,0.0277337457595518,0.0223416177079479,-0.00279391886254567,0.0159544256213058,0.0206388532518327
299,-0.0220050294677659,-0.0273740342749162,-0.0116047863262143,-0.00497041985630565,-0.02381595442725,-0.0187441296453262,-0.00372782442742414,0.0207662268055163,0.0276875549223445,-4.91923664805161e-05,0.008129462658931,0.00572106572829194
300,-0.019458430950022,-0.0270833019702667,-0.00619029183322659,-0.00784619308824497,-0.0294603731581912,-0.0211351295419422,-0.0120664878554287,0.0267841662205807,0.0202933267778524,0.00518675413766624,0.0214193700200468,-0.00668934527697664
301,-0.0136900219288953,-0.0279041753338829,-0.000990048428330922,-0.0187573123013894,-0.0159014197113636,0.00789385979148012,-0.00526734086471075,-0.000856683134995978,0.0087866314428783,-0.00286248895677967,0.0116320445793294,0.0140516711720216
302,-0.00111639401571009,0.00362706374412714,0.00673113385991421,-0.00960798091387132,0.000973340882660923,0.00673991060054173,0.00577040009760647,-0.0047451932849369,0.000466794738618673,0.0034946850883865,0.00285476720290913,-0.00690944577254235
303,-0.00100283906784388,-0.00128992610406491,0.00469194491363538,-0.00122442860287144,-0.000114721632445345,0.0019535516818781,-0.00249593335815063,-0.00157910586339973,-0.00200901471350278,4.57100737760939e-05,0.00171561175681993,0.000783064374662332
304,-0.0109320816837228,-0.00634662144611844,0.0202414240126593,0.00306466808490831,-0.012393090724678,-0.00558042471605354,0.022410577665492,0.000875823100472532,-0.00752396832242778,0.0124625891631035,-0.0115620666181784,-0.00833973150127722
305,-0.0105949603986089,0.00356414800227847,0.024078618243086,-0.0127820658031248,0.0139952007714268,0.0192660585204855,0.0200044040498668,0.00681329727296256,0.0152231501283601,-0.00189496217868434,0.0248934963884846,0.000285228300817762
306,-0.0245594549068937,-0.00743957392647945,-0.0249886807177729,-0.0237162021619331,-0.0116810216607488,0.0311988376023525,0.00909508060379086,0.0187267516695407,0.0199883893305609,0.00839581354669379,0.0291976482258804,-0.00736086092425301
307,-0.0124975355347411,0.0215544684405268,0.0314444353267571,0.00667449219266932,-0.000343875149259555,-0.00990467478531259,-0.017180320069102,0.0166319596559732,-0.00497374788683987,0.0125836542500289,0.000274295598652628,-0.00653312297960603
308,-0.0231732101042736,0.032252358728662,-0.00222873407481229,0.00568807261811176,0.0171749354929518,0.0123719311238313,-0.00716198003920901,0.0384770919019767,0.038156808161656,-0.00812003742640797,-0.00381660519266264,-0.0121505333779763
309,-0.0209145991014361,0.0254080890570556,0.00442251322477553,-0.0168185249591816,0.0306417507131684,0.0243723584064506,0.0205781777564867,-0.00247259841103878,-0.00817804032765919,0.000404358147649002,-0.021984038373575,-0.0176787405167439
310,-0.0340209218207213,0.0255038360502687,-0.0430121724350838,-0.015463911850878,-0.011131261848084,-0.0111154182619211,-0.0222683731538404,-0.0237570711873403,-0.00148252926383383,-0.0321971731240965,0.0399117233667513,0.0015596469683998
311,-0.0230660791858833,-0.0107399260118602,-0.00863704938915417,0.00989861595527223,-0.0174167125358053,-0.0198307650288194,0.00314952427535304,-0.00155472349633524,0.00419826820854761,-0.00973797889364564,0.00389979236677034,-0.00807017622521088
312,-0.00901099525875864,-0.0235392755750236,0.00929103406006545,0.0101739224376804,-0.0107747188598224,0.00816645705497758,-0.00523608108213539,0.009581986204305,-0.00603340362732171,-0.0192135329450243,0.00767978307045532,-0.00083811354991869
313,-0.0137362856388748,-0.0259492809247924,0.00623997925616047,-0.0164356759803245,-0.0257156848967713,-0.00129827135313266,-0.0105200253150792,0.0095470188509092,0.00600533361108941,-0.0103926572044277,0.00849400393438801,-0.00116189324701264
314,-0.0195821940273959,-0.0129080814048145,0.00956050990284607,0.00319392324760293,-0.0270083736387855,-0.0327759232208081,-0.00500404820118939,-0.00228056945441213,-0.00176654462226717,-0.00943897387359651,0.000309235406424618,0.00205083600947779
315,-0.0120151710878986,-0.0160585210886753,0.0209813884618475,-0.0115278868405287,-0.0137911658892042,0.00852413034439288,0.00941259540610991,-0.00406908937149068,0.00506662150778744,-0.00802985271262628,-0.0120457607870052,0.0050534385869959
316,-0.00756211055911132,0.0113208012726306,0.0237536141108419,0.00842638512944329,-0.0181288851667757,-0.00674558465168086,0.014708888255234,-0.00805589081561584,-0.0155931351891342,0.0122167489529193,0.00960158997150099,0.0107130060262136
317,-0.015444812699492,-0.0356369855819851,-0.00354952573651636,-0.0125101547940679,-0.0239265872683837,5.46013943044737e-05,-0.0139088779361255,-0.00693692819847861,-0.00353989960894159,-0.0175716522666934,0.00842401689608503,0.00772400105630104
318,-0.0152278983980454,0.0087001412423274,0.0107736975189368,0.0133288317280178,-0.0152843161543144,0.0195039306447576,0.050743911256597,0.0472987169214847,0.0405660990769783,0.0285206440651172,-0.0369162880755502,-0.00293451069066605
319,-0.0143170104530392,0.012970517917095,0.0249400970163253,0.0356622328040079,-0.0163897161829117,0.00114784051924716,0.00414096074134878,-0.0142987690703689,0.00967855178152786,-0.0060701503659101,-0.0027445162945756,-0.00432297192097074
320,-0.0226894349926597,0.0217529834515498,-0.00681219871692616,-0.000873274524507256,0.0235152778795264,0.0217114860257235,0.00103023164165926,0.0512519354621339,0.0462372014093276,-0.0405754003846128,0.000926329075997619,0.00592690347219238
321,-0.0120996438787583,0.0122445634353496,0.0252370954880484,0.0171117011812082,-0.0186460282997416,0.00513093218334501,0.00817652067738422,-0.035899659608083,0.000534959585649259,0.00590637808603754,-0.00264526944120748,-0.0231721275310517
322,-0.00641856417164407,-0.0199007076520469,0.00929341218759671,-0.00962017843474634,-0.0142358564850416,0.00292191326334148,-0.0145374954165329,0.00822900557659655,0.00814387480192908,-0.0143644888488912,0.00906101934104123,-0.00339260469871434
323,-0.0128693600634531,0.00806844917159644,0.020829132799257,0.0232729970102589,0.00258212836234177,0.0143136932615161,0.00453034026309242,-0.0104706855989344,0.0306707376558571,0.012759038676664,-0.0161011457876053,-0.0264682326808254
324,-0.0196441163789983,0.0321603424603904,0.0101152787868849,0.00150223954713367,-0.0171515721677033,-0.0555358904608902,0.0193210660547102,-0.0271221399599007,-0.0398588964362219,-0.00195017379994016,0.0233886533946881,-0.00989068749537978
325,-0.0149785327694529,-0.0423984094449644,-0.00679681950571636,-0.00212615966169636,-0.0139536020271471,-0.00288608417197221,0.00777455996348096,0.0137862394261653,-0.0081612238829186,-0.00717302769144982,-0.0012669245034492,-0.0165629391119
326,-0.0113548094773566,-0.0236302369829732,0.0100358809977515,0.0128918119454945,-0.0150194554094131,0.00499218430122382,-0.00482230365254002,0.0102804979294054,-0.0102320967200977,-0.00602865446869646,-0.001306058387567,0.000753995770738847
327,-0.00642156809176482,0.00204457550675216,0.0147499130905701,0.00984675410286587,-0.00264166613065813,-0.00049399487184463,-0.0123798023244646,-0.00473572563592005,-0.00917660322616434,-0.00664608706301548,0.0104225102115511,0.00346904826669943
328,-0.0249802239053543,-0.00275930559610625,-0.0128277024538916,-0.0181788507092924,-0.0197103554363896,-0.0243186985579098,0.000765446597970827,-0.0180609441731648,0.0261850655345875,-0.00216725200087571,0.00307873365750654,-0.034539079790459
329,-0.0169159609659269,0.0237214826897013,0.0187530776063496,0.0148091384169187,-0.00674224235896332,-0.00205464703707011,-0.00441836030104803,0.0115359337372872,0.0167558320445032,0.0116733612944241,-0.0225187640497992,-0.00135504725751462
330,-0.0216577862883783,0.0174546346178191,0.00250431426797568,-0.0460749878185791,0.00898268928850743,0.00175611077995998,0.0053009901514964,0.020209727430272,-0.00428487376688047,-0.00387173220878718,-0.0263944600861509,-0.0531833021792418
331,-0.0146758007268704,0.00413093421121651,0.023027917719614,0.00039048082463621,0.000699859400481772,-0.00952243170851189,-0.00431954680267196,-0.00246074372816079,0.0178780120903688,-0.0129011777913214,0.016475921982892,-0.00126776771897852
332,-0.0103669445627278,-0.0283747030896001,0.00733840625237138,-0.0126755668008665,-0.0237729461860456,0.00360706321962955,0.00137491906428928,0.000421665438228822,-0.0053739977450009,-0.0130520479444086,-0.0120845676040408,0.0153300725886863
333,-0.0233014573064897,-0.0103379266954633,-0.0130575841382709,-0.0247176953993629,-0.0152042053730563,-0.0034408200282889,0.0150173843761876,-0.0152924141831039,0.00514868344704918,0.00408884441777493,-0.0392887176014046,-0.00141181156709853
334,-0.00891803654992157,2.21073283100937e-05,0.0230575437697605,-0.0118795282881897,0.00382454774107173,0.0171639547008232,0.00756228902802353,-0.00720480256646149,-0.00642833593126683,-0.00451044463278119,0.010210022110815,-0.00259706547224388
335,-0.0210894653030511,0.0295777928807874,-0.00224196460205646,0.00920244464645785,-0.00686595287639961,-0.0209481550131924,0.0114732990777859,-0.042821348403328,-0.0486956901352531,-0.00462133868079424,0.0182353261059251,-0.00702013801858859
336,-0.0247574885403977,-0.00701331687072896,-0.015009910453253,-0.0246088782610654,-0.0118746224840153,0.0027278746431841,0.0165792621746595,-0.00372331775198591,0.0472543006627951,0.0202551329825942,0.00118852332418318,0.00207706305587607
337,-0.0174475454312814,-0.0114487073583039,0.0124172975826165,-0.00750374436221451,-0.0141224262935193,-0.0105944250063883,0.0104186673886854,-0.00934752880026952,-0.00318026354545009,-0.0113645589485372,0.000544664392753667,-0.0035905146011924
338,-0.0104600780838605,-0.0240389376492234,0.0155039404466968,0.00367504797983752,-0.0209513901985384,0.00310844714320548,-0.00302104670260784,0.00354636087303114,-0.0112164029702417,-0.0122668667076513,-0.000674119197973486,-0.00677798868795465
339,-0.022422829176123,-0.00967946915206682,-0.0117648745709754,-0.0187144909855501,-0.0241733088595533,-0.0225581532036096,0.0282829550996223,0.00510135667050181,-0.00960418490277583,0.0116447123084029,-0.0287566669860653,0.00411294512487076
340,-0.025611259138562,0.0267598160439718,-0.0133875028406033,-0.00269141863012264,0.0153768373927149,-0.0126469687787005,-0.0390314836358523,0.0333686762205355,-0.0192287645319844,-0.00578203930298303,0.00448634979053915,-0.0122094963105495
341,-0.0221923175276503,0.0161267166944514,-0.00287779949006284,-0.0248328739436248,0.0128993976598682,0.00381492867981128,-0.0411939778504427,0.00102051760148543,0.00329840124848447,-0.000231385601965202,-0.0208181812162592,-0.0339530798171578
342,-0.0181261384649649,-0.00176054137641652,0.0144409889750204,-0.0454254012412584,5.8885542305541e-05,-0.00339541002617595,0.0239036569313525,-0.00621693082462606,0.0036810129063956,0.00959357926878297,-0.00438522674643795,-0.0035477848645986
343,-0.0160632326691538,-0.01166293614862,0.00748962147319174,-0.00454332332858326,-0.0221086463412165,-0.0206508017822836,0.00779849199125628,-0.00497004498574596,-0.0165774488017842,-0.0209594264575464,0.00715422486048911,-0.00124276048390032
344,-0.0219700911817013,0.0282729513532395,0.000555532084862981,0.0341040875564784,-0.0189966827185103,-0.00199219546748933,0.0248618431718245,0.0342105604350888,0.00923638147827585,-0.00850189411900883,0.0225031873437869,0.0334535817202909
345,-0.0125531694496342,-0.00295609899104875,0.0259483072097359,0.00206610059618202,-0.010242963161855,-0.0115812865415454,-0.0198982632721528,-0.0107162897405305,-0.0145794135964813,-0.015208555261018,0.0199087127788475,-0.0149062494842163
346,-0.0121828659651922,0.0141331354490225,0.0261467755711939,-0.0160596637814216,0.00593697191001872,0.00818505489042784,0.0204901905289485,-0.00126574639454606,-0.00926214479874998,0.0122695001777666,-0.0137853622246183,0.0011822384389047
347,-0.0306625420179747,0.0355216363093852,-0.0326953816161402,-0.023341246929397,0.00413665844942189,0.00921222712078738,-0.0396845415152595,-0.0579870818149626,-0.0305875037456437,-0.00313605668439968,0.029251042704722,0.0168939326532901
348,-0.0262533505896805,0.00294291953338943,-0.0246944904354944,-0.029838111500565,-0.00708590717121595,-0.00217426946766937,0.00410944103944564,0.0118858438244177,-0.0252394421261656,0.00986286393334785,-0.0400136132093203,0.00163543147623551
349,-0.0167756347835017,0.00848001754683044,0.0148756610239834,-0.00765831256029603,-0.0210679214229133,-0.0277863901476796,-0.00584821211802083,-0.00241731165678594,0.0128090238649086,-0.0102482521656131,0.026004237662514,0.0190197318263614
350,-0.00868403187267137,-0.0152740403605053,0.0209190063957936,0.00136174444983657,-0.0149756376481918,0.00556562972837473,-0.000920921276657454,-0.00471889366284414,-0.0129735992645581,-0.00804118690607486,-0.00392274497402349,0.00450691617018587
351,-0.0125766739184837,0.0163610752201882,0.0239193721966846,-0.013286567430793,0.00607792139268465,0.00446851065600377,-0.00452499868739343,0.0207051154131391,-0.01605222287581,0.00176984862031037,-0.00276903464364349,-0.0252791530295614
352,-0.0187623391631002,0.00915601348199841,0.0163376533903935,-0.0359648825100784,0.00354358110676543,-0.00819497052006664,-0.00175960373198349,-0.00308194160479362,0.00139470366699342,-0.0255015966382179,-0.0193266144759242,-0.0165693693036095
353,-0.0197115374715918,0.0103882165961613,0.00915773966845721,-0.0239426544620028,0.0109781439896198,-0.00280062625277213,0.0161768685514746,0.012541485078546,0.00785880238139805,-0.0274735823018548,0.00226011296759827,-0.0290368915054542
354,-0.0150564469430144,-0.0444312595274092,-6.05430415921622e-05,-0.00249033343004217,-0.014591186239887,0.00364157689985888,0.000493063005913713,0.00016289991922039,-0.00797310562092934,-0.0143887163461922,-0.00305461153833151,-0.00224912120062924
355,-0.02712992546245,0.0253740172443979,-0.0148247859725611,-0.0247440292820456,0.0108583161265899,0.00905159216740838,0.00860991987378081,-0.0326498867864517,-2.74959768709462e-05,-0.0702876748091279,0.04418660468429,-0.0181184238332858
356,-0.0132133134359038,-0.0130740572165781,0.0195614366052123,-0.003858580499798,-0.0138085668563626,-0.00461236660832843,-0.00294715916284038,0.00958300014163238,-0.000766710937983295,0.00231535938460139,0.00532706297770209,0.00165957745934433
357,-0.0145535318944451,0.0122903801194104,0.016005746922157,0.0287944326736788,-0.0291409742080873,0.0191889975150804,0.00710762365514968,-0.0415280445255827,0.00706317866788118,-0.0198731049184432,-0.0338069478382411,-0.0215529812377367
358,-0.0239903180787436,0.0224698166271201,-0.013115517807802,0.00449300763407541,0.00385242086469143,0.0283825291914083,0.0151348779925694,0.0110330222292507,-0.0311699885983316,0.00492805174280829,-0.0645266032176619,-0.0276586110169643
359,-0.0229109256839201,0.0271218186907378,0.00331114425748379,-0.00843864394572746,0.00730689975526755,-0.00660528468279702,0.0148695542533164,0.0377221263613919,-0.0252959287918118,0.00397295378843434,0.033070502256582,0.0155184452830423
360,-0.0119264327788334,-0.0208002059282263,0.0174928891597087,-0.00912421600787768,-0.018309308430301,-0.00266686215667747,-0.00724070585985706,0.018227162536832,0.00109789485802439,-0.00395269312745935,-0.00242880668510049,0.00966330079629552
361,-0.0187980052068786,0.0173382564440487,0.00204236739360455,0.000744213332633913,-0.00709965376237635,-0.0158560911829511,0.0247551788952494,-0.013481116776682,-0.048411770319383,0.0344596606848221,-0.0160303789831183,-0.0304492794133016
362,-0.0176389858197609,0.00244683796903265,0.0171417545862858,-0.0122084556873668,-0.0121184386248951,-0.0207460544906554,-8.10348112910336e-05,0.00793555285064926,-0.00935290655385394,0.0139504395431192,-0.00215163888946926,-0.00460345759791509
363,-0.0192052130724154,0.00536015939031406,0.00177144793962608,-0.0262259433669702,-0.0325555083017929,-0.0149780452583714,0.00292302669334861,-0.0126274352556405,0.0133047957775235,0.0227546057732023,-0.00887260120294979,0.0174461481290558
364,-0.0219936201801181,-0.0178280251696177,-0.00984566523624666,0.00538154446561758,-0.00582480719547763,-0.0109155324351143,-0.018485476529751,0.0128200236729398,-0.00301325200703486,0.00604940516963017,-0.0221152159325631,-0.0288152524914492
365,-0.00958955575662132,0.013759500294511,0.0266345608007472,-0.0167139161052485,0.000422005678709058,0.00837614248960064,0.0194682004784397,-0.005193161087065,-0.0129216091749671,-0.00653148547864877,0.0148929502556733,-0.00937524995154611
366,-0.00480032568252987,-0.00962920353966113,0.0140256367930241,-0.00553176753157766,-0.00894832718687746,0.00847030257676448,-0.00325371257884943,-0.00555274341315022,0.000820404824891825,-0.00848934159740888,0.00153499031352735,0.0138207418105653
367,-0.0197163484167734,0.0179180670405738,0.013476985984778,-0.00595546976633171,0.00271360324440677,-0.00514130182930927,-0.00956750500642741,0.0191995889293655,-0.0024652161569143,-0.0203159165841503,-0.0165227683141791,-0.0282999144445349
368,-0.0256066309316079,0.0254162719807311,-0.0130432017600073,-0.0125160684850946,0.0128402325905564,0.0261982010702471,-0.0235500281617579,0.0193942238515621,-0.0508598213437059,-0.0694946999528338,-0.0578508366148973,-0.0273575770448717
369,-0.0143325190403851,0.00936577784270837,0.0227037079357749,-0.027298418093603,0.00390431141902335,-0.00840373028031167,-0.00490221349874082,0.0146209924385648,-0.0159342549558568,-0.000928431048861294,0.00605281145748603,-0.0119133980710454
370,-0.0171421521604784,0.0226437686046938,0.0120530730051061,0.012420392696891,0.0190014866928551,0.0112704825803287,-0.00603068482877608,0.0207220550932848,0.00843339347378616,-0.00993995352335734,-0.0393936510611543,-0.0356784337030336
371,-0.0252426938985606,0.0308768580032366,-0.00817100263915256,-0.00478378393642615,0.0130125302498641,0.00249246297559287,-0.00596179323220803,0.026415357580584,-0.0342708706788063,-0.026686885961475,-0.0719524914891907,0.00247279259287942
372,-0.0175169091855232,0.00747686956066652,0.0102667294446135,-0.0391210284188441,-0.0111841780874827,-0.0204423185593248,-0.0140126157250088,-0.0112447410516545,0.0222973710310381,0.00242437459033104,0.0111980088071597,0.00668325237957144
373,-0.0168325197559126,0.0156827257665354,0.021368940636498,0.016363424257716,-0.00091590731719147,0.0123404592607768,-0.0101004745718692,0.00697992442827714,0.0179489323455648,0.0105825321300257,-0.0181141112389537,-0.0235562860444277
374,-0.0196136978650348,0.0148880638740189,0.00902970044979517,-0.000542562201824274,0.0135194214034352,-0.0216460060888965,-0.016583948535313,0.0169179502231619,0.00170428689437752,0.0028751215096034,0.0399279404039187,0.0173829402820997
375,-0.010310225623996,-0.00238857858237557,0.0268826022501869,0.0140282370250123,-0.000618172629322866,-0.0040173574443617,-0.00716119077588114,0.000229379517042761,-0.0163302015779613,0.000660007643736774,-0.00399699841334654,-0.001547327780741
376,-0.00515355598620711,-0.017008000095241,0.00893852758295217,0.00426688920984362,-0.00998090603291795,0.0108385146751323,-0.00562651975242544,0.00666193460089553,0.0058970290629621,-0.0106757979313042,0.00262413025842084,0.0177235375698623
377,-0.00903343311987957,-0.00740507564679664,0.0169368117555061,0.00304933854668476,-0.0132864860058693,-0.000803400213246929,-0.000656412094542042,-0.00288397681122732,0.00210614257927387,-0.00501957539464396,0.00378928903159069,0.0261680506850248
378,-0.0131598216477435,0.0142299591539091,0.0223598147432681,0.00968906905497423,-0.00317937223072298,-0.0103244050277538,-0.00233293740845092,0.0093464414988956,-0.0248350592148182,0.00403397802680453,-0.00951076061411854,0.00250690595916447
379,-0.0159149324729335,-0.0193118770236285,0.0116034661724619,-0.00952267435172449,-0.0203026577685316,-0.0217093861387128,-0.0293056609945427,-0.0164263025625567,0.00477180081906596,-0.0190246271001109,0.000616602105861431,0.00630942779228795
380,-0.00964088845855218,-0.0249577064542053,0.0144975266442562,-0.00674471457227331,-0.00653081655873076,0.0105603962511793,-0.00668311894578447,0.000116291482830494,0.000256597318415152,-0.0059487109406331,0.000688050017754478,0.0016689161377432
381,-0.0138394736460254,-0.0230731173423462,0.0154801107594654,0.0194560967998217,-0.00239563388372262,-0.0115120375296022,0.0123979415637646,-0.00502044578734987,-0.00680663788805235,-0.00677861485667497,0.00484975858471805,-0.00114280338415441
382,-0.0118985773427667,0.00349671819695921,0.0259982590125516,-0.00881210512019135,-0.0169812131444034,-0.0131093805662455,-0.00536890385880196,0.00251191311155553,0.00199068477272743,-0.0125421071859872,0.0108473424251218,0.00861162272122966
383,-0.00712806549826524,-0.0166210731274928,0.0118633459328796,0.00837286429285122,-0.000346823971124604,0.0104050173918351,0.00690616421194408,0.00602256549893897,0.00264037710366919,-0.00873314827745657,0.00351940554384063,-0.00275776360962912
384,-0.00857470968134919,0.0135687474535575,0.0215961888697206,0.00545762776106378,2.73937324099793e-05,-0.00169982826329785,0.00142519855470953,0.0105835910203982,0.000286197143255462,0.00210980147374828,0.00560264518520396,0.0137162340778935
385,-0.00964456192516229,-0.00544754318931116,0.0231575922032933,0.0141601140243373,-0.0161093509953016,-0.00364859827083437,-0.0065357643592791,0.00112757083425663,-0.0140797325706616,-0.00154140819266885,-0.00418454892765026,0.00823721303839353
387,-0.00365783640952398,0.00174220919713027,0.00844293243419646,0.0170724539918786,-0.0072184443801163,0.0115984184278918,-0.00399012421189717,-0.009785233388685,0.0108692306832349,-0.00881165961161328,-0.00214665580356115,0.00551395135530789
389,-0.000576039550963152,-0.000108226681030246,0.00225684133425221,-0.000678642807484057,-0.000394329378455048,0.000853611503189966,-0.000232365869727142,0.00273645001459603,-0.00717646459525581,-0.00196675637868442,0.00420543745140934,0.00586140258361419
391,-0.00264752400448408,0.00224153912261261,0.0110844300295743,-0.00551790026078729,-0.00341875340279686,-0.00478294084613509,-0.00678959408699297,0.00185769105993395,0.00116873214540226,-0.0020005066486684,0.00187499371331404,0.000134824402423834
392,-0.0107593679642424,0.0269411572712923,0.0198881302299094,0.0171628808162647,0.00529025351055907,0.000416974600637132,-0.00331033858979194,0.0164098624053388,0.0197685421858105,0.00711813232878687,0.00709932009483137,0.0113241080759825
393,-0.00361776566207658,-0.0110174594283639,0.00864861784717718,-0.00541729488108857,-0.00809746714543075,0.00042934426195277,-0.003061864257569,-0.0048829420459181,-0.0100454279272001,-0.0108150591695658,-0.00310695649192351,0.00388232169283329
394,-0.0154448157191012,0.0165888747331998,0.0153961522317837,0.0361395990819445,-0.0215886494389004,0.00760144308262663,-0.00017660170098537,0.0112642364286848,0.0351054367554813,0.0114639729440396,0.0116120201378846,-0.00991636696311613
395,-0.0144441125442185,0.0148127571737566,0.0299972458497802,-0.0166662181003801,-0.00669952681606363,-0.0108204990331515,-0.0131269193971657,-0.0211104146173717,-0.00125360535185173,-0.00281486358117007,0.0188671012929134,-0.00703726017961681
396,-0.0104197860298103,0.00841212622207936,0.0214834310092526,-0.0100818201721558,-0.0128544186330677,-0.00868622172010925,-0.0125744878113462,-0.0172825930231258,-0.0080246328272742,-0.0158006937086126,0.0100452374569935,0.00267610233689761
397,-0.0182139272277886,0.00653356855192049,0.00503638594292537,0.0113333029852031,-0.00431034356890597,0.0227732358092047,0.0316244123951783,0.00226580338397178,-0.00575577462386333,0.011397240430366,-0.0457140394720893,-0.0252435555828436
398,-0.00596376873626254,-0.00710131304835709,0.0184929503179119,0.00460557288558852,-0.00523814710858563,0.00200670109567303,-0.000301801522947861,-0.00124648810594816,-0.00688142632173251,-0.00164965248614918,0.0099823582496449,0.00388373706997904
399,-0.0205150897458752,-0.0184417183473923,-0.0094469065070508,-0.0308675801652028,0.00356145499702949,-0.00422262274691903,-0.0119959456118579,0.00498277828442031,0.0306848747756844,-0.0116143084258587,-0.00521320240590728,-0.0273675789507137
400,-0.0133202510502318,0.0136572182355686,0.0225421536253257,0.0107795429418072,-0.0128480050756229,-0.0183175746189239,0.0212953053570764,-0.00941246957439603,-0.00328330358684612,0.00619532954239985,0.00469348748803834,-0.0018669025225501
401,-0.0114006576111977,0.00687992989514285,0.0303631090765495,-0.00787410396551101,-0.00250755416843698,0.00645685167827465,-0.00543989796760505,-0.00142217138232324,-0.00721546247244134,0.0045734602540248,-0.00117456486789451,0.00312026943234593
402,-0.0130827731291442,0.0137798437783961,0.0231604105086339,-0.010995750108219,-0.0022735677622144,0.000727237927853494,-0.000564792934778275,0.00433550695791439,-0.0031678537960516,0.00824773608380524,-0.0112851608126501,-0.0123309379884845
403,-0.0113132867163525,0.00646212352042029,0.024799853657404,0.00412605592861645,0.0083224003298779,2.40166970179331e-05,-0.00423175991637147,0.00313658876394025,0.00141732055777735,0.0136763030499559,-0.00501463091287767,0.0113586469405746
404,-0.017823372801939,-0.0191197839697164,-0.000367781436649619,-0.00451967449205856,-0.0273376510138169,-0.0334579375089828,0.0273036323835478,0.0198042004999021,-0.0134336371593977,0.0269623365636457,-0.0227748301296147,-0.0211141703386829
405,-0.00799877602883454,-0.00391950123900315,0.018722125735447,-0.00106990199299329,-0.0123935636712471,0.00309671749076004,0.00501659810133933,0.00695219871223077,0.0105692488651032,0.000160466863677068,0.0110949376723674,0.00756684657728267
406,-0.0112513631329064,0.0135475020843683,0.0208815359347934,-0.000560627605006275,-0.000738164117664359,0.00781222606247446,0.00612346637971777,-0.0094538596731039,-0.0124787196073698,0.0152630907507416,0.0160211873926062,-0.00941356995253569
407,-0.0140955095622422,0.026559984261446,0.0212330369983313,-0.00539902361003045,0.00414488793986334,-0.002657332586083,-0.0039833972506837,0.0150782433232599,0.00261645525511825,0.0266059500362478,0.00745577753563854,0.00719816696414274
408,-0.0158405997656519,-0.00708162799634743,0.0278507721232812,-0.0137017501994486,0.0220760011782247,0.00237293194223873,0.0128674514375901,-0.00538220500965832,0.00719284109267567,0.00168460088366188,0.0100724135984555,0.0153490786504923
409,-0.011857095778433,-0.00837983708977548,0.0259833445449104,0.00261808064160165,-0.00550831578010502,0.00637756785445009,-0.0129482925256776,0.0034868939175515,-0.00188088287736263,-0.00341327399592409,-0.0110204628073306,0.00718983698303012
410,-0.0168028675290907,0.0198354769572374,0.0216338427466141,0.00606113876004148,0.00133340827246104,-0.0159041250662401,-0.0127285417505923,0.0242504932789366,-0.00513847813852227,0.00658909579580301,-0.00625388824952683,0.0107538510921317
411,-0.010931055664386,0.00223689594832305,0.0264438687814123,-0.00458197862008738,-0.00360221452707384,-0.0155806498777824,-0.0137589075437107,-0.00310404827364154,-0.0116061745160992,-0.000746475965953086,0.00295762938714911,0.0149670856899252
412,-0.0165996634744266,-0.0230988249609162,0.00894469243508575,-0.0248000268411385,-0.0126263631799627,0.00745931802273533,-0.0104660258675793,0.00143793194767609,-0.00266590070939281,0.00190378642329608,-0.00264329828870376,-0.0101202219168761
413,-0.0175383398364173,0.00413139131411877,0.0114804726610268,0.0331014586578445,0.00333308378597961,0.00427407502998371,-0.00195226918214242,-0.00660902974347636,0.0174494494990336,0.00166777487247366,-0.0282371961609813,-0.0174378688099076
414,-0.0130932594064623,0.0063037626036968,0.0132878758337236,-0.000242498923680566,-0.012359190239494,-0.0088362899292274,-0.014085143870666,-0.0063253375683797,0.0393238405194189,0.00365146898832554,-0.0054235025087162,-0.00982191508720177
415,-0.0232785796633601,0.0026461756640245,-0.00331237812769852,-0.0101685197265438,-0.0286870135347265,-0.047133280815117,-0.016183159900661,-0.00262351566886863,0.00164046779385077,-0.00892433336384561,0.009619248384412,-0.00724508426975997
416,-0.0119757320387642,0.000585871962218734,0.0164767715294895,0.0177274429090038,-0.0129686950554264,-0.0087974585184106,0.0299945501995091,-0.00883566663390812,-0.0218023105836867,0.0190420811498181,0.0169168187494903,-0.0158123891034447
417,-0.00614805847785013,-0.00399789502868376,0.0195130841163415,-0.0052013139631271,-0.00239443169142291,0.00279917750258105,-0.00203397687559419,-0.00391279788923557,0.00267246215469955,-0.00388350854436804,0.000370908622902776,0.00744838849805656
418,-0.0222722080506184,0.00337412987574868,-0.00238026071475772,0.00332304883813886,-0.01470533347489,-0.0512291947462462,-0.0249345255384064,0.0144788416634491,-0.000114253766323146,-0.0239195284272119,0.0282649886983049,-0.0101076821964543
419,-0.016095680493784,0.0240824634334507,0.0104317293039457,-0.0103123276217645,0.0124951900197991,-0.00391223563519741,-0.00804944825508822,-0.00174418598041941,-0.00231525912817997,0.0265055714383597,-0.00678355121890211,-0.0107439596453571
420,-0.0102005931991439,0.00524011432967059,0.0272125549477632,-0.00815404730537906,-0.00575166386841769,-0.001198473475717,0.00677432735237679,-0.00310147086105237,-0.00301536665087465,0.00314258969968512,0.0103403862649746,-0.00670450199794755
421,-0.0198571551416545,0.0320461331459062,0.00542565521356631,0.005968135531619,0.00868008289958267,0.0181826796235841,-0.0273366325693398,0.0167669379968138,-0.0207467871887256,-0.011347430037963,-0.0270404857154133,-0.0291698910661167
422,-0.0159130156164558,0.0162310302152188,0.0145444631334961,0.0135136484476045,0.00827716947726563,0.0134994282935786,0.0332449596895152,0.00270616473168896,0.00134676222724355,0.022231261688864,-0.0384708840554746,-0.0221541478129732
423,-0.0135697363209081,0.00734286316238395,0.0269598130348564,0.00136519881716097,0.00462819394015535,-0.0148180142703566,-0.0172561339096558,0.0119530468657968,-0.0102968903069723,0.0121201296967783,0.00373772308392492,-0.005825889905315
424,-0.00824883907164013,0.00274565860943094,0.0225174867121428,-0.00660822984074122,-0.00356833929365346,0.00262203865102252,0.0070683825051521,-0.000899592553421727,-0.019552020065542,0.00670751130460876,0.00241448085005322,0.00332140329368504
425,-0.0133373317124424,0.0166469960187052,0.0265339030431159,0.00470487087224336,-0.000560362580140501,-0.0148190709551512,-0.00593669347054983,-0.00488787301220656,-0.00736238745509907,0.0177936764291197,0.00343836438656066,-0.00316043869283894
426,-0.0023261536932654,-0.00589070266205782,0.00633812345234903,-0.00153983464214254,-0.00222068917151091,0.000114707532323235,0.00664078354439038,-0.00126574696985418,0.00268907576860537,0.00186117479045498,-0.00250208244780256,0.00900787057171692
427,-0.0259188097300376,0.0148102928735343,-0.00973644063035501,-0.0303519423804023,0.015083573318919,-0.00978678567421804,0.0206769939150828,0.0208404419962524,-0.0284112418798354,-0.00988727941349034,-0.038167306033538,-0.0133009929667253
428,-0.024092850901377,0.0120273124109398,-0.0139513089538388,0.00305313907821723,-0.0310854549045039,-0.0357328499006883,0.0116060857231414,-0.0303924147049105,-0.0286648964914842,-0.0198022441715979,0.0176566652989338,0.00338260915139714
429,-0.0177285646787074,0.0291862886227251,0.0133887456272996,0.0169179817671819,0.00495297086388872,0.0165655011874053,0.0140149168569478,0.0420486015517322,-0.0183142616221468,-0.00975447658756085,-0.0326905769146148,-0.00715397345329789
430,-0.0109319650456455,-0.0163638754019898,0.0133713018032673,0.010102356212123,-0.00424733569799199,-0.00845920277057251,0.000615703933550186,-0.00166346800351905,0.00303301928442963,0.00112536426033483,0.00273513179395863,-0.000457385250416085
431,-0.0108814406981981,-0.00656387699220889,0.0127308747938006,-0.00109643151859779,-0.0101733220864412,-0.0110608831345601,0.00586333185495079,0.00835209055826499,0.00883570925735281,0.0204677472722804,-0.011072558425583,0.00991470322840443
432,-0.0135942536332214,0.00790761527029466,0.0170453545674805,-0.00428594915373958,-0.0042383557876248,-0.00948871881039969,-0.011411090582378,-0.00723173796119882,-0.00896044197850364,0.0114418112909844,-7.38948465457089e-05,-0.00661169733669838
433,-0.0226672609033775,-0.02658940944157,-0.0155496089797773,-0.0215636238885089,-0.00802859111524503,0.00050481101068494,-0.000589041217505424,0.0212163499888738,0.0190347460044737,-0.00586716010119494,0.0113010126227094,0.00529588237553588
434,-0.00767964583684633,-0.00873063904178207,0.0199497749538784,-0.00744199891846884,-0.00832097638295175,0.0054795407201204,0.00351956176173158,-0.00032260866323129,-0.00259339199556921,-0.00440633184558726,-0.0116720681773595,0.00616610339197348
435,-0.0199201132235121,-0.0163132866637109,0.000178803542877263,0.00126759324545868,-0.0107071982376242,-0.0205965285786802,-0.00666093884404082,0.000352373013998867,0.0192829383069938,-0.0215772035420686,-0.0096796662529196,0.00284158562845819
436,-0.0150861380977652,-0.00601933959627734,0.0167431785487419,0.0171710990228358,-0.0312304966308609,-0.0243389309848649,0.034471844007449,0.00221343258895695,-0.0117998648045879,-0.0118690510934579,-0.00935736560414679,0.0134413422688996
437,-0.01749629396271,0.0182704977198585,0.0265593976732658,-0.015427472267629,-0.00911890799045759,-0.0173220675391036,-0.00902403031330519,-0.011164059333434,0.0014474415578214,-0.00368048336252512,0.0123356178397924,0.00173938365396882
438,-0.0163143875039673,-0.011340710206458,0.00722835260004452,0.000260979007573941,-0.00391932908481089,-0.00016182416164509,-0.015633000667242,0.00725766643371168,0.00276201661466853,-0.000183171570722688,-0.0277341339860397,-0.000951073094551632
439,-0.0106329551242135,-0.0237310644595356,0.0144129492594561,-0.0146538154131606,-0.00920161787935659,0.00186763955688216,-0.00130978236857548,0.00989213868259956,-0.000158802647739026,-0.00649906753300591,-0.00889826478909023,0.00796109594587616
440,-0.013303941526067,0.00686472074834335,0.0305809541129153,-0.013481482635768,-0.00788411440176463,-0.00751633593805003,0.00992188534512614,-0.00569239212920403,-0.0248386024564652,0.00378876670467464,0.00274607606894285,0.00439673580065838
441,-0.0245831179959118,0.0218205933567751,-0.011990513513588,-0.0206462850450918,0.00407793668110422,-0.0134919865688978,-0.0439704716221233,0.00502136346708877,-0.00759341676379849,-0.0224581982364665,-0.0144964796704528,-0.0169340775912068
442,-0.0143953584558472,0.0124743952726632,0.0193673478146736,-0.0229714132750509,0.019254101539403,0.011324616124872,-0.00969654092487977,-0.0161620520036598,0.00244268993695743,-0.0141088425840171,-0.00852314406884324,-0.0210566721274938
443,-0.0186216311093776,-0.0202230672057659,0.00586056526811604,-0.00286826506521595,-0.0214398932994413,-0.0238702401152882,-0.00413662499769238,-0.00210368766359219,-6.56865407827462e-05,-0.0218721871025353,0.0070272897415699,-0.00397381958628336
444,-0.0302088428896056,0.0260031980813912,-0.0295795301987938,-0.00593736657958822,0.0151829457493725,0.00349910215883485,-0.0333156423971175,0.0137696659695591,-0.0474839555338864,-0.0469853143626126,-0.0303222888412652,0.0102605940133034
445,-0.0156863126472491,0.00339139984691479,0.0154547504539164,0.0116351627406634,0.0140475878509773,-0.0109550232618635,-0.0107598598307127,0.0128203327104813,0.00578854476808676,0.00990257109308461,0.0239747296095316,0.00123858622498271
446,-0.0141934894820856,0.0117731589797719,0.0226177318922399,0.00767674046215924,0.00611381269540743,-0.0216155307955014,-0.0288539860364876,0.00593358697565713,0.00157168382375454,0.00417207994003682,-0.00433799713336026,-0.00888481023172259
447,-0.00689019234270191,0.00607869170074068,0.0268813568732806,-0.00912479196065702,-0.0023860238127766,0.0039098062441668,0.00249933929886718,-0.00531368474706745,-0.0146622429278608,0.00102846193296131,0.00373222676886036,-0.00531057606020108
448,-0.0141882587621464,-0.0240167517018349,0.0114479788331101,-0.0131053605854788,-0.0190804243743471,0.00246339390566071,0.00490492286888814,0.0145565468601867,0.00268703427823294,-0.00885019715161845,0.00196722438197117,0.00905496484069576
449,-0.00851281941852837,-0.00237354188096929,0.0194691225583313,-0.00255320779822467,0.000717509702347773,-0.00163757186863528,0.000208764561265505,0.00842884527644418,-0.0032641744110127,-0.00467275145584996,0.00725551837822926,0.0162383551127202
450,-0.00988833602625559,0.00207682413622487,0.0255058192949644,-0.00152190427001241,0.00030158350904742,0.00133431663245356,-0.0194104546783673,-0.00188502021043598,-0.00151868214482314,-0.00192216019224768,-0.00569756632419918,-0.00617121401218491
451,-0.0141202979526738,0.0182665901968786,0.0211571202273404,0.0223656408575316,0.00185767191909338,-0.00323363247079409,-0.0214926885236334,0.0430081841373186,-0.0241476128018893,0.000959155876426508,-0.00909059993836078,-0.004796014128814
452,-0.0172757543598728,-0.0115797896386329,0.0102417885022969,0.00136524313384361,-0.00224424662622584,-0.0139144068463182,-0.0199083295062961,0.00415150812172278,0.0098803359952362,-0.00355319774546864,0.0195878210883763,0.00837661312073624
453,-0.0178973607472986,0.0215612376947485,0.000127316335038943,0.0158529797444973,-0.00349667712701207,-0.0104708323708277,0.037338084415633,0.00526197814917366,-0.0359403476140469,0.0272078451402015,-0.0144025097779102,-0.0282823474705803
454,-0.0132875867722373,-0.00586615635549756,0.0212911987315479,-0.00236589023640066,-0.0106603380058616,-0.00790431939946301,-0.00102112123804374,0.00260165527028858,-0.0110534820801067,0.00311044756462077,-0.00625124173083361,0.00109578015926918
455,-0.0196707755662295,0.00290107839613415,0.00495936883109576,-0.0246544581721514,0.00444892976979171,-0.00519089373883852,0.0173824169156557,0.0259510807444242,0.0209753924050645,0.00241241625409635,-0.00196990563289036,-0.0149817986765077
456,-0.0121820739226121,-0.00905662820973409,0.0152187730408796,-0.0282863857056586,-0.0130169363694441,-0.00171863030198413,-0.0125465354052187,0.0165749137987615,0.0107078960607886,-0.00885894626256251,-0.000357202475130213,0.0220782897876787
457,-0.00633869037723219,0.00416484643308247,0.0188493307730022,0.00279538392694669,-0.00810360508325502,0.000953564170309406,-0.0022504507125833,-0.00529427869410132,-0.0117559689560801,0.00149237383816337,0.00712685032969112,0.0102820653162513
458,-0.0237613034285818,-0.000851206584704404,-0.0137574712853776,0.00380758731173254,-0.0215914391704437,-0.0292984846752943,0.0411123020142411,0.0223776414680632,0.0160654745975914,0.0231499683388141,0.00178473863211254,-0.00135360298320675
459,-0.00916595674408763,-0.00487862766778559,0.0252385744629719,-0.00263876030348705,-0.00660775253923647,0.00648486909909576,-0.00390261946773984,-0.00942377713497297,-0.00281461662824638,-0.00317079260261789,-0.00100373787118326,-0.00546956434033769
460,-0.0107150541057044,0.0162972016515024,0.0235108405429087,-0.000633559127881179,-0.00756808830629141,-0.00509751535707704,0.0108737300680711,0.00122607894474234,-0.0061192109514206,0.00821961553643821,0.0077367460228255,0.00865821882011601
461,-0.0267169717527202,0.0197447559133063,-0.0145451995412847,-0.00116471814610913,0.0036019415408257,-0.00804364495759397,-0.0279401683717289,0.0304266612257405,-0.0349518912057639,-0.0241377911921076,-0.0176427110196598,-0.035505558493772
462,-0.0224641956621843,-0.0136333209284715,-0.00861846770911113,-0.0228314948533244,-0.0165440717658574,-0.0320111353535316,-0.0173546000733785,0.00688072173129468,0.010462560699869,-0.0192281410767547,0.0139250635592322,-0.00547434890348847
463,-0.00762986145301109,-0.0119550979458893,0.0178616019780357,-0.00440397905441577,-0.0154277037264982,0.00389569255734584,0.00320889648965704,-0.00754394737170234,-0.0116437111066526,-0.00580195417342713,0.00172054109689213,0.00478973378016711
464,-0.0181657426173416,-0.00860939006280968,0.0135216023065702,-0.0282007277628268,-0.0153987763859672,-0.0096740649943374,-0.0182387612038114,-0.00659165766699603,-0.00163230683774536,-0.0289065047113585,5.99575770859436e-05,-0.0157327671581445
465,-0.00721599282443694,-0.00028265885603816,0.0199515309621404,0.00409582457585382,-0.010656388309347,-0.00575021808284076,-0.00565530734668145,-0.00614786668010864,-0.0130770208184842,-0.00662332105005422,-0.000761724653189986,0.00559705709199578
466,-0.0132149737365058,0.0162903995871537,0.0283885273096692,0.0137138973477815,-0.00547710788927409,-0.0187652780748641,-0.00804314297229299,0.00322384674048556,-0.00657892143961177,-0.0253561177585207,0.0178034428892089,-0.00837439741957922
467,-0.0281118126466561,0.0348501606619894,-0.0223851127616761,0.00576245122519089,0.0164163548697181,0.045189674201009,-0.0347893082449202,-0.0206841644055577,-0.022341984534482,-0.0733654448096791,-0.0309038624661972,0.000758527682765355
468,-0.020066028883157,0.00464301041426451,-0.00314585831600738,0.0207294269736931,-0.0367566001547919,-0.0199483134260496,-0.0159686719210189,-0.0135428387102308,0.0254502160202261,-0.00327304079145538,-0.00860020645943984,-0.00688989256479972
469,-0.019122106359929,-0.000303405203553153,0.00220141456770196,0.0228534971412796,-0.0309110744474353,-0.0368779331122146,-0.00609361385208948,0.00723369996718836,0.0312345612020058,0.0203003354260113,0.0211109052294976,0.0175493048485151
470,-0.0137935745596316,-0.0245702975281264,0.0113326164547551,-0.0127908047247828,-0.0197961316911662,-0.000824786908854541,-0.00076380768955978,0.00318234766882531,0.00117108391308661,-0.0188789051474174,0.000822262612715951,-0.000608608789325119
471,-0.00782242979348504,0.00430825137441663,0.0243974883020532,-0.00569170991061996,0.0102291387448751,0.0158544716151806,-0.00163347809332853,0.000745918538495599,-0.00897281634298586,-0.00169099313740081,0.0195727530278281,-0.00963899331446297
472,-0.0154613770648163,0.0178643074429627,0.0112790531579351,0.00926727180835158,0.00856628882415535,0.0112733766153399,0.0158426285454285,0.018137396661366,-0.00674716644356536,-0.00611123282304763,-0.0527002003538735,-0.0101402721356283
473,-0.0091471232958993,0.00808945602770493,0.029768568444402,-0.0114885988255101,-0.00858259084600671,0.00561051141645342,0.0107684079675743,-0.00227258230938196,-0.0217306857292205,0.00858037052720035,0.00805785003388261,0.00992926006557986
474,-0.0105954246250256,0.0124082562128243,0.0247000015382008,0.00744229606961321,0.00557029640831623,-0.00915688622893536,0.00600238125859653,0.0082807981757788,-0.0115809103958339,0.0190153503829991,0.00741367508148392,0.00867918130586839
475,-0.0106330688081108,-0.0195116868436286,0.0170352244291872,-0.0076976387798837,-0.0116469124450834,0.00915103390809851,-0.00859266426606473,-0.00427854010556205,0.0283689235695391,-0.00438319429099905,0.00815598501981045,0.00456523025636312
476,-0.0112041205803105,0.00319428100441572,0.0218213031863105,-0.012331263460645,0.00138017307398239,0.00753659152674677,0.0094965700421354,0.00360027806082582,-0.00181731880247769,0.0062027699603863,0.00529462245321761,0.00747612468616712
477,-0.0183503575985587,0.00379716022244314,0.0127246767903326,-0.00722309065732787,-0.0123225965857723,-0.0163378838642895,-0.0217536967232547,-0.00116900260988471,0.00082594748501612,-0.00866564832415856,-0.014744543356309,-0.00706812535114655
478,-0.017788833966021,0.00945660326791747,0.024623873635628,-0.0193383626562064,0.00395382416868719,-0.0266165852159043,-0.0119384328350555,0.00820894075793784,0.0198919051152711,-0.0118635113704319,0.02565935323571,-0.00879544399094566
479,-0.0222685934877714,-0.0122742865271638,-0.00623257916566804,-0.0193715149391975,-0.0155989270186636,-0.0227310769151955,0.00382983464825195,0.010725790198922,-0.000108362570435314,0.0304718128403709,-0.0277049473472443,-0.0177254257557665
480,-0.0218791598535713,0.0113920216906127,-0.00438999756272816,0.0200478529208579,-0.0242009822741537,-0.0402736797456292,-0.0198863173425776,0.0111765483986004,-0.0157082938858228,-0.0209112656068914,0.0183090173301208,-0.0244175659476902
481,-0.0196013389757137,0.020360855411921,0.0136079975634438,0.00288459926585544,0.0185421516185477,-0.00792996775919712,-0.0227681898229923,0.0377311597808202,-0.011007241135729,-0.0418136541021728,-0.00292012471770099,-0.0349916616107301
482,-0.0117093532706652,-0.0297369775304737,0.00649378358298656,0.010191382812594,0.000805231265710152,0.00985570377655661,-0.00221309984935471,0.00281408896587162,-0.000456058217330141,-0.00296223613537165,-0.000779371871233488,0.00350841416033
483,-0.00953279587233518,-0.0282362988528384,0.00991113245434349,0.00445318906827984,-0.0121622009995731,0.0112901471438055,-0.00225246350731188,0.00810953483161489,-0.0147877116649131,-0.0145337834479385,-0.00260525439786398,0.00313744673243647
484,-0.0267105338320051,0.00258025242781484,-0.0189039959664343,-0.0381314301092685,0.00444784003576771,0.00493716357573706,0.0306091487285409,0.0246875907220147,0.0229934152153615,-0.0158525143993245,-0.00130176900280227,-0.00179703948563496
485,-0.0103781103478197,-0.00131401562127213,0.022416015929069,-0.010340306249063,-0.000764861751648749,-0.00596923608217393,-0.0155913424902581,0.0022381707177061,0.00195762159941917,-0.00332742869147872,-0.00128527571480672,-0.00442299267367919
486,-0.0100906486627977,-0.00476651719058868,0.0240000456567328,-0.00472613867156476,-0.00800308606298157,-0.00426574996333185,-0.00222064324043916,-0.00808073691681602,-0.00329253052306318,-0.00947067688388123,0.00193969741318891,0.00623308841407443
487,-0.0228106019440609,0.021549310228209,-0.000861180065854758,-0.040449339076331,0.00844511623946316,0.000778074150227406,-0.00370624767191651,-0.0191521196013699,-0.0180702728734692,0.00564774145131936,-0.0235502852232128,-0.0140177720044406
488,-0.0134266448125844,-0.0359600995343698,0.00281252204762702,0.00842030282165881,-0.028520147144491,-0.0062865390211078,-0.00194540333552376,0.00269134003242805,0.00307815937228141,-0.00723879764173006,0.00295350060057948,0.010765510686352
489,-0.00954854274742826,0.0143936709920217,0.0223169170656827,-0.000377911949068316,0.00159649763204473,0.000926305429739189,0.0170058167042011,0.00860875781199992,-0.0147584707764281,0.00171143046231668,-0.000299095455807516,-0.00371365853887296
490,-0.00647660702380731,-0.0187816474277975,0.0103727614413096,0.00534886202458609,-0.0140927569864697,0.00652864351123817,0.000883653713535877,-0.000681197307085035,-0.0108567251681212,-0.0155979804636157,-0.00755572245598455,-0.00348263750840575
491,-0.0154542701183776,0.0221614544151403,0.0218696236431354,0.0250192170625307,0.00226735774294589,-0.00995064559885453,-0.0116064701429017,0.0278003824702556,0.0137403899740377,0.00700725381251054,0.0135547664400488,-0.00280805769351824
492,-0.0101016025277134,0.000588209111959143,0.0241776112444461,-0.0101772547149064,-0.00937707304240939,0.00835250373584627,0.0179224972524522,0.0082050363806651,-0.00126074222936512,0.00829003071629704,0.00407420560591453,-0.00456745503743391
493,-0.0149503903641289,-0.0270289374039515,0.0029953887695532,-0.0128488513079495,-0.0261972126320791,-0.00532008625249598,0.0121410577183226,0.0231387005055504,0.01423568169837,-0.00407889202909306,0.00598704696449376,0.00710577523479269
494,-0.0216188438063937,0.00576062266449069,0.00489647123051051,0.0150569810688006,-0.0146834197430526,-0.0320673554903016,-0.019989381952577,0.0150008999677931,0.000747334528420603,-0.0175077817233272,-0.00896212312602977,-0.0079332227411359
495,-0.0260936133893457,0.00963154322209158,-0.0129086102277124,-0.0379611157172354,-0.00414277843313502,-0.0273401180922998,-0.0154708069987195,0.00642976132528919,0.00932835572902583,-0.00343434111479222,0.0148779782094448,-0.0220278820482315
496,-0.0226498308267093,-0.0164667769080246,-0.0186176678336504,-0.0283091124363734,-0.00986492170165854,0.000780778159141762,-0.0097823766809097,0.00284238273254567,0.0337265981416001,-0.00503086068666245,-0.0297140816401106,0.0138185172087283
497,-0.00868087536394287,-0.000644579706327633,0.0243053513580567,-0.0047515890329228,-0.0134884661083594,-0.00163582077913229,-0.00167591348759582,-0.00446951896454439,-0.00100882991559112,-0.00547770728144067,0.00373861043918384,0.00470383232135804
498,-0.0147855011075208,0.0278334372546801,0.022767155006865,0.00707320313596052,-0.016548300876715,-0.0138983588817854,-0.0198703115906351,0.00213650429101551,-0.02019233471497,-0.00152290488778618,0.00986250466607746,0.00505821458779151
499,-0.0150084108076577,0.0150834036477707,0.0210914293823031,0.0356193440311208,0.00629585342883997,0.014299253999283,0.00149531503303152,-0.0008334605427447,0.0112822799929956,-0.00131204377707517,-0.0161087711656367,-0.00995521767621407
500,-0.0130892046449628,0.000420267168887852,0.0291171799699536,-0.00423350011104958,-0.00264059903137845,0.00211414251051545,0.0110736030218608,0.0102396824875084,-0.0159511206071381,0.00116275634934938,0.00256559536327083,-0.00349496163406061
501,-0.0226496786493019,0.0132253347715457,0.00123337236337272,-0.000833378402292851,-0.0208000941107104,-0.0207834865199688,0.0130570293923614,-0.00315442678301683,-0.0127983718160834,-0.000591788854489737,-0.0162413365363003,-0.0220880573556032
502,-0.0237877768911556,-0.0138197073831525,-0.0179433479761528,-0.0287141948026861,-0.00765435224554679,0.00500220815723192,-0.00943543046276167,-0.000844878609713617,0.0313272825122256,-0.0052158101010754,-0.011119447594868,-0.0260550157148653
503,-0.015966995394768,0.0135950336952949,0.0245973136545012,-0.0120136772314652,0.00460876472997453,-0.00933039316880457,0.00746764386049263,0.0146268171326455,-0.00838064856203813,0.00608084432848417,0.00168916790533659,-0.00321742898864384
504,-0.0195666212933858,0.0187508162549091,0.00880071845690605,0.00247771685398973,0.0093864032476671,-0.0263414135695629,-0.034059579493561,0.0352224008525297,-0.00216047624814321,0.0135459861451056,-0.00983067202354581,0.00157679600419331
505,-0.0124673690252845,-0.000228929947061668,0.0238825950775312,-0.00256031081314561,-0.0139419374072517,-0.00453569102787887,0.00222152425910951,0.00296988737069342,0.0045899560499007,0.0140545454232579,0.00340572300958379,-0.0118074662487107
506,-0.0103129304176607,0.0175484466613122,0.0154170960336693,0.0152735593567048,0.00345472975235929,0.00246085675883314,0.00158091461579871,0.0166576083012867,0.0188411881298293,0.00201536412517698,-0.00877529797027182,-0.00205392682048521
507,-0.0165941780902609,0.0252788463511929,0.0162337185499508,-0.00713405182077443,-0.00391571602697438,-0.00171857476536864,0.0354775351153785,0.0158418409697869,-0.000691822330213373,0.0478129757036186,0.0205393785860479,0.0300133711056007
508,-0.0162249222399303,-0.00574838750496064,0.0176128079456153,0.0180353056484441,-0.0168858796948798,-0.0224661000126653,-0.010276626849234,0.00682582477548948,-0.00994200375107327,0.0042092619147938,0.00730022964917642,0.00408934014458771
509,-0.01490836598526,-0.0167711407678807,0.0182249396180734,0.0196241373379086,-0.0144946887281623,-0.0119130228850105,-0.0111311870587431,0.00630053379162595,-2.85525371469929e-05,-0.0164981072185882,-0.000382701774112716,0.00894516894822101
510,-0.0161308708330958,-0.0276613087127869,0.000654260871496753,-0.0150642333392363,-0.0225319627017595,-0.00688256632395642,-0.0182921082826566,0.000738946024286749,-0.00856582107969902,-0.0138232818444443,-0.0215976811455185,-0.00936012076447428
511,-0.0250882116885898,0.024044560360655,-0.0150319192348834,-0.0183813312296735,-0.00120649328801385,-0.00356215840534149,-0.0177044410394324,-0.025736450609001,-0.00886720864651526,-0.0196683513659828,-0.00731807543089059,0.0332904292618335
512,-0.00556328742306305,-0.00959712122671362,0.017241720253204,-0.0034291369464945,-0.00518578255585203,0.000360329689227716,-0.0074903689892047,-0.00114415990353325,-0.00840021203592813,-0.00203427373874313,0.00976012270619948,-0.00562982795392972
513,-0.00391878058135755,-0.0103358796698003,0.00947183664010957,-0.00171658494938253,-0.00529201237107424,0.00430202831506619,0.000235853498031861,-0.0126644033230899,-0.005135373994176,-0.0114469741113791,-0.00511718524678113,-0.00143619240922273
514,-0.0340777845865638,0.0186602270825322,-0.0470997723695524,-0.0197706200654707,0.00164713836194764,0.0152948600069219,-0.03600516821267,-0.0173228734480712,-0.0024731954567313,-0.0256051717137506,0.0432164241087896,-0.0030989821398423
515,-0.0105517204841353,-0.00287994037991364,0.0254890531750038,0.00314820830932666,-0.015404580385056,-0.00835473811959794,-0.00504964514124435,-0.0138361636884902,-0.0102323004763653,0.0045701704325618,-0.0014641504617342,0.0031095076336808
516,-0.0278806601875505,0.00716728579852354,-0.0220046800691864,-0.021858240525717,-0.00918445782152741,-0.0168386538608135,0.00283076972299679,0.00850855679040341,-0.00970440733654416,-0.0166337774087682,-0.000107703664304429,0.00663834498042165
517,-0.000190304575866069,0.000369442398240336,-0.001399532888319,0.000502321074883859,-0.00245862122101728,-0.00141651275186131,-0.00522146532177052,0.0028791662677322,0.000250788774078885,-0.000150289425560874,-0.000863108638517993,-0.00128971863689827
518,-0.0228377711989822,-0.00557947740630866,-0.00570618483018473,-0.0357461082224729,0.0140045434404825,0.011247148941264,0.0165530948221638,-0.00912958254875752,0.0125607070032361,-0.0391555744402354,0.00472137861839772,-0.0410400465066358
519,-0.018664241446923,-0.00265190211091213,-0.00156371251279439,0.0164803193021221,-0.0282060985205297,0.000890588031695329,0.0168758669160037,-0.0256651246507539,0.0291067061581703,0.0317193319036793,-0.0439564186451289,-0.0731474866935729
520,-0.0148500680740373,0.00695962539256642,0.0205435183767405,0.0175086301927709,0.00905887680422673,-0.000829250661583985,0.00993022695879009,0.0271438834607959,-0.000884737908149104,0.0155638489800384,-0.00625037867532116,-0.00638196660348667
521,-0.0220543616586832,-0.013357181702368,-0.00660078919557213,-0.0435868092132767,0.012281364300198,-0.0111604845231267,-0.00241874800848044,0.0115379096667544,0.0272599255646005,-0.0286344655385738,-0.00221833921927502,0.000396084711841992
522,-0.0200012893006838,-0.0279936836031696,-0.00927796041672468,-0.00498402681479998,-0.0299788815677145,-0.0255791254074554,-0.0125248047123928,-0.0029690122620228,-0.00338416949024544,-0.00398714131506105,0.0119874076449602,-0.0493056198206157
523,-0.0121596384521874,0.00140261974150936,0.0275559769595179,-0.00566497437913233,0.00389891184248538,-0.0056776358398901,0.000961405634505474,-0.000561741965217956,-0.00868492595995918,-0.00483549533586361,0.0184377963826595,0.00896439810570701
524,-0.0170018989688354,-0.00630485662583806,0.011985283539984,-0.0105713217411746,0.000997316065422263,-0.00145901802388996,0.00918785924390561,-0.00403042943315347,0.00331776827631817,0.00716724111878744,-0.032313049366164,-0.00301892430665869
525,-0.0231048862653119,-0.00906550602189299,-0.0146561489006419,-0.00725370400506862,-0.0300137190388182,-0.0138395247571791,0.00582777792579569,0.00197546269875125,0.018337755722869,-0.0148470683852998,-0.00617758234151255,0.0353965314267292
526,-0.0246926144415513,0.0167345132615458,-0.0083194068770651,-0.0581476181710701,0.0151845380225742,-0.00640144543599866,-0.0113965372028158,-0.0097490998861215,-0.00662130605853909,0.00744909605769374,-0.0265607746081066,-0.00923266431017818
527,-0.0120776264378926,0.00760616616441861,0.0148682772599964,0.00320766612896462,-0.00498322780304318,-0.00936744802612564,-0.0279910834545088,-0.00541436151331444,0.0302849121262425,0.00754301138069428,-0.0146643342616754,-0.00632489209019218
528,-0.0308467694840835,0.00684459725089651,-0.0417688989732632,0.0348627696741512,-0.000474663327257034,0.0148334352655733,-0.00839970881294613,0.0332377078138695,0.0382075181041378,-0.026748662009715,-0.0120385399312509,0.00154744914593799
529,-0.0131907193976434,0.0186487377658282,0.0302310419544939,-0.00649499790987072,-0.0100392421130617,-0.0105612411323899,0.0194794543973685,-0.0240610804146228,-0.00688857434094163,-0.0023969128727385,-0.00632713990518869,-0.000560896054472944
530,-0.0217748258622354,0.0131791589755072,-0.000190652569054316,-0.00964330833406569,-0.0195494112584422,-0.0436541598936798,0.0477204883109055,0.0120861037956481,-0.0027564679072631,-0.000587989785619978,-0.0103510490438827,-0.0203391247056359
531,-0.012827942388868,0.0176350880096073,0.023979739758161,0.00864670045106158,0.0013120350917008,-0.00829663571569879,-0.0218907877340261,0.0197997646981549,-0.000512443137157195,-0.00054602767875816,-0.00206944940563794,-0.0172490468141061
532,-0.000291261319271586,-0.00194844633704665,-0.000715077758384387,0.00100905161154113,-0.00060448551792032,0.000702326757595856,0.000197626599754384,-8.10483202492675e-05,-0.00224835731956961,-0.000413806799057616,-0.000683465420016214,0.00138427694792586
533,-0.0100836555862938,0.0158172791690544,0.0151353656757722,0.0120096515085503,0.00747409454686033,0.0217340923048396,0.0217831523923698,0.0221046240615139,0.0134555809581754,-0.000659083144604909,-0.0115644112292906,0.000351280961026954
534,-0.0133746991200107,0.0168427165710051,0.0291648939504073,0.0116080114967554,0.00103439406036408,-0.0127577525061249,-0.0122819926681959,0.00930371010372933,-0.000536566823102508,-1.84315738197366e-05,-0.00310163245957477,-0.0195812688624202
535,-0.0120797600218979,0.0195915709494495,0.0248490746771192,0.00574172996785697,0.00403523069862932,-0.00840699913915069,-0.00634253346376027,0.0204815195028138,-0.0140500184200833,-0.00545042743566071,-0.00476240393371803,-0.00349633314263493
536,-0.0178327549099685,-0.0381444220959924,-0.0173397904567362,0.00283662912733401,-0.0141631747180547,-6.92871171698822e-05,0.0102983762411953,0.0118332908821658,-0.000221169540168526,-0.0068772184551332,0.000181025798333178,-0.0309680032319639
537,-0.015811785879762,0.00822852788987462,0.0207162841145748,-0.0143235627882779,-0.025003456528845,-0.0167372851791268,0.00440972678429351,-0.0322163267341602,0.0134478658063168,-0.0021228035365844,-0.0166079106972457,0.0206561541174427
538,-0.02613558015876,0.00945781061549705,-0.0282338079730408,0.0232777197124537,-0.0229249982738942,0.0310971478058623,0.047596493406134,0.00840236913315694,0.0417663227980891,-0.0268540746482247,0.0259527176942245,-0.00304901350089737
539,-0.0199760282572715,0.0273526087755967,0.0106744068933953,-0.0175508851520631,0.0154504234071943,-0.00503972864785727,0.00471422922083907,0.0331461012140661,0.0100580062751382,0.0173754976643249,-0.0071207105287875,0.0178367089360536
540,-0.0261185981900036,0.0292418301955834,-0.00995483200794659,0.00471167910463989,0.00844852406175652,-0.0321372641860426,-0.0166813055642365,0.0124939669588157,0.0147265397718177,-0.00229066481848493,0.0378807162093522,0.0137292706124561
541,-0.00850810327448843,-0.00436620834744582,0.0164536816888818,0.00179929465170087,0.0011821413655836,-0.000672847724905641,-0.010580550468534,2.85366780391141e-05,0.00354766451126871,-0.00153351662515484,0.00693581285848788,-0.0058010083833855
542,-0.026323995100993,0.0128725034262496,-0.0218235871077547,0.0249033779772157,-0.0260554843152785,-0.0385831557757315,-0.0195372111961291,-0.00695999822786139,0.00215790066061352,-0.0179976196763347,-0.0311140317576349,0.0229330649798063
543,-0.0216915750134214,-0.0241223777466136,-0.00977760237070026,0.00102877057869075,-0.0228744987745256,-0.0257747657762671,0.0063747743165983,-5.23496500420321e-05,-0.00688073395146956,-0.0204641749113033,0.00593924411404476,-0.00724006957153755
544,-0.00150562935470338,-0.00940464555368722,-0.000333433742081795,0.00505698108323272,-0.00377261793941558,0.00214772013013611,-0.0013197918378699,-0.000204188852028619,-0.00412427414467929,-0.00129866303584111,0.00428594282158449,9.33845030306022e-05
545,-0.0132822764377503,0.00831244326152655,0.0219173298151414,-0.0116538829223165,0.00968455412320033,0.0199467232045424,0.0186704465011919,0.00769699125751863,0.0106347851096839,0.0011381392663519,0.0101526437365392,-0.0147954082544242
546,-0.00305530149457443,-0.00796623893926573,0.00576207757966839,0.00424265200049159,0.0038081400662418,-0.000567743451054198,-0.0101956837481251,-9.99360155905358e-05,-0.00131530075022495,0.00039067333309566,-0.00687024150218969,0.00502126859265219
547,-0.00526751823419424,-0.0137120323566222,0.0132126982608357,-0.00369034108429443,-0.00872697600127779,0.00244964321452402,-0.00426544545037501,0.00361683642800195,-0.00124052860608629,-0.00627547075395701,-0.00914724792556279,0.00189957429234783
548,-0.0062179185863611,-0.00696666374741551,0.0146342602469175,0.0112803014632414,-0.0109786165169606,-0.00556146764340958,-0.00921701036421809,0.00328529499230784,-0.0170661986361528,-0.00215005168238125,0.00657491712714824,0.0131746009531127
549,-0.0219773135876678,-0.0152480438322933,-0.0116444602171109,0.00222811167280053,-0.044360227730399,-0.0190933986730722,0.0160663781366179,-0.0209178197124553,0.00824916770505033,0.0241166819126446,0.00268124704793776,-0.0238408085677724
550,-0.00649723078217278,-0.0222883261587081,0.00701196596497798,0.000576054692225956,-0.00500006274849169,0.00588562199792576,-0.00158103435131184,-0.0050194609902895,-0.00919781314518395,-0.00631371922019228,-0.00200001441528222,-0.00190597018517731
551,-0.00743263985226985,0.00461333721977959,0.0245276886030687,0.00179145488780697,-0.00585620237616999,-0.00262104651589379,0.00838478844760583,-0.00114953857547705,-0.0154346161214592,0.00257149761206101,0.00440836177964271,-0.00440107850304939
552,-0.0119653879323316,-0.0125900153583586,0.0158426412524909,0.0220662279830626,-0.0114445050743933,0.0050289057125823,0.00232529083581064,0.00364121949583271,0.0154489169448802,-0.0207396732212795,-0.0105336767026148,-0.018159016257125
553,-0.00578616757954261,-0.0126422593052868,0.0155763838862158,-0.0065724649975027,-0.0117015551519092,-9.13666834084561e-05,0.00129128591834815,0.00277245915893094,-0.00566430953220523,-0.00489935206750877,-0.000652194109201485,0.0125595574475166
554,-0.00651864051578535,-0.0236134236313182,0.00899562986548715,0.000733675039559567,-0.0231301261263779,0.0048780783273577,0.000639144727657313,-0.00021832145295051,-0.0115100317373291,-0.00557675920301468,-0.00856324595028444,0.00573169459950523
555,-0.0118266222298887,-0.0296033085408207,0.0118208779923707,-0.00208802475432994,-0.00949138057971079,0.00283085226571528,0.0103867465462684,0.00691709554935067,0.00232235365725947,8.74326751894702e-05,-0.0114669719647407,0.0148920132179399
556,-0.0130924085864871,0.00814722959797385,0.0270796927209255,-0.0172432376099165,0.00307228251540321,-0.00332175462735135,0.0167470036308396,-0.0051150329404945,-0.0268601215023592,-0.00946540544955927,0.0173658997759069,-0.00925461175668899
557,-0.0078612792165796,-0.0185144731942647,0.010237998304003,-0.00935138254189012,-0.0111994898870459,0.00700508754407567,-0.01278356774571,-0.00446995283953395,-0.00370868706257659,-0.0146981544790675,-0.00678351768235539,0.00824678948055116
558,-0.0108408188710511,-0.0183032261420833,0.018211658386877,-0.0177849202258201,-0.00984938162123578,-0.00318734364927586,-0.0204547182520669,-0.000409143362826847,0.00336024929985791,-0.0135780316908087,-0.00712865332818775,0.0133415587776058
559,-0.0017086738945459,-0.00208751407157423,0.00802852208158928,-0.00218694148740694,-0.000259191292448406,0.00327297099355627,-0.00417271201501739,-0.00256459568669521,-0.00338019662282636,0.000123813042491377,0.00286267391409859,0.00126611828905353
560,-0.00787696348456849,-0.0225482824251932,0.00857425887016248,-0.0124029376019788,-0.00396081297552958,0.00717989987129064,-0.0122087013546187,0.0117206523650503,-0.00649566516228432,-0.00813412328761475,0.00710391176403106,0.00343519431183684
561,-0.017338405624301,-0.0200509384773644,0.00497661009910529,-0.00411956851952463,-0.0360239293711023,-0.0224037085910811,0.00571409713180465,-0.00359486547357605,-0.00471904028277371,-0.00523475362612612,-0.0164685145958939,-0.0167849915559478
562,-0.0129991767841971,0.0113398629401244,0.0263295484366444,-0.0150972251862677,0.002230380109106,0.00388477064528111,0.0168389667286539,-0.0104893396966558,-0.0139635620316654,-0.00527527225121309,0.025665025677006,-0.00821255534238852
564,-0.00923848335408598,0.0123004707425356,0.0300509218143237,-0.0221265685871575,0.0127734470760941,0.00132801742517548,0.010028148724954,-0.00851714809985974,0.00428157245744372,0.00189679283438736,0.0188645054494516,-0.00263967825772917
566,-0.000576039550963152,-0.000108226681030246,0.00225684133425221,-0.000678642807484057,-0.000394329378455048,0.000853611503189966,-0.000232365869727142,0.00273645001459603,-0.00717646459525581,-0.00196675637868442,0.00420543745140934,0.00586140258361419
567,-0.0128813875107311,-0.013199855984104,0.0191363834563412,-0.00963989480559259,-0.0112983016539314,-0.00352201251366966,0.00337864153040011,0.00853786773316836,-0.00120876267097351,-0.000372655866205514,-0.0107579023743937,-0.0061039846465996
568,-0.0177960678563487,-0.0356678185062376,0.00150288838968438,-0.00679069954931734,-0.0212327468800497,0.00860103630574358,0.0169981496538532,-0.002566822347254,0.00153795938454952,-0.0115190962582854,-0.0141084297599285,-0.00322076816851206
569,-0.0012541211381078,-0.00155085063974207,0.00329122202236038,0.00102423401119034,-0.00277556691107781,0.00592605863387732,0.00114092664446251,-0.00323092449609343,-0.00430431248057595,-0.00188272541072455,-0.00399765633465497,0.000195115375322122
570,-0.00926411221364678,-0.026750708288794,0.00435198074459215,0.00214483021351378,-0.0192944070059517,0.00239467780605844,0.0131973188639556,0.0154126176492325,-0.0248436045761575,-0.0184693629675962,0.010572121215606,0.00598926954956889
572,-0.0170699281057913,0.000744294534440754,0.0137982061819359,0.00132646329907772,-0.00951140765591035,0.0111124368800036,0.0441349345719301,-0.0214169014754836,-0.0114663473139953,-0.00924685663870856,-0.0251337325246525,-0.047083810195303
573,-0.0201774608020586,0.0245952317470958,0.00692646293551039,-0.0284453135966743,0.022078268553853,-0.00367902690703313,0.013737932885034,-0.020702144087677,-0.0259972134916235,-0.0264857139076512,-0.00765277627869576,-0.0247938491223086
574,-0.0242517389493075,0.0256156812092712,-0.00650577734821051,-0.0362255951605722,0.0209120722678347,0.0104028678640429,-0.039001161639088,-0.0238702509962684,0.0175987594554164,-0.0384106176366489,-0.036895639325727,0.0166857852362743
575,-0.0267820689154353,0.0195365595170686,-0.0192158461499388,-0.0245074190215852,0.012178762132594,0.0140624909754878,0.0383849699842405,-0.0159271224446881,-0.0126052618904761,-0.0697172001730624,0.024130876476913,-0.0314611223458799
576,-0.0298113174056986,0.029926159674125,-0.0307472113489769,0.0252199875798603,-0.000466233549413631,0.0232735859012523,-0.0223847205595548,0.0092398640458818,-0.0400093305732672,-0.109944889441829,-0.0726370214979739,0.025776586022721
577,-0.0280791060678212,0.0198191299858075,-0.0249039182397091,-0.0236237138330439,0.020291618353185,-0.01573932980956,-0.0458053413387888,-0.00709806134055367,0.0169891169746699,-0.0529757888803796,0.0244094647313541,0.00699154499094941
578,-0.000621736218345394,0.00185864414536574,0.00385691960630327,0.00213095933621211,0.000955727313998702,-0.000157323969485082,-0.00195293337271154,0.00105150592566093,-0.000719914915057274,-0.00757741655244235,-0.00240321280380458,0.000485870113620255
579,-0.0254855111397962,0.023958803158894,-0.0135035714112914,0.018248374180559,0.00206694219515965,0.00503346498394312,0.0263987991559284,0.0271594697555095,-0.0095334770101686,-0.0404886993728413,-0.0198709106287933,0.0686972813628861
580,-0.0331034541394709,0.0222153960716784,-0.0466556536598712,0.00689701305983767,-0.0143881976273245,0.0196401289931844,-0.0529451119012992,-0.0536745677419913,-0.00259381436374597,-0.0283915026478238,0.00623400427395187,0.00901848757557299
581,-0.024838812523689,-0.00332072242822833,-0.00795575415624223,-0.00964937965423047,0.0338701402785938,0.0158588344205527,0.0238671782121994,-0.0281260579006931,0.00694651893255057,-0.0209192097428963,0.0521064783356855,-0.0147181381682134
582,-0.0270306184419963,0.013992385989232,-0.0209326656488274,-0.0353434245272185,0.0128885134115087,0.0255188864201446,0.0270581899444446,-0.0206640161173204,-0.00688940391198081,-0.0818776759932968,0.015119591863599,-0.0487950263094823
583,-0.0233451155499331,-0.004381430009915,-0.000963220542863452,0.000626000259641046,0.0294380482318466,0.0103154344380583,0.0288165389311223,-0.0207328085316528,0.010858699426113,-0.0326855712676567,0.0445183912822438,-0.0209230000241727
584,-0.0243231478204899,0.0254361919764198,-0.00597403985724112,-0.0523386000730348,0.00648119651833789,0.000236213899302109,-0.0131146809806205,-0.0337641989558825,-0.0236623515610568,-0.0170425884322719,-0.0569623026007595,0.0385819070131721
585,-0.00451762745931846,-0.0100691337019566,0.00374042530313059,-0.00561342858759078,-0.00134741561168189,-0.00556521529194888,0.00763788129021759,0.00284618672982747,0.00328945570843109,-0.00936476758861798,-0.00246797417143933,0.00815991018512258
586,-0.0221389247314847,-0.0182885211462515,-0.00771476111117258,0.0408853321015871,0.0280093679739768,-0.0237827502809697,-0.0118199220356988,0.0170900566041249,-0.0151350927294278,0.00376946103952247,0.028701767401731,0.00551984072627349
587,-0.00881374069459431,-0.00655419670351435,0.0221080737320621,0.017083801154364,-0.0184536527973093,0.00151657086599081,-0.00463835291309571,0.00271106024628599,0.0043661697306257,-0.00633366743928295,0.00987880538581845,0.00500779437446399
588,-0.000864059326444726,-0.000162340021545369,0.00338526200137832,-0.00101796421122609,-0.000591494067682573,0.00128041725478495,-0.000348548804590714,0.00410467502189405,-0.0107646968928837,-0.00295013456802663,0.00630815617711401,0.00879210387542128
589,-0.0128187863490754,-0.0398372507907114,0.00585806739271323,0.00736107184781067,0.00279644653786677,0.00239011795607059,-0.000793472515129355,-0.00148087386547887,-0.007591257428457,-0.0077796639249948,0.00564433605082564,0.000205574762106732
590,-0.0119020491053184,-0.00242731811962071,0.0268849889818672,-0.0123624514471515,-0.0176608492931965,0.00168157733188459,0.00964834899499788,-0.00845772071468961,-0.00639028627626698,-0.0103686981089703,-0.00887444776859207,0.00218831915307173
591,-0.0171355080052604,0.0102836387321274,0.0205908938643039,-0.0466954605435994,-0.00125028296380536,-0.000531330654730252,0.000893104258282137,0.0113214788801019,0.00922240581370699,0.0022516890253882,-0.00161683386513377,-0.0132197380493646
592,-0.00859637938107999,0.0102932852128553,0.0224145565884713,0.0239341554631998,-0.01092860755157,0.0136303014095914,-0.000963828092303311,-0.014178778422265,0.0137246027729472,0.000823312148327171,-0.00441002496801633,0.00497065580695789
593,-3.7787390823651e-05,-3.75916625725204e-05,0.000284994781032309,-4.15594351493453e-05,-9.04195565792317e-05,0.000211833237727588,-9.95146309356541e-05,-0.00020729240887266,-0.000226517491636747,-1.04498974951426e-05,1.36584334793278e-05,0.000222961382384802
594,-0.0315112773125554,0.000919852261260404,-0.0498281167271366,0.0171562525710036,-0.029208638738227,0.0197830852773146,-0.0328341216855143,-0.0339147365023488,-0.00916030467301825,0.032289675522093,-0.0173962403909164,-0.0370925748742744
595,-0.0108092000496093,0.0108822886860254,0.0286840319423592,-0.0128714389385036,0.00822937303656414,0.00651870018700718,0.00288699517971874,-0.00486314846237393,0.00502241763629494,-0.00596618538729515,-0.00146425778475364,-0.0124564790442352
596,-0.0224249245514301,0.0210900542944844,-0.00394186706806061,0.0368820072363817,0.0157392556369272,-0.0170186834967824,0.00457555027337611,0.0109136210738565,0.0500792882108386,0.0172304843221733,-0.0162186352595704,0.0268847378902923
597,-0.0119501246656534,0.0172673452992077,0.0165901713942295,0.0399493423948254,-0.0156995570504508,0.00238893258845451,-0.00969941239626711,-0.00446385308721608,0.0444418996149598,0.00581743544194212,0.00489841859059502,0.00108502701895291
598,-0.0104876955685641,-0.00405129512767114,0.0227857297112049,-0.00240373582366916,-0.0108570347447875,-0.00319347000857409,9.22666849421154e-05,-0.00436657438544275,-0.00572917526212703,-1.22542839890671e-05,-0.00665193840935555,0.000810279074143214
599,-0.0146798320546322,-0.0140071325084678,0.0213405608350558,-0.0417498179326564,-0.00373732943281189,0.0146377137913621,-0.00653202274467758,0.0147069165414013,0.00310292987453395,-0.00679673374011776,-0.0019279133509454,-0.00627959517050322
600,-0.00295440448165521,-0.00600895722178484,0.00658531010109063,0.00387963471001832,-0.00567797755099493,-0.00541747725909802,-0.0028961056234369,-0.00646300907611736,-0.00450424197253107,0.00197708887160443,0.0115246039396229,0.0110484676153479
601,-0.0161085912137885,-0.0385551083273007,-0.0035522598492741,-0.000988458962215887,0.0249392205451076,0.00377185086913528,-0.0158165522763321,-0.00119586715347841,-0.00425116876507523,0.00507270709621847,-0.0052764065045528,-0.00246178555146155
602,-0.019723425350834,0.00424177517864831,0.0128433534213393,-0.00884953320058158,0.0175870212797577,0.00109836916103078,0.0343565529420375,-0.016293663301999,0.00488359543515406,-0.0153109956810404,0.0273829259991002,-0.0204947545408239
603,-0.00684230852712165,-0.0203215187831796,0.0139619527556839,0.00327264093394933,-0.0140616531393651,0.012409512007813,-0.000247020083062895,0.00721897356997952,-0.0178909014855535,-0.0182592734697659,-5.7754015471979e-05,0.000689200452139701
604,-0.00109325350626017,0.00233043943502201,0.0017652167228936,-0.00629047914719533,-0.00295830235034249,0.000706266926790451,0.00186800513997824,0.00141414508160391,-0.00231462658571766,-0.000739295258519386,-0.00107895212252659,-0.00152932688396632
605,-0.00821703531938241,-0.00474273858436736,0.0203862899579534,-0.00883389198543684,-0.0124674887945682,0.00119291552662276,-0.00257774765680015,-0.00716804495033089,-0.00951102033487381,-0.00884894086377249,0.0013242379152607,-0.003318541662453
606,-0.0118019408589151,-0.0309581889754725,0.0109005839309702,0.000509268616802673,0.00111026136763701,0.00580851971115467,-0.00402798327511695,-0.00358282030413299,-0.00160161657514489,-0.0167689529129807,-0.00556428941434608,0.00182482305836864
607,-0.00114250188616491,-0.00280661311139773,0.00188812324441751,-0.00750006256671516,-0.0030283415189584,0.00368961143341482,-0.0037367780463155,0.00487086031143013,-0.00489839572432072,-0.00415385290145098,0.00494124072186744,0.00891761990723523
608,-0.000330055769297973,-0.00139119547136708,-0.00373406802142923,0.00144951586521819,0.00157674026023914,-0.00176480033688893,-0.00382605009711344,-0.000299655788132237,-0.00308795605215235,0.00244502169748323,0.00125670484202214,0.00045603271728127
609,-0.00520355615572051,-0.00215149201190418,0.0181949557966628,0.00191176033746126,-0.00482238228041137,0.00639961654547694,-0.00573130251807054,-0.000120000364262541,-0.017856974880772,-0.0101873930326085,0.00864954345777956,0.0132990681590775
610,-0.0172179777668421,-0.00504131616023475,0.0185340050314669,0.00328856527655503,-0.0349685903337337,-0.0129102714040721,0.0148289140842052,0.00650896672998199,0.0193968408003289,-0.00606756849434299,0.00331887497011174,0.0154825464516611
611,-0.0250401494075655,0.0168345612139856,-0.00463878933685016,-0.0211788387905339,-0.0167384180639949,-0.0315596627199805,-0.0345429963387864,0.00551438414997182,-0.004432016713047,-0.012355146056922,-0.011402393266463,-0.0162201700355595
612,-0.00256698046297636,-0.00423530752254177,0.00501069129921392,-0.00273782690434495,-0.00391790270999419,0.00607664876934155,-0.0117048209590911,-0.00108736692274002,-0.00600840096585853,-0.00215819036731051,-0.000851780691757122,0.00202869104097955
613,-0.00897279185778665,0.00309420749529631,0.0246152501491733,-0.00511325199693187,0.0109393979211886,0.0191138878564294,0.00553011650441502,-0.013782776839812,-0.0140481520391981,-0.0023758475938426,0.0123977401336703,0.00174087765329972
614,-0.00573199621300689,-0.017587285216034,0.00666685670903728,0.0071210787622891,-8.80837710387279e-05,0.0103796818520513,-0.0093951976145455,0.00922281140331026,-0.00743935702275111,-0.0116662369635515,-0.00277866226995744,-0.00122315512051656
615,-0.00903751934337866,-0.0221587214109781,0.0150650172913565,0.00152242614233747,-0.0185785360531231,0.00443910563847062,0.00829704890648007,0.000490661958367943,-0.00953861040724541,-0.000929862803441505,-0.00937116162422939,0.00170202970164072
616,-0.000472142819254515,-0.000303792787678968,0.00169298046226295,4.57521803950068e-05,-0.00120532776593987,-0.000590899119716442,-0.00106284962357473,-0.000219437256076182,-0.00138858459690126,-0.000569309892732913,-0.000165065092199759,-0.00126347400468557
617,-0.0168569247366135,-0.00519669082901908,0.024996824232519,-0.0140287585382431,-0.0111414504433155,-0.00345239257652555,0.00644176607237281,0.00508194482056411,-0.0178463116582503,-0.000964577945284958,-0.00919691512671638,-0.0101412996262913
618,-0.0124374367466541,0.0149598825769151,0.0255179715265715,0.00150520539163845,-0.00184643936686238,-0.00975437445808657,0.0131134690066516,0.00834760261492501,-0.0152502025577247,0.023724703300155,-0.00172102087464378,-0.00671712448221558
619,-0.00715937708388776,-0.0113902597158795,0.0178215500572474,-0.0121059515080232,-0.0033375724921815,0.00228505049787286,-0.000345392574353895,0.000656443553921895,-0.00369009975062691,-0.00728025784183256,0.00171174077891776,0.00177160406173669
620,-0.0117778128291563,-0.0154311121822305,0.0157174128955594,-0.00229190182617594,-0.0184231158096401,-0.0027245362024585,0.0054925263503557,-0.0196105436944307,-0.00574217731672128,-0.00379436516230386,0.00493244580024708,-0.00285703901204275
621,-0.0107892855099037,-0.00494320975472424,0.0263695103372775,0.00433383063348074,-0.00712752252973433,-0.00263608449013671,-0.0195217370538659,-0.00992998366222016,0.00559219418162781,0.00449998704315613,-0.00170925816370635,0.0065910935379783
622,-0.000226971196268925,-0.0007869129310974,0.000134956770877291,-0.000115844578972662,-8.56965186776659e-05,0.000751776864328899,0.00157286495996987,0.000441610567247989,-9.03130885348299e-05,-0.000408718227627653,-1.29992984627118e-05,-0.00050367045697138
623,-0.000223470854812987,0.000524981101787394,0.000952705291062597,0.00192565080161648,-0.00142611726596225,0.00294584868097134,-0.000798941637704843,-0.00413270270302079,-0.000750703384042689,-8.16022848227999e-05,-0.00228287397385271,0.00389642322857748
624,-0.00115738681499342,-0.00153273483993488,0.00234165889938315,0.00121382858967582,0.00198038873464014,0.00130091514620177,-0.00054469021485726,0.00316605664741989,-0.0077512309481577,-0.00324535024101267,0.00499320089991574,0.004139788660906
625,-0.000576039550963152,-0.000108226681030246,0.00225684133425221,-0.000678642807484057,-0.000394329378455048,0.000853611503189966,-0.000232365869727142,0.00273645001459603,-0.00717646459525581,-0.00196675637868442,0.00420543745140934,0.00586140258361419
626,-0.00644354794410103,-0.0247533025110148,0.00583638910887204,-0.00845183199902712,-0.0118365139151632,0.00748225906917445,-0.00982140055832631,0.00440255973305925,-0.00328563613921414,-0.0149482112405661,0.00139166621321725,0.00105800345826606
627,-0.0228856760270093,0.0114279989847311,0.00099157548326305,-0.0134453184883228,0.0057516315509712,-0.0180929953508287,-0.0264066932441873,0.0210660237570366,-0.00259740330081886,-0.0147779211019999,-0.00134422269358141,-0.0211466322585492
628,-0.0241481432020779,0.031290474485694,-0.0134475639133189,-0.00581254397750145,-1.55748517701398e-06,0.0151006449294359,-0.0206509928228947,0.0394388264140811,-0.00989971238062319,-0.00656594053624498,-0.000936434547468786,0.0116414321917689
629,-0.00819079724701543,-0.0252027972355491,0.0133525041308116,0.00815116919166705,-0.011671722666441,0.00700781080973237,-0.00434126567450125,0.0175547231000374,-0.0132749216748797,-0.0133560063716272,0.00438419657148732,-0.000613684568739276
630,-0.0149372106413806,-0.0139610311810159,0.0178240907349647,-0.0284350247039222,-0.0109993503005031,-0.00180662083854993,-0.00594279684612544,0.00726929167717048,0.013773119760155,0.0135719156893563,-0.00949338293521624,0.0116427507745717
631,-0.000576039550963152,-0.000108226681030246,0.00225684133425221,-0.000678642807484057,-0.000394329378455048,0.000853611503189966,-0.000232365869727142,0.00273645001459603,-0.00717646459525581,-0.00196675637868442,0.00420543745140934,0.00586140258361419
632,-0.00335122983032167,-0.0105350196375593,0.00944705886696545,0.00154419962178242,-0.00480639281381158,0.00472088612838514,-0.00546519938027031,-0.00615177532866029,-0.00842912478378772,-0.0128793856830162,-0.00405172334264553,0.00205233780083265
633,-0.0205241603528734,0.0295567871897983,0.00727535892293423,-0.00606044046372039,0.0167115575471272,0.01813154649797,0.0083626630019083,0.0243511406587896,0.0201847741941627,-0.000546682574876622,-0.010728498632925,-0.000865540382010433
634,-7.60108031466755e-05,0.000244768691066622,-0.000178913161272974,0.000136235285269351,0.000989391773203558,5.26718530837963e-08,-0.000351164767182266,-0.00011290225531477,0.00053295267825573,0.000961221782600618,-0.000878946881215871,-0.000116593095302073
635,-0.0077632376557018,0.00393550866335134,0.0289382028709964,-0.0123161262511362,-0.0022308394147734,0.000416532321566531,0.00761237535880227,-0.0115001309571907,-0.0112826008354421,-0.00268744012434423,-0.000487927913810166,0.0193995949979264
636,-0.000260451301984018,-2.56925074367619e-05,0.000925759494021915,-0.000758333322291031,-0.00249592963775733,0.00290046408240951,-0.000857051902515402,0.00219360426552113,-0.0026491748163653,0.00156912212862284,-0.000675541210555221,0.00337660012962386
638,-0.00877502818018622,-0.0259165174793361,0.0127634968312711,0.0122597480813556,-0.00421303648231837,0.00808322773938694,-0.00166050402805764,0.00703549323326644,-0.0181144154611558,-0.0145360476398085,0.00449149933036128,-0.00204840126183686
639,-0.000576039550963152,-0.000108226681030246,0.00225684133425221,-0.000678642807484057,-0.000394329378455048,0.000853611503189966,-0.000232365869727142,0.00273645001459603,-0.00717646459525581,-0.00196675637868442,0.00420543745140934,0.00586140258361419
640,-0.0236043112582601,0.0062042278848237,-0.0179729609475195,0.0034379025053717,-0.00950411720220565,0.0316888426404468,0.0349607283096582,-0.00395241850802589,0.0224073251164913,-0.011918236573894,0.0306408210310478,-0.00679304124123613
641,-0.0144079160826084,0.0124224064444395,0.0250403138605922,0.00254975293645445,-0.00572737471135441,-0.015977313729054,-0.024790426071356,-0.00856118129711472,-0.00388655427963244,-0.00772279497009732,0.00896451706497538,-0.0146825733983029
642,-0.0182768966160097,0.00271809333073146,0.0141714260293414,0.014869882652408,-0.025864755630548,-0.0189765790679043,0.056972946451503,0.00477683794025716,-0.00277571929642641,0.0258739004432717,0.00430854424660135,-0.0305496526336595
643,-0.00404434390560615,-0.000969230902914967,0.0174517066836798,-0.00204102854323362,-0.00125975750438697,0.00427463202575837,-0.00636169955981611,-0.0100096715541148,-0.00119241374436402,-0.011865116253538,-0.00427020936550532,0.0157289011314336
644,-0.0111064650669837,-0.0291145122294604,0.00049362654962914,-0.00255485814370248,-0.0199459211315728,-0.00510522361135514,0.000852328650905222,0.0185033955538977,0.0018284472187006,-0.0193959217425397,-0.00226802298028963,0.000809841844187575
645,-0.000576039550963152,-0.000108226681030246,0.00225684133425221,-0.000678642807484057,-0.000394329378455048,0.000853611503189966,-0.000232365869727142,0.00273645001459603,-0.00717646459525581,-0.00196675637868442,0.00420543745140934,0.00586140258361419
646,-0.00753131181750375,0.0153445792036569,0.0173372483359858,0.0139861214451263,0.0022787541987143,-0.00210362633971115,-0.0045356630550102,0.0147429469830156,-0.0074238838830182,0.010171206188714,0.00845053457623026,-0.0078740220230488
647,-0.0135277441726492,-0.0420470626077553,-0.0025075298499552,0.00356367566992717,-0.00381266999863848,0.0145998361314415,-0.00068114554069873,0.0144567229723991,-0.020112887997752,-0.0125214928114421,0.0171234151781723,0.00870147650970627
648,-0.00963571901350922,-0.0312504855579739,0.0084873604178043,-0.00376084982000112,-0.00617991296827791,0.0162334004127992,-0.00572668776072877,0.00461231954442276,-0.0189708715780715,-0.00528753504293326,0.00464403411137092,0.00369270744590223
649,-0.0149174515383365,-0.0445978232467628,-0.0103770082470409,-7.77212194854769e-05,0.00249822260718485,0.0137735013403561,-0.00144874914263496,0.0172018218790758,-0.0205175980428006,-0.0121752424618278,0.0166103462226808,-0.00266756561084858
650,-0.0241229336997313,0.0116615306220119,-0.0185585705651875,0.0171709426391978,-0.00875290732115737,-0.0141096189469394,0.0702857543854718,0.0320684136397805,-0.0145392777531735,-0.00566147911906655,-0.0185650705718135,-0.038329963746551
651,-0.00104838864431114,-0.00177450521691465,0.00313944045757322,0.000638222260280832,-0.00263740998656509,0.00345940350341297,-0.00125467008402282,0.00700287287208437,-0.00988123127687491,-0.00637856398811155,0.00809614914395713,-0.0018598923977864
652,-0.0168334319090377,0.0215950210683587,0.0113270109179041,-0.0143911689094973,0.0117906198834409,0.0142508081974301,0.00524240103204663,0.0106086634890941,-0.0297495197855979,-0.0112693040960115,-0.00646948696813984,-0.00187284371159458
653,-0.0176794879746528,-4.39343557243035e-05,0.00556769581620357,0.0351259673350857,0.01973965700866,0.0110451074694677,0.0275630769424398,0.00703993405167635,0.0325031239733247,0.035633403276957,-0.0327404933328226,0.00895451713302511
654,-0.027985929329577,-0.00182861569185667,-0.0215803603778357,-0.00889307327555831,-0.00714458470344049,-0.0254343650692404,-0.0262997068310553,-0.0106520351265216,0.0183641048643126,0.00596411935036081,0.0266050780129837,-0.0319736218259344
655,-0.000896671253390326,-0.00351427890041548,0.0013651339645905,-0.00226584372735347,-0.000384274672345433,-0.000979661418210954,-0.00302807186937092,0.00440908365526657,0.000163635326566221,-0.000575171089553882,0.0014438853228263,0.00358474331246171
656,-0.0120428154533582,-0.0246478806769845,0.0111161407521136,0.0277203369358671,0.00160686492654028,0.0109549630615121,0.0162199906895783,0.0112917878325366,0.00836400225168028,-0.000180095856559377,-0.00751590291273743,-0.0119401525768885
657,-0.00681392559378615,-0.0227987374474138,0.00299885845517223,0.0117827196082537,0.00395007859386525,0.00812912614598746,-0.0118882126612072,0.00769836282579634,-0.00597551469684992,-0.0123845497236492,0.00550109241428941,-5.80890149755951e-05
658,-0.00169395725988133,-0.0051767376009983,0.00231078440278429,0.00852822713118001,-0.00848984841814069,0.00119948387678243,-0.00182055947308805,0.0110422091352685,-0.00451171002798056,-0.00782968044432701,0.0120921860660029,-0.0110411481811223
659,-7.79050283245494e-05,0.000536165238865209,-6.96188472983145e-05,-8.85348496480682e-05,-0.000517496482603836,0.0013748447968336,-0.000357222127620536,0.000147881263057481,-0.000293814806747518,-0.000406647260499681,-0.000124172805997486,0.000380530382674715
660,-0.00856174543720398,-0.0152128323434614,0.0115241217577042,-0.0206233624719131,-0.0219305453764796,0.00927801668440821,-0.000538220847845187,-0.0102829726779479,0.014229457480735,-0.0166096711945504,-0.0141664099852522,0.00240272868166163
661,-0.00190644164510167,-0.00347670600683534,0.00639871839262252,-0.00311597016735624,0.00226070924358968,0.0034550071342867,-0.00010815640410441,-0.00297515294377863,-0.00542748026558335,-0.00247869698177479,0.00208107527998521,0.0040717134030099
662,-0.0125443680937633,0.0121218812577028,0.0176429789106827,-0.00630043473483815,0.0126333677875209,9.2724408412618e-05,0.00357234479269837,0.00858146800130356,-0.0012088624373922,0.0193087684388846,0.00696556139027163,-0.014456648091415
663,-0.000731345965225859,0.00187953453850177,0.0032640468744367,0.00276341354627323,-0.000403934510855043,0.00302504997925696,-0.00343743192343568,0.000418897998874765,0.00160040167716635,0.000136828723954207,-0.000308588580149277,-0.00115630799117062
664,-0.0136594284795404,0.00779749498746441,0.0316588662422978,-0.0373817085374918,0.0114809343037953,0.0118501798524325,0.00437314899143881,0.00389666484576057,0.00887720776447289,0.0135598720643627,-0.0130293719346293,-0.0115806321461301
665,-0.00894157495854626,0.0182513789883791,0.0228323268913625,0.0206193165567426,0.00783724963907784,0.0072342840913787,-0.000273641053262903,0.0205598357098164,0.00302921927159256,-0.00321897876498819,0.000270177446038279,-0.000707766124308054
666,-0.0128214099222666,0.0182912137402782,0.026852446336926,0.0123759303073849,0.00638176858839164,-0.00697984134139806,-0.0110124838676844,0.0125945311779814,-0.0110119775156945,0.00670864657672392,-0.00778074591032656,-0.00527473337198699
667,-0.0170060073359649,0.0032356534356484,0.0139221130296201,-0.00289064737739066,-0.00766920000474257,-0.0151753753672991,-0.0437985345410536,0.0132822160246757,-0.0121531018608479,0.0139876137814376,-0.0118391498659329,-0.00967427180001364
668,-0.00274385873837602,-0.00613435946677366,0.00684623546580174,0.00470331161329843,-0.00330551879038318,0.0011250363998422,0.00266334863549016,-0.00408744583042787,-0.00660023312127775,-0.00664940452948804,0.00190295572072213,0.00990156386823429
669,-0.0117558414716603,-0.00618227921877326,0.0205647570432305,-0.00515711922031459,-0.0108425268779901,-0.0108031321501079,-0.00428238175747209,0.00741771704883684,0.00600242041402992,0.00446907180933575,0.000448359012489026,0.0130527883412179
670,-0.00233476126827675,-0.00675687209122129,0.00408904139542667,-0.000312872047390043,-0.00493385786219072,0.00665580803355701,0.000712695591661492,0.0038076251333031,0.00125880627218881,-0.004056562989226,0.00968110561231142,-0.000348059758622209
671,-0.0170374835370826,0.00575029979373041,0.0201973403752981,-0.00815979173006274,-0.0233755990416307,-0.0206031354934491,0.0238701068081929,-0.0153736055634289,-0.0102733557154353,0.000291138124140345,-0.0109021264007804,-0.00153871554822823
673,-0.00977299231438604,-0.0302413890499559,0.0109368854359768,0.0104033440395523,0.00189899052163043,0.00861008594547083,-0.00212385206962404,-0.0103786568278737,-0.0150933501577168,-0.0136650034530107,0.00771599536099822,-0.00241810017967364
674,-0.0018213011084352,-0.00373017620476166,0.00268144707271728,-0.00245645742750618,-0.00595907792530228,0.00544646187392317,0.000271663974787894,-0.00562742154258819,-0.0020616901258426,-0.00565321951797264,0.00098780662884595,0.00532287172212991
675,-0.00805913883709232,0.0110908749540317,0.0247433561336833,0.00748776107690298,0.00178008966186997,0.000761265762112005,0.000216054066974703,0.00532819979453548,-9.54973097007037e-05,0.00361063237251856,0.00696251175409891,0.00585845491733423
676,-0.0108247556222312,-0.0224960839634752,0.0105233333312818,-0.00836717878147078,-0.0166570302749421,0.00384419715893438,0.013330374163588,0.00941883121047494,-0.00640610766140819,0.00141108339311113,-0.00342665998794831,0.00823355600862483
677,-0.000253088969283075,-0.00103041736541812,0.000229352635786838,0.000711400454449903,-0.00040492492236071,6.00817472171608e-05,-0.000120402892154362,0.000522859336754582,0.000754062859416739,0.000496108625338625,0.00139297017919404,-0.000932217199945146
678,-0.0193575115217831,0.00329572819303835,0.00230056649668369,0.00623810764942833,0.00334083789878174,0.00162215458651356,-0.0268148273620583,0.0162473076222478,0.0235947921825331,0.0251052992904714,-0.0280896895336459,-0.0172324425844337
679,-0.0215697447742327,0.00758148478725201,0.00262062709018207,-0.0340851995284024,-0.0143046135754085,0.00657930625938589,0.0248870399339457,0.00555037110071189,0.00955814063566887,0.0081649058806768,-0.0548322118294212,-0.0135407216695576
680,-0.0146926239041612,0.00600190777531273,0.0219368524141354,-0.0128116149097034,0.0119481520805907,0.00910751273962628,0.030645813733028,-0.012303893545239,0.0084925471429624,-0.0200800768122556,0.0356420816850715,-0.00420653663065905
681,-0.00775918552600595,0.0067420644436867,0.0307381496051496,-0.000221977099264584,-0.00623146292291731,-0.00492420852517635,0.00354197264012474,-0.0104529971764818,-0.0155627251799482,-0.000898932742942944,0.00209929278962847,0.00154428821829846
682,-0.0102233152582783,0.00423954441733857,0.0249881644889322,-0.0156928651053581,0.0165444101870554,0.00497307165298414,-0.000540493634697574,-0.00278306634307623,-0.00623775919168723,-0.00344294048438903,0.0144391764635298,0.000243852200161101
683,-0.000577690252988525,-0.00320796456531711,-0.00153783556839523,-0.00512511805550439,-0.00203974281799929,0.00188613051817688,-0.0019123047217662,-0.00135230222893836,0.00126776887674544,-0.00420127702397371,-0.000138558846522378,0.000232292510766624
684,-0.0189938453260958,-0.0227683222344467,-0.00842992298406348,0.0300180717906329,-0.0200826569370558,-0.0189762120747694,0.0111656443302574,0.0174891806987528,0.0133485115621714,-0.0113317602769069,0.0267780671046972,0.0014459644328994
685,-0.0127903023319779,-0.0224389138460367,0.0161492594913716,-0.0202159609019256,-0.0127052563088128,0.0053008010628656,-0.0120642447160385,0.00744990244983209,0.00910794938603322,-0.0153516286785996,-0.00812898852454716,0.0215923881154991
686,-0.00778765291332931,-0.00738287210116796,0.0171802105256765,0.0193383737385045,-0.00967983045131411,-0.00190140611209666,-0.00503175141410001,-0.00783838163488865,0.00195702150332383,-0.000561228489065335,0.0125521855013354,0.00688061601265341
688,-0.00960486124216417,-0.00830684607326004,0.0182859759646805,0.0176871318384418,-0.00318636232304991,0.00536196865049954,-0.00104996075942711,-0.00700275027164524,-0.00358676499459451,-0.000899522350112683,-0.00233113847430643,0.0132562665918226
689,-0.0152998105113159,0.0158424916369405,0.0244736797955326,-0.000530299213157719,-0.0027061015731939,-0.0149670624047382,0.00183346199389777,0.00413178504172592,-0.0110574313492501,0.00410142188822717,-0.000815425807714219,-0.00802014448163486
690,-0.0293105697312415,-0.00216162308992627,-0.0307204513793627,-0.00914609836840079,-0.00294935308378769,0.00580443420746227,0.0547331843713344,0.0300251848247439,0.00499655489744192,-0.0244103508570708,0.0232158931993235,-0.0176000279613102
691,-0.0107636675610199,-0.0303066331270048,0.000819845195676835,0.00379396753501979,0.00186075073171286,0.00761548558518054,0.00683207264968405,0.000908470103515629,-0.00310186458570987,0.00338720014532627,0.00606818981616249,0.00103986786773319
692,-0.0178586721347775,0.0192265646791355,0.0126384271852491,0.0228146321570345,-0.0172812981927166,0.0242922742277352,0.00409073774586085,-0.0238774331882167,0.029842971612033,0.00402754827827815,-0.0161667976770081,-0.0135085539925816
693,-0.0116912686303061,0.00236800778597267,0.0225258188028513,0.00454617174448545,-0.0217357856013579,-0.00711526804068144,0.0166043207278126,0.00395469855727169,-0.0157404589900272,-0.00928381354368691,0.0134764118383702,0.000750953950143845
694,-0.00262715539066482,-0.00325479967054499,0.00938506988827801,-0.0014293991645886,-0.00484272077782781,0.00165331440804204,-0.0088808055162093,-0.00461962942611343,-0.00249932463958627,-0.00838291521141224,0.000798727445798435,0.00443425783259799
695,-0.0200041471647525,-0.0200531653547662,0.00240832859090603,-0.0205336078004918,-0.0126762210954244,0.00410025052197097,0.0247722631360048,0.0307619106485662,0.00743089785712514,-0.00185586617025743,-0.0104204427699994,-0.00624679616336399
696,-0.00235293016095838,-0.00921037690235212,0.00288288085967542,0.00747436381876148,-0.00594359170154795,0.00983744824590706,-0.000741972272820509,0.0111719071638879,-0.0118191286087773,-0.0132591985724218,0.0124991101128281,-0.0219152269335253
697,-0.0002735687375414,-0.000914326313034238,0.000596016807063707,0.000699432725913513,-0.00125727839320302,0.0015060513676905,-0.000583872712648194,0.00254654834028595,-0.00193131983519764,-0.00258256107974787,0.00242221218510372,-0.00398193125721575
698,-0.011281189514728,-0.00818261525361368,0.019141452801221,-0.000737000583669157,-0.000981136172090048,-0.00461318213339478,-0.0144885930883239,0.00904365852876654,-0.00349043759106627,-0.00336730543361873,0.0045559786930166,-0.00574976235080955
699,-0.00324349245697988,0.0011200484582873,0.0149464470274165,0.00457669898026416,-0.00619022175619148,0.00218729472382143,-0.00279324592636589,-3.96555001304176e-05,-0.0050555322654693,-0.00169877583592711,0.00470142637289014,0.0013479622992951
700,-0.0250552449743818,0.0383713198758478,-0.00368042068729617,-0.00724814147241165,0.000426628537098212,0.00443644899971388,-0.0295084311119467,0.0379641956290026,-0.0308373150827713,-0.0307816544056946,-0.000240260106579198,0.00352265642319626
701,-0.00234616289008169,-0.00157729343213637,0.00972155072621591,-3.37155533085951e-05,-0.0064189508744237,0.0082431668226364,0.00570266473679213,0.00553028422641129,-0.00905880702710045,0.00309745419524587,0.00107967501624172,0.00642882392118264
702,-0.0142148588186462,-0.0122048815017143,0.0102981169407179,0.0373853594652526,-0.0116092453381175,0.0163762633308145,0.0262606826005377,-0.0242573276462636,0.0286303581937951,-0.00803810746713862,0.003709041763143,-0.0145042176757292
703,-0.0213819586528635,0.0355881583405579,-0.000247861345439319,-0.0086488254730115,0.0134236242738232,0.0343136120333908,-0.0330987328030707,0.000529180789047837,-0.0122145554300893,0.0057611001454695,-0.00738040931229275,0.00508896035555494
704,-0.0116545126785937,0.0163425337738698,0.013091328316385,0.0220456423642014,0.00461910060665689,-0.0040284280899744,0.0165519047816793,0.0176402447556516,0.000313263406043665,0.00745781312543689,-0.00628665204216229,-0.0274855101087053
705,-0.0242179510870655,0.0122023790440256,-0.00836620123039396,0.0335538052270578,-0.0181257415890657,0.00157270000377128,0.0408884313114794,0.0487367510773081,0.0322811053526376,-0.00896218812109712,0.0332258765398392,-0.0136649952244019
706,-0.0116029853428798,0.016498096547088,0.0271786820950386,0.0190274988137163,-0.00347095742149382,-0.00623009174896821,-0.0228683798636948,-0.0233392607109503,0.00721114730390885,0.0168006039711576,-0.00327703802211257,-0.0271549136082005
707,-0.0111803083208027,0.0141770264933585,0.026949588372793,-0.000999894579049053,-0.00439417727025565,-0.00788223246894912,0.0119071952028363,0.00780801263514345,-0.0234132171884979,0.0317204099811426,-0.0124268267311088,0.000878092453826046
708,-0.00100038239178167,-0.00279140329634495,0.00338847553271569,0.00195496970040748,0.00062168524603102,0.0032655744131141,-0.00160109786841532,-0.0029887675928775,-0.0047413751395755,-0.00457159653036523,-0.000431159441421472,-0.000125048754963494
709,-0.0312076453482408,0.00435133964122524,-0.0336247865365218,-0.00725787411791219,-0.00357867738825619,0.00534070872143886,0.0545628290866233,0.0217307726344178,-0.000376127599780121,-0.00246789400251639,0.0254670352402333,-0.0145118531310406
710,-0.0112540934156627,-0.0311639530011518,0.00276402561774564,0.0151486900065265,0.0142014588549132,0.0199539770103277,-0.00400191482438992,0.00624879448201475,-0.0167141526842412,-0.00672914148121049,0.00137095952875759,0.00838071966452697
711,-0.00760212736076642,0.00754753405471744,0.0248685084809698,0.00209012895478473,-0.00439126862821809,0.000351076562143828,0.0196845888551875,-0.00446794844643039,-0.015211231210668,0.00531992760092611,0.00332208157507553,-0.00894192505126191
712,-0.0195663217588291,0.0171590124773074,0.0042463323725441,0.0175504528999377,0.00449502914353477,0.017617801612272,-0.00102563576810948,0.0252164633401354,0.0153124409894047,-0.0158300772404143,-0.0469108594290139,-0.0412519021417626
713,-0.000960770562915332,-0.00125105175193262,0.000458473519093044,0.00265528894154413,0.00286299523545771,0.00650454330513248,-0.00646071585248592,0.00269987810217326,-0.00544741380271001,-0.000133239099451258,0.00489863992437397,0.00664402844144458
714,-0.0310750670566912,-0.00382353589892269,-0.0446410500431827,0.0270776674161011,0.00569063987340431,0.0098787790066329,0.00334176221836461,0.020947027499777,-0.00491261236080897,0.0331551173417103,0.00428109450995396,-0.0140092211085295
715,-0.00559267073877984,-0.0187320730950766,0.0122157843753391,0.00627767702391437,0.000105529800624893,0.0119389897079208,0.00477589750938291,-0.00044544615645584,-0.0227968847306712,-0.0126732136254396,0.0119396425634772,0.00665574876702925
716,-0.00950550047094133,-0.0171871826456339,0.0174586542149889,-0.0149598536928701,-0.00622490413518184,0.0107592906363413,-0.00327131554173553,0.00120926802935763,0.00834393998367913,-0.000669482538003824,-0.0156006452780813,0.0146792282190076
717,-0.00388963523534191,0.00222624554101259,0.0180479224243967,-0.00966081565030238,0.00197109815855099,0.011213802560933,0.00866462131677508,-0.0101966736472917,0.000781316549869326,0.000189425224620765,-0.00103395953522513,0.00276701015733539
718,-0.00404006553768118,-0.0101930274351198,0.00969744434914209,0.00638034010252923,0.00982411702712623,0.0152943845209952,-0.00666680054418124,0.00836421204315374,-0.00791626792490939,5.78992175894425e-05,0.00703268647676678,0.0185183890928649
719,-0.00110340372995914,-0.00584601942964097,-0.000812994549583138,0.000432967672945631,-0.00901654317601206,0.00184789313464065,0.000468382637190184,0.00344502886924611,-0.00942822990467825,-0.00841743908046154,0.00484664971149256,0.00941322794533057
720,-0.00228672064227682,-0.00482016709194388,0.00332585858093731,0.00285002398078105,-0.00268237557202277,-0.00252631428324286,0.00396171235434008,0.00523262788823499,0.00118190002372779,-0.00146066973988436,0.00204797024898532,0.000132715465674632
721,-0.0010942749501656,-0.00365730525213695,0.00238406722825483,0.00279773090365405,-0.00502911357281208,0.00602420547076201,-0.00233549085059278,0.0101861933611438,-0.00772527934079054,-0.0103302443189915,0.00968884874041488,-0.015927725028863
722,-0.0145867533500989,-0.0395144801848834,-0.0121172004814785,-0.00263243252897482,-0.00796787000857041,0.0022261029761591,0.00175704211761002,0.0153293632036722,-0.00141880939478367,-0.0186034864545816,-0.00941208807151313,-0.00542478386788668
723,-0.0102927886246005,-0.0168427011481931,0.00981957400144155,0.00939837975892365,0.00221054029341868,-0.00930317632557374,-0.0190847128147402,0.0155882989898902,-0.0174795599817619,0.00468563188418601,0.0173251379214793,0.006573871521768
724,-0.0138464382851944,0.00820333637841926,0.0215584352420019,-0.00288720637796199,0.013104524055114,0.000353378663965311,0.0205416210796332,0.0315983149668731,-0.00122377517217061,0.00690471402429378,-0.00226377687904444,0.00390966483230456
725,-0.0122852954120224,0.0152597815900079,0.0193928323187412,-0.00376706087795742,-0.00686942018829902,-0.0056288452103519,-0.0108789348720386,0.0170144086325906,-8.40201881386089e-05,0.0097960435999763,-0.00689653088396397,0.00257362489684987
727,-0.012428969575903,-0.0191605356987651,0.015654786112382,-0.0122847062474549,-0.0214545772678654,-0.00544430453509383,-0.00196178269730145,0.00358563584142356,-0.00271387661351472,0.00107949119267094,-0.00877569511182842,-0.00363501983019447
728,-0.0129158890844765,0.0170526838343469,0.0280364941377919,-0.0204065151163823,-0.000880766232547056,0.000217634761803225,0.00501182537236635,-0.00358849736002463,0.00509507187606229,-0.000588280887998342,0.000450395124510581,-0.0171368572443175
729,-0.0134324240565543,-0.0236905950273157,0.0178730148941013,-0.000213739845407892,-0.0202003161358463,0.00338493032105635,0.00944369238719204,-0.00592614812468494,-0.00283746741831994,-0.0226732810415297,0.00630816723781346,-0.00514939487392671
730,-0.00623219208722713,-0.0122153922331837,0.0172112908825052,-0.00762590337220263,-0.00942174981721219,0.00718415088310064,-0.00909502156053271,0.00307161289360238,0.0035463588656165,-0.00879403436827283,0.00308816782842141,0.0144230898480256
731,-0.00583864471374809,-0.0165388584117197,0.011164255220626,0.000408301131877687,-0.00609979797412955,-0.00157996638967135,-0.00210787766773492,-0.00913908798269903,-0.00602797730854581,-0.00152896535253375,-0.00300585060133407,0.00257556442205842
732,-0.00645751863448277,-0.0119258106975133,-0.000123957676194779,-0.00304950219749806,0.0129671020454385,-0.00276803690115912,0.00588640555840106,0.0177903590575694,-0.0141388970479371,0.00150465541354086,-0.00502128802075307,0.0135940682354084
734,-0.00519794085049689,-0.0132190683110015,0.0117977210061683,0.0135888356921965,0.00287585666934395,0.00954176301697879,-0.00479337206299272,-0.00575924508376998,-0.00671694041733987,-0.00788378979672997,-0.00683723299092077,0.0028977855776387
735,-0.00229446181875969,-0.00863326297643246,0.00638451622455499,0.00108180587712502,-0.00581643748006443,0.00613420179178592,0.00317060130895587,0.00126093905202914,-0.00512186485429064,-0.00401967850253635,-0.00471930132565838,0.0043765742452985
736,-0.0261201504282307,-0.000451638339053428,-0.0271706702790301,0.0154698935571143,-0.0374671243093364,-0.016434992444014,-0.00319218401389831,-0.00022005871089922,0.0187239583986892,0.0021252840703267,0.0245507310071275,-0.0151841451195418
737,-0.0100859953710009,-0.00313687228025323,0.0211759212822929,-0.0117641339618317,-0.00577582894214431,0.00877947231959493,-0.00195435143698195,0.00269344050755852,8.95046145697136e-05,0.00102285603609143,0.000915633596633484,0.0124574613712947
738,-0.0247631221768151,0.0444589336773408,-0.00890854813343808,-0.00624405461686811,0.0157878670959782,0.0444866307138455,-0.0263336824203023,0.0245572568586371,-0.0246992050651214,-0.0039501134828173,-0.019735974337659,0.030569595938513
739,-0.0154786642047859,-0.0150205368387913,0.0166739236236672,-0.0197962714745498,-0.0123597339887699,-0.01116933333111,-0.0114045555858726,0.015371684277363,0.00554858903202957,-0.0017371127836057,-0.00646930149744621,0.00127274158556096
740,-0.0126887756678358,0.00797590673963385,0.0275151701084428,0.00955396908370887,-0.00667183501367355,-0.0145235075038175,-0.0225150392619573,0.00118612703047769,0.00496505853302976,0.0145118063496061,0.00306308688591874,-0.0102969814252236
741,-0.0189949938639936,0.00799152677111166,0.00971052012205756,-0.0220719892882817,0.00937707829629143,0.0155184721815993,0.0278993572421545,0.00169939556479969,0.00304214803538105,-0.0408829719711854,0.041198644786813,-0.0301352920506853
742,-0.0154594551639673,0.0100593846921611,0.0158041684153894,0.0142420977729472,-0.0288962961447261,-0.025185239871491,0.0171433346685102,-0.0264305826788396,-0.0196623425368858,-0.00360090879723789,-0.00749712462350136,-0.0344685608465484
743,-0.0241533678367538,0.0208617941692015,-0.0236637593415503,0.0285632517138148,-0.0317855996009002,-0.0110241841499103,-0.00119684509623513,-0.0345810700953943,-0.0363168833400935,0.0448409385442433,0.0252665195200486,-0.0434394802492683
744,-0.0180755271452981,0.0257961847450304,0.0192740340187685,0.00103623191695857,0.0146585228476506,-0.0101693730126169,-0.0148355123836519,0.044154537139659,-0.011801759893333,-0.00178975557068268,-0.0360064187449332,-0.0169802370235484
745,-0.00239888591433656,-0.00809378008531918,0.00383061655759072,0.00233031093215134,-0.00859041621306741,-0.000445628225417661,0.00241588766743209,0.00101603696439026,-0.00634590966006684,-0.00629645932404119,-0.00999082590780669,-0.00216052732889879
746,-0.0213624403240295,0.0269686870828243,-0.0077624779363637,0.00203699787115967,-0.0077607181477213,0.00333724692124519,0.00528844741370291,-0.0379596760150482,-0.0319932261252909,-0.00972382443472112,-0.0197787763901591,-0.0325025238472526
747,-0.00101621550056002,-0.000508749017823865,0.000431696920480598,-0.000731789444619481,-0.00155314517154332,0.00168713698467558,0.00482831152710162,0.00151829588056697,-0.00530416505494371,0.00319911731865957,0.0139781357273751,0.00933943489476476
748,-0.000368949588003154,0.00271530187866222,0.0015329626283259,-0.000688801706302534,0.00100902156402218,-0.000425977248624971,0.000453002530251643,0.00212837625601902,0.00178692424309302,0.00385108323651085,0.00330956580635233,0.00125229959828146
749,-0.0010728369452937,-0.0032446762197768,-0.000481704465404783,-0.00025535534200916,-0.00299763187529844,0.00253308397158595,-0.00851491747756541,0.00366784548633087,-0.00022677254334135,-0.00396913210213931,-0.00123117928310126,-0.00215745069106467
750,-0.00131623775015658,-0.00472221030689475,0.00508966217202726,0.00434595082887238,-0.00335754797353206,0.00465764566155752,-0.00119582226754192,-0.00462267561367104,-0.0063243525765218,0.00016886123295304,0.00302660345169761,-0.000437923637887671
751,-0.00283740443841523,-0.0120127053703438,0.00226557431411306,0.0017436229565443,0.00219367716311298,0.00683632641213137,-0.00582622813987324,0.00639430634482116,-0.00247352604716991,-0.00261292314796826,-0.000752428013291089,-0.00046850812157941
752,-0.000576039550963152,-0.000108226681030246,0.00225684133425221,-0.000678642807484057,-0.000394329378455048,0.000853611503189966,-0.000232365869727142,0.00273645001459603,-0.00717646459525581,-0.00196675637868442,0.00420543745140934,0.00586140258361419
753,-0.014080867192838,0.0180300649977327,0.0286884098924237,0.00416111290543321,-0.00015917042036103,0.00126798241215607,-0.0203279422738182,0.0137143587639376,0.00486262884907145,0.000739485572730192,-0.0113954832682202,-0.0301035719859958
754,-0.0194691881007779,0.020200905796542,0.0102205194836507,0.0246615164859301,-0.0108461543866228,0.00748412703138672,0.0190853958874341,0.00423401004645293,-0.00429816862251059,-0.0101723551069569,-0.00850128437954765,-0.0204923241041353
755,-0.0273185604675282,-0.0103205762414423,-0.0300191099381323,-0.0072492090995216,-0.00439323703990029,-0.000456048087387502,-0.00940056560805046,0.0274685845709356,-0.0132263990084635,0.0148746788416317,-0.0228804911563472,-0.0253512773070329
756,-0.0145941504370715,-0.00428692263922103,0.0231091834271402,-0.0150221941041982,-0.00204413607096644,0.0242266900317237,0.0394398789708795,0.0133335956597972,-0.00698045400825302,0.00161605534352754,-0.00351191041125746,-0.0326426619676485
757,-0.0211950032164659,0.0142328397499203,0.00867197536430806,-0.0309159489020091,0.00836221394319391,-0.0261154068932357,-0.0176559162600461,0.0108485626187161,0.0120186309289143,-0.00575452567732804,0.00727014470406237,-0.00690346966172447
758,-0.0133139426218259,-0.0253784462524428,0.0165883878720326,-0.0123498225910052,-0.0194763295509068,0.0098800093552391,-0.00023175964774798,0.00168224091769915,0.000603045688195783,-0.0165281989641277,-0.0187032646295078,0.00990046790461091
759,-0.0174994087286729,0.0123716361451248,0.0109889456467544,-0.00293194279117034,-0.0242406118251603,0.00383990407456977,-0.0139724033025713,-0.0116843099794575,-0.00606042855829982,0.00220166073281025,-0.000154554012055035,0.0131173522572558
760,-0.0210665555950867,0.0211279963035303,0.0162622247133958,-0.0318134608925286,-0.00580145169840976,-0.0244793966703107,-0.0232873905055359,-0.00829554004474431,-0.00888803057443079,0.00137200957542716,0.00398602437893171,-0.0189193302791444
761,-0.0118029421329784,-0.0185623085568082,0.0162684932454609,0.00102933042326054,-0.00950462485771172,-0.00571701804877152,-0.00362616785284997,-0.00663061357842406,0.00533769096966169,-0.00069209658139505,0.00571461163137284,-0.00538688529764911
762,-0.00521611319111345,-0.0155475857869312,0.00436586161036765,0.000144760073814026,0.00198633117125928,0.00973780656470388,-0.00140504682138555,0.00116307615720537,-0.00849262152668884,-0.00881962755307463,-0.00489181020089662,0.00970481187257558
763,-0.0103754528001436,0.00956176070522717,0.0300774212682622,-0.0182382803145486,0.0203872262638998,0.0223550050172624,0.00255276851651499,-0.00299017115930275,-0.00591446768532844,-0.00154555244954879,0.0138277760545632,0.00163961975954221
764,-0.0113894276683813,0.0164027350932058,0.0269083520769488,0.00435097739720647,-0.00663120682358276,0.00140850565249333,-0.00973369231321152,0.0161748106525738,-0.00552475843986705,-0.00503353399345732,0.0023759878536212,0.00917074193544213
765,-0.00732604863022865,0.0080104722074053,0.0153028766367716,-0.000833396596161835,0.00327756036437291,-0.00312415388527789,0.00519585641683443,0.00181016283144228,-0.0112852268258037,0.00320568184784538,0.010620811601318,0.000439178018118915
766,-0.00451427198320241,-0.0114221758994565,0.00662849473566458,0.0064694384431182,-0.00342974782844325,0.00215982247909101,-0.00770652343980664,0.00731727934651784,-0.00142617302921403,0.000330140326418235,-0.000856455255584039,0.0054488951790508
767,-0.00925981998056152,-0.00172820601734908,0.026071057375046,-0.00858083053945479,-0.00346756845850011,0.00748396309582718,0.00375469047937796,-0.00222528737391454,-0.0180491807826812,-0.00133954355392075,0.00743773741270372,0.000396164599391379
769,-0.00223312503384687,0.00331864290886919,0.00998512909814001,0.0004604218385463,0.00038525979997312,0.000746479499466591,-0.00563490090620457,-0.00370735052012396,0.00142077615330163,-0.00137972132735067,-0.000281581694656386,-0.00912314360221538
770,-0.0130767219329266,-0.00182258019042839,0.0181159261298752,0.00341868206737807,-0.0151180560240268,0.0071391967011372,0.0349531333193767,-0.0160047690442857,-0.00987267841772777,-0.0154850967863467,-0.0060045795741272,-0.0254811540215449
771,-0.00148694420842498,-0.00557614889115202,-0.000969564698204505,-0.00056543191557971,0.00639289732170285,-0.00276394673660416,-0.00201076159946982,0.00179423389631972,0.00457192821738803,0.00922404671563135,-0.00134008334079501,-0.00022145336850795
772,-0.000817374568874755,-0.0025987696552407,0.000419511188410296,-0.00164770412954863,-0.00275903259246694,0.000561629698577022,0.00141540720148651,-0.000377093663676105,-0.0014756869809241,-0.0017597691853594,-0.00064022146803103,6.94538898747298e-05
773,-0.00171920987619614,-0.008507781093495,-2.23990586770441e-05,0.00409902682516405,-0.00485100079564773,-0.0014334634289447,-0.00336338500836946,-0.00358473693761588,-0.00864986557517202,0.000796344394591909,0.00176586625848679,-0.000412074285684381
774,-0.00953151317301986,-0.0358977724844145,-0.00411935509292433,0.00967539899641363,-0.00919212100266005,0.00781720593324681,0.00363602171799111,0.00544887418389537,-0.000165939465217927,0.000253808469225435,0.000478874807119276,-0.00350755915799885
776,-0.000718516925184993,-0.00328194879564529,0.0014455035983086,0.0032724287503598,-0.000748654552399967,0.00262645836958783,-0.00349625479635087,-0.000694296251866155,-0.00192356310949932,0.000513964136405338,0.00199195913884497,0.000800497532277106
777,-0.013027730405554,-0.00281827760810592,0.0254586114153964,-0.0100107712260291,0.0167032477082137,0.000272482478001145,0.00409952872656735,-0.000537286036862586,-0.00478657257402611,-0.0126114816036988,0.0196847678810418,-0.00911100796902077
778,-0.0121215343554171,0.00122662990173455,0.0163862386501828,0.0035518766238727,-0.00446382549701676,0.00405042190707773,0.0230152825588577,0.00238579461780213,-0.00996289472555457,0.0216346622053194,-0.00656715487470648,0.00593784576878568
779,-0.0163293259953413,0.0100576890242117,0.0190334356921929,-0.0297449662746609,0.00953180102167925,0.015447702694586,0.0177025523853146,-0.00535897194571282,0.018790128682441,0.0229630122123632,-0.013901611672382,-0.0185806864704487
780,-0.00878891789499813,-0.0192266853943404,0.0132116584224332,-0.0142595983234912,-0.0240222806161324,0.011588664610481,-0.00228055176284693,-0.00999991424599,0.012927996365701,-0.00783269198545964,-0.00836436002247266,-0.00375828679700604
781,-0.022456769675703,0.0259127492146005,0.00308560390878934,-0.0155742339313835,-0.0016552172728437,-0.0202235721602113,-0.0341740941717353,0.00101708566297063,0.00647489635444836,-0.0102256869369817,0.0021380235124126,-0.00651160253563054
782,-0.00925863850859987,0.00721953860415246,0.0240109412879283,0.0005199872889349,-0.018850286854385,-0.0115969295932003,0.00793531222132969,-0.00269834016664221,-0.0177765814322924,0.0118503513093405,0.00263953496209238,0.00668826944364294
783,-0.000253088969283075,-0.00103041736541812,0.000229352635786838,0.000711400454449903,-0.00040492492236071,6.00817472171608e-05,-0.000120402892154362,0.000522859336754582,0.000754062859416739,0.000496108625338625,0.00139297017919404,-0.000932217199945146
784,-0.0163185162674165,0.00927000818450865,0.0176102230896501,0.00300360805691796,0.00463030412062724,-0.00423618150277526,-0.00381553323345746,0.0119332950099159,0.00201594833329396,0.00145535559008739,-1.04202629010724e-05,-0.00284679923338472
785,-0.0144988696183729,0.0206459911698509,0.0220122219703429,-0.00994696175604518,0.00955994873419944,0.00134443038488157,-0.0196005203993616,0.0275483214025408,0.0055057550019356,0.0116146994833031,-0.00115023439630515,-0.0179820694709553
786,-0.0208291319684281,0.00252240060421819,0.00356483165427195,-0.0337469695822823,-0.00935364314311241,0.00415772699601253,0.043174563026237,-0.00251519897091588,-0.0103463763451204,-0.000264881504899452,-0.00963655310926137,-0.0361554201024576
787,-0.0234389407902539,-0.00435629863391115,-0.00766173355817734,-0.0517561825295817,-0.00285676173285364,-0.00500703873890509,0.0229326080411003,0.0179943790198508,0.011577888155377,-0.0124225723800339,-0.0109281767186315,-0.0351981130564072
788,-0.0116057605929206,0.0192009412186423,0.0158191840972638,0.00438961965932515,-0.00223064805594742,0.000817543884160708,-0.0085076405707748,0.0134088263434104,0.024243470730923,0.0215196846640534,0.00852413256482228,0.0201681121730532
789,-0.00825165872034495,0.00925910672234583,0.0313131708511282,-0.00661102846255714,-0.00474106811311087,0.0101249230832018,0.0173684384385569,-0.00419231057563375,-0.0142603084511357,-0.000285035851670634,-0.00260395004143581,0.00161268071820886
790,-0.00923197648805492,-0.0240629293870586,0.0138183182935672,0.0195828555609006,0.00446913633975724,0.0272262405889726,0.00149616119574334,-0.00368024514381383,0.00255359253411384,-0.00304776918554104,-0.000141699040781913,-0.00812255066665177
791,-0.012055892741697,0.0162611908363719,0.0221524190761692,0.0287185130807662,-0.013546769069572,0.00408181291780648,0.00892343448113831,-0.0222059047544186,0.0136847943392645,0.0140567287984353,-0.00554551284184036,-0.0154364344052813
792,-0.000256353734594296,-0.000377384235973742,0.000409991604102713,0.000319028115576702,0.000889232074551711,-1.5971861837815e-05,-0.00145460933124318,0.0009299758067231,-0.00188014312474855,-0.00130534977408158,-0.00171099014609177,0.000996621392206081
793,-0.00417539422363615,-0.00875292657926413,0.0122558088480167,-0.00134209822935583,-0.00132940057157771,0.00929589881360539,-0.0047877347699813,-0.00301913340237767,0.000530189859939438,-0.00134482698298071,-0.0031513159346104,0.00739209324590857
794,-0.0115354399423947,-0.0314891616546398,0.00770987456073442,-0.00674552695235123,-0.0232857330013357,-0.00202127789056012,-0.00866483557738079,0.0123155492997786,-0.0100124367289482,-0.00566270999666791,-0.00623512510747082,0.012111399310375
795,-0.00283626413331034,-0.00303696881083795,0.0105207878650755,0.0023782530416452,0.00208754238030593,0.00289640849962036,-0.00553206176515894,9.92196285804927e-06,-0.0112966479723265,-0.00375523678553444,-0.00270114682303622,0.00280429544738369
796,-0.0178061793707557,-0.00367867889475094,0.0154749878524182,-0.0276147090219273,0.00764402173135157,-0.0227042700984466,-0.0235480135028399,0.00372709956312778,0.0180021415999747,-0.00859979130644004,0.00415100352230449,0.00786490603423269
797,-0.014405586316578,0.0197577539448383,0.0202167181723598,0.0247814895794481,0.0014536640520292,0.0200287352930859,0.00778411342732908,0.0379739511269864,0.0130434135396827,0.035363681057482,-0.0181900154805104,-0.0078611878212534
798,-0.0102997479116947,-0.0324533664970609,0.00416195176262003,0.00395523135692762,-0.0199373356751068,0.0028612015859752,-0.00474928845659919,0.000956563833692017,-0.00969737229972644,-0.0199302471184563,-0.000400793528622843,0.0108314357425783
799,-0.0156859077159433,-0.0174480621579034,0.00958778533835314,-0.00692255552768904,-0.0287611033323637,-0.0226653977902702,0.00123758432227325,0.00407968257691865,0.0102158109824661,0.00223459002962378,0.0083773855523119,0.0146751720314776
800,-0.0214195395044759,0.0202973232387759,-0.000950936003939211,-0.0163464731441248,-0.00626143157842136,-0.0219233598899948,-0.00997625788892192,-0.000637131201177381,-0.0188700974809194,-0.00434318002046372,-0.0221826435106397,-0.0201483626885991
801,-0.00274541071700925,-0.0065757482256591,0.00658836306708813,0.00414375260954514,0.00143231270419133,-0.000161244876592428,-0.00499763710317049,-0.00131049209077617,-0.00387023966701789,-0.00065859169099807,-0.00205805927436232,-0.00442000739571854
802,-0.0049264695804159,-0.0194692377207187,0.00899911538755696,0.00498908181458784,-0.00596699916421407,0.0119587674089148,-0.00345950399677922,-0.0005089242748299,-0.00504539117246034,-0.00704133166211771,0.00312242942859005,-0.00143592563686676
803,-0.0336909392539912,0.0107139031941371,-0.049390504814905,0.0197905386803654,-0.00195140366858719,0.00244483348481549,-0.0454927473227456,-0.0398915750717495,-0.0375738673893228,-0.00629704912217133,0.0528841220557883,0.0156891819126832
804,-0.000576039550963152,-0.000108226681030246,0.00225684133425221,-0.000678642807484057,-0.000394329378455048,0.000853611503189966,-0.000232365869727142,0.00273645001459603,-0.00717646459525581,-0.00196675637868442,0.00420543745140934,0.00586140258361419
805,-0.00585899903198043,-0.0111786151587948,0.0164561215377227,0.00373944466593394,-0.00375944250555661,0.00520724898316481,0.000936058120167682,-0.000796831922937697,-0.00915173661385943,-0.00774044050469654,0.00344105511594343,0.00597964754750929
806,-0.0201254445620266,0.0132181634917629,0.00698656042689026,0.0228239118550898,-0.00277014866280535,-0.014085788740552,0.027029950188851,0.0599204442324317,-0.0337493622269267,-0.00753879215433395,0.000559192367076065,-0.0158889591147777
807,-0.0109380887687856,-0.0260918195537856,0.0163646959425267,-0.00906149625205935,-0.013285806063866,0.00640259304843279,0.000667775843835614,0.00097436311898778,0.00381211193592318,-0.00565939433492138,-0.00532832403773622,0.000805210318692955
808,-0.00437646558042774,-0.0150853548689108,0.00261291787836564,-0.0027584135831666,-0.00862377712126931,0.0180541522781698,0.0139461670015052,0.00341046018019758,-0.00652944636802503,-0.00718578342610097,-0.00148712815493606,0.00660156156420029
809,-0.00559125951296214,-0.0221809654463226,0.00486030161362891,0.00455990746327937,-0.00780371767629396,0.00918413569817413,0.011161939747882,0.000625051514803175,-0.0216350462101133,-0.00167926332653328,0.00484978763846945,0.00828865770727826
811,-0.0258481749079717,0.000267166593481655,-0.0184687294791532,0.00431839003622921,-0.0140862182360645,-0.00227365490230614,-0.0253714883019138,0.0184801760337693,0.0101331074308706,-0.00330651017283836,-0.0422118063727656,-0.0392040254934403
812,-0.00484973155793051,0.00945446875678863,0.0219754854779592,0.00169417914363508,-0.00542416906890025,-0.000742120656654087,0.00687874095857877,-0.00677685160719047,-0.0111737580938185,0.00792328014883946,0.00360317191555973,-0.00242827197769122
813,-0.000456565129747841,0.000998309566462041,0.000994847151060024,0.000910705219196608,0.00320986680747322,0.000687385740639488,-0.00376014780407518,0.0022657697292021,0.000693714213971559,0.00450440692508636,0.00220387244219382,2.44351079344522e-05
814,-0.0114665130366043,-0.0152595381603981,0.0158890250170608,-0.0063472091401123,-0.0129261381705646,0.00261587390565332,-0.00696913351310467,0.00523218381081923,-0.00334654311793955,0.00253204811201917,-0.00206903782187649,0.0103382135305845
815,-0.0076068556502186,0.00562910730813106,0.0272789329555364,-0.00334026011187628,0.0049810287209337,-0.00326047084004031,0.00571159765503814,-0.00395969612934348,-0.017016583614797,0.00275184682725474,0.00654703933992952,-0.00571452504649386
816,-0.000278169005652355,-0.00223676954722821,-0.00173415977222879,0.000851326309027453,0.00103897050326648,0.000770931025833887,0.000397512459607549,0.000948875892393879,-0.000337914567929232,-0.00138978335893742,0.00175430101151874,0.00127840389701515
817,-0.00347371753238184,-0.00118938710153915,0.0125216626408124,0.00439076606113625,-0.0067101014499574,0.00256458663082495,-0.0152521031692556,-0.00181459822174564,-0.00126647899062836,-0.00147353545706415,0.00591054112649059,0.00649389685066303
818,-0.0114538335052682,0.00729601229029155,0.0303687374859638,-0.00825055276763042,-0.0203245445199643,-0.00589681399417438,-0.00295134437620402,0.00270899965340795,-0.0199618987054923,-0.0199546103432396,0.00188027407382976,-0.00751468685165171
819,-0.00679328538588886,0.00249897342323925,0.0150689335422747,0.0193299456487702,-0.00551508909185421,-0.00121380362675268,0.00275888862476286,0.0209752460201989,-0.0170483537577718,-0.000274857264398435,0.00621112620769495,-0.00240213164835111
820,-0.00744833227014038,-0.018959874820606,0.0113971112402228,-0.00404150426130639,-0.0265358467636993,-0.00385160156532598,-0.00077624358458099,-0.00496734006508162,0.00406422500202618,-0.0091652643197424,-0.0016370426268062,0.0161458251499695
821,-0.00103157059068331,-0.00387880338073144,0.00302171059349904,-0.00178058636918608,-0.00103604405199403,0.00336432082629738,-0.00315106595614244,-0.000854978224297017,-0.00723918301963542,-0.00704886919741263,-0.0029797652599263,0.00380534492864872
822,-0.0143673584027268,0.0139662467335632,0.0250749652900998,0.019364065673577,-0.00455119678965742,0.0213297017257466,-0.00857218627597323,-0.0190802094949587,0.0215048788028706,-0.014503114864214,-0.0249320276064809,-0.00920395410975484
823,-0.0121527903328823,0.00819312365766111,0.0140504898799612,0.0305463555337085,0.000718528492728386,0.0046293864839346,-0.0103775881606322,0.0138188371936039,0.0413720997905599,0.0176065266734226,0.00842251387508798,-0.0213533436081229
824,-0.0102472349857069,0.00957837287666534,0.0309511959635228,-0.0128987843653246,0.00705019899329433,0.00704047807508665,0.00240964500950682,0.000234462196650441,-0.00839353146180613,0.00428421028852322,0.00951435860510456,-0.0137142110621463
825,-0.0103115617384487,-0.00421266849338552,0.0208657598606999,0.0113275353643003,-0.0119081853136668,-0.0021619170355144,-0.010138420205575,0.0108187739873216,-0.00868500935728491,-0.0145550497116302,0.00881709612132356,0.00299685418412256
827,-0.0100232652847839,0.000386257116474628,0.0236519696833291,-0.00919122860609922,0.00811253818580576,0.00867951745684784,-0.00821861598185992,-0.00227637310399898,0.00627549427669723,0.0124637148381992,0.00364887056963191,0.0110321003449312
828,-0.0114283364488947,0.0218628329303947,0.0278460028539435,0.0137465675906104,-0.00585703516933696,-0.0128286095356442,-0.00534150409698327,0.00332908146056476,-0.0264204350503891,0.00655439062210615,0.00511177269268318,0.0108422404495276
829,-0.00104386796549375,-0.00295559279351275,0.00267542768610456,7.61459012435895e-05,-0.00304406207444088,-0.000540401039577787,-0.00101157485636639,-0.000957436872086712,-0.00261404114248963,-0.00260944527649619,0.000874611439822715,0.00631908404499336
830,-0.00813470753385753,0.00114764096558578,0.0250830263135736,-0.00560487350305758,0.0022062028466245,0.0129073972147555,0.00143089653743165,-0.0160124851543915,0.00913172000360622,0.00305988392889899,0.0065257385904435,0.00830361937165365
831,-0.000691863759969558,-0.00183303848361656,-0.00111739588984312,-0.000701353744589476,-0.000732262864127215,0.00235838434031002,-0.00219708285521808,-0.000111152488310481,-0.000623935610282487,0.0024318086396636,-0.00357497313476279,0.00256880942709808
832,-0.0113820066092759,0.0123587556211236,0.0185252415710922,0.032275497877594,-0.0173745820135122,0.0150788866719943,-0.0217585888887541,-0.0355668309359014,0.0177294881729041,0.00367998515657552,-0.0116796042639356,0.00588396411630009
833,-0.0208167649542796,-0.0157699333545986,0.00157377117752884,-0.0307678734191361,0.00100520252960292,-0.00392057875778746,0.0184263778723966,0.0249078463671192,0.0109447026019933,0.00855022360817788,0.0160497374305206,-0.00433977558610062
834,-0.0166291537265087,-0.0133485293132745,0.0148947673430769,0.013201130541852,-0.020665211356817,-0.00238809517963517,-0.0011321871981381,0.0100971307592976,0.0254311700534775,0.00891160489676759,0.00169053976512887,0.00926628878271408
835,-0.000524194322155571,-0.000887252608457326,0.00156972022878661,0.000319111130140416,-0.00131870499328255,0.00172970175170648,-0.000627335042011412,0.00350143643604218,-0.00494061563843745,-0.00318928199405578,0.00404807457197857,-0.000929946198893202
836,-0.0126857218441841,-0.0282415905153212,0.0093501882187714,-0.00780429659347086,-0.0171373860030606,0.00263733865156911,-0.00372790875532693,0.0088613198798631,-0.00569257965318991,-0.011129606816564,0.00443658009872421,0.0156963224402826
837,-0.0163499342285186,-0.021028686883385,0.00661571194257852,0.00156830873625299,0.0415580641820769,-0.00315143252823968,-0.019916188246665,0.0180730662643982,-0.00909955302354188,0.011639213401608,0.0168158896137057,0.0209721863785682
838,-0.0263501483467628,-0.0187216242463968,-0.0271145439668405,-0.0172952602065447,0.0312674675622555,0.0155023114456914,0.0173257079748195,0.0025740938378873,-0.019411698016726,0.00719897661097021,-0.015305115629412,-0.0093632669757826
839,-0.0275404182053935,-0.00996827196024569,-0.0252377209265088,-0.0182211756701984,0.0333492292069908,0.0273094500115458,0.04082039943867,-0.0188412123882401,-0.0131730061081322,-0.00409647283213701,0.0154942913883229,-0.0110314738717904
840,-0.0214211715249701,-0.01805565460639,-0.00441583874070291,-0.0236207066059485,0.0270617133459162,0.0262998222735319,0.0275808536215866,-0.0121190327008332,-0.0109629901930138,0.00348459393453952,0.00660504099285666,-0.00278739706262096
841,-0.0166286909100144,-0.0245065532764741,0.00606468188733549,-0.0274460821278637,0.0252183562988849,0.0217615103724865,0.0210613967964543,0.000492744723692435,-0.00971981939835299,-0.000294412711913337,0.00214912415796036,0.0275275545282375
842,-0.0271328504060048,-0.00174153761281308,-0.0299676179448877,-0.017294421528675,0.00915292570568784,0.0220252233636106,-0.0145665683426047,-0.0134271961329955,0.0253597697706042,0.0284926289658984,0.0220486031180776,0.0403885350452228
843,-0.0292096765696638,-0.00476631253298199,-0.0346637224970406,0.0109466109087777,0.0153002463283031,0.020890264729453,-0.0114691432719018,0.00761249809002751,0.000738859146978065,0.0204147632010192,0.0265652389678289,-0.00689636251689545
844,-0.0311059244100271,-0.00327848350813317,-0.0374077146813704,0.00536675139702449,0.0211357965847001,0.00927104611617039,-0.00898858934645042,-0.00963122643802317,-0.0038291725758735,0.00564449666251347,0.0257320103912336,-0.0149725968458422
845,-0.0235588105019321,-0.0252793512997668,-0.0135535020390891,-0.0185885900649438,0.0393237116009673,0.0133419916434668,0.0257792799625564,-0.0186762029058618,-0.0229456339817067,0.0160223653240965,0.0138703139139135,-0.00562552912112358
846,-0.0206976405161634,-0.0255448730919363,-0.00435835131500113,0.0034031575600621,0.0386726792071599,0.0184023071727741,0.00219956744472985,0.00529787106344514,0.00281233479246745,0.0118487885941488,-0.00329813487543544,-0.0182832136745308
847,-0.0160648217697156,-0.034019515568924,0.00682989467043968,-0.0169721445100322,0.0204948682272195,0.0161210590322691,0.0270162702637111,0.00489285637458859,-0.0242094855029496,0.00266264075608146,-0.000108233154391817,0.005507251515703
848,-0.0318925833342326,0.00351665218545137,-0.0458200931718807,0.00269748077730716,0.0136327902439007,0.0365246869904346,-0.00987734167586552,0.00505578416628161,-0.0195551832283588,0.0225300247233171,0.0334375348036302,0.0204498567884419
849,-0.02418875782523,-0.0208054213739533,-0.0133607656192022,-0.00681254006864286,0.0243916512921368,-0.0181342835295161,0.0133403025084122,-0.0174062712031068,-0.00846039697934334,0.00871370826322061,0.00240662139153855,0.00454887722893232
850,-0.0282596422580777,-0.011597138299481,-0.0301872593267643,-0.00239750627982166,0.0288377715225074,0.013586365137701,0.02290850841125,-0.0335645393061096,-0.0189927087574357,0.0234411058412177,0.0103761423388846,0.0127982846345135
851,-0.0231778738655304,-0.0178989404196622,-0.00329314120040135,-0.0264226222955653,0.0412461283486763,-0.000426682732467631,0.0181187674056109,0.0108673649986873,-0.0131542733481285,0.0191155195070649,-0.00829467874179706,-0.0124608773879226
852,-0.0320800394402009,4.23052512672326e-06,-0.0470853384606483,-0.00645183819510491,0.0217045266276495,0.0205224054166886,-0.0151029335874045,0.00837706114594781,-0.0421384054466501,0.0089010121283202,0.0269409901000146,0.0220601478833792
853,-0.0308496370972654,0.00197284372320263,-0.0433157691110444,0.00666861055003612,0.0142437228108334,0.0451976117682825,-0.00706998070125925,0.0116080828453427,-0.0266445992736279,0.0502990170016872,0.0398963136029873,-0.00153899343068817
854,-0.0256334401146501,-0.00549571708626482,-0.011388434647703,-0.0395437163180186,0.0367873984413343,0.00399339678303018,0.0161398073739948,-0.0194528524273185,0.00911400655809665,-0.0151903745991905,0.00904280184156667,0.0186466982317584
855,-0.0227966498908472,-0.0142719536710781,-0.00150993607606895,-0.0345751007491002,0.0245417062935221,0.0122587905330988,0.0112381984964291,-0.00234337326574304,0.014179643616572,0.0225532788144294,-0.0030306733177803,-0.00496413372444375
856,-0.0250590434734138,-0.0162901508834784,-0.015859319001212,-0.0345351663747551,0.0285705904040475,0.00177114821585942,0.0195601462499103,0.0006793923175272,-0.0151961528203622,0.00934836387271325,0.000350788906132457,-0.00248536603785718
857,-0.0149456201675506,-0.00842045366500667,0.0242865015024222,-0.0317870736058167,0.0157003593780499,0.0149519074137662,0.00503446322663025,-0.0140901795779965,0.0052904421519675,-0.00667641155950945,0.00691891371248737,0.00993699083332017
858,-0.0185461588330364,-0.0216946280053541,0.00241632599882462,-0.0246679554697227,0.0418982348105519,0.0336800692499991,0.0265852166533056,-0.0108058370230147,-0.000769405965347645,-0.0110221276927048,0.0202712948561629,-0.00674426750458626
859,-0.0306786346236543,0.00495988004098868,-0.0328153937691106,-0.00725502967800747,0.0330260343093736,0.0366295683849561,0.01625357332256,-0.0469324248922774,0.00989014981890243,-0.0338221966935222,0.0204009096490192,-0.00579239393325654
860,-0.0286133334941008,0.00937417005312952,-0.0325609731330866,-0.0234947350723235,0.0360194742258371,0.0612135818836462,-0.0365332066372162,-0.0503842376370361,0.00216958678107355,-0.00400834178339237,0.0120108367085548,0.00816169499335732
861,-0.0219421324900332,-0.0194512451377791,-0.00612425728320103,-0.00612132422479607,0.0230570578712586,-0.0123983041023299,0.0303969979082733,0.000421059957365188,-0.0250541459398424,0.027216783416865,-0.0308631861298868,-0.0225270721793433
862,-0.0263109416582021,-0.026749283970174,-0.0311298096985062,0.0128366555740658,0.0189798439685158,0.01410774546658,-0.00690136028325277,-0.0134541118959548,-0.00740548335145304,0.0162628863618931,-0.00024175011557506,0.000612963485500885
863,-0.0300208750696571,-0.0100542046441253,-0.0394749952205156,0.0144071229351758,0.015419760833263,0.0146699664620511,-0.00239889803521058,-0.00232146370264206,-0.018841402024041,0.0152121619127827,0.0536933425679148,-0.0168564543677099
864,-0.0289569385551368,-0.00114984573946773,-0.0451293380896743,0.0430586301043893,0.0128391541591082,0.0298354982769222,-0.0236587943213909,0.00485488798495649,0.0581498681689104,0.0335448019855702,0.0229216615297011,-0.0106653260014173
865,-0.00663460694528844,-0.014823956133337,0.0148010947443507,0.00286534863223529,0.00782811674115244,0.0165066110028164,-0.00601106081389176,0.0094814314760521,-0.00622363171712832,-0.00559132118244649,-0.00791299274683138,-0.00337317527063421
866,-0.0241157816227492,-0.0281410869290007,-0.0182581240295343,-0.0104183632656557,0.0192238815430661,0.024211528516669,0.00941365353641102,-0.0141132652161708,-0.00147046387013345,0.013987649007652,0.0163644239184042,0.00263224008707199
867,-0.0158786463651979,-0.0304277399541346,0.0108869028914494,-0.0130913408496115,0.0160398541713776,0.0212666800498158,0.0201495903068582,-0.0172140074966287,-0.0102069455156123,0.00800289312506533,-0.0020171040221196,-0.00882463659683879
868,-0.0242217798015602,-0.0220769001315016,-0.0179009146125099,-0.0101776337820118,0.0300099182741521,0.0134364907240302,0.00238685922462511,0.00537009646780063,-0.000910985555359886,-0.0133670715612286,0.00701012331967541,-0.0265135710540839
869,-0.0151991648708226,-0.0342210042076816,0.00784569213109701,0.00534743770518348,0.028666618964847,0.00536160329138135,-0.00592513486841696,-0.000208869357602973,-0.0126018508719784,0.0083505991312608,0.00205805945564801,-0.00620821479592973
870,-0.0250196640255459,-0.024888128556569,-0.0220193766238009,0.00276283200561252,0.0367443947370526,0.0126343399799055,-0.00243212421664408,0.014758791031027,-0.0139647496878213,0.022920329773598,-0.00140420853418528,-0.0113288827269022
871,-0.0197474677764533,-0.0305486449313031,-0.0047515656627973,-0.00936496403673541,0.0301431003370267,0.00972106179102313,-0.00812286197086028,0.0172695850151605,-0.00483698964090173,0.0167897987912314,0.00218061286084521,-0.0180218482540996
872,-0.0209900915182065,-0.00509882464443749,0.0061707710576633,-0.0403116157623809,0.0284276973157139,0.0188904101012066,-0.00827237226956397,-0.0302515981450776,0.0123377147336838,0.0227835727087145,0.0074601735630429,0.0267247536227649
873,-0.0244798715435464,-0.0143343509175479,-0.0107100021057913,-0.0220358721270703,0.0371233057414883,-0.00739213024840775,0.0112220252087541,0.012419189450406,-0.00757599608992463,0.0178352825401936,0.00599621458359937,0.00774845391137985
874,-0.0238228014090397,0.00778441713935457,-0.00437903289538182,-0.0226206244063728,0.0251430851817773,5.15422899716841e-05,0.0203578257944648,-0.027621678383354,-0.00476232043303765,-0.00896284127658905,0.0064123544640756,0.00678386369086913
875,-0.0141084943269005,-0.0278712354213291,0.0175185273419324,-0.00764810442674846,0.0214926964624423,0.0255952521408607,0.0207149013108723,-0.00226672805020239,-0.0156159578650383,0.00559336012359932,0.00490259774831742,0.00511932175490889
876,-0.0178023956747459,-0.0388452848355948,-0.000680342068359447,-0.00370456939771907,0.0304354132504549,0.0153805767885463,0.00959146009030568,0.00622081814096897,-0.0107043515480655,0.00436057432736873,-0.00677769656559354,-0.0164244382844035
877,-0.0128258157593491,-0.0251278354977894,0.0148947295697159,-0.0301136146967637,0.0127750603275577,0.00836035134033734,-0.00842954904652643,0.000141981924157599,-0.000574691207262955,0.00805256226205705,0.000849828698130566,-0.0025657868713837
878,-0.017470484676366,-0.0201195202010611,0.00725417309224196,-0.0227845051976721,0.033786516634486,0.0162698953295762,0.0171454896293552,-0.00589683237085885,0.00590581061217389,0.00176127707439583,0.00597793569937623,0.0245641666170184
879,-0.00626829958833641,-0.00907208946645779,0.0212352180197478,-0.00566186755667999,0.00438223548500993,0.0128090287420212,0.00112227917041081,0.0029221782738731,-0.0052416850838478,0.00489267927499816,-0.0024175047610921,0.00292735055264724
880,-0.0254124991814226,-0.000941542745346552,-0.0108161014815047,0.00606224441027056,0.043163598666239,0.0139574167745915,0.018782896001313,0.0188933709760498,-0.027818497137395,-0.00530158791356327,0.0219649625260433,0.0104592563401641
881,-0.0184186735654926,-0.00508456227539248,0.0197963160896057,0.00739844010253433,0.0297396494639598,0.0110797887354785,0.00451940290914872,0.0181510559243293,-0.00523483585237077,0.00671417334429292,0.015416587780919,0.0124656922186461
882,-0.0220381773447771,-0.0319760722939326,-0.019452933307796,0.00509153590567116,0.0378471827765438,0.028576228687583,-0.00683316027172332,0.0165801410788034,-0.0107743272563239,0.02895145534875,0.00492994968935235,-0.00760257963317314
883,-0.0192546795371588,-0.0214573418806953,0.0123486527405453,-0.0174510940170732,0.0400104701104016,0.0155679245228665,0.00242312207762719,0.0065259680254362,-0.00805035753280243,0.00311889494751121,-0.00249210282099139,-0.00865114373147422
884,-0.0158358386374013,-0.0262944424141471,0.0190566843503148,-0.00347703388024593,0.0221976443044015,0.00607001727297746,-0.00398664176264458,-0.00416121634450502,-0.0042065962499735,-0.00285817960641351,0.00700757741434388,0.0029674963881554
885,-0.0212161211912436,-0.0295891792170796,-0.00877480685750718,-0.0214237639418474,0.0375449907346171,0.0243752987852847,0.0224479477325972,-0.0103252233220918,-0.0151721381938795,0.00763190304827556,0.0148498019537916,-0.00347743487214053
886,-0.0190282335059753,-0.0258965350272747,0.00749665966488653,-0.00396945135870872,0.0293470668578466,0.000386550226406207,0.0163393505818506,0.00757299362687809,-0.0310240502483278,-0.000798844778359579,-0.00155522126304299,0.00342761576851412
887,-0.0202768690966469,-0.0298029474372034,-0.00256752421748413,-0.00467192268966475,0.037107601481152,0.0131744822506798,0.0240118001001409,0.00689368585049543,-0.0190659710790123,-0.00346961075369834,-0.00670577324914569,-0.0173912547384963
888,-0.0167002210583516,-0.0244434954858063,0.0168878363236771,-0.00451647371251654,0.0153630122463017,0.00066909289856261,-0.00843982938605015,-0.0173413376741937,-0.00403540042859504,0.00194980017348404,0.00674296808662893,-0.000750499844017807
889,-0.0204702859460454,-0.0319441636672207,-0.0122772535994288,0.00355498348700294,0.0213961568010175,-0.00823456691751762,-0.0105645882968474,-0.0108329466879852,0.0164340530581097,0.00432592353597431,0.0229096584550951,-0.00828985168456369
890,-0.0229150032948744,-0.0260654832112617,-0.0110273368891346,0.00752101111267099,0.0420144626450167,0.00826101179350031,0.00806310040467474,0.0181276462528082,-0.018247311062075,0.0116315544933675,-0.00662624482877586,-0.00845015305890694
891,-0.0242705481514821,-0.023970079301699,-0.0174409767048026,-0.0069699394569438,0.0293791434785292,0.0210828624533289,0.0337974884205573,-0.0025668437516321,-0.0245602810889376,0.0173510452016588,-0.00397317469765398,-0.00208621656501871
892,-0.020052306551002,-0.00968277657966226,0.00460334846624006,-0.00963925707035131,0.0443248230215205,-0.00173555461246646,0.0147381771291958,0.00876839165898305,-0.00514019036648524,0.0217868808131958,0.0119371382134177,0.00558183504790398
893,-0.0286099922218726,-0.00135422397916832,-0.0187595405660283,-0.0186943440650443,0.034900764232196,-0.0070599716661876,0.00310952984328232,-0.0254300895623176,-0.0133379954149636,-0.0146558903574482,0.0317968254199432,0.012152485273304
894,-0.0255033509649549,-0.0165360215274857,-0.0116313383234479,-0.0134077380085896,0.0322726638749331,-0.000278162197628663,0.00342583422245801,-0.00621479088671385,0.00233059040544925,-0.00307696452075001,0.0319890113752593,-0.0108594171694343
895,-0.0242491011481615,-0.0173045215548884,-0.0148636623133563,-0.0117350644736297,0.0386830376408089,0.0146844468144964,0.0401972542041232,-0.00480829438179177,-0.0339956713216728,0.0248101543173762,-0.00103730469605444,-0.01425104010252
896,-0.0118535453042236,-0.0238762444576751,0.0139743897430104,-0.0142709129376288,0.0195896185286693,0.0169189485573418,-0.000842863660027472,0.000261157744105283,-0.0127677029233349,0.00755554735690379,0.0072704554487594,0.00913758166910667
897,-0.0124120033143798,-0.0135243876305407,0.0139549348118487,-0.0114493404096382,0.0115771006112223,0.00210743184087975,-0.0134420618633417,-0.0126047789949929,-0.000381552371504469,0.00391646342712526,0.0120634738538041,0.0123731507205152
898,-0.00641372235539716,-0.0152514553919999,0.0172605323663187,0.00343937836875339,0.0137289127490239,0.0206273488606513,-0.0062977433398386,-0.00349150473735658,-0.0174784029480537,0.000923014746898102,0.00132646910468165,0.0101539193370787
899,-0.0134737514223731,-0.0307082216560046,0.0152979191618393,-0.00135767732249746,0.0110457687883958,0.0153862224331096,-0.0135500032747107,-0.00647523438513519,-0.00246960930668177,0.00593362669571345,0.00758145102352969,0.00592612561274161
900,-0.00884872351699735,-0.019052528597579,0.0169076632342891,0.0109129360194015,0.00613438738092566,0.0113080133424093,-0.0111209847559773,-0.00708021887199326,-0.00466223312307209,-0.00375697276560491,0.0113254983517499,-0.015807615819616
901,-0.00851060259344784,-0.0134086225357377,0.0189562546661724,0.00239346535518666,0.0114153470407352,0.0160704568149123,-0.0105538031223709,-0.00409244042627395,-0.00433918597853854,0.000269921013077865,0.00668122882101357,0.00541744664773382
902,-0.00586265450858821,-0.011260400139954,0.0187465602659041,0.00616594698266024,0.00604208781476196,0.0111882193860445,-0.0092991655268513,-0.00385873932784754,-0.0132678189044069,-0.0043333412455882,0.0102215251772995,-0.00195173617026935
903,-0.0139694855889438,-0.016789222037273,0.0149240811672565,-0.0108142340777397,0.0168156012286697,0.0155956831978055,0.0259945073142874,0.0196356001142083,-0.0007034554604377,0.00307332169660727,0.0205084467709966,0.00605397255038707
904,-0.0126695689338851,-0.0138660967544979,0.022336161074291,0.00871221702424807,0.0305242183348348,0.0141733678699157,-0.0120579830039135,0.0122374211162056,-0.0191430778123808,0.00314923328985016,0.00601769854022395,0.00417793085437364
905,-0.0218690590271455,-0.0263302424596608,-0.00771133898283192,0.000126184921753235,0.0360485788576334,0.00228357736508545,-0.00243808234767371,0.0098728430843499,-0.00697650827737009,0.0236544804260556,1.01742528006397e-05,-0.00397056370273262
906,-0.00430381677521961,-0.00835692794517989,0.012226586860402,-0.00301055108454623,0.00471232716184496,0.0121613883932241,-0.0023852546232802,0.0063139686579761,-0.0100546586281837,-0.00383892828874464,-0.00145356262893446,0.00320881126338017
907,-0.00886270245799727,-0.0125542607558691,0.0138588946533135,0.0127673924375431,0.0198589537647094,0.0214560167507863,-0.0153726506552765,0.0137122977390481,-0.00488858000792794,0.0183886581702666,0.0138247101631943,-0.00315272663624317
908,-0.023830157702906,0.00718539660742469,-0.0194273734013874,0.0502608315042764,-0.00438822706672412,0.0448234309509633,0.00701598307551273,-0.0596116348894454,-0.00292999124349217,0.0005352850993213,0.0140813348278679,-0.017486568549199
909,-0.0292053994047229,-0.0038529603831025,-0.0366701970230125,-0.00567778815008432,0.0402922709534227,0.0200897843293954,-0.00563615010266375,0.000347846536160255,-0.0082252167495374,0.0203278621583368,-0.00586206351146858,0.00382598273770234
910,-0.0103826963499427,-0.0256948005782471,0.0177301470562749,6.63274415184034e-05,0.00193677606265815,0.0127113557143653,-0.000342633456688628,0.00408380856490806,-0.010097299131253,-0.0031538882042058,-0.00268754138909052,-0.00585918627057342
911,-0.0218276215661066,-0.0265214070304456,-0.0038501571121867,-0.00735082999970831,0.0186953736358423,-0.0132319039202814,-0.000951195776757484,-0.011738410469563,-0.00221787472435677,0.00929838345623924,0.0165727948049044,-0.00392554110886895
912,-0.00292277354216554,-0.0078270793616363,0.00616309317383813,-0.00428985198331558,0.00478257831520367,0.00387166597147268,-0.00353091263704012,0.00116047164761851,-0.0028119820140118,0.00180859234262902,0.00163315723871254,0.00378422704939992
913,-0.0158166266953818,-0.0332515620625392,0.00838988008950334,-0.00125696357075197,0.0315100848307538,0.00342155632051529,0.00122252918450892,-0.000970962766646416,-0.00886868222688183,0.0106356496782398,-0.00453180788375158,-0.00967892122390274
914,-0.00722941061820645,-0.0187708238183741,0.0156794272772497,0.00173843249334705,0.00810464473022581,0.0169920355270981,-0.00555783965615524,-0.00504291378539462,-0.0141130803802832,0.00202583969987368,0.00474070189332529,0.00797565296065614
915,-0.000278991695380718,0.000753593065123078,-0.000539843262610321,0.00126003174674781,-0.000226157725717727,-0.00125483298368075,0.00197102778551206,-0.000365607476221256,-0.00358543814739881,0.00343331292400411,-0.000573186732158661,-0.000984917748481362
916,-0.0138875076116528,-0.0199187900485754,0.0203005909884699,-0.00576461917482858,0.0167628306923858,0.00461721071785651,-0.0204020368162584,0.0175642897509138,0.00203875957700092,0.00934446646925744,0.0142378588634986,0.00517984141381302
917,-0.000756707853281678,0.000927129301967578,0.00163858121685577,-0.000288133915733627,-0.0021154466702854,-0.000430256157448217,0.000657820837519935,0.00169217582497522,-0.0085357566523202,-0.0016333143072301,0.00431662598928305,0.00671649944251306
918,-0.0161754878376133,-0.0449856000860934,-0.00129828482180438,0.0109909095308507,0.00515587615499367,0.00850729178907809,0.00185123635479303,0.0039793842880462,-0.00322476424908458,-0.00201171783537523,0.000834106083162965,-0.0063106485670702
919,-0.00298449786000349,-0.000463953325880093,0.0110780042097659,0.00178121605539749,0.00340641401066065,0.00442920735563575,-0.00211785470292979,-0.000785122449375811,0.00372056832816402,-0.000261950228962779,0.000137801514036056,0.00161618210246746
920,-0.00279844724657735,0.00060530610847042,0.0144824917878561,-0.00168031162297407,-0.00364232652637284,0.000409247888805266,-0.00679414894104041,-0.00613731761161692,-0.00272219427310728,-0.00177324626178825,0.00532633123610157,0.0100807399091962
921,-0.0154748271692658,-0.0293078643528576,0.01136546784392,-0.00630293993678428,0.0197863855171245,0.00245235638652712,-0.0131548117476153,-0.0163504290609174,0.00762615603724304,0.0106534203189646,-0.000379791914588728,-0.00309686015126749
922,-0.0084242275665087,-0.0118005397922117,0.0210067310501235,-0.000906869227491796,-0.00992974307672804,0.00448012291644736,-0.00137366360669879,-0.00440555718917972,-0.00237066870253996,-0.000166796364379383,-0.013757959909599,0.00950024871101879
923,-0.00281315103562156,-0.00924458332262697,0.00423833911839608,-0.0117136028083254,-0.0052259240218572,0.00345498565137878,-0.000334185634943207,-0.00296505715065654,0.00110006573659104,-0.00634478532230675,0.000993204976053874,0.00944463751547604
924,-0.0218909152327212,-0.00121295713352435,-0.0026291561981742,-0.0380867590456798,0.0249763598410203,0.0144765824885886,0.010016429378178,0.00624027536345562,-0.00162339275392732,-0.0263310561844232,-0.00368240100284291,-0.0375095758557647
925,-0.00848754310815063,-0.0133171499718414,0.016732869863961,-0.0076668914798275,-0.00557730491476394,0.0138281878663445,-0.00502829045879407,-0.00460659434951271,-0.00260902174467537,-0.00261325520941168,-0.00488469062099787,0.0123942427758417
926,-0.01287603917808,-0.0180567471550687,0.0195356532710418,-0.00658964297793831,-0.0212392842070619,0.00502414968096338,0.0068869152017894,0.00552747864291307,-0.0132223244854919,-0.00530735696700444,-0.0175999198410556,0.00974061425694993
927,-0.000535505195381453,-0.00060539531440527,-0.00132754490795313,0.00164604984484758,-8.99304358649594e-05,0.00589585972473328,-0.000442413448290651,-0.00267935716621813,-0.00167437868655555,0.00180017455823249,-0.000696642632052178,0.00681421530330587
928,-0.00937897143705259,0.0106765484118193,0.0249105393459916,0.0136358985192383,-0.00285390608857036,0.00398260372529664,-0.0192565713754285,0.00454748854487022,-0.00635540464761869,0.0036735974302082,0.00587806593118897,-0.000296404392314191
929,-0.0195809833214589,-0.00269191387847542,0.0132969526004108,-0.00731886923979142,-0.000179784047649713,-0.0340143877213512,-0.0165055825145676,0.0211901401539065,0.00990546377593259,-0.00101166887012202,0.0232967415697378,-0.00576379427055734
930,-0.00661875022503633,-0.00155686188176184,0.0199570496193536,-0.00891214170614327,0.00189936757644664,0.0010184185301221,-0.00574325604708778,-0.0051763926255358,-0.017403319953916,0.00175468218084921,-0.00176293167490095,-0.0142274321537737
931,-0.00388552117015905,-0.00832234189752858,0.0123456274495546,0.004111403330384,-0.00573209564184337,0.00710267611912079,-0.00732254468358416,0.00304107924978133,-0.00825164212827626,-0.0113121170315476,0.00564425150829103,-0.00740579355127205
932,-0.0248919463709954,-0.0176977540643079,-0.0217865575425766,-0.0225122607705431,-0.0137612041754039,-0.0167193029237653,0.00851235068914478,0.0121857398508911,-0.00310032976071147,0.0106309135787483,-0.00184636697878096,-0.0179988370782761
933,-0.0159490299314198,0.0192263879611203,0.0179056058400647,0.0255084594277552,0.000728439205871259,-0.0118253101415364,-0.00233140360700436,0.0330536132297512,-0.00647640799746251,0.0192521225995523,0.0153502732048619,-0.00312817004289293
934,-0.00915205353076826,-0.0211662787836736,0.0143101672578804,-0.00393147533943202,-0.0148222606922361,0.00227766772206288,-0.00388379181495035,-0.00462801075723512,0.00258275325757447,-0.00507092082832795,-0.005872659651921,0.00616763685066066
935,-0.0147127174465419,0.00361305911582491,0.0219579260801916,-0.000714527971063363,-0.0203003569154899,-0.00502539788827847,-0.011180366766751,0.0129316612102506,0.00426768680145392,-0.00962327529454291,0.00413916909372247,0.00347272465230302
936,-0.0194361448992778,0.00777023523574001,0.0113590629638128,0.00892123897324314,-0.0166896884771046,-0.00497292495161652,-0.0165040183816209,0.00444449738740527,-0.000555202721416191,0.0178616349666402,-0.0225101639941473,0.00680247375033807
937,-0.00782130811396313,-0.0103636154379706,0.0178504331055425,0.00329585771668237,-0.0165376688429957,-0.00125973896946104,-0.00208218409876065,-0.00743743605619917,-0.0132424555462187,-0.0113352563104388,0.00419208986128874,0.00739717901849133
938,-0.00405906886560883,-0.0150219440213066,0.00816547103744352,-0.00138734778941679,-0.012269566001358,0.0109765782875787,0.00304827513701176,0.00570860012950176,-0.0124448509087347,-0.00415340842923058,-0.0067808891294848,0.00591063019027663
939,-0.0141221482084262,0.00400772020234758,0.023751958885529,-0.00249845338651787,-0.00754439308399915,-0.0105147653522813,-0.0181740401758409,0.00717275546407929,-0.00367025675418979,-0.00580675896163071,-0.00406830856375505,-0.00149436840803771
940,-0.0118869553618588,0.01487677124687,0.0285896242134871,-0.000137740112283186,0.00713273723258556,-0.00359463860682259,-0.027278666043994,0.0250855299105082,-0.00694307521317943,0.0195945700539248,-0.0118969594634806,-0.00212773031778392
941,-0.0105534567537067,0.0178757508091406,0.0308882006564728,-0.0175659798108131,0.00609024024126802,0.0116425421277875,0.0124055496482127,-0.00891270100112416,0.00146817049345763,0.00750663690191096,0.0194976732944853,-0.00246720062726481
942,-0.0141316683937282,0.00208092938383843,0.0225968202399352,-0.0124044280571958,0.00768607091798832,-0.0115365593307864,-0.0257039934832562,0.00692071460807266,-0.000953860204151401,0.0142711793995438,0.00092969972528801,0.00708062515814933
943,-0.0167128949553869,0.00629892897288854,0.0147683975944496,-0.000219303358623419,0.0249505339762834,-0.00754053587220085,0.0155056094730152,-0.00410231365836667,-0.00653369133313792,0.014560573403735,0.0338115197393785,0.00881873731038901
944,-0.01463564006814,-0.00471172999093682,0.0253099207526554,-0.00169423164285538,0.0343639038794809,-0.00467982513706311,-0.0143839980166176,0.00425796973095793,-0.00842404525898621,0.00900397596312356,0.0146049634640975,0.00743504958668232
945,-0.0180824678942561,0.00558536034519428,0.0103236987706418,0.00114918628998489,0.0212786754947111,0.0160300390379699,0.0421126004825045,-0.022468357644184,0.0164336664519063,-0.0235386778913089,0.0147149218773388,-0.00529498567872757
946,-0.0171660759577581,0.00161193081631732,0.0223434425296753,-0.00817925877202717,0.026204853682726,-0.0123142496436444,0.0209659838156831,-0.00473955490561399,-0.0159668910452024,-0.00333382264292116,0.0149684175273413,-0.00871497273658611
947,-0.0132355914020709,0.00249943075194053,0.0228821426927162,-0.00226876640131647,0.0241081897315037,-0.00848255095665793,0.0208880289147055,-0.00920719108809234,0.00315116617506302,0.00324524500625644,0.0176239909337464,0.0189507803514705
948,-0.0218017799125365,-0.0016852374485317,0.010668452137272,-0.0123706419160983,0.0193560558521431,-0.0108497524039748,-0.000582926132951087,-0.0379382041951315,0.00114755050887384,-0.0161308324121075,0.0237325896614481,-0.0119941241701484
949,-0.0194691368486384,0.00153152851932852,0.0160028207632673,-0.025279085562804,0.0259617127108224,-0.000381736462660066,0.023655730422424,-0.0241770375023106,-1.16819030039345e-05,-0.0151053332694307,0.00636558338199831,-0.00044207159691876
950,-0.0151009453466472,-0.00942123350056398,0.0182610932808624,-0.033499667328666,0.0237742369980664,0.0108416128791893,0.028639087846616,-0.02408824334191,0.0118953627605999,-0.00545084141803145,0.0295719444953249,0.00323660383201875
951,-0.0189398942507691,0.0157002072579068,0.0162864974911237,-0.0188818130101792,0.0189718305402054,0.00396350711006294,0.0119302426863744,-0.00631164386082553,0.0079466297198791,-0.0231277776679312,0.0149964444529354,-0.0362161709837156
952,-0.0157691489359665,-0.000431044821531348,0.0235303427552161,-0.00858738984777972,0.0202859776132597,0.017495721255462,0.0172912026900434,-0.0104913495337443,-0.0058475070396309,0.000229406053296696,0.0123481281142558,-0.00590673342381223
953,-0.0199427640378299,0.00372993288482589,0.0158177767622604,-0.00632453696183898,0.0307951988085018,-0.00730957882458167,0.0105828168472304,-0.0183865591028901,0.00470550634279096,-0.00695024627162861,0.028700181564006,0.00673525051607901
954,-0.0147069047744586,-0.00443702096089858,0.0277795886734862,-0.0154848378317035,0.021678972548794,0.0137389376737564,0.0246172972404827,-0.0109012596335771,0.0012820513224652,-0.00251453600219896,-0.00304637615692119,-0.00621866544936765
955,-0.0241741643497111,0.0059197209596435,-0.010808846568083,0.018623335832996,0.0403911884821005,0.0142097723800124,0.0157043580052524,0.00743513273973015,0.0118334646497903,-0.00405284953855883,0.0137843986667876,-0.00216252027960407
956,-0.0190696909473886,0.0131635743926958,0.0162746730367453,-0.0275806770819931,0.00811798198519861,-0.00243970809242641,0.029588488022434,0.00801107997850633,-0.0248189903070998,-0.00826214851701187,-0.0159444159422388,-0.0298418350807108
957,-0.0140908851208078,0.0179297053491302,0.0239501636608207,-0.0262742521309669,0.0208863987097562,0.00871667710017802,-0.000319951928740991,-0.0178823618631882,0.00660417393174546,-0.0113180425110948,0.0142268185705084,-0.0270784491713559
958,-0.0232251734274929,0.000274823777149765,0.00100993114936943,-0.022915379652633,0.0333695997448684,0.0101821652874587,0.0374956308056793,-0.0264174653835639,0.0188178532891355,-0.0359932553246358,0.0409199308547739,-0.0101301813369299
959,-0.0230935475915796,-0.00507956830073351,0.00992892454661442,-0.00609817727882508,0.0223259080562999,-0.00884132816472392,0.0374370613484876,-0.00432300447782859,0.0139902847912018,-0.0143931372462659,0.0356976165683573,-0.021021134795048
960,-0.0157649450984755,-0.00631299238919947,0.0195859857115197,0.00520447829118241,0.0241188434027787,0.0143040960549443,0.0241192918292596,0.000883826893537091,-0.005136700616486,-0.00361681823196934,0.032406000319236,0.00403764947817245
961,-0.0203077329247371,0.0113061178739714,0.0155184574967311,-0.00350374261776539,0.0142431809787683,0.00882269399324734,0.0440539721407049,0.00694521103349163,0.0176938545143151,-0.00751025056855496,0.0251628334393055,0.0181234983132255
962,-0.00455845251388865,-0.00898511537845813,0.0120485077363076,-0.0151999158707664,0.0101261339603705,0.0109270134430668,-0.00189477084194147,-0.00584080249989851,-0.00959141404335019,-0.01184018607712,0.00103929619456279,0.000195706766483201
963,-0.0187123065935254,0.0175210813725851,0.0126239358902035,-0.0221034433985811,-7.63914996437517e-05,-0.0202233247675804,-0.000273998897577721,0.00233340142991594,0.0241694970503378,-0.0160747605945139,0.0348872146960219,-0.00666398336077212
964,-0.026139090460002,0.00565184224989454,-0.012618487754918,-0.024184899231423,0.0309605847311312,0.0114100158697301,0.0495801807034271,-0.0282265271008186,0.0152687548163384,-0.0332233333743037,0.0109855785288749,0.0193718757654176
965,-0.0230383842573816,-0.00199085513040634,0.0032495056206816,-0.00470338921753046,0.0241632185496224,0.0044989785595513,0.0311011642149997,-0.0325037507464487,0.00872326149314681,-0.0385631425627504,0.0412356490149364,-0.032740837533124
966,-0.0163222478759714,0.00388453646794898,0.0218958135509231,-0.0113472505439912,0.0182068263084902,-0.0148974188807044,0.0295615009351681,-0.00169257467675581,0.0194426116935776,-0.0228212264112512,0.0241393083620377,0.0118420709845284
967,-0.0206743056724857,0.00820493171171422,0.00846853541537236,-0.00615404993299545,0.0158724163266227,0.00298708450762394,0.0372403472463479,-0.00607994566500256,0.00358467972463902,-0.0201307642256725,0.0102317071604319,-0.00273964038062784
968,-0.0240890001160257,0.00305169871030383,-0.00768886621535445,0.00351787098202491,0.0168667594415151,0.0149009940514121,0.0385752946929065,-0.0285612276777665,0.0338768386339661,0.0100820541199638,0.0357312618327712,-0.00576011737850722
969,-0.01976031070603,0.0117699540855824,0.0110433665648891,-0.00861965834849888,0.0115984315517836,0.00663614991099511,0.0350634863955224,-0.0123402502178794,0.0249695999588745,-0.0382650480215985,0.0354456322562169,-0.00526482325169803
970,-0.0198551215840938,-0.0161975652126536,0.00200409624339582,0.0152251968698911,-0.0279119328214602,-0.0224554194573939,-0.00354538582596018,0.0145462253856847,0.0067599378947236,-0.0219565157080722,-0.0150658327372191,-0.0184605417880686
971,-0.0274325732336814,0.00966042972543704,-0.019776981431414,-0.0371060108113462,0.0332862176680657,0.0380504093630755,0.00442798073366394,-0.0376503905613066,0.0233882774863511,-0.030097747335895,-0.0154166188807307,0.0664584846616936
972,-0.0293920129387514,0.0284484005884488,-0.0202378294228709,0.0158665346503838,0.0168205315706569,-0.0137636021905387,-0.0147049928071559,0.0179546181338386,-0.0662554927288478,-0.0734366354230947,-0.0438300062599535,0.0279095542775025
973,-0.0165663953305988,0.0256356570300489,0.00931200753222701,0.0141933757925775,0.00445927357637633,-0.000888586210765987,-0.00565029825173178,0.0178590503846566,0.0396689014282595,-0.00331541300345182,-0.0215503333810786,-0.00840482534218622
974,-0.00370373631094507,-0.0112365762645823,0.0088030600189316,0.00104691039119985,-0.00372624736541684,0.00138671793495237,-0.008743263928873,-0.00257301261131572,-0.00742367852356836,-0.0122409161798969,-6.02997870664721e-05,0.00282362625238659
975,-0.000731011874244722,-0.00396058759261924,-0.00134450481049646,0.0023684794982635,-0.00720253933212481,0.000190732920842923,-0.000607093060335474,-0.000706451152623731,0.00251021215442585,-0.00685884844377471,0.00550043716465939,-0.00353160287686871
976,-0.00174585328602309,-0.00494680541417209,0.00508338827031183,-0.000375268740213479,-0.00295738265511939,0.00464359083145759,-0.000823171721097099,0.0017214588455944,-0.000911003353272194,-0.00915029862243379,0.00778985955661167,0.0114299762451703
977,-0.0236812787760915,-0.0244885239799233,-0.0333975448353507,-0.0241417636786491,-0.0150595489909206,0.00483499012899434,-0.0150156041949054,0.00288283084958466,-0.00186965406293912,-0.00271934756500902,-0.00410152178226579,-0.0192682111021039
978,-0.0224599353336122,0.0122679454357755,-0.00122729878693913,-0.0260818185400572,0.00298614922386901,-0.00989100027400721,0.0231462505382294,0.0011784251221575,-0.0409587659289437,-0.00934769087380154,-0.0218323017995527,-0.0321007892718897
979,-0.0126047001793971,0.00563187896465524,0.0259686069166942,-0.0228171509254883,-0.00956475101267741,-0.00321244838912031,-0.0118832060538494,0.0064945183989884,0.0121112939411434,0.00945688913779258,0.0141590802050465,-0.000246567182947984
980,-0.0105101127831592,-0.0154691140903014,0.0187316113939703,-0.00591487994560929,-0.00641305264277068,-0.00570407501954903,-0.0158205172805174,-0.0090941937134129,0.00288897754106453,-0.00169640818459497,0.00608143082685292,0.00541185924916732
981,-0.0172960392372507,-0.028021900073067,-0.00145969509699962,-0.0167509028485595,-0.0236292128003623,0.0175339936743088,0.0133645800470048,0.00394305603534726,0.0265868601530657,-0.0154958445120954,-0.00828694315654008,0.0184186693875762
982,-0.0217126346871798,0.0215649412928746,0.00842961988447889,0.0110899539636407,-0.0042380828046967,0.00247247470291511,-0.0113249539172752,0.0498627014658615,-0.00353287814009177,0.0163377076108083,-0.0244015063949493,-0.0227743297906987
983,-0.0204811606864298,0.0273728474140917,0.0105865938899457,0.00402555827782152,0.0086054595940575,-0.00769331911828793,-0.0230567827127606,0.0348695520225503,0.00170971593732529,0.00481801688840501,0.0174673630147886,-0.0181015002249798
984,-0.0195628956286234,-0.0190316095039253,0.00347535774384699,0.002881475270894,-0.0202249457991431,-0.0109731211250221,0.0136380740825872,0.0214797023132499,-0.00797114587680251,0.00851627054846205,0.0076353869335731,-0.00631173735480524
985,-0.0138191437275791,-0.0196952139970992,0.00939551963693207,0.00254720364824679,-0.0315644118812779,-0.0211575361271628,-0.00888861703036057,0.00586100164201977,-0.0116576322697937,-0.014259464364773,0.0155185149012307,-0.00226186656611602
986,-0.00932621274807025,-0.0145305890425607,0.0145777299770291,0.00918150990369695,-0.00346433364385913,-0.00353214080917927,-0.00594052954542114,-0.00046175914910047,-0.0107746079364505,-0.00616649206969471,0.00278486912834841,-0.000347124221800286
987,-0.0137807503808603,-0.0248795300261213,0.00992701486177661,-0.00595421803533826,-0.0166480153529426,-0.00160591365039934,-0.0109586838055008,0.000415585377095095,-0.00152433432038811,-0.0191194936752398,0.00107716066187594,-0.00364252066417066
988,-0.00685472542943839,-0.000545873453011345,0.0227067774340337,0.00559870106882474,-0.00356791572077385,0.0047648803335142,-0.0122512751269579,-0.000573118895171769,-0.00322132988269995,0.00049876451170249,0.00904209797961466,-0.00342440090621295
989,-0.0122335361278705,-0.0241913937152281,0.00869040965666571,-0.0108020764601433,-0.013212574300492,-0.000176215660225119,-0.0124919047092894,0.00349961402593796,0.00460011268409397,-0.0155327376486371,0.00932098630886864,0.0207271702743552
990,-0.0200596953826977,-0.0138767919068298,-0.000947713274222904,-0.0292375064707101,-0.015115331614457,-0.0142415386264344,0.0298811487456133,-0.00460428176167599,-0.00283403438520248,0.00661010427130283,-0.00812883519992993,0.00411770617120492
991,-0.00399813750743199,-0.0120423425585069,0.0073086784106547,-0.00815906939344222,-0.0112929252563427,0.00812778224301276,-0.0126834949078619,-0.00120742127278076,0.00131976295874487,-0.0119939066691449,-0.00530346594514344,0.00525986693646242
992,-0.0224587332903755,0.00920380480694671,-0.00849209014826788,-0.0204804848141221,-0.0200009644576941,0.000860281932758794,0.00681435192794473,0.00288820300253542,0.042062136854284,-0.0237714169573991,0.0204053771972887,-0.013264953148781
993,-0.0267020312087703,0.0124176960235685,-0.0235585741814941,-0.00671609784187711,-0.0316386948927142,-0.0454723275942032,0.00276591416261142,-0.0258494244536376,-0.0296498917770965,-0.00536524463250579,0.00468792004476937,-0.0206218588612664
994,-0.0223747520422574,0.0147131388691884,-0.00228622029722912,-0.0156223702097368,-0.0209459105631746,-0.0348070075806103,-0.0306202071662676,0.00766025387387038,0.0187431630483979,0.00758024305584809,0.0206470576191136,0.00603516675752182
996,-0.00899902532897628,-0.0175605258905816,0.0197457184651346,-0.00623473062639529,-0.0177593109993607,0.00557601337764086,-0.00118014861943908,-0.00708536616177158,0.0132674779116374,-0.004247188999452,-0.0110731587160513,0.00994619989358753
997,-0.0172799437846184,0.0118621340623816,0.0144951432959525,-0.00840555710547303,0.00568623643544667,0.00922257676398506,0.0189480096120372,-0.00314211552658851,-0.0212598440861945,-0.0120618153258746,0.00600004478815865,-0.0245434243689546
998,-0.0219193306314198,-0.0284963560157596,-0.0106523784221572,-0.0208972789461732,0.0202405458092311,0.0110042967145475,0.0205842440724141,0.00816823432698198,-0.00876873025434895,-0.00159072849209675,0.00346603031206362,0.0154480460204951
999,-0.009399476143922,-0.0226685369659677,0.0164378709442359,-0.00124276043366968,0.0116449478647078,0.0243739161103973,0.018481115214242,-0.0002443852075545,-0.0351745863868875,0.00376808910244874,0.00926976434689629,0.0104997669031529
1000,-0.0108364189181378,-0.0277384251943589,0.0113492214840189,0.00692693652407874,0.0156075124287851,0.021630861866813,-0.00918990217860752,0.000989229800688422,-0.0314119431944958,0.0101629264524348,0.00376701421191705,-0.00240232021911244
1001,-0.0171275997898552,-0.0329259934196619,-0.00237778746225332,0.0195934377285441,0.0259858087303731,0.0209741034011066,-0.0168111963401137,0.0203526276787301,-0.0194006424584126,0.0141766273140052,0.00571309725640722,0.00840650520406964
1002,-0.00173911110461004,-0.00643847977293597,0.00362259920893853,0.000819369972650906,0.000762178277967101,0.00765275922118879,-0.00287256215906354,-0.00147259729498194,-0.00542848791841468,-0.00296762463339217,0.00202021514597612,0.00344111906512444
1003,-0.00115604144929054,-0.00328823099430097,-0.00211156144244658,-0.00174905083980918,0.00307083079578239,0.00204253922780066,0.000140610898651363,0.000130419296513026,-0.00288674794388347,-0.00291881960884361,0.00439809785578841,-0.000917269226119186
1004,-0.0270634506555659,0.00830798704598211,-0.0213770708923404,0.0066027733955089,0.00654144080422822,0.00546880339824696,0.0658525502560021,-0.0536732123824163,0.0329366006354927,-0.0256068133712803,0.0189621173614831,0.00943440619309464
1005,-0.00963551317606501,-0.0252083118637005,0.0159176013506046,0.015539439595191,0.0063670579373057,0.0174427382616252,-0.0118323100478329,-0.00615843741932567,0.00209151911876165,-0.0131067884545109,-0.000167669463451241,-0.00913187527202927
1006,-0.0265950149921995,-0.00818526673112937,-0.0336873387936442,0.0190791955934548,0.0164887232681192,0.00721758423242811,0.0198220476174799,-0.0073537722087592,-0.00350970994597252,0.0404710987909583,-0.0598787398999959,0.010757650579208
1007,-0.0228019918013251,-0.0146466520132551,-0.0126183111181197,0.0103185883609447,0.00550095760324129,-0.00876513473401403,0.0295465095329614,-0.00301533553440752,-0.0240339146714321,0.0497837379233753,-0.0331432706089801,0.00445195102846587
1008,-0.0287834867473602,0.00748840533908661,-0.031229485895126,0.00153854298992128,-0.00530755756491811,-0.0182394316056251,0.0217735715131387,0.0102482892445765,-0.0260743967856925,0.00989157788460546,-0.0333414516676054,0.0123013749373206
1009,-0.0273865706777078,0.00041631262013224,-0.0253745444203971,0.0218896760931496,-0.00438113949805654,-0.0178276512871785,0.0393427122950614,-0.0026974653708205,0.00637871332556937,0.0406658734729581,0.0020806800298788,-0.0099351781407648
1010,-0.0215393568918967,-0.0129779353340598,-0.00147928716694621,-0.0178804805752048,0.0296024701057086,0.00470647345703853,0.0211843070399715,-0.0199666716349344,0.0161795036589626,0.0211410161634321,-0.0337716486562812,0.0207166523616204
1011,-0.0179269492214568,-0.0243613675014508,0.00767935876961257,-7.02767868831106e-05,0.0208029607712926,-0.0108335753294802,-0.0121374748049295,0.00406569258041393,-0.00507186517628994,0.014170654415215,-0.0155138143809991,0.0039498779353513
1012,-0.0182790239066256,-0.00112393477601042,0.0175033090067495,-0.00608430823290682,0.0296636137409609,-0.00983378758918562,0.0330726907474354,0.0103326226294499,0.000640806429157054,0.0238807233964767,0.0138346901533404,0.00688478311590207
1013,-0.0262903301417471,-0.0123285591213473,-0.0212621082711197,0.0135921338531574,0.0158396577112505,-0.0166121910791319,-0.0225746118422884,-0.0226533220140907,0.00381421935404519,0.00381801278708843,0.00116581051701118,-0.0181440701609701
1014,-0.0185785121347914,-0.010852553926259,0.0116790708007827,0.00701298361612363,0.0332299265920339,-0.00485509762133024,-0.0242365496513285,-0.00236785495288939,0.0168858858549666,-0.00912585133530279,0.003453523563431,-0.0129930578378085
1015,-0.0242083526651697,-0.01562559961028,-0.0117843234522266,-0.00583779358162033,0.0369816001650354,-0.0042002511267936,-0.00940727850545451,0.00311996143349873,0.0110170981391518,0.0186866392039572,0.00662230186337045,-0.0189533258805637
1016,-0.00768382741405685,-0.0110267505152591,0.0152374183731335,-0.0102423930589275,0.00244391318760837,0.00855668592047793,-0.00485329389097072,0.00121037657650366,0.000939202318342218,-0.00832126309733858,0.00166408725587296,0.0150814960843184
1017,-0.0215529933672491,0.0184034092949495,0.000115967957981301,-0.0482648811343389,0.0181378025541091,0.0219975264484023,-0.00336649304043148,-0.0184338503719996,0.0307619178257525,-0.00804397384360943,-0.034214120981173,0.0530788828668315
1018,-0.0282489392317723,0.00741079679618134,-0.0322699842867263,0.0394558547662741,-0.0417294576650148,-0.0337678166505112,-0.0253771139567405,-0.0281986952257795,-0.015896163744895,-0.0211096427690378,0.0253648838890699,-0.0156323000570092
1019,-0.0293079740084162,0.012000585376249,-0.0317654571031135,0.0107278096768072,0.00252331559042488,-0.0237155187010002,-0.0355818722090964,-0.0177223742261722,0.00254073434178279,-0.0122969335900929,0.0389508468797159,0.0203942293428358
1020,-0.0160942942763233,0.0157797984059606,0.0160998675678027,-0.0054757829129409,0.00657131816407982,-0.020475842748633,0.00717042492490566,-0.0293160850141155,-0.0155273402453799,0.00530768681265881,-0.0172733678748027,0.0242882314067984
1021,-0.0237591108541377,0.0190745752671709,-0.00729173918361742,0.00211436713161422,0.00718536133630811,-0.0329867417771828,-0.0521644741939431,-0.0107187230126378,0.00414032781390797,0.00416816904162563,-0.0465765449114098,-0.007526927801542
1022,-0.0240209054278635,0.0200919309888161,-0.0191643927852662,0.0163224570913807,-0.0233794115446172,0.00760876038373749,-0.0287292080504763,-0.023513922646121,0.0206962750900215,0.0227016411152721,0.0399232342737588,0.0010374754170405
1023,-0.025754923072466,-0.0104438329520265,-0.0361458840969979,-0.0136343601373816,-0.0140364988838494,0.0244525320884196,-0.0290760204604961,0.00332283853128967,0.0329726676949531,0.0193682560795338,-0.0552506553900488,-0.00617555446703018
1024,-0.0244957127329386,-0.0118749078030977,-0.0242625359107768,0.0127245833256186,-0.0249884995630106,-0.046300631308548,-0.0023908103367081,-0.0050449238426119,-0.0177236776831557,-0.0225440149353641,-0.000557291854162034,-0.0427018158987568
1025,-0.0221922699154576,-0.024773597130871,-0.00538732978473764,-0.0316141880823142,0.00661034761428405,-0.0144882606091383,-0.0133739734206671,-0.0188752996099705,0.0284831505399916,-0.00487868584640379,-0.0262487759174518,0.00455941312847598
1026,-0.0300689321502321,0.0192216892140106,-0.0325609892907663,-0.0169726843674238,0.0250093549257369,0.030714776184203,0.00393307797264887,-0.0673074652052722,-0.0117738006999275,-0.0504657819639364,-0.0266619934615777,0.0501123881343709
1027,-0.00161463676397473,-0.00164950102375683,0.00245301290418893,0.00445399610686004,-0.00389521755939478,-0.00174824738830987,-0.000810613158452285,0.00175040526440398,-0.00333206569274531,-0.00475674368140301,0.00122777984666024,0.000320745629778832
1028,-0.0219363361156835,-0.0171135370176734,0.00299034868820143,-0.0110803591497208,0.0313915692743283,0.00325532069738385,0.00757613851982247,-0.018244444352244,-0.00456370016024771,-0.00403128554080327,0.020478140439256,-0.00489768830899738
1029,-0.016400304392908,0.0303695624813609,0.0148182929221167,-0.00883888772616739,0.00313617717841619,-0.0204069417944895,-0.0164160303235207,0.0060355411431159,-0.00318206627747569,-0.0049278055246895,0.0140879472537667,0.0141824393297542
1030,-0.0256143840584443,0.0345825342527268,-0.0124087947761464,-0.0235594933421721,0.0192068756616183,-0.0133138694105697,-0.0304926539798437,-0.00364498557521924,-0.00493562541919737,-0.0168099708237771,-0.0144711227935738,0.0656927537578076
1031,-0.00127045122290874,0.00190254276865161,0.00530209086656552,0.00376708478338662,-0.0043721598913668,-0.00412475412964182,-5.28283192345552e-05,-0.00350377679018611,0.0015916879159673,-0.00503406617256088,-0.000158141363788516,-0.00145551622763345
1032,-0.0234500702878555,-0.0167240612907628,-0.00885162644285943,-0.00705088473673051,0.0102660808362039,-0.00419410395617203,-0.0107453335900417,-0.021683129818841,0.00768277661698669,0.0132121237640133,0.0274778573991173,0.00756996612881045
1033,-0.0261165756705106,-0.0210497567059136,-0.0283740269005657,-0.00248688991992724,0.0186883701008941,-0.00790755127952209,-0.0115787914381898,-0.0113816803902264,-0.00136722221624327,0.00580266214785425,0.0275767553349963,-0.00772885722328894
1034,-0.00572702171885502,0.00714370453332381,0.0239183212147614,0.00742839290527198,-0.00772107540759025,0.0137030875547795,-0.00609061760864858,-0.0195103051653541,0.00928812237721106,0.00519132465074089,-0.00485912907063971,-0.00262724329228501
1035,-0.00029995753671759,0.000707990331230986,-0.000264605114752485,-0.00256781835846634,-0.000350882585009343,0.000242179350251451,0.00127576184292122,-0.00114541818518922,0.00283298087233471,-0.00325221227181418,0.00158384544749183,-0.000569349684558147
1036,-0.0181890463846599,-0.0344961985483893,-0.00446483931886671,0.000321468693492208,-0.0255429434550086,-0.000691273722700772,0.0127066993721246,0.0245250661748643,0.00581272077851364,-0.0239192388918694,0.00600060202851117,-0.00597640087208569
1037,-0.00980812957514166,-0.0227239866469738,0.0157387554603534,0.0106754068863584,-0.0149902417860282,-0.000224561972006455,-0.00311787281046141,-0.00133557641796202,-0.0154980007513062,-0.0123299080100562,0.00382420589118744,0.00317771643124828
1038,-0.0108010896506788,0.00473341327473652,0.0279982868554491,-0.0223783316378157,0.00479497868363436,0.00737094322932126,0.000419536684437784,0.00267420704411171,-0.010495031523997,0.00841934331096946,-0.0101905966103035,-0.00116327376391136
1039,-0.0080765026241178,-0.0120703876018408,0.0196875424970886,0.00492231361909929,-0.0117910237034142,0.00141090958720914,-0.0129883509877545,0.000402224387078007,-0.00941844850255244,0.00112290312300979,0.00941926851963018,0.016025282835654
1040,-0.000288019775481576,-5.41133405151231e-05,0.00112842066712611,-0.000339321403742028,-0.000197164689227524,0.000426805751594983,-0.000116182934863571,0.00136822500729801,-0.00358823229762791,-0.000983378189342209,0.00210271872570467,0.00293070129180709
1041,-0.00785233540243813,-0.023110759640388,0.0105259605275913,0.00231211065733829,-0.00945074578899003,0.00808133973772642,-0.00754136196890922,0.00329620966413281,-0.0133001816064091,-0.0196631163278113,0.0050987131704932,0.00602358441655745
1042,-0.0077484157939534,-0.0212956252791154,0.00875082300277206,0.000263487695273629,-0.0205490263062016,0.0019348566322593,-0.00938987704599505,0.00530940604113089,0.0116848203745775,-0.00798494114079332,0.00574168295619412,0.0126130670883466
1043,-0.000576039550963152,-0.000108226681030246,0.00225684133425221,-0.000678642807484057,-0.000394329378455048,0.000853611503189966,-0.000232365869727142,0.00273645001459603,-0.00717646459525581,-0.00196675637868442,0.00420543745140934,0.00586140258361419
1044,-0.00996473561931104,-0.018033143290667,0.0135299317806732,-0.00397150752999032,-0.0265575079521524,-0.000467563883253663,-0.00829893399902662,0.00428424434935561,-0.00385546659144818,-0.0113857905212365,0.00782081747899858,0.00504962949631819
1045,-0.0216886052610702,-0.00382092449781466,0.000370811785966931,0.00624692442065263,-0.0284204782358915,-0.0205774149591625,-0.0051784213806068,-0.0070478163839416,-0.00384468960028848,-0.00924632849301539,-0.00658828129883158,-0.0122895162441914
1046,-0.00652684436513016,-0.00776818757049091,0.0172105385213877,0.00588565935603254,-0.0120049297874397,0.00356252248571165,8.51484538774952e-05,-0.000489853306472276,-0.00132454274849882,-0.0053207214580064,-0.00116545911838085,0.0163540893304668
1047,-0.010801786346167,-0.0301234022945982,0.00968520047171955,0.00951356935549098,-0.00840285119976244,0.00901945273835564,0.00290608505049119,-0.00227491418657451,-0.00596847108581255,-0.00886248338102821,0.00463755534854187,0.0046091325573854
1048,-0.0228759905961663,-0.0060239721968243,-0.00676500912983635,-0.0315247860511045,0.0105466530114861,-0.037146539353149,-0.0154932333502638,-0.0438198631334069,0.0108482630135239,-0.00105522229813297,-0.0167302674354561,0.0318797005670575
1049,-0.0232082818116645,-0.00188376851360329,0.00043861998564968,0.00601179506936615,0.025145873548472,-0.0200196027329244,0.0185380030460928,-0.0127608363090897,-0.00886489898158205,0.0214706114043557,-0.0068011459264742,-0.0110601451144208
1050,-0.0138112215644924,0.018119114287797,0.0125719618430735,0.00491052999610709,-0.0109838080306552,0.00659982967337586,0.0191203529586357,-0.00107147075391603,0.0284051784419777,0.0221261289655675,-0.000410010123276914,0.00672031394749975
1051,-0.0273307244799686,0.0304928871696064,-0.02816256184143,0.0050147859295953,-0.000292917431140442,0.0393544170998918,-0.00827085982589625,0.00793652727356398,0.0179878771612926,-0.0396777178314471,-0.0334031484164718,0.0362461984153784
1052,-0.0129449537427331,7.41059519903477e-05,0.0252300653357705,0.0371113892571068,0.0055974938228576,0.00641200449509336,0.00208239840434264,-0.0277167121941951,0.0220838181943332,-0.000336113573324078,0.0045600706318591,-0.000773139472234803
1053,-0.0227743430924812,0.0175351522398783,-0.00597286412762268,0.0428272224767578,0.0103341248002041,-0.0187420704009374,0.0103976407796725,0.0145757803457127,-0.0113393470187024,-0.0446056858885128,-0.0234480579761977,0.00843370318249036
1054,-0.016021522510363,-0.000215756055697631,0.0181450425568884,0.0444444891866616,0.0112371880139663,0.000231424384341527,-0.00772880707112586,-0.0341224918203664,0.00698685134760319,-0.00500423936275169,-0.0127230732869414,0.0101539956866395
1055,-0.0237371306004295,-0.0276857392773126,-0.00990468126761398,-0.0171783721030848,0.00960083443564929,-0.0191519251465087,0.00625499120102452,0.00178318730288322,0.0119016071958829,-0.00781981365517889,-0.00872777657057104,0.00186398293448788
1056,-0.023837472461834,-0.0241648766411373,-0.0115854697951412,-0.0199222476839706,0.00887512512797248,-0.0257114461239341,-0.00133558314545204,-0.00515000152660591,0.0224756662377872,-0.0191907538597499,0.000407263813495425,-0.0130763529525898
1057,-0.000323960731981137,-0.00111090923134836,0.000487891941247915,3.15425266421896e-05,0.000116491168782213,-0.000671674978251566,-0.000219038290907723,-0.00170840836121702,0.000899746648225434,-0.00287506449934365,0.000857357422954561,0.000784101723217247
1058,-0.000547575385910886,-0.00200068946688949,0.000202123434991574,0.00164137773085963,-0.00347794600506882,-0.00205615312796832,0.000203879695687413,-0.00132497509854908,-0.00113249216857471,-0.000916225412897842,0.000977925161027925,0.000904414835691409
1059,-0.01843969749513,0.00267211496891493,0.0145330270259872,-0.0139963477993863,0.0250460554496961,-0.00462134768173141,0.0121497940100764,-0.027833256122226,-0.0116224437662464,0.00130363265103692,-0.0277580230222022,0.0209992520137804
1060,-0.0314892027405456,0.012294012518794,-0.0379145967010386,0.0250930787123073,-0.00386777877376054,-0.0039682865466826,0.0367335299492607,-0.00102632496076363,-0.00118234174677481,0.0352029234916736,0.0293451345199133,0.00388647882295486
1061,-0.00541753894784199,-0.0131627294499518,0.013832426904309,0.00976116727344568,-0.00328854729132156,0.00293700838106691,0.0037346711728349,-0.00198786963351629,-0.00571103877306292,-0.0091879963024547,0.00767468499922012,-0.00390130646560232
1062,-0.00171433483903277,-0.00623281453003215,0.00319730950052764,0.000116731397261546,-0.00536243848170416,-0.00048195750046592,0.00304457162967632,0.00232498661976453,-0.00205527252799072,0.000157682163164695,-0.00260732105490926,0.00784020155206657
1063,-0.000328070571583582,9.06923867995296e-06,0.00135973569129734,-0.00049871764898614,-0.000269772247877383,0.000449223756645226,-0.000140231288264083,0.00141540281429747,-0.00358078327506164,-0.000915825483378455,0.00208406101501661,0.00284751360755774
1064,-0.00840398146474796,-0.0201157810354534,0.00974004153717299,0.00280644769996591,-0.00195478413267513,0.00849979221759736,0.00623191377996892,0.00273892221643138,-0.00199257262862985,-0.0101710954674751,-0.00749599970076539,0.00700095111127743
1065,-0.000982706631715453,-0.000587270259952497,0.00153364291258888,0.00231897607696299,-0.00244981129016417,-0.00210515307330143,0.00109405564103413,0.00256537372312231,-0.00583023230481183,-0.00193106103182744,0.00339565854832778,0.00919439047642396
1066,-0.0259511739444105,-0.0171768744150751,-0.0203732215325584,0.010388131581881,-0.0148053186499038,-0.0274158412204627,0.00410009999223351,0.0127326740521346,-0.0187959271593133,-0.00712969126199293,0.0152616143389112,0.00563681133651279
1067,-0.0318207734538049,0.00498816931102951,-0.0413744848808688,-0.00424235562758649,-0.000534976316271953,0.0253067318789849,0.0485386757616313,0.0253922262603425,-0.0100886643906354,-0.0111656603391962,0.0163014027673143,-0.00647148963384756
1068,-0.00205231509126146,-0.00740865232335587,0.00258006970486307,0.00596747750518993,-0.00823018848490208,0.00597297699498649,-0.00196030389556092,0.0167620116291316,-0.00701132893186813,-0.0129038755942642,0.0162392395286561,-0.0136694052853192
1069,-0.0184441793015959,-0.0357065884859205,-0.00421513927482536,-0.00647791751418906,0.0118952491389681,0.00295897983468715,0.00338758187852733,-0.00296497012689635,0.0124980552530573,0.00496188385799764,-0.0154055693310595,0.00512633262274873
1070,-0.0111138898693813,-0.0264933837116267,0.0114690562414215,0.0220999868831737,-0.0043161789333732,0.0108702591946161,0.00931184453902149,0.0121977596492078,0.0126553224169266,-0.00125510017792891,0.0169977807377055,0.00209012210949458
1071,-0.0093958894304623,-0.026382493998854,0.00626627925043957,0.0193270651487334,0.00647189405389033,0.0241433991507138,-0.0109612424681518,0.0129555197864909,-0.0232943682272152,0.00513293865664015,-0.00137534637180458,-0.0121060223252037
1072,-0.00536334029460873,-0.00633491102324251,0.0115036312568012,0.0153207497869092,0.0104145941331581,0.0131523907644835,-0.00206083202353693,0.00928383536462701,-0.0275456253991208,0.0106876062475383,-0.00100324623624234,0.000731876206574463
1073,-0.00780527595823234,-0.022077112469546,0.00799097916758439,0.0170205633276497,0.00449418135034381,0.0101868271416722,-0.00863990916817005,0.00955412931564096,-0.0243780317086402,0.000331204545756179,-0.00173909258121273,0.00109451895729146
1074,-0.00203538988809402,-0.00387343651657111,0.00732310237430216,0.00306990664664128,-0.000984422171293504,0.00444352397958701,-0.00262192448733078,-0.0029032244279693,-0.00866980065361744,-0.00291936857561146,-0.00459405283955178,-0.000302286173674223
1075,-0.0161106572207759,-0.0373201557058774,0.0074300258641415,0.0062812636607703,0.0033877007697266,-0.00746519767070136,-0.00551996531251835,-0.00126489448526027,0.00990781081233129,0.0106199756988865,0.00561850667641076,0.00379499531978221
1076,-0.0169705924376221,-0.0345475109872072,0.00231897168864361,0.00364000096452835,0.0107508011681201,-0.000144605591030324,0.00123639589872361,0.00410375450565442,-0.0044257790607807,0.00899210240943681,-0.00974069787721213,-0.00605701768335006
1077,-0.00703417335869466,-0.0160513799807006,0.000819915735607149,-0.00388628717299818,-0.00942455108115891,0.00250123290204305,-0.0176074428083861,0.00602458255438719,0.0181063423037527,-0.0104077871130605,-0.000246086814294583,0.0121967517015965
1078,-0.0035664082027552,-0.0147462679487775,0.00578987563123688,0.00454364207467383,-0.00512326016979061,0.012358607462861,0.0054257846294598,0.000827272174074574,-0.0120475023903538,-0.00446946803668881,-0.000416441570719296,-0.000616005434933118
1080,-0.0131620009250526,0.00725834356431934,0.0275402346582013,-0.0138994964936201,0.000410834157121761,-0.00889586868384255,0.0103557494147703,0.00319142643326643,-0.00615619616448301,-0.00121677297178451,0.0012563136748279,0.00829826821478031
1081,-0.0049230475028324,-0.00173000793694963,0.0158172848459537,0.0091977190320456,4.82548352416391e-05,0.00441681773522026,-0.00158907780785178,-0.00840435526793959,-0.00900561199433724,-0.00246175033547049,-0.00212372572756833,0.00107832692081539
1082,-0.0103141375155334,-0.0263935644420112,0.0100788347840985,0.00448195128229614,-0.010103056264934,0.00741567109999861,-0.0120203600928902,-0.00511912333870213,-0.000995415571007287,-0.0233651226855144,0.00993890242514597,-0.00776825715830561
1083,-0.00330777530432292,0.00564732140963804,0.0117521968704706,0.00340604105335035,-0.00737775380902575,-0.00507688188330184,0.0010743456862321,0.00347469075443729,-0.00113775648328271,-0.00546387063504015,0.00559016823061942,0.000952044222131936
1084,-0.0241511753951231,-0.00412685598205575,-0.0245681299010447,0.00220046093045029,-0.0259380637397337,-0.00196322283736257,0.0270760948095374,0.0263936274972518,0.00454385218201697,0.017709390855824,-0.0135094196309677,0.00632698530034098
1085,-0.0284537477574267,-0.0060116685688252,-0.0307889342781281,-0.0265753627404726,0.00153837439163327,-0.0248372472744281,0.0126145437671711,-0.00258455906994,0.00963956837813906,0.00566832233511683,-0.00641790723176702,0.00105365179318007
1086,-0.0178307898983982,-0.0205445567985276,-0.00261293442529122,0.0204115673153651,-0.0101539862252521,-0.0209411373472733,0.0145541893358966,0.0116373859835504,0.0314992244673351,0.00775026671400783,-0.0140909341768633,0.00191042901824153
1087,-0.00241950733476034,-0.00834027263193317,-0.00295578406073042,0.00214889846461928,-0.000532751445616653,0.000382734163926499,0.00528479628429264,-0.00116035835525588,-0.011584208326962,-0.0048378760690931,-0.0102602366601819,0.01305061804802
1088,-0.0237321212680398,-0.0120147501148133,-0.0274600087809338,0.0266766293816841,-0.021727884128403,-0.00403297529076103,0.0405851649650423,0.0317525208335587,0.0318475278775911,0.0101191785104668,-0.00998839150210476,0.00763797999188865
1089,-0.0173773813376611,-0.0392673682879878,-0.0144209692900099,-0.00948266460248772,-0.0193324299868663,-0.00155002635601993,-0.0138170183063153,0.0174179120199932,0.00566970450201927,-0.00279181329162745,-0.00246611390002192,0.011018908222515
1090,-0.0180686564810007,-0.0282423079479011,0.00786841358402207,-0.0405762665579775,-0.000951960888321516,-0.00985438220795789,0.00625276941522312,0.0115545320502075,0.0137938264924206,-0.00714529700672714,-0.0121648825275559,0.00544798480737584
1091,-0.0233684196000478,-0.0322459975174486,-0.0171134081647967,0.0204853891100384,0.0189347676933827,-0.0105769246226787,-0.014691015289718,0.00716776999084832,-0.00738011231479634,-0.00780801971056192,0.0260172528489476,-0.0196893592799945
1092,-0.0258142486104447,-0.00590790706581788,-0.0325945417290322,0.0163290959521452,-0.0158290191635342,0.0190889040168096,-0.0243511505830038,0.00139520787645055,0.00451566093991035,0.0285393369906221,-0.0530952911074898,-0.0194278814600966
1093,-0.01321485121794,-0.0262789054173456,0.0146401944822454,-0.017146733496635,0.00594296718843414,0.0049496473679674,0.0142346784399799,-0.0010460737964915,-0.0173118463358896,0.00758313879296005,-0.019331175180432,-0.011269315961076
1094,-0.00544690913713241,-0.00400375707779799,0.017923043459096,0.0101807604191205,0.00334423162821127,0.00489721089130581,-0.0115890431004436,0.00496380483115887,-0.00338056112144782,0.00297877776889196,-0.000615397229751409,0.00362609218858003
1095,-0.0251211102123231,-0.00536909379545442,-0.0348892805385154,-0.0295916759798436,-0.00559489265824147,0.00111136161298158,-0.0315990813230147,0.0177372338706084,0.0375391515583636,-0.0192487926828899,0.00603046472690856,0.0474301213648142
1096,-0.0177717284758735,-0.024519316309664,0.0111043714686628,0.00018984419214174,-0.00369433844437937,-0.0112106599944465,0.00815676368184699,0.0148330779164924,-0.000303659213230783,0.0111394386145458,0.00645141286663268,0.00402426654463402
1097,-0.0236773850069918,-0.0228111140880673,-0.0182671919048337,-0.0198546908906102,0.00727900591056495,-0.0243768509319682,0.00417634116510109,-0.0135221046992005,0.0203213549012925,-0.00734793591952955,0.00357050537037477,0.00455642551547722
1098,-0.0220325765253435,-0.0201290416069716,-0.0192454135371001,-0.00089344581310836,-0.0157217893473752,-0.0227393587792065,-0.00446770135459749,-0.00836407388285457,0.0187441192152568,0.00144632362716769,-0.0509667037439838,0.0159399122153879
1099,-0.0163337840024857,-0.0248225988800173,0.0105254374608783,-0.0186566342353517,-0.0156094526774795,0.00383444141721001,-0.00678567735901782,-0.00702916779266814,0.0111589773443181,-0.0244665333053643,-0.00793982234856244,0.00756219683351072
1100,-0.0258709905274426,-0.0110000142474203,-0.0270304747906097,-0.0338797187005008,-0.00480303133146002,0.0137661383702235,0.0265307539449711,0.00969071744916348,0.0116656042258185,0.0126537843638887,-0.0294124806960841,-0.00401063974084979
1101,-0.0220251542971358,-0.0352055397108777,-0.0198031028276619,0.0170965628246124,0.00130096531763257,-0.0136715774477345,-0.00774522676577579,0.000505531774183973,0.00505829637434998,0.00330252613227094,0.00455954204956403,-0.0222815334448645
1102,-0.015547013446181,-0.0274689206797794,0.00904901781841756,-0.00883563907331635,-0.0168999213776619,-0.011665809566084,0.00498056858696655,0.00126576909677423,-0.00675194462744114,0.00690398410042254,-0.000203611530674167,0.0208439061352427
1103,-0.016976257587606,-0.0124129210431033,0.00350008020107043,-0.00771119303621118,-0.0248438728187276,2.26942491249862e-05,0.00920397752538783,-0.0169748456281083,0.0156708489895584,-0.0147217208634477,-0.0245491205488779,0.0144188968783929
1104,-0.0178091687116673,-0.0352772057965602,-0.000727377239857827,-0.00131703378643947,-0.019367799213711,-0.00756941975996259,0.00525470211704623,-0.0016213893419568,0.011302752425963,-0.00492130029554818,-0.0142692595388431,-0.0084869091632477
1105,-0.0331967832702197,0.0101139249408621,-0.0497673637385072,0.00774780269567854,-0.00861727001080951,0.00609784151378098,-0.0272962726633886,-0.0324255478067493,0.00612146434596759,0.0187743912255835,0.0369803388155132,0.00874273680328165
1106,-0.0200724698740748,0.00460302666527935,0.00797832647235762,0.0311037070965246,-0.00657283707781092,-0.0338891217729313,0.0124444353598016,-0.0246379571248968,-0.00446721488085724,0.016513865610279,0.0219399619370339,0.00123447366836012
1107,-0.0320303996155994,0.0241229035523304,-0.0372910425991491,0.0182835552402126,0.00652077874630327,0.0231001807515236,0.0175645264733366,0.0145588053796246,-0.0260908855829018,-0.0925153577605191,0.0644293830931756,0.113786519124071
1108,-0.0319820975470977,0.0204475359007513,-0.0413296269609056,-0.00565791618600886,0.000993157452994821,0.00702641026899986,0.0468906126171737,0.0151199491014973,-0.0133381555042729,-0.0245757534243769,0.0161466525758129,0.0668127546618831
1109,-0.0335344324746328,0.0232651602588586,-0.0368631012321931,0.0122557923004756,0.0184537255709988,0.0172083161493938,0.00122035481132376,0.00676369883125056,-0.0503715877433341,-0.0617881247903489,0.0197425343207347,0.0479174430068066
1110,-0.0265509926052122,-0.00902520355484582,-0.0360100710018351,0.0381511630013719,-0.00847004607350194,-0.00141330884596563,0.0363818999539337,0.0371093748514341,0.0560728728557893,0.0123860791468077,-0.0230061290744897,0.00294395708192117
1111,-0.0291765412442491,0.0196049604317826,-0.0276206102005324,0.044047553251441,0.00569047832649808,0.0101858944749689,-0.0153410358911,-0.00349267149556266,0.00497123526851695,-0.108171290922502,-0.0414895653772227,0.00582936916594199
1112,-0.0274244250213354,0.00618570033132795,-0.0221825170034556,0.039448827640487,0.0218792791666451,-0.0411325263420291,-0.00509791305646219,0.0252870180105923,-0.0183005454595208,-0.0216302637830265,0.0395335424830856,0.00726763217424942
1113,-0.0140300788872127,-0.0347423423503472,0.00538977689336949,0.0145475580789426,-0.00437237667693511,-0.0125275684965279,0.0108744518623668,-0.00245793690002804,-0.00447869465814321,-0.00721954559659848,0.00203062589564101,-0.0137198126576181
1114,-0.0301741834432908,0.00361335592548396,-0.028544454786226,-0.00565480618421309,0.0241464331157261,-0.0184016656399235,0.000261545359039067,0.00289464393505403,-0.00337506138483288,-0.0166777331025124,0.0222942556791113,-0.00931220620109893
1115,-0.0296566803861811,-0.00538025140192652,-0.035421574197564,0.0125956780880596,0.0296606432902533,-0.00688213932276636,-0.0170871457897906,0.0274931626091366,0.00296198917593766,-0.00379584594978193,0.038997349881656,-0.0244358536750529
1116,-0.0182377167064116,0.0258966587700737,0.0111388877314014,0.0295269535314936,0.00204505205113828,-0.00856516098376668,0.0487075687212393,0.0298798165015953,0.0121434508136256,-0.0361538135943853,0.0181400952919621,0.0323453427060326
1117,-0.0280181251133012,-0.00368978184407287,-0.0408836508956377,0.0538900104582421,-0.0184364165328147,-0.00433404549446084,0.00535213728313146,-0.0354377810206026,0.0398725602867112,0.021717407193904,0.0210870089749421,-0.00662628184975176
1118,-0.0305397577522858,-0.00581666269127843,-0.0328728922439604,-0.0145825512006697,0.024691515749504,0.00222296287934908,0.0065757236015503,-0.0340111219475938,-0.0135624921271735,0.00872940381601646,0.0181812941645046,-0.00973050747035483
1119,-0.0296274132623976,0.000280255309659579,-0.0358368546917065,0.0288268668180435,-0.00436180683019525,-0.0250088532996687,-0.0305648574271952,0.00697473138682848,0.006315095774491,0.0201229306043975,0.0472158194934083,0.00157484003075116
1120,-0.0201910042491712,-0.0218871517061703,-0.000220412306105266,0.0374103059099805,0.0253624668756636,-0.0177200865389727,-0.0128773804532096,0.0254004327999591,-0.0068181188381031,0.00517123310073487,0.0140531336371272,0.00911384111670239
1121,-0.030254853671681,0.0328618073490623,-0.0329416504309217,0.00620695121882419,0.0109569811785208,0.0268040553993799,0.0103590458549302,0.00833806497971815,-0.0167474761216428,-0.0639628731642894,0.0690991526263889,0.148977940079891
1122,-0.021030719155745,-0.0347192366029196,-0.0126028856774836,-0.00242733214608836,0.00411906480450978,-0.0185731479024913,0.0266959765250379,0.0170048603884159,0.00942042832949548,0.00251139089336381,0.0086174538194541,-0.0077762181059479
1123,-0.0253991008590857,-0.028515192487274,-0.0279603469064111,0.0164925513297302,0.0284463028844871,0.0160080987279364,-0.00155744531021596,0.0157826845318909,-0.00239096174340954,0.0300345352325392,0.0213452107645267,-0.0020631726420141
1124,-0.0307692126701762,0.0108052187075028,-0.0436002384205522,0.0236618929642262,-0.0256845928208715,-0.0162586671747389,-0.0475710415807843,-0.0391448076482278,-0.0395336575539623,-0.00550469635032962,0.0416600257745113,-0.00778895173557883
1125,-0.0298178752766121,0.0132357108258573,-0.0322975337757195,0.0420213048115226,0.00968490842356094,0.0212579592556308,-0.0239374116576555,-0.0167356000827173,0.0170924102783772,-0.0761305078528247,-0.0487970749375337,0.00800017726264322
1126,-0.0251630072027121,0.0218862556025164,-0.0211043972435742,0.0444587325954843,-0.0159835610832025,0.00530443112041625,0.0343455760474586,0.0284576135219003,-0.00176988383473835,-0.0190540063662779,0.00922646491290488,0.0124711809653542
1127,-0.017612798396277,-0.00852129969435415,0.0170820731060245,0.0107276802407708,-0.0105839151179812,-0.0188068696479844,0.00497237575542573,0.0188731115654583,0.0402066844097909,0.00982512182127543,0.00346814441917117,0.00378410820218783
1128,-0.0249114358633974,-0.0237142709422884,-0.021271447303461,0.0177224908621896,0.00957730353604983,-0.0214763293900214,0.00263771559847183,0.0263173397772399,0.0182659497499319,-0.00557366024321758,0.0272591604826092,-0.0109062392710771
1129,-0.0243329504662886,-0.00167642771757069,-0.00867440887680316,0.0442591227958348,-0.0117456609645281,-0.0165901264157065,0.0101834535780169,0.0369648035226868,-0.024176523597264,-0.0232297341225508,0.0113593553294853,-0.00401557920484246
1130,-0.0297361932175883,-0.000424088998669499,-0.0347944906332114,0.0251742908337166,0.0120234596253705,0.0365153626700701,-0.0215806404964824,-0.048084462608213,0.0152975964905758,-0.00330244711460188,0.0156469354330654,-0.0262287591409524
1131,-0.0275450221830126,0.0144401294467669,-0.0244398949025153,0.0225756944796271,0.0207439458514521,-0.038858220001708,0.0412970775790734,-0.00214172576143293,-0.0274339125780032,0.028186791009487,0.0134119412769387,0.0349914775830754
1132,-0.0318555142856802,0.00804814696909748,-0.0439995967547088,0.0245154849457636,-0.00173786483826896,-0.000418581395615513,-0.0433049019650081,-0.0361927670807024,-0.0400299650356103,-0.00320770273026338,0.0545729518695861,-0.0105674706978826
1133,-0.0289336289204541,0.0110416551083112,-0.031697501401057,0.030090073780884,-0.0130785074117631,-0.0284282648919094,-0.0228091393769151,-0.0152580709090421,0.00895713949291032,0.00357115097550518,0.0463095280935029,0.0108020052542129
1134,-0.0286063812665723,-0.00208347844538554,-0.0307069874787688,-0.00483862771032708,-0.00373937976212415,-0.00264277771337366,0.0645699173441494,0.0173027286903434,0.00113604307250123,-0.0141427277535626,0.0267317103091794,-0.0214198083970872
1135,-0.0282999678252129,-0.00609626819926354,-0.0231855294824988,-0.00136278711880692,0.0199626703448883,-0.00786876849943998,0.0140093676568218,0.0261946059152472,0.014511111342741,0.00401796514812674,0.00813869029189076,0.00173216185226088
1136,-0.0302200941327285,0.000548535872198248,-0.0370695949734806,-0.00639387294317595,0.00910768022475869,-0.00700066941986187,-0.000747599106291655,-0.0107786321324021,0.0238160224378586,-0.0100971702075459,0.0046641045742123,0.0215089307137049
1137,-0.0224216296539607,-0.0111642434869016,0.00412027123333445,-0.0060319038526607,0.0521268802465823,-0.0110829550774792,0.00729197973409334,-0.00387627832862559,-0.0117981109503321,0.00314276490696399,0.00812044300236209,0.000433227788170101
1138,-0.0213995599412928,-0.0170058078788993,-0.00280480954166712,0.0197772247134594,0.0140576510735193,-0.0383854941268015,-0.0250888225757276,0.0133104592011801,-0.00283389981860686,0.0101019709988066,-0.0149128196852282,-0.0172724425379034
1139,-0.0265399298150186,-0.0130606774349316,-0.0303022618352928,0.0261770659750639,-0.00371651415806688,-0.022023762165548,-0.0262383777072261,-0.0383017341442905,-0.0142926780527061,0.00817652982902119,0.0135367717156078,-0.0156243149053834
1140,-0.0285808018973571,-0.0129715505485233,-0.0506208412984913,0.00114178681176966,-0.0145845737834677,0.00864597043660463,-0.00421861049501516,-0.0217399735834363,-0.0419472214866063,0.0348787682543799,-0.0363777800165067,0.0120689497513807
1141,-0.0275570618974293,0.00211900645972468,-0.0220747313927698,-0.00666430532879571,0.0210077980546734,-0.0228526204833541,-0.00446959886538001,-0.0140245337325402,-0.00324803414860167,-0.0240954133257705,-0.00672564739692637,-0.00809079612446829
1142,-0.0125637772981386,-0.0283260304000376,0.00616962213009958,0.0322804007667164,0.00356371666591625,0.0130450227354956,0.00635909687260454,0.00912985918892666,0.00843257002409538,-0.0112917864851164,0.00841044536399686,-0.016997287075142
1143,-0.0306003199248999,0.00183529654081686,-0.0360024634913779,0.011783274471002,0.0111651933557566,-0.000204351105452662,-0.0245935960488042,0.0346909635619269,-0.0074034462108949,-0.00515900792856056,0.0126151988788142,-0.00951640050986414
1144,-0.03006949738213,0.00456828676099434,-0.0287404445009383,-0.00587999846160359,0.0280065444304106,-0.0299489624371573,-0.00607485622966766,0.0106708686968565,-0.0383148581085235,-0.003850434349704,0.00670980453590396,0.0155890739540717
1145,-0.0274289817646706,-0.0105592913554277,-0.0273744684665517,-0.00606766151615406,0.00254288377405099,-0.00694184437896047,0.0286071548351371,-0.00564644164002327,0.0182163307960147,0.0286013048934462,-0.0300684932455649,0.0493321399584395
1146,-0.015633796188086,-0.0367012117109058,-0.00568797024809953,0.00308832465751849,-0.0402696018544723,-0.00605284208890558,0.0266234856592299,0.00882913909322783,-0.00893127928260756,-0.0143194465105899,-0.00242328139396375,0.00458231272457853
1147,-0.0231113783629687,-0.0322352472852597,-0.0229273461347982,0.0169010115419198,0.0161348970786089,-0.00392793358642454,-0.00711044265294018,0.0123387644537659,0.00491492099546737,0.0183958110223326,0.0378896108660685,-0.0148155396647645
1148,-0.023090500283534,-0.0246815221240071,-0.0162595091977167,-0.0132355958747412,0.0180470773875565,-0.0258623156055355,0.0189739538913228,0.00849812379404032,-0.00898068610281343,0.027691627935118,-0.0237163146888977,-0.0143149996806214
1149,-0.0299728576272014,0.0222836558830259,-0.0271507053375861,0.0301503528094519,0.0160452160477913,0.0102169906547856,-0.0204534148712699,0.000275502721248349,-0.0115473868088038,-0.0752734419733741,-0.0667077104019669,0.0260991316907761
1150,-0.0144324901834175,-0.00509359277544941,0.017628984585689,0.0335808605785336,-0.0183994646965371,-0.0103049272144835,0.0200423574834168,-0.0186668183339711,-0.0029080285358719,-0.0264987444819857,-0.0086378793779062,-0.00905338872363207
1151,-0.0303966387943483,0.0170583777382644,-0.0297094544413104,-0.00551600898666466,0.0145609530851806,-0.0165361042995238,-0.016112315023684,0.00676659402006105,-0.0072704793093211,-0.0398163183378556,0.0219165195140322,0.0149983330919901
1152,-0.0240425913839886,-0.00658034940768945,-0.0159314307282727,0.00271231438296898,-0.0246056957469036,-0.0204186892115196,0.0386641629688645,0.0455208651479301,0.0307310934845936,0.0119199980416367,0.0214050760815723,0.0190039868976785
1153,-0.0256758433520947,-0.0201593164305534,-0.0381846304034447,0.005294430711426,-0.00735189134573491,-0.0214772856161709,0.00040788758047663,-0.00236653526998676,-0.019839864605436,0.0171768062544321,-0.034715510354545,-0.0093063762200635
1154,-0.0238861493404273,-0.0119014796909593,-0.0147733691928954,0.0137890598740183,-0.0156266559924992,-0.0276687983022898,-0.00358700123375863,0.011094906562686,-0.0126362393476289,-0.0153277613595665,0.0256880488499439,-0.0144857266788942
1155,-0.0273996133276106,0.0134280630634159,-0.0172215088675867,-0.0350675323841106,-0.00619599556495728,-0.0380248083695671,0.00554168987293935,-0.00607842967485837,0.0375598958274092,-0.0218104870271841,0.0142528033505652,0.0290241146964426
1156,-0.0294457467666484,-0.00777544957595209,-0.0379834828060969,-0.003998258225255,0.00709979113375269,-0.00847441959787261,-0.0177995092876812,-0.0414505798964151,-0.00459589348385915,0.0288891209314628,0.000280464712872496,0.0123303824353693
1157,-0.0242011632591064,-0.0221225825570029,-0.0284645203573641,0.0407219182613779,0.00806396319009509,0.0108028417749565,-0.00605023749872551,0.0290697151948671,-0.0191539419463109,0.0379627457964509,0.0264396059284565,0.00564031798229367
1158,-0.0285770618598316,0.0116181306569148,-0.0268424726512529,0.0209377630181812,-0.0245861274513774,0.0145231303952048,-0.0139059951395787,0.0222120916275045,0.00718607922167818,-0.00390955193400957,-0.00135746383764153,0.00571420435263185
1159,-0.0303594756051462,0.00208093681625234,-0.0320898711734108,0.0033930521157297,0.0277544768362072,-0.0106116691455065,-0.0222264214090503,-0.0051463917559077,-0.0124976093875367,-0.0123307800700472,0.0407666419363036,-0.00957961982279844
1160,-0.0194785630529764,-0.0409699335157719,-0.0187448610860602,0.0127619793610801,0.00842557166941677,0.00380330769416633,0.00242393641554917,-0.00724991174798498,-0.00542210225381172,0.0268555559546124,-0.0064950469084983,-0.0104899324622945
1161,-0.0292141908026904,-0.0105633278643596,-0.0440731482640346,0.0191340012094989,0.00490680942881244,0.00573881723359848,-0.0258875445801247,0.0162774242817174,-0.0241479144186877,0.0361462764170665,-0.00465695635691134,-0.0175597853550195
1162,-0.0264204678562073,0.000804053377465368,-0.0169651226038142,0.0285901607522629,0.0440883756114045,0.0241142882686487,0.00178110735224327,0.0155693962534587,0.0230397914750612,-0.00866587224410797,-0.0198944992559572,-0.0360129694569428
1163,-0.0252410127126832,-0.0210557697104788,-0.0227611595439194,0.0170748821080157,0.0461709422502987,-0.00105931878118681,-0.0125344418747874,0.00727155036779783,-0.00947340807874663,0.0131105372708395,0.00992335630757277,-0.0140341248804535
1164,-0.0121832214632781,-0.0107688602662964,0.00868580031487903,0.0383896350305917,-0.0132776131875264,-0.00410531138566086,0.0132967133579972,-0.00917368135151885,0.000448755475152569,-0.0127235809256115,-0.00179726463499925,0.00601889590796448
1165,-0.026242529904609,-0.0165128970019713,-0.0259470928169222,0.023382149545821,0.0264911708688795,-0.00748836497731471,0.0361811776721249,-0.00364299873388954,-0.0247734250967103,0.031929989197204,0.0118800734175874,-0.00206896326115986
1166,-0.0245509198152642,0.0129059077745061,-0.00449748305826132,0.00709155260778938,-0.0132293975001179,-0.0403552858345922,0.0475745950211049,-0.00494533904140827,0.000576734986359304,-0.00739029283346983,-0.000871517531893897,0.0281156700703945
1167,-0.0287390137225575,0.00995803743930112,-0.0306159912808237,0.0280239079503054,-0.00796343477080793,-0.0184337739430228,-0.0168103808196172,-0.0617471586522855,0.0472578234795283,-0.0157535299611144,0.00505449094929509,0.0039730674303053
1168,-0.0307214293308042,0.0179393918080071,-0.0383289473469826,-0.0072518602338325,-0.00211497018964109,-0.000217711178889553,-0.00175985825546463,-0.040811298978334,0.00197991254556256,-0.0186359402489032,-0.00113641090723607,0.0651200507762187
1169,-0.0216906593067637,-0.0378468589624428,-0.0217331790512044,0.0244672562307005,0.0108678647327353,0.0134538785739585,-0.000572923771721387,0.0237266180765846,-0.00393226286270756,0.00776041542261366,0.0201540344085776,-0.0200459890203834
1170,-0.0237665498690624,0.0110032718924711,-0.0175862150226305,0.0544398615349302,-0.0203105388714992,-0.000273602864034966,0.0318752796458572,-0.0127561647260242,-0.0050624209816483,-0.0247018393771165,-0.00763396806369297,-0.0327534082108952
1171,-0.0298259594214975,0.00647854056771768,-0.0239935798006247,0.00944998868388397,0.0303096471859038,-0.0198496504473587,-0.0113715832159864,0.0213145461498012,-0.0203183612670472,-0.00591725991632816,0.021193222042628,-0.00976161545845444
1172,-0.0268842426232002,-0.00565689708818945,-0.0226837354015883,0.0143118558697797,0.00146752004576119,-0.0400375380546045,-0.0448528103904559,-0.0212689248059502,0.0181394248585118,0.027688553041543,0.0154567458725543,-0.000622946175795266
1173,-0.0220683682035178,-0.0283241855141248,-0.0153394672773802,-0.00240355164217751,0.0151276380687554,0.00163700287179435,0.000355868263737273,0.0125720623122611,0.0217396518521308,0.0124812517619626,-0.0250424958533734,0.000723253613835681
1174,-0.029336980784381,0.0129226961964189,-0.0310463774164079,-0.00515507463924199,-0.00708750782826912,0.00988734828574927,0.0280686896011184,0.00327356867398746,-0.0605935945101361,-0.0236199844128905,-0.0348274136016948,-0.0646195776840119
1175,-0.0291489983283632,0.00836496714237732,-0.0325057886828657,0.0239845695952,0.00896123539950031,-0.0174931515542225,-0.0290216397402058,0.0357772650998228,-0.014389579186674,-0.0189765606373127,0.00339896993354973,-0.0023456335333981
1176,-0.0284613334691663,-0.0109498572031871,-0.0340976885086112,0.0184817774335271,0.0147749497834221,0.00186386015023876,-0.0117987717849184,0.0113308255466339,-0.00678728267966614,0.00541987562292467,0.0291537181375712,-0.0202988578634298
1177,-0.0208001972071281,0.00847121519467831,0.0080275987122993,-0.0107799243531076,-0.0271517599685825,-0.0223602191549592,0.0164747639327668,0.0231349724691909,0.0157831988304191,-0.0135869317640069,-0.0174683065074162,0.00677836115478825
1178,-0.0291106689989576,0.00422568624308564,-0.0272787703954772,-0.00214316642807057,0.0238042275618695,0.034880578629941,0.0136346662566037,-0.0046928358827501,-0.00376776368231628,0.0188310880251681,0.00213136639424629,0.0251071178613846
1179,-0.0300652625597376,0.0281708476356837,-0.0278996409570532,-0.0054352795365658,0.0140158923631232,0.0223259610670439,0.0132358094400495,-0.0236113721530842,-0.0462789119869194,-0.0736298347828342,-0.0449934310209108,0.0569697764278338
1180,-0.0241913233518896,0.00219431457896984,-0.00500925623859624,-0.0472479607758059,-0.00159405572629809,-0.015716852242337,-0.00985658686386602,-3.91842387472948e-05,0.0282009856886918,0.00895237583119757,-0.0126857452971382,0.00583976941875829
1181,-0.0277285859186564,-0.000692867626406203,-0.0185892935727517,0.0135926288143636,0.0320357320704728,-0.0366669503088117,-0.022564362889979,-0.0033612286462667,-0.0272558404076675,0.00944362534462917,0.0232610840092152,-0.0157593901575923
1182,-0.0171884422854386,-0.0389851413848249,-0.0102838961684405,0.0178874431696305,-0.0101616294570941,-0.0282147395784518,0.0173315231382923,0.0217585070779023,-0.00411409457558789,0.0110936616452788,-0.00266856452121188,0.00328304425980219
1183,-0.0242082417244124,0.00654241437724372,-0.0146511720552019,0.0411522558941947,-0.0160633702723757,-0.00633368667217159,0.0332980201920823,0.0267605984952292,0.029378467436746,-0.00437050001122761,0.0353668478934689,0.0169263427896965
1184,-0.0247914020542896,0.0245026962150625,-0.00728896581034813,0.0280497813823672,0.0188647352919598,-0.0282466179885379,0.0200095541219915,0.0393998844890195,0.0363626291364085,-0.0207331478706772,-0.000815046018391152,0.0340684733227103
1185,-0.0297415659435826,0.000982229684430608,-0.0342683004832157,0.008514602556813,0.0183729596515592,-0.0236828371144302,-0.00429972951800361,-0.0253478988246312,-0.00765344154640791,0.0160653660708245,0.0229768386104898,-0.0110047252144841
1186,-0.0254237677830516,-0.00887222837462233,-0.0188618506252658,-0.0220894331167109,0.0115669319132798,-0.00531919596784707,0.00331797103329622,0.0249629271618475,0.005321438275071,-0.0127589664677033,0.0109223449182402,-0.000200351485894323
1187,-0.0297423740132919,0.00310535806500417,-0.0300816469139816,0.0209418442589314,0.0249808433779034,0.00600476205641454,0.0355032428200716,-0.0233529039107799,-0.00257381689632527,0.0386300093091187,-0.0320910964070268,-0.0126680854398133
1188,-0.0194426731436009,-0.0207652106330288,-0.00573346034891646,-0.0145674328356534,-0.0289123316949688,-0.0297409821855931,0.0223604691516262,0.010891814935073,0.00388063497434276,0.0280434752570973,-0.00204180250077005,0.010386294281112
1189,-0.023653234432522,-0.0242516517974178,-0.0188900767835362,-0.0196853541766716,-0.0150023429350561,-0.00438758877255247,-0.00759568228489912,0.00936836708663691,0.0024256647878865,-0.0148386200061029,0.000265118460966203,0.000489472890996837
1190,-0.0221381485335014,-0.0263938766199231,-0.013453022320595,0.000410441175450106,0.019230221810523,-0.00190037533911814,0.0286768247385257,-0.00113609153272837,-0.0148197125680735,0.0154508705701333,0.00133700247247991,-0.0211816058958089
1191,-0.0264671447455124,-0.00371237706786989,-0.0220604788006666,0.00328833056901165,0.0212203291791903,0.0328122274637745,0.0357698991824533,-0.0130270072516953,0.033096323490113,0.00407722502398779,0.0771580665460632,-0.0174740587597235
1192,-0.0240495897047989,-0.017336413212291,-0.0114234229433068,0.021193563652668,0.0503578734681217,-0.0176469830853786,-0.0175627869026427,0.0121880078291815,-0.0164103313419574,0.0113388682033221,0.0142087995817041,0.00680327057289206
1193,-0.0268612479058181,-0.012368414152609,-0.032581439610654,0.0182611858024962,0.018182016287584,0.0424708807283967,-0.0043342060531343,0.0334561641973395,-0.0188105368326092,0.0435241983243588,0.00563045212736963,0.0177442552443455
1194,-0.0250294714985166,-0.000982109425797072,-0.0210931619165773,0.00904609722944122,-0.0284394989781841,-0.0141489698105467,0.0510695209644262,-0.0136453867916948,0.0313070860743401,0.00336230363052454,-0.0438103776133541,0.00781510022620956
1195,-0.0204262914345832,0.00658052505679179,0.0167006888752821,-0.0234116026198158,0.0216189861458602,-0.0127140698298692,0.0010367817579443,-0.0183517659702779,0.0267947623591565,-0.00162198451240367,-0.0208390910698828,0.0201103097366818
1196,-0.0275927248042264,0.013264649309425,-0.0199305488694549,0.0114472500994171,0.040758480899987,-0.0124380896035018,-0.0259677186830473,0.000944348163194896,-0.0130157584279536,-0.0384054961369843,0.0398296707491643,0.00850840672956445
1197,-0.028350166182995,-0.00584185720732205,-0.0391965858626844,0.0219320889313369,-0.0130495510638023,-0.0215155086618292,0.0399437704379473,-0.0268196377944819,-0.0351515845945658,0.0332226168909114,-0.0137713604986272,-0.0268430453589948
1198,-0.0209898744017754,-0.0267286566287172,-0.00289679292069978,0.0160662793015315,-0.00318744184844019,-0.0222992086050681,0.00893640850727488,0.0120521503858855,0.0276636737542213,0.00246078127216706,-0.00718535868599063,-0.00190016132941057
1199,-0.0206806725679388,0.00304428693927505,0.0115511453738386,-0.0210156702387905,0.004694797845498,-0.0205711989671028,0.00534286426048317,0.0122547374622621,0.0285114606721114,-0.00574777567768533,5.15127419113366e-05,0.00705734027536094
1200,-0.0299506446220302,0.028540091978907,-0.0251812623712202,-0.000763474271699333,0.0135979480464701,0.000990148050309477,0.00849199120242525,0.0220110460497888,-0.0301688547961107,-0.0400636073579295,0.0179501506904387,0.0644455894527504
1201,-0.0250960020147092,-0.0152050031574654,-0.0189552483040752,0.00720231984666738,0.0169038113846411,-0.0299267536216349,0.0109951617130729,-0.00543835704799521,0.0132129955408235,0.0256177140479239,-0.0187718499344445,-0.0019600736427962
1202,-0.0273367983282554,-0.00707890615839084,-0.0212297334086769,-0.0203243383546598,0.0112405366287072,-0.0284987195359704,-0.00182385722024925,0.00942155596737463,0.0274536692858887,0.00761821823260837,0.00509248732218067,0.0152807637275824
1203,-0.0283031751878388,-0.00440608613537958,-0.0273020101512448,0.00856634692148404,0.0307500875980656,-0.00991962976890786,-0.0118675974084226,-0.0041058705329483,-0.0166959750320286,0.0413425896107088,-0.0135807500257327,0.0151729732235673
1204,-0.0187837613246055,-0.0280893193133952,-0.00284468041763528,-0.0102178420214259,-0.0100099500763162,-0.0105037288682378,0.000198699485010535,0.0202814356241865,0.0174830140653362,0.00103696572078913,0.00253145220405328,0.0193048564600367
1205,-0.0252744410983507,-0.0185305954295181,-0.0295069891435188,-0.028181994122337,0.00752105798838875,0.0202572425433182,0.013587174412372,0.0107718257622494,0.0171934500471081,0.000995196884598806,-0.0120558795904377,-0.00364439652602607
1206,-0.0227041484116493,0.0135406373174067,0.00684980975865326,-0.000636496796544515,-0.00196664083568804,-0.0359112440779239,0.045006170258912,0.00993523016241194,-0.00138382163451306,0.000540047373108246,-0.0315846472133087,0.0215707086465413
1207,-0.023026305376914,0.00542581595541759,-0.00561160251754137,0.0213061984482466,-0.0115838475216321,-0.0259247121463734,0.00663947268241452,-0.0146664866052826,0.058385592325694,0.0166808814347856,0.00638391679516248,0.00369376507243436
1208,-0.0287571808788224,-0.00554444945877578,-0.0295854973375471,-0.00279123309581939,0.0115368056459254,-0.0260304208938263,-0.0193034805717147,-0.00821795545884306,0.0200414884575901,-0.0115687338009181,0.00643776564806347,-0.0177710306446978
1209,-0.0232735941643749,-0.0304100725845402,-0.0184339442591354,-0.00806814498646191,0.000870316769847381,-0.0319808584451696,0.0144772205450975,0.00109744431808846,0.0289823246258715,0.00172101054127178,0.000154787111288914,0.00996339827615066
1210,-0.0232765375885234,0.000423848255058075,-0.00659786800518246,0.0348334416623226,0.0497099297894388,0.0250808207101081,0.0116276874625711,0.0246663212766361,0.0382967370075052,-0.00875090137469158,-0.0196809196035121,-0.0250804901852556
1211,-0.0267348527109985,0.0144468315850775,-0.0137598738007139,-0.0258342032780383,0.0098519271746243,-0.0179388011808692,-0.00606930262003703,-0.014586620950322,-0.0193212464239283,-0.0291722763489628,-0.00459485860896015,-0.0146053674214061
1212,-0.0248180335959115,-0.0147279585347564,-0.0102508637366181,0.00555260738090919,0.033484278747441,-0.0122410353970554,0.00153730894985456,0.0117535852148503,0.0145348879826779,0.0166316832369326,0.015271014152833,-0.00242113615125765
1213,-0.030307910273398,0.00793362770124243,-0.0355455701575678,0.00454662294012341,0.0271026238315799,-0.0096475450148111,-0.0192281858349474,-0.00992576177128658,-0.0275381413274421,0.0168248723240677,-0.0019011568643674,0.0572727714232856
1214,-0.0163974384615771,-0.0322632077240942,0.00350727981605269,0.0109782387047639,-0.0170510226600627,-0.0177270311719799,0.00201370414094755,-0.00583653046222353,0.0181093776469481,0.0042686334722994,-0.0082904447139071,0.0159339823327292
1215,-0.0181099490492711,-0.0155735024820511,-0.00413220976228774,0.0227842798031781,-0.0148763963108815,0.0142500462983612,0.0191590101702298,0.039708981958249,0.0438638792024491,0.0118785723582798,-0.0126629375893902,-0.00170028403298501
1216,-0.0291627269991496,0.0108247351541875,-0.0311244017977669,-0.0386042084910604,0.00988526652356446,-0.0204236733553505,0.00635574464881817,-0.0209401493163017,-0.0165216745384506,-0.00912673429872804,-0.0476865528152564,0.0324055314747781
1217,-0.0118951199196966,-0.0164292250789055,0.0101580326714534,0.0182500873604585,-0.0327906025709594,-0.0130090075932239,0.00940530081821535,-0.000897175032539135,-0.00503380652848462,-0.0176783724551813,0.00600444894741086,-0.00202366013834068
1218,-0.00033997018288766,-0.000842574410983196,-0.000528380756498217,9.86627665935684e-05,-0.00157023568546969,-0.00119045100625223,0.000586347477920554,0.000411648291049466,0.000336809517081826,-0.00165912978581606,-0.00144728858656388,-0.000238694512239315
1219,-0.00915023129438916,-0.0193974104707657,0.0163529065473216,0.00534222905959652,-0.0201655506341527,0.00690310202847183,-0.00700545240848383,0.0113653404726474,-0.00613401675790025,-0.00579722030182924,-0.00574648895667591,0.0127854849903968
1220,-0.00327559653517404,-0.00323268153396521,0.0107413782880107,0.00194155395280827,-0.002539828672312,0.00267559069605454,0.00647063649215975,0.00152045931814624,-0.00258862511183253,0.00118204403067989,0.00292819049950688,0.000888484772799959
1221,-0.000902509423573122,-0.0033269176694753,0.0020188865918167,0.000805417705505098,-0.000619206314726346,0.00255342860259231,0.000175747669961575,-0.000684369877879694,0.00115447952672732,-0.00116748953618185,-0.000268053306525392,-0.000766260735771835
1222,-0.000537230170314022,-0.000396293335089543,0.000771811877550264,-0.00451903910025469,0.0042180504645093,0.00326153504390718,0.000608003983484829,-0.00270496366566919,0.00223448919291945,-0.000784281208500809,0.000419705377871436,-0.000238494784683422
1223,-0.011743006540728,-0.00887206031228868,0.0177402945471143,-0.0101330714045001,-0.00106279398015851,-0.00609024875857729,-0.00889218385110411,-0.00678855074155631,-0.00985948863717685,0.00148209866739534,0.00123768983994334,-0.00469223054423924
1224,-0.0198452628074987,0.0180492239121415,-0.000491097006450569,0.0233570288771976,-0.00231691313335607,0.0251659588077231,-0.0379248809425405,0.0273463084489148,0.0559434213797137,0.00689909398999281,-0.0420411050120948,-0.00432252822584325
1225,-0.0230783289095068,0.00801175561805831,-0.000639583662789657,0.0431650781952353,0.0123047511163798,-0.0115879169828389,0.0123759758759246,-0.0400000316677474,0.0147758406138449,0.000868581832403169,-0.0357971135232219,-0.00707531350638368
1226,-0.00541604551138254,0.00470476350920553,0.0139508270436518,0.00834172317120801,0.001589946982784,0.00756884857924431,-0.00656779932212489,-0.0132981550526624,0.00443991577098088,-0.000968878160269748,-0.00423939561013548,0.00704513990779121
1227,-0.00454860476823851,-5.87341633166604e-05,0.0131551674433437,0.009780108898248,-0.00307411548075779,0.00514557503790618,-0.000251717483484411,-0.0183789492171342,0.000785836022735637,0.00385362330649888,0.00122169963542093,0.0071260130527558
1228,-0.00391514442244813,0.00459510135937064,0.0160880809350496,0.00567932051194743,0.00159207209412073,0.00686989585542105,-0.000349255201479603,-0.0133581850882454,0.00483684007025875,-0.000646734102844486,0.00404533438719036,0.0034550638099627
1229,-0.0043699198234107,0.00277833099346333,0.01505160315833,0.00621132785926623,-0.000962554206151455,0.00409575130775238,-0.0097451703014912,-0.0163455174913705,0.00434807402420626,0.00422652053694323,0.00709262148379726,0.00678070533885866
1230,-0.00774561948573382,0.00273786424574202,0.021696863511686,0.0122396362177209,-0.00502171077526906,-0.000275378269688194,-7.01861970311125e-05,-0.0245822775401045,0.00278283276390587,-0.0099572709636292,-0.00092145852688821,0.0110034777155463
1231,-0.0177915053714189,0.0124435650698606,0.0025310738762333,0.0263434452969694,-0.00433482893028457,0.0117136809499369,-0.0278447145519861,-0.0502242536656846,0.0214609231179838,-0.00683919378753192,-0.01116278926499,0.01998852006258
1232,-0.00367778203974456,0.0044301740334752,0.0144140320813913,0.00803626438352371,0.00235714762680733,0.00219483417816844,-0.00413949201531232,-0.0102627360070404,0.00336932425700106,-0.00479931807538587,0.00159376139882856,0.00167661330467871
1233,-0.0076253968605315,-0.015054223872699,0.0196950680617973,0.0210817121311041,-0.00476366985322739,0.0134315778043248,-0.00137170746555742,-0.0160663451774778,-0.00512999766845727,0.00223583744215839,0.00449042631274361,-0.00284183138463032
1234,-0.0127797900733865,0.00870425921219229,0.0301389920704963,0.0130706510177719,-0.0061528698160936,-0.00740599616507994,0.0113292690893802,-0.0351341122047323,0.0206202775635219,-0.00684790001470583,-0.0135349831804636,0.0179757042127969
1235,-0.0115515528179175,-0.00732867610394499,0.0250655181175447,0.0143047577124093,0.00244845696573183,0.00229217372081414,-0.0198098042708876,-0.0234783549688477,0.0155719072018653,0.00289812045209125,-0.00424511231820916,0.00737401015667365
1236,-0.0131963540303041,-0.00364508774587559,0.0215446776385362,0.0238135128394095,0.000204466712215541,-0.00293723800312715,-0.00422331641824602,-0.0196396115381299,0.0214868060676476,-0.00911670068867052,-0.0049515815802535,-0.00546427225871217
1237,-0.0265519244909669,0.00424927269944006,-0.0195616052000826,0.0220122834290182,0.0230054321888242,0.0149775232838342,-0.00439338655990722,-0.0375923878432668,0.0331283775240755,0.00405201740482668,0.00491537223808854,-0.0203264447651782
1238,-0.0169778612779042,-0.00108605832222798,0.0103985927419779,0.0410248875265157,0.0387045302098873,0.0163675361080584,0.00872378064876842,-0.0126053597670645,0.0134409990019524,-0.0106967830695534,-0.0152968609447657,-0.00458208631558325
1239,-0.00465268258663186,-0.003576060127989,0.015459001870156,0.007028870524185,-0.000363884850049887,0.00541279185032003,0.0010576249154039,-0.012148749021519,-0.00174945195309948,-0.000544369559752173,-0.00665178812940101,0.00697400153823829
1240,-0.00896425875252512,-0.00319917534933589,0.0196798312114795,0.0154803056431768,-0.00803378904029069,-0.002221286642395,-0.00627161634524902,-0.0201712724782623,-0.00281691648392979,-0.00642538644915909,0.00403056743231416,0.00195644712453496
1241,-0.0134901314237644,-0.0101425079816197,0.00950318009433933,0.042247879788718,0.0288721289300785,0.0221944104957797,-0.00174603548567762,-0.0232572632404623,0.00919413148028618,0.00366031087007404,5.21743657254383e-05,-0.0140770550024527
1242,-0.0219683522780274,0.0178620769683508,-0.00292597011051544,0.02378090901373,-0.0113745727857087,0.0148155118995095,-0.00859655580147763,-0.0219615341377253,0.0483826980744308,0.0183317071711071,-0.0170491702308561,-0.00962376614419875
1243,-0.0197124289998108,-0.0211086786190011,0.00325754099384509,0.0383381139146807,0.0314377934942768,0.028414900357906,0.0164358467988654,-0.0227144853163227,0.00277363370187595,-0.0173418105802784,0.00793339706193251,-0.0100813495862556
1244,-0.00990882227458915,-0.00560909414771738,0.0228928032544364,0.0267997379451459,0.00112744262066637,0.00939715521275308,-0.0133166836613931,-0.0311537683893949,0.00568713214692398,-0.00185499434213096,-0.00860707422283517,-0.0108989489387797
1245,-0.0148072227654496,0.00713329378028625,0.0170790913775803,0.0357584568991306,-0.014684984491817,0.00315935436596129,-0.000774358774450816,-0.0424751643750362,0.0156862061343984,-0.0201737299771676,-8.86427872876956e-05,-0.01102070984538
1246,-0.024791755994646,0.00982776442416843,-0.0158562303384137,0.0038810576819702,-0.0113220462353862,-0.0218461975412324,-0.0451706892785795,-0.0195868681943319,0.00559808965150853,-0.0163485633529119,-0.0206170068014699,-0.0462354581841356
1247,-0.023576501196602,-0.011891171372242,-0.0105033767288133,0.0200391696769308,0.0187942319699587,0.000411795219987432,-0.0232094556164112,0.000344920426593759,0.00665744960657085,0.0208312010908693,0.00167235626764715,-0.0336331453568079
1248,-0.0224859067458011,0.000501862288566132,-0.00450784740841221,0.0302657301207261,-0.00276051583124114,0.00554365331741145,-0.0199849256126454,-0.0591346336113059,0.032485754657746,-0.0174623324525125,-0.0230212537704446,-0.00636609426717911
1249,-0.0151256590755528,-0.00275697097028481,0.020174354633069,0.03419347064241,0.00917221971622561,0.00852346386138489,-0.00855147660444413,-0.0171660961343237,0.0301312229725098,0.017823773054382,-0.0221838560747191,-0.00429966944191873
1250,-0.0193422633386378,0.00800125177362614,0.00960136029560516,0.0472266266547494,-0.0082608919975307,-0.00854374495246923,-0.000427603547575477,-0.0685602853337973,0.0143467580444297,-0.0393866963930078,-0.024047448832137,0.000134776722307956
1251,-0.0205880331717741,-0.019873096081666,-0.00767526050065111,0.0533699478819165,0.0159447248477265,0.0303398535263188,0.0186988419930998,-0.00967693492317068,0.0172349360998972,-0.00707644281793991,0.0270072328796609,-0.0186637901269787
1252,-0.0059072114570077,-0.00899609265050457,0.0130577654117132,0.0240873775926298,-0.00579013477890062,0.00195291541694129,0.00966991980821965,-0.0220994130624931,-0.00267323220828316,-0.00327992242076077,-0.00539137836958228,0.0127724960363055
1253,-0.0216912555657187,0.0011092577754709,-0.00242709119339729,0.0404588271211549,0.0176110737325342,-0.0180863527344478,-0.00982813443464364,-0.0353500048040055,0.0486877554104611,-0.0191046793799667,-0.00469018067691162,-0.00570337190752575
1254,-0.0100143990915169,-0.0178554596198918,0.0193594430263945,0.00453725372859722,-0.00806223472885171,-0.00189563446981839,-0.0110705545005259,-0.00847798805670908,-0.0171042730432476,-0.00403143398059545,-0.00391418830722381,0.00336440401553021
1255,-0.0131309272084202,-0.00886861704897893,0.0167675194391844,0.00898138489680977,-0.0174058259454606,-0.0193681339378372,-0.012828913941188,0.00796812451822409,-0.00393979066560153,-0.00221003509293769,0.00408365803406168,0.00143940250911429
1256,-0.0146971214087804,0.00867149428248745,0.0260115186340666,-0.0483578017807029,0.00950380616873229,0.00741127737333891,0.00957714969325879,-0.0070213110371731,0.0175041205777926,0.00293632159344474,-0.0123000570781052,-0.00444404456510707
1257,-0.0195960405145312,-0.0303992942475096,-0.0154859734671364,-0.00403063498223996,-0.0295979016262854,-0.0216169102977339,-0.00907049966832029,0.00727360638122396,0.0367866880047523,-0.00708781343659738,-0.0119141540018637,-0.0053895020083554
1258,-0.0120665879859695,0.00391289538515056,0.019239012165489,0.0229326318796431,-0.0220550346835428,-0.0108994227422348,0.00520219904768591,-0.0226261662363901,-0.00550002591010385,-0.00164355800742485,0.0113819942002266,-0.00996080080987333
1259,-0.0258270439984542,0.0225054696114299,-0.0167994496581788,0.0034020297411464,0.0212279187448054,0.0314039113348724,0.0110600930804675,0.0470024794665181,0.0353412143429458,-0.0720087888817175,-0.0211467758153905,0.0310475801490871
1260,-0.0252375918298538,0.000377846268868824,-0.0173862549417824,-0.0237417101567124,-0.0184554599445256,-0.0314147362381607,0.00344297048466149,0.0145810346735871,0.0218497752984023,-0.00148082492354239,0.0269369006348027,0.0286915173332103
1261,-0.0302268346148509,0.00878212489313425,-0.034097483429646,-0.00556840752061123,-0.0167236509617273,-0.0166545471713549,-0.0229494470385372,-0.0165993694214264,0.00747848402851924,-0.00278251719076868,0.00707182176093407,-0.0198429225362591
1262,-0.0121831820638918,0.0210009456287599,0.0268941072421994,-0.0131600551767225,0.0144169834904196,0.00314244655724477,0.00395308513301687,0.00453037210021684,8.53726070639696e-05,-0.00522668302976571,-0.0047809620047986,-0.00408037196271221
1264,-0.0212270177846037,-0.0245673547984708,-0.0110853287990384,0.021315770415348,-0.0370165758226395,-0.0140571464891932,-0.0014775725871865,-0.0288891433533986,-0.00755822739756095,-0.017807197326225,0.00878858770143993,-0.0268554135440064
1265,-0.0163779552877864,-0.0422772904450507,-0.00447422819937091,-0.000420127442747192,0.0171148489129632,0.00311757455361633,-0.0125263908252391,-0.00778578263671139,-0.00567210363191253,0.0172305442948691,0.00262364290805544,0.0115297318623931
1266,-0.0133598218656052,0.00519128127059266,0.0217997202820885,-0.0272563176315049,0.00207640987024503,-0.00444656181610154,-0.0016808125514048,-0.00096008560724103,-0.0115093775449485,0.00663543096984893,0.0144236498179764,0.00931319612184289
1268,-0.0134133975874492,-0.0258888212586873,0.0150493622329642,-0.002936771029903,-0.0134789888801037,0.00508901660619893,-0.00211450589398223,-0.00412133432556806,0.00238412340487751,-0.00718648662020158,-0.00138037974871396,0.0203972493127176
1269,-0.0157323349736607,-0.0130804341401204,0.0131938733343444,-0.0128648457400768,-0.00290856731659804,-0.0116624652700278,-0.00968807636206123,-0.0121108975072383,0.000281629107059792,0.0102676921881752,0.00376913933904858,0.00211624586922486
1270,-0.0182070846126383,0.0142651402708922,0.00840831474117647,-0.0327762450676517,0.022480750883551,0.0221560524865464,0.0151690737942679,-0.024103790260583,-0.014480294686671,-0.0124871577761181,0.00768549030275075,-0.0414588071227236
1271,-0.0034728222748812,-0.0115797011698767,0.0083332260111552,0.00522512873056469,-0.00861052726118454,0.00899706371048145,-0.00493135379325337,0.00114692435472744,-0.0109758765756734,-0.0167730242503085,0.00985967776296556,-0.0195547976808223
1272,-0.0231304039182242,0.0305463614216091,0.00106419578534343,0.00242963302415516,0.00950830609344511,-0.0120188512088111,-0.0247245016013234,0.0410562342183513,-0.0468967250930133,-0.0485566996293668,-0.0534768993262659,0.00518116073137714
1273,-0.0200080178109997,0.0160375432054465,0.00457104317959177,0.0145476547398454,0.0295985271701176,0.00558185079499408,-0.00293607451373292,0.0361170878595225,0.0761086280445389,-0.00311307053609565,-0.000460777478331624,0.0164748570943514
1274,-0.0227027807433685,0.0220010369387624,-0.00270826375025452,0.00498997448619202,0.0169630489248499,0.0219512800413865,0.0143745896208686,0.0555525198410281,0.0177364891516623,-0.0547915777129094,-0.00111082182820581,0.0274022836212073
1275,-0.0164109539006272,0.0212859459427397,0.0129518394772039,0.0104779563439647,0.0377667696670187,-0.00197122970227626,-0.00682880900542896,0.0390374627417108,0.0532251972637424,0.00246751235662254,-0.00941159624370368,0.0185988887649623
1276,-0.0267542765880844,0.0168392565669523,-0.0186532276215252,0.0261400248718041,0.0319110531056065,0.00143242384005271,0.0243538651247153,0.0338809501906084,0.0125892668764937,-0.107691972642596,-0.0281512422232597,0.0192051802330832
1277,-0.0223076690315829,0.017781156289208,-0.00474455704272599,0.0113718797226725,0.0345089715759206,0.00426609617530415,0.00598749035187113,0.0271131386970294,0.0376087238606074,-0.0375038734610844,-0.00843027101824089,0.0326891276667113
1278,-0.024999669836397,0.0168539590685776,-0.00841073639225617,0.00233422033261157,0.0319403429361418,0.0163584976918718,0.0163573899679249,0.0453116554722883,0.0115770005203888,-0.0600643561498907,-0.0386909762018322,0.00977295813795492
1279,-0.0198295580575761,0.0185400670835187,0.00222649152061089,0.0114195113813011,-0.00518442739502128,0.0130522315499173,0.017860543365871,0.0297488715905196,0.000255318004061279,-0.014528515175067,-0.0514780350560623,0.0159151618206709
1280,-0.0209728958217878,0.0301607188220306,0.00951676824409725,0.00844468284048506,0.00833927218404444,-0.0329408648595335,-0.000744256972703318,0.0115170114739485,0.015882409381108,-0.0222572870841114,0.0323553000299201,0.0125961186903366
1281,-0.0172335689069388,0.0278722890473904,0.0130180001866847,0.00369850594281596,0.00417633034570105,-0.0234338740635493,-0.00153000224491118,0.0166046732360037,0.0139171153196511,-0.0128816040552278,0.031377774799557,0.0162588309645475
1282,-0.0237289760705052,0.0129411072587084,-0.00468589606784433,-0.0382641122201738,0.0175538325843161,-0.00824588250115282,0.0202997932578313,-0.0615536492655986,-0.00629939770530971,-0.0252506358703039,-0.021643812114118,0.0635673092762331
1283,-0.0110211948943511,0.00662823651903596,0.0129663318440124,-0.0212219669521943,0.0102413712336781,-0.0014013769518357,0.0125016076289463,-0.0098986901061272,0.0134226693445763,-0.0146030959502202,-0.00925534459190456,0.0255928375489948
1284,-0.0129360577442033,0.0195747311368367,0.0273754414668401,0.0107757614692421,0.0039728418560615,-0.0161410743478408,-0.0207366181935903,0.0199687074641838,-0.0207829194049394,0.00584486239712404,-0.00681072422655279,-0.000650317093662687
1285,-0.00167550306508906,0.00217147590640821,0.00470547249746702,0.00700147198247037,-0.0029780851873113,0.00449368215243411,-0.000902349641239423,0.00307534003498188,0.00565644573269907,-0.000112776417398102,-0.00138193670562549,0.00150075812223803
1286,-0.00381619053955542,-0.00535330863575419,0.0154371407003611,-0.00742300485342375,-0.00543341277554443,0.00102323028755791,-0.0111565194415628,-0.00671203352171924,-0.00175653005146156,-0.00815148038004491,0.000700109349295098,-0.00234229991873391
1287,-0.0199858283119534,0.0234850073908085,0.012679159561259,0.00527196824887019,0.012521502006212,-0.0113668311746239,-0.0267029697417782,0.0292566559440183,-0.0400524004935695,-0.0159207044350705,-0.039685236730056,-0.033913875639549
1288,-0.000288019775481576,-5.41133405151231e-05,0.00112842066712611,-0.000339321403742028,-0.000197164689227524,0.000426805751594983,-0.000116182934863571,0.00136822500729801,-0.00358823229762791,-0.000983378189342209,0.00210271872570467,0.00293070129180709
1289,-0.0295884784708089,0.0142514293081774,-0.0299898289989861,0.0255723970718244,0.0189368983317814,0.00360354465134078,-0.0339981665743572,-0.0645389509645532,-0.0355218324275556,-0.0618729574383359,-0.0385147044444228,-0.0104528698510516
1290,-0.0147147954798224,0.0180447073022588,0.0178431155501318,0.0146975644814763,0.00417283235076937,-0.00638082976709738,-0.0133694212265498,-0.0208219735515083,0.00694288225555286,-0.00822884859882763,-0.00258964650480649,0.00627873263890428
1291,-0.00954413767183045,0.0176299554280515,0.019680122388038,0.00611361005500093,-0.0127767473053722,0.00540575071860669,-0.0074632688030467,-0.0184668036124885,0.00415908785772946,-0.00288763044704408,0.00253846311806071,0.00594300664213133
1292,-0.0153466916255803,0.00945396448207292,0.0302336518469828,-0.00633641590197094,-0.000739642952119766,0.000108939158295259,0.014918744749836,-0.00530288346553246,-0.00765692560376285,0.00377286082811346,0.00478213643674952,0.00133497228305334
1293,-0.0196476722821675,0.0132016217408465,-0.00643842960645854,0.0304028704553646,-0.0262109844131548,0.0354865949384467,0.0343642349883559,0.0137569919031742,0.0170553336314661,0.0484752513352873,-0.0330837169966945,0.00112931569926242
1294,-0.0195553465177125,-0.0224998310144314,-0.00908221157876497,-0.000969652797643335,-0.0335308096353286,-0.0163391817734709,0.0165217606476441,-0.0149907256248018,-0.00604782810915698,0.00832130202651448,-0.0328956566110074,-0.0102461696958574
1295,-0.0265355839490223,0.0193485036347382,-0.020894160095475,-0.026894777151339,-0.00925139756192605,-0.0123572626937307,-0.0250845577538732,-0.0196567444974444,-0.0175937526544144,-0.0397854764893331,-0.009638279954692,-0.0074805881959826
1296,-0.0285500956701508,0.00112754062305941,-0.0357740077431865,0.0160537819317617,-0.0230379785009241,-0.0279396250693832,0.0270833930318644,-0.0179425779059077,-0.0149413247570589,0.00254179148674581,-0.0139926357872818,-0.0166735384115627
1297,-0.0193462411029272,-0.0135061731671584,0.00250431804537076,0.00148344672209985,0.0135025911348944,-0.0341064108908697,0.00960891985038368,-0.00701133023038833,0.00467183630514117,0.0191934961303251,-0.0216544929024363,0.00714044859440642
1298,-0.0270679289889046,0.0248973538693129,-0.020509946809724,-0.00672538055134291,0.0035554815154233,-0.00260724869792923,0.00619291900453637,0.0363714892914407,0.003386049977844,-0.0119490985930677,0.00415538595301913,0.0266860467158364
1299,-0.0158894862861607,-0.0152754771120771,0.0137252433725276,-0.00992891634851845,-0.0151230187265773,-0.00335534968123262,-0.0157961745793967,-0.0184061150512068,0.00316657613929146,-0.00223513448196195,0.01653270829603,0.00726310235817891
1300,-0.0124705271832279,0.0117494422880195,0.0229879871979124,-0.037112850837433,-0.00225570748579375,-0.00351821820389024,-0.0170571918729022,-0.00310724006559488,0.00593935964273668,-0.00354297142271296,0.00427702886265412,0.00768234069746753
1301,-0.013618586421577,-0.0123838203077246,0.015429271995506,-0.0280125914617361,-0.0219645019591669,-0.00106601131159206,-0.00911762640321549,0.000252089583748673,0.00971778807615108,-0.00430829377586697,-0.00146092896365293,-0.010637342896314
1302,-0.0191941819431274,0.00352504726703302,0.0155267338837694,-0.0164001808280843,0.00476426321171637,-0.0230310500950096,-0.032626794141906,-0.00386730920546249,0.00698178377111974,0.00445463201704837,-0.00543816599038828,-0.0170118753755268
1303,-0.0132962308305186,-0.0110291841222151,0.0176091708276401,-0.00540431546099335,-0.013691239270923,-0.0133622830345529,-0.0228366241013231,0.0041559669909996,-0.003022696870147,-0.00121640678988293,-0.0114126804821745,0.0134594011444293
1304,-0.0188540975216672,0.0113632527495374,0.000749063492569469,0.0267395055190969,-0.0371122718143127,-0.0207824016123605,0.0258116307820489,-0.0194723928315786,-0.0400914901926737,0.000422557179121376,0.00337047933972374,-0.0445614582702752
1305,-0.00788532705545865,-0.0258718130105783,0.00881054788059706,0.012967318516177,-0.00839400061612368,0.0165762702011271,-0.00715056507244111,-0.00725579715646682,-0.00329663679784724,-0.0222290475584698,-0.00096284495014629,-0.00680555382941228
1306,-0.0239535938894663,0.0232735381757902,-0.00618214131589441,0.0106920136366944,-0.0292245826125216,0.0250446426504462,-0.00821434734387771,-0.0468564905513526,0.00848284984091408,-0.0541936394176752,-0.0332000990530931,-0.0312942099893871
1307,-0.0268895121273963,0.0213822187580015,-0.0176870606993189,-0.00980086264860423,0.0146570934128359,-0.0157953269921201,-0.03531811503073,0.0288333016012234,0.00488011220558437,-0.0396070385207531,0.035516742622471,0.00615081069580772
1308,-0.0185333302283321,0.0117425143944772,0.0129896885793271,-0.0273866753529132,0.00617487383858675,-0.0132626087123559,-0.0110207585132323,0.0109891562878456,0.0043670701872606,0.00304672213030994,-0.0177514229967258,-0.021410333509929
1309,-0.0124509354756415,-0.00217940612932181,0.0229205146988999,-0.0268833090083057,-0.00820803397696933,-0.00611984999743425,-0.00322582436169962,-0.00603034575916253,0.0114106358759602,0.0164295057803274,-0.00789009584233548,0.000176128553824764
1310,-0.0259020344195321,-0.00297484964384088,-0.0138683723077015,-0.0172455273678868,-0.0081588397875116,-0.0108095209301567,0.00613878584465497,0.0228163367215538,0.0217148487287749,-0.00884285638808141,0.035507946557343,-0.00909263848733748
1311,-0.00943169418996076,-0.0234547594752734,0.0171141292508966,-0.00206758123872611,-0.0117304361162939,0.00486391635099466,-0.00992020708879348,-0.000510747061748657,0.00601691691435548,-0.0106150014284274,0.00562578476720724,0.00770654156334856
1312,-0.0119361012035038,-0.0239815195520674,0.0110918574834982,-0.0035894387095619,-0.0144280671573759,0.00174031680969238,0.00502439149949397,0.00113016495234736,-0.0143175499271324,-0.0049714693933384,-0.00182203639620232,0.00189744238656754
1313,-0.0196874845829948,-0.00631334438074805,0.00858107211747868,-0.0178938361839762,-0.0137966085480822,-0.00922480599305895,0.0228676910671707,0.00110866202449902,-0.0228914615799042,-0.00802117621104259,-0.00819088622062168,-0.0386645967476512
1314,-0.0111969994097172,-0.0256818505273103,0.00983401058561687,0.00164749773393167,-0.0149523947321873,0.0140965954739045,-0.0114850723936725,0.00396783960756532,-0.012319681597629,-0.0072078305174858,0.00834185135714792,0.00653896934271577
1315,-0.0184856964990948,-0.0018724759598748,0.00458093518636752,-0.0456775094384877,-0.00444961017747354,0.00890113032336344,0.0134972903696739,0.0127246597107234,0.0245328152250724,0.011451147438516,0.0168357958356406,0.00197441506428261
1316,-0.00983108825900657,-0.0196677492797902,0.0132938601530609,-0.0156840960548631,-0.0126452554973252,0.00648025794371349,0.000492582050930264,0.00598768095885547,0.011046182965709,-0.000829238692068017,-0.000303941414350891,0.00691964019876424
1317,-0.0177250562607601,-0.0335632427369,0.00106497088950623,0.00538497921560169,0.012757066020897,-0.00148823365700528,-0.00103941713485293,0.00167147198974053,0.0309659978735916,0.00763183177340136,0.00114749191288216,0.00802183445961833
1318,-0.00517181554554116,-0.0132919648826275,0.00609073743394021,0.0139470876345092,-0.00507705867760032,-0.00411214256274436,-0.0034987960657373,0.00781541627090396,-0.0135478763620466,-0.00320445510727881,0.00503506988293175,-0.00140450854907272
1319,-0.00810873890996564,-0.00982266949464088,0.00915267548241875,0.00201695042056051,-0.00783279901846486,-0.0135392923509544,0.00102481098072174,-0.0142389215060688,0.00325038097591368,0.0017107911247145,0.00222418852321692,2.09242429300153e-05
1320,-0.0176203251641346,0.0140957088158621,0.0138158156340614,-0.0150956193671758,0.0101274040329111,-0.016862435322419,-0.0395581582032901,0.0116197829164165,-0.00677110644552645,0.011036590869102,-0.0191172396438741,-0.0154691537440842
1321,-0.00735702638749742,-0.0304878062207096,-0.00032770493657696,-0.000136490704773847,0.00558004717419378,0.0167249305880093,-0.000306691173218954,0.00340408638644932,-0.011589259546909,0.00242523394828724,0.0105728785815817,-0.000904888750932599
1322,-0.0177690894545677,0.00266051145221382,0.0160188323490244,0.00660890988395722,-0.00622683000339538,-0.0179904936402475,0.0329912767550021,0.0214993975264561,-0.0171751317922269,0.0273118360349229,0.000586617741940673,-0.0111424824043976
1323,-0.00613393821516445,-0.0021676454643481,0.0148520465835385,-0.00952641379794145,-0.00263015818236663,0.0140458813024417,-0.00699678662402498,6.97540270351107e-05,-0.00545316339576751,-0.0051428182576219,0.00314490699253947,0.0103879665404798
1324,-0.00847017283038688,0.00150478416575592,0.0276920164533975,0.00456058745630666,-0.00154943841575895,0.00120692791247947,-0.014911025026395,-0.000447121064656445,-0.00778025702795327,-0.00177519227276922,-0.00312722748356052,0.00173851521803763
1325,-0.0125506077223822,-0.0231267132174718,0.00473041278467306,-0.00347361426770912,-0.0110903211887162,-0.00380295382408772,-0.0106230519604703,-0.013555069982327,0.00103777992442741,-0.0157653759750369,0.00269265256867107,0.0206513454083714
1326,-0.0192650742487957,0.013593834013922,0.00485231270620912,0.0169771475238614,-0.000233206276011154,-0.0178800337338194,0.0194724677903643,0.0707398606760635,-0.018731382252831,-0.000847693939450598,-0.00366938364071635,-0.0234970219253304
1327,-0.000355825113658809,-0.000560157874563256,0.00114857943403332,0.000271768918106518,-0.000786001582330022,-0.000534271615173794,0.000539720147726982,-5.05423236564528e-05,-0.000886493858783229,-0.000719896546091596,-0.000249332710814875,0.000359653455166539
1328,-0.0135068225472245,0.0253744311121693,0.0168154665259761,0.0110431890268239,-0.00907892132222734,-0.019964137014873,0.00842877218658922,-0.00216314067932487,-0.0300316515278247,0.017934357329248,0.00658350729409702,-0.00796749504092592
1329,-0.0125773908556955,0.0107144958655354,0.0279606234170774,0.010655117041945,-0.00439540265983331,-0.0103714589265907,-0.0119022662760092,0.0175350566144633,-0.0197127277702568,-7.24259659021305e-05,-0.00508482956124334,-0.0039022703237592
1330,-0.00105213871952128,0.000308681231179815,0.0023408092612248,0.00594540236325673,-0.00443406447607389,0.0125073395845065,-0.00277820636162125,0.000128391748390244,-5.96825107897633e-05,-0.00158967616468336,0.00164224279617009,0.00876648723419305
1331,-0.000948467226513755,0.000178557309624611,0.00183597162527009,0.00930397824408074,0.00133264047105629,0.00710678427521822,-0.00439907877240204,0.000370977101193912,0.0028840405650954,0.00184629649088253,-0.000876709485890806,-0.00514191215535075
1332,-0.00506268724624141,-0.00920743256253988,0.0129672266950411,-0.0080955596739102,0.00504541286343391,0.00691698688555744,-0.00903453513047269,-0.00713346910098373,-0.000669342984509752,-0.00853741931184557,0.00414626383033899,-0.00211214178154139
1333,-0.00822025611193663,-0.0157579628239894,0.015474585846103,0.00464041606586814,-0.013025001982481,0.00268799693782505,-0.012182236963389,0.00503624601953923,-0.00730938422737855,-0.00963424956948736,-0.000205701528494954,0.00195003542771152
1334,-0.0151886855628556,0.0244914327457334,0.0237662297783868,0.00349028804072507,0.0130587715495292,0.00641343064575572,-0.0223865631265833,0.0241727263893563,-0.0116430857084593,0.00449299294975108,0.00466675438893475,-0.0133751788053205
1335,-0.00811986295009935,0.00860300416772294,0.0275066975673095,0.00444198825915986,-0.00957841024443833,-0.00939204138852822,0.00519197302569164,-0.00844701057837265,-0.0175653561347013,0.00625153751973562,0.0111790903957783,0.00171799785468981
1336,-0.0133873835262703,-0.000762490770374806,0.0220039304415399,-0.00152280424212392,-0.00317803470656892,-2.30418424896691e-05,0.000779527263492286,0.00139422564370298,-0.00232085358234578,-0.00297105329354675,0.00330413758298498,-0.00839852040164627
1337,-0.0210004891084646,0.00406769451411759,0.0065837285398505,-0.023236002666153,-0.0044738653481412,-0.0110421382589569,0.0226857046890026,0.00616945212271345,0.0205697456721988,0.01213807129666,-0.00837236343169687,-0.00381247674780627
1338,-0.0119372885059657,-0.00218363925766239,0.0209996375361236,-0.0083952420005521,-0.0177721328489037,-0.0164436266568807,-0.0134706378027777,-0.0132194130367342,-0.00326730004634375,-0.00366557986974459,0.0198644734313207,0.00688691125428711
1339,-0.00498807455183563,-0.0103905802520594,0.0135225799291506,-0.00217272071444813,-0.00359745596911692,0.00930875603287775,1.76048384935031e-05,0.00884431439296342,-0.00464504152308023,-0.00112849096659697,-0.0046680816430554,0.00458159096465029
1340,-0.0102643531735076,0.0201737155783408,0.0265754937580911,-0.00386830230757031,0.00127827521993197,-0.00526126357469941,0.01271729617779,0.00625957820139919,-0.0168536580851191,0.0143581987275148,0.0179331807536828,-0.000640127298444359
1341,-0.0209702476784676,-0.0279189580219458,-0.0166200146644326,-0.0334955352918421,-0.0127299407890561,-0.00712000027197503,0.0143638877106921,0.0235458176399717,0.0236899401454303,-0.0145542321454387,-0.0143395389316143,0.00527534762853277
1342,-0.0127279455894346,-0.0160947846785053,0.0162006608541877,0.00199805163840357,-0.0238852462031131,-0.010415545062876,0.00263288705474812,0.00801185803160572,0.00110651605977979,-0.00586617112006477,0.0168073574791583,0.00790131603260913
1343,-0.0252697077524019,-0.01018866325963,-0.0153701763663202,-0.00900082058933933,-0.032198227687022,-0.0320139591478918,0.0386840615292073,-0.00516574748456564,0.00549681951376541,0.00851049476820864,0.00640135091695965,-0.0221036690643957
1344,-0.00468193750947671,-0.0126975671961671,0.00582727157289472,0.00188646755600822,-0.00019588122323666,0.0023226887717814,-0.0109362622890057,0.00258238169716372,-0.0114493066315596,-0.0193726126013983,-0.00130576217131388,0.0128175116388986
1345,-0.011358883590721,0.00524016413005422,0.0235749386781594,-0.0293975776720785,0.0010843623701482,0.0117146584019825,0.0206382671871524,0.00244762077811878,-0.00360370610117258,0.00445946563257092,-0.0142464626983074,-0.0146313253817461
1346,-0.0128139127963143,-0.00991481993103188,0.0136906854507023,0.00436568041284797,-0.0347780522743948,-0.0165167510558202,0.00580590082849631,0.00148267371163334,-0.000688517662518071,0.00106524483818046,7.86813258738401e-05,0.00343687053624938
1347,-0.0066523663761315,-0.00843187259219759,0.0130094660122924,-0.0148830438722232,-0.00460559670445327,0.00779992371158199,-0.00022384770516098,0.00706942875911168,-0.0017874105445109,-0.000339435263144752,0.00317158139785748,0.0128746457365351
1348,-0.00934593850506338,0.0115559311681473,0.0199570871310569,-0.00420940295977764,-0.0177097929575821,-0.00110463902622546,0.00900105778723176,-0.000436470164499594,-0.000333260481695496,0.0197409627243998,0.00218302572996489,0.020724139115535
1349,-0.0169461550538987,0.0152094362045971,0.0202967634776674,-0.0315982171351391,0.00182566611109685,-0.00332692139617668,0.00923242628598195,0.00888367364570848,-0.00784378237821727,0.000920015938473254,-0.00255068515073956,-0.00356921622182142
1350,-0.00636745546450731,-0.00635975313447202,0.01308294482698,0.00514862976438315,-0.00790289638211569,-0.00459488317146918,-0.00144013566612485,-0.00577814758720699,-0.00596852165859656,0.00518844543220641,-0.00228303710590495,0.00868074775331727
1351,-0.0214278457820968,0.0188126972993913,0.00435201911466497,-0.0117628036513673,0.00734032911042167,0.000268611041123024,-0.0367946012434132,0.018632087954436,0.00132726356050244,0.0218761542952664,-0.0139042186324155,-0.0230689528950384
1352,-0.0118830135969933,0.00178970176503732,0.0254007417173613,-0.00745534036572687,0.0158532242252316,0.0166537649987258,0.018174721440267,-0.00996261165270272,-0.00525110000659856,-0.00574816182110074,0.0183916873692518,-0.0104286660661923
1353,-0.0126774277001233,0.0154671343857618,0.0270158358720413,-0.0063330172863975,-0.00963304536389418,-0.00355712847922408,0.0116658184716751,-0.0239798422993728,-0.0163098457059544,0.0242844745466837,0.0160465634006768,-0.00685525982479369
1354,-0.00954442534179703,-0.00203192794535373,0.0265221543090452,-0.0196889379086706,-0.00421792444384937,0.0137583780034672,-0.00322322668744654,-0.00840001823943485,-0.0109745919213929,0.00474563760339944,-0.00979566096645749,-0.00232118425976639
1355,-0.0158984067799461,-0.0151587424322991,0.0111757555121124,0.0207177320476404,-0.0336515879182964,-0.000178250232899097,0.0030757222246247,0.0187771194822704,0.0182399719320598,0.00392552649837575,-0.00445374430441875,0.00251313777866348
1356,-0.019405989083562,-0.00595929518139748,0.0115366353003638,-0.0117884916353282,-0.00789897638533262,-0.020947167929712,-0.0240053740813442,0.0137448571668113,0.00489879931978056,-0.00980512275153369,-0.00107348702468276,-0.0193160449425044
1357,-0.0260517219016156,0.00894988147666891,-0.0192282229448664,0.00895248724248012,-0.0188644689233997,-0.0175316465518571,-0.027899366873799,0.00589503886572835,-0.00563036254737826,-0.0150947578842273,0.001454392755853,-0.0330468696326853
1358,-0.0132924510455313,0.00699123636540634,0.0166726715959624,0.00349719855555202,-0.0198832155514597,-0.0169839567631507,0.014468921153381,-0.0194971924683497,-0.0381743557061789,-0.00423024114251066,0.00442886936880595,0.0042560569722889
1359,-0.00154907733069785,-0.000941929524949179,0.00946733539068342,0.00021774590562019,-0.000167592914998781,0.00332421173442129,-0.00345863444813043,-0.0056812973607673,-0.00202322914871479,-0.00158627422881782,0.00284266738045886,0.00594265554736342
1360,-0.00110902920126078,-0.00504867154782958,-0.000659240818490801,0.000886459378163119,0.00264695423439402,0.00358176572146578,-0.000794438808778623,-0.00192187014330613,0.00361218937158221,-0.00197111737166174,0.000374856877443547,0.000407611152654015
1361,-0.0123658618897133,-0.0118761012673252,0.0191305464020829,0.0173014960881685,-0.0081682687332601,-0.00414743590667466,-0.016679307313646,0.0116848661239938,-0.010954426736012,-0.00620200912647957,0.00758988526137329,-0.00654356160809052
1362,-0.0106028880532661,-0.00394689581115182,0.0173967938971277,-0.00631085634645049,-0.0116897740147551,-0.00843910970659205,0.00650653866382946,0.00696155194336781,-0.0142406786363445,-0.00938779038458496,0.00876663430950864,0.00450555227293996
1363,-0.0101858634065904,0.0139021705905073,0.0306461422451171,-0.0136535947477963,0.0100770400694677,0.00309674688319318,0.0203898397289854,-0.00949454907451919,-0.00641271787833053,0.00827704024415325,0.00117718670294776,-0.0166970298876924
1364,-0.0152132088238779,-0.00675737297564386,0.0154158003629783,-0.0159756848905014,-0.0122004117929413,0.0035688147611088,-0.013984088127735,0.0123083923695926,0.00206383177285905,-0.00454261084015278,0.00555046392511328,-0.00380464115335294
1365,-0.0213850897313777,0.0133112644574479,0.00194103865912086,0.00876261030489474,-0.0250523153483773,-0.0390248882602171,0.00405863353747668,-0.0247609561317589,-0.0243678053292036,-0.0278131937935303,-0.00193756332451181,-0.025330517085191
1366,-0.010373487174588,-0.00520686414219861,0.0257236600992855,-0.0161658382964783,-0.0127628362090555,-3.61122098913412e-06,-0.00923604987476834,-0.00870294687802269,-0.0113859053392703,-0.0209875279836216,0.00382708640941241,0.0139404042404066
1367,-0.0193277391742264,0.0323084175642065,0.0127797274183327,-0.00765799426845706,-0.00277857545262922,-0.00770642569400817,-0.0104186113370431,0.0555339285086472,0.019253144030164,0.0163736941822795,0.00781886027093873,0.0111025426244066
1368,-0.0204209281291957,-0.00109112046348363,-0.000486791381829866,0.00303291133216969,-0.00489743004948307,-0.0138064188686,-0.0202146654587767,0.0370079335831236,0.0140597096098406,0.0241843252506663,-0.0093081229356416,0.00638110886204557
1369,-0.0148075429750831,-0.0161806241380676,0.010504731332933,-0.00112372091825275,-0.0228847512885463,-0.00178541955762191,-0.0061828503359144,0.00519189440353887,-0.004427779253653,-0.00602143615566108,4.43935226145785e-05,-0.0109400916476512
1370,-0.0131615259059983,-0.01028336420501,0.016380303908529,0.0154742745393678,-0.0147671166607335,0.0162872316628139,-0.0252734768173429,0.00732137300606569,0.0225947458837224,0.00449609701734437,0.0120493699386545,-0.007454342383738
1371,-0.0176484410893133,-0.028813278050973,-0.00478685101736062,-0.0146678654343455,-0.0260026464063328,-0.00769104282022563,0.0013648191214443,0.0105766132896881,-0.00435762628570152,-0.00630377393506345,-0.00626087305597293,-0.00783288435226989
1372,-0.0221149540641262,0.0283710229270763,0.00606644159205824,-0.0139283284460953,-0.00380014378767146,-0.0242250532335324,0.0134385148354824,-0.00822098017668635,-0.0486311158469387,-0.0137774856264506,-0.013617824926352,-0.026801802609863
1373,-0.00414375817605381,-0.0122338821452505,0.0109645224701681,0.00015847659893155,-0.00740626492012691,0.00449329780414524,-0.00167599677161083,-0.00493122270683199,0.00308860939329125,-0.0121063634831942,-0.00597074530073854,0.000153468472416845
1374,-0.0167993664939593,0.00271167499381069,0.0185057258373738,-0.0314295854618821,0.00118597416992428,0.000795514554758323,-0.00342703737016457,-0.00379333202645688,-0.000667328706901768,-0.0062595935620034,0.00236152878514065,-0.0221096839381551
1375,-0.0170570154638207,0.0172490732481512,0.0153190803517175,-0.00161112827156329,0.0029552489673307,-0.0266331606000079,-0.0247995851122329,0.024520273495755,0.00496242780763777,0.00427396448182617,0.0147285974722419,-0.00772653442253736
1376,-0.00878172329456832,-0.00184610230804974,0.0236721972833438,-0.00704121155868347,0.000506889826715718,0.00963572858100828,0.0172121369214223,-0.00180823899259981,-0.0124098723798523,-0.00604842176598829,0.0047736744798396,-0.0117581245127012
1377,-0.00471112405779054,-0.000573820814733439,0.0144089641248876,-0.000911959041366109,-0.00365137940326456,0.00443829797709041,-0.0078361200728441,-0.00133363780273936,-0.0121604047162268,-0.00305785066171658,0.00798625690453281,0.004076875839519
1378,-0.00859681053710066,-0.0151687374716332,0.0212312900953965,-0.00646146633397908,-0.00598393156611767,0.00696299138063163,-0.000940732090736875,0.00466069645182056,-0.00165117663598352,-0.00321767814863076,-0.0106343318296074,0.00756146062814662
1379,-0.00505494626655872,0.0075457739063406,0.0150034536348274,0.0037075531503025,-0.0097251789149495,0.00118630306381242,0.00687666153669949,-0.00598145051986369,-0.0118442645447063,0.00270784155231359,-0.00168558312348827,0.00770796351838454
1380,-0.00503002101602873,0.00331681137881239,0.0159497166649752,0.00308396618560509,0.000699969063913202,0.000810669957331451,0.00302917240531888,0.00162145160511424,-0.00176244007199485,-0.00385617057050863,0.00922021002181184,0.00523217155180095
1381,-0.00740453890809421,-0.00732478786045199,0.0148124184229167,-0.0156127501619791,0.00591787199037993,0.0162742639649386,-0.0119777213149509,-0.0100146584668103,0.00374888821562172,0.00146019566747808,0.00287494560770557,0.00713858379663264
1382,-0.00743516540305776,0.0141990554214845,0.028466679532699,0.0102174972089842,0.000137540420408472,0.000178120956847894,-0.0061275942978296,0.0110944806148399,-0.0123846234871132,-0.00228521059582694,-0.0097275768343359,0.00655562821676356
1383,-0.0154772775447203,-0.00536708789719981,0.0198082563818489,-0.0307133591719995,-0.0105225120866174,-0.0100878152351886,-0.00336327550256658,0.0115544882073521,0.00764420161076765,0.00205437260734699,0.0134915161438391,0.00260086505384214
1384,-0.0125609069802159,0.0158951084207114,0.0176858671941609,0.0113613696384809,0.00514967845789876,0.0256109738555674,-0.0241644663205343,-0.0120318805951704,-0.0265469901381112,-0.000644798162688315,-0.0119020553052064,-0.0134798566641702
1385,-0.0271742744706505,0.0130516807223681,-0.0261942647521571,-0.00632935827180154,-0.0230390558597148,-0.00225003948362812,0.0125829696719475,0.0347380670623222,-0.0186268450099249,0.0209535618709694,-0.0166388901153029,0.0126749731110339
1386,-0.00602352285580993,-0.00691514175980951,0.0180366585167624,-5.98878987713546e-05,-0.00475238257675546,0.000912498814175781,-0.0047280399978911,-0.00245674057186916,0.00106978636367259,-0.00449585868044999,0.00499644199756696,0.00931960484876783
1387,-0.00420128623595782,-0.0138682344091758,0.00485973057901757,0.00415378011725997,-0.00559597977309179,0.00209738373160735,0.000376822967815051,0.00918096138048721,-9.87251998380348e-05,-0.0060241502352385,0.00199727840119369,-0.000446332958558943
1388,-0.012730891286449,0.0105430660105239,0.0170526480585292,0.00262723819750985,-0.00252478723739572,-0.00691755282543443,-0.0045331969279124,0.00219088930765868,-0.0139130871043986,0.0154361061355535,0.00775965625912218,0.013915752208993
1389,-0.00750943972842108,-0.0222228298111799,0.0146743111308589,0.00509794666114186,-0.00855364767185279,0.0168289589328865,-0.00247993120858436,0.0070507524549535,-0.0042116534175654,-0.0208613206223909,-0.00137001192711318,3.82876417054547e-05
1390,-0.0114761502272906,-0.0180757523596434,0.0192846915635251,-0.0175652037139937,-0.000686108241592841,-0.00108415353557278,-0.0181236221673303,0.0039854357688363,-0.00252199384690147,0.00383469994581933,-0.000684311942139282,0.0159311933772733
1391,-0.0112104468884824,-0.0151136717581213,0.0164740365132485,0.00396986926426767,-0.0204075749663496,-0.00726895892945159,-0.0131715137835484,0.00795920854376545,-0.0161703169533708,-0.00220205343101437,0.00301268761476396,-0.00814324586911616
1392,-0.00671773230957448,-0.0165362801366351,0.00881666407086294,-0.0128898481190815,-0.0196081504715726,0.00315776826597281,-0.00211865476377101,0.00586282747734946,0.000552948735371526,-0.0140544151088406,-0.00368417046837434,0.0256253596672569
1393,-0.000576039550963152,-0.000108226681030246,0.00225684133425221,-0.000678642807484057,-0.000394329378455048,0.000853611503189966,-0.000232365869727142,0.00273645001459603,-0.00717646459525581,-0.00196675637868442,0.00420543745140934,0.00586140258361419
1394,-0.00753083712198152,-0.0195447291663467,0.00496740382582238,-0.0102043285283504,-0.00659387594395833,0.00557176409522292,-0.0060493317367947,0.00964476247463175,0.00195645243739519,0.00254012369528376,-0.0129485707433306,0.0157140245662356
1395,-0.0213517470093148,0.00824210734806942,-0.010663040576979,-0.00624973789885672,-0.0169738769569,0.0530128211303434,0.0138722312131008,-0.0408460531937358,0.00345788308140457,0.0360469802554272,-0.0397425039240509,-0.0216463540397473
1396,-0.00285877250375287,-0.00754111035638478,0.00516144425753187,-0.00346997500795414,-0.00440585433710058,0.0029733523866501,-0.00260837382924108,0.00559174333340886,0.00384599643526539,7.40782994135585e-05,-0.000585017841787891,1.40030309631417e-05
1397,-0.0121229041205944,0.0150304125752935,0.0323201415641308,-0.0016237876084928,0.000947468469325621,0.00489672826720593,-0.0184302237662116,0.0221758137334982,-0.00981318233425283,0.00517760752080936,0.00354660967823948,-0.00921425917587561
1398,-0.0131848229372201,-0.023125230399227,0.0143191001934311,-0.0046599386445034,-0.0232733288003027,0.00152804998755226,0.0124135810973273,0.0126886964054458,-0.00957779881809859,0.00396825937910624,-0.0119594133205041,-0.000118099929175209
1399,-0.0254022104257656,0.0214697489879388,-0.0218466966728755,0.0147727404628325,-0.0311906417028698,-0.0179090184328933,0.0469554946101976,-0.033882774210878,-0.0644624706040694,0.043640902537502,0.0471858424318183,-0.0407544092895936
1400,-0.0208874987163014,0.0165834690928018,0.00883495924592762,0.0134264952415865,-0.00138291001849687,-0.00850361015129262,-0.0266123440290291,0.00601620275725722,-0.0117346950063342,-0.024430604215113,-0.0221463558652248,-0.0446529309090975
1401,-0.00401124218449561,-0.00927209579755042,0.0109199431069418,-0.000753723646632683,-0.00645559376622603,0.00775427832506623,-0.00691349150872235,-0.000837850896362698,-0.00640194973653741,-0.0124542517742725,-0.0027398446527907,0.007599849569452
1402,-0.00529900643082611,-0.00497860586399545,0.0160331515747236,0.000613900512780823,-0.00504009353517937,-0.00382980791875599,-0.00135965420460705,-0.000112362585134115,-0.00365447648851289,-0.0069794862784202,0.00412107994406269,0.0041545720201545
1403,-0.00193685836193987,-0.00477270139630672,0.00536793388525278,0.00271529621842341,-0.00783669920047908,0.00405490765974176,-0.000398032433719843,0.00902906410581558,-0.00503325145649837,-0.00880771963542835,0.00514784067540961,-0.00976090149947614
1404,-0.0110677368299917,0.000346329129122986,0.019829064950152,0.0160826415015883,-0.0126015877171609,-0.0149456500552436,-0.0166497700777883,0.00928977572388534,-0.00831021498000405,0.00498035158120917,0.0095160549402268,0.010084878855829
1405,-0.00805333611053612,0.00469939916428511,0.0160217636016653,0.0158559022271206,-0.00114557671354639,-0.00173465723686836,0.00948243832347042,0.020407508825861,0.00149475222548163,-0.00697213751544902,0.0132856030458065,0.0105307032975295
1406,-0.0106813480292073,0.00431933304736039,0.0246203315889641,-0.00372928325027926,-0.0146282105127436,0.00788747587980928,-0.00550620337578373,-0.00506099714686255,0.000690458570779918,0.0112415269925368,0.00365887066971007,-0.000515786145124182
1407,-0.025034361162318,0.0265249203287329,-0.0158231318302284,0.0136045727435891,-0.0151452582087441,0.0282821114714998,0.0112616704009016,0.088366043192509,0.031252885162251,0.00482069625881655,-0.0445113838204477,0.0215239371550456
1408,-0.00089794104748456,-0.00308320735555192,0.00196852872671413,0.000629285076271576,-0.000873306144407073,0.00466637690786505,0.00199204921500839,0.000751962102979139,0.00409143599776142,-0.00269322979012977,-0.00049894373283751,-0.00191552909037784
1409,-0.00867424111010996,-0.013910435088166,0.012186096146232,0.0147324401572327,-0.0187059225963535,0.0133350898881558,-0.00124575440250944,-0.00692660613594836,-0.00102127806733489,-0.0111891425123459,-0.000850701031905887,0.00649908581892121
1410,-0.00383169143686409,-0.00820305155116476,0.0122846310721371,-0.00515627062904129,-0.0109692980935211,0.00705358310068265,-0.00374244320594725,-0.0143508389925028,-0.00315437934117283,0.00298244540029503,-0.0142139960259374,-0.000803759674210132
1411,-0.00257042384446746,0.00369806621127416,0.00987961588772103,0.00352042063467682,-0.00623704164903447,0.00439193416961468,-0.00562812573154222,-0.00230725108238247,-0.00180991399047088,-0.00019888020834707,-7.41026846034772e-05,0.00661617432489744
1412,-0.00924263765804601,-0.0291651543550389,0.00884018552557931,-0.00444929157314071,-0.0141993717716637,0.00395964884378868,-0.00910008423696934,0.00799154702173745,-0.0123956741943009,-0.0142866032276884,-0.00268199250148025,0.00448523795630615
1413,-0.00373213597119146,-0.0127475241475694,0.00773031776794734,0.000333800763635372,-0.00302989430900123,0.0158751918446579,-0.00498312671848021,0.000613662708289188,-0.00790002596008943,-0.0117090431103552,0.00119135636767191,-0.00187930635431765
1414,-0.0153743104758191,-0.0185760578010981,0.0105358945255208,-0.0276226510193574,-0.0157694404846474,-0.00127021894501402,0.0046069699896463,0.000609479631392457,0.016421900784754,0.00572934894241326,-0.0115224001036558,0.0171191429391543
1415,-0.026124350494235,-0.011165010944069,-0.0211105600399247,-0.0265636599619619,-0.000707646447843171,0.00820395409651701,0.0116734700083542,0.00855209150255411,-0.00416427228594301,-0.00583427743504341,-0.00175136420485201,-0.0205330085277311
1416,-0.00093940136767444,0.000773137368089575,-0.000970100178367181,0.000404728388396904,0.00472421974419607,0.00341462334136153,0.00578841979782095,0.000195083049987231,-0.000515839160845538,0.000832649058318606,-0.000557023882940999,-0.00239591417439453
1417,-0.00397224693284947,-0.0102897122406649,0.00797391169134992,0.00354302747579794,-0.0104697668800763,0.00345020408372958,0.000653021295469454,0.0108226120105828,-0.0119354271302857,0.000314956034625117,-0.00298575649267312,0.000433236186827498
1418,-0.0183174907481177,0.0116530895503496,0.0168324475879236,-0.0151714867360688,-0.00176488797045247,-0.00522411456803334,-0.00567475621332011,0.0111341064890123,0.0060833249059306,0.0286949167460382,-0.00654449290567308,-0.00863063685335481
1419,-0.0202725277848284,-0.0127287347220177,-0.00109232964574195,-0.0274674087090408,-0.000943521051425781,-0.0136923566724757,0.0090680356393029,0.00115829234528667,0.0197480955093627,0.00400512982431794,0.00587380267074286,-0.0111258369563014
1420,-0.00327640555504261,-0.00901813104555869,0.0103916028257765,0.00289937807232819,-0.0101161339584545,0.0125692181641008,-0.00314786642547649,0.0025031869134265,-0.0055677679156157,-0.0106472427572748,-0.00510974963708427,-0.00636636297988344
1421,-0.0210666396753549,0.0310645775583741,-0.00466656859996034,0.00825901175102245,0.0207630835116237,0.0580454572547732,-0.0417107912712225,-0.00132041455184916,-0.00326989649396394,0.00210505526244665,-0.00379301405640052,-0.0236994744102478
1422,-0.015873206531846,-0.0304493588886143,0.00125689401135873,-0.0291742351471385,-0.0154302433819308,0.00394099344214172,-0.0126882448360281,0.0117745351572723,0.0183323957788181,-0.0237101320545432,0.00124263488442483,-0.0149774195772718
1423,-0.0123450830786545,-0.0292283051906575,-0.00285949164797144,0.0204614868329876,-0.0281966774093819,-0.010012634405817,0.0192758036391305,0.017782450246984,-0.00142986576751371,-0.013175396214404,0.00777578079282881,0.00728002533241419
1424,-0.0116206129131002,-0.00646332002136016,0.0208541471367731,-0.0187235919165216,0.00680191541883077,0.0100049346764279,-0.000638959871351246,-0.00630699688728811,-0.00951432027555804,0.00232918292285825,-0.00179306323509447,-0.00914055956863719
1426,-0.00651844311101971,-0.00989278848788724,0.011127343467861,-0.00301016385017131,0.00248346086143742,0.00772023939770049,-0.00408660745833322,0.00443656842609805,-0.00252908359807702,-0.0142445444052973,-0.00576599981936563,0.0186392889967256
1427,-0.0111215542032999,0.00318387454941436,0.0289072711744908,-0.00170369127445738,-0.00458061481421655,-0.000375300123796373,0.00405666474668727,0.00823491414202587,-0.0176739510105078,0.00218013678281857,0.00241609126316026,-0.00974330646468627
1428,-0.00900201523177606,0.00039797156857855,0.027880902180718,-0.00929695046312048,0.0140381769070555,0.012682467727842,0.00585308479888707,-0.00240895066759445,-0.0101027852943717,-0.00179929945741738,0.0048032316670461,-0.00268742671546425
1429,-0.0212014841098905,0.0331900655816569,0.00425848897761357,-0.000303044945443641,-0.0041441947017744,0.0170695863821449,-0.0333255216606875,0.034121889167154,-0.0198735057109158,0.0107177775185159,-0.0190162924143013,-0.0177576041759337
1430,-0.00284275209993616,-0.00510990971993274,0.00933605981395511,6.78673225586458e-05,-0.0014640429896598,0.00544909906659934,0.00211686050663907,0.00829763926837007,0.000231919436236603,-0.00139941396938025,0.00254948189538372,0.00500501169172483
1431,-0.0167171685021559,-0.0205887819200426,0.00408203136722366,-0.010379663836975,-0.0166636691147531,0.00164091114153231,0.00154024579291517,0.0167560205650659,0.0295535730519775,0.00742171749782985,0.0115014652081034,-0.00525954602200858
1432,-0.00170675037710607,-0.00294312186934682,0.00619413077414422,0.00381233499303617,0.0015833877475741,0.00537922006798835,-0.00167484902732217,-0.00244214522177313,-0.00199853069702913,0.00237562981130073,-0.00414415865535253,0.00185681450468516
1433,-0.0111239078727853,0.0199575687779613,0.0130175477156244,-0.00587114534728699,0.00916561978682665,0.00112565595934904,-0.0151587514428713,0.0103285747768165,-0.00149732107812421,0.0103936274495115,0.0019716370612843,-0.0293520479786127
1434,-0.000576039550963152,-0.000108226681030246,0.00225684133425221,-0.000678642807484057,-0.000394329378455048,0.000853611503189966,-0.000232365869727142,0.00273645001459603,-0.00717646459525581,-0.00196675637868442,0.00420543745140934,0.00586140258361419
1435,-0.0021070311208612,-0.000499910280565896,0.0088337497807813,-0.00373533898262761,-0.00037759496714055,0.00450068570364268,0.00253752909720184,0.00104594895405117,-0.00335422377371491,0.000206638778336913,0.0038828272209403,0.0029032231006008
1436,-0.0137442045815213,0.0237198648941,0.0211396379982319,-0.00532830143892233,0.0213397674209631,0.0123929454244657,-0.0121322166994871,0.0162190453596126,0.0199862299646478,0.0310270366304052,-0.0275048607863142,0.00776583039455854
1437,-0.0112466201830537,-0.0183318068494737,0.0101281771139167,0.00715623346320934,-0.034335941446152,-0.000448386208276568,0.0034872154856516,0.00435623605341944,0.00167616638517961,-0.00762714519429887,-0.00366855723334054,0.014634711395167
1438,-0.0127657056896083,-0.0172016672764451,0.0191812013187036,-0.0171920130624355,-0.0034385469912737,-0.00119139283920634,0.00190799621685452,0.0089114398235561,-0.00673740701099486,-0.00689006337013791,-0.0100176293231388,0.0115311764696475
1439,-0.00454895057951821,0.00305032046977992,0.012555572306816,0.00664281372151501,-0.00530097275712314,-0.00885289934426458,-0.00953403392915158,-0.0112599832728787,-0.0107836083126908,-0.00642427345884807,-0.00157282302913381,0.0119618075018404
1440,-0.0209917251078652,0.0190892957145353,-0.000766297689700614,-0.0156133489675393,0.00921537671692047,0.0151401533155712,0.0341329319014303,-0.00133634783783337,-0.00911152923030477,-0.0371418641370878,0.0211722750626017,-0.0451935749246963
1441,-0.00368758683734988,-0.00916472831996168,0.00900534424723013,0.0032710937217226,-0.0119571701612771,-0.00132900837300817,0.00559046343000443,0.00567288360295553,-0.00540853060865863,-0.00178095561301695,-0.00353538764591169,0.00786439839347643
1442,-0.0219871233733742,0.0172255574276992,0.00135548221985244,-0.0416262981570657,-0.00475387458561835,0.0127143877425195,-0.00675352479671473,-0.0247928602683503,-0.00381209237450597,-0.0107698913938689,-0.0176450842131072,0.00186408449401594
1443,-0.00905590788543307,-0.0112682518602073,0.0142770417187948,0.0323653689316202,-0.0114485288986751,0.00838878958368005,0.0174351832835136,0.00849551601185804,0.00470936238061238,-0.010533606352755,0.00747840936020549,0.00906723213950035
1444,-0.0134775245799372,-0.0358124216316961,0.0104020943410461,-0.00857136810877637,-0.0133882046371993,0.00500076619030223,0.0152644039389294,0.00186883865648292,-0.00549571593361392,-0.0105530913610078,-0.00122838584846933,-7.75641147186341e-05
1445,-0.00885945651459629,-0.0292891014379457,0.00832661507073659,0.0135666023369362,-0.00615000592688935,0.0088789716121499,-0.0026798472324538,0.00772743142806465,-0.00826772658662594,-0.0115320766299647,0.00168244502416253,0.00581426895740658
1446,-0.0229849309044022,0.0291909626431536,-0.00436660125201298,0.010260247716414,-0.00643930427944579,0.0185036827002889,-0.0314589547236637,0.0560115265113906,-0.0332059708943847,-0.0597002310674533,-0.0156046613752748,-0.0320067962600343
1447,-0.00537117003179702,-0.0106644784757553,0.00942536046061904,-0.00239977571207188,-0.0163859418151745,-0.00425984576041545,-0.00208079348019174,-0.00230697383896857,-0.00532350215698315,-0.00508743033841969,0.0034630951790153,0.0111107421138297
1448,-0.00555040072330656,-0.0169670975329062,0.00530688938265119,0.00482589740739638,-0.00414905092525884,0.00479671318843743,-0.00770951674195294,0.00455887967450282,-0.00275390658839749,-0.0134397529754258,0.00225930602572035,0.0082018210326042
1450,-0.0278151777927419,0.0277732734089414,-0.0245620229003234,-0.00259241361043026,0.00952219810195414,0.0509070030389792,0.0088118673135053,0.0286551013251544,-0.0284509745008329,0.0121548564152415,-0.0653974958834931,0.0231769611843169
1451,-0.010778427117724,0.00822646860878146,0.0326705169038482,-0.00524392797460041,-0.00412981473941892,0.00237452888993167,0.00499398061672238,-0.00894367204519007,-0.00957850638912199,0.0120755114703653,-0.00243303626564582,-0.00753813504550593
1452,-0.0126173502953451,0.00710695014546813,0.026919085499101,-0.0185775260319006,0.0183872075834674,0.0106484656985111,-0.000982330828526945,-0.00214394890056389,0.00430020307497667,-0.0113860141488335,0.00816250321193035,-0.00615123686389325
1453,-0.00750012357925928,0.00183233139059773,0.0133448989868066,-0.0161297915002894,-0.00460000822361969,0.0134088747543778,0.0204817880218989,0.00230867974036608,0.000131056600512008,-0.00228404128510252,0.021597710904558,-0.00116376204663219
1454,-0.0276430443502438,0.0228136110296622,-0.0240053463316777,-0.0129072995087694,0.00334668119781847,0.018649715621726,-0.00810298628353857,0.027756963361924,0.0470291283868748,-0.0128717686772237,-0.0223851939599627,-0.00591097434833705
1455,-0.00968953187302226,-0.0206083655321901,0.0132723713088759,0.000456833983833952,-0.0194349467533839,0.0105068370466518,0.00544595255369691,0.00396586728634911,-0.0126767145346851,0.00452583755928774,-0.0170955317447469,0.000981415861551972
1456,-0.0190883974544562,0.0232979342706113,0.0138847563141035,-0.0138536146488913,-0.0074753563614079,0.00323101377199099,-0.0205666433250238,0.0314799953978682,-0.0139771882214053,-0.0110137730381376,-0.0238113967825275,0.00408227420828529
1457,-0.0215961654667923,0.0212298672880157,-0.00147231867422549,0.0341089631000381,0.0128933182332002,-0.0300344534167236,0.0212504180167064,0.0347987734492059,0.00174013646880756,-0.00813104768408584,-0.0227778312684564,0.0507231071563964
1458,-0.0164722087375387,0.0164966578890754,0.0200506665076922,-0.0231093555604952,0.000319547857192351,0.00887618198096404,0.0341454006532537,0.00152579056419063,-0.0121301237311247,-0.00661188089224462,0.0114231750787447,-0.0154972860850895
1459,-0.0221155040113057,0.00492105730865433,-0.0097266858014769,0.00746168533767558,-0.00899497403523896,-0.03063017953888,-0.0158822749065631,0.0168508063884154,-0.0185467190337864,0.00648740524873925,-0.00991296916144263,-0.0198398332779664
1460,-0.0147381880151509,0.0204228078140757,0.0148126076531576,0.0287946329368965,-0.0213188637689607,-0.000292264517559825,-0.00544023583779676,0.00934417008774107,0.0296021567555051,-0.00987964483932238,0.0140299827032769,-0.00829261662066357
1461,-0.0154237606416615,0.0214515638349099,0.011440749616611,0.0270173189441847,-0.00250518350648096,-0.00205756053490821,0.00175657575668558,0.0235242094124982,0.0304327936300394,0.00884811719554037,-0.00623366709208507,0.00168135858340325
1462,-0.0120969307034448,0.00503784057172924,0.0194224410811692,-0.0228983338423112,0.0166009733459791,0.0130621453575171,0.0187272945675847,-0.0148978877560408,-0.00380061188456654,0.00280678458827471,0.00915576169564178,-0.0136304354446919
1463,-0.0138318641958362,0.00978329811207985,0.0241149303651814,-0.0316152288219674,-0.00779793090441496,0.00015178767236955,0.000967377327960849,-0.0071812604776404,0.00114762007634497,-0.0042690311696317,-0.00525863118008381,-0.00347040828010076
1464,-0.0206987567996135,-0.0230129294475353,-0.0142280668096386,0.0107132551652278,-0.0309333759782767,-0.0284509515812377,-0.00547770456718383,-0.0224657441368229,-0.0024404280580654,-0.0238644506680205,0.0102900758756282,-0.0179561198406639
1465,-0.00755797681620337,0.0045319021428027,0.0194942632125639,-0.0122416183352965,0.0117877647441719,0.00345315858658006,0.00124149639280444,-0.00345610422809326,0.00241927599693861,-0.00867077855726989,0.0102711571519989,0.000255635453327881
1466,-0.00981026699651212,-0.0221921197780767,0.0175607080926408,0.000537549707513563,-0.0164614339870453,0.00976255142011354,-0.00821895402519604,0.00665585396040182,-0.00139887860493353,-0.0142566355173752,0.00190312664610617,0.0100726594185742
1467,-0.0227294646594765,0.0276247212663354,0.000534448056185774,-0.0107753134685029,0.00565677545227402,-0.0088041704541018,-0.0220208071764007,0.0362121139470261,0.00273776985548959,0.0247142692269279,-0.0108554443683253,-0.0343770312462661
1468,-0.0133020830412757,0.0111633326890738,0.0253227528588732,0.00579194438582416,-0.00303124602293584,-0.005036995507402,-0.0170530733979523,0.00791503676011856,0.00740419196176905,0.00401053094111993,0.00161515632177565,-0.00175224223289663
1469,-0.00760908633481054,0.00629872753310239,0.0208974827172392,0.00694461510585458,0.00410966661038362,0.000963885552830935,0.00330118399143218,0.0103693973961153,0.00458264407790028,0.000524428733778037,-0.00494371147217313,0.000870317772134769
1470,-0.0128470548476946,-0.0167207679287243,0.00420291833403968,0.00167554993223286,-0.0242259625101462,-0.0171791693396223,-0.00307748188895273,0.00737744866453754,-0.00972079334704205,-0.00360221542144228,0.00411614876498202,-0.00306122495782285
1471,-0.0123810001631046,0.00611383019211397,0.0221832661233287,0.00691648777634824,-0.011789968297198,-0.0193183777873408,-0.0129862468826713,0.00198938964265001,-0.00259846156250826,-0.00012377427798558,0.00719095054698183,0.00355513925496641
1472,-0.00658975900508632,0.00731426635163341,0.0236981673610609,-0.00445391740377907,-0.00114100512327873,0.00231770328519303,0.00406142173643066,-0.0113708330598382,-0.0116728896132338,0.00736686961902498,0.0117543488208764,0.0012359365568322
1473,-0.016472264447608,0.0124431304720676,0.0119828927929979,0.0256732361566772,-0.00445561648403449,0.0277816964628762,-0.0162120595391409,0.0171011545916407,0.0118570203011965,-0.015440021806965,-0.00590381027381577,-0.0339514930275391
1474,-0.0103981392642934,0.0160425920598573,0.0304769479481112,0.0138374329251105,-0.0129045193138398,-0.000757321840993507,-0.00231577519793652,0.00397689711165324,-0.0172079333906137,2.83471649295787e-06,0.00603760575132827,0.00663528329411131
1475,-0.0118400647318184,0.00702150559367644,0.0238832978603773,-0.0113755808832834,-0.0124450494769241,-0.00140724207043089,-0.0060864379700558,0.0111448276971927,0.00970673568726867,0.00147764498195913,0.0148343448843281,0.000150795703416061
1476,-0.010739681080883,0.0131326831102587,0.0233611638262779,0.00983521646329718,0.00657167288824964,-3.20330633637019e-05,0.000734866623487116,0.015098588926679,0.00239032827656315,-0.000119750602335604,-0.000406780874969036,0.0101071168776285
1477,-0.0244646778880212,0.031938421285354,-0.0074171928181555,-0.0127428745373502,0.0198647094607348,0.013916729729449,-0.0372828917138655,0.0222459908556866,-0.0349532646339939,-0.0143498701684874,-0.02420598384914,-0.0166241095613299
1478,-0.0116818160885819,0.000535282531007329,0.0145225341416247,0.00508744120172422,-0.0157158138938124,-0.00341089768548578,-0.0170218978422652,-0.00378240364026219,-0.00456480208866251,-0.000829447798378792,7.10055816380424e-05,-0.00141537846870068
1479,-0.0290777188586549,0.0262793388963447,-0.0247903082800502,-0.00284405576364132,0.022748900437907,-0.00590558321355226,-0.0338372596405013,0.038740187086505,-0.0275452282839211,-0.0362567298939406,0.00942780990349996,0.00516260598027917
1480,-0.0165390718556095,-0.023120065199543,-0.00167260959197952,-0.0060043417522867,-0.0374999760710929,-0.0116463987154486,0.00640939167608097,-0.00526951451450643,0.023712704423605,-0.00525799567805523,0.00729692767596212,0.013399336739095
1481,-0.0131452803840783,-0.00649141983982686,0.0219385318600309,-0.0245482342875786,-0.0149589240572921,0.0164369269087402,-0.00128778319932228,-0.00783397522446348,0.0183531856053605,-0.00269078424555776,-0.0101039175783445,-0.00587532086955067
1482,-0.00784647789030815,-0.0150748313575213,0.0166218922480932,-0.00523492310375267,-0.0104969005112148,-0.000323534598277833,-0.00590215164069822,-0.0124280194147616,-0.00503977995136759,-0.00322619947027241,-0.00642689945591988,0.00206500119235183
1483,-0.0198029166459411,0.00751771034119296,0.00899219715439158,-0.0295785875416015,-0.00568737608616671,-0.000345325090483497,0.0206676891818664,-0.0176712875853563,0.00449301903509528,0.0067752186274417,-0.040071636569029,-0.0169162672796475
1484,-0.0206251978041073,0.0142384687453875,0.0158071242688377,0.00721298281582862,0.00150789044897293,-0.0157793736707658,-0.0336453808439817,0.0233223578034821,0.00644205658790998,-0.0126045690860783,-0.0193376262355164,-0.0344286507630745
1485,-0.018726734244759,0.0208443258590725,0.00966207335648202,0.00625593881056426,0.013099650689666,-0.00494680652099497,-0.0283864771122985,0.0436755900847795,0.00734151423239114,-0.00812474991249062,-0.0104519519888411,-0.0149858325912702
1486,-0.0315945679965556,0.0101869369184987,-0.0441563431186621,0.00811109387653123,-0.016828366835975,0.0191340932991795,-0.0261772610708541,0.0202236289947112,-0.0395464374625308,0.0315312077873164,0.00687388749462669,0.0215243889863791
1487,-0.0218122093058097,0.0144291598706102,-0.000282936636131683,-0.0217847583714618,-0.00612225161985216,-0.0128866981121105,-0.0186966697112363,0.0180214645260938,0.0394904743652104,-0.014220572745534,0.0270974065295697,-0.0167535527317416
1488,-0.0211533031324693,0.0247070896067383,0.00679016532692679,-0.0116260406882752,-0.00139267264766044,-0.0159783666724232,-0.0327728117463204,0.00480370836776751,0.00887903293727059,0.016471108811068,-0.00272333424265738,-0.0227057245260477
1489,-0.0141212392645005,-0.00344861103731257,0.0249341484440477,-0.0183167090236004,-0.0238288767546938,-0.00046723733790578,-0.0144935680109094,-0.0113297662355999,-0.000660095348061746,-0.00193947414996643,-0.000701104012467412,-0.000665950755101762
1490,-0.00180132317623971,-0.00404713645226497,0.00488662322331287,0.00465027325749651,-0.00478465281623024,-0.00306485654099636,0.00239876301171628,-0.00161640720633896,-0.00126835968896887,-0.00249327239000986,0.00677890416725088,0.00620200412031087
1491,-0.00979733223650777,0.0169050053889992,0.0206421354777434,0.00894476227186722,-0.00309826025595171,0.010816930116148,-0.00899424999204601,-0.0225824647056396,0.0128253789096286,-0.00288121270186161,0.0201946974235623,-0.00191382798685379
1492,-0.00961180016104778,-0.0107161364532162,0.00886948559425912,-0.0286543517309989,-0.0128338622747774,0.000540854947351465,-0.0130247177422355,0.00680709836920054,0.00768184519417151,-0.00529160983444456,-0.00266595682427557,-0.00352792247910849
1493,-0.0278535977256815,0.0229225898498818,-0.0216075161788727,0.00346826183691241,-0.0128152050406979,-0.00769263241589925,-0.0357866029736866,0.0259734614498298,0.0129979016071111,-0.0231659384327451,0.00928901636017436,-0.000861645274358979
1494,-0.0104599419576097,0.0141191585322139,0.0305817796286011,0.00209297872409621,0.00779753675736493,0.0062087908609269,-0.00734066532037244,0.0208431534685693,-0.00844723632421673,0.0101458068703534,-0.00787662720973034,0.000120424414779494
1495,-0.0181704509386947,-0.0024678960228697,0.00108351916904696,0.0218912697197413,-0.0146684541568029,-0.0222354204399208,-0.033743847092323,0.0271107083090993,0.0171878252459492,-0.00743571005166719,0.0053383970638797,-0.00347312530542743
1496,-0.0137783950867012,-0.000798045284471778,0.0271990914628751,-0.017919264389165,-0.00673933515142392,-0.00147307100185035,0.00739136295215002,0.00804269301079045,0.0034268413591145,0.0106421818892012,0.00215861426949479,5.73616377322631e-05
1497,-0.000576039550963152,-0.000108226681030246,0.00225684133425221,-0.000678642807484057,-0.000394329378455048,0.000853611503189966,-0.000232365869727142,0.00273645001459603,-0.00717646459525581,-0.00196675637868442,0.00420543745140934,0.00586140258361419
1498,-0.0124219759840341,-0.0127524407076719,0.0189480341348841,0.0162262335091726,-0.00410358638613779,0.00141307142260778,-0.0267249273478845,0.00107666777486202,-0.00147801064599318,-0.00692842075723757,0.00676660074516616,0.0113170328118069
1499,-0.00505110075265733,0.00100763519806628,0.0156561885603577,-0.0100965495778475,-0.00102726329726942,0.00196834495090122,0.0027224413205005,-0.0022231350482225,-0.0104227282174847,-0.00379167989237926,0.00270608477210504,-0.00662918966671017
1500,-0.0205118291090157,-0.0163481482515968,-0.00037658686016241,-0.0165674502412461,-0.0176991276750778,-0.0234349885542056,-0.0155414255538844,0.0183385286520441,-0.00129426278621037,-0.00971434246718142,0.00642285004652919,-0.0192966694955775
1501,-0.0224115548838456,-0.0180374326974069,-0.0182693365415725,-0.00453733438827035,-0.0402316769695727,-0.0121831095996591,-0.0118890988605626,-0.00943040917643082,0.0114900839458094,-0.000649579454931393,0.00987200212870948,-0.0347867189190017
1502,-0.000818724723918273,-0.00127563508077591,0.00264274121184505,-3.44704732642008e-05,-0.00375156979637241,-0.00122900915116083,-0.000429132301432068,-0.000225508816050289,0.00210151540197662,-0.00301032004312218,0.00328964254109798,0.00133087541124098
1503,-0.0267934167714061,0.0163380845834583,-0.0252063648374858,0.00306912477794579,-0.0359779946241805,-0.0042685092819243,0.00961839806576116,-0.00104371558265355,-0.00726423883443762,0.0189753220941717,0.0126524147978334,0.0199239373727896
1504,-0.0116859476727563,0.0121069509526697,0.012968908553972,0.0102362925231568,-0.00846135927664855,-0.00585545509571683,0.00830271472650253,0.000631817700129458,-0.0201936960192026,-0.00227375733339814,0.0192549002462168,0.0118749032045374
1505,-0.0274884900713515,0.00359155226764096,-0.0265631896471056,-0.0285193929050136,-0.0190199751855694,0.00613893027264657,0.0150068277646662,0.0154471627112669,-0.00999475146069734,0.00973876978416203,-0.0197945649547669,0.0203828933803175
1506,-0.013237144416963,0.00528191636288725,0.0290768073180574,-0.0101409949656582,-0.0101409502031232,-0.000763115880960594,0.00422006763016508,-0.0087171216475601,-0.00295051270370236,0.00509377487707679,0.00115812491830468,0.0129669265396098
1507,-0.0205754575551251,-0.0205595906839079,-0.00331575522968612,-0.0351069806526018,-0.0034242923523454,0.00190120433330459,-0.00944469935198076,0.00615685625738017,0.0264739615611345,-0.00847299985370234,-0.00330776020511807,-0.00744331898498993
1508,-0.0150797214025693,0.0219947479111481,0.0180534206885324,0.00563727232938132,-0.00957529060403851,0.0243403605389886,-0.0391548518953116,-0.0337897157292952,0.0155062177849071,-3.01819161371334e-05,-0.0204807709693747,-0.0316584711944764
1509,-0.0232342950252459,0.0284532509865187,-0.0030352318819337,0.0114043271550506,-0.015032823210802,0.0039208310480539,-0.0352707899434219,-0.00226503008024725,0.0248804931503642,0.00658165501255444,-0.0113443116903121,-0.00360519119447933
1510,-0.0131861661238551,0.0149989982394604,0.0178644893290746,-0.00314350755672211,-0.00661822920453583,-0.00420767613249656,0.0257986835174979,-0.00202607844802307,-0.0114952236863952,0.0080041321527232,0.00679879609432473,-0.0127693274313088
1511,-0.0128392729589338,0.00205010385840673,0.0244915004918379,0.00693492734467266,-0.0115067205567459,-0.00736927857341391,-0.000601030315425692,0.012026546849044,-0.00417578754430656,0.00346064846614553,0.0058455153549107,0.000282179384872294
1512,-0.0186091293763038,-0.00772575783190312,0.00531163277078156,0.00368276328180075,-0.0386477418202403,-0.0173289867495261,0.00497835083893739,0.00791212896448133,0.00433306439161331,0.0137992451432205,-0.0128531358190819,0.000931151860717179
1513,-0.0184230060488746,-0.0328339314472761,-0.0106398603792107,0.00523891652290885,-0.0233231789119133,-0.00313976076690817,0.0192933696034067,0.0312422779743214,0.0165706117823969,-0.00934109841505744,-0.0137487557731464,0.0128262616494998
1514,-0.0102111904168572,-0.0191290319891642,0.0190212452752297,-0.0197461342753246,-0.0123464183482624,0.0128793742435,-0.0097475480418797,0.0102872019124392,0.00517687783824861,-0.0135752055978125,-0.00238281223433703,-0.00989775409450019
1515,-0.00433510512811836,-0.0106318678540597,0.00919290864186473,0.00107193338964033,-0.00468872741344989,0.00384205406990201,-0.0055889506275137,-0.00419273589365933,0.00214947128707972,-0.00385170986733026,-0.00103367289156567,0.000581780755704985
1516,-0.00180457662183137,-0.00327849213116084,0.0062535426381018,0.00436698694294119,-0.00323460322583715,0.00347813981059866,-0.00388668118265388,0.00477766958559459,-0.0139568360930756,-0.00445163635388866,-0.00255552287706156,0.0164772267668209
1517,-0.0262054063911895,0.0166911115159984,-0.023107292263714,0.00261064599687129,-0.0138484424349542,0.0164601785118561,0.0151552687737901,0.0234797265996527,0.0610398137339596,-0.0381225461998815,-0.0179878404949281,-0.0115216104614424
1518,-0.0154756831447857,-0.00293994034282444,0.0169782214436624,-0.0187216808875133,-0.000452657533315514,0.0225691115783394,0.0265952417594816,0.00925304766546344,0.021883695129733,-0.00436125421733039,-0.00445081659012514,-0.0063126429490881
1519,-0.0101965978697083,0.00453113047288604,0.0284587706531325,0.0176970820134339,-0.00986265359046709,0.0111205621219643,-0.00123988341513728,0.00380796312076244,0.012258048143663,-0.00408509027063131,0.00336346399470358,0.00422771221611978
1520,-0.0041987893786112,-0.00986379840118419,0.00189773436165353,-0.0187635849989958,-0.00446105095974819,0.00664909908647918,0.00340337415894522,0.00763844603118438,9.6298598313053e-05,-0.00173985925893625,-0.00952287652143253,0.00287237426197077
1521,-0.00784021011635823,-0.0193777774587769,0.00995820935648783,-0.00518739274280526,-0.00852279440413161,0.0100939416951111,0.00393597746440924,0.0100920499177683,-0.000447623847188506,-0.00248755420375407,-0.0149405188192193,0.0158948334123194
1522,-0.0159090806394879,-0.000201846585083231,0.0193622769335984,-0.0110649342357534,-0.0250479624095236,-0.0123261623310886,0.010899603426845,0.0229174701852076,0.00206183032853872,0.00252812587602229,0.0114351277025231,0.004609627888216
1523,-0.00103537107370765,-0.00339921178858552,-0.00208201898791727,-0.00163121081449419,-0.00734977805408476,0.0012384100240137,-0.00108544754974363,0.000846164649728898,-0.00240299694722665,-0.00473276523429618,0.000896896719853882,-0.0028866288123047
1524,-0.018196389658249,-0.0182832021867127,0.00751892770007274,-0.00962294704404838,-0.0134965014730031,-0.016581780543892,-0.00961911502038406,0.00228776016742772,0.00372781900085756,-0.0155305592894041,0.00814747943101048,-0.0235469784540953
1525,-0.0149720943794701,0.00371293465328892,0.0214533662151543,0.00787725934362206,0.00319431354884833,-0.00926278975562776,-0.0339939739115576,-0.00147417335461945,0.0010082971273683,-0.0085829178809364,0.00234657658672272,-0.0068166006960573
1526,-0.00569991586035092,-0.00599010712813749,0.014579777077291,0.00938420644973505,-0.00977176768326778,-0.00831046456177137,-0.0151630782851602,0.000794713500496986,-0.0129284180189512,0.00325596553202611,-0.00508787446535917,0.0114953453395138
1527,-0.0252080298792878,0.0146608525805292,-0.00637950500301786,0.0057047929016971,0.0104725451927803,-0.0567542094890104,0.0175244621786525,-0.0226688360440631,-0.0283443147005095,0.0100211408974802,-0.00751979497745802,0.0227201779201597
1528,-0.00348654562921292,-0.0085690582684304,0.0103325599597578,0.000527917308550186,-0.013417045991551,0.00927896204360835,0.00252746984194814,0.0150794713530941,-0.00271349545530753,-0.00723717653644048,0.00918151370874102,-0.0123100475010158
1529,-0.0146584105608218,0.0168670064059749,0.0144461788598349,-0.0055356366474167,-0.0073003890141836,-0.00206021993184335,0.0317900223692488,-0.00150927716581056,-0.0149053859859795,0.0192913708064215,0.0126214214296619,-0.0301637803804118
1530,-0.00454322584838966,-0.00768815463692842,0.0123831548010118,0.000808706800111448,-0.00234397453741195,0.00576242078113494,-0.00307352601973136,0.000367014623280934,-0.00548895411984291,-0.00236012330299828,-0.000615319870396677,-0.00326002206223707
1531,-0.0143054009071401,0.0112248431933756,0.0177729223612539,0.00676740551549157,-0.00251468912840952,-0.00804589628049767,-0.00613229619336736,0.0270953168794673,-0.00384092123310764,0.0162900511897661,-0.0118951956015631,-0.0144340152412408
1532,-0.00850904288572482,-0.00826057959249166,0.0197719131439278,-0.00805664329194611,-0.0137033495546348,-0.00397627136181906,-0.0183259100801545,0.00539462979484693,-0.00459735702944331,-0.00327290040923421,0.0117149944666428,0.00371195274085437
1533,-0.0115684627118602,-0.0236999218030054,0.0137588158814034,-0.0210148349179577,-0.00197896421515031,0.00938525041206171,-0.00166327481291663,0.0183340188627744,-0.00118895832308374,-0.0113719366584921,-0.0222171442225211,0.00733372861819591
1534,-0.0161622548870799,-0.0229372814501882,0.00655990878939908,-0.013955276348533,-0.0144406678074291,-0.0211415772581646,-0.0163191944811277,0.00613986012391126,0.00045206648794231,-0.000181246972856986,0.00188840059073798,0.0100832424320267
1535,-0.00871105461374763,-0.00309670089323714,0.021495677341581,0.0038367041736948,-0.0245791159257164,-0.0100805961580611,-0.0209979843995351,-0.00545501933772827,-0.00568452974398168,-0.00824825651062232,0.00632620741851935,-0.000101750158265662
1536,-0.0212514791560111,0.0104640139986378,0.00662527709101183,-0.0282156189718909,-0.0113164266968661,-0.0144239064531254,-0.0160317134723056,0.012678807789672,-0.0188105073056679,-0.017597331086851,0.00094909398746079,-0.0393954331142254
1537,-0.0263648836006494,-0.000693825778569872,-0.0353857251568969,0.0172229563206078,-0.0492355583265761,-0.00267267293900583,-0.0220829751592879,-0.0536150530711561,-0.0288056569814948,0.0335783595911815,-0.0113877547457252,-0.0117898922553563
1538,-0.0278354890537869,0.00355282122559165,-0.023940563500249,-0.0206716900399242,0.0239680343952569,-0.0135219076183703,-0.0193750211572388,-0.00673090061716639,-0.00205061317420083,-0.0304717371375831,-0.0279181530931091,-0.000457254038375613
1539,-0.00592377295031162,-0.00866717837439068,0.0212931689298895,0.00472404787674669,-0.00784848929471541,0.00598691393674817,-0.010635549301359,-0.000372320233347605,-0.00705162710700274,0.00123304823268833,0.00426093194946446,0.00966152133206367
1540,-0.0201082748312249,0.0280445310204468,-0.000315911692172256,0.0428736313378817,-0.00978345859433325,0.0264285093814587,-0.000922703956550026,0.0466973350107916,-0.00977820199547864,-0.0484836963597343,-0.0200680772727111,-0.036284537139021
1541,-0.00874486697605793,-0.00981165412247949,0.0177159145621186,-0.00742564530534574,-0.0058701472312865,0.00456127087845321,-0.00496210595291951,-0.00611887422868339,0.0003922468432458,-0.00560168660143904,-0.00823219360648656,-0.00754134159050558
1542,-0.0234061448951985,-0.00284085520689801,-0.00773999856396415,-0.0424051129608924,-0.00700111987108435,-0.0188352957818447,-0.0124290145649939,-0.0102254836248503,0.0246904507709588,-0.0254122574267209,-0.00353915105305198,-0.00120353229301475
1543,-0.00512857875808748,0.00674333304929069,0.0161891015348089,0.00591074109613758,-0.0091086659765864,-0.00396495490782903,0.0161251972295412,0.00189187779491161,-0.0175350632178028,-0.00304260913542467,0.00831388541190659,0.00792942722726787
1544,-0.0240548243581694,0.00721057855606058,-0.00496167151823409,-0.0346329019125679,-0.0105294808011477,-0.0100598964279184,0.00874226414751249,0.0108310333014308,0.0249377040910688,0.0087440061564956,-0.0123570802157118,0.00106629066920612
1545,-0.0094010238150596,0.0233577818339706,0.0250373671012027,0.0136034620601952,-0.00693666133581612,-0.00257522341318806,0.00551572338250705,0.0157714515425574,-0.00838992379282665,-0.00385936807532812,0.00531036478356062,0.0232272086341143
1546,-0.0274306132670258,0.0160707870144255,-0.023299071051808,-0.0156635378409292,-0.0218816687543757,0.00837756311061541,0.02012038213461,0.00976176361348337,0.00896663933748095,-0.0368374463201042,-0.00255023273556164,-0.0449692590184112
1547,-0.01906747324465,-0.0228244939419659,-0.0016237631926624,-0.0338988515415638,-0.0149766000222417,-0.00223882469732112,-0.0129074951284616,0.0174040963398085,0.0203802089422285,0.00532293089751091,-0.00918208065694687,-0.0138499765441283
1548,-0.0130814746492665,-0.0312939744781401,0.0088542028825036,-0.026252850693951,0.000494226754923888,0.0198995560132589,-0.00379267279016015,-0.00130054351150383,0.0010079816757641,-0.00823520582181854,-0.00443198881217075,-0.00500720132352297
1549,-0.000671431582038213,-0.00102880145684086,0.00182936957846518,-0.00271520299853549,0.00288815656200835,0.000982666054437192,-0.00203894551086089,-0.000131801274845415,0.000931317821713469,-0.00466833484229457,0.00281950866372033,0.000621523935748157
1550,-0.0147423555704282,0.00476461908665991,0.0265013888432996,-0.0115077661539843,-0.00482726922643424,-0.0104051445500678,-0.0266959064600106,0.00200307638935267,0.00989715032126989,-0.0107279525868398,0.000499881399739915,0.00312640768403548
1551,-0.0172797753163776,0.0261569857316731,0.0164877923234468,-0.000898905867255837,0.000718466523592029,-0.0168951753165464,-0.0288710650290134,0.0437672276329287,-0.00432450829495622,0.0192176240385288,0.0117544596099906,-0.0235155345151526
1552,-0.0199047240707938,0.0158468947724578,0.0125149613834021,-0.0320111266056301,0.00982061689113108,0.0112779072834954,0.0255861161357071,0.00419393784077484,0.00854027342035166,-0.0232295699805666,0.0156894582498133,-0.0126674030743132
1553,-0.0190937117938432,0.0136555603288576,0.0097114390023384,-0.0168887008706299,-0.00228456061875141,-0.0251268407842447,0.0269790493329385,0.0347124652143171,-0.0181327536610915,0.0135654162070129,-0.00425254883952059,-0.0206298904475429
1554,-0.0188260762185117,0.0205134584946865,0.00893402183540729,0.0206269567943534,-0.000347292073943658,0.00732248741001451,-0.0256399586603317,0.0237783186576145,0.0402834940524946,0.00816394920472589,-0.0342041491263833,-0.0234739422411312
1555,-0.00587746272391076,0.00598327331007885,0.00985402912327208,0.0174985100241875,0.00872226224774055,-0.00318168058809858,-0.00959997320878463,0.008931918646583,0.0171582167288223,0.00484152064942418,-0.00882350357417786,0.00230430923898734
1556,-0.0238788950006168,0.0117119049586075,0.00194505523967014,-0.0240265697686874,0.000104942847507964,-0.0221917526498926,-0.00990712583517951,0.0167178011029736,0.0197958653091076,0.00376898266813877,0.0320062536461496,-0.0276481935495376
1557,-0.0240460786752003,-0.0119205052759272,-0.0206365575055489,-0.00535610757339368,-0.0036321674695923,-0.0122423723753899,-0.0265613734132487,0.00600461226629895,-0.0173819179946148,-0.00279460703668995,0.020214841250891,-0.031801814676401
1558,-0.00949546962662659,-0.0206528174285191,0.0169765927371607,-0.0108231286953589,-0.0132012583562448,0.0144801982653947,-0.00473892111558,0.00554266201506455,0.00592540157721166,-0.00806354086370976,0.0010327389171746,0.0131952668954121
1559,-0.00944327815706959,-0.0219141153533234,0.0128459897320743,-0.0130782284934444,-0.0153072868347535,0.00529919599410857,0.00280944608819601,0.00670275124253229,0.00847075556943366,-0.00771975765404679,-0.0115431085795005,0.00658767025411555
1560,-0.017269207355621,-0.0237685462934264,-0.00404476963423894,0.00457821224244104,-0.0256142374725149,0.00309282171552906,-0.00230615247588745,0.0171311722267986,0.00649074811505129,-0.00936662887614005,0.0108663017369726,-0.0100614384970345
1561,-0.0190057056739828,-0.0135162907969741,0.00777432117039393,-0.00784904813543612,-0.0190716730610856,-0.0308619910498787,0.00363839623723775,-0.00692485060207424,-0.0157455331234834,0.0089236568075576,0.00978622688212349,-0.0055025770306716
1562,-0.0137474588053361,0.0196485816091103,0.0198205336674429,-0.0118125115314172,0.0187304471373215,0.0147633988985471,0.0324326472450038,-0.00335553280731443,0.0143606345779459,0.00723482577014097,0.0269737961969533,-0.000307563998279688
1563,-0.0106328430128427,0.0113207568454498,0.0369047050289682,-0.00736316487980877,-0.00134826369640329,0.0117929057993503,0.00840870319235985,-0.00881770510678006,-0.0211519259090506,0.00290700894929919,0.000702424289543695,-0.0202805155717509
1564,-0.0302169250739904,0.022533945193057,-0.0327254863757337,-0.0277149165717411,-0.0154198102096054,-0.0221925047232615,-0.0255687410109534,-0.0119888124822469,-0.00902083804820207,-0.024362647335906,0.0171704444346847,0.0253149679387219
1565,-0.00924638928616564,0.0112675689007755,0.0178114584463294,-0.0172622752037315,0.00995540748751461,0.00635922093164616,0.0117950278895487,-0.0122079160960548,-0.0181182032639592,-0.00517521620600793,-0.00378857624229124,-0.0254543994786709
1566,-0.000161400185687909,-0.000326129380554339,-0.000716281082828855,-0.000187313369583447,0.00152213477284604,0.000624604161547769,0.00054506799194453,0.00200142045331388,0.00010930604032225,-0.00350622098833212,0.00143136003801227,0.000989250032495363
1567,-0.0218545453674873,0.00622737284585203,-0.00416127181910396,-0.0181760911254685,-0.014173255215872,-0.00789856980703994,-0.0186502361399736,0.0261495483561298,0.037045962755513,0.0677238692129967,0.00379975237413979,-0.0198765940741514
1568,-0.0164556796335963,0.00540479143519604,0.0190620062406947,-0.00745970359440933,0.0065943314192995,0.00846873010090507,0.0293505070765304,0.000556768440358341,-0.0168526964442785,-0.0166589106437171,0.0168732135784566,-0.0310720174173272
1569,-0.000763849633668697,-0.00240741198154091,0.00222467216298877,0.000546317429978652,-0.000731887075521495,0.000688621587607694,0.00104408870559715,-0.000593674815552268,-0.00165257114497624,-0.0029277334340969,1.33727530325417e-05,0.00150580629290364
1570,-0.00502793413517107,-0.0102993007592676,0.0163701413672088,0.0071984729149051,-0.00369558167114672,0.00458375871229072,-0.00235057791677896,-0.00681032335601329,-0.00258859106328256,-0.00461214940439666,0.00253799690711335,0.00148901816173742
1571,-0.0178823826931272,0.018646253651454,0.0115357117675428,0.0081223765323467,-0.0143094521670711,0.0430895093341006,-0.0076922368145127,-0.0216729685749088,-0.00522675081200049,-0.0319205549826341,-0.0213720247277886,-0.0562789970769549
1572,-0.00332130129039849,-0.00163987702791782,0.00935425804047556,0.00214186563151551,-0.00646670857583257,-0.000221133513851257,-0.0117685529912364,0.0052895244977953,-0.000244898906848376,-0.000213157810292201,0.00257018838239864,-0.00571524961726031
1573,-0.0229659708415813,-0.0216685932619362,-0.0242717823897068,-0.00568691572892753,-0.0394072635775583,-0.0111524148450551,-1.88777895533991e-05,0.0101931074661819,0.00512598682130215,-0.00554317552678358,-0.0068691803786081,-0.0208172915425618
1574,-0.000670628843349989,0.00103822863490147,0.00159563658482044,0.00454769316101107,-0.000404386630534954,0.0021429828941319,-0.00327856859092847,0.00130410149349877,0.00372740617212856,0.00037639447962142,-0.0033850982304767,-0.000939752695990357
1575,-0.0261612362659701,0.030606198375914,-0.0194453422834123,-0.0356252086385778,0.0202042211754299,0.0394273185807489,-0.057849148745931,-0.0640496425123344,-0.0100342686909066,-0.0800661633821365,-0.0136373482816324,-0.000402048931346364
1576,-0.0228754026205469,0.0259700250922738,-0.00207535811830624,-0.00476104554734209,0.0141438464807574,0.00203695390915074,-0.0115479852549675,0.051446906979072,-0.0297016998071023,0.000793585361255127,0.00313927514697554,0.0181429385345805
1577,-0.000459747028141539,-0.000258370552275046,-0.000325842709185732,0.00358030942872915,0.00284440311366113,-0.00130652383092324,-0.00478456205866952,0.00179770017123767,0.00216660085952328,0.00090749755159347,0.0019165076287996,-0.00079463676723626
1578,-0.00746567226784451,-0.0148821197960971,0.0102417167024329,-0.0174298690885934,-0.0100691175353008,0.0132811341059023,-0.0153343848605747,0.00260416286960579,-0.00367116276293927,-0.00819791803465511,-0.0100029096667589,0.0091424755279568
1579,-0.0149837528891699,0.0103401323929641,0.0133127733324014,-0.0165143400682965,-0.00672757429911271,-0.00559806377264148,-0.0102278041697878,0.0270341959151282,0.00876597168102356,-0.00498167493734336,-0.00269199438343054,0.00298646242525378
1580,-0.0169361526215852,0.00325844761929653,0.0149808531481174,-0.0370618004952748,0.00812812681108672,-0.0109673807109859,-0.0282722891237345,-0.00817142685964508,0.0175080259049581,-0.0162530312583871,0.0124416324633894,-0.00381185438218225
1581,-0.00585180766401693,-0.0193074917830354,0.0106960502562902,-0.00686050764153059,-0.0116379730952447,0.00949257279214189,-0.00480063401086485,-0.000905710593351658,0.0102699772437863,-0.0111331093466019,-0.00470020683294844,0.00675217453577618
1582,-0.0247723357458512,0.000820331533488411,-0.019426609357433,0.00799659947494332,-0.0196765581319463,-0.0112489912569743,-0.0208174528058169,0.0192549686617888,-0.0142271814118869,0.0195574237449897,0.000361697906868441,-0.0427175245756472
1583,-0.0200529578003617,-0.0195701793949484,-0.0050101272546444,-0.0185400965840215,-0.00935796355865393,-0.0127221720703448,0.00171739287173312,0.017197327714197,0.0273316252757361,-0.012457038091142,0.0283480460952028,-0.00118863515422912
1584,-0.00711883966738221,0.0115088372287236,0.0233989056046509,0.0015926637686878,0.000595339509022968,0.000342669089989178,0.0083048767553736,0.0018937339525622,-0.00206406810928213,0.0130584305537618,0.00553262374150943,-0.000192978620544441
1585,-0.0256836546322109,0.0047462304883218,-0.0310063196610814,0.0242160756893448,-0.0400047846644,-0.0266144011619639,0.0157112631590684,0.0116848346346944,-0.0189602280760546,0.062781781027426,0.0375186044100297,-0.0264267005003845
1586,-0.0119981557908157,-0.0203315954718017,0.00996177396169615,-0.016631381954366,-0.0110118261815858,0.0138261989113532,-0.0174870434515106,0.000901854343481401,0.00313141901419818,0.00209993900607884,-0.00608560484340619,0.0131481124506356
1587,-0.0201296709266236,-0.0237426204892287,-0.00850025312438703,-0.020052977239894,-0.0281625728597305,-0.00150950915678028,0.0238470821414041,-0.00573500405142444,0.0174548093355854,-0.0149131590267059,-0.00928128706487309,0.00753636508361557
1588,-0.0182017370483892,-0.00314331226986695,0.00457117989074044,-0.0258391262060166,-0.0216110852052968,-0.0137379104477895,-0.0161872177380814,-0.000334943877813618,0.0373760457140839,-0.000777513237991996,-0.00117242897316461,-0.00587344541819387
1589,-0.00508074138418492,0.0026251843096673,0.0145794216531571,0.00151796731044939,0.00138491643689613,0.00515811070390809,0.000417776355377049,-0.0056243324679128,-0.00637072362145572,0.00037342370439251,0.0099647250234442,0.00765547172770039
1590,-0.00107027298322144,-0.00177590102444143,-0.00564072790201823,-0.00236827220405838,0.000472982533593216,-0.00599070313151532,0.0010510790615136,0.00257879114906795,-0.00138404033676051,0.0043181487870386,0.00246044060472103,-0.0025523200495853
1591,-0.00439196179241493,-0.0163201247624615,0.00776945916264291,0.00566330818637454,-0.0024223749259995,0.00753278599683622,0.00556925856624017,6.24491056387142e-05,-0.010362660441732,-0.0122527720228331,-0.00355972083584661,0.0038488638789378
1592,-0.0105578651951871,0.013093563259225,0.0284338792987818,0.0137588154473403,0.0116165028793599,0.00607337639021882,-0.019510867965728,0.00835865744181621,-0.0111805136301028,0.00386505824438267,-0.00223658192247692,-0.000891530705417263
1593,-0.00952978511928084,0.0157607216707403,0.0250139438521124,0.00166189015318562,-0.0109863213524344,-0.0070555951587269,0.00428191225042302,-0.00564627774014102,-0.0280849790983649,-0.00120275017136941,0.016846969386676,-0.00500731023886921
1594,-0.0241962320385413,0.00281919288535455,-0.0163147190716908,-0.016806682906203,-0.0105715854692246,-0.011963604416911,0.0125758769374898,0.0245760840245834,-0.00611244513127159,0.0397827275195301,-0.00316473101139541,-0.0438613764727163
1595,-0.026104186172332,0.0101069876502951,-0.02294269713238,0.0254316888888353,-0.0196212045142152,0.0240040109733737,0.0056510048576109,0.0444679373210473,0.0236085585753358,-0.0137590002172513,-0.0312646336757955,-0.0392095048577355
1596,-0.00398111604795131,-0.0101119797992105,0.00901113569400334,-0.00423906762279278,-0.00474777472159341,0.00594550799792256,0.000785295452678368,0.00486674553888276,-0.00288222660224979,-0.0129827242232101,-0.00725127172942153,0.00397634215221292
1597,-0.00977341783033686,0.00759061501693193,0.0244972230667283,0.00150705594128888,0.00915273419609938,0.0185408886640614,0.00345971134191313,0.00237664461108447,-0.000992248972952878,-0.0128394720765594,-0.00435472841178335,0.00526266569714668
1598,-0.0140431073357723,0.0201594547578549,0.0273762698506684,0.00734950792089539,0.00671844310854129,-0.00173810906797616,-0.0246675132754372,0.0186893797515183,0.00103042523627231,0.015830382749962,-0.00357658896943408,-0.00724970872962348
1599,-0.0157323626033104,0.0218824477586148,0.0125591086383732,0.0243738642455909,-0.0444316870412211,-0.0406262797772806,0.0164466944331917,-0.00187252071768579,-0.00968819078327544,0.00921631558102683,0.0326988688807352,0.00625084460254104
1600,-0.0217267117684576,0.0206062496211895,0.00506885840693729,0.00645541570653951,-0.0108009021458769,-0.0114760761071554,-0.0297213983879764,0.0286866593225213,0.0163405234186448,0.00959517183370536,-0.00999686183855903,-0.03799057058743
1601,-0.0111492776686492,-0.00983405605880983,0.0242473569553523,-0.0226887347156237,-0.00715332025096396,0.00380395545499717,0.0101316165763148,0.0122306936957848,0.00108643117408557,-0.0174384458730327,0.00194852907843278,0.00686449778788479
1602,-0.00821070069360679,0.00540271012841535,0.025404178530446,0.0221881344547686,-0.00514176535540456,0.00508437285149468,-0.00282534107452677,-0.00345831926063365,0.0167999769460447,-0.014126804344403,0.00759439349915031,0.00308143159506415
1603,-0.0170375871738096,-0.00522219964063448,0.0147570966426639,-0.0317725892520463,-0.0123445063912425,-0.00543911641538644,-0.0116873176635685,0.00345294121706296,0.0102151682065036,-0.00829532283549222,-0.00365293432094275,0.00500737574496929
1604,-0.0145441605058597,-0.0277687603084829,0.00930742013145019,0.00424733202222188,-0.0209664841483991,-0.00928529171035785,-0.00939073653979279,0.0118626498027617,-0.00439998995593942,-0.0190712832788534,0.00500769018955733,-0.00205189203557072
1605,-0.0100788244297065,-0.000881687337065654,0.0161491712124937,-0.00804175918078594,-0.0152964965579783,0.0221283283815144,0.0272237951387333,-0.00338864103034401,-0.0166765949697286,-0.00493538445086742,-0.0075903382605591,-0.00952601308907005
1606,-0.0139246037981376,0.0171271408337565,0.0247981010367573,0.0224930803028516,-0.00699079336584672,0.0123151094444676,-0.011500600312196,0.0222090160998383,-0.00442382628193623,-0.0166844335682364,-0.0251900320099689,-0.0274674561582953
1607,-0.000864059326444726,-0.000162340021545369,0.00338526200137832,-0.00101796421122609,-0.000591494067682573,0.00128041725478495,-0.000348548804590714,0.00410467502189405,-0.0107646968928837,-0.00295013456802663,0.00630815617711401,0.00879210387542128
1608,-0.00766070023155521,-0.0121698943987463,0.020550025170521,-0.00944556848922365,-0.00819458222104994,0.00895594718906995,0.00132385380390333,0.00530296267340715,-0.00660440480213648,-0.00277518373627791,-0.00516195428838799,0.00570979778342113
1609,-0.018641444200187,0.0182095498234938,0.0101776251490932,0.0234481949732498,-0.00493799468300335,0.00439724495617237,-0.00489056138890937,0.0585441938925326,-0.00355685602502065,0.0146554200021787,0.0125904430448904,-0.00940420747433621
1610,-0.00742817489288097,-0.00946536939138088,0.0144887037746542,0.00300093741783505,-0.0128353066295005,0.00438032649014571,-0.0206798809823873,0.0158884407849436,0.00405463726771001,0.00772773464732186,-0.00370248206444584,-0.00298411939807238
1611,-0.00871920695807818,0.00479509286159708,0.0286522279210118,0.0207357281576331,-0.00719874280818637,0.00552855197734176,0.000191763733243015,-0.00721099293697627,0.0055045796804139,-0.0119552968768718,-0.00879485689553596,-0.0105859314770047
1612,-0.0145707915428745,0.0115518976593525,0.0113100938475018,-0.00738179438981249,0.00898614091398505,0.0139223477052166,0.0181799127147751,0.00671195042484334,-0.0109435244446292,0.00334924634253328,-0.00199800008319344,0.0191979400650057
1614,-0.0226509749032116,0.0235851741964612,0.000512516051999927,-0.0210710656533063,-0.0190886406170933,-0.0162027032393411,0.0326417920540676,0.00197928878986595,-0.030124111437311,0.00430631913256584,-0.00612202820708959,0.00113357730587376
1615,-0.0164313041994477,0.0248962241182153,0.014276265367677,0.00312048052141717,0.00180362259354411,-0.00208902596791822,-0.0149112385587128,0.0240950840135978,0.0315238823789592,0.0312461646611352,0.00290135119496117,-0.0134951076967741
1616,-0.00567263953493938,-0.00706620292453914,0.0108516208017789,0.0118608338104817,-0.0110830435929895,-0.00214589555542263,0.00484399605185923,0.00104454141445253,-0.00236299673104875,0.000145055176740596,-0.0177267049770186,0.0207992132344061
1617,-0.00273705012097286,-0.00699636764814763,0.00680372720951716,-0.00061931369886441,-0.0043386834847697,8.80912008133473e-06,-0.00340650007317907,-0.00605663702668917,-0.00288437856545868,-0.00799003542839164,-0.00256300156298543,0.00553199875742256
1618,-0.0187886890780076,0.0102608264585107,0.000192019124269799,0.00424412373255397,0.00528416931936954,-0.0103417558710267,-0.0256541581587238,0.0136767608934871,0.0156683360542464,0.0351056781154135,-0.0060489994150301,-0.0556310487924142
1619,-0.0290882129096102,0.0193876025652986,-0.0282038644167791,-0.0266911110284139,-0.0053192334634106,-0.00473283842626835,-0.0232263219115399,-0.0123608038127285,-0.0135045773987917,0.0299499565115336,-0.0169068957224212,-0.00640476972174182
1620,-0.0179353983216094,-0.00357951607134885,0.00731452091205246,0.0343929560051208,-0.011019588559399,-0.0130563219943968,-0.014766333669673,0.0168573163142184,-0.0178152240161565,-0.00903827033802097,0.000962457409980698,0.00909088714947981
1621,-0.00088231216730006,-0.00130494340554612,-0.0014141257005053,-0.00188650872578119,-0.00159400177006053,-0.000959282541762986,-0.0037145863997489,-0.0021205756424594,-0.00823082958594191,-0.001501412054833,0.00598509668439907,0.00652709033905817
1622,-0.0176715151914936,-0.0309817866986395,-0.0080925725233819,0.00504802303310699,-0.0226244808465041,-0.0132028343020142,-0.0112787826939904,0.0234255410134163,0.0082214716390587,-0.0154426194808183,0.000893147114928477,-0.0038760142043686
1623,-0.0110197013542306,-0.00884722153216062,0.0225126331668442,0.00831176507454191,-0.0113621773120549,0.005424509279077,-0.0121866117772645,0.0129448667926587,-0.0269856070417768,-0.0047094425477205,-0.00444439490075927,-0.0125218485275792
1624,-0.0182290535626417,0.0246731920704426,0.0197498150479616,0.000956065039457491,0.0102065102811543,-0.0129938428841847,-0.0365736726829224,0.0399071743335326,-0.00738690571321791,0.0131449156790869,-0.00669322195164814,-0.00444404262116897
1625,-0.00388770541922484,-0.00543945391024386,0.011721504543447,0.0020031449275023,-0.00570147369331677,0.00619790025815939,0.00745253823482659,0.00583343947858379,-0.00633387480616523,0.00237918296040623,0.000257820737548663,0.00427848109137073
1626,-0.0165206587185708,-0.0234430766597527,-0.000650191405317403,-0.0112859386875382,-0.0207148235038925,-0.0134059328252826,-0.00301178126501232,0.00314117781436331,-0.00162145529023823,-0.0158046758570962,-0.0108689219841517,-0.0119710843892137
1628,-0.00180974644295691,-0.0036604919872365,0.0049244213294078,0.00492854401520771,-0.00391371566923472,0.00381148208198546,-0.00345328131725104,0.00368369606009258,-0.00879021408898666,-0.00564186090369028,-0.00611465906300365,0.0125374077617579
1629,-0.0237163232368679,-0.00737769114044399,-0.00253779883586401,-0.0108449769253284,-0.00225887453086738,-0.03162318366099,-0.00698251006823164,0.000497928136882645,0.0179689968280057,-0.00889558465611094,0.0113013361722921,-0.0149287546939894
1630,-0.00812444846085846,-0.0027005639680934,0.0211780494351123,0.00687159717012918,-0.00398405319817309,0.00783393480857572,-0.0127225450773943,-0.00922124710062228,-0.00647126589657025,0.00379158926217274,0.000241455307445176,-0.0101056888517283
1631,-0.0190234497051208,0.0118837349654141,0.0150353470436204,0.0125086797829587,-0.0218750689981276,-0.0356414760438391,-0.00476237961738998,0.0156282507896257,0.00720649310544942,0.00637365142753508,0.00995716721213862,0.0155174221087506
1632,-0.0177646152115806,0.0235947733091524,0.0167256343539873,-0.0155272778954167,0.00782715501478713,-0.00575859359761566,-0.0111575418768784,0.0174569370803604,0.00928238626261349,-0.00767293980323456,-0.00859818539717719,-0.00536593932822285
1633,-0.0151167866482025,0.00444108109728947,0.0224716549707932,-0.000118900830457127,-0.0104462133979768,-0.0196315296064691,-0.00809362933569583,0.0166075973297721,0.00140632078527011,0.00964488253953198,0.00780048038584241,-0.00510618461002987
1634,-0.0229452255015255,0.0185634740180323,0.000167605300572021,0.0111710636275651,-0.00971331837290974,-0.00195945482853999,-0.0368226814082288,0.0124705351035515,-0.0022695523057054,-0.00830546776092966,-0.0422619176534651,-0.0511450626263239
1635,-0.0160092843372739,0.0107430733895705,0.0156469158329043,-0.0183877572600912,0.0143423333039072,0.0103701174656643,0.0296671171702562,0.000964533344789195,-0.00749794510781539,-0.00222616717541573,0.00349335996691848,-0.0261233459474881
1636,-0.00526603687427607,0.000481647695150386,0.0127459915680885,-0.00417181432432677,-0.00639543785409237,-0.00819560360788887,-0.00418005677635904,0.00015414306913103,-0.0016456471709203,-0.00226937780064489,0.00283378664480497,0.0071297572609868
1637,-0.01116283681088,-0.0313562342711348,0.0100265703169009,0.0158513633400913,-0.00340031742027747,0.000620476699471205,-0.000969362043539147,0.0134326949006781,-0.0220228448266275,-0.0177481105331436,0.0140374086418644,0.005317346760181
1638,-0.0209796985538993,-0.00669131112039245,-0.000370669467061034,-0.0221497789616541,-0.0192016821696733,-0.0268527127964976,-0.0115367702063378,0.00899580168270547,-0.0101851728099466,-0.000127642900343359,-0.00116162833428456,-0.0232915774791509
1639,-0.00697372413843399,-0.0157450331573388,0.0174521599686952,0.00314548912551795,-0.0150266212275165,0.0061063861161793,0.0004954604029039,-0.00272801154227042,-0.00478476382027241,-0.00215959161791826,-0.00408381810475083,0.0123632545376125
1640,-0.0122406111270186,-0.0122130457849985,0.0218413132522358,-0.0142286800465046,-0.00705042711678902,0.00618113071105701,0.00288150660232363,-0.00880443926977352,-0.00439749936830565,-0.000121572105279003,-0.0103000886888242,-0.00590101453085762
1641,-0.007830495454648,-0.0128901924298467,0.00830968644576009,-0.0140250577856058,-0.0136451915185543,0.00309299124003522,-0.00831896201174854,-0.00669595229066249,0.00622515556196565,-0.00703350366153377,0.00915432715579167,0.00943376151691366
1642,-0.000278804172889284,0.00117638764228762,7.05078055683988e-05,-0.00012374938226097,-0.000579497515142779,0.000609954042549106,0.00274620701717518,-0.00194994027172995,0.00233539838442717,-0.000704184555134608,0.00270218218101226,-0.000332803122415184
1643,-0.0128121550132509,-0.0083839869324356,0.0139216086142746,-0.0146486384485349,-0.0264939823284369,-0.00488920410291485,-0.00353252021792091,0.00800301890127345,-0.00578090517606688,0.00913226603451631,-0.00879960968719711,0.00346446125721753
1644,-0.00473377607788334,-0.00261267587986977,0.0124315608648689,-0.00330243437777721,-0.0102332246108248,0.000225846193147416,0.000963243458471928,-0.000849148803964532,-0.00862402908758029,-0.0120061397449843,0.00425242124074149,0.0117964638465422
1646,-0.0166424477037126,0.00292203559221357,0.0176921070703617,-0.0364785346894854,-0.0164503938407997,0.000184312004489595,0.000851528054615971,-0.00708164263898895,0.00920415109675128,-0.0136418934244876,-0.00216318741731557,0.0116380773502954
1647,-0.00517750761845357,-0.00230480976819854,0.0189568497253368,-0.000749443903092633,0.00125663243664133,0.0109108264744269,0.00380782067610236,-0.00718429704266178,-0.010717879785392,-0.00784248332556233,0.00448875623677473,0.0040408051870149
1648,-0.0171318122715643,0.00126629945693325,0.012529481723058,0.00483734681576375,-0.0218393919348313,-0.0244560550681097,-0.00064315819389491,0.00927288807812329,-0.00990580590306622,0.0134886725564773,0.0365672110478933,-0.011658172170731
1649,-0.00882221930756243,0.0057652564168113,0.0269095478574665,0.0118128030524552,-0.00801910778258423,-0.00303346799710406,-0.0104710925467392,-0.00149627792150276,-0.0120282816220226,0.000194352735884453,0.00685290471531333,0.00431455976811138
1650,-0.00560827896014411,0.000577685960602824,0.0181311472204357,-0.00365775642520116,0.007399724054759,0.006405116476981,-0.00406097963233696,-0.00382680347975751,0.00306446271480881,-0.00306840977499307,0.00808651095002388,0.00684149474488274
1651,-0.0179217719843848,-0.0229471550111734,0.00302270960211171,0.00821102810136187,-0.036436179236909,-0.013483463987659,0.0259670127022576,0.0162926580908931,-0.0165505985054343,-0.00158836097737295,-0.00453884810047419,-0.00760766360420046
1652,-0.0104219124355185,-0.0182049720010421,0.0152997023644809,-0.00723770351796219,-0.010345907911866,0.00324409986104981,-0.0133464226930723,0.00276686735749823,-0.000932327757832954,-0.00476018826122934,0.00361778983171751,0.00927831377713578
1653,-0.000412015036536435,0.00118342421472471,-0.000770288192451974,0.00239710101745985,0.00308529751567872,0.00367277091243346,-0.00274100428000547,-0.00273391937869035,0.00422528055577048,0.00169223564329197,-0.00601947675224812,0.000760399133076621
1654,-0.0154239046408078,0.0278105165999423,0.0138181979909578,0.00986694268101809,0.00898735768935347,0.0264507778518387,0.00818889893072335,0.0384979036312277,0.0353166725979035,-0.00725143742113295,-0.0135012545589429,-0.0233797356137649
1655,-0.000280027220723167,0.00167619449894529,-0.00112258712039322,-0.00246553556065262,-6.46745708248454e-06,0.00496621546290082,-0.00246174368728712,-0.00276673789261112,0.000668743286894017,0.00438640754020075,0.00183229643471113,-0.000897817005153926
1656,-0.0163029859616001,0.0251372782835389,0.0215751024923757,0.00155106154411745,0.00811152730084524,-0.00344267874136257,-0.0266213818923947,0.0351039122939438,0.00289422335742675,0.0243645603266118,-0.0112875294995157,-0.0197690495542704
1657,-0.0256510175328732,-0.00600426850756755,-0.0179637762757827,-0.00893275568474069,-0.0160954272397026,-0.0181186951758834,0.00398309353598238,0.0320696159159145,-0.000350603161181135,0.00561284963716073,-0.00405994118365867,-0.0369857473420677
1658,-0.0191203765498575,0.0207653620930791,0.0157506517693725,-0.0293671903832567,-0.00338668872886179,-0.0115856273122424,-0.0207466270261784,0.00863856293714276,0.0229321401593957,0.00503559630387656,0.00580810619103665,-0.00533869892944134
1659,-0.0153070270658435,-0.0198702345839478,0.0102983201630117,-0.00147417937745992,-0.0304915310318264,-0.00900000298013381,0.0132619132718478,-0.00522056384363373,-0.000114315171824927,-0.00714993370812636,-0.00201149740559922,-0.00456228977510551
1660,-0.0105136157256716,0.00950635224030216,0.0254369708448764,-0.0133227767982581,0.00927486722097968,0.00491645426494592,0.00763847326307212,-0.00606845435417934,0.000628984105220358,0.0215631688755275,0.00365456518544339,-0.00689796480464649
1661,-0.00975960840649081,0.00800708365506861,0.0258054975971708,-0.0110536236486468,-0.00117589365579462,-0.00601896788638028,-0.00414980788335115,0.00619807759575593,-0.00365217601529623,0.00466925247566416,-0.000279675027312499,-0.00171873547909217
1662,-0.0179084143504494,-0.00986498485034424,0.0112201685644932,-0.00185985270406564,-0.019396528247319,-0.0242368307048593,-0.0101140548468109,-0.00254589830980774,-0.00680610759341641,-0.0188988612819721,0.00922869324443192,-0.00870805602051299
1663,-0.0135508250353877,-0.00483494152654938,0.0181637923878799,0.00229492851481851,-0.00996864408046214,-0.00592907089911445,-0.0227505766464551,0.0166126754954767,-0.000641979114381665,0.00604898608393255,0.00630660789425359,-0.00708470620529161
1664,-0.000366347040438459,0.000806520477470888,-0.00132279968950292,-0.00142491120958596,-0.00424077417147892,0.00475391104287987,-0.000628902871064771,0.000347286045275637,0.0019422012542924,0.00586166932657873,0.00231764158182909,-0.00249907769055028
1665,-0.000324689251694946,0.000141028711912951,0.0013486179727549,-0.00352943745433025,0.00274551902308623,0.00313818964061383,0.00598313672035716,-0.000997587881413118,-0.000263633703008867,-0.00224677081385827,0.00686340283476128,-0.000153560464025554
1666,-0.0100402318862449,-0.029073983606918,0.0112471669871022,6.22198751283491e-07,-0.0179579900604431,0.0111224057207105,-0.0106739083380055,0.00275919796241795,-0.00854985996138263,-0.0113706062735317,0.000573078028417254,0.00504675037883301
1667,-0.0222824620160209,-0.00153139140845135,0.00357418136583664,0.00322308882378541,-0.0253367452408777,-0.0310379019754733,0.0126262424015847,0.025289987737687,-0.00391812076146469,-0.0122338115726488,-0.0128063598105364,-0.0281398396581494
1668,-0.00688095240737154,-0.0170767768324393,0.00985136253279521,0.0050611944437715,-0.0142282553211225,-0.00171707438419613,-0.00121425681720687,-0.00422687310013536,-0.00386190367360162,-0.00548103593564053,-0.00116829863442952,0.00735739234538629
1669,-0.016700179873136,0.00282681602843806,0.013579932140606,-0.00843582132607167,0.0188300683719087,0.0148246675477143,0.0314961431237456,0.0118772943496594,0.00822414390427554,-0.00764041549249089,0.00466257357971257,-0.0216022556604691
1670,-0.00233960333634277,0.00380826448635561,0.00834282495136491,0.00170516952332141,0.00551875694043998,-0.00320508613290603,-0.0057694230692195,0.0064051376561848,0.00462101158977643,0.000966462936947139,0.00251778203808136,0.0053388057937408
1671,-0.00497650725223672,-0.0113599584893318,0.0123939174348176,-0.00451009657735404,-0.000944784128831974,0.00553470680484112,-0.00276608033624423,-0.00361975692143805,-0.00708745011566064,-0.0005206238218369,0.0014684985337661,0.0034986918098622
1672,-0.00104458904196439,-0.00368899720608699,0.00292097329363529,0.00141819593809879,-0.000338255949021211,0.00325598673398975,0.0011070748308837,-0.000849838664446975,0.00312636946530889,-0.00259154912886976,-0.000318688744278388,0.00185882099592137
1673,-0.000576039550963152,-0.000108226681030246,0.00225684133425221,-0.000678642807484057,-0.000394329378455048,0.000853611503189966,-0.000232365869727142,0.00273645001459603,-0.00717646459525581,-0.00196675637868442,0.00420543745140934,0.00586140258361419
1674,-0.00412232658118046,-0.00518688511455377,0.00837533650205458,0.0101862623067512,-0.00351790706852102,0.000103877754913445,0.00587219772118713,-0.00963871037732709,-0.0060666255832844,-0.00119668558410836,0.00282336621618608,0.00420275980665068
1675,-0.0105153839793959,0.00484630950192828,0.0253803467576774,-0.0164205161378191,-0.021663609116074,-0.00766700936752344,0.0151344417914137,-0.0151430526034652,-0.00594688004330186,-0.00811783531081631,0.00100232347118849,0.0111935259622562
1676,-0.00997596121575435,0.0115672363126537,0.0295913249257568,-0.0095751573565006,-0.0134711816255322,-0.000512230934211497,0.00606366591105718,-0.011624200687649,-0.00829851477890163,-0.00627686487576718,0.00690502100365581,-0.00033613946243903
1677,-0.011656361060758,-0.0193906618355398,0.0122463305488493,0.00802392243230941,-0.0222205295435547,-0.00390122534003973,-0.00121738744716905,-0.012725557692585,0.000172792710646871,-0.019580235038903,0.0151524756010422,0.0126164935908094
1678,-0.00876040500972693,-0.0175581537449387,0.0129548393357688,0.00758489207493314,-0.0069304465203475,0.00102919154977612,0.00201170366829672,0.00175105245685498,-0.0116554661801391,-0.00405236148534298,0.0034528976435971,0.00616168118343965
1679,-0.0171807234420295,0.012317268313665,0.0183676629743329,0.00679990040508353,-0.000198017370903049,0.000494374964870428,0.0269007444676017,0.0559719151810082,-0.0283088738155841,0.00503872171936532,-0.0004607632815761,-0.00939733558164888
1680,-0.00768675235427245,-0.0304395644232986,0.000315964656330354,0.0130252975207073,-0.0157004591830198,0.00539339456049463,-0.00369291901172962,0.0103125239094145,-0.0136688717026411,-0.0187034431334977,0.00368412363192729,-0.00958604419401118
1681,-0.0101928342058502,-0.0268339750969032,0.0117465505508585,0.00245539571469055,-0.0158056693990238,0.00699419033132555,-0.00344449414019001,0.00815729242261242,0.00120657360899717,-0.0195989049972858,0.00255187950917768,0.00625491470881297
1682,-0.00135604271206275,-0.00391405899903525,0.00147197149605386,0.00529769315197789,-0.0049258339963688,0.00753862669316504,-0.00122083417084291,-0.00437284473465632,-0.00356153987604153,-0.0034729175502226,-0.00650804379785248,0.00312297688886901
1683,-0.010157868207935,0.0154865880783387,0.0198532139578763,0.0229763002008291,0.00298325298066269,0.0117304798213726,-0.0216987630303267,0.00284587289101266,0.0176669411422726,0.00628732376276525,-0.0110833463100495,-0.0171858634739138
1684,-0.0112434348955808,0.0224168354410168,0.0207440557707624,-0.00877737439814107,0.00417737133665901,0.000550706215003496,-0.00102378666565529,0.00377271756868087,-0.0200122307124669,0.0203490303214867,-0.000190938005685428,0.00611407386345695
1685,-0.00481123237617248,-0.00405756185307697,0.0127058381693253,0.00532492467116261,-0.0134599740152122,0.00184635652408376,0.00948034683014627,0.00102854556147628,-0.0121844899285655,-0.00322302179920109,0.00500749249055834,0.00570495325570577
1686,-0.0119297158854554,-0.033136260419845,0.00284233264081015,0.00231222857866988,-0.0182072828827909,0.00440769300783901,0.00131131258217432,-0.00110084518794358,-0.014474689644794,-0.0086797805648554,-0.00694865323198903,-0.00250993111476442
1687,-0.0156989650544272,0.0199948632000482,0.0225702922768775,0.0229404402095226,-0.0149854300812622,-0.00038500132756534,0.00261876799324056,0.0379070871638544,-0.0134571797185604,0.0235949054738684,-0.0100380419511164,-0.00874974961247204
1688,-0.00786644973836868,0.00768096151812668,0.0250083551579828,0.00216884959484005,0.00194753068861017,0.0100661953223893,-0.00623348307589742,0.0152878955281455,0.00181629711291891,0.00198219095789062,0.00850471795884788,0.0110987755056419
1689,-0.000829789102765197,-0.00348084054679784,0.00130922405864256,0.00253119063503785,0.00104632732461354,0.000620070889122874,-0.000793658373764488,-0.000820619603872796,-0.00223452293971091,-0.00562159796910964,-0.00109507253563276,-0.00337389065280576
1690,-0.0082958642115001,0.0094313753470869,0.028369865669608,0.00902378558955128,-0.00339896889382769,0.00518448225328854,-0.0118194135780053,0.0030885217554216,-0.0111855006648473,-0.00300014092797258,-0.00395655724354721,0.00884781873324724
1691,-0.0160608596448916,-0.0113002215547429,0.0129134303881162,-0.0236316755083618,-0.0233282402006287,-0.00353948155361001,0.0042310998912101,0.00783075618760951,0.0138343777151598,0.00430068794629262,0.0027331434289592,-0.00163659794549738
1692,-0.00319819481488065,-0.00744302622263975,0.00913999286343645,0.000275227832760773,-0.000963045914920542,0.00929779076746666,0.00381248169904529,0.0090371854939875,-0.00566824042231116,0.00666050050067492,-0.00386856296294838,0.00643739764397436
1693,-0.00287357936090597,-0.00605930259671966,0.00939892223191635,-0.00077517263029932,-0.00337846331654434,0.00599148285492454,-0.000233909653250267,-0.0001441979377814,-0.00627078961512363,-0.00737846661551522,0.00872442559672698,0.00980472019334391
1694,-0.0227921344924825,0.00946027773457913,0.00306150586277557,-0.033117468028301,-0.00731168695786779,-0.013391242983063,-0.0237100503504196,0.0220598487677888,0.0103454056138226,-0.0136296493415337,0.0302423371293434,-0.0198462947978746
1695,-0.00873264399036942,-0.0102184443258734,0.0121706332351431,-0.0107720439507862,-0.00581417956725688,0.00786494888830129,0.00860590533917276,0.0103663623218871,-0.0109118471256267,-0.0139063449183913,-0.000774887155983234,0.00232820147249597
1696,-0.0165851936210878,-0.0187689455614708,0.00406123833443352,-0.00736505386015956,-0.0396206441279009,0.0024552657096172,0.0198153888544045,0.00117563769763031,-0.00511657507589953,0.0124810877786093,-0.012466873231218,-0.00815199041994344
1697,-0.020961738737211,0.0269300910039744,0.00522184265226172,-0.000558505553018327,0.0080064751586064,0.0226479540615399,-0.0188896238487307,0.0139889488670809,0.0264462419295608,-0.0220298514053205,-0.0272657786693168,-0.0420819507282765
1698,-0.0018391512085992,-0.00129549859245577,0.0056134024376992,-0.00337128000315817,0.00264918037270796,0.00649830823483099,0.00044332459030626,-0.0010144472953182,0.00147719991318156,-0.00260464800487683,0.00632851965816345,0.00195131794394217
1699,-0.0028017459743125,0.00888075635802359,0.0109588042241491,-0.00137742801580819,-0.00456243404248066,0.00152878553191134,-0.00338996544770729,-0.00110055663841983,-0.00297731655678141,0.00322935515529443,0.00242861595067475,0.00129996870916384
1700,-0.00826480005570263,-0.0198994820474373,0.00587443127368917,-0.0135881037737297,-0.0309971049139443,0.0178901552839828,-0.00162554137116378,0.00359109782817754,0.0212020878971984,-0.0216984929749719,-0.00257573591321243,0.0161423076643421
1701,-0.00823093864903508,-0.0132648376406182,0.0139069583910988,-0.011401152793512,-0.0197715454452734,-0.00691805604331719,-0.0166390358551358,-0.00312236294142909,0.00409364078820668,-0.0113828228508656,-0.00239440327266584,0.00358393510590278
1702,-0.0110974306317339,0.0128070158774737,0.024212955756941,-0.00861691291215257,7.74052580687601e-05,0.0134607244117784,0.0330012555828457,0.00762071497508292,0.0210238538078605,0.00101993431896004,0.00418701923526686,0.00163406822820544
1703,-0.0140840782481211,0.0269794837282921,0.0180749948037756,0.00831989368901589,0.0120847761336744,0.0399881686023134,-0.0126272502926441,0.0356906833943324,-0.000943848141042367,0.0207490802136909,-0.00925462018340298,-0.0221214606748032
1704,-0.0230857323730843,-0.000899337928603765,-0.0123352604235494,-0.00822166264205884,-0.0228544240449456,-0.00536656867740005,0.00676901734681136,0.0231303229854429,0.000521834290768112,0.0177318155919854,-0.0282607165578758,-0.0504387332715206
1705,-0.0184539942530396,0.000891306524464545,0.000637367510354206,0.0278652069460983,-0.0463880060813803,-0.0333860899618408,0.0278143399534675,0.0130015936935425,0.0210345605171468,0.0236016509707352,0.0394029619516856,-0.0170390827459691
1706,-0.0238975355760223,-0.00801904947648951,-0.0212939952130344,-0.00819559840019982,-0.031436468391549,-0.000159159104675289,0.0172346007760079,-0.0187820542627975,0.010527577095019,0.0201065403114017,-0.0387918401094796,-0.0273462602885594
1707,-0.00257542546188762,0.00185724692717218,0.0121765086097265,0.0013199983001493,-0.0040945696132782,0.00591044173886316,-0.00423716228326649,-0.00661602225437942,-0.000571197558212872,-0.000859978951707415,0.00872746223982121,0.00912077337031795
1708,-0.00867648337503489,0.0156507222334801,0.023381220355346,0.00208011405061999,-0.01891763387471,-0.0130931046896227,0.0132799771456069,-0.00493905336958333,-0.0289898287511989,0.0117584152945496,0.0141670948999404,0.00872022697439531
1709,-0.0159404644574009,0.0162156212479432,0.017018827123948,-0.0524477321090304,-0.00352596368373892,-0.0164385825883779,-0.00983579061766254,-0.00350299996916276,0.0139038789574598,0.015535126499111,0.00936463078072735,-0.000663726808627575
1710,-0.0124734743633365,-0.0257231224626175,0.0106715372819068,0.0146105416549014,-0.0152264038268492,-0.0123076816050368,-0.00462743446751014,0.00888524821588763,-0.0147830263614335,-0.00959588500032752,0.0108728678908986,0.00203667943609325
1711,-0.000826348869398016,-0.00103921627172363,0.000548669818984828,-0.00241789958833138,-0.000746091639835634,0.00206312583077182,-0.00803327071947352,3.76630770033367e-06,-0.00097603039825603,0.0027352893258346,-0.00144914498392858,0.00505629458093893
1712,-0.00255250628602562,-0.00365516823999245,0.00749219253547851,0.00570025865717137,-0.00195483367587032,0.00349074629343072,0.00105114943632851,-0.00335452628918355,-0.000990447534476771,-0.00216111933192423,-0.00207472998897438,0.00450938161310059
1713,-0.0211685560543885,0.0188164290954126,0.00463271774621573,-0.0200169995896419,-0.000390910347236529,-0.0187096941916855,-0.041793437967748,0.0209938056801845,0.0117011523621134,0.0115269851272895,-0.00376039508046265,-0.0292978531071425
1714,-0.00690252363135213,-0.0236889295172488,0.000930386671302969,-0.00457938426136121,-0.00604822935266981,0.0075588999182531,-0.00494799094330728,0.00919258598838607,-0.0054641868472926,-0.0132005027082154,-0.00769308572738176,0.000621115765420622
1715,-0.0178571628366662,0.019710607125284,0.0144281976580625,-0.0189368087930179,0.00662370222201447,-0.00576997252758679,-0.0149286590130597,0.00277050551656192,-0.00677462063764747,-0.00575243146189858,0.0118408308231018,-0.031547052585762
1716,-0.0184297419859503,0.0211912500137687,0.0144416427085927,-0.0200907222711967,-0.027229623376795,-0.0143050448915317,0.0299649850622935,0.00609633333850548,0.000208476388657427,0.00631164730166886,0.00677093934488548,-0.00298738077183023
1717,-0.0108405621621691,-0.0201929109567642,0.0186883445713963,-0.00699295632282234,-0.00323479334039702,0.0130282172666603,-0.00214416773160811,0.00105418743032494,-0.0064425848637091,-0.00209985417677247,-0.000472994266046371,0.00239084766494454
1718,-0.0162937674847017,-0.0260319600078009,0.00947628708115244,-0.00935215042262338,-0.0293963593228748,-0.0155438995759045,-0.000669444352259051,0.0109688919550703,0.0210938470540325,-0.00426536623179721,-0.00445536794741807,0.0101896907073958
1719,-0.00826038018902636,-0.0133441770067614,0.0196788644330802,-0.00361420486763231,0.00244238862983444,0.00118739405168746,-0.0194821510564931,0.0138171170658504,-0.00163113323415143,-0.00121974538835605,0.000176641370543199,0.00729836146367676
1720,-0.00487815330938036,-0.00560731760594595,0.00684178628023484,0.00177594207030654,0.000184082125585737,0.00696617715122092,-0.00416687685753166,0.0106977406443547,0.0051170051694386,-0.00106662579229799,0.00612577151405721,0.0129274757672322
1721,-0.0141199426860781,-0.0332494148756362,-0.00702629457035511,-0.0250853941959148,-0.0253906131266482,0.00639624705157405,-0.000398292738999535,0.00692251353492435,-0.0105777728231387,-0.0319025075742516,0.0135194293435413,-0.00451061916221738
1722,-0.00146306833987667,-0.00622583387549527,-0.00633391987866902,0.00166609750173371,-0.00549196667709788,-0.00355683887711011,0.00308279617473189,0.00361420739692979,-0.00333876783128132,-0.00666155858584147,-0.00309398748395484,-0.000492831089877997
1723,-0.00863397473509926,-0.0107385740557308,0.0170927015152516,-0.0111528381767866,-0.0300652325068828,0.0043860382948861,-0.0034106708430898,-0.00216292465309439,0.00620487228997098,-0.0117063200737541,-0.00028405185891046,0.0106063423162096
1724,-0.00252513022903168,-0.0016142238690625,0.00962372030186602,-0.00433304084279441,-0.00632255757946057,0.00346973850555305,0.00270930377281016,0.00194677398836238,-0.00256027651361693,-0.00537804163063281,-0.00689155143340283,0.000486663195723082
1725,-0.0144948929716064,-0.0254415343741067,0.00203499127336562,0.00223253670420573,-0.0315946268015819,-0.00291252150270786,0.00652682457560684,0.00418514446891817,-0.0113971554242066,-0.00634668055134747,0.0102527197623785,-0.00425547870143901
1726,-0.000399456131084717,0.000261981332733861,0.00137841835168017,-0.000310668242924148,-0.0032328537767935,-0.00139297982487176,0.000177898992062544,0.00038237616468668,-0.000757119652612495,-0.000196135085309127,0.00030725917169681,-9.39788972422031e-05
1727,-0.00876448857374807,-0.0203227209014769,0.00730799370677892,-0.00244005433762076,-0.0167768823362173,-0.00498474366460878,0.00623457970558774,0.00538217523387109,-0.00869717754705279,-0.0100639173540576,-0.00847935245771178,0.01190196338287
1728,-0.0235983268168907,0.0168824145204215,0.0027208866414532,-0.0279691626447552,0.0106003911930732,0.0145656281781893,0.0297388367068699,0.00938600536724019,0.00412876146074064,-0.0501935381853196,0.0377696931658683,-0.0418320165141754
1729,-0.000864059326444726,-0.000162340021545369,0.00338526200137832,-0.00101796421122609,-0.000591494067682573,0.00128041725478495,-0.000348548804590714,0.00410467502189405,-0.0107646968928837,-0.00295013456802663,0.00630815617711401,0.00879210387542128
1730,-0.0251342828598024,0.0249739389285064,-0.0163412852295054,0.00485419206658132,-0.0037029158110552,0.0144253495597267,-0.00482061430102757,0.0207850565764303,0.0204191134178559,-0.00738787160655063,0.000396000472235,-0.0191551049506471
1731,-0.0134584812387401,-0.0229041688683667,0.0121228156229036,0.00493713731205055,-0.0176881596130944,-0.00411727629454863,0.00690239125997999,0.0137387947163524,-0.0211550080732052,-0.00093712876833809,0.0111635560702337,0.00616460038851974
1732,-0.0193705875659717,0.0283909191999271,-0.00297710473185288,-0.0123670053341794,0.00104364686913485,0.0333308884088298,0.00367155310581522,-0.0107461926494287,-0.0108893305402145,0.0321129121812563,0.0120056951149864,-0.00920137422767444
1733,-0.0269604912200197,0.00383808593579426,-0.0303381185473755,0.0069769207896466,-0.0199306748474266,0.00411768986975917,-0.0109697333907913,0.0304667771835432,-0.0475548818942957,-0.00454628711428126,-0.023795295683339,-0.0205606002779781
1734,-0.0185070701265375,-0.0330552167682388,-0.0101838444034735,0.00349551283676297,0.0191368711730532,0.00707052182094715,-0.0102951945022713,0.00924569702240443,0.0156029465237766,0.00897161281848292,0.00598298451556192,0.00424269684145374
1735,-0.0247595915816419,-0.00926299152066988,-0.0208652846857686,-0.0269536664000038,-0.00724429071934591,-0.0168419884490494,0.017111582310238,0.00823393056637358,0.0206252706712724,0.0131421634934153,-0.00220617693661109,-0.00567893997115496
1736,-0.000309587597317885,0.00143157685510413,-4.34729768375134e-06,-0.00027724759578081,-0.00232022414107989,0.0040917306132937,-5.59545170821268e-05,-0.00327997579299501,-0.00239152646763172,0.00373570310063976,0.00172018676159766,-0.00237270918218444
1737,-0.0207939919221142,-0.0117867823402307,-0.0146461447227373,0.0134346128740349,-0.0395526994611425,-0.0225954538431887,0.0136371407821165,-0.00367082497138265,0.00555295736376133,0.00297861997712682,0.00201069614606276,-0.0348512561452232
1738,-0.0206191804863882,0.042534299318905,0.00886932230255343,-0.00944346708509523,0.0135795509698805,0.0154218014499714,-0.0395980444380334,0.0247633493630485,0.00297183532952484,-0.00423007304569445,0.000806516821881773,7.49296298997924e-05
1739,-0.0188393539603446,0.0359713939808628,0.016504309085249,-0.00790739989531409,0.00101064348639343,-0.00611585707722724,-0.004289681161705,0.0396332149362264,-0.0283614465229656,0.00581654251126066,-0.00673102585223346,0.0080641134049312
1740,-0.0161347624870092,-0.004875217692875,0.0180287094276829,-0.0247867955607186,-0.0003887300232097,0.0160416100599691,0.0260548208364955,-0.0109675075284226,-0.00755728929385944,0.00404974969374744,0.00686532205221649,-0.0311209033268549
1741,-0.0162222473552643,0.0220046231299421,0.0207408427931859,0.00860412718017513,-0.0014801490423781,0.0142686157171726,0.00708777683926796,0.00454742292223483,0.00119118777030275,0.0048311899591514,-0.00990037393813263,-0.0295221258222934
1742,-0.0248854866652295,0.00376246634217469,-0.017289316562655,0.0284820537699529,-0.0332349006883637,-0.0078322654761609,0.0260339319663142,0.0353914757071868,0.0349982457319839,0.00164730455126497,0.0354241393222299,-0.00426045418229387
1743,-0.0125873702241946,-0.0234940947119133,0.0115666228742752,0.00644307917921701,-0.0241854984971061,-0.0085035938383029,-0.00859094802003855,-0.00379093288395593,-0.00489680389761952,0.0003917554983703,-0.00292693940282567,0.0159077377630274
1744,-0.0277510295210606,0.0243320220579064,-0.0226149385413155,0.0015132637314667,-0.0354625299460995,-0.023746853931507,-0.00691771298863202,-0.0649742522369843,-0.0622387329535055,0.0132354016221148,0.00300405075888322,-0.0324610244503597
1745,-0.0139070685897282,-0.0132575934265343,-0.000303296401708431,0.0430450725318559,0.00482227804292975,0.0208293341139901,0.0381050281945228,0.0100229615534304,0.0298904950955213,0.00159269770472875,0.00659262229197708,-0.00401023807971634
1746,-0.014163749867601,-0.024730737777126,0.0235120334223177,-0.00313303994832414,0.021282575142823,0.010765712849777,-0.0090478000794721,0.00429064513621027,-0.012745821506666,-0.00372078514482604,0.0144195780369739,0.000938973623577391
1747,-0.00976059232661859,-0.0207548309916024,0.0136904793310445,-0.00879298363289551,0.0146863226611542,0.0163480963351858,0.00538112108606718,-0.000583713527266638,-0.0120701611150171,-0.00124740694272288,0.000331069605542478,0.0120434975680314
1748,-0.0246427474578111,-0.0168097503323333,-0.0120184020710079,0.0149571129084592,0.0345599053645014,-0.00726365724296025,-0.0115044844381854,0.00114968646074364,-0.00939124305785661,0.00686728199633327,0.0281807394910867,-0.010179555785097
1749,-0.0104169968365497,-0.0137028164906603,0.0243335225400145,0.00290192833000011,0.0164464992564716,0.0125549626010752,-0.0161920952359317,0.00186392259556542,-0.0159121054705699,0.006369981113086,0.0108513719561084,0.00845485276120131
1750,-0.0144152839050762,-0.0349575825793211,0.00221910808745803,-0.00414202560453715,0.0204848344464474,0.016629419538855,-0.00535760982373972,-0.00245710694251474,-0.0156751580577505,0.00237709978700907,0.00708489683317172,0.00588477712062424
1752,-0.0224637895560712,-0.0135866727048139,-0.00335909315979561,0.0114616556352678,0.0419669183301983,-0.0126674414319701,-0.00992184343087009,-0.00105232734520908,0.00783289121396945,0.00666606179200669,0.0213410577443877,-0.00594206624412822
1753,-0.0110352644817102,-0.0200228446681919,0.0198753992451445,-0.00405553667094588,0.0183206612123289,0.0212915677614943,0.00216083455869196,-0.00230898563277403,-0.00858180624570485,-0.00861439282430071,0.00500719063956569,0.00986940120061636
1754,-0.00669830477201612,-0.0193518569129551,0.00990964526856359,0.00413231475237988,0.00776108458804878,0.0145163635519036,0.00206125357294562,0.00430237121197376,-0.0114225910525807,-0.000287617499643018,0.0024717266112844,0.00853149293918073
1755,-0.0156130283521781,-0.0343933842795331,0.0114690165630277,-0.0027843506903876,0.0122675501063796,0.00553862818401245,0.0165856459094116,0.00709190134598425,-0.0123298548635671,-0.0091454286426957,0.000973455445518617,-0.00799967453533709
1756,-0.0162444963843244,-0.0364947292563818,0.00608066525704064,-0.00894982247544117,0.0309144948959803,0.0183623213024212,-0.0118890435907235,-0.0129725071146563,-0.0056045313322705,-0.00193345296948543,0.0270620865898238,-0.000350552084961991
1757,-0.0154340204499901,-0.0306296568705801,0.0113469724870602,-0.00832143361919541,0.0355033966883528,0.0121173201788058,-0.00825170809754117,-0.00119803030865058,-0.00305840202918499,-0.00184064021862615,0.00532050322459084,0.00159748374030838
1758,-0.0138949046940636,-0.0174000582106172,0.0276158007730857,-0.0154485847611815,0.0283982901769843,0.0146258652322036,0.00289278516246599,-0.0106613037273579,-0.00351991398186105,0.0151312031519372,0.00947282318689306,-0.00649747861355767
1759,-0.0165884964814573,-0.0365420904152333,-0.00061804098651428,0.000267326227632346,0.0162397155012543,0.00261191753656241,-0.014264726807871,-0.00819067253017422,-0.0114669642136108,0.00376999137948333,0.000917875304664637,-0.00741374182481783
1760,-0.0208732786957246,-0.0305631566073458,-0.00302655687064227,0.00111645954473204,0.0365466269027211,-0.000599931535757978,-0.0183882435017096,-0.00904831774946225,-0.000867526524992066,-0.00257281078219066,0.0150148423724348,-0.013974064326434
1761,-0.0156833476001811,-0.0328697636165869,0.00963459288706313,-0.00785689256949262,0.015473181734022,0.00677870703648137,-0.00789877006268732,0.00972121687100518,-0.0089886788349252,-0.00134208213122284,0.00508325762289928,0.00405115560436244
1762,-0.0180837286330557,-0.0323457253137132,-0.00278336062920591,0.00384675252764245,0.0225203931825766,0.00764572777287432,0.0157912963473903,-0.000394067863584848,0.00680344482770048,0.00411923488641333,0.0379940281827118,0.0077797189036565
1763,-0.0183267964319673,-0.0313416536190427,0.00746276729365029,-0.00520613571255875,0.0285298112699082,0.00472472411478971,-0.00953957895138473,-0.0028496062443178,-0.0117642231675395,0.0167829882079328,0.00299753663367682,0.00768846581593297
1764,-0.0128951745474647,-0.0183116040909686,0.0247158873888544,-0.00138178253031886,0.00898599420820356,0.00705322730880324,-0.00512449690663224,-0.0127414377766311,0.000133016249813938,-0.00907890386992357,0.0139833893803632,0.00329668604432605
1765,-0.0235581078728555,-0.020356116601006,-0.0124525431765818,0.000462849015227383,0.0364181604737217,-0.014158712098109,-0.0190424375160655,-0.0219715210146345,0.00531020891746074,-0.00832160913655489,0.0141621676219002,-0.00364627169519546
1766,-0.0257747683050879,-0.0214751938605847,-0.0236986165742414,0.0034079852487154,0.0221434650775984,-0.0198029039364308,-0.00960991367030178,-0.0158100306720846,-0.00679623737105003,0.00788756135601154,0.0295718352990769,0.00753542471294053
1767,-0.0198952939684518,-0.0298386319683844,-0.00495544218303076,-0.0103949230180097,0.0220557218056525,-0.00977240674237065,-0.0192583080794049,-0.0137736830797453,-0.00563923610818254,0.00329765005413566,0.00160177600133021,-0.00874184516250029
1768,-0.0270062813269958,-0.00469258681074648,-0.0244033710218189,-0.0274276848043311,0.0297536611236131,0.0112115558508257,0.0110000742483756,-0.0406781366613412,0.0238873245624632,-0.00774348201921182,-0.00551233570440772,0.00665009461028415
1769,-0.0193311176274992,-0.0312855113055528,-0.00112237572698181,-0.00634050283286607,0.0317548090224536,0.00153480491259045,0.0159918072970934,0.0120688517667837,-0.00105994830891941,0.0263357088907352,-0.0130420165860935,-0.00110168251286973
1770,-0.0225811921080114,-0.0275961519575033,-0.00638921401881498,-0.0113736474678736,0.0316362404213466,-0.00785608414835925,-0.00822822201960142,0.0162967986802158,0.000949006091754049,0.0152165311547876,0.00940754148104897,-0.00252936130901951
1771,-0.023619668547841,-0.0211742118140125,-0.0108382499275142,-0.0086220275751265,0.0324170533042647,-0.0186216544048438,-0.0269101674843337,-0.00615321615885036,-0.00759830117159694,0.000302941715275054,0.0137477028822351,-0.00484543168855615
1772,-0.0199624770994836,-0.0105517013475678,0.00646758734526884,-0.0258332329774548,0.0389798346080462,-0.00285352726021124,0.0173628491602114,-0.0209307124053223,0.0183903577366848,-0.0273937269436828,0.00787424737271242,-0.0228344329403768
1773,-0.024941958546622,-0.0247619267596631,-0.0300254961588284,0.00834931187060993,0.0118451532194775,-0.00676262059307087,-0.0270404994778993,-0.0311043907110579,0.0178046685152404,0.022470914444949,-0.0184597811074906,-0.0141513966045031
1774,-0.0277379018033898,-0.000784704549549803,-0.0299890418431916,0.0170991764998911,0.0251735645054681,-0.0203057662453296,-0.0344862626006515,-0.0134750682226989,-0.0154754554831004,0.0107773199654593,-0.0175129908077917,-0.0063887415858897
1775,-0.0273766728661622,0.016994971486319,-0.0190917449176307,0.013108509552046,0.0193801683743026,-0.0444576391941625,-0.0127907589680311,-0.0305812900848888,-0.0518094762130658,-0.0601851904070002,-0.0128007438146576,0.0257450194664073
1776,-0.0232239794099423,-0.00853304237244841,-0.0068719770192017,-0.0219589174746423,0.0110806561201881,-0.0366602855517413,-0.00651728049583445,-0.03189160887875,0.0165150890806031,-0.0240346151773686,-0.025679913153543,0.00957210848812337
1777,-0.0250585955640143,-0.01410096803642,-0.0188959150650215,-0.0215579463332363,0.00997929623844008,-0.0219833519576107,0.00631608288025004,-0.0390302595340092,0.0202219661565241,-0.0123068994955401,-0.0205516830706381,0.00676640575211593
1778,-0.0245224843051231,-0.00820879761906963,-0.0192498103466936,-0.034850699380445,0.0212683607443499,-0.0180030651761823,-0.00576971456086698,0.00749073766506678,0.028612494750205,-0.0343647177885519,0.019981698322506,-0.000814193555637325
1779,-0.0218170536047506,-0.00870294729388332,-0.0012421382747338,-0.035388499040646,0.00534145721488786,-0.025448751942549,-0.00719734336470013,-0.0610180571247548,0.0268855756742495,0.00236045073108109,-0.0177896197404909,0.00508839016085889
1780,-0.0252174589537058,0.00224286473195583,-0.0312066116208108,-0.0321398599821795,0.00781119043783606,0.0248077952676923,-0.0286522087449332,-0.00630874274797695,0.0356740916669873,0.0105749120584686,-0.00203430029984773,0.0628653671755656
1781,-0.0262051682893046,-0.0123179756603769,-0.0222401799001733,-0.00660103679566484,0.00167222562238293,-0.0208231462739752,-0.011077060507968,0.00095381883561996,0.0285479940328522,0.0106129929443869,0.0239057903698279,0.0178545624129489
1782,-0.0305906648134053,0.0210556657992621,-0.0364544592995386,-0.0198457460076094,-0.00178544253091955,0.00330428075406637,-0.0215142199097767,-0.043481930000684,0.000484647078020635,0.0112809154171889,-0.00155302112276278,0.0157116280723792
1783,-0.0246423397585182,-0.00398591195709037,-0.00703614744186574,-0.029882980082561,0.0234119560002322,-0.030782568723539,-0.0122185554864662,-0.019820100567807,0.0219218595013778,-0.00016912224419311,-0.0136209311778412,0.00897040700951175
1784,-0.0223758422629662,-0.0227183180792179,-0.0106128714610344,0.00526100289871515,0.00655692743021782,-0.0276426367033117,0.0231633425494547,-0.00909053235071198,-0.0232613722008085,0.0273098199353288,-0.0364024224022877,-0.0166787052487046
1785,-0.0201025246196137,-0.0289084766650894,-0.00790688285316019,0.00445485229500774,0.0261996158796252,-0.000943784752919534,-0.0244908771513257,-0.00890631643492481,0.00525989847018931,0.0226639632968023,-0.0184528541027383,0.00412333798359374
1786,-0.0248808513966098,-0.00521376274065982,-0.0322543540847741,0.0353589358150856,-0.0119365648416055,-0.0036912369662922,0.0177702603761408,0.00256519401286117,0.0102499618087318,0.0628385785658106,-0.0540085649108659,-0.0179670735278362
1787,-0.0171187504597579,-0.027279788077118,-0.00093386731804837,-0.000861512032532373,-0.0290267275610112,-0.026145566087721,0.0347179177835897,0.0244943997569491,-0.0125859181544734,0.0190398829500005,-0.0107581200586563,-0.00521223555429768
1788,-0.0227808840285844,0.0158620778760807,-0.00111929347210984,0.00605015279213218,0.000115347963967236,0.0097154121092324,0.0587433434032019,0.0145875277500966,0.0631267555875311,-0.0059108622189779,0.0190208776405558,0.0139641791209046
1789,-0.0286907863993885,0.0240914878599031,-0.0260701977758121,-0.00627398714567112,-0.0210807439490811,-0.0084900197042496,0.0162965435651841,-0.0356900915527455,0.0124105266687172,-0.0316380141421023,-0.00439943536313638,0.0628273430924675
1790,-0.0126640450546474,0.011527016423731,0.0128509225243621,0.0261586669204445,-0.0183183975412237,0.0163588711976101,-0.000836206466760095,-0.0370538511737446,0.0025999849668588,-0.0222026144835151,-0.0177780337430579,0.0279007470717702
1791,-0.0135946937923824,0.0127681191926603,0.0142109642463148,0.0325860373262298,-0.0208876125576935,0.0124810832148192,0.00561044494823486,-0.0360760777640717,0.000896238863622632,-0.035258073133906,-0.0141595183186565,0.0296265033942956
1792,-0.01164632416669,0.0120125507728688,0.0137141025168309,0.0284480521678132,-0.00981208096997647,0.0199216904566789,0.000583799887103957,-0.0270158717982808,0.00280019608575036,-0.0305619724032757,-0.00541589366552473,0.0247675390637915
1793,-0.0101175730151325,0.00827513932703427,0.0140451454145395,0.0265480591302873,-0.0113513880685254,0.0170534682854724,0.00425361122477957,-0.0303734318045689,0.00729495190462241,-0.0143655961868822,-0.0124045770441015,0.0171620095904837
1794,-0.0109206129407459,0.0162519725559254,0.0171699346873652,0.0261112153633366,-0.0146229066799619,0.018833902954819,-0.00698795330386622,-0.0264998654531842,0.00523701492584541,-0.0206587199838478,0.00105721735800167,-0.00417598462809891
1795,-0.0156636637953225,0.0122903339692183,0.0206759111111938,0.0316574839378002,-0.00464104082940465,-0.00583649298853866,-0.0194009960405457,-0.055860619320175,0.0175688815878547,-0.011008818930638,0.0110335741238741,0.0123826445088823
1796,-0.0106609230192823,0.0136788705264346,0.0249799494802316,0.0237217020979303,-0.00853725129916293,-0.00223239847427806,-0.00873095738236643,-0.0472582374774602,0.0194277592473071,-0.00571995253763097,0.0105597627869174,0.0221739258597889
1797,-0.0094941193920227,0.00881558721978318,0.0188560489140586,0.0247347247789091,-0.0158511698931488,0.011203603078064,-0.00653198690241051,-0.0413369077052415,-0.00234221020955702,-0.00316781827169089,-0.00900559810881678,0.0194885123556241
1798,-0.0104095641011633,0.0172264696149439,0.0208216538430264,0.0313148749609757,-0.0125611457667862,0.00411294064236065,-0.00153823242824016,-0.0336208140109812,0.00389653318652894,-0.0206230312759767,-0.00062051829501396,0.0163886109639426
1799,-0.00787513146295563,0.0112725388160453,0.0233108213670412,0.02642199650744,-0.0128345841069111,0.00216002051754709,-0.00221514013343885,-0.0313366760721477,0.0124467270957869,-0.00939770526585971,0.00690059780975362,0.0244936986194606
1800,-0.00809136920845879,0.0112099386297574,0.0231934000549802,0.0307426152650433,-0.0135808058871682,0.0032584479243911,0.00739376671270756,-0.0368634117441552,0.000970222850528494,-0.00621512587377422,0.00403061105889377,0.0170955741564878
1801,-0.00748250672630126,0.0122294869992244,0.0238685277546393,0.0254228652466442,-0.0108902167614037,0.00150702621057138,0.0034536216618456,-0.034348556022491,0.000803489080163902,-0.00448267026769384,0.009855653253168,0.0133558260379601
1802,-0.00652751382963231,0.0103329996407803,0.0209330827178319,0.0233387401400085,-0.0104146004589489,0.00645490332555233,0.00237533408497499,-0.0234493298166223,1.7631854973382e-05,0.000700798175864324,-0.000166700636562436,0.00909478191379515
1803,-0.022334950261216,0.00736452993169651,-0.00289853223057652,0.0493986957802858,-0.000791451201960514,0.0140628408235898,-0.00448622738723356,-0.0708464829817183,0.00493709474626795,-0.036887037049679,-0.00157954616920741,0.00897491051853113
1804,-0.0124035817485159,0.013685300760954,0.0265633883492781,0.0312909675089339,-0.0033434830568748,-0.00566154027195298,-0.00669661034917843,-0.0487008330128165,0.0131764806653797,-0.0194122697364349,0.0091810541964183,0.00599688780170046
1805,-0.00792043336309421,-0.00297282275967269,0.0195057493448632,0.0240789439280415,0.0071874433498308,0.0109217707694195,-0.00612945901528951,-0.0275583787169967,0.0160624320646134,-0.00216773728296069,-0.00793033225298503,-0.0181829237721417
1806,-0.00936889586946198,0.0152688832553837,0.0260300416553663,0.028636939705838,-0.0125636011710382,0.0076327945399667,-0.00951242036483451,-0.0380792916452891,0.00344344310905519,-0.00253988838640812,0.000123974202521059,-0.00606502590338328
1807,-0.00952462627418839,0.014731810230757,0.0198326023870333,0.0244938331961614,-0.0163597353178752,0.0105571415172309,-0.00847785306369684,-0.0380167516031785,0.00394995086329593,-0.00623327300927685,-0.00853200569208955,0.0150941963529881
1808,-0.00920330475572503,0.00640934743773669,0.0232505088169,0.0235825662815988,-0.00485408681779607,0.00360336464022441,-0.00817883019492992,-0.0316109058286299,0.012477577916416,-0.00111393166331845,0.00990755160485465,-0.00302281341755311
1809,-0.00728174924848776,-0.00270951298536211,0.0205540476194888,0.0197412861347157,-0.00652605478672207,0.00358525147944745,0.00182630360858445,-0.0216189289614033,0.0120563358655302,0.00308932544412192,0.00279697485000312,0.00527754304366998
1810,-0.00308589470174878,-0.00170710815169163,0.0115573642437522,0.00972199072664563,0.000384036788832346,0.00409570433866714,-0.00617736123959475,-0.00864803174820625,-0.00209963942798304,0.00265887314322183,-0.00191295515512501,0.00436917006606438
1811,-0.00300759825198467,-0.00165272295395378,0.0101147819190657,0.0115011220768258,-0.0036187205965703,0.00841396269381248,-0.00548663792122486,-0.0121338860793998,-0.00293805130744316,0.00897837282130891,-0.00728704375749572,0.00969093258021733
1812,-0.0124581216804238,0.0113731529867663,0.0240999459710261,0.0346695294158781,-0.0130796247564344,0.0131095841662696,-0.00172540272242823,-0.0499834692294627,0.00530299532189493,-0.0151612496645377,-0.0146847294040934,0.0169460114531641
1813,-0.0085039774168216,0.0131224718306677,0.0234418985522106,0.0235882587393589,-0.0160397257703961,0.017488292426215,-0.00892756781082444,-0.0371962889999177,0.00911741677010959,0.00233781194706537,-0.0083510333823663,0.00149199504360593
1814,-0.00655811134793694,0.0132994681067283,0.0235282260180555,0.0204042805707376,-0.0115814436880066,0.0211137673932287,-0.00524584951496295,-0.0261568811686482,0.00300831011763397,0.00777031184944742,-0.0123987070804108,-0.0117226303071329
1815,-0.0242212153377341,0.0126676484589555,-0.00629082619862005,0.028698071707594,0.01347250752545,-0.0103260687262438,-0.00395583884768272,-0.0507053497426349,0.019883399697827,-0.0455110305419293,-0.0364911752639064,-0.00114065014272472
1816,-0.0115426390584827,0.015379145114901,0.0229523386142261,0.021023021910337,-0.00502994841896719,0.00117665132303474,-0.000344760921856675,-0.0160030754683474,0.0223003212082908,-0.0161934287987108,-0.0166657748539229,0.0149595721936773
1817,-0.0075127336093078,0.0109379677164947,0.0222352418823486,0.0109042357623903,0.000448642479083994,-0.00235234169655804,0.00741649647250379,-0.0195498656839287,0.017397149571306,-0.00429089718662105,0.00117738139715363,0.00936802290565303
1818,-0.0264627912837553,0.00583785559329269,-0.0198067490136445,0.046020001109408,0.0067657764176333,-0.0116300551243872,-0.0343043487958195,-0.0676510536770497,0.027276585389396,-0.0389516442645976,-0.0100984779186681,-0.0205867468003554
1819,-0.00774439678510722,0.00132899187956866,0.0172160569102374,0.015486263934154,-0.00383002727716379,-0.00108739929191982,-0.0082202861378284,-0.0225396232227872,0.0149402336133622,0.00905833872998872,0.000437343833204049,0.000903408630719083
1820,-0.0130420945895239,0.00948743030910626,0.0230157101673743,0.0261649781798007,-0.0176489484840956,-0.00233414655715995,-0.000364181625381924,-0.0113557045307629,0.0273048827807045,-0.0223962353512263,0.0189177398682356,-0.0295754557542056
1821,-0.027633943688498,0.0294254802764969,-0.0154988946733238,0.00228379729660907,0.0229117960782878,-0.0138829044366038,-0.0171052230578466,0.00824401700362686,-0.04785719427485,-0.0267571433630024,-0.0462807589901527,0.0473354323717429
1822,-0.0244540211711527,0.0312821309919942,-0.00884353972539788,-0.00437843779229832,0.0143757065328875,-0.0133149801325876,-0.00788511238893462,0.0149100311819156,-0.0526195902429555,-0.0219731678826632,-0.0307153068397495,0.0230814728047046
1823,-0.0206995861382229,0.03301052253394,0.00597220782912157,-0.010533745178326,0.00680795606699593,-0.0030197026422112,-0.0114759183088671,0.0375196306504038,-0.0440889294587401,0.0071367787444229,-0.0105191577654848,0.00740172968862387
1824,-0.0208857372624701,0.0190005261222439,0.00160470249688647,0.0287990090992919,0.000166256889562249,0.00154789679032819,0.0242002203118892,-0.0257139010262569,0.00971784654602361,-0.0437899803215779,-0.0242945630437389,0.0259065447175574
1825,-0.0139452156104056,0.0174491965465165,0.0204518345935268,0.0200002003595024,-0.0178788897938438,0.017666027947176,0.0302411856767691,-0.009065113079943,-0.0102462812576838,-0.0368866778134419,-0.0213716577797272,-0.00770961541856189
1826,-0.0226641250498859,0.0242859494874841,-0.000945557745343885,-0.0063833068085541,-0.00937215866897232,-0.0174564611646932,0.0610154442715802,-0.0145349445355242,0.0203540524583928,-0.0273883470204465,0.00996864999510669,0.0586395057605436
1827,-0.0239699161758049,0.0269244868806584,-0.00414770479202088,-0.0175571121608172,0.0153988020937531,0.0197449315126295,0.0035391000082088,0.0453127862386953,-0.0370508593924737,0.00144579316440603,-0.0234665439184263,0.0122268702992979
1828,-0.0115887161986115,-0.00526666243450262,0.0136284251345004,-0.00331113117884534,-0.0241058579028699,-0.00379474839300757,0.0107749989271975,0.00399636681906298,0.001485754800783,-0.00168290333817877,-0.0127563803922189,0.00617100599784288
1829,-0.005151725460001,-0.00770291867136229,0.0110022646198643,0.0102812678354542,-0.0117718339945509,0.00537166372102088,-0.0031314224576295,-0.00716241056175095,0.00252481032972766,-0.00899226944547657,0.00209781324467195,0.00530583597167841
1830,-0.021316384287267,0.00556829005175051,-0.00063828592079622,0.0391810041365709,0.0318198211325098,-0.0216057731035341,-0.0039450676861422,0.0161723491849955,0.0550817456635326,0.00608208101998021,-0.00836291029173789,-0.0263657064084054
1831,-0.0235222993666014,-0.0235444559888316,-0.0235326184404185,0.033861958967748,0.020017440457692,0.0214732301825103,0.0216801332782433,0.0190162956647626,0.0280606254170346,-0.00570640508921369,-0.000145694832868513,-0.0106341498621474
1832,-0.0234491971313444,0.0275534941521999,-0.00615291003148107,0.00416495022513952,0.0137425481467527,0.00511883926733031,0.0267137288001237,-0.00276485347930668,-0.011144478280923,-0.0346508898474808,-0.0405510008677285,0.0223625621989466
1833,-0.0221328303870278,0.0255934612146303,-0.00173998085011437,-0.00116544541170199,0.0155242898815801,0.0185028215460545,0.0374811737583181,0.0132062220679463,-0.014331654305049,-0.0416850232080071,-0.0421648179892104,-0.00724499687052815
1834,-0.0241411901571107,0.0226603303356982,-0.0143444129146787,0.00206511547114735,0.013139061693265,0.0152422252053062,-0.0216737892507139,-0.0489177136619587,0.0121619504908838,0.00293791107067399,0.0441881020521082,0.0176770617165976
1835,-0.0160984995879191,-0.00444041689192795,0.0219319397009299,-0.0126732088549166,0.0114164974335246,0.00752789131667476,0.0412880196548837,-0.0220200990802528,-0.000804108724862058,-0.0126944896933511,-0.00378278876424196,-0.00419994391665009
1836,-0.0210813502334904,0.00731650674350421,0.00641876878642558,0.00370597215464148,0.0343929370713772,0.0205898745517102,0.0196199110887309,-0.00648465478932777,0.00384213272390758,-0.00590539296146858,0.00946338429791712,-0.0238736015053771
1837,-0.0124414122341643,0.00695169201602636,0.0245372307427054,-0.00752652799596576,0.0170355211191534,0.000695142214872547,0.0130020168785389,-0.00461451372821241,-0.00525872519459331,0.0127135481161226,0.0219063787295361,0.000526545964651729
1838,-0.0151938925951778,0.00516968770052037,0.0170832151009097,-0.0074250367441262,0.0226475405591647,0.0173907604894894,0.0346065934493862,-0.00909516944065979,0.00758047560863938,-0.00981233043486627,0.0036356746123953,0.0214183232669208
1839,-0.0239835553943426,-0.0059032906558672,-0.00365766583860255,-0.0112322910923508,0.0313457846416186,0.0163756877047805,0.0174724838934778,-0.0347058545834195,0.0172115278471833,-0.0323428587589301,0.0352555109369538,-0.0377193827175667
1840,-0.0303327179868769,-0.00432123814274173,-0.0352832847868157,0.0222070939494015,0.026931249220876,-0.00164137728756824,0.00231012114992566,0.0314024687754373,-0.00932261436841232,-0.00543725770799022,0.0322846123648822,-0.00494573626996839
1841,-0.026876412002133,-0.00433735696157222,-0.0252350171443345,-0.00775887392255236,-0.00382268278117221,-0.00957991990343851,-0.00614012336085478,-0.00523286992917248,0.0288340103806089,-0.0149974089910294,-0.0182971880104149,0.0159232135791704
1842,-0.0218231432802787,0.0216399045944943,-0.00653903166911592,0.031347066526547,-9.74671427981796e-06,-0.000848913397210057,-0.0013105250622504,0.0452803238453012,0.10047074773739,-0.0275435180801222,0.00280620825778491,0.0243900754384993
1843,-0.0197645365059213,-0.0213757567209149,-0.00654427997114273,0.0267158449705591,-0.00766322617888418,-0.0155146094897181,0.0120245672656507,0.0188546434328902,0.00977206313763528,0.0205684455301907,0.00631562717474101,0.0224426185288361
1844,-0.0244944857680975,0.0246792250962827,-0.0172948709935329,-0.00621307051166672,-0.00593373131871723,-0.00624527798333293,-0.043376250495759,0.021011220703839,0.0115500323138556,-0.00880358094624792,0.0432500649047853,-0.00519204375296676
1845,-0.0174541911771729,-0.0172110758034167,0.00324928634050095,0.000371019958386664,-0.00451244286542032,-0.00442679706042804,-0.00743826192458222,0.00838035086808151,0.0137826801085162,-0.00944496278358458,-0.0122192414659295,-0.0249379153828379
1846,-0.0196702603944682,-0.0122959617958258,-0.00611438106585191,-0.00268015832538449,-0.0192806761716443,-0.00705751126730257,-0.00825564239883693,-0.0134966484299081,0.0259291408653071,-0.000572133410902121,-0.00881544769858691,-0.00254628801846121
1847,-0.0124244003487214,0.0155484648786155,0.0263750194248089,0.00372651091041028,-0.0203469751568217,0.0176271246127856,-0.0143505633344383,-0.0185786116904243,0.00293469528265963,0.000645254515645241,0.00216108337686691,-0.0245882537832595
1848,-0.0115288977946634,0.00800853104689787,0.0216814229604787,0.00887230673325671,-0.0129228115182156,-0.00853207853498794,0.0158467085728813,0.00145947591682185,-0.0193474765813873,0.0146148717152594,0.00335862164087998,-0.00430476520063477
1849,-0.032703041318803,0.0287104296746934,-0.0449798189658679,-3.36417605676463e-06,0.00358453256671305,0.0117978562907427,-0.0590607408839156,-0.0163591644889993,-0.0390521565038518,-0.0145384441459999,0.0481280873296067,0.00707908413533917
1850,-0.0155038615828071,-0.0126925921371383,0.0164396361942614,-0.0226638695751952,-0.0255717706866412,0.0256870462096838,0.00770261239416365,-0.00468338127557988,0.0199209747738938,-0.00254409982270072,-0.0121922045823801,0.00353715238784155
1851,-0.00914517310236251,-0.00374044836434888,0.0250616805110449,-0.0127162755816115,0.0141732566160345,0.0147850608923296,0.0160979799126793,-0.0117112298867142,0.00136114473430579,0.0085111819744021,0.0113854224116259,0.00710679706754164
1852,-0.0106619872911757,-0.00580214227204448,0.0270737614046414,-0.00720299578178986,0.0128380312306838,0.0108602198936724,0.0132445839676978,-0.00104299097088591,0.0023688399360885,0.00449821712547471,0.0142856134590387,-0.00667518132134359
1853,-0.0185487227963539,0.0133711159701543,0.010574343296811,0.0132034493078762,0.0020321352022907,0.00376552864278535,0.0264188308489752,0.0131767276940077,0.00907651735773454,-0.0224852102328286,0.0452646049179394,0.0340619235072694
1854,-0.0163480778332158,0.0117237524080679,0.0131072624860787,0.0114050021522604,0.00486585782991731,-0.0133398281095895,0.00733863054660929,0.00914468377352052,0.0407834614552419,-0.00480237951067413,0.0314742487780628,0.0103112375235424
1855,-0.0109603042137476,-0.00759949028684885,0.0305884310722063,-0.00529284578042166,0.0139652414642839,0.00903820983164049,0.016510562419559,-0.00416434967724025,0.00174191676321372,0.00897458395165501,0.00526608247757999,0.00976225018206074
1856,-0.00971865320609697,0.00764114244287898,0.0276529761753435,-0.00486536445480737,0.00435037289885656,0.00505149400435411,0.00408165759233241,-0.0055712236077835,-0.00309253774225802,6.33657418106728e-05,0.00641090403655643,-0.00489509031132729
1857,-0.0145147874663745,-0.00417252332524624,0.0190108314295137,-0.00727583347940241,0.00657428781823618,0.0306785632140197,0.0270746594187931,-0.0110444073971135,-0.00259274351493627,0.0113245418201182,0.0151972170335623,0.000659973697712198
1858,-0.0163029575692318,0.0194179432816587,0.00881203062614584,2.71975957631917e-05,0.005758190093869,0.0276652201060755,0.0460669319847142,-0.0088596921793314,0.00801829354404126,0.00128778843593399,0.0169200557199589,0.0121317027955036
1859,-0.000205848472241269,-0.000758259702322093,0.000438046427812017,-0.000620300358205616,-0.00093897664861882,0.000154792084128268,-0.00086143651205053,0.00040516732656101,0.000592192094952251,-0.000493244068705915,0.00130046410559042,0.000644625723203062
1860,-0.01429245316643,0.0030168044798883,0.0247958259767433,-0.00779734454996178,0.0179974300405361,-0.00166385422004109,0.0182843129631641,-0.0065345344982763,0.00587700433910511,0.00618985246614008,0.0130429939601107,-0.0116499009196851
1861,-0.0156507708244622,0.0179392890742403,0.00411907321268578,-0.00235687403748695,-0.00707255275675688,0.00162526692496268,0.0272251875374647,-0.00737571436845422,-0.00567255831235393,0.0095021501008615,0.027635021347186,0.0102226829415991
1862,-0.0126758840091719,0.0205924190745077,0.0288219762033045,-0.0201056649903927,0.0055276299620696,0.00957621492529748,0.0248820594404362,-0.00906922043209023,-0.00510377456109402,-0.00479274195524558,0.0148531450939682,-0.00772308533543196
1863,-0.0171196610790956,-0.000829251572614676,0.0175999908498834,0.00344229801195939,0.0279989832576713,0.00954317167552081,0.0231279368708026,-0.00608966638488738,0.014770589456986,-5.64270374316025e-05,0.0127489789090914,-0.00386592851388373
1864,-0.00969715852843342,-0.00450243905925263,0.0250278480617449,-0.000981550001422704,0.00046118864712174,0.00110377840646637,0.00475765213891057,-0.000265189690950095,0.00306119100621569,0.000140618266258827,-0.000882427919498423,-0.00065606128678148
1865,-0.0131566166675861,0.00457334435408269,0.03099295788947,-0.0203070512518246,0.0106219095294278,0.00036873782261266,0.0024546112170386,0.00749773393262996,0.00802314344625876,-0.013300289798014,0.00912796928303377,0.000382913321169863
1866,-0.0219410614089108,0.0197890528844386,0.00629384500484277,-0.00203216046235771,0.0125164445422891,0.0107020745644467,0.0275703946659814,0.0171482419360155,0.028779467525542,-0.0259324227502843,-0.0130813036670289,-6.12854771642186e-05
1867,-0.00664916695357183,-0.0052537090507088,0.0213482615653798,-0.00335612749920281,0.00896347667088187,0.0129742918745828,0.00366900686073629,-0.00917987951929946,0.0040641951421248,-0.00733814750917451,0.00399127525186392,0.00186192442568123
1868,-0.0165006396053403,0.0020554315152834,0.0266848005116606,0.00245955807624448,0.0119076163001536,0.0020022283895342,0.0400329921009565,-0.00188436208191133,0.00884696426999432,-0.0279706341863039,0.0190537616088738,-0.00951446749742967
1869,-0.0112832643040926,-0.0068018529885615,0.0262960790111269,-0.012541804795401,0.0169480266082618,0.0130485942123008,0.0199013185638227,-0.00600185325653898,-0.00356548617891571,0.0119669020744733,0.00747785601462234,0.0100760950086952
1870,-0.0113318164785252,0.0095142945439811,0.0320631972289369,-0.00818883985739104,0.0134838697217646,-0.00708001975065012,0.0138782632749288,-0.0129155385845305,-0.00172006805431437,-0.00372254592589278,0.0078835527294673,0.0107513221443617
1871,-0.0120070719384142,0.00626279225956288,0.0252510089983284,-0.00159797200918084,0.0226615558614789,-0.0104213512548524,0.0195898454793066,-0.00799819117155992,-0.00393042597623229,0.0133758055185711,0.013920650942142,0.00474087740829195
1872,-0.0139212591788459,0.0104708431236814,0.0353813869791924,-0.0107534532902143,0.0031563164087262,0.0180348948957729,0.00611620726331725,0.00405199745600115,0.0100059756717457,0.0140791920758312,-0.00182788342073405,-0.00928196619839629
1873,-0.0137119841226581,0.0161083607596527,0.010803123887498,-0.000277399823752193,0.0169231947977383,0.0360091668414155,0.0150343035693631,-0.00469987589990714,-0.00934256039416563,-0.0102339029517756,-0.0270428248757519,-0.030318175801507
1874,-0.0197156669629745,0.0165318695687973,0.0033675783851562,0.00235417711678302,0.0256929098690518,0.018592991312769,0.0264941359854419,-0.0178633692445965,-0.00546836616041942,-0.0444281914850665,-0.0390103850196681,-0.0152301019452448
1875,-0.0103516291209071,-0.00224668662108062,0.0254247713144088,0.00231025729411943,0.0149828502242025,-0.00072386057647547,0.00896380473562662,-0.00834350522174913,-0.00819715035596559,0.00593055419790191,0.00818565625896901,0.0082534041212717
1876,-0.00806271599226361,-0.00589691276525032,0.0171956769954658,-0.00706663826697583,0.0200016284671795,0.0229462300437945,0.00968463460729442,0.00205675250844388,0.00313278473476808,-0.00981267777866957,0.00426171972853496,0.00131702988435339
1877,-0.0151942310708135,-0.00259193344050805,0.0266930720089661,-0.0054903042604852,0.024517353085898,0.000208480303271624,0.0114722868236491,-0.00175540340750074,-0.00743562119307159,-0.0135035954883069,0.013632223936407,-0.00773906258961853
1878,-0.0240448738839691,0.0274121296804865,0.00123109378999352,-0.00416840498619271,-0.00113614968639392,-0.0121712869858831,-0.0210781497616412,0.0409430230426879,-0.0058313531089949,-0.0027911281085721,0.00547944845678799,-0.0195443123000146
1879,-0.0184093557646219,0.0112842204674919,0.015490559397233,-0.032388995887501,0.0104085547543822,0.00928280616375642,0.0208957226199885,-0.0158964610183734,-0.0168019404916632,-0.0340813061548548,0.0249494193447313,-0.040981943199297
1880,-0.0137067785542249,0.016440988169977,0.025777730514877,0.0125065392303162,-0.0323939682516267,-0.0105136706069938,0.0261184042354722,-0.00706535348833105,-0.0186909746554354,0.0185858149643876,0.00941128821746945,-0.00642257600307509
1881,-0.00237418123383825,-0.00277902158267312,0.00181916114334847,0.0133503322940695,-0.0102356209556397,0.00311351600905827,0.00668889315670153,-0.00488949346645589,-0.0114601840383165,-0.000251861377407611,-0.0126693067750539,0.0157221675915545
1882,-0.0123345597630293,-0.0227191204867484,0.0115013271859056,-0.02944513481217,-0.017194414399351,0.0138643283692437,-0.00369512388124405,0.00566585054135579,0.0106245801013936,-0.0130727712141303,-0.0178033699302101,0.0221731220809237
1883,-0.00305825553995006,-0.00431562791867963,0.00689664719913666,-0.00163234705102654,-0.0113316446986554,0.0118223641967621,-0.00712961798629949,0.013268662448923,-0.00911876694953745,-0.0110484476253697,0.00969085794843564,-0.0209695312543463
1884,-0.0266433995015031,-0.0128722418852166,-0.0289087857793789,0.00544026875049281,-0.0155561842924232,-0.0350096819466816,0.0219809147179114,-0.00583192113054249,0.00671119377122544,0.0262940242593345,-0.00410058233228887,-0.0131479894850201
1885,-0.0213687102099637,-0.0176693389720872,-0.0138321147242872,-0.0094069661318138,0.000198006138958662,-0.0261940847025341,0.0315537981292342,-0.00420949555218591,-0.0150877807600109,0.0162499162980574,-0.0261804093701908,0.0186763407163384
1886,-0.0169962500753222,-0.0415481190448927,-0.0104081144729002,0.0233846640874135,0.0202198161323038,0.0172993110074209,-0.0207860337530332,0.0183457175639466,-0.0200492764200092,0.00292759671642754,-0.00162303051233208,0.00463104075113295
1887,-0.0257954763395964,-0.00720810830286462,-0.0225921864159734,-0.0196607335126309,0.0315622185726225,-0.0143619030346905,-0.032307788625157,-0.0195129113047568,0.0319175698918159,0.0325293215784005,0.0196101529069562,0.0162800735936313
1888,-0.0160896631395283,-0.0438379794800122,-0.00890452488358305,-4.56863185269368e-06,-0.00441852048580437,0.00272275277545219,-0.00270536174139715,-0.00584987856410548,0.00802920829101351,-0.000832239645385057,-0.00822262294082029,0.00784258836099475
1889,-0.0180877504331533,-0.0281346380711801,0.000717237341761115,-0.0302037266000974,0.0105771743971689,-0.00474731891458329,-0.00999475017416245,-0.00374823582232806,0.0190551454421085,0.00789479485066289,0.00902593063062922,0.00843943641314838
1890,-0.02403244741158,-0.0143352150302846,-0.0205118669578114,-0.0150411551327964,0.0125320379502046,0.0201666277755673,-0.0329785342345119,-0.0162001285417733,0.0174485843849415,0.0248357153253817,0.0111126766181783,-0.0099824408029446
1891,-0.0215900566129475,-0.00130599088095013,0.00965384258419279,-0.0245650043706844,-0.0148094371279965,-0.0182035313906176,-0.0134370935382361,0.00231826312885242,0.010335646298476,-0.00178152034237899,0.0206211456602254,2.45505771903671e-05
1892,-0.0181661708840566,0.0159886981610511,0.00597626471582832,0.012842128549393,-0.00252517514925802,0.000107590457873226,0.0164931659445322,0.00038835770237189,0.00910052264009538,0.0391748494750264,0.00103782751488033,0.00330753249299117
1893,-0.0162967022769508,-0.00748517152303108,0.00371521111539476,0.0117761813497106,0.00306562246242815,-0.04004757782434,0.00340256473649457,-0.0088988922022229,-0.017342796001332,0.00490488866308185,0.00619479192455306,0.0114654607289344
1894,-0.00683374075318817,-0.0231066708929949,0.0111288173552019,0.00579851018535784,-0.00282692470519118,0.00350142134452353,-0.00293139243299331,0.00341160247474675,-0.00553694947722725,-0.00506336703184176,-0.00395725759841804,-0.00471092406086779
1895,-0.0146427150885,-0.0385526966351631,0.00152560589477875,0.00305626799011516,0.00447190917568977,-0.00222586834166142,-0.00433304099557912,0.0091757799749278,-0.000941132140957022,-0.00214140111232641,-0.00456145656888483,-0.00370000038742435
1896,-0.0239799107024175,-0.0142305718509965,-0.0226931546404229,0.0296745762486938,-0.016358860454874,-0.0196847998736227,-0.0197936078885457,-0.0154119628010801,0.0474684111714005,0.023152065333367,0.0061945122534106,-0.0299662676989483
1897,-0.0179902397072218,-0.00219570174327392,0.0192322196367651,-0.0217726320470452,0.0142213561122855,-0.00448410871974458,0.0152599739969224,0.00199218352501839,0.0127100784456236,0.00133849326939192,-0.00231912949713189,0.0125705274212974
1898,-0.0252356282136586,0.00635302422105487,-0.00720259081480011,-0.00858009446103849,0.0222071679136688,-0.00984278136791817,0.0377356843859371,-0.0287474236528424,0.00980099810723466,-0.0165432256543022,0.0397150820195593,-0.014462772576159
1899,-0.00619082446590953,-0.0102676260679879,0.0169882614336212,-0.00162230971081022,0.0122667383612552,0.00647071791185912,-0.00500749801306203,0.00395823592682468,-0.00224613964650711,-0.00288256198815736,0.00787934878932306,-0.011484903635933
1900,-0.0250489494304269,0.00422641700067877,-0.00700627476413369,-0.0184381454265007,0.0335042413623976,0.00750691840279247,0.0369834328606397,-0.027260556246344,0.00616370793316093,-0.0279421382052926,0.0180486042504602,-0.0147637783775202
1901,-0.025379834444848,0.0125135611811257,-0.0130841710138416,-0.0333960231710808,0.0146089767397931,0.0167164147095211,0.0359691283587905,-0.0404127001290536,0.0053260585885158,-0.0763343618463545,0.00942067553811713,-0.0307277431793233
1902,-0.0164392165198355,0.0245951469178431,0.0187768217120216,-0.021995176643473,0.014488602947361,0.00548090460578154,0.0116485079656753,-0.00272314510514789,0.00675669345836279,-0.0171788668863886,0.0122196311812386,-0.014707654189762
1903,-0.0199962842099426,0.0031576219569359,0.0137030614131844,-0.0221182877780776,0.0100579764123167,-0.00888404805733573,0.0515873268810726,0.000937658762651772,0.0188640365892262,-0.00114309393174,0.0246239066122116,0.0149946152146425
1904,-0.014215401155205,0.0082095084662378,0.0224316605626562,-0.0376785465291293,0.00611799505335884,0.00413609734099091,0.0209786345526135,0.0182229844684344,0.0257041174991448,-0.00265405738710911,0.0235566003685054,0.0126521125522238
1905,-0.0241350945211985,0.00777912839535664,-0.00700281529681582,-0.0164429104580678,0.0285145732281927,0.0238101332461972,0.0283738002281381,-0.020117616224543,0.0125412079653138,-0.0308969760940575,0.0106040833579952,-0.0151219395333026
1906,-0.0093539720806222,-0.00622590468408549,0.0185217759185306,-0.00859933311727812,0.00650461967413353,0.0099146070510703,0.00571779216102634,-0.00562457541515874,0.00182785843997758,-0.0176453316967032,0.00364339473419335,0.0255034924268936
1907,-0.0231985980673206,0.00168888967301927,-0.00294481037145655,-0.0125654021231264,0.0325489322099662,0.000486179682825129,0.04013605381698,-0.0287701716699749,0.0092497534914091,-0.024742525810356,0.03250451296863,-0.00231774173423648
1908,-0.0158039545211027,0.00370301309220542,0.00818054638341063,-0.00716968678094131,0.0105702254463509,-0.00233307180425948,0.0393644870001142,0.00601999072286624,0.0164587566715614,0.00584676019750616,0.025639293282498,0.0277314259493058
1909,-0.0176774834376341,0.00724967354665187,0.0188622704346397,-0.00959984240919,0.011738189546069,0.0219575480934794,0.033674376790015,0.0138533529288619,0.00830363159871491,-0.035276552276961,0.0259762571697712,-0.0180054468179413
1910,-0.0192402845677389,0.0021571852954657,0.0123496370578855,-0.00986375712247034,0.0202999991795796,0.00354206988747506,0.0449049690871863,0.00211648882758885,0.00191923241887466,-0.0377318662512681,0.0342692343892594,-0.00862622488735483
1911,-0.01532414716487,0.00788502335020079,0.0210396652939299,6.8527232233049e-05,0.00229714967762921,0.0222032176674911,0.0427880023213295,-0.00448148510211432,0.0258804286248952,-0.0163380858224082,-0.015205883432651,-0.00522372092204096
1912,-0.0125943800028386,0.00882849449435215,0.0195417883218941,-0.00849299988787689,0.00958295097805214,0.0135246518312835,0.0285052065845771,-0.00213307158784753,-0.0150478160057111,-0.0180944859070126,0.00234703711096455,-0.00748250773275354
1913,-0.0167742671400936,0.0052204583905974,0.00773501239968699,0.00497401263416287,-0.0120004917008814,0.0313367776125204,0.0377402402776017,-0.00531472034433203,0.0274205548251759,-0.00593975118058965,0.0109773144204666,0.00446425063426192
1914,-0.0206855365162803,0.0161654131768406,-0.00165313860117717,0.00440617286468829,0.0178303190019645,0.0152768865990147,0.0283204156088873,0.0319270624242072,-0.0109268565996619,-0.0190042741484336,-0.0144615536213829,-0.029992426255306
1915,-0.0132899913876171,-0.000797368701334822,0.0278320499259039,-0.00701911976258903,0.0149186300901099,-0.00221251315800796,0.0226897247024245,-0.0205222687528632,-0.00702558897246595,-0.000216824785609281,0.00226112673420371,0.000427221244698582
1916,-0.0228785711702699,0.00179642707228832,0.000954540710402946,-0.01539651877735,0.0261770005226627,0.00777004873135916,0.0362999113261199,-0.0163455194564648,0.0282115905169312,-0.0273136454210935,0.0456163085922605,0.00222579868776852
1917,-0.0183525735002401,0.00184211327471327,0.0158176714358618,0.0315911581104146,-0.000195693932729984,-0.0069907305509546,0.0121374279621592,-0.00910391394705613,0.044822987797996,-1.86995745165393e-06,0.007150654429824,-0.0178970202208406
1918,-0.0121513140564154,-0.00531342958129367,0.028595495958957,-0.00687120538854494,0.0262703794497645,0.00869218019778074,0.0110582465504263,-0.0114508244256094,0.00453332123025045,0.0159317215953403,0.00411354716006474,-0.00628596972254946
1919,-0.0196128198636713,-0.00609225692824819,0.0129281593616595,-0.00651572210284484,0.040907466018918,0.00494904569697687,0.0202227978782919,-0.020765477469987,0.000109852256835463,-0.0200909960364501,0.0387010734230251,-0.00145092150154481
1920,-0.0242104906262712,0.0110883274887514,-0.0134265313666757,-0.0101697023152673,0.0194257842356576,0.00258881778400331,0.0215642425679106,-0.0302460812236726,-0.0255484742067438,-0.019582868700098,-0.0563370142600414,0.0142551473511928
1921,-0.00736419282806757,-0.00745512685924954,0.0211161411374329,-0.00400831356202835,0.0181807037230882,0.0152665422756289,-0.0138607967889878,0.00404779134190169,-0.00962223927253656,-0.00122255983352124,0.0130176002279476,0.00371982258763472
1922,-0.0188778315902686,-0.00913878798222769,0.00762307292799202,-0.0014103864898885,0.0199316202099472,0.0259982913188815,0.0343582814601853,-0.0108452735464049,0.00360335616043661,-0.0012987868028926,0.0373326248194163,-0.00448418197491005
1923,-0.00936187141711494,0.0128562115973137,0.0300548933009926,-0.00537952998306229,0.00986638798324195,0.00886979942821501,0.00658773818883672,0.00405917256833684,-0.00776279910551661,0.0109939571022596,0.0171843656280034,-0.00338793425537593
1924,-0.0121148509443322,-0.0172566680062603,0.0223110193016761,-0.00125557835143443,-0.00220449006997,-0.0087678921725889,-0.00626329110839197,-0.017395253989171,0.00515041481310626,-0.0067069596507345,-0.00137852846044307,0.00981244688366352
1925,-0.0217550966358638,0.0169563630073683,-0.00685630498423254,0.0275018315171665,0.00528106954267149,-0.00377340281230177,0.0520846351118978,0.0309670556121884,0.0523242655171799,-0.0392836884626388,-0.00671094160112785,0.0347425107017343
1926,-0.0184790578236701,0.00870553410085164,0.0126651735447412,-0.0231321077062015,-0.00636515735195576,-0.0155933013372171,-0.00230108316478213,0.0181303060521137,0.0345302578501397,0.0110196690807762,0.00999325155713973,-0.00193482959839214
1927,-0.0122862351695873,0.0160054236281864,0.023626649492539,0.025519826449328,-0.0157260925170294,0.0176647642479086,-0.00855796786548869,-0.0463240675390483,0.00241015706329314,-0.017594614755164,-0.00316935680118462,-0.0186703517358499
1928,-0.025021531679129,0.00320936270594352,-0.0135987576210338,-0.0141139829677742,-0.00711643699450151,-0.0120421488145843,0.0400474503658656,0.0342777809860061,-0.0105417568517532,0.0327452711479039,-0.0319773958897649,0.005052341367797
1929,-0.0238256030299172,0.0040746201079635,-0.00586905381758285,0.0129881367522821,-0.00778659669511054,-0.0539396913036765,0.0321681678153346,-0.0330183387126649,-0.0241532988186305,0.0152471707432414,-0.00685363554162024,0.0223671428374808
1930,-0.0197369887511855,-0.003502724084371,0.00142320749555499,0.0115657324019919,0.00398506338419335,-0.0158015549515982,0.0218417487521854,0.0225353600669241,0.000995535078341264,0.0345322068463748,-0.00624223481427333,0.00722901863157844
1931,-0.0182921856893373,-0.000123417745006334,0.0112565167201142,0.0103824094113978,-0.00268618518786829,-0.0225869109612331,0.0420489843846613,-0.0264314373895682,-0.00915762940950436,0.0336091148301773,-0.0301710832534208,0.00512532907981844
1932,-0.02106271568248,-0.00391782289001054,0.000630840523616031,-0.0222940157364547,-0.0076320936632403,-0.0235029281855822,-0.0146842966724847,0.00402280265615337,0.0328531335270481,-0.0176794371708806,-0.0267959468479422,-0.0122565944411927
1933,-0.00831531844043011,0.00660388149524995,0.027664336863781,0.0203006458138575,-0.00364642077333087,0.00629278465966736,-0.00965075089192804,-0.0151253518712539,0.0246074782938403,0.0153539856312229,-0.00513204577080853,-0.00707538982795786
1934,-0.0209811452334403,0.000395942851366823,0.0132481740847966,-0.00772332599076594,0.00424865624039825,-0.0452255237319645,-0.000504884767412891,-0.021646888192873,0.0168909339426325,-0.00608879684594597,0.015467216528094,0.010340722046943
1935,-0.0252768206622377,0.0266642753385199,-0.00954862415414635,0.00654309523595861,0.0165930367229617,-0.0066764790183595,-0.00521836385289753,0.0028995216658627,-0.0012221074013506,-0.000917654876385626,-0.00265826826731931,0.0829160963459214
1936,-0.0205063554546664,0.0152727504486667,0.00319133360115638,0.0246522466747727,0.016039599162766,-0.0199324464707402,0.0110659598358848,0.0290171588958821,0.0345314065258945,-0.01081522400157,0.0196535549917009,0.0356496495472958
1937,-0.0221047117558294,-0.00561742079452086,-0.00435791520450636,0.0318030756298044,0.0224832761302553,-0.0121482799099136,0.00202588292385131,0.0371287636869843,0.0528410921855652,0.011981619028917,-0.00189308548197792,0.0175251201379053
1938,-0.021164220275662,-0.00205934962966028,0.00352678241446959,0.0349365100345439,0.00756186588663046,-0.0260855613598365,-0.00123827250366337,-0.0267564527415393,0.0307875618286961,-0.0111234891222842,-0.0174600136618054,-0.0251896030715591
1939,-0.0104436279185545,0.0121320152947004,0.0250504031584197,0.0222450149240461,-0.0119864151971659,-0.00045721918638989,-0.0066542389938941,-0.0140316411251246,0.0120901223550929,0.0144005159540835,-0.00726127593417296,0.0137491163974824
1940,-0.0158720221520776,0.0169042367952041,0.0229663805912136,0.0190947159245156,-0.00545684149065566,-0.00929968886157447,-0.00962692662248632,-0.00996568579354757,0.0234392205666858,0.0012768934877257,-0.00915368448551039,-0.0173828168017416
1941,-0.0131547241293153,0.0140653368214789,0.0241806148795976,0.0229678174667623,-0.00415485106640763,-0.00697563635959444,-0.0170167961888166,-0.0461367998788246,0.0175354790919858,-0.00784329304989404,-0.00130267614140022,-0.000545051086514685
1942,-0.0121212519728289,0.0168162092934429,0.0234432084113086,0.0233573026414459,-0.00800088383203949,-0.0134544760617443,-0.00710845509460736,-0.0487072244305804,0.0298580780264294,0.00935466728574769,0.00614638297542677,0.0260486932814477
1943,-0.015765918641313,0.00954659380570766,0.0199759161112354,-0.00469116787504228,0.0117489934876965,0.00233595152534392,0.0124731812016288,-0.012152403049918,0.00545166610238832,-0.0138131391667133,0.00903643728918609,0.00228877013068295
1944,-0.0212449381785077,0.0118706385852754,-0.00217528040516213,0.00417176238948517,0.0010217550456504,0.0255530318167816,0.039878418360545,0.00403617424977681,-0.0136338167838176,0.0165183146561129,-0.0407094765496676,-0.0217728531856821
1945,-0.0223723708571089,0.0179850033945395,0.0044047263052164,-0.0505480363490305,0.00128925536436843,0.0137226209135017,0.0181031242116641,0.018291226527452,0.00119627258082885,-0.0234272135680875,0.00143939977176013,-0.0159119445172183
1946,-0.0175700172997234,0.0218983542397547,0.00751434579460047,-0.00635266486231839,0.000604776335003475,0.00633331364057294,-0.0259103127523746,0.0240821230389903,0.0158442008863294,0.0282914260147985,-0.0127306728654525,-0.0180591202937973
1947,-0.00268923731946652,-0.0063567173893251,0.00804136881568962,-0.00800187947578121,-0.0117624676551046,0.00362320671121211,0.00119708215580781,0.00415199751661418,0.000902548354707307,-0.00523973848606263,-0.00148580527969991,0.0153344707680107
1948,-0.00782657454457302,-0.0085673435930829,0.014467040179767,6.07558305955489e-05,-0.0225830892845942,-0.00932928070640471,0.0105135567391741,-0.00152933076479065,-0.0211641415797873,-0.000493083457885495,0.00842448664702175,0.0126949384361181
1949,-0.00281974708381162,-0.0151955103958096,-0.0025133209919046,5.37203209812476e-05,-0.0138885271492783,0.00271681704656495,-0.00315405967907661,0.00277390111875716,-0.00871934559153097,-0.0137492116209058,-0.00181836661477735,0.00585602246541627
1950,-0.020731505626413,-0.0284615597571915,-0.0104530376121082,4.65124033145623e-05,0.014274837097899,-0.0162443148299505,-0.00529967997519985,-0.00788551914965562,-0.0123076792009406,0.0240189874733386,-0.0356860365105235,3.56027809154656e-05
1951,-0.0107513470483038,-0.028796014677641,0.0155755041836893,0.000992026201788014,-0.00441506378464628,0.0128852615795973,0.000894460585508613,-0.00203257498047824,-0.00273914631349665,-0.00136933510042199,-0.0013968601052252,0.00148301535465171
1952,-0.0216039982253718,-0.0340051687012449,-0.0131581959756834,0.000505154933758187,0.00528110288783078,-0.0117860625609726,-0.00489303343746331,-0.0116325933550255,0.0239617931586218,0.0068110272961823,0.0160925831965739,-0.0124979446313234
1953,-0.0215531380387702,0.0138797141312231,0.00236831933069754,-0.00537091756992425,0.016424291757673,-0.00143906296192429,0.0233665446875971,-0.00489646137808813,-0.00539687580811408,0.00804888928471533,-0.0626284464167702,0.000104078789597156
1954,-0.0210368413694368,0.0185748433008463,0.00905572801863293,0.00382545447594498,-0.00138297640171963,-0.036055697315011,0.0309580731153449,-0.0245071230563854,-0.0183293074187878,-0.00163514302703757,-0.013228790596176,0.0353437093482094
1955,-0.0170784768366196,0.00363615866729854,0.0189666681299547,-0.0075575124867956,0.020540313032601,-0.00311805118658311,0.0252152945101376,-0.000960887217072728,0.0193966578337335,-0.0202186696798319,0.0260594571294945,0.00370823958677487
1956,-0.0186748722100832,0.0110622212458816,0.0142352221669105,-0.0066867052507984,0.0121981337084528,-0.00805002028055441,0.020297760977948,-0.0073773543526184,-0.005657653803544,0.0102025425073021,-0.0186549372298685,-9.93693495310958e-06
1957,-0.0245607710528688,0.000575755992461313,-0.00504801512907043,-0.0136257454274458,0.0230663032583466,-0.0132531122579025,0.0364771402080569,-0.0159151566488527,0.0344714835300959,-0.0241372769157857,0.0310125878336824,-0.0110139085262614
1958,-0.0247158434149288,-0.00341945713961639,-0.00796164423358075,0.0082583785319432,0.00284133534472615,-0.0244421927929094,0.0238054051682327,-0.00440947922684293,0.0372595282903778,-0.00416694493243803,0.0233121327749498,-0.00663011005031889
1959,-0.0232210570520315,0.00858622999150115,0.00742582320669662,0.00887850374757453,-0.00205392311066711,-0.0108109386469462,0.0491389314909351,0.00150871454053332,0.0366456035221027,-0.0416465276184679,0.0147779905639051,-0.00776232174809553
1960,-0.023123510766762,0.0130678093967178,-0.00445752918062544,0.0142230484678574,0.00612788720728179,0.00188999402559931,0.05747796791491,0.0273847642850075,0.0637645300458994,-0.0220949085611399,0.0254464825908066,0.0403201999099479
1961,-0.020265317785507,0.00936399917549494,0.0140062965425403,-0.0199775444720295,0.0102378940759575,0.0037570020424146,0.0290421607421243,-0.0203695175817758,0.0275252205439243,-0.0230193336195033,0.0161576542716237,-0.00832562263801422
1962,-0.0148535753695639,0.0125878493982835,0.0228048729362678,-0.019033415117485,0.0111377114408659,0.00496413158965445,0.0149640639425604,-0.012941348100789,0.00269626963527105,-0.0177944166851395,0.016209760456609,-0.0186966314654041
1963,-0.0198490125987992,0.015336768925353,0.00787201584316577,0.00761129966776316,0.000421300482071093,0.0041064846685575,0.0299197218730479,0.0105846121845035,0.0566204957214139,-0.00253271735629569,0.000166562065114442,0.0360896521379282
1964,-0.0241102990080215,0.006241389869487,-0.00259834289542409,-0.0153078514241678,-0.00703573996877484,-0.0355275657164292,0.0280724932703465,-0.0348983875224555,0.00521719140686475,-0.0193032948011094,-0.0329067662402046,0.0260081895417984
1965,-0.0224358748532226,0.00804886747192571,-0.00504837910877062,-0.0255708579199223,-0.00698675922824142,-0.0158924314608132,0.0318195221973359,-0.0244877701022623,0.0249986672478176,0.00324514922589766,-0.0304268528162135,0.016218964388262
1966,-0.0191814320012365,0.00824820400469791,0.00812818401640349,-0.0203736155103016,0.0040588528152696,-0.0186395804668098,0.00290948249511316,-0.0143249033037269,0.0332153784863468,0.00796656065207827,-0.0179204864633141,0.021058809600937
1967,-0.016506741880084,0.0210630302339734,-2.62759019100918e-05,0.00210221833142673,-0.000749751723074227,0.00809747927812835,-0.0137479063051572,0.010409475307686,0.0283904625462255,0.0254612377173178,0.0202519887614891,0.0252807991126526
1968,-0.0133810724249525,0.00741370768461814,0.0265219056462249,0.0307171258564174,-0.00343379068798607,-0.00579953760100108,-0.00253672987968924,-0.0277183797579657,0.0114050131732748,-0.000225789236391079,0.00294004276071485,-0.00510387462449148
1969,-0.00869533198270205,0.0106520700478879,0.0243324224076171,0.0213050938469804,-0.00181318993341225,-0.00240555607555368,0.0146220192775272,-0.0169513677808626,0.017616323842447,0.0117317272620517,0.0203412219032492,0.00237304596029948
1970,-0.0252268839490256,0.00118548019488106,-0.0116215290196693,-0.0107837601364527,0.0210790900181309,-0.0257113069180727,0.0314375600155876,0.0202071436070798,0.032431475193152,0.0134943832354437,-0.0287919718612291,0.00604557633503205
1971,-0.0167160162566978,0.00363950974949957,0.0140957975001486,-0.0127919267410849,0.0186955585990793,-0.0318943738003343,0.0229983238517591,0.0111147480799173,-0.00334988584884175,0.00964603484157654,0.00869749996389683,-0.000372448151220607
1972,-0.00905210975798131,0.00698407208132504,0.0186061770777508,-0.0201032317279622,0.0132584557383773,0.0156735157581754,0.0101473119268103,-0.00430634110428244,-0.0043242260893491,0.0157600816142567,0.00811392914726099,0.000168908275795899
1973,-0.0118359814821057,0.0118516004934411,0.0119974763313598,0.00419922819782044,-0.00199189548246489,0.00118172133752842,0.00560429626063048,0.0199957747221655,0.0199367753984346,0.0254042960630529,-0.00647561170788941,-0.00350950079827985
1974,-0.013562488495962,0.00571133355481672,0.0192686506790731,-0.0274426942846064,-0.00802278715031737,0.00529280351618809,-0.0081802007481539,-0.0048285953226016,0.0205528904814315,-0.0168696038605746,-0.00646461125191587,-0.003616647372379
1975,-0.0188350781468173,-0.0125993902743248,0.00199278898293817,0.000402831262414761,-0.0326266820185206,-0.01825453346342,0.011586698795147,-0.00791188991033102,0.00909559938212356,0.0109660483982142,-0.0248587298380109,-0.007725070330309
1976,-0.00495149997688693,-0.00217463422414569,0.020853191411744,-0.0158378513059569,-0.000870998742174158,0.00699070202940233,-0.00398985867271902,-0.00882703506940637,-0.0029228932978482,0.0136431553645201,0.00331193523760787,0.00700023163137829
1977,-0.00729251230296921,-0.0144592159630955,0.016439960454797,-0.00306648079570656,-0.00979513676110722,0.00677338793245757,-0.00389297675492228,0.00601782296359855,-0.0138327559219894,-0.0162432239721927,-0.00193758711826264,0.0117248877855477
1978,-0.00528163588474775,-0.00801479068818533,0.00774952806435367,0.0249905894682324,-0.00670814300735209,0.00703768740799165,-0.00402048603121205,-0.0119278414566658,-0.00124630496817713,-0.000979454605935448,-0.00175462646161711,-0.00157205209232096
1979,-0.0179368558685924,-0.00833498434358535,-0.00201832356156233,0.0444324276928528,-0.0279346032209763,-5.8147094833158e-05,-0.0125196735129559,-0.0260996169016629,0.00248080814351508,-0.0196805281843046,-0.00594797405040979,-0.0177493451854739
1980,-0.0253147556917458,-0.00744362990978742,-0.0300533246423872,0.0329934547252827,-0.0151401699671883,0.0351959087926425,-0.0346947433823117,-0.048488779868354,0.0261468832226142,-0.00714986706165009,-0.02429891182258,0.0108850179179181
1981,-0.0227617842556054,0.0165333862470377,0.00346267626611695,-0.000267158947707594,0.00727656778271104,0.0169753238050726,0.0495357001343313,-0.0125162371968762,0.059876851742627,-0.0181684984779693,0.0180911188159463,0.0205744926669213
1982,-0.0124483937937487,0.0121312297508443,0.0164762844313969,0.00210997858641332,0.0127680199277665,0.00800472715470049,0.0306306347219934,0.00444096299011699,0.0228725032882016,-0.0092902450131269,0.0199747766543386,-0.0098782773779562
1983,-0.0148308478463769,-0.000843619747892612,0.00796739527256866,0.0156437910603752,0.00087721052341018,0.00804421527524349,0.0220669240967658,0.00378596231997369,0.0147041360996063,0.0188619481740362,-0.00804134347423565,0.0158102103170197
1984,-0.00333123321598379,-0.00261230756727361,0.00728256088774493,0.00664310889005732,-0.00123174954308328,0.00537875495016107,-0.00363840688797824,-0.000472606541729644,-0.0100720499597079,0.00445063468860033,0.00498636461120838,0.00660474545337138
1985,-0.0143088956309645,-0.0172308777379845,0.0166971350747366,0.00233221311102511,-0.0249434488315949,-0.0214797967733423,-0.0046851252729061,-0.0229306414474346,0.0122777354881362,0.00476227678291261,0.00659573189106736,0.0125736584845468
1986,-0.0179280750775526,0.0043710211106383,0.0174377937992661,-0.0260871972636558,-0.0293950328072729,-0.0218583235884478,-0.0187634824962423,-0.00906457429810518,0.0169088787498788,-0.00649212821426501,-0.0149672611809014,0.0138526212179633
1987,-0.0212433377032018,0.0315243007840577,0.00472574754842573,0.0343965995683284,-0.0214008549613652,-0.00297649249787269,-0.00435996751284413,0.0367144465165208,0.00779085364777284,-0.0338444037186611,-0.0049414974436762,0.00847536065438427
1988,-0.0136543680887208,-0.000985740536414278,0.0217479405042908,-0.0323228670654895,-0.00020939708208515,0.0044854018311478,-0.00903001172267113,0.00591022451170847,0.00330957313650856,-0.0168864342051209,-0.00837941602732505,-0.000856118634685336
1989,-0.0123210876663445,0.0177574281920885,0.026642911611006,-0.00141610993624712,-0.0206472386075226,-0.00623878613835314,0.0173579961054107,-0.00200056913777018,-0.013253763319904,0.00592174584307718,0.0147436137785011,-0.00249442439873943
1990,-0.0122995923005343,0.0229050118081004,0.0180905963126918,0.0108558489032049,-0.0104527114572138,-0.00924496308054141,0.0113438504669015,0.0108914879275221,-0.028992792453589,0.0329119511621361,-0.0204057392803062,-0.0243991086899517
1991,-0.0197271513546517,-0.0224463709414447,-0.00426665669805422,-0.0332227675360524,-0.016338972167891,-0.00768882550933625,0.00702821239917922,0.0245118994345035,-0.00311402966279714,0.00468315331346739,-0.00855219524298997,-0.00927532448859551
1992,-0.00196004524210766,0.000388609483713855,0.00618176719998623,-0.00918728179341116,-0.000684813490207988,0.00214555787647011,0.00340805558616112,0.00018827799990462,0.00163727058978774,-0.0045919921653287,-0.00112212164191983,-0.00176624772228045
1993,-0.0183744144436636,-0.0137600762444812,0.000408334567398051,0.0239265096490071,0.0151029999643449,0.00584948881382188,0.0388335934869991,0.0108068858047128,0.0263024653966741,0.00368873862942879,-0.0144467403022476,-0.00631940416626484
1994,-0.0259024695647903,0.0122822445739845,-0.0245912936837206,0.018923480649569,-0.00651525358176941,0.0173766856194512,0.0468666736661445,-0.0189455954038993,0.0181331865055036,0.00131760068272126,-0.0417319949563071,0.0259480431005424
1995,-0.00762940046929397,-0.0116409511161475,0.0185090137858471,-0.0137729909911485,-0.0141453518093439,0.0121036098728827,-0.00724759123980625,0.0144104213658629,-0.00674122194470897,-0.01237873020501,-0.00418435904661633,0.0146518630555934
1996,-0.0202903229694762,-0.0215094543071931,-0.00215996150066751,0.0114731564386117,0.00931946025769374,-0.00844721687873265,-0.00465578664633309,0.000549083482782937,-0.00752736290904804,-0.0161245883267347,0.0137433335217909,-0.00827228054203171
1997,-0.0134203505766111,-0.0170895456269794,0.0207794275597755,0.00142283347317546,0.00811507457889861,-0.00397709147945154,0.00402085450182233,-0.00165705164054411,-0.00229866916442043,0.00867631661660234,-0.00611370015714196,0.0201083493173443
1998,-0.0158987737360353,-0.0209245351952925,0.0117326926473288,0.0122390384198995,0.00992317241394104,0.00846324104872525,-0.00614480912573016,0.00141923685932622,-0.0148873000186563,0.00301966829227893,0.0192559347652434,-0.0083562343589726
1999,-0.0103715238993761,-0.0146667655596605,0.0194344237337564,-0.00179780337749997,0.019419031050397,0.00976623537831065,-0.0097000687891848,0.00994623140977772,-0.00524135446970658,0.0150302182219841,0.00432826213463748,0.00329039593677009
2000,-0.0125735025628597,-0.0150524013757351,0.0265840966911927,-0.000307192757559376,0.0141940234471561,0.00155402728447666,-0.0150503362059325,0.0110213454833189,-0.00681772165993632,0.0154266466633042,0.00354149300568407,0.00770654820810396
2001,-0.0167414481408527,-0.0215177305891947,0.00558579887692358,0.00327308443903662,0.0235656614416243,0.0070667437426609,-0.0108831153515796,0.0198818924486788,-0.00186642042374034,0.019902326875885,0.0201278827229109,0.00131747976435644
2002,-0.0151103786928841,-0.029477798420591,0.00103099989597998,0.0137449350626546,0.0229178435570914,0.0144628153209928,-0.0162793699985658,0.00297216996147434,-0.0138258273527469,0.0104139920601744,0.00382335450937094,-0.00324251270836244
2003,-0.0191671037931268,-0.0230430331923739,0.0116473616103229,-0.000389106354490751,0.0310792191228987,-0.00525209342442289,0.000599506144832365,0.0095988609158164,-0.00382695765254439,0.00840851278315246,0.0216074743298529,-0.0155886838266225
2004,-0.0174177139419974,-0.0221417584867249,0.00964569005252295,0.00176744173127885,0.0233339507433485,0.00651835822531272,4.99846038656136e-05,0.015758982119609,-0.00455338022094363,0.0159462348290297,-0.00215789412635706,-0.0046411011053503
2005,-0.00774844157253159,-0.0166661483530622,0.0190390552489312,-7.06658527132775e-05,0.00679103526028512,0.0136252346753736,-0.00319985644760433,0.0110088862469204,-0.014042536890541,0.00232731659086824,-0.00214699812974817,0.000448449818394837
2006,-0.0255064365724762,-0.0229804810276149,-0.029074909676694,0.0119397481051126,0.0270464631953153,0.0154690479711004,-0.014069497612532,-8.70062674533313e-05,-0.00731435791581413,0.0237387572395554,0.0146235478097474,-0.0298850672036807
2007,-0.00975890506415868,-0.0208633139110795,0.0197074115900495,-0.00493732759933388,0.0169100534166457,0.0113771370874922,-0.0121824220196809,0.00662474774187241,-0.016892174009885,0.00284547718497234,-0.000265543916050696,0.00121186673806059
2008,-0.016733897477435,0.0173456706367374,0.00201231955190107,-0.00768712527338016,-0.0374688378067399,0.0142175473910575,-0.021543728249294,-0.027014562025193,0.00636646557580319,0.0245721341194027,0.0303085830703858,0.00904455457131188
2009,-0.00938247610954374,-0.0133428562915377,0.0165747745162336,0.0157199460030406,-0.00961476104022593,0.00130660329009403,0.013120943454661,0.0160924803434163,0.0129102326138181,0.000161491801954893,0.00126860326700794,0.0115332785407524
2010,-0.0110539376081544,-0.00611232637997783,0.0229196289701319,-0.00625885714528949,-0.00750657334372509,0.00152043255786744,-0.015365034025875,-0.0190027125886335,-0.0062475537784092,-0.00673169148805296,0.00816890509802333,-0.00116748469959381
2011,-0.00361366842348879,-0.00948008620438747,0.00733398028773453,-0.00080890714577072,-0.00253214167826264,0.0050392222539335,0.00277998171869606,0.00791143617038917,-0.000831676717092347,-0.00505472424982542,0.000825425924950112,0.00304511438015893
2012,-0.00445825398282491,-0.0110802099165409,0.0109424948549485,-0.00802433251281684,-0.0129617295950216,0.00860032464017222,0.00125373157241554,0.0101569452256725,-0.00612574719439369,-0.0100098879856737,-0.00402040263064433,0.00314378920802597
2013,-0.0230570620219505,0.0252255467913338,-0.00454092230159512,0.006436604871423,0.00849020120554074,-0.00388512292023214,0.0353840410159385,0.0114382484525266,0.0467517498014276,0.00310976089606268,0.019368227311886,0.0449379462800362
2014,-0.0283278959849613,0.0177458317276483,-0.020928214307998,0.00373370870931076,0.00749561503245056,-0.022420623091942,-0.0121058966438202,0.0138797092041439,-0.0105770722872213,-0.0405262535597558,0.00706056621215374,0.0253835503706458
2015,-0.0139220190480392,0.0152358306027496,0.0256149827847251,0.0099801765843802,-0.0292537045117618,-0.0246096161589712,0.0108013391672362,0.00101612184558744,-0.0291578238682758,-0.000558241557592918,0.0184687834219769,-0.000799454120800472
2016,-0.00675876458564974,0.0113758364264811,0.0207128475368778,0.0147588569966636,-0.00152183718157023,0.00460681571937374,-0.00693444488022219,0.0291953768606485,-0.00952799209671689,-0.00343901399316053,0.00280489292774931,0.0103473969390745
2017,-0.0050044197085143,-0.00576642192284313,0.0123311113372074,-0.014041160647686,-0.0105386806581242,0.00578002009403827,-0.0129282639542938,0.0112743347244838,-0.0130749184075444,-0.000393898879637979,-0.000983970202540423,-8.63616419967928e-05
2018,-0.00119704079406112,-0.00134518239277862,0.000616117531554723,-0.00088004631438424,-0.00608989116490452,-0.00704867509757011,0.00108549739002848,-0.00553837239987149,0.00492446174916898,-0.00158501166666919,0.00158361211768818,-0.00527980065635977
2019,-0.00289719065019897,-0.00491412108366418,0.00513932734064111,0.00300747597720976,0.00672563985617948,0.012281181987393,-0.00760407937072461,-0.0038247286889322,-0.00618225320750117,-0.011797470678786,0.00460487421143171,0.000716000417420036
2020,-0.00699359042950779,-0.017491444376955,0.0122070818188827,0.00302580578195384,0.0145204733522591,0.0274831542848074,-0.0131476540572245,-0.00696237681375721,-0.0182022528467229,-0.00297821991716201,0.000702329161446177,0.0050173131255025
2021,-0.0196624391164022,-0.0239820589757977,0.00718156284196148,0.0156687965157714,0.0309008685334312,-0.00396142540150664,-0.0174364080217238,0.0103083871617245,0.000956945951680444,0.00540342632804491,0.00888025617276071,-0.0203725088614007
2022,-0.0211443070906498,-0.0367270412877902,-0.00927670186538878,0.00671010383057912,0.0306086012864543,0.0184026879942454,-0.000709920694227705,0.00878161538805702,-0.0121775524325192,0.000494423600314688,0.00209160763370389,-0.0185109587390873
2023,-0.0163184150423646,-0.0286567229233646,0.0110143606748813,0.0122999510855914,0.0229518104945273,0.00773263807788424,-0.0091407203151805,0.00327696403145025,-0.00201915262207818,0.00784773127047273,0.00374280905892762,-0.00874930731334076
2024,-0.0115711240191206,-0.0224910707020941,0.0174272286965543,-0.00255548716913255,0.015211573009355,0.0186031624639909,0.00375016915707884,0.00979356268547319,-0.0191660551733802,0.00316308490316296,0.0115786931649964,-0.00185933081935555
2025,-0.0196243700395798,-0.0290696914915539,0.000362898668115576,-0.00548486779368325,0.0372060215110892,0.016073879018259,-0.00488087785463706,0.00792727743013216,-0.00377711678211891,0.0192797841009685,0.00200914018842891,-0.0244514031958075
2026,-0.00155683331336837,-0.00478806074408454,0.0044875977280213,0.000528193135432258,0.00431933077334413,0.0051725432283219,-0.000478101037358554,-0.000297356375490062,-0.00239018683553565,-0.00293969842464788,-0.000209988585560331,0.00676534909931063
2027,-0.019630641707756,-0.0380654052833675,-0.00617128255660948,-0.00470470644474588,0.0369921981162641,0.0120759201583995,0.019065441444995,0.00966736986204183,-0.0204720466939986,0.012468141902751,-0.00513156291887199,-0.00468849183343714
2028,-0.00525595286333923,-0.0133613977349537,0.0132249377396612,-0.000738004262209585,0.00696701462982727,0.0108511160810966,-0.00884925630991367,-0.00126320388365601,-0.00780617157417055,-0.00704209725311096,0.000252379939184316,-0.00202935795650147
2029,-0.0123586425987887,-0.0296443333866555,0.015599228053619,0.00801437431683544,0.0110138553499925,0.00748791762442824,-0.00625316753753482,0.00217482244705477,-0.0123000675182954,-0.00159159115195191,0.0185720758855736,-0.0024808807248404
2030,-0.00787822048043813,-0.0196569224582292,0.0187360095862882,-2.21726553472283e-05,0.00918735006129094,0.00930853779739128,-0.00806595095518819,0.00435463156951751,-0.0250847681545665,-0.00178726515995327,0.00513685248941109,0.0136796607557248
2031,-0.0188216544225338,-0.0264748440128355,0.00689744877774056,0.00211096334564568,0.0194066163139229,0.00526826301257773,-0.00287942230565853,0.0232095764062263,0.00285013859405293,0.00909372652667103,0.0133266114449494,0.00259993721760354
2032,-0.000192839416454524,0.000975550465500055,0.00103668038426651,0.000598677551643736,-0.000634118654228257,-0.000148773175257529,-0.000516811304318097,0.000396375505572127,-0.00197542791294247,0.000528023887707109,-0.000290422019122472,-0.000256598560042065
2034,-0.00660793498739849,-0.0173060649543143,0.0150933582695979,0.000782042124047208,0.00185395893838756,0.0155456769754176,0.00444579852203416,0.00831099672964852,-0.0122851062902887,0.00403517940666288,2.40713252200339e-05,0.00974308484670205
2035,-0.000192839416454524,0.000975550465500055,0.00103668038426651,0.000598677551643736,-0.000634118654228257,-0.000148773175257529,-0.000516811304318097,0.000396375505572127,-0.00197542791294247,0.000528023887707109,-0.000290422019122472,-0.000256598560042065
2037,-0.00568992693678284,-0.0132194858538266,0.0108526991396383,0.00355615792943246,0.00409188851804487,0.0137267844874117,-0.00889936852539,-0.0017947105448168,-0.00851580499575696,-0.00351599293044799,0.00260809340073262,0.00176281546147579
2038,-0.0060335887707788,-0.0133614741075606,0.0147471245002689,-0.000848015266877618,-0.00191304204361927,0.0133047994283371,-0.0075880358677073,0.000977488778883831,-0.0135401049343621,-0.00432426055571449,0.00482677402729252,0.00501634895303381
2039,-0.00184780287039376,-0.00603135924406283,0.00494497907783529,0.00311942014436571,0.00136678945542868,0.00436219799364971,0.00319731031292978,0.000892333559630939,-0.00712189685408331,-0.000706158810149332,0.000615678025269627,0.00122847817881031
2041,-0.00871088149660565,-0.02124706499573,0.0177019965589999,-0.00115835732005475,0.00818727431934095,0.015026555897898,-0.00565111514187885,0.00681016761584335,-0.011323547451425,-0.00140371862235156,0.00103662365352997,0.00641667547917342
2042,-0.021031221610492,0.00774380168566588,0.00643509766150996,-0.00246495837573992,-0.0318969364029394,-0.0416393624255325,-0.026715419123516,0.000357469629138879,-0.000866758401855345,-0.010070777201529,-0.00339815764347839,-0.00969212856298012
2043,-0.0195573216979554,0.00949671532658352,0.01036113460694,0.0333168275617278,-0.00947234325419059,0.0131102629385278,0.0149628017365715,0.0235832812441969,0.0529047866296204,-0.0252748192330993,-0.00113379710177915,0.00626165615486866
2044,-0.00135772182645204,-0.0011425001092564,0.00407858193477975,5.86336298199423e-05,-0.000744211082547621,0.00216069993123713,-0.00149314439671707,0.00462481489305862,-0.00725184575251191,-0.00419986105603377,0.00611360171203547,0.00432305361487632
2045,-0.00294360857423981,-0.00327698896356646,0.00943626628982075,0.00104122221006194,-0.00374579545393177,0.00241158932421913,-0.00125244816856127,-0.00161865203920484,-0.00449107260009621,-0.0054652172160862,0.00357560987677969,0.00510424492594261
2046,-0.000576039550963152,-0.000108226681030246,0.00225684133425221,-0.000678642807484057,-0.000394329378455048,0.000853611503189966,-0.000232365869727142,0.00273645001459603,-0.00717646459525581,-0.00196675637868442,0.00420543745140934,0.00586140258361419
2047,-0.0199794167166873,0.0132185419192676,0.0119819996775866,-0.0340743089041263,-0.00978061618043907,-0.0226648095404192,-0.00918456939083426,-0.0182110772677318,0.00979459667654419,-0.0107368478815524,0.0115200356458552,-0.00809354476887713
2048,-0.0138183583216894,-0.013623140712879,0.0171118589048903,-0.0162634587787212,-0.0153199533889445,-0.00973375160033487,-0.00646372422482362,-0.0164225392451074,-0.00939030174075868,-0.0225935444899444,0.00577440491842992,0.00503314012824612
2049,-0.01465651790677,-0.0411069109659125,-0.00125699886439869,0.00367073494178672,0.00741482693027325,-0.00538816395803561,-0.00854071676373987,-0.00125680821423416,-0.000446788142983659,0.00731520545268459,0.0172950251255275,-0.00149414720600744
2050,-0.0155934327015467,-0.036196731949359,0.000342467901187546,0.0115984532615597,0.0103155082758588,-0.00479462010907954,-0.000226894692126174,-0.000930747279882183,-0.0111208841888426,-0.00306905063449691,-0.010799130450943,0.0136159991670026
2051,-0.0194102622270082,-0.00833816724311921,0.0128237926421189,-0.0105584804767333,0.0128697451108739,-0.0288476827051137,0.00719913665454009,-0.017936004640617,-0.00966055929699489,-0.000641782909653928,-0.0156835207317692,0.00313467223914203
2052,-0.013618948977556,0.00428773601295181,0.0228576843946174,0.0066320881229471,-0.00368448437814558,-0.016594030142031,0.00431825848667556,-0.0234656257226168,-0.000432467077167819,0.00899213440233694,-0.0186707793289283,0.00619676700457049
2053,-0.00181964762920508,-0.000514030975677856,0.00812230525582962,0.00453883345729451,-0.00116908738759382,-0.000449704412191508,-0.00115478189558603,-0.00246371136802992,0.00133061158425074,0.00504987602511674,-0.0014335519489724,0.00142453086089709
2054,-0.0243812481898353,-0.0101290563630731,-0.022363445216626,-0.0182839554643465,-0.000897126764833006,-0.022903440062664,-0.00229767138538403,-0.01676056841407,-0.00679505256192589,0.00636590369046917,-0.0566525071033756,-0.0106034458608125
2055,-0.00218484459441625,0.000863270290845583,0.00694515335570688,-0.00400986715407194,0.00274762737537778,0.0014407516535438,0.00578593793184978,0.000153845869776524,-0.00149671664632246,-0.000360148048598696,0.000427197371847955,0.00469587711505231
2056,-0.0207118670702901,0.00172373941380037,0.00821939093674531,-0.0213576138692791,0.0143386330171635,-0.0169135345916294,0.00778763083415106,-0.0153658099483628,-0.00621319846544797,-0.0163093316588221,-0.0577275862977371,0.0013333689340051
2057,-0.00598639903579545,-0.0105595813175295,0.0142664327243485,-0.000683982716696236,0.000954478698314602,0.00461134911892859,-0.00475969324353951,0.00158211954960082,-0.00718395961281484,-0.00497993511783075,-0.00752005555680905,-0.00420804625435651
2058,-0.0196607265708792,-0.0065048929604514,-0.00234674316677315,-0.0129900279326534,0.00899429465897381,-0.00670568102309809,0.0076195233311975,-0.0102788514719361,-0.0116550323503684,0.023192209760768,-0.0421403340089578,0.00992868737769982
2059,-0.0274932090008178,0.00126202533863467,-0.0244423991716392,-0.018342167603803,-0.0110104190761026,-0.0192445989108902,0.0253176108520186,-0.0185570413752082,-0.0110408148943346,-0.00741259566140929,-0.0309114802200449,0.0132351119763267
2060,-0.0174551972141607,0.00984024725707742,0.0218609679975081,-0.000377086927506157,-0.0138144687923675,-0.0200354972642492,0.00897170106128074,0.0105902595703844,-0.0160470450471374,0.00983366590751563,-0.00818451816491542,-0.00880743271919371
2061,-0.0120269645363494,-0.0157668894714636,0.0213041335352739,-0.00942941217533345,-0.00690798686549277,0.0131156802121041,-0.00905515970491244,-0.00211356929264263,-0.00694396276563073,0.00423200414509609,-0.00222071136111127,-0.00715599427450991
2062,-0.00119769059535824,-0.00266449114052731,0.000836441828882362,-0.00295065542987461,-0.00155085901449691,0.00319377206831314,0.00661982653167011,0.00295599789842265,-0.00303497046875722,0.000494954178133224,-0.00265793184041744,-0.00501673129268057
2063,-0.0158657013486635,0.0039546296563776,0.0237414641912086,-0.0119537612262816,-0.0097256805261671,-0.00407682033479968,-0.00384187993223693,0.0164434739349131,0.00465536373063663,-0.00859702201531188,-3.10540389864854e-05,-0.0184172581283366
2064,-0.0157797614050408,0.0179186804932944,0.0132823135618424,-0.00444564944172767,-0.00513230561337583,0.00230146451637214,0.0365054269276282,0.0266827327793238,0.0623334962102312,0.00970883346118673,0.000690235677287951,0.0188207117347742
2065,-0.000396132948011073,-0.00167934686111033,-0.000140523108512571,0.00149296718347809,-0.00128197967039421,-0.000570483426201036,0.000419336288769115,0.00272516680652651,0.00108644949383524,-0.000500650109581554,0.00276491058191757,0.00266488174265521
2066,-0.011558407543059,-0.00167820323655393,0.0225571145191164,0.00458533867680638,0.00175579812639485,-0.011080169628108,0.00476947927935936,-0.011088727044552,-0.00386908111026428,0.0101180457184801,-0.0106604489054107,-0.00601641754478532
2067,-0.00643288135774088,-0.00529998982088627,0.0212081910646857,0.0153905692302602,-0.000335842692852517,0.0085218153218787,-0.000197573690984281,-0.00680177309097101,-0.00290264998443871,0.00257169040977176,-0.00347900806186003,0.00295302701889807
2068,-0.00723427058410556,-0.0116731438418897,0.0210370100322488,0.0024496507299836,-0.00229449401493849,-0.00445450567219633,-0.00448799050249179,-0.0150842899415666,-0.00624931642982939,-0.00749999781250003,-0.000259557555852054,0.00555329118306031
2069,-0.0011967622478975,-0.000434504079738341,0.0027381445954732,-0.00160971111131722,-0.00265296260761345,-0.000977644556708528,0.000844911917608584,0.00362646549885575,0.000729824650841625,-0.000421242896658783,0.00194812617678454,0.00665727810556348
2070,-0.014544145612757,0.004604171939543,0.0192247064561023,-0.00760240758590902,0.0106207659046956,-0.0203256230052011,-0.00333442038172279,-0.0229925696708396,0.00683745326127652,0.0218280301630946,-0.0258382001470193,0.0179576558631867
2071,-0.0116300544259139,0.00238148674599373,0.0226535021266909,0.0157871497749923,-0.00364497696360904,-0.0189671362260043,-0.0131719081767968,0.00978479276814348,0.013505705637222,-0.000643640870025891,0.00360074637404582,0.0185517481733728
2072,-0.0168722760090719,0.0099585046224177,0.0240977503029546,0.0107991347317385,-0.00842335665867423,-0.0313942740578106,0.036204688736392,-0.0122013824139533,-0.0051285298292082,0.00870694105689497,0.00193490778507036,0.0249831895241787
2073,-0.0192690444893401,0.00767714154289139,0.00675515616509032,-0.0201403363251482,0.000201604859291581,-0.0319838015779482,-0.0116509142402664,-0.0326683877002861,0.0131484623095845,0.0187348153006557,-0.0254316750201179,0.0241116659005885
2074,-0.0170263661803824,0.0123677849062755,0.0195852858236545,-0.00182793693128396,-0.00746804261424822,-0.0139151073248509,-0.000473929884437005,-0.00148124885663199,0.0325573735330294,0.00496026471980451,0.00724676140735394,-0.00360525648089198
2075,-0.0117139006509222,-0.00363869355855832,0.0230450158246945,-0.00433706263796306,-0.0059171013951494,-0.0116465190301581,-0.00248748511459716,-0.011792446904875,-0.0066435441373226,0.00691199914299781,0.00915377964762181,0.00272972504599736
2076,-0.00866477025041119,0.00596072401999135,0.0205101720854284,-0.00968704967928353,-0.0064022523037765,0.000339900784817194,0.0126195168777214,-0.0107418529199955,0.00370147396550731,-0.000740614040207679,0.010440908042,0.00225640502105991
2077,-0.0151139024127222,0.00123470796758025,0.0230776305642132,-0.0138584566886781,0.00268174650071259,0.00291144840625395,0.00392857625591105,0.0174088950674122,0.0112442264661816,0.0136423526187065,-0.0127440686987975,0.00777881188788388
2078,-0.0130247584475866,-0.00580022979669799,0.0207835521183566,-0.00484802771363755,-0.0109546547265355,-0.00715327035723274,-0.0166497234761048,-0.000309332718540967,-0.00422195675530305,-0.00908075208553785,-0.0131603812272826,-0.00636348881431789
2079,-0.0269658460612894,0.023445552298408,-0.0121443532172326,-0.0250204432523676,-0.000287385988091068,-0.0342866751615096,-0.0299712824707082,-0.000879387650388894,-0.014474421358959,-0.0199900105216706,0.0136466038443292,0.00413513416299812
2080,-0.0154802651047507,0.0124096254357826,0.0130083840813112,-0.0202735262301905,-0.00433502229729521,-0.00995921098960923,-0.0258574058845663,-0.00986235445661673,0.00825588217314445,-0.00794928310045849,0.00947753138170208,-0.000746908151012503
2081,-0.0130770873290292,-0.0112945881687853,0.0203176119972815,0.00513580118739804,-0.0297096842227233,-0.00770143441925944,0.00299413558554642,-0.00560118337550143,0.0124533934313439,0.0041757506544528,0.00683874387279874,0.0103203954959915
2082,-0.0152629776787118,-0.00976732266276583,0.0195548044521612,-0.0247609375244606,-0.0244906551394881,0.00329816484375887,-0.0252429529342518,0.00546597077490392,0.00165223031320019,-0.0165416517319721,0.0120264342552942,-0.0133084759921855
2083,-0.0225579214471929,0.0231359900945913,0.00309243386770575,0.00652502937510767,-0.00593795342738979,-0.000721456400837063,0.0131478404825763,0.0567978507720064,-0.0348086076346099,-0.00721840454155365,-0.0115328496378921,0.00373329004944036
2084,-0.0143087190208039,-0.00173621058815312,0.0100065494938636,0.0241406353255304,-0.0151131459247042,-0.00969439351386818,0.0390102315370084,0.0467064892563998,0.00475655209101966,-0.00427289752527214,0.0166461973228092,0.00462501371028721
2085,-0.0149751230355494,-0.0247865851541125,0.00924036450854173,-0.016845428847644,-0.0258404908461885,0.00164324100143416,-0.0157252732349569,0.00447330347180551,0.00474659167684297,-0.00884325577360426,-0.00365473513398786,-0.0106631309193168
2086,-0.000576039550963152,-0.000108226681030246,0.00225684133425221,-0.000678642807484057,-0.000394329378455048,0.000853611503189966,-0.000232365869727142,0.00273645001459603,-0.00717646459525581,-0.00196675637868442,0.00420543745140934,0.00586140258361419
2087,-0.0232944802388836,0.0146865577988577,-0.007495494660997,0.0213238971870306,-0.00429537783649173,-0.0216196974973103,-0.0222164717898122,0.0613096004633264,-0.0136246864170914,-0.00444840131009227,0.016050984892339,-0.0332875110598765
2088,-0.013234142616958,0.0175428967379857,0.0268727317381131,0.0102368496503669,-0.0163457086557508,0.0179645854596017,-0.0129824762672955,-0.0343746307571854,0.0116353144566511,0.00222698195173285,-0.000512767259310406,-0.0183770723542295
2089,-0.0175613226597099,-0.00159301782677189,0.0125796805327686,0.00922131521706153,-0.0298844984259379,-0.0229613717627306,-0.00764777243411904,0.0116616208375417,-0.0114997816004424,0.000226038660228859,-0.00120712074759075,0.00100410901387456
2090,-0.00610164873843158,-0.00895322481259087,0.00954857297268917,0.00656340718527265,-0.00865383700706223,-0.00419644968802217,-0.0116921679766773,0.00551604537003494,-0.0100869667836494,0.00210974849588241,-0.00174610214724403,0.00916203495684332
2091,-0.0206337390349377,-0.0104817737728891,-0.0167568439281142,-0.00770832930494394,-0.0363213163907468,-0.00691854610777075,0.0430331906362882,0.00183836850745332,0.0184981159253428,0.0185814661352777,0.00489601386420334,-0.019962464014613
2092,-0.0106130320336477,-0.0236769857236033,0.00672118726451853,0.000840392034986719,-0.0129670410492844,-0.00109709696553707,-0.0131260247042553,0.0081461970097005,0.00289382858022281,0.0116424094583789,0.00315472619212605,0.00449257535887239
2093,-0.0123716892339815,-0.0316735550843476,-0.00165218849798352,-0.00927148137656278,-0.00632337210487692,0.00388258928139683,-0.00305603430586947,-0.00762723327872462,0.00441740057945838,-0.00240238016170874,-0.0140164550376872,0.0151545378479598
2094,-0.0133459067038313,-0.0294049204928281,0.0151606279426633,0.0160255655836686,-0.00212932023099333,0.0112736475022734,-0.00261379481985756,0.0134447345380318,-0.00758868683539654,0.00389441092595421,-0.00126091708048872,-0.00280050078595437
2095,-0.00894329004459854,-0.00419147339869987,0.0153973164191357,0.0159008939117694,0.00865290635803286,-0.00606476402089972,0.0163183253679517,0.00735101216869361,0.00433918765709838,0.0155970684743128,0.000284247025402211,-0.00495930662996159
2096,-0.0188821759953364,-0.00353908612578148,0.00543911862186628,0.039755395862002,0.0409103984983133,0.0173607655123478,0.00401276607965174,0.0113466596598152,0.007682186338224,-0.00656603816678394,-0.0277723878472296,-0.0201891895381583
2097,-0.0238918771075319,0.0129695215589549,-0.00930567955893334,0.0534129411899271,0.0172585976159771,-0.0227228482860191,-0.00823404780032886,0.00507125759532568,0.0106147520858984,-0.0633243833496387,-0.0171579446437932,-0.036210677610612
2098,-0.0264174973584885,-0.00971642722579056,-0.0357036549884921,-0.00469097905589816,-0.0289412128957886,-0.0151995982752023,0.00220333053561683,0.0118261474388003,-0.0194782925469456,0.00494842045517147,-0.0249801631696026,-0.0142424125175724
2099,-0.015858664074284,-0.0225944419104005,0.00419933290408689,0.00843122609908005,-0.00549566989963346,-0.00935268579984493,0.0128813981420248,3.63474151465838e-05,-0.00762868556278493,0.021916723494789,-0.0232877674517356,0.0131154944750696
2100,-0.0266148904594969,0.00651124526851603,-0.0320284519061954,0.00608980735676596,-0.0219864575200631,0.0387738463537939,0.040378084915355,-0.00485635719740755,0.0281150584360407,-0.00237823509723966,-0.0120012407846164,-0.00514679053150604
2101,-0.00567876006938175,-0.00283761019635201,0.017326181211329,-0.00525154838335583,-0.0133222608564267,7.6923209938083e-05,0.00281036434262464,0.00234711675604934,-0.00354724294120414,0.00250840245464184,-0.00148273662260582,-0.00160751425638255
2102,-0.00756701204385505,-0.0181319413144355,0.0131941047671388,-0.0157444387988193,-0.000982147011028887,0.00209293452566685,-0.0135304949542129,-0.00395147958091921,-0.0124867039795947,-0.00197308219627891,0.00839280688855983,-0.0118483750147143
2103,-0.0236966782348217,0.0120777013894911,-0.00779287145578589,-0.00962047133060267,0.000100008871653808,0.00375345069832211,0.00901399222107985,0.00907996809769513,-0.00970157723274615,-0.0167795868698438,0.0129728336642638,-0.0193601045541604
2104,-0.016369867364547,-0.0172185071790756,0.0158596179609326,-0.00830547599968006,-0.0244699872324328,0.00134592526158428,0.0100869227028558,0.00434437587258518,-0.00532399983961473,-0.0137583929069537,0.00810001427142633,0.00320492340009577
2105,-0.0109529007074015,0.017849364955866,0.0214235622415206,0.000138752708602696,-0.0106381241072695,-0.0213796049705566,0.0144792976690494,-0.0099979827321142,-0.0193784272735804,-0.00386561206661531,-0.0057521608048259,-0.00659011420645135
2106,-0.0190032251257277,0.0169174490972307,0.0111227307530013,-0.0124689448081785,0.00432555834996627,-0.000620555678327963,0.00925472285352278,0.0162146488301231,0.0566908916672139,0.020907095701673,0.0177854909294502,-0.00130975064984538
2107,-0.00191263785153699,-0.000126099292181162,0.00243462200940675,0.00259500169209513,-0.0049057936688333,0.00117569768625046,-0.00269394171024425,-0.00261201011830878,-0.00463035921536289,-0.00394938607199031,0.0053127531298483,0.00448592890134248
2109,-0.0257697074993542,-0.0180041157103529,-0.0277033962777347,0.00739078378482667,0.029321224308046,-0.00177095481083904,0.0345477005362846,-0.00913904302351583,-0.00771649979999015,0.0432981894083402,-0.0204645333132046,-0.0111628297311107
2110,-0.0221557133766885,0.0120483551232852,0.00216126251999504,0.00979834678847992,0.00101084717531078,-0.0411502307909915,0.0366475460403592,-0.0122672435903911,-0.00570518608238912,0.042763171057164,0.00980487286012025,0.0481875305010468
2111,-0.0272268289134498,0.0202133339430193,-0.0200057456855605,-0.0213230687304931,0.0106229924881708,-0.00880090070559014,0.00352976415860292,-0.00584009760223632,-0.0454964250758035,0.0136039577935235,-0.0379470173580164,0.00310216188853264
2112,-0.0207493900706271,-0.0357505015695041,-0.0219512842147857,0.0104636662649407,0.000685900633271526,0.0132472962106243,-0.00724661920537518,-0.0107771509620265,-0.00317583080809308,0.0264551402980063,-0.0214493330672433,-0.0110644668317297
2113,-0.00420701512412958,-0.0125542601919793,0.0095335544295949,-0.000169497316432124,-0.0124948329366233,0.00741318469170728,0.0018062663411282,0.00149332456654001,-0.00234273439298775,-0.00945538661316943,-0.00904308975337197,0.0114738812135158
2114,-0.00894557483622706,-0.0241067984876841,0.011789530464464,0.0010392838281026,-0.0258690287322902,-0.0043663396809426,0.00337488223091381,-0.00412872157015469,-0.000380621795270208,-0.0132121490866695,-0.00426111477508416,0.0294053445891548
2115,-0.0107566688521116,0.0123227523956663,0.026354792971014,-0.00736855041528937,-0.00934260029312197,-0.00179750619792353,-0.00139099999875699,0.00421806980293021,-0.00886478904863637,0.0254784980320895,-0.00892644453936877,-0.00310910079716213
2116,-0.00892973416132652,0.0035135693645437,0.0198303168524412,0.00531414544621031,0.00143442410630951,-0.00934544661124836,-0.0266875435391213,0.0102633101477043,-0.0129194515430219,0.00730452074026671,-0.000213323866148597,0.00754933346825416
2117,-0.000277111071188471,9.58089538455022e-05,2.17795768290506e-05,0.00210093345682633,-0.00126591432292436,-0.00210740486721122,-0.00094308132643846,0.00324524315120504,-0.000700954825374035,0.000945336339832692,-0.000892878145047184,0.0004455613588094
2118,-0.00237548245663665,-0.00546482625044472,0.00831672639638333,-0.00257932376818386,-0.00468520049295001,0.000374648305249399,-0.00595190970428109,-2.6293410509359e-05,-0.0036777852870741,-0.00389669788453014,-0.000407727502834826,0.0115177941257499
2119,-0.0217718732664877,0.00986119519494627,0.00687691489591405,-0.0174353059444616,-0.0203552453254822,0.0208874151624432,0.0072165887828606,-0.0203020270290719,0.00775848279516906,-0.0101019651134741,0.00494645906097126,-0.000864713012459304
2120,-0.02223480955365,0.0143074375593387,-0.00482559912851698,0.0243561934401958,0.0193247015381551,-0.0101423268200814,-0.00263409961292466,0.0186614485330833,0.0445025995369384,0.00174172754512091,-0.00598193898106518,-0.00221115071742995
2121,-0.0220617316325004,-0.0130698373994396,0.00355907751898342,-0.0225634604560684,0.0108107653040241,-0.0274454410343653,0.00052250745793399,-0.0034419601029004,0.0187012196723669,0.000841890844395618,-0.0161693245767673,-0.00275068626957323
2122,-0.0247630663099145,-0.0160607803116658,-0.0115806165671283,0.00432346074497497,0.0101982420956283,-0.0238105284817024,-0.00855617987683655,-0.0191264260965411,0.0244147962261788,-0.0215209704992377,0.00407701507442461,-0.0303248247427519
2123,-0.0156386966433365,-0.0149337784168811,0.0139153759996791,-0.0148401503516905,-0.00952375253859332,-0.000757711687684113,-0.000534144364193771,0.020743375546159,0.00266325753700485,-0.0215158801593764,0.00726656450179149,-0.00702507360922691
2124,-0.00951155249092131,0.0095014611587949,0.029899941106231,0.0217410230306434,-0.0212425443830031,0.0192941744427274,0.00461581700537133,-0.0307246255097085,0.00326474738434259,-0.00334309376178185,-0.018586881586416,-0.0200760211637449
2125,-0.0156686725143136,0.00989388954500795,0.01892700158196,-0.0337045857480581,-0.00415694784704365,0.0151749253182821,0.00232978230617663,0.00989948752359648,0.0195943258249338,0.0178824838045367,-0.0187875830918089,0.0181822973667474
2126,-0.00318022156176191,-0.00479903670411996,0.00800188178313215,0.00350047277138157,-0.0101032273818506,0.000507672839658889,0.00148367585089795,-0.00241853565323665,-0.00037779399756483,-0.00193324038123117,0.00801070704334879,-0.000741212161460216
2127,-0.0222109269829656,-0.0132069027058542,-0.0246164870062697,0.0113588390244859,-0.0550930382776507,-0.00506765691908987,-0.0123083024292515,-0.031358328620127,0.022408847736559,0.0103870196786623,0.00642689274940066,-0.0282495764743996
2128,-0.0166408102952546,0.00741767001116515,0.0200264364906915,0.00121014218039017,-0.0209971798305269,-0.00576736731423032,-0.0205003057154971,0.00861694190127446,0.011800919181452,-0.0112140734883484,0.0130742612437226,-0.0210099404925965
2129,-0.0262246917078655,0.0105729485825378,-0.0172854944415686,-0.022072868503895,-0.012474693026257,0.0093459861989252,0.0218172661735911,0.0133412503609536,0.00797734539427404,0.00426594134119262,-0.0379164694118209,-0.0225255174809485
2130,-0.0162240408881797,0.0212033760137302,0.0192867783850501,0.0177385777371256,0.00719990860021951,0.00512211036318977,-0.0119052898046968,0.0416902926663423,0.00742495488279787,0.0120973462736976,-0.00685462468736043,-0.0255566229591076
2131,-0.0103324976763728,-0.032518624423466,0.00131729094245225,0.00821171634035236,-0.00672602999063724,0.00141680719444916,0.00576566052256751,-0.00174498711232105,-0.0116252465655007,-0.0272567315741152,-0.00873560268314391,0.000706485646960169
2132,-0.0316457951457447,0.0180792265486415,-0.0376697419472203,-0.0273680249907256,-0.0109133344990985,-0.00864323583538137,0.0119599020325241,-0.00708539870786129,0.018129897310396,-0.0178488366863622,0.0622756981261877,0.00888176563116933
2133,-0.0144785496429221,0.00897664468918013,0.0163710364341922,0.0188493953562102,-0.0399747379227862,-0.00442627778555037,0.0314276980363678,0.00350187146427479,-0.00476681322148312,0.0110582358066482,0.0227478947519394,0.0215305576105942
2134,-0.00536874115327528,-0.00589128764163111,0.0136846491263406,0.00730482771852589,-0.00163109442840602,-0.000179376655598913,-0.0244470534614284,0.000804990022085471,-0.00462305796789717,0.000801516682089207,0.0019796389081271,-0.0157033159519538
2135,-0.0117393513220003,0.008817625736433,0.0252187757924205,0.0253903501972959,-0.00587753125207758,0.00348376501617265,-0.00240408706928219,-0.0344253482628002,0.0173136175121731,-0.00216771648683074,-0.0102376089343054,0.00381103469857966
2136,-0.0132598910866771,0.0178226324491522,0.0258721616639141,0.0276613068451714,-0.0143046719704515,0.00484747613097437,-0.00621634454018694,0.00121816395660579,0.00856885862925767,0.0011844441250644,0.00961062030586145,-0.0164672217068882
2137,-0.0287226168454442,0.0191080853923153,-0.0167521449842875,-0.00887596270964381,-0.0298372124149478,-0.0287629376398516,-0.0106190892974695,-0.00189254652070186,0.0204061339740796,-0.0195803207439431,0.0344138052447109,0.00393059007111947
2138,-0.0180725264044405,-0.0362143902120054,-0.00387511429224175,0.014219358241692,-0.0182033069176065,-0.0185060097099364,0.00824226305800602,0.0088467240403828,-0.00629015937490846,-0.0136694088134195,0.00910010117944948,-0.00325015391818288
2139,-0.0165813007497597,-0.0117520398343519,0.0106345499958841,-0.0215126541882649,-0.0207271313956736,-0.00138542461431143,-0.00230294447855346,-0.000127047757878389,0.00536962953013611,0.000610056909430587,-0.0217880006005852,0.000883099328330636
2140,-0.00350651600915639,0.00410356881681024,0.0124564143498066,0.00489898226494939,-0.00517291465854924,0.00519670680818504,-0.00631889879997294,-0.00188542766980287,-0.00854625976850036,-0.00397689230059888,0.00828623875733436,-0.00354773517439062
2141,-0.025543015191619,-0.00699761302623856,-0.0325398767074154,-0.00956416789265107,-0.0227658008244675,0.0498720280783435,-0.00617902023312625,-0.0193369345700488,0.023822000986846,0.0245526798603642,0.0169029813718434,-0.00191175060649873
2142,-0.0186386862059937,0.0179079240467803,0.0142643621231021,0.00641139641166757,-0.000242641514476134,-0.0120850782796923,-0.0209031462445797,0.0530566439511867,0.00331102074926775,-0.00855215441640738,-0.00624643139026247,-0.0170161821783457
2143,-0.0167809521773159,0.0325782169682145,0.0158181097459588,0.00529798505420386,-0.0222958858399402,-0.0219173790508424,0.0135200535524808,-0.0172428965278974,-0.030280035849762,0.0267563659124121,0.0271086969259971,0.0067340978725763
2144,-0.0290503711006507,0.0109795840360909,-0.0340882834619039,-0.0215792940038896,-0.0208597239046377,0.0264332395919703,-0.0163153189574861,-0.0172761093252868,0.0139376239612608,0.0105714139265257,0.0403500540114579,0.00317885479033803
2145,-0.0158442883380621,-0.0108022445245789,-0.00228049229251947,-0.00354053805183685,-0.0388127822225674,0.0367185175082773,-0.000486890527060807,-0.00439105862370557,0.0206128864171137,0.0148908394066589,0.00362877803685478,0.0121419029025746
2146,-0.0117367724315256,0.0209317296431556,0.0220505062526664,0.00844418101719325,-0.00506833291694573,0.0288842838806371,-0.0264353619759533,-0.016339412660438,0.00735980401620914,0.00650370875131089,-0.00927633957502329,-0.0212326600370706
2147,-0.00530697973671376,0.00189493144933782,0.0189395756027388,-0.016650965209337,0.00593194960413953,0.014859745777576,-0.00677747572314787,-0.00281715413868071,-0.00119698951492287,-0.00366411062252084,0.00686026177555453,-0.00451446571823399
2148,-0.0204458763774212,0.0184225038091292,0.0109626757310686,-0.0202156076563047,-0.00462825208317872,0.0081902203602151,-0.0114920491500243,0.00779087598563872,0.021806975692152,0.00325250091682135,-0.0113951638412842,-0.0132356972112253
2149,-0.0106106816336586,-0.020594133095458,0.0127048662178751,-0.0165462106783267,-0.00592649245973274,0.000347640690928272,-0.00489869507469028,0.0112859074267607,-0.00491786057067336,0.0128573312176974,0.00932154113937327,0.0165075621787375
2150,-0.00558160359803444,-0.00955063048737784,0.0127805780226206,0.00666986838581571,-0.0145625975569996,0.0115962921169794,0.014734631451158,0.00316907189476156,-0.0271640917676858,-0.0100232071005594,-0.000776720380158026,-0.000555370769959599
2151,-9.1042206287408e-05,0.00103808033144439,-0.00138041405902577,0.000765065694524348,-0.00164261594826571,0.000660450479904122,-0.00100462629233908,-0.00171555833842515,-0.000135104944733854,0.000234820208412536,0.0017699265957674,-0.000266530791236431
2152,-0.0189716554175899,-0.0117322933778787,0.00550261084853535,0.0144910068086132,0.0175452422573391,-0.0223955423048249,-0.0148595190122842,0.0139865436413967,0.00381285815885652,-0.00468512014013284,-0.0109388887687469,-0.005706947695965
2153,-0.0110296426216092,-0.0261347955504474,0.0135721592712987,0.0028493624136707,0.00109763862385333,-6.26366128839299e-05,-0.00419856429592984,-0.00664301276653017,-0.00132983782586657,0.00153939400771901,0.00202747889379086,0.00376618659448722
2154,-0.018348840354898,-0.00779335681843812,0.0102378328357665,0.0233330448192396,0.0234885483059297,-0.00429621878544298,-0.000330679789150561,-0.0115670081686175,0.0299776485356806,0.0128521932864226,-0.0224425990271328,-0.0130399433718074
2155,-0.0169593352986313,-0.0101484554767098,0.017631789495313,0.0266130605176297,0.00889904968467192,-0.0214347503831625,-0.0172732966480371,-0.00297750126010085,-0.00792043033715411,0.000497268743993707,-0.00531954585503494,-0.00666746780098294
2156,-0.0192632141475087,-0.0217049361997451,-0.00638752331712431,0.01087105799233,-0.00869122890825763,-0.0215633302337976,0.00176422418681499,-0.0229877516622197,0.0257012099662418,-0.000936400911733487,-0.00814111669705072,0.0138730209148659
2157,-0.0173241202982169,-0.0287846767716659,-0.00128849492783805,-0.00293157993633663,0.00765295864521914,-0.0143840918023122,0.00866288435348461,0.0117591480677619,-0.0101008454016676,0.00722886737641941,-0.0287774338202713,0.0053918008705278
2158,-0.00706284265777422,0.000162057056234484,0.0259209830073831,0.00226024425133958,0.00313286746045787,0.00545345862753875,0.0114767527258619,0.000951403036204717,-0.00165350095512381,0.00419730148020142,-0.000652726647408486,0.00258591903856152
2159,-0.0169599456214788,-0.0472633598640766,-0.0100586935351686,0.0126767114725732,0.00156418552135458,-0.00114766922575492,-0.0043360430753357,-0.00144331637538646,-0.0117644517191478,-0.00238626053704315,0.0178005434658158,0.00265885819278269
2160,-0.0259828010996472,-0.00267291555261558,-0.0180649114458208,-0.0218661018518507,0.0187440400140386,-0.0257927215288866,-0.00545916578532493,-0.0184680367338192,0.020964333466285,0.0128333449202682,-0.0478511697401325,0.017830410295061
2161,-0.025016532979446,0.0295343355232126,-0.00794131943816939,-0.00786769396914958,0.00825176237386525,0.0014652253519046,-0.029495079540335,0.0417660630801415,-0.00869970876188642,-0.0151836778827975,-0.0261780850233778,-0.0283234756152992
2162,-0.0140400805317863,0.00487562512857855,0.0194791807883297,-0.0116791997749,0.00424176192035979,0.0160216563835413,0.0351530987778355,-0.0101082848148678,-0.00342176493011107,-0.00641373953394984,0.0329791741343551,-0.027571017821809
2163,-0.0285731809097801,0.0204722432869839,-0.0323420426400958,-0.0146120292399472,-0.0036681023753975,0.0444803589383925,0.0284875384122449,-0.0199764013688903,-0.0175934951308953,-0.0368765417777062,0.0428329795054082,-0.0152372480396018
2164,-0.0121751475473736,-0.0130386731033441,0.0121903805290694,-0.0016812596890259,-0.0302911715476812,-0.00994819095080655,-3.14480158236555e-05,-0.00557822984776034,-0.00996580745347877,-0.000566765109078301,-0.00297841029456501,0.0045766766407105
2165,-0.0220816416211966,-0.0291252147180153,-0.0139239709154997,-0.0246777749555332,-0.022205861037493,-0.011031117736042,-0.010848221829981,0.00381908924653352,-0.0033915504291625,-0.00302739105399727,-0.00144063571928793,0.00219173264951076
2166,-0.00304393740074945,-0.00327000369726272,0.0103948543936111,0.00159518354716467,-0.00417763723802161,0.00299814937599074,-0.00249385646519556,-0.00388893628195515,0.00615753535781928,0.00392563034385122,0.00583722710515653,0.00373810221502221
2167,-0.0270201226794299,0.0011782769774095,-0.0197661217894562,-0.0286878551877086,0.0048956257328835,-0.015437446391232,0.0139162280614416,0.0081612819133955,0.00122274086053121,0.0124147116014975,0.0205710766617119,-0.0233700900788323
2168,-0.0179079922926141,-0.0421623570808131,-0.0119099154605801,0.00909854516784317,-0.0269375760846587,-0.00576361063676491,0.00178683546315992,0.00287526097682459,-0.00103451425456524,-0.0168431144719416,0.00493852191898833,0.0136395049138354
2169,-0.0163740809717364,-0.0181955508682502,0.00418053113389663,0.0317290872955058,-0.00652707315915939,-0.00150079445941693,0.010704038923579,-0.000646044701345261,-0.00249204364119356,0.0124525396991621,-0.0239303533162326,0.00688001904540008
2170,-0.00945321120532047,-0.0275282586138715,0.00160303593653691,0.0199034060111698,-0.00641521917271295,0.0121047360798092,0.0113521460758191,-0.00284910314309746,0.000586685507549631,0.0041062336652548,0.00464697029576113,-0.0103261327777214
2171,-0.0189386785699071,-0.000453861702803368,0.00556897498354451,0.0500514781731149,0.0155032551538273,0.00569168493049064,0.0285712514937972,0.0207817626450763,0.0183300794907533,-0.00926165783738157,0.0271334559207095,0.00372507215898191
2172,-0.0137780412276949,0.00373801889661655,0.0188389183423026,0.0300760352834161,0.00995270510263968,0.00463207356717434,0.0198022024965568,0.0122454983877697,0.0217358927879194,0.00159502797444849,-0.00442950573957789,0.00554290862874694
2173,-0.0133795650383234,0.0114745792357496,0.0150200018627987,0.0370179341774523,0.013799491046187,0.00739495139725864,0.0198029463306407,0.0228269621720477,0.0101957603766592,0.00676928687595186,0.00651899200836772,0.00467509941268183
2174,-0.0241496495176191,-0.00345452352843936,-0.0174316698160104,0.0357138854204272,0.0362743068227592,0.0243627013670485,0.01653829044374,-0.0134926345700992,-0.00380356311331003,-0.0365893797487193,0.0112078552039931,-0.00452046614989206
2175,-0.0164109093873645,0.010585018375196,0.0138925599149765,0.0172492507408036,0.00550583520484009,-0.0248613944243864,0.00427080740448621,-0.0078413861894398,0.0250930154550148,-0.00827585514404313,0.00184239026327614,0.00682727288642862
2176,-0.00595377575671021,0.00273952840200431,0.0213228016565567,0.00795599323615076,-0.000601741443185279,0.00790234741848717,-0.00401176989725853,-0.0159702920489625,0.00511385602241443,-0.00788723043451177,0.00172273939287441,0.00862043464381964
2177,-0.0212619284437288,0.00107208684306759,-0.0227393359741958,-0.0140525560560832,-0.000422282501945123,0.0417226757577879,0.00776588588050099,-0.0144754396744395,-0.00627170469053845,0.0473036055485657,-0.0754586563128772,0.0218804090766074
2178,-0.0184856683584736,-0.00021430577237901,0.0182992385984422,0.00853549159663086,0.0177370481039535,-0.0193129446503582,-0.00531362567384404,0.0234336291557173,0.0135496168297771,0.00147059575790415,-0.00431186285708709,0.000298448471050091
2179,-0.0227174920444091,0.0159905297011574,0.00135113914236063,0.0027423725356546,0.000973553300418107,-0.0651246410581802,0.030261380168766,-0.0158261616566367,-0.0357421778916494,0.00531860102676926,-0.00220760949998777,0.0173892559469582
2180,-0.0158895146533401,0.0191459721348256,0.0231338428164866,-0.000698950533805514,0.00421726848838761,-0.040774449515555,0.0260766611676756,0.00383315498662095,-0.0131112794447461,0.0211571511987306,-0.00729106333488358,0.0102011933236348
2181,-0.013114128492966,0.0165855643601765,0.0223806219398899,0.0116538262455594,0.00947575399093737,-0.0179725681541135,0.0164697571930711,0.017319324002839,0.0253287924716731,0.0202030619100832,0.00489666332854133,0.0325506694144879
2182,-0.0152519316348687,0.00801513492670986,0.0256397821442422,0.00112997408398457,0.00718876340399088,-0.018885638430048,0.0215863144451242,-0.00635018986355222,-0.0146132685865044,0.00733835196882329,0.00373180071952316,0.0110911179400463
2183,-0.0171639925874956,0.0150219166534432,0.0194871876472977,-0.00414837133098804,0.00150692724690894,-0.0128561514144092,0.00683425039855364,-0.00615564833180933,0.00691926725932355,0.0143039946482974,-0.00257959349290647,-0.00706393754036282
2184,-0.0189749702455898,0.0190870160934302,0.0191604723390338,0.00534230697887323,0.0140198099714744,-0.0197574062673947,0.0026373550961799,0.0285684184993395,0.00669591091873388,0.0080605816195378,-0.000480096439772698,0.0199290731885236
2185,-0.0146031480542169,0.0104394536379665,0.0216156694879879,0.0369682285862097,0.012047755469559,-0.00125628276105987,-0.0023561632244144,-0.00153906473772235,0.0223831018971218,0.00684155678169794,-0.0116259649229198,-0.00173133729516891
2186,-0.0168888949401482,0.0187350113130204,0.0232377723892981,0.00762254840819689,0.00357692186758749,-0.0173606400809834,0.0264487486939074,-0.036876700119501,-0.0211050035249627,-0.00347410489511019,-0.0099213833479184,0.0297769237887353
2187,-0.011973323903059,0.0193481532146063,0.0266443527036729,0.00166807728679458,0.00250141352269945,-0.00809156620126439,0.0195666884400458,-0.0125915066981479,0.00653353487028212,0.00633728392426445,0.0146862534324627,0.0100211385262229
2188,-0.0107703415835874,0.0133302228918604,0.0213585475372824,0.00367215739487451,-0.00187801360184109,-0.0110370962290701,0.0170773144668069,-0.00811497107133519,-0.000220858828675796,0.0101306848822094,0.0125402169048962,-0.00606050374465216
2189,-0.00938433072027724,0.0152270810699943,0.0252113785130259,0.00665298329669457,-0.00415706917865173,-0.00857397341147113,0.0173224730602868,-0.00899266506111139,-0.00150139612665496,0.00153517486937224,0.0124438421759399,-0.0025474229579109
2190,-0.00891873764553114,0.0127162088826296,0.0185957241921537,0.00447856273252752,-0.00143899017308867,-0.00315694892150822,0.0225506901373729,-0.00609222252934767,-0.00294994855756752,0.0129293106910653,0.0116024781585537,0.00744060026198361
2191,-0.00814698689133196,0.0127433633656398,0.0207184496028786,0.0126197017012477,0.00178805437459129,-0.00586621383201123,0.0137578773766901,0.000404443942208841,-0.00523100519597927,0.00472006924080922,0.0119188285587823,0.00172405030761023
2192,-0.0219916216344874,-0.00742334481764491,-0.012582595975355,-0.0101004800164428,-0.000168415655207942,0.0255989386038237,0.0270172544272859,-0.00647648651568125,-0.0349267333373284,-0.0354522050204917,0.0103668380726678,-0.0885021036754108
2193,-0.0127258142675649,0.00153106942898778,0.0219770968035664,-0.0129433888968071,-0.0113354858367236,0.00664254928885486,0.00190556062284653,0.0144408855392581,-0.0113012106663461,0.0213936843168298,0.00436950606444008,-0.00722564425534797
2194,-0.00782539844558696,-0.00023609619794898,0.0205140882985847,0.00997944705226917,-0.012210172693512,-0.0064829168088173,0.0044930415174872,-0.00219653893682698,-0.00511311507144215,0.00184620380306642,0.00647626000758248,-0.00148629342405237
2195,-0.01557905072389,0.00960527232144324,0.0166566689272482,0.0118307532913478,-0.0231181657635124,-0.034335209938547,-0.00437639878978144,-0.00364212564246992,0.00145444169807451,0.00131994252033644,0.00204519939320656,-0.0029192018477199
2196,-0.00568806209073447,-0.0167188118619108,0.00778957337892231,-0.00438238526171494,-0.00780106655335105,0.012544468338854,-0.00656802865070284,-0.000743738373386607,0.00608968238137717,-0.00655451164006365,-0.00803658052682098,0.0165754948861156
2197,-0.0161293957585118,0.0127372706898176,0.0075517883011966,0.00871637058427022,-0.0108267758718499,-0.00430810659722795,-0.0145190613396301,-0.0171265538084809,0.0167762560713777,0.0313488381442291,-0.00408100369982128,-0.0304202340749698
2198,-0.0245228011516329,-0.000307825006210955,-0.0190645528506523,-0.0111767252800969,-0.0171715200264486,0.0283379204058096,0.00214837773702287,-0.00325251876958113,0.0336314905971862,0.018178918882084,0.0220759016361808,-0.0169896687486452
2199,-0.0257646648895646,0.004085341841126,-0.0214764242912581,0.00498913714273474,-0.021187269071465,-0.00706647422705989,-0.0287454912045747,0.00250496091721429,-0.00269533050667867,-0.0120725923963577,-0.00384270874348015,-0.0594489770229265
2200,-0.0125419759614005,0.0271375495749944,0.00995981929974649,-0.0187884090876921,0.00340099290607594,0.0297110839728191,-0.0062871978431618,-0.00966861431810373,0.0132374979334067,0.0119385082538514,0.0153888899351756,-0.020913253155251
2201,-0.0221014877516031,0.0232033561366899,-0.00413594562272525,-0.00300103992713956,0.0290914137635871,0.020783730951047,0.0018196635699994,0.0599633450750082,0.0533752007645339,-0.0264965084717304,0.00515120153250733,0.000328980134529392
2202,-0.0243403345639682,0.0222386147336028,-0.0153998611448689,-0.0254131661075661,0.00168399934282749,0.0353087237011842,0.0106815030849652,0.00324559753933227,0.0159598471401498,-0.0332909145419276,0.0501615267162999,-0.0269654285663215
2203,-0.0264503260316006,-0.00365383698562196,-0.0423505459628539,0.0150952283177114,-0.0490332167155793,0.00339108857019776,0.0428996293098158,-0.0188536226938247,-0.0115880935751225,0.0301423698453964,0.0411326667001637,-0.0179436921990602
2204,-0.0308763535718555,0.0145393369451718,-0.0420286102320661,-0.0283061068796619,1.42590382869459e-05,0.0441760032558126,0.00463227774873496,0.00708865529239612,-0.00307590356357665,0.0189104059446187,0.0122941242699997,0.0685931960527438
2205,-0.00984378070107562,-0.0176337466998577,0.0209970886654736,-0.00427928613850846,0.00237700479954319,0.00143130185225591,-0.00136562060187212,0.000808792858868179,-0.00205649491089955,-0.00168697788597645,0.00081932450136195,-0.00184082954666008
2206,-0.0231985047511468,-0.00430862346956846,0.00307234435912757,-0.0207693731653805,0.0404188708013855,0.0114447973897536,0.0118770470565158,-0.0192023120296874,-0.00522518140353443,-0.00326810750345204,0.0124185872412605,0.000342527938815407
2207,-0.0156224406966519,0.0212847696238743,0.0188451863602235,-0.00500291497084179,0.0134326823128679,0.01844459947328,0.00367577421491792,-0.02697743238005,0.0191335836023347,0.00275263493819611,0.00266037591813904,0.02101110326759
2208,-0.00979052070192927,-0.00367408261745428,0.0268769596156285,-0.00762719287458571,0.00705883720297467,0.00577863372762468,-0.00118431737517714,-0.00585707777990694,-0.000248893005806227,-0.0124229907799715,0.00806452133497522,0.00203052136681817
2209,-0.0222739312329535,0.00546582823681295,0.00520113062432369,0.0211364170240624,0.0284908808380617,-0.0334167641165075,-0.0168835254924947,0.0285425415453961,0.0164483096246393,0.00737628756794912,0.0111685200847937,0.00942616480663615
2210,-0.0164035151270944,0.0256902947562686,0.0198038232471411,0.0104311033724752,0.00432580019668566,-0.02833092422681,-0.0163651764909177,-0.0162780271224281,-0.0186165090394752,-0.00685505072791947,-0.00582401732278684,0.00120696620777885
2211,-0.0209166952908361,0.0156339224778659,0.00802637015975291,0.0229819603688826,0.0282872374857749,-0.0523684840034826,-0.0135147387737494,-0.00585701910346045,-0.0217701681968311,-0.017451628808304,0.0126845339483145,0.0168536263992783
2212,-0.0125543144571412,0.0266002650991493,0.0238618105503684,0.0141911105105606,0.011289490280471,-0.0169934634404886,-0.0175224507380965,0.00245453834598663,-0.00450977418582679,0.0155977952721967,-0.00593996663814822,0.00571475143353732
2213,-0.0204621822980167,0.019742349085789,0.00639118720223765,-0.0137729982250254,0.0195023689263963,0.00261024958635945,0.00783225630621886,0.0196619178841515,0.00430650469382763,0.0175034084161331,-0.0369878951913793,0.0321677620304926
2214,-0.0259434980347092,0.0174211321711492,-0.0130955899152376,-0.013650567353449,0.0266631898540285,0.00252496371708668,0.00274126088489141,0.006528025529775,-0.0175308506218348,-0.0161989020428951,-0.0644468110651361,0.0562466581612123
2215,-0.0245455155074415,0.0116302293090925,-0.00971433848673494,-0.00562625867585009,0.0302154445982503,0.00369986841911172,0.00382931760078459,-0.0141932652570076,0.0169958090649707,-0.0324528429044995,-0.0493074150745691,0.00723182352735197
2216,-0.0142028180338858,0.00922002486740107,0.0221922480780797,-0.00111159184645794,0.0195342361879285,0.00305011834404091,0.0117945318994209,-0.00342940130815499,0.025361638408103,-0.00167033826848412,-0.0244756986129153,0.00972559724755017
2217,-0.019497673132668,0.0219751647389285,0.00731880420945926,0.0131847581783628,0.0140210881162484,-0.041528814366053,-0.00894333308916885,-0.0223281684437814,-0.0257592918333976,-0.0250228410705527,-0.00102836568397129,0.0290362265559635
2218,-0.0168653891703466,0.0219490197097343,0.0129417293687733,0.00677661664440617,0.00656601449984212,-0.0381528419576209,-0.00781784940702869,-0.0241047324687296,-0.0288913785816961,-0.0122981280757279,0.0172399024310357,0.00977585995813142
2219,-0.014991591911923,0.0278694548150551,0.0154768861944783,0.00437122903628194,0.00241798443178636,-0.0340660232890077,-0.0113321949091336,-0.0241587762995415,-0.0201825772290406,-0.002150371816925,0.0144415333016245,0.0207995983538715
2220,-0.0111380776587295,0.0248877011514023,0.0229178511024953,0.00760457908806336,0.00224142604572674,-0.0139544633037266,-0.0145067389806843,-0.00986464714349331,-0.00776445251740879,0.0111230405536876,0.013753308968401,0.00321885591190202
2221,-0.0202441996583575,0.0207013301854103,0.00581798641954918,-0.00375103286668803,-0.0162687536611881,-0.00907867823377106,0.0445409204836962,0.00797257264566335,0.0295129635349251,0.0131195676237172,0.0252791535078701,0.0379577772224313
2222,-0.0212146460594859,0.0143323394493452,0.00578586443589972,0.0119843302820643,0.0203354850347094,-0.0139836856403972,0.0163222174508364,0.0165636403865651,0.00391172204796325,-0.00761188597269094,0.00121024895996509,0.0137966122251608
2223,-0.00539247911040021,-0.0104151320421692,0.0166382833368687,-0.00304769388087512,-0.00500096583426075,0.00793599460387726,-0.00785159098858611,-0.00439045088830225,-0.00612115074020223,-0.00588411225398899,-0.00625527290852251,0.00661383170124116
2224,-0.0183920478254184,0.00951683083896788,0.0142221198402967,0.00679794940219066,0.0118860220301866,-0.0427352840132302,0.00317917844469702,-0.017220234707205,-0.0302362285868104,-0.00298951693972786,-0.00525505642219874,0.0155397424771989
2225,-0.0122752225133241,-0.0162169267480476,0.0179223546013036,-0.0181141785471463,0.00414259061645073,0.000753931427066962,-0.00277261462875795,0.00992736481335189,-0.00303802894270525,0.0125046534580505,-0.0154210523006278,0.00514528429948554
2226,-0.0152290221013449,-0.0062430477916597,0.0214576080080346,-0.00114589707200245,0.00120447546329544,-0.0235274216983423,0.00810534280654217,-0.00999336460109253,-0.0167829423192129,0.00918402969922552,-0.00171520153583762,-0.0165716284500936
2227,-0.0125912523038152,-0.0149980506473824,0.0251080811825838,-0.000467442707172897,-0.00143563425109204,-0.00289300857147937,-0.0210779148507342,-0.0147278231989677,0.00554899088371899,-0.00853678342651403,-0.0113818015288599,-0.0020809799220888
2228,-0.0212747316966851,0.0137131081943625,0.00908938410966821,-0.0110795447813942,0.0113735294260097,-0.0295195890961022,0.0106905226613185,-0.0154074804598706,-0.00676392173368594,-0.0335762145800816,0.00112779272915188,0.0011654660988116
2229,-0.0159098383930175,0.0202305372973223,0.0157900116146084,-0.00867788987985704,0.0167760754319068,-0.0158644628501522,0.0203846452265642,0.00717742917367288,-0.00564919611161656,-0.0125778568642571,0.0119242933840323,0.00617997807971843
2230,-0.0115090270934031,0.0188796462987668,0.0229288647934489,-0.00447208951481097,0.0109128247048965,-0.0118549996145111,0.0138482800764721,0.00953848000860504,0.00678762265653666,0.00655052863957293,0.00563418724726766,0.00190747244362012
2231,-0.0215707863678242,0.0222542938564688,0.0134501363792946,0.00267444192835025,0.00956445109565658,-0.0425682504098602,0.00465902347807051,-0.0334660642001408,-0.0242323482654948,0.00210566741698617,0.000435273259878743,-0.00618433129157206
2232,-0.0219451274195905,0.0212873749704607,-0.000927758981711031,-0.0467597723567763,0.0123343442913754,0.0111296991634251,-0.0130655536582892,0.00460224448232815,-0.0067596330753871,0.00521375412717113,-0.0224404032930517,-0.032299573908427
2233,-0.0143083450013145,-0.0125879033041298,0.0188083171524891,-0.00489522971171923,-0.016689917055147,-0.0121756619948545,-0.0165936567557702,0.0128968023778771,-0.00254683513569835,-0.012473913625194,-0.00422751756980412,-0.0125576083075654
2234,-0.00849209574027507,-0.0120093070411172,0.010239170181793,-0.0224650409356691,-0.00684848755089196,0.000651612904886072,-0.00340468661083481,0.00965788334078536,0.00815712941073507,0.00177173088310615,-0.0186661881951678,-0.00304259904530981
2235,-0.0236619121160278,-0.00670600256267242,-0.0326232667424952,0.0143329105490411,-0.0242563450795804,0.00420256353411161,-0.0386088842448624,0.0478603652125516,0.0185475469670325,0.00607065764292124,0.0288230701278368,-0.00289931539506649
2236,-0.0175833510331907,0.0210180691349621,0.00549321122412094,0.0125636475250585,-0.0186594952359121,0.0523394113434408,0.00322253651151563,-0.015305814299016,-0.0129827818525027,0.0153727643042905,-0.0106493888569501,-0.0174633715501846
2237,-0.0145158198578927,0.00683676444059272,0.0274054578118641,-0.00756134451407703,0.00273483405339383,0.0111692322899434,0.00143389565999418,0.00532605214287555,-0.000189591777593014,-0.00871787694030226,0.00833188526073453,-0.0189643865429388
2238,-0.0158175978829537,-0.00291258691617362,0.0186378764260126,0.0041505731619123,0.0226086474280248,0.0206115232921451,-0.000960781707335054,-0.0236074525833476,-0.00299724016555865,-0.0128903766026361,0.00889653219709945,-0.0281024055311713
2239,-0.0199902282682335,0.0339946789280106,0.00681775950961882,-0.0338852624164877,0.00369016182216457,-0.00321404195152034,-0.00917338578501742,-0.010288582965044,0.0329156857814637,0.0263594367280329,0.0235977593125657,0.00153726352209807
2240,-0.0138053614320097,0.00608544200105337,0.0208560232826909,-0.0426482571707103,-0.00790969878098004,0.0081441700215808,0.00745274714284833,-0.0056804643643267,0.00459071428514666,-0.0131924571656528,0.00942100164506353,-0.00438381099547623
2241,-0.0239370484259716,0.0176028700796566,-0.0162056184631557,-0.0138786412484049,-0.00893589260793457,0.036402786841103,-0.0219762476478766,-0.0168708527703139,0.00430026392092831,0.041059007491387,0.0185653755413115,-0.0235782222894215
2242,-0.013065597908341,-0.00709695144509289,0.000153041555902051,-0.0207266719164571,-0.0288932847860803,0.0334734484012077,-0.0133667523384718,-0.0114604437383402,0.00540350509150706,0.00681033580953741,0.0068751580392736,0.0064355048331255
2243,-0.0141449060040325,-0.0134327830108532,0.0085791035515624,0.00685873287220564,-0.0221010510060024,-0.027772376710301,-0.0066500307773096,-0.00748102742937962,0.00452354732441389,0.010987719135995,-0.0140522290888762,0.0156927906174085
2244,-0.0168692860939926,-0.0120738901982596,0.0196982733835404,-0.0411613181293269,0.00206836010618022,-0.0042122777059061,0.0182070012463482,0.00537344585291006,0.0131761595053409,0.0131644370999283,-0.00174945687416806,0.00588077146566155
2245,-0.0152167428250578,-0.0205854135680467,0.0125447430365277,-0.0124498460025442,-0.0239994636789667,0.00612820456436773,-0.00741838152249025,0.00610916348552666,0.0114145430942607,-0.00359809047650113,-0.00101553603582996,0.00652763483658673
2246,-0.000372325165028645,-0.00198041672494567,-0.00220698175447167,0.000297471186665681,-0.00542471163663744,-0.000913529184688295,-0.00219350172872886,-0.00293567820216933,0.0044563682456902,4.32800819862153e-05,-0.00575844720352556,-0.00588560756528555
2247,-0.0191508370118495,-0.021339889396714,-0.00969832120250692,-0.00293536829165123,-0.0235426262410303,-0.0144392400406798,-0.021125291498375,0.00270975848236922,0.00572784954378535,0.00920984228714476,0.00966872193991572,-0.014381094688777
2248,-0.0123848971893985,-0.0112501154431432,0.0200453682176363,0.0095048285230015,-0.0106918887524471,-0.00425450142860382,-0.0144124709245686,-0.0143013056361801,0.000521722054354236,-0.0113149528684645,-0.00128089563466572,0.004700715364803
2249,-0.00799233485277233,-0.0145659792582026,0.0136805906457542,0.00702946526377793,-0.00687942288312401,-0.00954153610210457,-0.0249091735344219,-0.00140333375830183,-0.0126390329015502,0.0108499635499954,0.00370710086886073,0.00305229429712116
2250,-0.0172509809796156,-0.0263821865339057,-0.001331007030679,-0.0303059627080723,-0.0267933433545412,0.000171667322466799,-0.0053815094620879,-0.0070443168084104,0.0275111632988031,-0.0128423378365424,-0.0110712087681031,0.0031789915942235
2251,-0.0189772724220251,-0.00189369276938083,0.0105523969893444,-0.0394179472298367,-0.0183312187428442,0.0108248312686135,-0.0177896705691575,0.00233607582459072,0.0170065713791804,-0.00817439631624565,0.0126320587582199,0.00269643754741929
2252,-0.00153768352126714,-0.00332294264056145,-0.00395223063251163,0.00626973817675759,-0.00232456852894245,0.00786827886955052,0.00110340245034878,-0.00324358073592059,-0.00787898598773872,0.00636018583876889,-0.00880916205394897,0.00197236982510213
2253,-0.0112599158078701,0.00440169178849668,0.031093400017216,-0.0117411306550164,-0.00213827419976262,-0.00582587900151176,-0.00391045592458443,-0.00135910478778971,0.00620868790403472,-0.00628978642360562,0.00410205726160404,0.00516695572146443
2254,-0.0096651320519326,0.00656061789403833,0.0256336263649844,0.00394294818113515,-0.0121612572951718,-0.00327450498981881,-0.00715650474409324,-0.00768857864019683,0.00146454108206303,-0.00449839514070968,0.00181834602715824,-0.000227558923576596
2255,-0.0170138080418868,0.0201331366229152,0.0212584528925281,-0.00814192268649338,-0.0208717774309111,-0.00441666048460792,-0.011988774661089,-0.00085663012675052,-0.0198960403638189,0.00323346404577651,0.0127094946602587,0.00651305846642199
2256,-0.0120580585138747,0.0183287473876084,0.0259027194523912,0.0107440023017451,0.0120473733765309,0.00204734888898136,-0.0166684934637631,0.00548705106841457,0.0222301555269114,0.00909063591173432,-0.0109999422483501,-0.0209175864968691
2257,-0.00518036371557711,0.00252704652380486,0.0146568344126324,0.0020917474917486,-0.00567032049010861,-0.00442790148986571,0.0105212874813376,-0.00693878891835248,0.00546018819348802,0.00226479659810635,0.0132141784909266,0.0128852334505012
2258,-0.0120131935305301,0.0172707093800478,0.0198741544424327,0.00734221257987724,-0.0050399326891565,-0.00391241799579066,0.0225866327260083,0.0114465614310592,0.0209421986870251,0.0206748901111651,-0.00411186818548388,0.0468850552348002
2259,-0.0108611116468307,0.00502536910959192,0.023986520528994,0.0343300587705126,-0.0120320663858656,0.00513601039131554,0.00309862807901849,-0.023781109408227,0.00896986477734899,0.00185159036729418,0.0049634232506881,0.00744491657852663
2260,-0.00407465899220318,0.00321331665666703,0.011653763824658,0.0151745789260271,0.0063210329558114,0.00571634252893166,-0.00295066724704503,-0.00569504350758285,0.00332666251211291,-0.0053653190325277,0.0104769773266007,-0.00441950071939603
2261,-0.0183847440664906,0.00620172921473105,0.0129712750323299,-0.00640545919629869,0.00968873759024171,-0.00524800572987566,0.0163708842708473,-0.0167750466849652,0.0214785867521928,-0.00206121994753058,-0.0135413949515468,0.00894006922613536
2262,-0.0216404403836878,0.00412888801443259,-0.0113172128116382,0.0343205052364079,0.0223433858863495,0.0327551374801084,-0.00787230899581324,-0.0291893028641975,0.0372054380824448,-0.0232545218029561,-0.035001695937565,0.00519657621683042
2263,-0.0234325499301071,0.0130936543961785,-0.0156269821527543,0.0394835380030801,-0.00618129107851808,0.0137708407385835,-0.0161312241836601,-0.032282338890439,0.0214328558337575,-0.0545206859717252,-0.0703653461581533,0.000303228950788583
2264,-0.0132238867111873,0.0158602525553751,0.0117041225482646,0.022898511628403,-0.00307732200810839,0.0124141569812714,0.0083450180757275,-0.00875913531080039,0.0215277134231335,-0.0137783208851099,-0.0170069621272116,-0.00902347821982654
2265,-0.0200747824005832,0.0115308631554812,0.0079545115099232,0.00945300654260099,0.0175634401622929,-0.0368814326095659,0.0070777291781273,0.0116315800269421,-0.0246209077424905,0.0126904477572964,-0.0235852077162097,0.0144087700315763
2266,-0.0120955716090192,0.0117759109372033,0.0236769975820675,0.0107899189630292,0.00217236755915952,-0.0277514181734952,0.00891909446028958,-0.0169336450347559,0.00306696300163344,0.0154603800907272,0.00412810058051489,-0.00663322265075155
2267,-0.0158534028343449,0.000138702530885259,0.00970509045478858,0.0597401065070473,-0.00623932190745814,-0.0121739990355375,0.010172440887936,-0.0356610666142801,0.0232565274216851,-0.0254988263340506,0.00815138328814369,-0.0190740359886401
2268,-0.0105335198193337,0.00596558443697612,0.0142884709877985,0.0388643526788462,-0.0139574765106654,0.00303198397094007,0.00882723051621436,-0.0138186603672229,0.0145616957700736,0.000208394855273957,0.00124639352254959,0.00567891267139854
2269,-0.00609787863633237,0.00553471263058984,0.020947510664495,0.0244819044436996,-0.00457513479144623,0.0138650276634409,-0.0114139759326623,-0.0264807287953959,0.00386699845015297,0.00280904834194724,-0.00390966088646067,-0.000325007383193561
2270,-0.00618082372655357,0.00220319392948994,0.0109655761140766,0.0170305966548258,-0.00223507659787996,0.00494659833583511,-0.00340653898920932,-0.00948563959908792,0.00673481048496638,0.00271500575151564,0.00233255832806003,0.00231893024169462
2271,-0.0213510388452142,0.001343256758544,0.00594781161535615,-0.00789714570763802,0.0158417419730692,-0.0308019500477383,0.0218965446517499,0.000979895254578464,-0.00936683724176037,0.0174712010624275,-0.050035487275768,-0.0239672110791348
2272,-0.0026919248619844,0.00124446166581387,0.00907691931785302,0.0100282637574586,-0.000312031689782336,5.54696718793999e-05,0.000963319966680695,-0.00677324894452147,0.0102135743886418,-0.00480091219366037,-0.000501339625118154,0.00208788095493539
2273,-0.00630393785272051,0.00082238416005295,0.0202272667070836,0.0135079907254734,-7.31365704255769e-05,0.00483923595657926,0.00207705843815965,-0.0174732873347178,0.00433622627413266,-0.00117729516745348,-0.00908324080646641,0.0123954068670776
2274,-0.00662731415148477,-0.0138763580107598,0.0130452206727345,-0.00342882588609546,0.00523741157726244,-0.00938455797915092,-0.0135258576040105,-0.00701439700154947,0.00901269368111647,-0.000826030381055793,-0.00494315322855535,0.00934164928411287
2275,-0.0237480341282764,-0.00723660497272534,-0.00398426995278624,0.00309010024488352,0.0160840393281135,-0.0355657327009185,-0.00804132136543723,0.0202205482094082,0.0290991880632893,0.0199461376008874,0.00702924029754471,0.00882537344791211
2276,-0.0171237655581235,0.0134609162112189,0.0159529941055191,-0.0185335642498305,0.0199963161988296,0.00142265163887683,0.0147573696736829,0.0252581768714972,0.013131686265423,0.0204013176910027,-0.0429706265783547,0.0166495450544601
2277,-0.0205700512720282,2.056700351252e-06,0.00413307849049342,-0.017207541597432,0.00480108300002194,-0.00861661159193554,0.008631743413486,-0.0209100715836333,0.010746955134972,0.0125424927135411,-0.0459445219814826,0.00115804249981585
2278,-0.0228268973013887,0.0174273161925891,0.00148342273134002,0.0010318771883128,0.035220277772261,-0.013164216661671,0.0128068792554471,0.00917599506195143,-0.0229641957653506,0.00307914796750788,-0.0321741648161776,0.0235531008028987
2279,-0.0153079673856278,0.0190114762906505,0.0190231275865606,0.000821990407720078,0.0263458835608431,-0.00859687593878473,0.00408451727645593,0.0077524072987755,-0.000797367883048583,0.00730188853982192,-0.0160741273089219,0.000363779089004165
2280,-0.0128915167024746,-0.000529157824486649,0.0261316491933365,0.00516130360043753,0.00815916337197797,-0.014155176876714,0.0032664314177233,-0.0140443213476877,-0.0123613431498467,-0.000327252054978283,0.00261887207323656,0.000996031339468187
2281,-0.0129299139832913,0.0112019394101282,0.0218235004851189,-0.0122481354162499,0.00359114314862508,-0.010269100765698,0.00854221919076661,-0.00619965076620799,-0.00427333010015676,0.00129985962529732,-0.00259179494252189,0.0042346621797856
2282,-0.0211727627633189,0.00238910524140461,0.00555750266973448,0.00275873464681915,0.00964033157757756,-0.0316450144609219,-0.00794432890204822,-0.00650456459669093,0.0140594751644088,-0.00436390253210305,0.00185297187647671,-0.00168697850927233
2283,-0.0160923533789723,-0.00682991771495964,0.0126869886951629,0.0187084423987524,0.0144147534619881,-0.00592659013774003,-0.0326583293266094,0.00477460661055339,0.00298365289127391,0.0174948008957632,-0.0208227919307405,-0.0186542063765897
2284,-0.0186536718577562,0.00775969874395793,0.0149737452926396,0.019748119316175,0.0163644176547257,-0.0335046176676614,-0.00453845659037908,0.00838959412092249,-0.00439206437759765,0.00110553250259902,-0.000556400687818665,0.00555441668791294
2285,-0.00770305060126793,0.007872301494592,0.0235573386758286,0.00698915124647173,0.0053470849190341,-0.00217817271977826,-0.00119755156477504,-0.00514917838725348,-0.00100663614460455,-0.00522099777403796,0.00417683043208355,0.0213071016112305
2286,-0.0190334108719744,0.0196373728846742,0.00850365989573222,0.0106673943707822,-0.00416435274489702,-0.0266204256091707,0.0595565084354033,-0.00618696557167767,-0.0111561449683275,0.0207260903066447,0.0274956940841495,0.035271892464517
2287,-0.00822210685284157,-0.00659242254262572,0.0156993963863642,-0.00700705376016129,-0.00638787817532886,0.00598749354257217,-0.020728078338823,0.0122445588613442,0.000956019515896943,-0.000929819109075867,-0.00553690139960666,-0.00886355327428919
2288,-0.000943740041264141,-0.00456452780182667,-0.00265914945922,-0.00245740945548062,-0.0071146354562859,0.00641218849537952,-0.00540352491159065,0.0002022166754511,-0.000752931631167515,0.0127992572446409,0.000866803307699481,-0.000226459740654445
2289,-0.0109526010090426,-0.0246772557343065,0.00754127126876463,-0.00588901281371607,-0.0109679188907813,-0.00789219705487785,-0.00513122379636344,0.00735684610226931,-0.00110164935374579,-0.0202420096535642,0.00575809639576813,-0.00382300070369851
2290,-0.0106868176852031,-0.0140927055518077,0.0182066841354795,0.0067439260015767,-0.0111754957851664,0.00435784348962717,0.00234148433832426,-0.0068561041851114,-0.0119516305543658,0.00471933466462073,0.00101106866131959,0.0037614601635183
2291,-0.00765428507726848,-0.0136948601430146,0.017037889375193,0.0160256914105994,-0.00614580289353682,0.00368841531025388,0.00218279035920324,-0.00484525195904671,0.00437042949321036,-0.000504744308020278,-0.00689742674292245,0.00764855001379163
2292,-0.000576039550963152,-0.000108226681030246,0.00225684133425221,-0.000678642807484057,-0.000394329378455048,0.000853611503189966,-0.000232365869727142,0.00273645001459603,-0.00717646459525581,-0.00196675637868442,0.00420543745140934,0.00586140258361419
2293,-0.0200032144903594,0.0227003703233604,0.000570628028319421,-0.0237877270315002,-0.0098685039001432,0.0282599104991607,-0.00352151994597162,-0.00554658480207307,-0.00953713189844402,0.0271448094588864,0.0130588587699746,0.00131847431731242
2294,-0.00247551726925015,-0.00515171817339973,0.00729376722425414,0.000615019016694716,-0.00489470859858609,0.00600419415431186,-0.000595359785073776,0.00307978882172872,-0.00593274457156028,-0.00624425411640177,-0.000778658288611826,-0.0025816042370229
2295,-0.00195202111489788,-0.0056994125802151,0.0044273081020802,0.00741533377504447,-0.00428334117565819,0.00402222993044768,-0.00454975584804394,0.00297409554204228,-0.00617601160393873,-0.00308605525391974,-0.00032737386683957,0.0058600376675037
2296,-0.0148563169067783,-0.0354665735536176,0.00503093473553351,0.027940405698608,0.000105915280535111,0.0199528329184412,-0.00523018903636368,-0.0106334222442247,0.00234803469804582,-0.0167576254196932,-0.00479171039067365,-0.0158847723433941
2297,-0.0243726495783373,0.0252102621819462,-0.0159298837011927,0.0152474246163168,-0.0123053321772361,0.00733465046535258,-0.0246436304246767,0.0201992381534591,-0.0262356377566458,0.0260911865335278,0.0260604796054986,0.0119469025728437
2298,-0.0140724008329346,0.0164455559212565,0.0159276363330329,-0.0157245246186329,-0.0153075177657563,0.0322960679133953,-0.00682802844781457,0.00057064316161151,0.011592390858087,0.0133358139489039,-0.00430611902343676,-0.00598958769584889
2299,-0.0164914928850381,0.00877852519305795,0.000181016395224718,0.00116200509014919,-0.0290975596608316,0.00423132917906459,0.00660567314890211,-0.0146943625344354,-0.0141054732785028,0.0162151448459651,0.00556390578213968,-9.92293160901161e-06
2300,-0.0104156559891256,-0.0294261497332631,0.00694121743395192,-0.014178035799912,-0.00786650359998069,0.0137028788574704,-0.0125519345035134,0.00853189488533414,-0.0118217601519963,-0.0100133297472591,-0.00120913620738367,-0.00150647982620406
2301,-0.0106852059202174,-0.0119596064994616,0.0152972833514388,-0.00668015856988705,0.0045133926006186,0.00423400735987736,-0.0350568081582147,0.0131581710911598,-0.0133827507294925,-0.02271157032566,0.0204344965713708,-0.0150265346931619
2302,-0.0175917612309591,-0.0155424080739671,0.00191719126101158,0.036731628895662,0.016425229316954,0.00649503207028466,0.0158776734303732,0.0284301994893093,0.0333603453712655,-0.000982268916094415,-0.00953054577367451,0.00286387687320154
2303,-0.0197528603202856,0.0149620134545268,0.01483451933611,-0.0239920792113543,0.00302953261536547,-0.00358649924691216,0.0147008569898058,0.00887789549298077,-0.0155471852190432,0.0220712680003788,-0.0247943288767369,-0.0296134611251274
2304,-0.014396975990576,0.0134449713450641,0.0177684612001107,-0.0355388481540232,0.00672086512353576,-0.00470223723292079,-0.0232325625197098,0.00457173684916181,0.0190576553478098,0.00403331674543312,0.00293645021453708,-0.00196859943277077
2305,-0.0109172037477653,0.0176139269296879,0.0241289296436647,-0.00164729243295521,0.0102154283459649,0.0253144572365326,0.012633839748457,0.0110677961163085,0.0127292355564271,0.0035049245973895,-0.00392972525822596,-0.00988266748204175
2306,-0.0128169966607151,-0.0173334454631428,0.0150834266621048,-0.00752020926767251,-0.0103895074479552,0.000401403458676152,0.0107952151807419,0.00104536153894927,-0.00299334751080637,-0.00512971006875327,-0.0110811244291596,-0.0267877756344304
2307,-0.0125416598936411,0.00596996240874442,0.0184089346231019,-0.00508172876358381,-0.0286427867248803,-0.0147247483106494,0.00638706949091905,-0.0041782325505287,0.00730960441122605,0.0156915778841165,-0.00206758030859998,0.00563128247517821
2308,-0.0289472096719794,0.0170048380720361,-0.0207644868970636,-0.0341755892104204,0.00952009066276641,-0.0116739796842483,0.00392516750870177,0.00960586378024791,-0.00260049772540803,-0.0160739772505151,-0.012172310402842,-0.0285634497500537
2309,-0.0261512670584495,0.0230152575371181,-0.0180408937706917,0.0124527361362265,-0.0353974377593108,0.00981186934819991,0.0379855579907655,0.000102124872711951,-0.0120478977383279,0.0300280063562201,0.0373795565396565,-0.0213519307586578
2310,-0.00708072603373237,-0.0272858238383144,0.0104913745654032,0.00960459354665173,-0.0139279471650088,0.00996960594078251,0.00553372758975279,0.00323524404421912,-0.013949584421939,-0.0109160191328011,0.00286691161292027,-0.00313873688633192
2311,-0.0162332616368804,0.0051565729638411,0.0132466958392996,-0.00496774128624774,-0.0288049035525467,-0.00497317104959131,0.00948818032956777,0.00136518415610103,0.0157018247356474,0.0269210583833374,-0.007876189842985,-0.00646335470671171
2312,-0.0166983144788538,0.016832248721957,0.0131673262259428,0.0128125728999211,-0.0109435753433623,-0.00726336004632182,-0.0408795870400454,-0.00594738393595447,0.0178247267117588,0.0409362463680357,0.00836680173348046,-0.012760788446985
2313,-0.0160042761631311,0.012967848005118,0.0239640351760709,-0.0509264709393235,-0.00662602314356249,-0.00461179501763703,0.0093383953705591,-0.00832351142745407,0.0192214496806403,0.00440959250933451,0.0111279654581047,-0.00968368680897536
2314,-0.0126213121918515,-0.0109195215410587,0.011525472377132,0.0119159037078218,-0.0242032238860341,0.0061413623989131,0.00630521130089054,0.0149539160094898,0.010234960903824,0.0163848306443583,0.00172142642835907,-0.0101633293500215
2315,-0.00573144507072933,-0.00457428239791842,0.0178953235980065,0.00118478754149116,-0.00371406391632492,0.00827093031479265,0.00271760568241452,0.00338651708194803,-0.00509547032208789,-0.00709057983232385,0.00566960534801005,-0.00235421560236694
2316,-0.00276342356778154,-0.00340398504578255,0.0112870062332921,-0.00476600667125312,-0.00141345273463129,0.00860228705117005,0.000611165174696408,0.00186403477201289,-0.00340740713725174,0.0033168150440143,-0.00171179108448158,0.00364948257965284
2317,-0.015374697975168,-0.0337601282117799,0.0058196861915401,0.0161051552048563,0.0113127168996252,-0.00834130923600108,-0.0097644469503242,0.00680747270318652,-0.0160028941296995,0.000545251572210308,-0.00724601129844134,0.000379614912812399
2318,-0.00859377293640709,-0.0298359114397027,0.00641945649738008,0.00947075810700918,0.0014140654625435,0.0081923791602381,-0.00897162999895183,0.0121457667612029,-0.00523730284714116,-0.0103619262002537,0.00217607471676173,0.00455243305140944
2319,-0.0145794773363376,0.0177878952245247,0.0229925761696024,0.0359100786805246,-0.00475457492506972,-0.0117879543449076,-0.00257858730897034,-0.0482103258515324,0.0265415376261682,0.00627175194236823,0.00292683717254023,-0.022788589456504
2320,-0.0079712691678451,0.0146374697364129,0.0264459231251237,0.0159392393265755,-0.00714535101279279,0.00826177764064486,-0.0145946916728482,-0.0341787865366516,0.0173876771943841,0.0146637253835434,0.00191778190616292,-0.0170921735754814
2321,-0.00636458431225025,0.00441091503081504,0.0195253948577098,0.013160247782655,-0.0050851842515482,0.0110324438474623,-0.0107036944318472,-0.0147789151705754,-0.000674322305651639,0.00128738550193785,-0.000525621484328294,0.00524633691295496
2322,-0.00555792609997937,0.0087350080644365,0.0189983058110194,0.0112621402271923,-0.00906095435001655,0.00944333757245732,-0.00328356262602849,-0.0123966338325433,0.00273232484487314,-0.00291872362585256,-0.00498871671709308,0.00645108424839915
2323,-0.0157175849701029,0.00819818531744759,0.0178960039526332,0.0281206945338741,-0.000360275592468538,-0.00349686467981311,0.00655924493309206,-0.0416925658846257,0.0137420419469009,0.0044527025704736,-0.00228324490633568,-0.00597055581472276
2324,-0.0199948887169787,0.0022508566167522,0.0114030742723006,0.00409346661469633,0.0150026192314127,-0.044699364235692,0.0141049960713237,-0.0209930817506184,-0.0261908941675529,0.0193412021043937,-0.0443024436241797,-0.00275130486045294
2325,-0.0132866813387052,-7.47971837087006e-05,0.0254711862095307,0.0317355322401521,0.0178278527474419,0.020753026868935,-0.0141555894506237,-0.0223319371979611,0.0112094200925475,-0.0102923256164954,0.00325273883258114,-0.0335583262194808
2326,-0.0166946441603556,0.00103293482183433,0.0175622479700028,0.00159764035567164,0.0223712582701968,-0.0147592160356726,-0.000690796874661867,-0.0191155445498622,-0.00672327037579654,0.0119506356908507,-0.00617019640127454,-0.000957838252048968
2327,-0.0131391036509758,-0.0041046814827377,0.0136812135450762,-0.00274542864929782,0.0134099371360956,-0.00839577933154954,-0.00499536719938691,-0.0219730138169013,-0.0135750001698595,0.0106628591346944,-0.00799077960628076,0.0142479171906798
2328,-0.0107490257825706,0.00356861858626015,0.0192668516691568,-0.00122365308831878,0.00889563460086407,0.00335256189508986,-0.0102901310918151,-0.00663606800653985,-0.0139591123819071,0.00339818085934754,0.00339027749627048,-0.0100174153286706
2329,-0.00785281696939664,-0.00729502072827015,0.0196189597841489,0.00299267981718762,0.00393913550768308,0.00170980811684306,-0.00647298596764146,-0.00729973316166285,0.000919129603588349,-0.00254202294522174,-0.00609978431485775,0.00231721946590322
2330,-0.0163198278896055,0.00969118794934028,0.0174261874203119,0.0159621482608947,0.0257668616477186,-0.0140589778480084,-0.0249635301354446,-0.0067808069151986,0.00465657277586839,-0.012954063781257,-0.00213025752407024,0.015174764883063
2331,-0.011428742570855,0.00271082173696912,0.0194212906587413,0.0250525159846418,-0.00216196500544706,0.00806180600289221,0.00960337609633773,-0.00601367115494111,-0.0112136705326708,-0.00288914504326185,-0.000888407814722104,-0.00122799048280761
2332,-0.0131453992126178,0.0147927235699449,0.00747208351147317,0.0170616195311665,0.0123988783541579,0.0210157248250024,-0.0125611142780269,0.0118664474530418,0.0165825945226023,0.0116085209826529,0.0160018765756416,-0.00545162540379865
2333,-0.02188340011108,0.0079028396981778,-0.000502974070429546,0.0356096928016865,0.0227444988825803,-0.00172619153497898,0.0126099231177533,0.000462507169606422,0.0200177318069438,-0.0183391547973619,-0.0228488645872942,-0.00821325390819234
2334,-0.0221172731916702,0.0112855461518585,-0.00205863567536718,0.0330996178904802,0.0219678156361432,-0.0142755808628248,0.00832364831811759,0.0142623335294013,0.0403260073904433,0.000940291400707993,-0.0205246578149628,-0.0015478181395944
2335,-0.0257184021852975,0.0116814085942517,-0.0188797604434679,0.0380464300604191,0.0212788671452985,0.0107233830982432,0.00167972665064409,-0.0248151369217116,0.0228727514807936,-0.0598680629263977,-0.0117722419718065,0.0184952241291221
2336,-0.0171572694545005,0.00889706503750537,0.0128992058499887,0.0344552097402898,0.0239951981057049,0.00109332466679727,0.0122775247935591,-0.0208014827721283,0.0257995457867993,-0.0101900484658209,-0.00639338119637244,-0.00266232286985891
2337,-0.0166335815287869,0.017633118348801,0.0122537809833334,0.0245725810810963,0.0158011660451114,-0.0038393763373224,0.00995738506622377,-0.0252628181959357,0.0284202827652818,-0.000673923320153272,-0.00820677681756613,0.0140333870181392
2338,-0.0167754380935526,0.0123310258270823,0.0122793485974688,0.0359558115792606,0.0226385722265335,-0.00634190018469384,0.0126524783228919,-0.0131914553311519,0.0216443404127542,-0.0115602634604104,-0.00934707524053881,0.00624299822615521
2339,-0.0187453601670762,0.0125931201016355,0.00942046465753101,0.0304642652158844,0.0172750968248268,-0.00274775830079606,0.0153972938361623,-0.0220605489941512,0.0209712361598484,-0.0181354964296858,-0.0143880512649082,0.00642874050377981
2340,-0.0050350126479049,0.000770143222351475,0.014259275310823,0.00404238582681881,0.0116511772487442,0.00850365710010441,-0.0188823452520005,0.000198405649755456,0.000611751922681902,0.00924011222494608,-0.00391222040950622,0.00479232933438641
2341,-0.0133914682226369,0.00104004203235098,0.02401359384153,0.0101869385298352,0.0186803112152403,0.00200193085295643,-0.0130613472322829,-0.0132037191601005,0.00489251989770451,0.00363253792607116,0.00245223727510293,-0.00165371205338876
2342,-0.00624158944736008,-0.00606941997132048,0.0129503408114587,0.00441022383729898,0.00251810788380867,0.00545025088402751,0.00191952809633258,-0.0127837056831072,-0.00836453160764961,-0.00273946577003444,-0.00437448450129675,0.00522438609190189
2343,-0.00633671638381485,-0.000204279667918761,0.0172797039820925,-0.00219026984030007,0.00766976129695051,0.00083096576510174,-0.0067687635028248,-0.0129152132368942,-0.00206302235297793,0.00208196378680974,4.39616368761535e-05,-0.0024273779019264
2344,-0.00378874464531572,-0.013154661494733,0.00907885171931388,0.00433807040841336,-0.00771320632276701,0.0226827902937438,-0.0023049881320148,0.00312682038961636,-0.00996433892949027,-0.011157119524293,-0.00417692439422397,0.000750823794702366
2345,-0.0225736183828209,0.0145711108196096,-0.00220877971785904,-0.0213398614801702,-0.00679119695429072,-0.012477067690522,-0.000846845502244638,0.0120208564736448,-0.0299880656036786,0.0212632774982916,-0.0148733506514555,-0.0509579255912637
2346,-0.0158183919919115,0.00574130499908238,0.0173081486713617,0.0239045378530421,-0.01298691687145,-0.00379297450766415,-0.0106927632893562,0.043250340808873,-0.0225177565097038,0.00361730395991836,0.00237841955984819,-9.91072208708218e-05
2347,-0.0215372826417293,0.0276834336521559,-0.00594307126463697,-0.00336530326338096,-0.0294393961251368,0.0426032547049457,-0.0135847031050785,-0.0133429524766725,-0.00738421412989823,0.0280577939780983,-0.00433905259228149,-0.00456090618197564
2348,-0.0262449275608515,0.0111028996495711,-0.0206218617193232,0.0151916066498298,-0.0325345946883895,-0.0162802173019181,0.00845813117877309,0.0368289316726191,-0.0111874538560952,0.00396936883118774,0.0324688435341289,-0.0145035827700796
2349,-0.00173824056741946,-0.0045581766480896,0.00440022940279284,0.00199560378206643,-0.00394561805761307,0.00134511350285525,0.000724752033728047,-0.000549143689726952,-0.000290278004887215,-0.004201881787281,-0.0035974484537975,9.28093324301447e-05
2350,-0.00374054128276183,-0.0109305998258695,0.00803132768194183,-0.0044870340894646,-0.00887976563924255,0.00276135587918624,-0.0114599869218376,0.000502297458502771,-0.00200235653565118,-0.00622854897523221,0.00307646636404525,0.0116670590379693
2351,-0.00383315285785911,-0.00707152298887807,0.0139354806037684,-0.00120324700547508,-0.00902431345291752,0.00737892887259988,0.00139179226201231,-0.00306338164193405,-0.000546195868548055,0.000154491027930705,-0.0127203642037281,0.0155717187711979
2352,-0.017020949661313,0.0195322607164064,0.00396576555891344,-0.0271210041052107,-0.0159308719682642,0.0354876310011316,-0.0152947772404278,-0.0140216399667081,0.0102189002465068,0.0327442638799135,0.0101074779930798,-0.00483997484568175
2353,-0.00886720544435993,0.0145739508981487,0.0232988640648103,0.0187970024858463,-0.00960547524967171,0.0161815782762791,-0.00497002142314567,-0.0122307323394508,0.00787810558755183,0.00179234305511492,0.0042952973508368,-0.00705674293713144
2354,-0.0117751194964805,0.0162733762667111,0.0181776452175102,0.000357188966909139,0.00728567760530751,0.0175052969133017,0.0119430420677793,0.0349535163279693,0.0142828649842078,0.00325068913309122,-0.0123913542424605,0.0287931241203118
2355,-0.018100681910097,-0.0116159761055027,0.0110700409574361,0.0323368788339755,0.0127632901636031,0.019395956615122,-0.0114508758861781,-0.0299824357947825,0.00929338904880356,-0.0207257535414055,-0.0282613370107311,-0.0173970023361918
2356,-0.0165609243445826,-0.0207175822580213,0.00506190458700101,0.0193138717509691,-0.00869273607274574,-0.0344714127394994,-0.012979807079278,-0.0071779804636414,0.0155276926046645,0.00647457693177929,-0.000197313005566429,0.000478786528802025
2357,-0.00673459494400888,0.00388526546245295,0.0262571679649064,0.00108766235583088,-0.0102583636591083,0.00102882145413544,0.00483568891533415,-0.00653516215482644,-0.00467009845141881,-0.00112878063821628,-0.00109714296051997,0.00610757664616482
2358,-0.0171220860582821,-0.00677850037842647,0.00868525401214728,0.0432913856213981,0.0158673209460168,0.0222628213037439,0.000659731400465874,-0.0114228928655443,0.0266453788044401,0.017873286345234,-0.0322355568778441,-0.012006635982542
2359,-0.0150747690598157,-0.00372841553407638,0.0170250732750688,0.0437525337304938,0.017936117845861,0.0204102309918401,-0.00414680889605322,-0.00201273558473528,0.0304461054788953,0.00181456729191117,-0.0288222548026712,-0.00340094972136983
2360,-0.00901063481022067,0.0129945164711473,0.0145877314158867,-0.00936736313375976,-0.0015786853972331,0.0273181771465,0.00239767914456685,-0.0110349381366711,0.00371592559273135,0.0319944147363585,0.0170842157008022,0.00199785081251409
2361,-0.000930673794955362,-0.000261169950690952,0.0036992708710895,-0.000483718187776415,-0.00201435557073871,0.00404079488241751,0.00207307838956406,-0.000140189460923294,-0.00130599415077408,-0.00274692806593182,-0.00141698032206258,-0.00352610303934087
2362,-0.00269909061908226,-0.00754893558953773,0.00540950651684749,0.00496374019916583,-0.0082109304759644,0.00702260097303856,-0.00685041596451115,0.0133096843088716,-0.0117869212063399,-0.0123386873839822,0.0135235534510702,-0.0183248089658001
2363,-0.0141183299396956,0.0137194539400248,0.0202657376708197,-0.0298259695566918,-0.0157886889399115,0.00537678576561005,-0.000651231753044311,0.0123513823131367,-0.00480280788104876,0.00664306140449214,-0.0108232230560512,-0.00249595338428908
2364,-0.00664440155483612,0.000702861640919188,0.020907753306888,-0.0133082149389377,0.00637330957612156,0.0109521126846088,0.0064632678660389,0.000630170035822198,0.0106056700425627,0.00201225007584384,0.0200021003060591,0.00560017828834493
2365,-0.016267691542176,0.00723129032764273,0.00991396579781468,0.0346041561664721,-0.0356754065444152,0.0239235041901899,-0.0191950704799593,-0.00477571549439655,0.0300623700004667,0.000317088068909373,0.0108048793309944,-0.0022515674374746
2366,-0.0145837321613035,0.00808388951177582,0.0255435143418667,0.00192480234505512,-0.0105708179048496,-0.0147696514237005,-0.0214503609020796,0.0161543573165393,-0.0105861093415516,-0.00543341465717293,-0.0048305274423833,-0.00874744083019662
2367,-0.00375450470522336,-0.00948780552919273,0.0076004302916664,-0.0109529400868072,-0.00204024339188966,0.00781946662000037,0.0115582942753327,0.000985916006154652,0.0108182661081507,0.0031573036752617,0.00468252393953244,0.00246402992173656
2368,-0.000936475778705116,-0.00182458314623776,0.00336288937743439,0.00042217519306241,-0.000105739966534715,-0.000268148640477629,0.000133255730892052,-7.71285662087329e-05,0.00181400306545689,-0.00152451867759068,-0.00221458742068777,0.00114287887775097
2369,-0.0225049977486881,-0.00532385978917005,0.00471844895428423,-0.029722033962365,0.0435677119099899,0.012635812836852,0.00719153137201896,-0.0132153543921523,0.0187432434244058,-0.0197927988439071,0.00253176807224686,0.00172222986025248
2370,-0.00919145949302064,0.000191676094854657,0.0211657718880994,-0.0115504605546888,0.00240256111318966,0.0160659940883108,0.020464340598592,-0.0100056771797373,-0.00289348520864236,-0.011411001019944,0.0225715261748957,-0.0101430123586255
2371,-0.0192061257068062,0.00813363069607619,0.00972817704365049,-0.0197942055388235,-0.0187365167434634,-0.0174634436268747,0.0077193268204671,-0.0059615735081455,-0.0182503744347761,0.0153703042916659,-0.0182239466705354,-0.00696788933792191
2372,-0.0128066711746415,0.0197761048041461,0.00655692432538151,0.00288387096820718,-0.0133002934537151,0.0136047871041496,-0.0019257626744315,0.0133586342950267,0.0149857489806284,0.0163914183187286,0.00920963051127312,0.00265733754354764
2373,-0.00531498959466492,-0.00840596626206107,0.0125891205290953,-0.00249960453608064,-0.00409401865664572,-0.00157979392662337,-0.00904353744413681,0.00133063150371088,-0.00857448987188481,0.00839059624151638,-0.00689993858672631,0.0130456309293409
2374,-0.0156110222377434,-0.0209481248823656,0.0115923848363159,-0.0341316734078023,-0.00675511953617479,-0.00529389856193928,-0.0173387928449632,-0.00285821539953383,0.0022108449125175,-0.0153491885895542,-0.00958133069518207,0.0232354098322021
2375,-0.0316017691987064,0.034109081261575,-0.0352567267565595,0.0160091176762509,-0.0186554299542399,0.0244744829587947,0.00348636495959592,0.0468868146966288,-0.00342514178661652,-0.0644380266441665,0.00405956311949792,0.0503021681684541
2376,-0.0230359589819379,0.0253562578473692,-0.0101759309906898,-0.0274220812513936,-0.0253575905389146,0.0298306370986954,0.0177268645121215,-0.000724329721014067,-0.0269536060571073,0.0187166920037028,0.00626440089391682,0.037387245503206
2377,-0.011290468451914,-0.0214128918407801,0.0121190361085085,-0.0172812813831773,-0.0143368073418417,0.00941316364621677,-0.0135769530057629,0.00315418846116247,0.00717060376795365,-0.00932501677344854,-0.00197619406291624,0.00863900815103335
2378,-0.0148960806646635,0.021315939001022,0.0126005227184049,-0.0128601269827293,-0.0105233590019639,0.0306788784862962,0.000464245427495093,-0.0162118208746814,0.00991029232866397,0.0334229111506054,0.00845246962151279,-0.0214928057884758
2379,-0.0188394313764017,-0.0337388223180861,-0.0229867938958148,-0.00180297973768969,-0.0392641280167865,0.0127706062686198,-0.000207374698012552,-0.00693281888869441,0.0100189559417002,0.00138191273089139,0.0154550199627646,-0.000424402460618065
2380,-0.00123740857867896,-0.00453095118179563,0.00269553497146221,0.00108544136032216,-0.00231762212231296,0.00166577662309578,-0.00445313563324472,-0.000635975268902686,-0.00098644444262079,0.000391495549324897,0.00546322968031827,0.00322200867689005
2381,-0.00961190759686479,-0.0191524771304123,0.0165362404488266,-0.00459052841857832,-0.00698709927373584,0.00701132175642859,-0.00668194312386313,0.00246724513538919,-0.00612471898221315,-0.0157643796132937,0.00694594214234391,0.00822456963009103
2382,-0.00208120826700509,-0.0026528197807174,0.005002793537139,0.00465319706823905,0.00293012503518242,0.00692528757487829,-0.00157784057153982,0.00322569871516449,0.00100324301366123,-0.00706476657359323,-0.00238145398219021,0.0063370140844683
2383,-0.000880217473344113,-0.00293400738014476,0.00138339997816183,0.00109847851140857,-0.00323711891272592,0.00458533664559446,-0.00158343832087866,0.0071034897137638,-0.00623912274689167,-0.00715812238191661,0.00697410578681349,-0.0120626998315677
2384,-0.0272412780111715,0.0167367044339564,-0.023752107986062,0.00619772040183182,-0.035465655964648,0.023889617616633,-0.00752774308387206,-0.0114361659487384,-0.0139833278774333,0.014582234824418,-0.0132139642290698,-0.0422618453930353
2385,-0.0213048791167938,0.0202682738285803,-0.00244517768687022,-0.0308280293730533,-0.0054899007623727,0.040279093294962,0.00632842903305013,-0.0129141145291885,-0.00786354310402876,0.0142478725741847,0.00336127259186803,-0.0208057370499385
2386,-0.0126417855901535,0.00898430388461569,0.0238751268569477,0.0139978964305966,-0.0145698512310712,-0.00554822326989161,0.00674942566259527,0.0329794019536051,-0.025012562560714,-5.2237599512377e-05,0.0109076348813013,0.0103169503164397
2387,-0.020684961241355,-0.0206976332935058,-0.00830619925994808,-0.0178660668276038,0.000125453585212475,-0.00910410528394712,0.00431009627409615,0.0178219099739235,-0.00627926149150771,0.0193706278783139,-0.0098797832942019,-0.00648786725273644
2388,-0.000864059326444726,-0.000162340021545369,0.00338526200137832,-0.00101796421122609,-0.000591494067682573,0.00128041725478495,-0.000348548804590714,0.00410467502189405,-0.0107646968928837,-0.00295013456802663,0.00630815617711401,0.00879210387542128
2389,-0.0129258142340406,-0.0234514511945733,-0.00428146976807608,-0.00803854097074513,-0.0404659996149564,0.0286951941567115,-0.00691746212216443,0.0102197322969591,0.0182365309349113,-0.00459058662192839,0.00608596361758404,-0.0033371181001581
2390,-0.00641892062349113,-0.00486791953996922,0.0202800489887056,0.00450918362405032,-0.0163843816714654,0.00821648583281731,-0.00875433720746273,0.000823661905266604,-0.00305839933695269,0.00259401000476175,-0.00729982103617393,0.00353966959547615
2391,-0.014095486440397,0.00976542065573604,0.0229286970824437,0.00324321437397476,-0.0157375793770845,-0.0106660131228173,0.00734401271068618,-0.000958581842053423,-0.0196715907634104,0.00487541148674072,-0.00151214283254867,-0.00365283257597839
2392,-0.01186459774896,-0.0126722808741175,0.01491666460773,-0.0050494344429562,-0.0175258897911189,-0.0111058725470295,-0.0023862593356421,0.00813735332943003,-0.00468215720497587,-0.00335956350427749,0.0067426838880039,0.00901472522762386
2393,-0.0100910510752561,-0.0169954842111791,0.0192996512566139,-0.000333744923802145,-0.0215761085049469,0.00253287157761056,0.000667638464353398,0.0107568990387648,0.000878078699542432,-0.00906597930948626,-0.00231785046686582,0.00277191966619493
2394,-0.000377650656884523,-0.000746268924858164,-0.000632514230619566,-0.000745053935851051,-0.00232946942620616,0.00627013854580369,-0.00130876426318329,-7.14174924326174e-05,-0.00177651206094794,0.000854888851094707,0.000588051818134875,0.00437436498260589
2396,-0.0122264623440784,-0.0248031645288416,0.000602069247920596,0.00778810720717104,-0.00948984314708862,-0.00873894927857403,0.0121610428360783,-0.0041748176556948,-0.0184397683600965,-0.00124048713441216,-0.000766171148893725,-0.00487577369804961
2397,-0.0129583108697147,-0.0238882121357966,0.00792121881511577,0.00568916375000046,-0.0180447254845982,0.0149775467781808,-0.0137110145607427,0.0025528456282094,0.0103998400180973,-0.0210313314067577,-0.0117248248608656,0.00550862891386159
2398,-0.0188934362668984,-0.00266071430690878,0.00825893953476357,0.00705732085363462,-0.0411568550632829,-0.0279378087043971,0.0208918456077893,0.0166515808883841,0.00827213745156363,0.0174348814347937,0.0279178458712266,0.00317605141798623
2399,-0.0102408145144997,0.0108346041606224,0.0285167098626223,-0.00650592178949295,-0.0198382580706383,-0.00883109773956432,0.00364411762190275,-0.0107211923981577,-0.015680582974545,-0.000842915565826843,-0.00327029183877597,-0.00681687008800604
2400,-0.0214361186388096,0.0163829411524105,-0.00768313244595732,-0.0113318275356187,-0.0131780467990153,0.0250768956996126,-0.00782884537526694,0.000123932701361542,0.0216937239932401,0.0537591504220384,0.0136277432701136,-0.00174536084159397
2401,-0.028130262219592,-0.000371199793288806,-0.0396552715205442,0.00696048308922484,-0.0406687188462848,0.025045541130755,0.00404451149545399,-0.0596078263721813,0.00531685766633206,0.039799727136647,-0.0385871728610815,-0.0633331381522931
2402,-0.0205667463881796,0.00260079707716761,-0.0127960118839886,0.0274238688281189,-0.0396649046137743,0.0340057322522926,0.0236352316706584,0.0152660983745581,0.0354137280386595,0.0122420890564756,-0.00566147972903996,-0.0154028514213564
2403,-0.000176181388301469,0.00038074371228823,-0.00186498104421758,-0.00104620562671907,-0.00101606283577791,-0.000898368998155263,0.000182224503149701,0.0003637625394521,-0.000325846381021674,-0.000890664726582945,-0.000718864874342269,-0.00186639426135222
2404,-0.0218831853425278,0.0347706015854843,-0.00409933595508963,-0.0141633245949643,0.00664262585059705,0.0354847358616987,-0.0300982079899371,0.0205972727653802,-0.0161760311512723,0.0428524881800863,-0.000457547954255889,0.0253478925150621
2405,-0.0142630124792087,0.0205630263434394,0.0174046906245831,0.026605307843616,-0.0328854557228167,0.0289641813504235,0.0224796576626073,-0.00604456683899475,-0.0159637259410327,-0.00375939568215581,-0.0058288256563633,-0.00729457813856814
2406,-0.0160202016915166,-0.0199239814093475,0.00389879975544093,-0.0224568357570353,-0.0375863106765976,0.0256185747004912,0.00581363423147627,-0.0102136188797607,0.0212979988728027,0.00707778254353003,0.00474432293717001,0.0231895650483603
2407,-0.00148276785477886,0.00195787753401462,0.00530501479516492,0.00485439537979187,-0.00400968044144964,-0.000771570905231755,0.000149017622181615,-0.00416194174773068,-0.00530771335416554,-0.00203626492580659,0.00158123412687402,0.00804310205305181
2408,-0.01636589606778,-0.0349390600872457,-0.00167485916582022,-0.0145346412403119,-0.00926208047746538,0.012458492956815,-0.0152022406620536,0.00860580676526488,0.00390371919101362,-0.00878487087565385,0.000120243534904665,0.00684720069921958
2409,-0.0114323847823048,-0.0322294579360059,0.0069435712625552,-0.0145565360445757,-0.0220314705746035,0.00304727179294031,-0.00838152524044053,0.00843189096362184,-0.0030745573429657,-0.0149277585161958,0.00220141952603463,0.000714311778611617
2410,-0.017617902001862,-0.0288763472438852,0.0014005966414907,-0.0241929865381334,-0.0183388633958185,-0.00592280231942633,-0.00572057592513171,0.00402502803894675,0.00994417485266053,-0.00608637338081513,-0.0019370432235467,-0.00764889007851765
2411,-0.0176202460828855,-0.0364443956915073,-0.000888602295588249,-0.00647860107786308,0.0187564537162943,0.00954343005142096,-0.0138563702620521,-0.0197308952852342,-0.00260564583974357,-0.000157146360468808,0.00570620088779048,-0.0173613772595773
2412,-0.0173649672491268,0.00508107120308213,0.0138113553522047,0.0275521231004693,0.0114247454033811,0.00976299021304087,0.00584775290058769,0.00763775183698729,0.00163859069480056,0.00113894279265044,-0.0310072844451389,-0.0161231087829774
2413,-0.00706387372484863,-0.00101937576157971,0.0171427097644694,0.0187944896357252,-0.00784541166327383,0.00622668409116409,-0.00141082313535605,-0.00504979309966783,0.00554611504409169,-0.00647090709781346,-0.000337222777777124,0.00604993227030284
2414,-0.0157528971143903,0.0177923172054907,0.0217511881167533,0.0172842040392344,0.0132965386019683,-0.000544088232557227,0.0135216243821967,0.0116881742887926,0.0173957263358942,-0.00486768723745453,-0.0134247166763044,0.0108646497389148
2415,-0.0177199260102862,0.0102042017558376,0.00334673399203903,-0.0029587223456998,-0.00123809252554769,0.00209920227758383,0.020974733826363,0.026073664550915,-0.00198689768989695,0.0162877364063995,-0.0235155908607039,0.00613844676574495
2416,-0.0221701407323151,0.0291435287608184,0.00293674495753966,0.0168197809710185,0.00839023786579885,0.056779131733538,0.00649620375309774,0.0426287494238975,-0.0253182595843069,-0.00388432068648804,-0.0257278354941164,0.00317483582076346
2417,-0.0138283973992172,-0.0199318476511776,0.00896549792942074,-0.0243518789123879,-0.0128824179554696,-0.0139190447643083,0.0263610832020267,-0.0023541440147959,-0.0181012325318452,-0.00485062720364227,-0.00323508037551161,0.00717984201451016
2418,-0.000706841750414072,-0.00278239103734015,0.00151129099643064,-0.00094775117096467,-0.000351152038473326,0.000962397568896032,0.00111451070234235,-0.00128447592646349,0.00273011048794335,-0.00154184174404225,-0.0041656933324075,0.00248252019862413
2419,-0.0101262393536056,-0.0229278871049865,0.0112341500146576,-0.0131980578914658,-0.011674156494368,-0.00583542151884231,-0.0123792578840549,0.0104851656593504,0.00954322562610425,-0.00157136091397428,0.000880443828838207,0.00925499891669551
2420,-0.0152739446030522,-0.0208797041433759,0.00918904491234215,-0.017961548886859,-0.017705299204314,0.00263819356909318,-0.0031746213133353,0.0104622741792229,0.0109362372347738,-0.0115788903867484,0.00249136779309431,0.00351309729179652
2421,-0.0230424531436002,0.00695167789747807,-0.0159443548476049,-0.0111511052103909,0.00217268617838258,0.029940532021634,0.0149737594791358,0.00902411630411318,0.0325574805965315,0.02181586395455,0.0331162095484966,0.0199351869340792
2422,-0.00181331614272882,-0.00393484354657387,0.00240661887288075,0.0042061137116856,-0.00595640527189619,0.0086171929275791,0.0068457151119368,0.00543536143712847,-0.00349089373003147,-0.000577785690322746,-0.00167939226316201,0.00759279584889499
2423,-0.0182512386068262,-0.0295465050780838,-0.0150318677253159,0.00333601224452746,-0.0275062174339116,0.0153357172043192,-0.00442806143412302,0.0297607872110447,-0.00918622955216861,-0.00152844552579848,-0.0154564484133529,0.0216250879765503
2424,-0.0122034232686443,0.00811883135010969,0.0219677944319017,0.0242439863311802,-0.0151526142364738,0.000873189481538208,-0.00255127815208878,0.0293727783638142,-0.0250640640581444,-0.00901241597451225,0.00977143152852933,0.00866579791761514
2425,-0.0105092005487938,-0.0201943077706283,0.0102459551481769,-0.00381508966908623,-0.0153835328949908,0.0200160011814823,-0.00297440838257342,-0.00268045509394393,0.00421311793433149,-0.0142085723952501,-0.0210377955190035,0.0198744413572748
2426,-0.0042729090543028,-0.00541115368908495,0.00714822353719645,-0.00698423384586815,-0.00620249070509954,0.00155302688890391,-0.0191569246660412,0.00727858207055268,-0.00429364599142006,-0.0138475523675671,0.00459482243363928,0.00503348206941773
2427,-0.0248296981698589,0.0390468965460881,-0.0178772293502842,-0.0029012954246162,0.013863915087453,0.039928028684745,-0.0170370875013006,0.0242357557893158,0.00378790974900139,-0.0373164303626175,0.106877524545243,0.0864709701276093
2428,-0.0153977654036058,0.0047666000059434,0.00700907266167865,-0.0261134098242644,-0.00478704814868434,0.0268089658553889,0.00368735205160699,0.00539785599151628,0.000428048579522242,0.0193868938669075,0.00609604313273542,-0.0062618920526582
2429,-0.0101326341305498,-0.0280809315427725,-0.00500710575682782,0.00147811198233228,-0.0305161950226304,0.0328590055983445,-0.0132192130442045,-0.00062587835998122,0.0096557768762872,-0.00604725558529694,0.0210342327975197,0.00492736318015665
2430,-0.000700821748386985,-0.00285885132919015,0.000396278755843154,0.000308487316908485,-0.00328957488199663,-0.000415499456174743,-0.000668504713248642,0.0018448485653003,0.000586459402425388,-0.00107700690904269,-0.000724771463980348,-0.00103022334999836
2431,-0.00412101032581991,-0.0190951729311879,-0.00478484083001358,0.0136788995059405,0.00505728864626426,-0.00728747581820405,0.00636869253705367,0.00574591868757185,-0.000220525586287413,-0.00733677499419065,0.00648903487090527,-0.00118175053936426
2432,-0.0185670020459829,-0.00503365835703239,0.0129350121518006,0.0224787153187858,0.0239142230843055,0.0307832900230835,0.00889039935998916,-0.00319424501065177,0.0206723936534089,-0.0180988728393591,0.00408935260464417,-0.0301324212865487
2433,-0.0138276673253969,0.00277178543895811,0.0253479194665411,0.0260074113761753,0.0179357415530103,0.0257844992390136,-0.00154530098865848,-0.0162590822994143,0.00759045608320716,-0.00614972720924866,0.00903761907247547,-0.017862895423401
2434,-0.00785355008803006,-0.00247635848142023,0.0136521762189286,0.0271351381954586,0.0163987270829597,0.0234788315596487,-0.00990342238321654,-0.019802964355952,0.00915726325597527,0.00333027763945484,0.00256116336880416,-0.0130010338039246
2435,-0.00372759008029958,-0.00687044841136204,0.00924174993026593,0.00892130954014747,0.00726571935211124,0.0167268723205761,-0.00606217922733071,-0.00919715083417365,-0.002811812831461,-0.000722021269453002,0.00225883464224829,-0.00948977078295908
2436,-0.00758264498773958,-0.011858572102695,0.0153023880488865,0.0196663901485537,0.0132242095126332,0.0182019976315842,-0.012681142554703,0.00156971842026521,-0.00380305291086738,-0.00459802849926858,0.00893321554629568,-0.00609590798089028
2437,-0.0083022910531409,-0.00509148055148829,0.0229306150425012,0.0218701292110161,0.0122812408942145,0.0204738519893353,-0.00527498253806057,-0.00884644299122721,0.001533492801,0.00402615447960247,0.00652994250430535,-0.00566423640256454
2438,-0.0154270898123825,-0.00736400659537436,0.016049903601038,0.00274563901700072,-0.00767264897871561,-0.00734128453292186,-0.00339220825247668,-0.0388846107951649,0.0281402745480249,-0.000512127979823459,-0.00752498358428199,0.00818376969501943
2439,-0.0246930503086056,0.0178215976284189,-0.00896003129375154,0.00262048663148359,0.0264771101227504,-0.00308480107393345,0.0221666816486158,-0.0105900529325927,-0.00797822384833159,-0.0670041279203616,-0.0274951556762794,0.0349821706323453
2440,-0.0210398657331636,0.0174820725994585,0.000863997544913249,0.00971211654867101,0.0160214606593938,-0.0108855963106529,0.025691347206356,-0.00974682321711788,-0.0128158784787913,-0.0489230792245921,-0.0229566993152601,0.0287782405093084
2441,-0.0138918696524263,0.0175840906051954,0.0201125087820339,-0.00300165543429259,0.0153094617335171,-0.000511196154332582,0.017133532433794,0.000164687218886123,0.0285046012353763,0.00641878116810065,-0.00916496546917844,0.0137787174304489
2442,-0.010414723239967,0.0195141504395216,0.0229833687791973,0.00105133549323402,0.0160140515624684,0.00596513635748537,0.00130663642791506,0.00644911003545483,0.0145482413517945,0.015233504287848,-0.00323547770354508,0.020320394926674
2443,-0.0197665998970814,-0.0143233845888721,0.00801456688736797,0.0395772204147983,0.0298455658703934,0.0222856326802298,0.00514291381069834,-0.023636951289969,0.0193249353849963,-0.0161475836058058,0.0204194761170178,-0.0113582777470312
2444,-0.0148237722946888,-0.00960153146029317,0.0185202821218184,0.0291359605136011,0.0233130619321892,0.00936455306016892,0.00404772990570879,-0.0138192727093105,0.0238319736514527,-0.00711929454873803,0.0164865087357226,-0.00919299690908658
2445,-0.00880649160361432,-0.0109592370721637,0.0208707597533828,0.0249060686858285,0.0142737710550536,0.0221958093127657,0.00430358724987144,-0.0205986471960788,0.000204461694177678,0.00226348640179483,0.00527272001003821,-0.0115121510505281
2446,-0.0104205909412256,-0.01105582486007,0.0201906574829978,0.0323087325429513,0.013227708900364,0.0220534367938535,-0.00390934239020116,-0.0152807283932019,-0.0025367451848119,-0.004468515810971,-0.00217569469447564,-0.00878030439416849
2447,-0.0225910034157064,-0.017915148101742,-0.00724101195934333,0.0344937436536423,0.0314910353721937,0.0285705882257946,0.0059517380206569,-0.0288546835582303,0.00945001546265818,-0.0163852667005477,0.0194005727417271,0.00588726365415405
2448,-0.0132102873413725,-0.0168424731032328,0.01822160926835,0.0287091920211545,0.0195834313216446,0.0261611223066398,-0.000659149692864168,-0.0228741873720271,0.00366197056722314,-0.0063160236043447,0.00245044796030966,-0.00985837302179719
2449,-0.00838015698669438,-0.0107746258616759,0.0224955540360589,0.0204431727546659,0.00972661839230127,0.0193189389611418,-0.000226715288691705,-0.0158914542187585,-0.00419996444451085,-0.00112107323879148,0.00424020190901464,-0.00930789652125915
2450,-0.0134339801523955,-0.00838408834009488,0.0171041128510886,0.0292804617291308,0.0219716647689857,0.0232480391815281,-0.0032375965579308,-0.0296664244885018,0.00308002357134073,-0.00485811138229061,0.0112391811802887,0.00353119538356065
2451,-0.0104914797203724,-0.0103249156147276,0.0221639493248924,0.0268857653662925,0.0185560340133257,0.0165158439558141,-0.00194815818878354,-0.0309755512737114,-0.00203063752108016,0.00395300017139874,0.00921433208246258,-0.0109184992177989
2452,-0.0094105617636475,-0.0128081286462083,0.0156222389660469,0.0273520738011856,0.0187435451878617,0.0195122406629418,-0.00538436741331557,-0.0185000874809633,0.00089592816917314,-0.00674617112757221,0.00414841748502567,-0.0073577680951145
2453,-0.0166014631783649,-0.0136347539950368,0.0158225719161657,0.0376961636967116,0.0335835835258241,0.0196481197491155,0.00162951543650522,-0.0329511504495766,0.0148092520553591,-0.00676259497131994,0.012291686780359,-0.00675605837600717
2454,-0.00589157740212025,7.37428102211844e-05,0.0162600762999018,0.0163094933663376,-0.000121109740588536,0.00428967224720721,-0.0111991321579216,-0.0278912710073373,0.0123919173494429,0.00622873705464514,0.00677896195146285,0.00395724719567096
2455,-0.00941037577097241,-0.00335780782157895,0.0266028789867716,0.0276214447721159,0.0175772155540885,0.0237126183191835,0.00595258236831496,-0.00384902014035554,0.00883528057576899,0.00627447281295117,-0.0072624850773171,-0.00768393770030598
2456,-0.0234415970136402,0.000522347534393339,-0.023846859824497,0.0132200531250121,0.00543845220271351,0.0458722531608135,0.0400314456500462,-0.0438914730948457,0.0723480973953596,0.085092574525404,-0.0775167342627086,0.0814273563006083
2457,-0.00541937566114322,-0.00695307121338404,0.0169430686211907,0.0159750213559173,0.012023226002863,0.0164545633557797,-0.00489126649380161,0.00490065111492785,-0.0031612745259667,0.00309089371274377,-0.00344865033346901,-0.00642610593068604
2458,-0.0107398471775453,-0.0118168760444079,0.0174648732278866,0.00971007181955632,0.000231052149535306,-0.00537935865539598,0.0103050578656941,-0.00114472339336546,-0.0130132883355337,6.74819749145392e-05,-0.0165041950461231,0.00453880305575283
2459,-0.0175469948904827,-0.0163796965358567,0.0135242982243155,0.0417040110697515,0.0403282877704013,0.0297909407606969,-0.000672583550018408,-0.00132434337013429,0.00832252524582314,-0.012602988049203,0.00646763112445114,-0.0203199437986631
2460,-0.0133303739970175,-0.0106552758014801,0.0178812663732257,0.0353711018683677,0.0361966566936342,0.0352919993707024,0.0061105420703198,0.0107082220826887,0.00107330961416446,0.00426358599037431,-0.0133571784069389,-0.0164065132478898
2461,-0.0241211444680117,0.00467266619912125,-0.00837630885216151,0.0329132048024457,0.0469345688195803,0.0214820081493012,-0.00371636737405649,-0.00130327522546544,0.0404747839499472,-0.0102491333315705,-0.0207709973716216,-0.0152440091533073
2462,-0.0104215837497061,-0.00939814548165825,0.0201024361637652,0.0323171378976703,0.020895550200361,0.0314362934286355,0.00154728997188131,0.00296621303144747,0.00542178813571649,-0.0061794093025486,-0.00566815460054806,-0.0142239676121411
2463,-0.0240036989590566,-0.00674108415227791,-0.0113438455730268,0.041958420521892,0.0353243828582495,0.0290635919475342,0.00378708761041207,0.00467408587162192,0.0160736463884704,-0.027249970142732,-0.0120884695329572,-0.041787193650893
2464,-0.0125839856669613,-0.00794137608935677,0.0212712607056314,0.0371642981151019,0.0324874182356179,0.0288398190328999,0.00945580676956217,0.014904256983354,0.0166987438076921,0.00331307439511487,-0.0110112121488137,-0.0199367365291816
2465,-0.00766850455995215,-0.0142320699071454,0.00701207871674131,0.0311160056461879,0.0129435717365683,0.0231335885104825,0.00904532279070613,-0.000311159801418156,0.00239383661491267,0.00584625391343271,-0.00527030876035571,-0.0163543000962375
2466,-0.0092608403767523,-0.00538721779995366,0.0193716252822199,0.0266926360233634,0.0284933211605698,0.0239328576515272,0.00182681249449155,-0.00292778934505796,0.000295661150942827,0.00190348308959509,0.00173941605264498,-0.024673969955765
2467,-0.0137218912999295,0.0101234935377383,0.0188666795871175,0.0211384038287415,0.00202413256373056,0.0077727810002243,0.0180370463058199,-0.0140751306474162,0.00962598416826814,-0.00112600444698045,-0.0262326928635894,0.00420468708352512
2468,-0.0182040033060169,-0.000411469700007169,0.00840005831481442,0.0149199828667012,0.0387410645444932,0.0325139557992894,-0.0325141116930116,-0.00460517448764142,0.00288538482256222,0.0484363769007069,0.0292395726544626,-0.00392438719645983
2469,-0.0236275096930961,0.00351345802080857,-0.00570458884637635,0.00440886468063049,0.0286228854798739,0.0293621760241353,-0.0310262590293732,-0.0085471453684689,0.000604204120097459,0.0368883589884792,0.0354674287813541,-0.0116991804753137
2470,-0.0232620783319653,0.0152305432342565,-0.00174712548922204,-0.048096884994435,-0.000410413895336591,-0.00262849078564558,-0.004532864092531,7.06742702060814e-05,-0.0335013556905951,0.0132283604619633,-0.0323912916076434,0.0218460856111933
2471,-0.0216072476435841,0.0238397463090191,-0.00662000295034261,0.00791805424791638,0.00173234952972494,0.0168827002816823,0.00281234555936817,0.024067506520112,0.0238450808260543,0.0197629594101458,-0.0123239636871578,-0.0157824453452898
2472,-0.00429173761679845,-0.0164730854744684,0.00807959226743322,0.00541998625219534,-0.00658870388145338,0.0142107995389995,-0.00881609232278849,0.0110841686476445,-0.0160790165568764,-0.0205172074075316,0.00921039776658377,-0.0178182136936856
2473,-0.00710066077197851,-0.0151405431713905,0.00978409729330991,-0.00444701675452718,-0.0159113239982478,-0.0031934323993781,-0.00259963790567963,0.00500103436916887,0.00701144950255552,-0.00185276019835535,0.0033947256037986,0.0115748466593024
2474,-0.00469351403908124,-0.00846249739581134,0.0156209720293381,-0.00232906952401037,-0.00731575170221942,0.00819520620575112,0.00285972325447713,0.00733527520591994,-0.011239756506757,-0.00289508945702801,-0.00523257730785704,-0.000166134770359533
2475,-0.0193077956426963,0.0299426490997926,0.00448340592286544,-0.0089195680352864,-0.00637241496667395,0.018258120698941,-0.0196124906273363,-0.00713596837639028,0.0309728103359112,0.0330154224920876,0.0113782377762841,-0.0215987566028567
2476,-0.0220884435974102,-0.0264071527791635,-0.0233109343828635,-0.0142191809069071,-0.0183776374453733,-0.0105010300080846,0.00507463109341545,0.0206295782411943,-0.00662204279085086,0.0109898011994093,0.0239189943195135,-0.00767214908483225
2477,-0.00805933268357304,-0.00955130546798316,0.00758811303087482,0.000578189756101353,-0.0265345199323376,0.0104321113891077,0.00937816267729258,0.00721071243672511,0.00722414225682368,-0.00792393873953434,-0.0144641950770381,0.0107403949399619
2478,-0.000780532079510175,0.00148581601359449,-0.00180313998314388,0.00161484676613788,0.00133864237357237,0.000518746899343552,0.00136676563614978,0.00158219133165254,0.00681116095758767,0.00306769735319431,-0.00612004775327366,0.00231542921093633
2479,-0.0114847719193774,-0.0104344174029027,0.0181680209182301,0.0293456011512895,0.00469096395715784,0.0229578692408346,0.0133275160089,0.00908589840750323,0.00101541632654561,-0.00812034558572257,0.00782437385544438,-0.0124510018179949
2480,-0.0168971968008653,-0.0261932993943291,0.0105593953029176,-0.0046023299336631,-0.0256413062659005,-0.00329435740019703,-0.00935393804164088,0.0143202453421295,-0.000253787657568678,-0.0123504312162969,-0.0124524163262545,-0.00458214519274275
2481,-0.0232881212462506,0.0316061278074194,-0.0152148262242938,0.00819315407757945,-0.0303375335058651,0.00521470001271399,0.0249325419625319,-0.065313533081162,-0.0705272776149949,0.0792078142759185,0.0756416230057739,-0.0442193060779639
2482,-0.00215484566273838,-0.00666044489754131,0.00543585830796067,-0.00161035357936064,-0.00160309925044897,0.00431795822197735,-0.00715024154860056,0.00124581836072741,0.00272290734379244,-0.00268185841567021,-0.00026222837715013,0.00273026753320979
2483,-0.0281317564160512,0.00976657336181518,-0.0311892133152913,-0.0229169148346344,-0.0140660752532705,0.0116646775744944,-0.00222731333430124,0.0123716179674275,0.0202816760763305,0.00551553358357375,0.0399424462360404,0.00622771209457638
2484,-0.0240487386851458,0.0188006312950797,-0.00646749206586174,-0.0247159879944181,0.005556113492252,0.0188554932429506,0.0223470282099271,-0.00137596720188504,0.00426222310209855,-0.0368342877338178,0.0204489881870468,-0.0374138709479444
2485,-0.0212157591622848,0.0320023514131469,-0.004757576360853,-0.0165758593198555,0.00204061485165037,0.0287834817782867,-0.0519538149670766,-0.0139737322131825,0.00349765714508232,0.0638521697232429,0.017436051369034,0.00790185674760356
2486,-0.0113929121242937,-0.0230095817313012,0.00991585709044909,-0.00488551594232375,-0.0183270867360535,0.00467758097428178,0.00876940014528014,-0.00348083639921774,0.00328947012978766,-0.0139796575943905,-0.011239809979091,-0.00301792813546145
2487,-0.0243787810465217,0.00280874260023663,-0.0159775237693029,-0.0306529150442829,-0.0150829213284991,0.02684490185381,0.00839112624246141,0.0235395216905759,0.00285975406739717,0.021471415697554,0.0373344544527189,-0.0205872140620661
2488,-0.00760198513674513,-0.015849350490593,0.00587841491758315,0.000188626146139163,-0.00177816561424588,0.00234430565109065,-0.0123422163331042,0.00622472676285755,-0.00683141079689222,-0.00783829640339146,-0.00251384377695012,-0.0015883072228614
2489,-0.03041679756701,0.0103605073064479,-0.0373849350639148,0.00773591503994144,-0.0325148431163611,0.0237515523498407,0.00752861208360912,0.0157691457632532,0.0305085853146507,0.015990885278623,0.000238152238053559,0.0213506195430739
2490,-0.0229618186535458,-0.00714259115583048,-0.00609134816113188,-0.00340763759087307,-0.0259413053987384,0.0117486094401745,0.0304928145840993,0.00654458750081773,-0.00156480616560711,0.00688795198908881,0.00844864742561633,-0.0147142513790384
2491,-0.0198056591942343,0.0375795867790995,-0.00110643165415721,-0.00616221377459524,-0.0227885336815739,0.0203417133118763,0.000435212383309289,-0.0326876489885308,-0.0377633408264698,0.0538807126832781,0.0621768959342273,0.0116364825547734
2492,-0.00276731506098912,0.000499679929926796,0.00108657434061024,0.00413834760264605,-0.00606378824952719,-0.00196212705907536,-0.00988460924276825,-0.0194184080739529,-0.000477451939141686,0.00694767377813814,0.0101549840765271,0.00339480052100997
2493,-0.0172037264270762,-0.0190812041649074,0.00268529736714249,-0.00990623817281238,-0.0200878900426306,-0.00453952212314448,0.0181172627576367,0.00816582715352733,-0.0016970784797107,-0.0041859726736707,-0.00421092272458201,-0.00274957182202853
2494,-0.0115299344903703,-0.0305411136739313,0.00619412734265877,-0.00555987078243488,-0.0167558620579302,0.0131294153149184,0.00158720384305303,0.017760738642704,-0.00324021894702768,-0.0125553432792587,-0.00242144139033279,-0.0122256758143221
2495,-0.0217625009556196,0.0199222283605382,-0.0133218430212413,0.0145485699442679,-0.010122380009567,0.0410734749559117,-0.0039442416668355,-0.0175115844472262,-0.0418474585464676,-0.0055442057551629,-0.0437291756038307,-0.0162559029312215
2496,-0.0257827658323863,0.0147227839328063,-0.0304853051579333,0.0375721052730247,-0.0556095150516607,0.0264117255851907,0.041887976151439,-0.0381284746937483,-0.0458515446235974,0.00074016130862205,0.00844590617374851,-0.0228648717427465
2497,-0.0137434596048035,0.0281818682332395,0.00905693464477638,-0.00673382263566365,0.00333134161944261,0.0345324798427471,-0.00325603796227838,0.0234995151537986,0.00333618788752267,0.0430806349590246,0.0153097353218775,-0.0110483645868258
2498,-0.0214369172049597,0.001991538221077,-0.0151244709042384,0.00473054117694182,-0.0312361930189212,0.00664465250969071,-0.014051989854805,-0.00898185612056774,0.0042823152394954,0.0257989680652021,0.011146216180876,-0.0494997678294657
2500,-0.0105846834714895,-0.0278040456671896,0.0114502670444537,0.00109650560804014,-0.0144641562986294,0.0118212356937352,0.00436612591010803,0.00237714363229616,0.00637730831887287,-0.00384626350137351,0.00804793963946332,-0.00478351231813636
2501,-0.00308330849973815,-0.00973825799209768,0.00692739050011915,0.00704077766021065,-0.00597847381073282,0.0124146702727025,-0.0079472087525846,0.0122490565658032,-0.0146831415691987,-0.0178959550519609,0.0109315604451856,-0.0207834034323573
2502,-0.0261927330399371,0.0378066035376582,-0.0213799113057098,0.0027809577403192,-0.0336229066114446,0.00618400148653469,-0.0221858480913446,-0.0475753630746996,-0.0710525669430604,0.0406970552575931,0.0117734189794735,0.0453198724402547
2503,-0.0245995396769709,0.0290007869311935,-0.0134138508794409,-0.00690179520576805,-0.0207926820953321,0.0278531253117273,-0.0414004769683751,-0.0188063169230933,0.0234480348266332,0.0446035906257734,0.0205981490179336,-0.0407952789887371
2504,-0.0121287864665306,-0.0324888453130418,0.00467125481091301,-0.01706534324378,-0.00473321027042093,0.00977160383280417,-0.00034957320978557,0.00780554481760456,-0.0101046655399777,-0.00458617613477448,-0.00698079618350203,-0.00127153953128206
2505,-0.0193361893310096,0.0159331301985113,0.00111763408316907,-0.0145887152258963,-0.0124021496402129,0.0179980955880378,0.0398715050697948,0.00131170883394972,-0.00235960686968876,0.00465598721167325,0.0365003167270606,-0.0138424033142638
2506,-0.0210121901980875,0.00876945623815288,-0.0185671140025928,0.0150816498664319,-0.039275178025826,0.0106340809258225,0.0160917084312914,-0.0624432282391555,0.032705804375985,-0.0561428788142345,0.0875545684580841,-0.119715364678165
2507,-0.0106185018002443,-0.0187306152724575,0.0157162637169754,-0.0220626563541815,-0.00816693149406565,0.0105271544165109,-0.00749882384382486,-0.000575336296700783,0.001404184789518,0.00918790984597442,0.0029209530741491,0.00319741952366576
2508,-0.0228316175779801,0.00230238470992114,-0.0299597117864001,0.027464824588519,-0.0389782284765491,0.0184486387537046,-0.0379655931392172,-0.0173519222799717,0.0715557558207896,0.00732921053703949,0.0402008744483769,-0.0387404746511738
2509,-0.015219104009248,0.0247020003419872,0.0122139411432594,0.0132698013099385,-0.00768365568578586,0.0468702310647718,-0.0218974263192084,0.0120777330462405,-0.0149587627808367,0.00899724642004958,-0.000296219064529376,-0.0355152638295295
2510,-0.0156247438771324,0.015133639437731,0.0151644969185879,-0.000763779688656447,-0.0262807204207119,0.0226116575854962,-0.0209032944649686,-0.0136743024424229,-0.00196963489356512,0.000470178479525607,0.0279465639979773,0.00169976345932072
2511,-0.004730843213422,-0.00388167847373651,0.0123107423312585,0.00147152687860225,-0.0112501031983157,0.01243730198838,0.00232042016195869,-0.00831012820380628,0.00194735036418422,-0.000392855145806329,-0.00435547601304365,0.0120430753543062
2512,-0.0294036245096258,0.0250960807086107,-0.0311963011953427,0.0146111948875364,0.0106998033340976,0.0391353927212097,0.036323513509777,-0.0150722876062291,-0.0360672974554241,-0.0225697106282566,-0.0122685597367394,0.0620294017630999
2513,-0.0180171133410985,0.0200467446097072,0.00784845677671844,0.0142838329314089,0.00503753488015717,0.00505666973851285,0.0310807816862679,0.00309512787586961,0.0082643195910225,-0.000138275656649609,-0.0148156415337812,0.0145554949594408
2514,-0.0210374818229287,0.00935320108422916,-0.00507355261447991,5.92503864848064e-05,-0.0250762433809198,0.0226437131373836,0.0176128887532165,0.00904198169697238,0.00868876952829832,0.0372664673443051,-0.0161586331255313,-0.0149770052897591
2515,-0.0140325828831348,0.0270637833788095,0.0142488357289001,0.00101557159152598,-0.00483668733486636,0.0432675842686687,-0.0214327712729378,-0.00660728460608933,0.0168146219490534,0.0327309561293996,0.0228674379454927,-0.0148074932471585
2516,-0.0132452480277006,0.0186550194998789,0.00611774841217693,-0.015299829218403,0.00644657929250146,0.0336388231840437,0.0136320798964547,0.00030919090311855,-0.00401465425012001,0.0303894940043371,0.0294752496855991,-0.0141029762343869
2517,-0.0174695122011743,-0.0142307043678418,0.00306572696657268,-0.019132958821975,-0.0331400979005121,0.0437464225851495,0.0100385955095947,-0.0163092929147846,0.0187760673967974,0.00282729094918799,-0.00668276701876802,0.0233400582569403
2518,-0.018228676074034,0.0293634622696368,0.00562873305847184,0.0120861425343199,-0.00750639922653494,0.054667047101752,-0.0322909889307279,0.000519783760817455,-0.0297744835128778,-0.0110264647608977,-0.0165056312280823,-0.0148829270062997
2519,-0.0202585587177194,0.0131269147625222,-0.0150176577994368,0.0144823642504504,-0.0256150800381468,0.035021202291182,0.0645619143865397,0.0446213369748055,-0.021094951962596,0.0400451802123452,-0.00148915935209614,-0.0600854018308506
2520,-0.0201558169766881,0.028911911325252,-0.00354728563224367,-0.0433904784363031,0.0086319068316184,0.0383622524786106,-0.0141805250447574,0.011758403698128,-0.00503463303755202,0.0232064930343595,-0.0128426647714632,-0.00698864906022504
2521,-0.0157397580531602,-0.0249799851490983,0.00768679731481245,-0.0170861338146953,-0.0363342708982307,-0.00885037215103442,-0.00342761620332081,-0.00395409270741784,0.0140448653033156,-0.00844610246972146,-0.00499126053408965,0.00676790410262753
2522,-0.0183558504179617,-0.034110393375131,-0.00630205661722303,0.0343678978860201,0.00686701150267695,-0.00178187346295374,-0.00578754631297243,0.00812548692393727,-0.0242963010957036,-0.00647799298104291,0.014102673021001,-0.0101173799935717
2523,-0.0100241909609343,-0.02899104883643,0.00401040937768159,0.0223937774882825,-0.000234938719021324,0.00720751927905969,-0.00631272962389579,0.00495387030583418,-0.0177036183490392,-0.0073795172752817,0.0125103250656664,-0.00409536125057115
2524,-0.0258047095262317,-0.00613251143486045,-0.01272970372543,0.0104614179327845,0.0279449234859762,-0.0282772020507879,-0.0127295878076339,0.00720044412444052,-0.0064379466272642,-0.00565561914308144,0.0208632163836456,-0.00740165269995986
2525,-0.0196391557464838,-0.0282831960950478,-0.00405002234784008,0.0172932119209952,0.00221958315737721,-0.018588733101365,-0.00804060374929833,-0.000990634078715465,-0.00617289925682955,0.00735922965590958,0.0111957651892581,-0.00597927405772543
2526,-0.0174023345695983,-0.0306930230732368,-0.00852131766457434,0.0127912066544979,0.0162383593119178,-7.2416941273425e-05,-0.00269804734954896,0.00647235474000549,0.00799252913518513,-0.00732389849527632,0.0305066853331557,-0.00854365617527137
2527,-0.0191333309504548,-0.0474981628645179,-0.0184640063875354,0.00560946851824491,0.00528295291654295,0.00308149665704627,-0.00392414972756192,0.005066762955518,-0.0161753833967777,0.0120590332257344,0.00560771709505311,0.00366674731400994
2528,-0.0161222091876206,-0.046470315970992,-0.00542948292416374,-0.00341642547912768,0.0111958922920033,0.00998268546037215,-0.00866345820472741,-0.00762999728956982,-0.0053750528999122,0.0146446827551114,0.00651328275976351,0.0198697316622296
2529,-0.00888044280501589,-0.00113279095075727,0.0244200716507169,0.00388393728799301,0.00121892792635259,0.00793500066396221,0.0197550814569162,-0.00100612060924702,0.00966131308130274,-0.00377640332701767,-0.00115665142367618,0.0276493315122056
2530,-0.0235671826980024,0.00724213591845504,-0.0218241027799384,0.00694414928980828,-0.0130159226248285,0.0137741843096314,-0.0125043949100067,-0.00378534282137197,0.0359218271060287,0.0165408777840814,0.0260528586143624,0.01384358605095
2531,-0.0170270801160923,0.0214244019086462,0.0169953772118866,-0.000933097107832046,-0.00589496886719119,-0.0164355076076336,0.027695209674571,0.0189064741736206,0.0164628747146534,0.000444618219763605,-0.00412118967412875,0.0355534664408542
2532,-0.0185247845305945,-0.0074457301102775,0.0130640697871952,-0.00528108878537439,0.000989516449772193,-0.0383559061793112,0.00366957711818641,-0.00596805490920037,-0.000279518594999174,0.0208611562553454,-0.00059819021862796,0.0175104588879788
2533,-0.00787264610391756,0.00451828785834395,0.0241913652160807,0.00794792357451152,0.00775057510102386,-0.00552507617604349,-0.00857048953386254,0.00426678723333877,-0.00125167848772461,0.00130542762404352,0.0101955098066314,0.00890709827058539
2534,-0.0136169559058101,-0.0229903109156379,0.0197860450929289,-0.0171406144114366,-0.00204284439726158,-0.000816087211847465,0.00625931637524356,-0.00720140302934925,0.00256601683451796,0.0123490112384067,-0.0155599424085431,0.0122075452959111
2535,-0.0235201282010822,-0.00517021099289229,-0.0021506182672922,-0.0354834071369667,0.00819761212057129,-0.0348770408728839,0.00413540875614168,-0.0361900054981416,0.0332252573810091,-0.0242766627230962,-0.00492374010116745,0.0288970039303827
2536,-0.0044891040960004,0.0010254249600911,0.0165702153608063,0.0217344668001378,0.0083656229018766,0.0102026129931481,-0.00986689935345876,-0.0201551585948236,0.00657237620596093,0.000185632961380783,-0.000546834556570841,0.00427688515634558
2537,-0.0115272917708263,0.00577283353778371,0.0283257174250104,0.0066703659623734,0.00973464278923417,-6.90611365161758e-05,-0.0253661712228042,0.00125427540118606,0.0071325605793522,0.0138559686399113,-0.0221652229085294,-1.3682925379794e-05
2538,-0.000576039550963152,-0.000108226681030246,0.00225684133425221,-0.000678642807484057,-0.000394329378455048,0.000853611503189966,-0.000232365869727142,0.00273645001459603,-0.00717646459525581,-0.00196675637868442,0.00420543745140934,0.00586140258361419
2539,-0.00882048696178684,-0.0169365446759202,0.013448233328734,0.000671990228686338,8.53095901854597e-05,0.00526651736552278,-0.00442970297049428,-0.00889834387318504,-0.00717845934635377,-0.00974120082946604,0.01572840210766,0.00604897754246869
2540,-0.0129196836347316,-0.0243947674976607,0.00814754866824844,0.00397042959047088,0.00832716335632864,-0.00779420874188555,-0.00727587404902086,0.000661624003004235,-0.00707204575143392,-0.00532612097287754,0.0139625634128768,0.00488713838414666
2541,-0.0214142094443035,-0.0128472184352854,0.00588776224086266,-0.0118773375684524,0.00772185109050938,-0.0434540982069798,-0.00129205698647521,0.0230538338289059,0.0182952725583613,-0.0040450017773568,0.0179349607384231,0.0143055752228363
2542,-0.0232472868223821,0.0025796489315579,-0.0153115183500976,3.11825596186538e-05,0.00277379751305179,0.038890732819828,0.0567738189625335,-0.0344857145931172,0.0286524003201319,0.0235987752671152,-0.0476363111730401,0.0316820708564385
2543,-0.0211157899411515,-0.000200223586222606,-0.00209740670694843,0.00681706519623974,0.0165558448582805,0.00859592619361255,0.030085168104958,-0.0293685192908823,0.0389855799014681,0.0407127807361964,-0.0164721859452561,0.00170234594190286
2544,-0.0106519841929741,0.0133022009073733,0.0170220285307644,0.0132804495114132,0.0024917784219151,0.00797831031866982,0.00753888442741755,0.00743836394503963,0.00604386564000383,0.00792857263887515,0.0146266905816763,0.0195591047550531
2545,-0.0141141408061653,-0.0156376490723199,0.0163334063088142,-0.00171924525466101,0.0130891684030106,-0.010332362831711,-0.0171643407530989,0.00267066584101685,0.00368310334510512,0.0045316952080511,0.00351501313220224,-0.00701630238988287
2546,-0.0200138548383174,-0.0221401201154429,-0.00101885597622505,-0.0140500733872118,0.00387128937542932,-0.0286684217648237,0.022474119080637,-0.0119676487334773,-0.0189109670040325,0.0269872085132436,-0.0282011435211057,0.0146321660665989
2547,-0.0119784425548712,0.00190471225148165,0.0160770767546833,0.000365228548846792,-0.000474107970111529,-0.0212944022938038,0.00934129928566094,-0.00198284926578302,-0.00300514789934407,-0.00877194917836753,-0.00716028579853274,0.0166980627589569
2548,-0.0163613436675722,-0.00208354167598326,0.0174130518114245,-0.0118175558054525,0.0195703664146709,-0.00135568885168634,0.0168644876318385,-0.00940897655375149,0.0068005053122833,0.0193750350569662,-0.0271334801195846,-0.00720632826741164
2549,-0.0139590989407038,-0.00855303629739599,0.0207674856580877,0.00181102309007143,0.00368866401339637,-0.00543584893766787,-0.017317186556924,-0.0087903566910644,-0.0129088689810436,0.00317818893476552,-0.0123564799376748,0.00786512790570945
2550,-0.00285720130933636,-0.00243759256942265,0.00974420587128281,0.0058260197477118,-0.00414601194490155,0.00675854128221258,-0.00237072520267947,-0.00849523273182076,0.00067554591374281,7.04568842434023e-05,-0.00449574395256634,0.00518055083850112
2551,-0.00845803280463218,-0.00403494485144047,0.0214543793196796,0.0105308588902843,-0.000780964611911432,-0.0100316949756549,-0.00149189976944193,-0.0194552590773391,0.000913427948190455,-0.000398197464049775,-0.00936890488074532,0.0162104989455896
2552,-0.00962923496324254,0.00755012415800099,0.0264985469539262,0.0213438457190653,0.0105444217104679,-0.00402491974421388,-0.0147118029270528,-0.000165460585911535,-0.0123814543253886,-0.00395409816538031,-0.00853982840837074,0.00261423642260809
2553,-0.0194417569172532,-0.0186069691477865,-0.00541141906486735,-0.00715266831109965,-0.00310124769820337,0.0221969100012036,-0.0197379568558323,-0.0343864439779611,0.0239662342968187,0.0281219916123502,-0.000105749948270529,-0.00577334304805142
2554,-0.00964114922603448,-0.0175833318557343,0.0139076612126273,-0.00428439579539805,-0.00617479626889389,0.012120488664649,-0.00450304884704104,-0.00233080451964247,0.00149120552530183,0.00635500541419713,-0.00206196146252833,0.0100407268648711
2555,-0.0224564166830565,0.00334965061227064,-0.00983314390372219,-0.0106260797269362,-0.0190420663870935,0.0354825816191306,0.0238774382724334,-0.0043953674914696,-0.0187711067378269,0.0381070517432111,-0.0141780978406297,-0.0257757022157036
2556,-0.00358782413737078,-0.00587007167465538,0.00351762689303915,-0.00395898236841705,-0.00410644811426884,0.0043025351639345,-0.0168006186005533,-0.00793360058287692,0.00355420976497559,-0.00982631798179886,0.0168420160828131,-0.00275012871427639
2557,-0.0287168887482259,0.00623561937850228,-0.0289892836657534,0.00606281759343093,-0.012154807651135,0.0366016581498058,0.0333444754081651,-0.00362805295469205,0.00127035902202089,-0.018468842120648,0.0276348270879282,-0.0505214022316179
2558,-0.0334516228636265,0.0289385640208315,-0.0402942163120413,-0.0115794802303074,-0.00433351406577182,0.0377958642124419,-0.0262652283641767,-0.0120446067295487,-0.00466410634076916,-0.0231451392607431,0.000789540930504704,0.00591623579097526
2559,-0.0264974290831708,0.0262009377434029,-0.0188931244993902,-0.0162263617022137,0.00134591077939538,0.0207486558328449,-0.0204568758113257,0.0306122673572984,-0.00566125738198043,0.0159358309134399,-0.0176289304889139,0.0357452599485911
2560,-0.021974433337027,0.0066792749143452,0.00516588771351797,0.00376024437853304,0.0242066914968321,-0.00215240311088348,-0.0255837300477141,0.0194906327314324,-0.00367211096755995,0.0174551327148815,0.00618453329399169,-0.0190091588731259
2561,-0.00278399944886535,-0.00499125313616476,0.00618301716096487,0.00931157631547221,-0.00778778401025287,-0.00509898023790766,0.00545145373778975,-0.00153999762355461,0.003483081094061,0.00856367279887939,0.00761784572010706,0.0176161015775797
2562,-0.00952228242410467,-0.0124206203083799,0.0159799847714693,-0.00368389245057636,-0.0269710388176649,0.00373020679658644,-0.00660779541266652,0.00108379823315352,-0.00829819297969971,0.0100961434908736,-0.00571166678332039,0.000686562702646096
2563,-0.00872690396512043,-0.0166388176469183,0.0152400321071589,-0.00144419538844637,-0.0104772831106256,0.00917042495487734,0.00642685431321138,0.0136789650899002,0.0011353408481533,-0.00245022015961231,0.0103710958805529,0.00822504258438152
2564,-0.00363856153239405,-0.0036217067270485,0.0119884839320909,-0.00967023032701857,-0.00682351947746872,0.00713451564490956,0.00849638838224236,0.00643484021222989,-0.00324757361008992,-0.0021488227296784,-0.000571543582385772,0.0102139127539571
2565,-0.00836303656235692,-0.0188033255182186,0.00131828270858306,0.00754213566210581,-0.0302438336346381,0.0236873074019025,-0.0106628984969283,-8.42054199693614e-06,-0.0215405537912068,-0.00468551334504108,-0.0145211601207242,0.0279115113621377
2566,-0.0237969718406284,0.0134911712283634,-0.0191180102353216,-0.000976396186910035,-0.0166227126517538,0.045696273538611,0.0308989979235341,0.00221696445610857,-0.038349196708638,0.0438572227643223,-0.0135916803000637,-0.0467751331685502
2567,-0.0167796640679889,0.0245182827424065,0.00853802980309975,-0.0229663751024322,-0.0218099181086334,0.0211228391329659,-0.019417416746877,-0.0125543497120849,0.0274226707675963,0.00568429473274918,0.0183038723377698,0.0137152652875802
2568,-0.0177835304128699,0.0211844423986227,0.00355255723457639,0.0141793633799352,-0.0432174509223442,0.00547627362572529,0.0185002471377807,-0.0130431542789211,-0.00457734849595984,0.0217694137817504,0.0213810888325545,0.0164015848343097
2569,-0.00407811299452272,-0.0151534333181236,0.00296110800063342,0.00210707968508771,-0.00882595465607342,0.0179608339687617,-0.00248845168483678,-0.00355456075405646,0.000784109600553184,-0.0130171074800884,-0.00181623507641497,0.00820250516299286
2570,-0.0152349029930651,-0.0150287910546117,0.0199555045839673,-0.0157809769276924,-0.0218743124799036,-0.00470948216140559,0.00365493099908128,0.0162997523993662,-0.00564636091673197,-0.00900048090608798,-0.0024730835005182,0.0111531158226121
2571,-0.00456320435375625,-0.0129887020790688,0.00374654205031117,-0.00396871404871221,-0.00999762561006341,0.00825568931473008,-0.00271735322029152,-0.000406719072351567,0.00250360504611524,-0.0143803331887743,-0.00685746316514011,-0.00414785910559921
2572,-0.00755180565070866,-0.027150107278758,0.00763530756235022,0.00261282654879939,-0.00188262134917411,0.0164010091040736,-0.000616265718501152,-0.00109634321527259,-0.00285037313025564,-0.00509210337918602,-0.00327460975141207,0.00183756072954349
2573,-0.00199741073406732,0.00135985488171117,0.0102386980166332,0.00268934009526267,0.00278087307972364,0.00433000529753562,-0.000553042036368775,-0.006071734500699,-0.00158175076727625,0.00278122369810896,-0.00101430915036425,-0.00227126297185898
2574,-0.00698451047615373,-0.00149426394691122,0.0246422655689207,0.0023185194957182,-0.00367721447160133,0.00475171522822495,-0.00702960105507593,-0.00306326577745811,-0.00427226919061567,-0.00321822547058629,-0.00429193991228442,0.000507124801830592
2575,-0.021356426947261,-0.00452450695266776,0.00434824812619501,-0.0124680471897611,0.0254781828544968,-0.0241114264493745,0.0120197247225081,-0.0107959587951931,-0.0143484335968212,0.0122118731710278,-0.0299279837094179,-0.00986047621798626
2576,-0.0125119079240872,-0.00846676423475234,0.0273839526293019,0.0269560934258893,0.023517970572436,0.0230811904414712,0.00847470345385421,-0.024031484230461,0.0147309106252766,0.0143666341449923,-0.0112150960524744,-0.0102006765541318
2577,-0.0105852646974361,-0.0126367862036891,0.0178815278061702,0.0335197233520929,0.0169142057887668,0.0258251710437815,0.00105396366415975,-0.0232072727110933,0.0127707047287807,-0.00232015989699468,-0.012342108205418,-0.0153670268702049
2578,-0.0146790221706295,-0.00303476613942553,0.0249023767727411,0.0346795449087479,0.0188617184889061,0.0171966738879193,0.00904887482635568,-0.0346475430333788,0.0113267475086007,-0.00194618500689639,0.0172098404717226,-0.00959200149611444
2579,-0.00366497567657637,-0.00523662597152541,0.0109549413575754,0.0110048629078372,0.00750927572397588,0.0149470701098761,-0.00752173091497363,-0.00240757130011535,0.000301983586396374,0.00409888446663327,-0.00408155758942001,0.0030822374808236
2580,-0.0116285648059953,-0.00790072671167766,0.0205683134703141,0.0347775930361231,0.00941338971129709,0.0135923274537193,0.00309679683180971,-0.0391852909161072,0.015271945585959,0.00468704764606335,0.00917221476077395,-0.00999073425811408
2581,-0.00685640404556077,-0.0100045635802753,0.0105764875734892,0.0214601861568072,0.0158391021357611,0.017386670912901,-0.00194508033001174,-0.0191249472890505,-0.0113929041306806,-0.011552961881434,0.00583579857844766,0.00120367408463848
2582,-0.0103102649382773,-0.00088384573211841,0.026645485429553,-0.00473292735288003,-0.00347104326577868,0.0025319917290332,0.0157151383560929,-0.00279068161336909,0.00594064119443512,0.0159464977675531,0.00104735550462555,0.0200081429718255
2583,-0.0136083138510141,0.0054313146439771,0.0198563608141821,0.0296114378675927,-0.00173963105986544,-0.0115320943911508,-0.00306484660718515,-0.0281858978728622,0.0106036103832872,-0.0126777535481403,-0.000965922856959521,-0.000295677204545212
2584,-0.0264164142595565,-0.00306002953533803,-0.015393443923152,0.0123045083226849,0.0130115322625165,-0.0224292043270625,0.0311077764098047,0.0142394288092858,-0.000449246923730029,0.0333486412305435,0.00116431721345082,0.00668730026433831
2585,-0.0140094635756891,-0.00182277845280852,0.0194863263971994,0.0285930891541963,0.0105289878108148,-0.0166703163982803,-0.0114909407983062,-0.0304212614413812,0.0260770070577772,-0.00296533749889471,0.00708090715775866,-0.00145930994701343
2586,-0.00990534821758813,-0.00142204160309237,0.02423603255062,0.024847078484211,0.00368872740646418,-0.00139448666229511,-0.00942845098078841,-0.0173429540510012,0.00233393227162391,-0.00811033713376939,0.00365518992948535,-0.0107090336968616
2587,-0.0289336660158035,0.0160889870778739,-0.0335978177654711,0.0251596069640855,-0.00259626932754515,0.005060323499268,0.0417945233419697,-0.0512241020093238,-0.0705973314556079,0.00514663318730963,-0.0153962013113225,0.026022665844789
2588,-0.0199599999175274,0.0225173179491478,-0.00729033857424115,0.0156286458291633,-0.0133044023963689,0.00142322853887913,0.0349629079930964,-0.0348059974039432,-0.0278596608377416,0.0263373949903293,-0.019691975328855,0.0289363762780504
2589,-0.0148512798685726,0.0161164037866231,0.0200314811192583,0.0181873302749034,-0.0127195059374017,0.00780273607473558,-0.0143769478239912,-0.0143744066180897,0.0264864388382644,0.0216865286281076,0.00310096565851073,-0.0218443759851886
2590,-0.0167049787067216,0.0203256003109385,0.0193222866724942,0.00330181849790289,-0.0017761170666036,-0.0286529215299639,0.0217367816618556,-0.0270287805169193,-0.0160671833978214,0.0212327544578339,0.0227568001109639,0.0235405911275356
2591,-0.0242163586153343,0.0186187416217788,2.39908126763281e-05,0.00983377835996601,0.000483400818216455,-0.0449047489999205,0.0274867039130796,-0.0665039702591963,-0.0224876925195284,-0.0143986540935346,0.00108348689031019,0.0124899099038346
2592,-0.0153957972384988,0.0134034595757105,0.0281205667291626,-0.000232538793765188,-0.00164961613666284,-0.0197145395827218,0.0162016912241946,-0.0266919313821182,0.00207443049611981,0.0221879698776022,-0.00861386552950363,0.00706893660627314
2593,-0.0280299272745787,0.0156822875450309,-0.0232231131494331,-0.0215931801594785,0.0176586594236492,-0.00272007486645078,0.0218091409087871,-0.0234604184115186,-0.0246652986795629,-0.0222548640538002,-0.0486979872546573,0.00991377694993104
2594,-0.00879279166609334,0.0114806992294833,0.0223033479051708,0.00660463900129784,-0.00349285362643906,-0.00758654066526707,0.00121481773869231,-0.0202235024203635,-0.00251519689237496,0.00382298262215745,0.0111828703159212,-0.00732361264180644
2595,-0.00646003466254465,0.00734070890941842,0.0194910788499851,0.00253579188001101,-0.00632569574590927,-0.00256181588468898,0.00297278407707081,-0.0190561056558793,0.00520316096768714,0.00576386831609163,0.00560429839454089,-0.00370611528868746
2596,-0.00603838424500263,0.0036431417149911,0.0168464149030838,0.00569205114953071,-0.00458100294624655,0.0111443405295878,0.0197540327609812,-0.00522663212526148,0.0153158275909198,0.00654868843465506,0.00874711725435645,-0.00364184843092708
2597,-0.0143038633446872,-0.0242424716938669,0.0139066799313482,-0.0234209756469936,-0.0206553386508012,0.00389732254632077,-0.00543418151272807,0.0140568882990627,0.0191889796643057,-0.0134905115943673,0.000558864181663017,0.00173130123018067
2598,-0.0188114777099352,0.00907297470686253,0.00719704420461506,0.00276918680675433,0.011285463126231,-0.0280253489029937,-0.0157508995928239,0.0157445786801576,-0.00369795264164273,-0.00252271537602452,-0.00222412091048219,-0.0106861407993104
2599,-0.0196777279002964,0.0178359713374068,0.0138627556392495,-0.027649358876198,0.00358377671879356,-0.016943141059991,-0.022881880851301,0.0156656836590269,0.0145987783365502,0.0146285301291963,-0.00253556266619362,-0.0274272873556186
2600,-0.0312002310997402,0.0150228086889009,-0.0365264471648565,-0.00239099290003881,0.00605808394086817,-0.00558074893783009,0.0179335294581635,-0.054362757766616,-0.0109985937569772,0.016847476234475,-0.000395547962018727,0.00285106266195268
2601,-0.0190669418976519,0.0252633721729161,-0.000284351410262664,-0.0121085630022755,0.00275541937056528,0.0308829614792025,-0.0121921798266419,-0.00777123594956838,-0.0103652531377053,0.0389698314629405,0.0276283269011923,-0.0153822440581993
2602,-0.0152901890214909,0.0208505570708936,0.0167418803885721,-0.00312006894504594,-0.0163814917883809,0.0234791464738234,-0.0149434423066635,-0.00212586095029324,0.00643769850135428,0.0314165827521651,-0.00793440848885825,-0.0189800358075947
2603,-0.00781536586899954,0.0133452690812629,0.0209195998751492,0.0134367022997589,0.00555339588301743,0.0047392761561394,-0.00781468172570309,0.0117004575814894,-0.00309146761936261,0.00467720999089665,-0.00607785017974637,-0.000245970835768631
2604,-0.0138671757730584,0.026453153669195,0.0191077681022193,0.0158137288784674,0.00175803411918625,0.00858563389997838,-0.0142295527959697,0.0240936097213848,0.00469433367922377,-0.000934612289743855,-0.0171015347487942,-0.0118747488329286
2605,-0.00345715650746502,0.0012989816346424,0.0104897136784572,-0.00377319663179805,-0.00859064450061352,-0.00132501328059376,0.00208438862759192,-0.0049305098777838,-0.0132800452503377,-0.00236089566414162,0.00379401538176808,0.0107446313576895
2606,-0.0130983289969987,-0.00117254310190089,0.0203412669179808,0.0205183382830254,-0.0175121986965916,0.00779559261294939,0.0399262400556474,0.0266291427712308,0.00923907705753607,-0.00818182681603133,0.0263237485361132,-0.00364766638521517
2607,-0.000832520616418814,0.00092570250324815,0.00283230049380362,-0.00120071263793887,-0.000836496122467267,-0.00107474977805185,-0.00351805920245398,0.00207744689734099,0.00335342401656973,0.00314386114390141,-0.00148207157211545,-0.0023719105496825
2608,-0.011766435939559,0.0118390662109403,0.0242972573606051,0.00342016182217489,-0.015040414420664,-0.00319104217853425,-0.0220401441394416,0.0076854467770202,-0.0229301714468453,-0.00668761097439042,0.0144219387199386,0.00907453994598976
2609,-0.0113385494760174,-0.0276685904007283,0.00941187967106829,0.015775166206376,-0.0232379830458671,0.00072589376083179,0.00317805800658211,0.00118379975887719,-0.00416214506795423,-0.00708612294272904,0.0148144989348844,0.0130033221563105
2610,-0.0023320256144796,-0.00447381984489063,0.00909519470725643,0.0179772716762268,0.00634682635789147,0.015213033113797,-0.00448556647920349,-0.00812920177839445,0.00116725579669657,0.00597416182878904,-0.00440715794023648,-0.0038716617107119
2611,-0.0142149886845969,0.0223422665076279,0.0224237161693967,-0.00219726982986259,0.0168270500054612,-0.00838052755939614,-0.000468349974529414,0.00815013207108056,-0.00605490760976437,0.0106784032116731,0.00549706153996973,0.00628752470374204
2612,-0.0095866687596114,0.0104063796078391,0.0173991905118297,0.00445847161267899,0.00772077701347356,-0.00399407446250691,0.00152235953769207,0.00437862373267134,-0.0110726528135818,0.00894320669041324,-0.00114614067798929,0.0142423769351744
2613,-0.00823979101344178,0.0108699909791284,0.0131114137772885,0.00909488808295312,0.00995605753902872,0.0053279654292914,-0.000442809562585001,0.00799137582441282,-0.0134426262046443,0.0161772042566268,0.00159960494959651,0.000471088877229204
2614,-0.0057722261639708,0.00919562507228329,0.0130879607406255,0.00849710548269744,0.00810855164774501,0.00163170268526393,-0.00302082071433387,0.00888719694290213,-0.000640608711843703,0.00401201566004667,0.00818635927830716,0.00570696905330284
2615,-0.0239123213589201,-0.0124900301972865,-0.00373667107198417,0.0044448056236599,0.0301893524114178,-0.0254424262585778,-0.0110207981395263,0.0258764362000498,0.0102884419602949,0.00263035117386789,-0.00981458905553042,-0.00820741422263046
2616,-0.0146512430188508,-0.0253002968432896,0.0131423826925819,-0.00612981173415552,0.00561634135401937,0.00975488010860017,-0.000209934596162429,0.00549158912060603,0.00303224470427446,0.00524666349039648,0.0149543089403724,0.00551648297537574
2617,-0.000818072903256177,0.00151410983178571,0.00288378869653971,-0.00205544876256083,0.00230544157906949,-0.000420645741663344,0.000894450865485055,0.00367482527672403,-0.00636223830336784,-0.00201640441583684,0.00431626064541321,0.00457870342273578
2618,-0.0169616713681423,0.0210731021737078,0.0221599873400161,-0.0112667786645897,0.0137144990203375,-0.0103326028303126,-0.0101485158531723,0.0224051500422285,0.0332682336276996,0.00185844186832154,0.00736519255400274,0.0114746534267225
2619,-0.00293746468099977,-0.0046024561059931,0.0104942086828858,0.00326704241590522,-0.00205076840359191,0.0066871169166198,0.00298198135466606,0.00371462004062129,-0.00500762865502037,0.000599286329229753,0.00562349624282178,0.00146978666237235
2620,-0.00560818747502526,-0.0190465378999615,0.00528289138862529,1.63353030864988e-05,-0.00887592157011912,0.0127844969217172,-0.0129427626790357,0.00412784384769646,-0.00306728112902602,-0.013583459648057,0.000818407765500459,0.00706129850244037
2621,-0.00145705173339109,-0.00498015364427168,0.00229750166748766,0.00364519233297177,-0.00648184391555151,0.00787225217230641,-0.0030662166795893,0.0131038162143831,-0.00946242019440106,-0.0127008577121144,0.0119995217742264,-0.0198682870947626
2622,-0.0211868834020836,0.0285476091649489,-0.00390126630944384,0.0249650851805197,-0.00237963574655811,0.033853951379927,0.000294696475379055,0.0369641017233915,0.00135571790011028,0.0409452489969664,0.040520263355436,0.00128545215000114
2623,-0.0164938880067556,0.0213990208343393,0.00150576190067701,-0.00711427665708182,-0.0136050266933344,0.0271477174176871,-0.0147255504930782,0.00685930165671995,0.014297723711208,0.0315582120469143,0.00929817158771749,-0.0343046252678714
2624,-0.0103227225923029,0.011283478249876,0.0157338122248041,-0.00835676197892521,0.00255672785178348,0.0269395629880922,0.0216050124323107,-0.002271674012602,-0.0164360520092752,0.0031740893873968,0.0329238673160059,-0.00028712421104857
2625,-0.0168658027988219,-5.81195495327584e-05,0.00607241780352271,-0.0169274323733716,-0.0108565342441432,-0.00348122749758061,0.00952127303278896,0.00849967316591178,-0.0218661240463279,0.00324555860453734,0.00293658367884031,-0.0342759370165919
2626,-0.00203162073690164,-0.0095705979257905,0.000631286512537569,-0.000117578794467829,-0.00353077478560312,0.00206096736820402,0.00161198073393995,-0.00030007814219974,-0.0121937153461055,0.000648950573700145,-0.00176723421180855,0.00445002631903838
2627,-0.00389981143560154,0.00369457856531116,0.0122593546927029,-0.0076249049783515,0.0121901884874951,0.00592210233311163,-0.00494037749218231,0.0147730087457852,-0.00423145570214366,0.00514338047024153,0.00931943882650473,0.00278345029664426
2628,-0.00365697294725995,-0.010709023272776,0.00924763091207535,-0.00240454157258152,-0.00173439228994393,0.000504713097690806,-0.0217261640860709,0.00328117296745693,0.000797702479755953,-0.00278175918073343,-0.000748387446393172,0.00481068479799208
2629,-0.0070103323606343,-0.00523994575578413,0.0223007325945372,-0.00848122416098012,-0.00599267833022831,0.00051854014253607,0.00541716513745044,0.00382169759314135,-0.000442798227192945,7.25770095334132e-05,0.0115902943425426,0.00648072818836476
2630,-0.00984910743791375,0.00651639712537039,0.0276109863843538,0.00943574997431757,0.00389207782648422,0.0111498707776349,-0.0136569462929734,0.00463743457184375,-0.00922535621262525,0.00224431979932017,-0.00261463009877619,0.00674073037257508
2631,-0.0187308370528525,0.00334735214617936,0.00177642369589137,-0.0056879940054418,-0.0262007674683249,-0.0241927961917607,0.0209808277898262,-0.00287973710410916,-0.0149512576680553,0.0212023992695572,0.00778214172975857,-0.000932388231218777
2632,-0.0061924607536117,-0.0151293032126279,0.00417958974947842,-0.00229500159384972,-0.0132937823859609,0.0294528259966642,-0.00969026646559731,0.00185137872128925,-0.000759833550850422,-0.0151198918920145,-0.00232146676429593,0.0265515641083535
2633,-0.00490418628999875,-0.013192625422877,0.00954216189053484,0.00195725641510335,-0.0138651021824035,0.00611683436712982,0.00392917385449519,0.0111285804009239,-0.0140082657725584,-0.0122933746986262,-0.0134670786606415,0.00966999581418473
2634,-0.0186431437853774,0.0285025688254275,0.00245186725743637,0.00157843181348439,-0.0230188707238619,0.0254301719595867,-0.0121870181859153,0.0019898860039588,0.0313105964156103,0.0445324410251454,0.0366417330710355,0.0270480040554074
2635,-0.0241982768326731,0.0279450538190383,-0.00630390796885279,0.00421943641110133,-0.0196531525752823,0.0298977279652466,-0.0216167714383502,-0.00845109719373455,0.0105626600963358,0.0131002306140751,0.00900189534136055,-0.0225199784241556
2636,-0.0122205906617142,-0.00466164093438342,0.0172243384777577,-0.00982544498509631,-0.0317365029150002,0.0176821110171442,-0.0150149764992838,-0.00380677146858263,0.0104846907155164,-0.00449307191957495,-0.00354133369528031,0.00405155233111719
2637,-0.00802491525662872,-0.0246146181758816,-0.00303939405795043,-0.00145919502386585,-0.0234961490088311,-0.0120645959657891,0.0119690138123434,0.0132617355623376,-0.00244066357648796,-0.00563483579716093,0.00117200037752406,0.0154913961453669
2638,-0.0133983556936874,-0.00928041781345748,0.0110189829009229,0.00841987837217148,-0.0295285617102934,-0.00932416043295484,0.00208196746547709,-0.0072289810844969,0.000512583473322522,-0.00455087152742601,0.00807152096920039,0.01258698011288
2639,-0.000207692490039544,0.000594255595866251,0.00122044147447941,0.000308997158351454,-0.00101748945319982,-0.000293449086877123,-0.00175545611318664,0.000370849587037789,-1.86667659057002e-05,-0.000194650470307705,0.00032902097413322,-0.000147547381932964
2640,-0.0195936163939245,0.00302857956029055,0.00988229114160905,-0.0113848553886594,0.0120748469039811,0.00124255214405737,0.0272627344304693,-0.00679984994624168,-0.00072473467714973,-0.0136342241598634,0.016522848301288,-0.0255763321991904
2641,-0.0111797460097341,-0.0288738313646525,0.0150912273044575,0.00784002953088688,0.0131745069616057,0.0136505957482764,-0.00279349690810929,0.00395576254420182,-0.0206217100078441,-0.00278263827892587,0.000998915759293821,0.00975078447763726
2642,-0.0139381439664841,-0.0289394849594471,0.00382063922718496,0.0188783020161628,0.00269769867172081,0.0116069190800905,0.00517715082662872,0.0106772282138564,-0.00340236425472626,-0.0121074938479298,0.0274391153505744,-0.00372200213186198
2643,-0.00783058305369206,-0.0129490019272674,0.0185437886951213,-0.00258091757528174,-0.00558381378043521,0.00867545729266704,-0.00181647914149673,-0.00159923093086619,-0.0110340475804859,-0.00575949466032308,0.00337664232888649,-0.00287506231783253
2644,-0.00387556659299235,-0.00843534454758841,0.0102757788009851,0.00596284958795423,-0.0103439336275308,0.00900082108210562,4.71228605420077e-05,0.0131876289962134,-0.0115018954534402,-0.010355109844667,0.00859985005332552,-0.0111609194544565
2645,-0.0120487849418786,0.00658928799657687,0.0172819005811299,0.0211562768029735,0.0186046768342452,-0.000267979887450506,-0.00290953831365179,-0.00165496591155116,0.0359051567198205,0.0135293848870672,-0.0140888528093462,-0.014234363091851
2646,-0.0196315802611571,-0.0154946241243123,0.0130760452635806,-0.00508032964045621,0.00854771970440941,-0.0305088472116028,-0.00522299940322416,-0.00139058698864458,0.000654408020552043,0.000145046645925926,0.00522404165897481,-0.000963562128080487
2647,-0.00791430099681328,0.000921372785707131,0.0138700722720447,0.0146445130652309,-0.00975458908838449,0.0272738096466438,-0.0173886378547572,-0.0206395828644552,0.0220323590793744,0.00687629941373482,0.0151540860930442,-0.00731031249983453
2648,-0.00354573221616352,0.00107055497196356,0.0139476779961507,0.00599930060368397,0.00493666783299927,0.00494154529108063,-0.010582915540768,-0.00470869726497032,0.00480276110962802,0.00327681890801437,-0.00542987502429034,-0.00718541054503582
2649,-0.00326425929105155,-0.00356669082873918,0.012799127314975,0.0100668150943812,0.000178377873165108,0.00871010273080431,-0.00307655612069088,-0.0138813768331899,0.00188340941074019,-0.00112024234443363,-0.0115181556254261,-0.00023141339832318
2650,-0.0139851374424764,0.00869386849004498,0.0108910360808477,0.0014125988320108,-0.00538877568623654,0.0356889654535084,-0.0315557332948954,-0.00787504950817965,-0.00776549809051704,0.0207140876437187,0.00629599364363712,-0.00734893895482826
2651,-0.0230933329636569,-0.00962567765517624,-0.00955961716176541,0.00769801975629659,0.0119798843946053,-0.0149334573834492,0.0338558182935192,-0.0122508354237845,0.0175141511875958,0.0228259744978346,0.0100521608625359,0.0305597599297608
2652,-0.0325243048943653,0.0153373356654146,-0.0504181917924602,0.00596961918638317,-0.0494885756157764,0.0128537292214131,-0.028498632727455,-0.0426313972260032,0.00854170532602227,0.0636452026742483,0.0262176782972124,0.0947450654236243
2653,-0.0217127670128188,-0.0350187696163738,-0.0244481857174644,0.016736181314357,-0.00263220816952604,-0.0112671529819073,0.0123484075473252,0.00277450783986382,0.00412440261616821,0.0168273583455547,-0.00951432871431174,0.00215473077848275
2654,-0.0153264953176795,0.0214520217976338,0.025134916982555,-0.00601754620676805,-0.018018590579973,0.00274564853088652,-0.00345810719352845,0.0122208057454759,-0.0229655607173792,0.00921607409520461,0.00729075311857971,-0.00976509015570591
2655,-0.021240231546272,0.0326149115079661,-0.00355875367118453,-0.0318409084361524,0.0188211343137548,0.00234490937751934,-0.0225394320351582,0.0142398238772588,0.00898112997633158,0.0319993322726994,0.0247362758883411,-0.00958561120724598
2656,-0.0119588405488639,-0.00554964769841693,0.0213463128211937,0.0166569353410629,0.000539682607260373,-0.00799801564434818,-0.00655189848253673,0.000314079806702032,0.0040404471828357,0.00184488717385851,0.0198319497830928,0.0178085910712363
2657,-0.0246572123573228,-0.0134603981728934,-0.0216580070220915,0.00484982014539584,0.0159655704611177,-0.00452234933502715,0.0344317138284706,-0.0206939951424323,-0.00713357531943813,0.0248183160672806,0.000260575476566729,-0.00600969748766775
2658,-0.00740202728164054,-0.013131966864543,0.012229131128405,-0.00430732982440892,-0.0199013505893109,0.00123060572569889,0.00916124970872662,0.00106797654001322,-0.0154851198451478,-0.0108356711147718,0.00765323187883016,0.0164113063399739
2659,-0.00653701159187425,-0.018377203522349,0.00376132092147789,0.00289041138533868,-0.0119784298472463,-0.00262220420893667,-0.0142609663233749,-0.0164452204860411,-0.0128516177150206,0.00159398240370581,-0.00504039735749845,0.00685126362177145
2660,-0.0190020721710581,-0.018845711792197,0.00632901741345316,-0.00701575286060317,0.0189481886462645,-0.0251225888526712,-0.00965559454441045,-0.0163167147821851,-0.00808418045093158,-0.00142682466366814,-0.00878367332019047,0.00899332546374042
2661,-0.0182493049514788,0.0115151421970315,0.0179929936616712,0.0416211513322339,0.0118963230501388,-0.0058305225187159,0.0253042053795308,-0.0244543079855509,-0.00888706453128281,-0.0206723517724178,-0.0167849775390505,-0.0260689483077239
2662,-0.00830479423348708,0.00124336235664601,0.0254970882269018,0.0168883729261738,0.00226188000885901,0.0053454937810217,0.00456959473084877,-0.0139827287101488,-0.0021187250659072,-0.00591615822458581,0.0106475982698935,-0.0103779699731091
2663,-3.7787390823651e-05,-3.75916625725204e-05,0.000284994781032309,-4.15594351493453e-05,-9.04195565792317e-05,0.000211833237727588,-9.95146309356541e-05,-0.00020729240887266,-0.000226517491636747,-1.04498974951426e-05,1.36584334793278e-05,0.000222961382384802
2664,-0.0193061363030189,-0.0099536439597279,0.00947881846521082,-0.0178679748280723,0.0230827674694099,-0.0057644717284304,0.00268076894528643,-0.0129662457984491,-4.10270252521769e-06,0.0125356869020358,0.000526466441625336,0.00878735750675633
2665,-0.0260923698406728,-0.00219333911987838,-0.0186115617619479,0.0211514935549141,0.0185383452002778,-0.028054147793851,-0.0267145939172912,-0.0285422308667498,0.0110970002367755,-0.0110695058811191,0.000191930371177277,-0.0227770291082543
2666,-0.0263076836938221,0.0144993941053488,-0.0166739035302438,0.0201834493844185,0.0203426198681224,-0.0174726596398051,0.00369724076310016,0.00442859237213504,0.0176850719188584,-0.0297151865655848,0.0141642709322913,0.0423137580048923
2667,-0.00606026736633417,-0.0144559362932297,0.0132106398923163,-0.00345400335590301,-0.0017339329654502,0.00203596720153342,-0.00911357043611363,0.00273409584835453,-0.00217368390730479,-0.00267624190115706,0.00103210373413294,0.00659520541179047
2668,-0.0134562452175599,-0.0159765322808311,0.0211776352067637,-0.0141944434298581,0.0215478133015825,0.0130007377083649,0.0120932364326527,-0.00412974525206871,-0.00845253320739345,0.00353665671003832,-0.001024405262597,-0.00541175114940423
2669,-0.0186690010545985,0.0132177671745991,0.0160519331365074,-0.0330444210694549,0.0102564143075602,-0.0050541487645517,-0.0143519351256988,0.0171160565854822,0.0212750175269755,0.00504213365656581,-0.00549650933447797,0.000522633008980168
2670,-0.00903873788591509,-0.00112135697039767,0.0273697715298104,-0.011683162352319,0.0102203124272532,0.0162155361638859,0.0204402452836453,-0.00551410458267842,0.00182725330816831,-0.0147669854893659,0.022001844949905,0.00523846321578925
2671,-0.0164627263046634,-0.00693755148032316,0.0121158184237652,0.00170822450777296,0.0146624203014066,-0.0158046605987404,0.0129341274585718,-0.0208861816831227,0.0280167174514995,0.0160608066320081,0.00701935096914985,0.016135405654746
2672,-0.00677009129373565,-0.00273554030141304,0.02373076500185,0.0125316777564299,0.000147730647853041,0.0068047941460007,-0.00282324727028214,-0.0232319396439506,0.0109559089391084,-0.00351678453558077,0.00118170787901334,0.00692311515362424
2673,-0.0182994703899587,0.01102080975254,0.0145001768525195,0.0117088082893688,-0.00923686220443053,-0.000368746906570858,0.0223004856519151,0.0505071596960337,-0.0189558697569963,-0.00193134552692646,0.0018728718123692,-0.00175021692776053
2674,-0.0147054858406192,0.00989705348735641,0.0234321281856477,0.0183222135048312,-0.00769860793790286,-0.000116989132305652,0.0141669049960827,0.049950746690791,-0.0223948176785413,-0.00103164629156268,0.0182858309420768,-0.00739715379302459
2675,-0.0217466525107319,0.0349326047396331,-0.00249481491141156,-0.019462998769701,0.0177023465535396,0.0360827591557266,-0.0419169990483773,-0.00651706354482036,0.0149111444961349,0.0607178783545256,0.00822097408033967,0.00254494177817005
2676,-0.0157720940436591,0.0157363217592759,0.00349132938163978,-0.0270325068260011,0.00676317234469217,0.00580525034266489,-0.0111615321305615,0.0129155492723216,0.0128270227790742,0.0307731746889297,0.0344831842573576,-0.000497653361120331
2677,-0.0228942607846329,0.000430268543724265,-0.0110286213367356,-0.0144048917346405,-0.0166528516762778,-0.00652813815615471,-0.00133405275596543,0.0013527273366738,-0.013554506704241,0.00285234976377419,-0.00681565416335149,-0.00666797590128402
2678,-0.00875823674344473,-0.00491512473756776,0.0177024422414195,-0.00712631710123884,-0.016666518931917,-0.00150601920781237,0.00854256644548127,0.000736682443050853,-0.00986086872821661,-5.38927350781814e-05,-0.00240095523810217,0.0138566027955118
2679,-0.0129889057465029,-0.02169054394997,0.0114000298353359,-0.01433830387818,-0.02073063971303,0.0089463824693909,-0.00744746189674303,-0.000567261524297334,0.00856660625469743,-0.000865725186311726,-0.00872176813880176,-0.00195088411974087
2680,-0.00808776352808331,-0.000408993405129714,0.0246195512323729,0.000915100128778223,-0.00185572848971789,0.00364991352074119,0.010719929048314,-0.00590170863657447,-0.0149085104599657,0.000456667003272723,-0.00294988730869755,-0.00197802093030326
2681,-0.000911783081559851,0.000359180676981242,0.00163066089950872,0.00050644734406239,-0.00161454591527979,0.00191984720179342,-0.00282871759397314,0.00393952714357909,-0.0106226976001463,-0.00480680661666722,0.00460574165311083,0.00432119479901709
2682,-0.0131930646665701,0.0181922346956979,0.0166520073903119,-0.0223228828673397,-0.0199214361611374,0.0174156503365811,0.0177197324311123,-0.0112616105052728,-0.00806526875093691,0.00490408371995425,0.00328336739617343,0.00466316729883507
2683,-0.022727783860334,0.0214262326935603,-0.00453126142880951,-0.018111644348817,-0.0112945804961192,0.00676543291751567,-0.0194784210852172,0.00927105856302175,-0.0148087344560214,0.0204922883533893,0.0140992619793061,0.00472430698550958
2684,-0.0269478314945178,0.00710301917011573,-0.0293707655334225,0.00733003201471424,-0.0233785212961172,-0.00436366667552372,-0.0050491988775254,0.0326947936919916,-0.0327566489452471,-0.0245219686218208,0.00140469181376193,-0.059941136275623
2685,-0.0215902713210933,-0.003112892876256,-0.00691553189896487,-0.0183886059280035,-0.0151871865791117,0.0118461023566423,0.0112537737700387,-0.00516377532793433,0.0127840091320335,0.0320611382762295,-0.0122500798813015,-0.00464670156455365
2686,-0.00357450766945111,-0.00412469088294049,0.0112423594647154,0.00592960571346811,-0.00987684184715789,0.0042801711585662,0.00901283459514708,0.00350034491213506,-0.00307032618065883,-0.00372580130968008,-4.57913664538692e-06,0.00967079549496605
2687,-0.00948324225245832,-0.00870929803993455,0.00881140374885693,0.00469099508631379,-0.0171101323299152,0.00729294107919989,0.00226110806732,0.00740312324488558,0.0136344222572631,0.0158706035043362,0.00498716437060353,0.0234093793039938
2688,-0.00666463164354907,-0.0140935817375169,0.00397371827945479,0.00340923284492394,-0.00876815106582116,0.00849502150735771,-0.0100345956676869,0.00901019285986907,-0.00131662883336673,-0.0162921083406153,-1.0899489124366e-05,0.00191587193079701
2689,-0.000658871170243578,0.00138145553921016,0.00334347877338472,0.00286078892412735,8.15066975136426e-05,0.00176056079154304,-0.00312678037843872,0.000284699010559609,0.00188604104209173,0.000514475447161516,-0.000196081016643753,-0.00151759258837788
2690,-0.00880126047737437,-0.00750912132025191,0.0196149796222368,0.00527385732973672,0.0246553218947634,0.0102834476683993,-0.025439241470593,0.0104586590850881,-0.015903841297014,0.0176658228191461,0.00896276202954303,0.0123628237265362
2691,-0.00645496695747164,-0.0208254545749697,0.00710729796827077,0.0055840690211585,-0.00344662631237361,0.000262541618536783,0.000958220367691361,0.00246221013224095,-0.0160978093195352,-0.00504285494263908,0.000567980782224426,0.00853755149471487
2692,-0.0124343882801412,0.00592572776892253,0.0254662474580891,0.0267000019396093,-0.00718403456943329,0.00961786378269466,-0.00452215421549198,-0.00912997407323333,0.025502291691269,-0.00744534494161379,-0.00367098239878857,-0.0186331923523167
2693,-0.0180085940325693,-0.00846331616170928,0.0146970603622515,0.0090336477780923,0.0233814010376751,0.00617257419296536,0.0219705649933596,-0.00372794298721349,0.00780282008365755,-0.00873219113898785,0.0243374225185143,0.00241770680199311
2694,-0.0139055213959667,0.0120349968177575,0.00825509899336375,0.0345525786560822,-0.00620981614867935,0.0136167905576115,-0.00930546746365264,-0.0203927798893924,0.0219464351397232,0.00933425269068428,-0.00090611525544795,-0.00272680936668965
2695,-0.0183061286606087,0.0100629260468469,-9.20187536719942e-05,0.0456655139952581,-0.00709213885379816,0.028985197912416,0.0080332762171796,-0.0277800443699929,0.0220583542118195,0.0157097688474332,0.0152215692931901,0.00219812139948939
2696,-0.0120312478325531,0.00485753723223674,0.0200439946321951,0.0200813334868638,0.00391930713694858,0.00524302925871133,-0.00120965888327384,-0.0170368619257059,0.00955185775166901,-0.0143045168557736,-0.00858104241895361,-0.0136444324709517
2697,-0.00916537953008616,0.00579122155371001,0.0144134240126049,0.0156651250378689,0.00130765775253832,-0.0020915766405561,-0.00190418792175843,-0.0120603872972711,0.00139587419221178,-0.0176830198729283,0.0134691766669339,-0.00633814199552088
2698,-0.00799148127674842,-0.0263927060770382,0.00912302228458433,0.00585709798374306,0.00677684142365911,0.0185514203422266,-0.00605129721778994,-0.00365654764508603,-0.0108400178886517,-0.00368135171021981,0.00534109784582982,-0.000630592767943281
2699,-0.0186658754009255,-0.0228783103520754,0.00572053141818657,0.0255002693356887,0.017276241719548,0.00173255038646363,0.000348523698455313,0.0467252700822253,-0.0174567070226341,-0.0015039309801125,0.0210052696820198,-0.00306637921075985
2700,-0.0143484710443003,0.0171797056095158,0.00265006650898949,-0.0230352245496479,0.00704139587211674,0.0252605951490832,-0.03000892290074,0.00560813294535168,0.0133060276797306,0.0282030933370441,0.0253368499120661,0.0019240604452877
2701,-0.0136208451499087,0.015290712098039,0.0116037393322788,-0.00946178213808151,-0.0299665001997115,0.0249790767467617,0.0242546904019766,-0.0214071027481336,0.00536871223571572,0.027715203277795,0.00236221802954922,-0.00352661779456147
2702,-0.0271860245472618,-0.00617993654418693,-0.0385532200983363,-0.0167407583595975,-0.0445183397489846,0.0328068984285366,-0.00398295804128441,-0.0502606591952934,0.0396981286194128,0.00205446751089557,0.0255360098752577,0.00424419083151278
2703,-0.000437618451696337,-0.00224460564092824,-0.00356656703336739,0.00198200991799842,-0.00327350830161404,-0.00238963782074855,0.00300073031190389,0.00269263087659741,-0.00137273566133365,-0.0028495757673867,-0.000434740047409274,-0.000816932400878935
2704,-0.00291221895797377,-0.0055497205190698,0.0115886458596345,-0.0051603225676125,-0.00129936509247569,0.00738855789938353,-0.00455260106454006,0.00950587893227015,-0.00706083006666158,-0.00342899103918333,0.00214711757865921,0.00487928002050962
2705,-0.0235459717347904,-0.0110030118947934,-0.024041498173587,0.0171969925729034,-0.0280579676911123,0.00589635069614629,-0.00397835948091801,0.0305592998361354,-0.0187648258374244,0.00878676774558077,-0.00168918760549578,0.0351524818382061
2706,-0.00529652239678573,0.00671567551902345,0.0157325850936584,-0.0151236477561893,-0.00265185429385335,0.00590740273322462,0.0204689878269461,0.0100054267611101,0.0110688056724784,0.000312647019965528,-0.00874416344939341,0.0130157466407235
2707,-0.0025235632923173,-0.00288261936042781,0.00457792241076858,-0.00617412748628616,-0.00672544546873289,0.00633655763789592,-0.00466598663966238,-0.00197422245557578,-2.6703155086119e-05,-0.00461703387662075,7.31079419615464e-05,-8.35114693852989e-05
2708,-0.0245088550587335,0.00746612244702726,-0.00947245724233492,-0.00417857789282777,0.0178678706958716,-0.0315021052020205,-0.00978734849405017,-0.0225513974228138,-0.027483114149244,0.00850786288528465,-0.0660276606299489,0.0302727780182631
2709,-0.0260231450017309,0.0257259275896052,-0.0183230396554126,0.0228306348592182,0.0101545184404479,-0.000464518163532857,-0.0119024594155312,0.0275508882085246,-0.00538075155478217,-0.0592065272058957,-0.0845520262431193,-0.00276023863748509
2710,-0.025197439679454,-0.00931498154542575,-0.0145674246354812,-0.000611897509613397,0.0234046313787036,-0.02340502900233,-0.0189864949104078,-0.000309038925817377,-0.00511693916416973,0.0154640166364618,-0.0417587717521284,-0.0281434448504758
2711,-0.0296019228477859,0.0208139453311191,-0.0271747987001931,-0.00642909278559745,-0.0165795223306893,-0.0245621516173203,0.0313693376032441,-0.0213798698402707,-0.0172288955504153,-0.0201698790704567,-0.0156546112608165,0.053513839063913
2712,-0.0217951567219977,-0.0285172525148037,-0.00981510970551314,-0.0144109739578472,0.0268544383541451,-0.0243172989074115,-0.00512764437529645,0.011340193243682,0.0273388534180234,0.00803315593693907,-0.014169558206559,0.00287408059615698
2713,-0.0161136503357817,-0.0458830703295095,-0.00629384292819528,-0.00222704529076286,0.00886948450029833,0.0083458922266828,-0.00173837319768143,0.00127914302629296,-0.00681504189903327,-0.00873763746131549,0.0178518879847592,0.00290202574862163
2714,-0.0224628506043161,-0.00459724964268189,-0.00181551190712397,0.0303108172233141,0.0289450584908355,-0.0411232424099155,-0.0133367589334658,0.0100296314022379,-0.0112976436429431,0.0116719150593448,0.0189377166074409,0.0105065416562337
2715,-0.020939755973055,0.00237059464176853,0.0064083223621585,0.0259733553255173,0.0345926188524895,-0.0345304804801342,-0.00794914239576757,0.0177026023524784,0.00372313059920617,0.0176146307474542,0.0216437466831931,0.0166660858396944
2716,-0.00633658254340473,-0.0141282746145268,0.0103675649448815,0.00884651948574804,0.00394953106740779,0.00955103896230142,0.00806247212899513,-0.0025114901859615,-0.0270688323028522,-0.00402406812966165,-0.00600750695791612,-0.00151460998537245
2717,-0.0207640561372509,-0.00560316728491118,-0.00924805545440665,0.037743163406665,0.00170498416573242,-0.0130525139108482,0.0295193182129214,0.0378459617183134,-0.0158490296588248,-0.00582070586947256,0.03329914253231,0.00624016943880474
2718,-0.0133822471498927,-0.046628674426812,-0.00394482355341892,0.0163646108291641,0.00549373135237375,-0.000298633335283334,-0.00587444904379963,-0.00158621838360724,-0.0106366294941578,0.00559170543556138,-0.00435377073551681,0.00764934931114789
2719,-0.0202005190751859,-0.0167188148267718,-0.00731859338470339,-0.0055108685233628,-0.00406402148744284,0.00782507133072428,0.0483833693904524,-0.0104272888399064,0.0123083199838479,0.035960682184697,-0.0618287452275746,-0.00358713934001105
2720,-0.0161189151239991,-0.0421728995639028,-0.00860299599554868,-0.00440584831969556,0.0237880738796428,0.0201072559128552,-0.0110382337680319,0.00343133311961763,-0.0091398447538349,-0.00119371271774235,0.000635155661303828,-0.00904054620041079
2721,-0.014120084199167,-0.0163244952432342,0.0181510672776352,0.000615519324899652,-0.00177122793218172,-0.00758165149036368,-0.00753778247276443,0.0102573014838299,-0.000314518219353006,0.00731183853886224,-0.00872016257442332,0.00730270467839783
2722,-0.0174371154898051,-0.0277869911047744,0.00780281983120569,-0.0107857452929647,0.00592045269033371,-0.0182637771126904,-0.00755913687340429,0.00793829442563841,0.0191471359722201,0.0134397157436706,0.00695258406614035,0.0154059010241251
2723,-0.00289263119199198,-0.0137413522990233,-0.000441256843700369,0.000346732684611085,-0.00411990973579465,0.00378498965599708,-0.0091876584677216,0.00329558170679499,-0.00706614248165102,-0.0115192199474316,-0.000666351560578967,-0.00022612077449594
2724,-0.00566931391948655,-0.0162000857548297,9.37509141174787e-05,0.0137296450462044,-0.0118303841598502,0.00933557851314622,0.00408936411772896,0.00961282266770307,0.00570121157456601,0.0061361040065104,-0.00426226177598481,0.0132152260781754
2725,-0.01523329128086,-0.0416618529324653,0.000742864645681852,0.0113856978981523,0.00466340677508354,-0.00541507692337295,-0.00829472409288782,0.00349459562570751,0.00201429597049025,-0.00171587393009362,-0.00248961937743159,0.00625522679081878
2726,-0.00293819990226122,-0.00634552697821315,0.00538564661924288,0.00824576326272265,0.0027808319162888,0.00090063229397107,-0.00579042719697606,-0.00186385620299859,-0.00542826079698886,-0.0102946332662088,-0.00272365715123266,-0.00555403593785455
2727,-0.00133668409639273,-0.00216428410142118,0.0016234818960917,-0.0006253436076269,-0.00104351152740075,-0.000841691599713268,-0.00130929164565016,0.00215674972730737,-0.00121480417500723,-0.00271320869817596,-0.00265087053849002,0.00318288802754751
2728,-0.0175593307216253,-0.043554059424279,-0.00580525584162051,-0.0031992849966735,0.0231361125740127,0.0213228484299276,0.0108617636019954,0.00201059701129713,-0.0270033037777313,0.00828872631955032,-0.00395512339263188,-0.00859334793741255
2729,-0.0177575247214522,-0.03923149752833,-0.00573026324213678,0.00517757446409751,0.0248142221361484,0.0177860452189568,0.033046195676895,-0.00514381677653453,-0.0293391293826186,0.00440140940300203,-6.20264905864916e-05,-0.0135785651993301
2730,-0.0166876866372135,-0.0432506107389671,-0.000485870289770208,0.00203618461333899,0.0248493068315679,0.0220389118380024,0.0212194375440574,-0.00148700378604991,-0.0367294435614677,0.00154280348867301,0.00450754195145388,-0.00240005659220327
2731,-0.0116545967145276,-0.0270686071874836,0.0166226723410233,0.00469956993326519,-0.00399057316290433,-0.000395761645855426,-0.0026257258268729,0.00421342274554424,0.00144416304828411,-0.00515435043564473,-0.00797495716171978,-0.00305035838994393
2732,-0.0129782253310442,-0.0255720228881791,0.0153395201022137,0.00424753654219735,0.019347791310613,0.0138899575258443,-0.0158700834194629,0.000671872725839482,-0.00361536480044068,0.0100135920070154,0.0059358656406121,-0.00132281304145786
2733,-0.0172956238824726,-0.0387820749067555,-0.006536895219786,0.0112030765030754,0.0144042218193938,0.0141051840729045,0.00130684874277656,0.0134617706075646,-0.0114559317495427,0.00324297828849793,-0.00883087722959079,0.00543328285384887
2734,-0.0198545117927805,-0.00948209513250824,0.00193736505031933,-0.0310845682186283,0.0444640500897635,0.00295330562666654,-0.000504845909497792,-0.00806554876701428,0.0165086059252865,0.00237839737432238,0.00824706553115738,0.00389731829978242
2735,-0.0184465444103144,0.00967287970527954,0.0116100667170212,-0.0272137744171899,0.0213555376761552,-0.0054352968521001,-0.00359078810645166,-0.0100854321640058,0.02451295479117,-0.00832430763030776,-0.0379280634514385,0.0376625341804533
2736,-0.0183737278696858,-0.0259043285457277,-0.00444766990388381,-0.0299130887103067,-0.0100622400400449,-0.0135905430169532,-0.00934280646285963,0.018337444712603,0.0254743713276924,0.00273391970981186,0.0130861433217071,0.0128246648593414
2737,-0.0259539082066578,0.00863087717309765,-0.0126769002684589,0.0251132812665019,0.0352114088901142,-0.0310821261544897,-0.0219589441355886,0.00718870088858684,-0.0244159213429348,-0.0175098477695132,0.0327410390942643,0.0127133439066002
2738,-0.00812817305751192,-0.0144239701223784,0.0175617731750862,0.00301661676346685,-0.00206550247793058,0.00764891779218068,-0.00933811405588854,-0.00636997388491973,-0.00521357696149782,-0.00341752155716676,-0.0158591601888841,0.00610327908346381
2739,-0.0219322714800505,-0.0141857657129527,-0.00269855632968419,-0.00323608115269441,0.0194760143550589,-0.00485943290840734,0.0349211724614629,-0.0100472349585903,-0.00749222766144759,0.0183054749718518,-0.0104069043674251,-0.00133239279613197
2740,-0.0268199864875172,0.010370885132525,-0.0177378936166987,0.0284393189679663,0.0328930207848588,-0.014194763594667,-0.00199190621382858,0.0200598281388293,-0.0284757746991876,-0.0033006921567412,0.0108314755192994,0.0332476483516233
2741,-0.0273184352707223,0.0146701521406038,-0.0235996188616235,0.0211666677123037,0.0233177234404831,0.0134963869272719,-0.00641540633902297,0.0210242052199061,-0.0280523557141124,0.0136546297633551,0.00344079396536864,0.0323390666961663
2742,-0.0258376264622497,0.00983272251732313,-0.0138117420632244,0.0241204926348728,0.0302343748260396,-0.0118971161759557,-0.00498090109850328,0.0261880137944654,-0.0224393892142862,0.0111435365819588,-0.00102678448255405,0.0275430748344289
2743,-0.0140945736833785,0.0161263993195042,0.0147578522635941,-0.00554671581990647,0.00153960534987016,-0.0154118070586192,-0.0104079067599406,-0.0075150947974364,0.0314573271070049,0.0156974361003467,0.0123460623710299,0.0443413046976001
2744,-0.0251869150378407,0.00382365093303672,-0.0136649240484731,0.0360024440663889,0.0291446792899321,-0.0332299679245969,0.00292306962666369,0.027563245827581,-0.0100761703614789,-9.74823597488008e-05,0.0210082056106508,0.00704156604645294
2745,-0.0188297236152291,-0.0220459942671426,-0.00761677208689973,0.0171706107118341,-0.0164306504164357,-0.0193387612082413,-0.0192066606946935,0.0146319025253526,-0.021661917989876,-0.00701353019580052,0.00770385811508412,-0.0144654904882208
2746,-0.013036745377441,0.0186801362868063,0.0195373206166651,-0.0184546427067405,0.0112687430086616,0.00484439330536611,0.00883732558815377,-0.025347145269386,-0.0162905713837058,-0.0139600035330744,-0.00146370251135826,-0.0299944517439453
2747,-0.00217390468647972,-0.0013498624133385,0.0114147120570033,0.00156984195102481,-2.65668832574285e-05,0.00384726178248995,-0.00519356147198478,-0.00539552447732325,-0.00338210445343199,-0.00145162876921429,0.00287011989760495,0.00557618896152374
2748,-0.0161138840588786,-0.000940514051174556,0.0182388867222888,0.00726733863802532,0.0105477691288344,-0.011345108671541,-0.0172955014268468,0.0145776152067555,0.003219128790848,0.00599732256510402,-0.0168933761103729,0.0146039635238503
2749,-0.0285578460928995,0.0168741297532129,-0.0329925116361116,0.0199593528655941,-0.0622694175033396,0.0176341060720029,0.00975465871951693,0.0174697472615608,0.0351082141843972,0.00270016901844105,0.0564489573295262,0.0164794516129849
2750,-0.00194921922440372,-0.00555274885549253,0.00576566863634952,-0.00275157243406866,-0.00407678133938809,0.00668077085594587,-0.00292857761050131,-0.00893923851483837,-0.00203005984152489,-0.00340383034366374,-0.000432004629033123,-0.00836587192924419
2751,-0.0174390051135396,0.0243577961991696,0.0117243562092901,-0.0259217444496039,0.00152171738166469,0.0231478828743465,-0.0117196512603764,-0.0117568661572564,0.00762398029558823,0.0371219814279615,0.0100998328647258,0.0130879480904166
2752,-0.00465367793149962,-0.00633802105436577,0.0115136731360054,0.0101574672871064,-0.00205703001724964,0.00400124525185901,0.00926879988658033,0.00320814576849034,-0.00254171617777597,-0.00445473367144315,0.00345352070150739,-0.000607762336157828
2753,-0.00414205540289456,-0.00733430297642708,0.00719623634452791,0.0045326315997881,-0.00780802376128839,-0.00146634732574344,-0.00387598040023452,-0.0100139202668616,0.00199872248367564,-5.93646428456066e-05,0.00109388272637467,0.00227405837111695
2754,-0.00228585028002628,-0.0107797468887955,0.00527836285139614,0.009786816543778,-0.00246754858674636,0.00479222772966201,-0.000326639809285345,0.000287996218427054,-0.00599891885387031,-0.0130673341981154,0.000340773746563145,-0.00484492691991563
2755,-0.00929188352272554,0.0106432940402597,0.0180915898308082,-0.00404699787952463,0.00393020774507991,0.00873571317929423,-0.00926981528297727,0.00519439855298634,-0.00798234881998794,-0.000233552845994634,1.48832610010979e-05,0.0031152317469581
2756,-0.0265361200575053,-0.0103406661905655,-0.032448148796357,-0.0152318566605951,-0.0162419282541693,-0.00341099212743786,-0.0132496331895346,0.0078950913740026,-0.0128990380803512,-0.00285076473631509,0.0231656992962957,-0.00390402755104081
2757,-0.0174050418278691,-0.0226862504735503,0.0115097779697175,-0.00370012696754962,0.0197247941735884,-0.00175031686632483,-0.0112808665713735,-0.00858671846471293,0.00870220502919498,0.000157955243868675,-0.00409977584425448,-0.0175694046261493
2758,-0.0246061318921495,0.00191129038866709,-0.0207051172107954,0.0340908592351581,0.00818966225027482,-0.0147465954497892,0.055083111348641,0.0286442818408657,0.0284619205281193,0.00379557111699882,-0.0267354270919057,0.0026252553173259
2759,-0.0154908226435588,-0.0374110518109138,0.00251733375106656,-0.0163269456539402,0.0176371662979782,0.00148144313872185,-0.0113562964679286,0.00433603657001067,-0.00254853228793453,0.00980920000753203,0.00845049513024623,0.0167419142154717
2760,-0.0161713837366387,-0.0385072786456018,0.00374741221168654,0.0133619815174069,0.00710158800307845,-0.000455736188381148,0.0023606174096475,0.0144444063020676,0.00365892075860415,0.000255461702126781,-0.00938030391412242,0.00243084628226037
2761,-0.0225132023497759,-0.0169730993083667,-0.0093849103735622,-0.00557995915685083,0.0212970485889519,0.00800569084483749,-0.00164099103394457,-0.024495466117427,0.0280547536826221,0.0195768421762332,-0.0162777730032709,0.017243009982732
2762,-0.0152089868862295,-0.0363660137600921,0.00628402390744316,0.00336501312453165,0.00569811909214075,-0.00619921532824172,-0.00730315309290112,0.0066240923962333,0.00486410050567843,-0.00578112453860873,0.00462549501648373,-0.00180441649705284
2763,-0.0237525758700656,-0.024509728527105,-0.0223629966880862,0.00467644548609082,-0.00565192975531156,-0.0325466643422321,0.0176637758944902,0.00241005449026028,-0.00548690085543648,0.023347899453873,-0.0156093447847299,-0.00510670532299787
2764,-0.00691824263103143,0.00809485906122364,0.0214034683489835,0.00999905963950522,0.000184507968558263,0.00883538999218955,-0.0158985971809368,-0.0101498946706246,-0.00219396951159995,-0.000721317770578332,0.0138992912760651,-0.00401949731663405
2765,-0.0151093017590697,0.01487777521612,0.0113447579703587,-0.0219328183435462,-0.0237892117002768,0.034115707857775,-0.0148411631603793,-0.0156977965483837,-0.00949760409752925,0.00840677901181796,0.0183659581012605,0.00355394230982773
2766,-0.0215097893807485,0.00255595533727708,-0.0235546406996053,0.0212393076350229,-0.0361546273756536,0.0267598363490249,0.00479826385776264,0.00775555961688983,0.0258054584853717,0.0818026885632878,0.019418176515987,-0.0183498494950015
2767,-0.0108736962790479,0.00464020862756069,0.0186808986172743,-0.0157660907787801,-0.0114880070307797,0.01200780715977,-0.0166204502113144,0.00357239885538122,-0.00642650574461902,0.0265553570104852,0.00050385592972662,-0.00371754052479177
2768,-0.0135456152020175,0.015084787431319,0.0179863380254832,-0.0153448997554115,-0.0106844977641442,-0.0069845091441788,0.00289800653007632,0.00841412265017108,-0.0103435702778834,-0.0017121236849268,0.00472136836040728,0.00998001572849498
2769,-0.00612318914469991,0.00137107013404963,0.0117338246345115,-0.00107399918281026,-0.0114371319392621,0.0129882220821346,-0.00994795362120879,-0.0116990525623629,-0.00668458960175352,0.0054299398514516,-0.00298128584388016,0.00580044337218009
2770,-0.00777979010595301,-0.0158517329346377,0.0182872475371984,0.0150581733193069,0.00276159203449453,0.0131627175238986,-0.0138449985709068,-0.00788003257900316,-0.00385111681155702,-0.00473980205822509,0.0111593808378421,-0.0106004323208467
2771,-0.00683951164680547,-0.00393549378354618,0.0214126954828685,0.0145397884415843,-0.0035819369702365,0.0101929823861565,-0.0113779674274147,-0.0189430836646051,0.00516337923227249,2.93343010620689e-06,-0.00429145191073701,0.00608590433254795
2772,-0.0159955149169747,-0.0281180959753165,0.0148159010917291,0.00440075768237405,0.0350804931287771,-0.00453374119870314,-0.0143061859278122,0.00898601350929121,-0.0037452349677145,0.00761930242713747,-0.00204260373951348,-0.00538395497250249
2773,-0.00366844242177128,-0.00438089130877439,0.00841443488484932,0.0132524756923565,-0.000387300444926922,0.00565879301543216,-0.0131970309192179,-7.13205738581435e-05,-0.0106310726024449,0.00374352365955357,0.000531670873776112,0.00633956073668118
2774,-0.02346188529133,0.0139515256639588,-0.00866479196273712,0.0375198986251335,0.0053475445773565,0.00212672353078451,0.00413191449171689,0.0239617614026468,-0.0261738912921235,-0.0796281537072696,-0.0817573554772586,0.00373180159841123
2775,-0.0141514840236631,0.0152678914271715,0.0128654401513091,0.0242611778275761,0.00444325465305875,0.0114803751070159,0.00646049039408381,0.0259859501743131,0.0078375125517918,-0.00170647800592004,-0.0126835197705931,-0.00793238371006464
2776,-0.0276271572263086,0.0183120167634354,-0.0298220589305198,0.0104912131174475,-0.00431002800035824,0.0494300536843411,0.0470649837182822,-0.00253495954578007,-0.0420370351602405,0.0145582932175762,-0.0209915150411759,0.0426606838995142
2777,-0.0153506987696136,-0.030373013120267,0.00756133651009923,0.0021973537579586,0.0085244778524826,-0.0175892070375582,-0.00311642732967308,-0.0157417591785246,-0.0194110787161544,0.00678132150370973,-0.0283747820203841,0.00467732164484676
2778,-0.0209897078089898,0.0164154177706608,0.0116894597232488,0.00867746384281534,0.0253308921822317,-0.032331396172939,-0.00199073255348244,0.0266650448284944,-0.00502026842517856,-0.00640722906731111,0.00225052804303365,0.0299820127556001
2779,-0.0189782708696795,0.0200129738838744,0.0142187940906144,0.00370235360989975,0.0238308100090704,-0.0178296453296469,0.00448531441418637,0.0429184626919058,-0.0147583894061866,-0.00365463839723021,0.00210194643548034,0.0143921315051651
2780,-0.0218749484457038,0.0138750704672453,0.00407578988879194,0.015195304012461,0.0264988140704009,-0.0340713207674224,-0.0045250263590177,0.0286250089155595,-0.00638650828657257,0.00614786432884108,0.0173610059492356,0.0215959245627396
2781,-0.00736110196386393,-0.000598680381958226,0.02092429201269,0.0195441602038393,0.00181681525392059,0.00571446640720164,0.00397976239384954,-0.0116478626738858,0.0119393106213314,-0.00100388827682269,0.00136947965772962,-0.0148853735887942
2782,-0.0221432188135905,0.0111603853845449,0.00651993825047217,0.0234931150056089,0.0311148353253902,-0.0325335990012121,0.00181659688510109,0.0287230113213245,-0.0157178298535867,-0.00261568949154113,0.0255302521315235,0.0214576255097181
2783,-0.00500257650392238,-0.0130720842145578,0.0108171260421869,0.000645420526418174,-0.0119056765807367,0.00555223624149491,-0.00819314862293379,0.00764896342340946,-0.0136573888419195,-0.0143343271571016,0.00484039626049311,-0.00654840729552716
2784,-0.0132861830297233,0.0233649791349878,0.00686119433057456,0.0256431693881481,-0.0135941118504208,0.0347948994582685,-0.00882298930321448,-0.017866894973302,0.0025113778952381,-0.000793750341603563,0.0200345126476292,-0.0277988596011287
2785,-0.0169470895154928,0.00243783418529978,0.00966933573132383,-0.054348493934191,-0.00121740733176733,0.0312979337351838,-0.018880573571754,-0.00833035660896858,0.00242747731406727,0.00314979447822917,0.00386862453943108,-0.0080856869499688
2786,-0.0300352387614566,0.000742658122488912,-0.0523292641348856,0.0130055410764159,-0.0478828867429402,0.0349208645376902,0.0229546601278024,-0.00820581678206441,0.00901187817963539,0.0543120472793013,0.0121511319100671,0.00687256124131243
2787,-0.00479371264655857,-0.01449698871583,0.00615665783421545,-0.0138275729901833,-0.00892331002701697,0.0104314288046826,-0.00958015538886868,0.00152848982077024,0.00586093811768015,-0.00519994219021815,-0.00429084463948925,0.0128226071191681
2788,-0.00251022768772819,-0.00559544665022996,0.00431280383202943,0.000156356007943528,-0.00476743985404398,0.00375531080371649,0.00432433746622808,-0.00483082148485428,-0.00122498345704999,-0.00784777642171833,-0.00210174460784309,-0.00239497712796298
2789,-0.0254080148275802,0.00885762228829389,-0.0124582264107819,0.023823546297365,-0.00839364105277068,0.0117747975030282,0.0348709466685986,0.0642274342474016,0.00574887793824518,-0.0283668134793624,0.0325324545306264,-0.0224634266822265
2790,-0.00115692407656122,-0.000254548296104968,0.00283874739725747,0.00207010259690816,-0.00403617486954523,0.000211399156589524,-0.000705399984629555,-0.000484575409447332,-0.00100066711195232,-0.00196011217160438,-0.00188002066850075,-0.00309041041964284
2791,-0.0100776013597164,-0.0293484940220048,-0.000260184959314279,0.030387713528707,-0.014743124267358,0.0126657125702783,0.00073865062222612,0.00351403904736902,-0.0234299653544022,-0.0190888494349651,0.00347410002473014,-0.000693790279427293
2792,-0.00200186817348651,-0.00363895859218544,-0.000544351377051961,-0.0120781358051709,-0.000517480050180124,0.00653468947939263,-0.00192439505533928,0.00292050794497919,-0.00366774845070801,-0.00398872357042795,0.000305875496871186,0.00116398493022497
2793,-0.0155969249836028,0.0223754231109883,0.00651729185527247,-0.014251994380721,-0.00407406562124111,0.0195896176196214,-0.00358530665933861,-0.00255036150730197,0.00658840122262948,0.0289601004500466,0.0149419886550933,0.00531434399350046
2794,-0.0233044814663758,0.03318612126362,-0.0062032059782871,-0.0174039904199413,-0.00414879126340369,0.034406728273317,-0.0325848456492638,-0.000391080427459179,-0.00507381927765595,0.046648261441573,0.0167216883745512,-0.0102745731380849
2795,-0.0295028048455226,0.00555253843249927,-0.0385937551211002,-0.0122417179592297,-0.0103822848987713,0.0115218063960122,-0.034669967289049,0.0220980689604964,-0.00685431194906367,-0.00106661194411525,0.0182037959402329,-0.00295278037427042
2796,-0.0239653943749279,-0.0170371466618916,-0.0316838786932421,0.00884412418172065,-0.0335967172734021,-0.0280839118899476,0.0102757170008922,-0.000895931815332911,-0.00296729860616041,-0.00857800236367463,0.00429737044643844,-0.00866583948019497
2797,-0.0135325915892835,-0.020948949201078,0.00860508670935954,0.000703146901179953,-0.0262322121545693,0.0253390966215495,0.000642295088316992,-0.000655507910204431,-0.00358374467368934,-0.00241493763084903,0.00204564029586514,0.000821172076935383
2798,-0.00944542384611548,-0.0316656571257545,0.00798322905437843,0.00491513677405684,-0.0130251519553875,0.0104374009954056,-0.0161064652786409,0.00990439125400707,-0.00607285979705118,-0.0228011599772261,0.0073793373047321,0.000179911380616451
2799,-0.0166739283930732,-0.0326963100884062,-0.00215714509561656,-0.00797426249780016,0.0180513307600292,-0.00732643360732972,-0.0206036495316445,-0.00871144896606847,-0.00373483766159871,0.00470956125043786,0.00272659231540551,0.00571244681120524
2800,-0.00480657072618454,-0.0116525436026765,0.0034978596640472,0.0010960608990234,0.00530233741700807,0.00884374744350494,0.0116598622349955,0.00471588367200341,-0.0107320693708943,-0.00258341551647929,0.0164469819762126,-0.00269751471224868
2801,-0.0114570795288067,-0.00664146183121925,0.0230461157895562,0.0311730129457047,-0.00404466314224836,0.0091009595976955,0.00939513289455684,-0.0126247214433389,-0.0062616563457755,-0.0166156740488545,0.00378358674764761,-0.00241476921634775
2802,-0.0110560303380979,-0.00277325204440971,0.0283046019489726,0.00827112673587226,0.00193879128792959,-0.00718286154988004,0.00378164065905952,-0.0126730624659582,-0.012854018402409,0.00453312697061062,-0.00378187387242979,0.00162341833946072
2803,-0.0163822563337231,-0.00705691723034775,0.0162173667587853,0.00509827260738583,0.0170291658077164,0.0079793974125415,-0.0306590700733242,-0.00854085510629882,0.0159477975252959,0.00669601293779167,-0.00957920739596897,-0.00600729161649592
2804,-0.0198156614289958,0.0165808287404797,-0.00333810839850335,0.0311717015970015,-0.0173563356528108,0.0131118210564383,-0.00533761604009457,-0.0463598357678776,0.0250592880023046,0.0121944120698348,-0.00880872923949712,0.00216377565932842
2805,-0.010213551152449,0.00855670284032825,0.0257050499419605,0.028516525189287,-0.00361167366330113,-0.00515668685199646,0.00186291386036574,-0.028701061320855,0.0145779793438998,0.00882585375293723,0.0105120952141144,-0.00461748749289992
2806,-0.0180268004738948,-0.00568158044873862,0.00875777692179811,0.0524008049864053,0.00431575686729978,-0.00275609036448884,0.0190709497304466,-0.0238090796202185,0.0170056688047487,-0.0251231356628017,-0.0109384180498984,-0.0256332410403246
2807,-0.0225959863332032,-0.0215295189621969,-0.0207025028830621,0.0115924705494107,-0.0135288525700582,-0.0309794329035945,-0.0020340280402254,-0.00847628472629199,0.0142388171149184,-0.00321590661937926,-0.00907746631343966,0.00907824946803719
2808,-0.0222427382197456,0.0111678298918413,0.000685792348587834,0.0159629346195756,-0.00820068343117544,-0.0353276600453071,-0.0130448005656229,0.0140324363725993,0.00921164077076278,-0.0209863016552367,-0.0017860197963679,-0.0184234210932941
2809,-0.00752382791117899,-0.00566431662355098,0.0252734824923184,0.0203959182253284,-0.00796347150870676,0.00633309907731934,-0.0021325176101765,-0.0349596044777902,0.0153734182422635,0.00751291805973122,0.00466162103037708,0.00459385151754319
2810,-0.0222150277340882,-0.0382422356748972,-0.0170074985328665,0.0025920370104243,0.0234389657010563,0.0147627257786387,0.0224821907684846,0.00820017982660564,-0.0224530503385774,-0.00315314838141536,0.0157182604803065,0.0014861961367001
2811,-0.0110679523306888,0.00177412830677132,0.019887206407031,0.0333401118252797,-0.00399616241296631,0.0139847466129487,0.00413465575945154,-0.00647275368646037,0.00738511306598625,-0.00121064757231712,-0.00280738993752393,0.0116976187000862
2812,-0.00635644916169067,-0.00675899206681437,0.0191026318934861,-0.000470613677677778,0.01560223544864,0.00509510062105414,-0.0162960769575694,0.00707764335809918,-0.0169291858225522,0.0130240915595019,0.00807353365671614,0.0191779492705445
2813,-0.0021729165805952,0.000450094763416203,0.00832971408040343,0.00513694712624414,0.00165789839702258,0.00129283938220996,-0.00564476968344107,-0.00288943750899221,-9.52095999955872e-05,-0.000928728173228315,0.00131904476792147,0.0024108011218662
2814,-0.00123359523370221,-0.000974320704910459,0.00292202297848091,0.0016676791653101,0.00152570098792927,0.00407747554652444,-0.00423277995880826,-0.00199258897698549,0.00054598952711464,-0.00317724286334764,0.00234105108746643,-0.00114873487012243
2815,-0.0182061974050607,-0.017647381063555,0.0158386972808796,-0.00736311076043804,0.0272308464297863,-0.00294039486667282,0.0196243564596341,0.0231497890871547,0.00427716126817617,0.0123971393830609,0.0153200919712307,-0.00881481396955422
2816,-0.0174658145895857,0.000354390460176071,0.0182357926041047,0.0107661888093238,0.0184452551005427,-0.0278390107267134,-0.0111573170753652,0.0124460893409123,-0.0115614078038075,-0.00457043880113091,-0.00984464673653458,0.00679355704689908
2817,-0.022801919590319,-0.0330530692189765,-0.0176256166625664,0.0196762865702563,0.0160055349109907,-0.00710711310607539,0.010286094887912,0.0356484671147798,-0.0178228835845664,0.0121397939052336,0.0314958860435184,0.0122509863126947
2818,-0.00796651162363905,0.0029771588385213,0.0242659053698836,0.00584162275271396,0.00276849641943569,0.00483594475702336,0.0200463723081965,-0.00417006148651898,-0.00889718414595319,0.0052526521815676,0.00582674195523691,-0.000403430263522998
2819,-0.0190321316202594,0.00586023927617736,0.0106039020133187,0.0368107701344639,0.0251556231810665,-0.0134585847492952,-0.00352495299853591,0.00657912992757181,0.042537256018432,0.000975153298679678,0.00301440023745087,-0.0126371874065953
2820,-0.0219256496174407,0.0304370995087758,-0.00758884126938968,0.0177048935964575,-0.00932036002121129,-0.00494674172410741,0.0558766948736681,-0.00333524243002523,-0.0102270395969427,0.0419372259686178,0.0333761818618622,0.0609331091662904
2821,-0.0222379433766163,0.00870227294705432,0.00942797592843649,-0.00716633227383779,0.0157955245496532,-0.00716277883320396,0.0474607963716375,0.00432764622751597,0.00331713855713225,-0.0178119937744682,0.0507473046025137,0.00926333359547251
2822,-0.0247245358776881,-0.0126605489602792,-0.00923614535692023,0.00320897887049663,0.0492746385137573,-0.0190160571246926,0.00584219535399278,-0.00702202667990053,-0.0107690913129146,0.0169384967299144,0.0168134739062919,-0.0205204074420659
2823,-0.0176595899604443,-0.0075342162736818,0.0135945487814957,0.0154774082033264,0.00879016434169433,-0.0135636797404212,0.000631020396427616,0.0125577580048536,0.0184285277322354,0.0264130230064364,-0.0123545856992816,0.0100735848645951
2824,-0.027109321046919,-0.00412270554239119,-0.0242213490280752,0.00939229592279115,0.0210171760175665,-0.0138581197183677,0.00099989164437314,-0.00859084499177564,0.00165741442565157,0.0238415439519705,-0.00965431033439,0.0010455182495826
2825,-0.016572041523355,-0.039516003168584,0.00670283411672356,0.00704785421397907,0.0162587731954619,0.000445457611390708,-0.0112161096699633,-0.00275304526363788,-0.0210949104450231,0.0052766543269564,0.00612635879286556,0.00664947754770598
2826,-0.0259169530678701,0.0135982203957252,-0.00938938390095679,-0.00382035302756188,0.00864807890190486,-0.0431663945032482,0.0217871076931387,-0.0118798084614995,-0.0289596452692673,-0.00133832993777525,-0.0269242089638661,0.0123573543883432
2827,-0.0187525024819814,0.00362185382688761,0.0133170202487821,0.00922004161036248,0.00772941789193648,-0.0442201409712143,0.0283335797675258,-0.014077637244465,-0.0175497774125716,0.0123268125826977,-0.00695270585072671,0.0213069623088491
2828,-0.00766754667683822,0.00342255016159385,0.0178538398376505,-0.0030353179590134,0.00213727435119636,-0.00559658585308602,0.00221203008688744,-0.0111626977984498,-0.00327864566844498,0.00569586072187555,-0.000943643022180432,0.00172705780259029
2829,-0.00667417039310918,0.00268796481690813,0.0161705803696358,0.00465196649417217,-0.00172665973313528,-0.00437673826695406,-9.04940452763687e-05,-0.0139182825989566,-0.00476852896537106,0.00818492427318215,0.00224846133377641,0.0100752794733585
2830,-0.00600223560148353,0.0067586102192718,0.019968571606744,0.00523655779996744,-0.0101763811797708,-0.00961226531839171,0.00311231426935546,-0.00558616221273805,0.000272769077551334,0.00580896831416698,0.00228509511989253,0.00240470695989361
2831,-0.0263128514714669,0.0049304053152851,-0.0167424552856553,-0.0223027237558071,-0.00103730091033764,-0.0023692336873806,0.0101259136600683,0.0330569987363446,0.00592208893067792,-0.00296816662024092,-0.0360358735469054,0.00457251488706339
2832,-0.0139450134219089,-0.0126681585402668,0.0217747817096727,-0.0146972786113298,-0.00768931085768638,-0.0014708312706123,0.00482833700502181,0.0116792221119584,0.017014702155651,0.00846595466399395,-0.00610378404081953,0.0134678752228284
2833,-0.0164082478433815,-0.0202878316902196,0.00960706706126037,-0.0161388312285704,-0.0148412759975608,-0.0024214616115236,0.00809536023648579,0.0141192652897508,0.0127188025985847,0.0138949362014319,-0.0163623997727581,0.0138424083049213
2834,-0.0076393590435924,-0.0219068662640181,0.012280552895147,0.00864521177984367,0.00112995303391643,0.00542330897260362,-0.00243696939094613,-0.0040611771501833,-0.0152288712894657,-0.00402880823274107,0.0075474654439375,0.000189320267526762
2835,-0.0105270167418572,0.00151092694177687,0.0245912286174279,0.00145524646252199,0.00505717649485947,-0.00369767456514712,0.0195049331129703,-0.00770640178577447,-0.00380155001279694,0.0155206606296676,0.00316638119044769,0.00958102211684407
2836,-0.0110920148665216,-0.0200605770050081,0.0192808836387119,0.00562541018057418,0.0118322084457821,0.00715551024621355,-0.004150521247717,-0.00323314233743927,-0.0202988294768007,0.00542888178857916,0.00358091237656929,-0.0102470571300627
2837,-0.00574825855325687,-0.00222403088694306,0.0169251384249587,-0.00869047991681508,-0.013665415125149,0.00813932383851246,0.000659667596966088,0.00722841423214366,0.00104401607492215,-0.00577792067951586,0.00147678665194864,0.0184990803678818
2838,-0.0175836954092316,-0.000661869306544584,0.000253854950540501,-0.016235863328765,-0.0128924870340288,0.0310291773043758,-0.00886508636924083,-0.0153218777830406,0.0134024255387503,0.00705252866600945,0.0212588579524564,0.0104110720467708
2839,-0.0266868984801835,0.0265387606081801,-0.0163405156225234,0.0110484957048241,-0.0246217264720793,0.0237720824954928,0.019311234043822,0.00641503358528033,0.00264027526381655,0.0629860248391863,0.0329382646567694,0.00438075566636
2840,-0.0206240424649813,0.0258424141734363,0.000296513167416989,-0.0043806818879802,-0.0148319517927272,0.0169330669545372,-0.0210417939119144,0.00556532531556166,0.0248817781855418,0.0384672919986127,0.019454982290863,-0.0077071860024743
2841,-0.0103059999954619,0.0120107645671241,0.0122648443954194,0.00850188408156425,-0.00150411300437839,0.00772482099114465,0.0354216884487429,-0.000990950801093409,0.00502573215108493,-0.00271797363337664,0.0187136028400058,0.0132654226815139
2842,-0.014013842902694,-0.0264025822486489,-0.0041207797366793,-0.00336600613682813,-0.0253906418134847,0.011954435284603,-0.0183990979760868,0.00907827976253186,0.00335154051706498,0.0112565327638391,0.0116113896234215,-0.00748078353495294
2843,-0.00233384132484516,-0.00185576660774203,0.0118686676636475,0.00147877495985832,-0.000595205925392315,0.0053323824660805,0.000566530992265664,-0.00270991964198342,-0.00429134652080136,-0.00448685495625627,0.00454069641292512,0.00842460379444198
2844,-0.00147662836022629,-0.00423733530119708,0.00483586395352414,-0.000458442561351183,0.000359833049592223,0.00234591322874643,-0.0028409635230316,0.000249863678418725,0.00203505086254719,-0.00208379945953243,-0.00249629496622383,-0.000167179595685214
2845,-0.00407984801729439,-0.0047889955742043,0.0147218343379307,0.00770190350969778,0.00597213554579449,0.0106141801660305,-0.00581797076737764,-0.000617750670637906,-0.00728697514415426,0.00287979719258212,0.00185891131357959,0.00145297339321858
2846,-0.0263038875387362,0.00244753156100016,-0.0230236170392516,-0.0182390898193379,-0.00993162599344201,-0.0104753891381061,-0.00246691058904568,0.00672528906335623,-0.0101670130799184,0.00576793732034507,-0.0271514714976738,-0.0121987556625878
2847,-0.020910475860458,-0.0111098222933878,0.00270894261958783,-0.0238235173870462,0.0437353601313979,0.0108998080707696,0.0312542354972662,-0.0129269362220323,-0.00356477939945518,0.00575181912363831,0.00565373612254578,-0.0111428475061751
2848,-0.0233653464096743,0.00296975868455722,-0.00355206345422203,0.0229527833033511,0.0496747556009209,-0.0298829535773684,-0.0280347956144868,0.0275347636045951,-0.0128798684663817,0.00112741945465221,0.0231684980652811,-0.00479566205267282
2849,-0.0134456821284526,0.00791778151194373,0.0214796098634779,0.0113841850354696,-0.016373403726296,-0.00973896354169221,-0.016086479156452,-0.00934164678989793,0.00791272643285263,-0.00442050919498101,-0.0101300770438616,-0.0246714561987731
2850,-0.00976395973801276,0.00783779394562293,0.0202417448250424,0.0118333053780047,-0.00681433983537379,-0.00744789525531141,-0.0175704297014957,0.00191466267048177,-0.0111691767003883,0.00667029685875919,0.00523823034593972,-0.00546673743389683
2851,-0.00122167475652642,-0.00313482896708526,0.00272391259066514,0.00143303474853614,0.000304738518779744,-0.00284433730114909,3.42109810523939e-05,-0.00366158694758732,-0.00104912210005225,0.00181058043557239,0.0081795452801784,0.00998062134834104
2852,-0.018851167520777,-0.00110945799806383,0.0142393540371261,0.0136540971497914,0.0426670562502179,-0.0336615975979291,-0.0236431797928033,0.00727113712636665,-0.00369779096693531,0.0297785956569648,0.00774854239826602,-0.00152091621219599
2853,-0.0210861292923981,-0.0284806475972335,-0.0179337092754013,-0.00482066363302595,-0.00915734172724681,-0.00502157953673767,0.0329012019665618,-0.00338348720051821,-0.00314218948475218,0.017998046933368,-0.0297771341090611,-0.00278619568746712
2854,-0.023365384137519,-0.0118461420708253,-0.00966133749410494,-0.000893576944918952,0.0278633806608165,-0.0288750170419765,-0.0111106687245985,-0.021317727422994,0.0131132857966346,0.004587336608882,-0.0209863142166024,-0.00907319787876622
2855,-0.0144753750497737,-0.026162776262319,0.0156943891436337,-0.00547132793831611,0.0143337130398988,0.00136525481350845,-0.0119572634388463,-0.00411830730735444,0.00283287887264102,0.00156959524155246,-0.0067840427832714,-0.00544066325376303
2856,-0.0219528048066162,0.00153901917600042,-0.0115628854952254,0.0224308304873567,0.00784838291358281,-0.00704226341878741,0.0668074001364551,0.0482417153173657,0.0119114982862575,0.0188177034990322,-0.0355507555309596,0.0332380130501106
2857,-0.0226756754341265,-0.00215180278679625,0.002685966201723,-0.0189496633217774,0.00567277890608357,-0.0354358236782572,0.00607936231003785,-0.00221617348653978,0.00581198119281009,-0.0163423872283949,0.00203612016971047,0.0119507496137674
2858,-0.0271049621617824,-5.27377545192102e-05,-0.0332306305882048,-0.0294211381283042,0.0082197621882769,0.0266338328545906,-0.00326859919130118,-0.0357890054726498,0.0148511803071555,0.0177925290256424,-0.075946955731356,0.0366681880559713
2859,-0.0102371747105955,-0.0112401910021153,0.0226026289713134,-0.00654310711622383,0.0151814184456527,0.00562046752097469,-0.0135688335543428,-0.00453267668678501,0.00929542725441214,-0.00279454800502779,0.0015282555879549,-0.000883949905070117
2860,-0.0203994178169801,-0.00943880101974441,0.00352478528286649,0.0168724217386411,0.0436673838634284,-0.0238461521823115,-0.0275297195012986,-0.00375032213257576,0.000282045537532061,0.0112160882452227,0.011884629351018,0.0157503734107337
2861,-0.01470163866173,-0.0367058044698111,0.00769990773067818,0.0177968108044083,0.00526239696908996,0.00713347114799046,-0.013754152164986,-0.00517084296977758,0.00072213095008009,-0.00392918838848912,-0.00016398690656662,-0.014040658881771
2862,-0.0159995320415143,-0.02412278929873,0.0150751556851918,-0.0108388582752238,0.0315857852006909,0.0050014526765286,0.000706886187450771,0.00854063562503192,-0.0107415716166877,0.0118581277618789,-0.0158970092815196,-0.00554109752430553
2863,-0.0161288003324513,-0.0457375981813692,-0.0128133452730047,0.00861216139150621,-0.00759087886222617,-0.00964038831637246,-0.01168010509966,-0.00407947547787853,-0.0085564740459286,-0.0129494519812059,-0.014473694182253,-0.0140314846824427
2864,-0.0205919732862744,-0.00602361662643686,-0.00418667658696097,-0.0232411902682203,-0.0289902090663988,0.00393863921944547,-0.00971460629017708,-0.0181561675868949,0.0166343025169575,0.0080695782707992,0.0228887560788463,0.000656678899117574
2865,-0.0196283254645738,-0.0179166396124207,-0.0030473067993704,-0.0319634485799531,-0.0194821858798391,0.0184220698942511,-0.000520909766271299,0.0206500736392338,0.0192312522887128,0.0055483588678952,-0.00160960346193955,0.0046830975654298
2866,-0.0253872470829675,0.0239460008379802,-0.0212712870304413,0.0196468496702233,-0.0231726939648699,0.0450436526101109,0.00611724460284921,-0.00046135767233097,0.0119207373628298,0.0156823841033882,0.0295126022501515,-0.0062030982198485
2867,-0.0236764733604359,0.0312545474119491,-0.0112077194841696,-0.00147232983590855,0.0158403814788729,0.0274783320623299,-0.00698600192588104,0.0313591747934371,-0.026993322286346,0.0334425947927823,-0.000853797043137707,0.0399201493348184
2868,-0.0256027361975011,-0.0140846732629327,-0.0336252647567227,-0.0166315748652065,-0.0307890354610678,0.00336631587382055,0.00470404410817208,-0.00105092893511468,0.00302017727603366,0.0175158791910017,0.00735621997409307,0.00538197377900145
2869,-0.00129716022405348,-0.00636753063054617,0.000114752594296853,0.00206867780450448,-0.000612456830621206,0.00200475164492419,0.00151441906662507,0.0023912792336825,-0.00185963119600143,-0.00799584179182152,3.98837281737739e-05,0.000544710739744011
2870,-0.00104406744904603,-0.000895826051564479,0.00313993945917689,0.00398427429063378,8.50147024298868e-05,0.000803943114948049,0.00303360563860914,-0.00125539488440748,-0.00338211280843585,-0.00175139831523541,-0.000989958225008424,-0.00478122781691624
2871,-0.0163072078291615,-0.00978826970302929,0.0144371496600543,0.00811636019650626,0.0222546371528843,0.00237439998461724,0.0129393721255368,0.00709616059254269,-0.0162964293657552,0.00746482711263074,0.00501065409738647,-0.0134345585950286
2872,-0.021136025843405,0.0128242316432568,0.00977774355609302,-0.00130500349893834,0.0051922064796583,-0.0329702879286661,0.033803993190647,-0.00859486328710063,-0.0117556721409522,0.00442484286515816,-0.0063258753570758,-0.00524695609999346
2873,-0.0232764051568915,-0.0146766280550675,-0.00170998484887193,-0.0113085227799919,0.0411481790140623,-0.00805268270260973,0.029735968698886,0.000259526516996808,0.00322003765326759,0.0209889690426827,0.00728629272871556,0.00282326279798418
2874,-0.0222336979243835,-0.0393110480099937,-0.0230868244794334,0.0101558552953354,0.0064441456940819,-0.00309811787219271,-0.00104766715048351,0.00109492273559231,-0.0154742175247277,-0.00175939242777747,0.0234438784560807,-0.00810725039952844
2875,-0.0195905621894245,-0.0381731591400377,-0.00328591799540341,0.00161315207101346,0.0111372573745052,-0.0137565581080483,-0.00217049575003006,-0.00490024893910005,0.0035979337284164,0.020075826187712,-0.00725689560834201,-0.00959273001046409
2876,-0.021449989294719,-0.0297941368464329,-0.012647866284403,0.0221977273286609,0.0217953719362064,-0.0118659040642527,-0.00601614447298026,0.031619758866953,-0.000676653368244025,-0.0011419125346904,0.0334397940240144,0.00103332837945334
2877,-0.00952277315677288,-0.0202281685071484,0.0103946612847655,0.00776222901245819,0.0105801898685234,0.00403365616360112,-0.00106004430051977,0.0162819179701089,-0.0264523388500909,-0.00710236214075006,0.00877422385628954,0.0157466459977941
2878,-0.0178581544991155,-0.036831628265952,-0.00474625692902488,0.0174799741266166,0.01540430755051,-0.00451487792286932,-0.0144439653442069,-0.00404774089274893,-0.000162173768433448,0.00424832072962981,-0.00178793068542786,0.00503163055755418
2879,-0.01701807826608,-0.031444122315514,-0.00110186159531186,-0.0204775648479361,-0.0078954647604852,0.0101300981695997,0.0149429235614155,-0.00938479655795168,0.0215568500412347,-0.00227742377318192,-0.0032477723655667,0.00952190074521128
2880,-0.0259816085202565,-0.0187080673396873,-0.0231586884224389,-0.00964776149419441,0.0320690426971684,0.00555002198075486,-0.0241087467675332,-0.0248975014417674,-0.00684022115820878,0.0213793906953635,0.0340958728437354,-0.0338689174638879
2881,-0.0173299546136142,-0.0323326700388138,0.00700177673279898,-0.000366239461728185,0.035582435271163,0.00459872784692697,0.0125179890850997,-0.000570757910513025,-0.0104634554773049,0.0111983971074564,-0.0103924596465636,-0.0105265600664299
2882,-0.0199962111599519,-0.0311728059447801,-0.00653234519214513,-0.0268406260541463,0.0275667139543974,0.0111805052393389,0.014858034658925,0.0043606731481205,-0.0162344843119744,0.00677038103968815,-0.0140555355153605,0.00770241247297538
2883,-0.0248596843075525,0.00495758596043353,-0.00801049780308958,-0.013822696294014,0.0146695099133415,-0.0470541513302798,-0.00149557769645684,-0.0173314323954325,-0.0122644113993321,-0.0117729211386669,0.00888283297331242,-0.00102747989190599
2884,-0.0180327163458314,-0.0212450126999085,0.000664510323463789,-0.00431350229774429,0.0138227252570546,-0.00485945930244161,0.00336279546484665,-0.0110018975232578,0.00491862170458444,0.0286600344860128,-0.0365643025376289,0.0135573532101483
2885,-0.0241832577060278,0.000116469809314321,-0.013715379734148,-0.0273164727295211,-0.00669097436427704,-0.0378735283337626,-0.037677362395849,0.00304053137849474,0.0205117290262213,-0.0253804067972356,0.0135129024837862,0.00189879151271387
2886,-0.0267141354295431,0.018810406983225,-0.0279765124106318,-0.00533998302858484,0.00607745168946371,0.00053663814377211,-0.071340153335336,-0.0572192251558552,0.0108680945575108,-0.0149178789451473,-0.0370791795474148,0.00565912632543156
2887,-0.0225140852050163,0.0058517891201064,0.0023888324224966,-0.000416654134714549,0.0124374853148649,-0.0208535623168891,-0.0218553030994434,-0.00137759443551465,0.0197208674160784,0.0115134482696946,-0.025034399847731,0.0109914146080838
2888,-0.011611166139162,-0.0149638336273261,0.0215317804229821,-0.0202663077491547,-0.00339842468051892,-0.00387077562733712,-0.0191323564554071,-0.0053179113202686,0.00206992668992052,-0.00501158554824328,-0.0018968193600608,0.00176411193916291
2889,-0.0265251164892096,0.00636220502534902,-0.0223609092830644,0.00705254021962993,0.0129587165111857,-0.0396146821664815,0.00183288230242738,-0.00340697394071305,-0.0300545201064016,-0.0101244261926679,-0.0313413228819231,-0.00719924191935913
2890,-0.0255647575575095,0.0107782814187302,-0.0120549450238219,-0.032968080065959,-0.00276060648376872,-0.0298299560342685,0.00298963268127431,-0.0212911796495981,0.0285668245850054,-0.0163116317442245,0.00315891505219048,-0.0417020331409994
2891,-0.00919398791505683,-0.0188914589234461,0.0183281888666445,-0.00350563475644561,0.000610399050118268,0.00802037508997593,-0.0113246205511441,-0.00342919531123718,-0.000636708242931562,-0.00318055880248524,-0.00284336968535806,-0.0022599906849716
2892,-0.0229652888325436,0.0313986949741854,-0.000979273592057904,-0.00869676753315618,0.00102795835887663,-0.0118790495799435,-0.0251337795576343,0.0143832314625454,-0.00546624260088183,-0.0372740595054801,0.007787370610214,0.00176418044690342
2893,-0.0251718937230033,0.00324687930363087,-0.0204969652008041,-0.00456253717171109,-0.0194635285942436,-0.0205644697200074,0.0297102144346079,0.0202939796819933,0.0433667307287786,0.014809721166464,-0.0231896615482441,-0.0270800956973856
2894,-0.0134315669394332,-0.00817473955237404,0.0252791522671854,-0.00726177233782327,0.00669987413455793,-0.0165811223369158,-0.013895727278202,0.00053736702305153,0.0105180408799695,-0.0052039205970085,0.00280798888376796,0.00369558498787739
2895,-0.00984239518679143,-0.0223711295157895,0.0213536278135809,0.000838738215059861,0.005122563471775,0.000646499992676953,-0.0131489927065714,0.000435249393425239,-0.0033818634356373,0.000437389463936849,0.00305481191967097,0.00261376459184418
2896,-0.0191217397331039,-0.0173698437412474,0.0120112799716321,-0.0243503992490479,0.0150819788836343,-0.0221486921260067,-0.0125111548328502,-0.0141796710213188,0.0167514648084961,0.00124331429056496,0.00266207508941192,0.0023419199615868
2897,-0.0139407702867112,-0.0179654876453247,0.0184111429551951,-0.0133440330427491,-0.00160183943619501,-0.00835059842274308,-0.00307801565337544,-0.0137725454648734,0.0140582507296514,-0.0108120084695116,-0.013671249906576,0.0101138246585764
2898,-0.0171220240295368,0.032940694989821,0.00536989672805225,0.00261798218175977,-0.00218259514695711,0.0250508307827177,-0.0396841901643724,0.0119322576474142,-0.00361950185918673,0.0361864538202472,0.00786161678263957,-0.00561516085077225
2899,-0.0311994691286112,0.0194632506749172,-0.0378115423781882,-0.0137784355742994,0.00351537519701836,0.0419972231406389,0.0392123642213676,-0.0128923487251732,-0.0402459018433125,-0.0512135701066493,0.0211816315454531,-0.0540317050052496
2900,-0.0151707986122397,-0.0056348380287161,0.00264951571176057,-0.0124839108682248,-0.031874160604164,0.0275616094604281,-0.00607833525297863,-0.0209718732387678,0.0172283212371675,0.0252778110435986,0.00425998425254717,0.0182534975774059
2901,-0.00387733962981275,-0.0102560924325493,0.00355351870589688,-0.00476413650957856,-0.00981429855192167,0.00957436021301625,-0.0118016378622306,0.00101965396040512,0.00175953168870728,-0.00180518678230492,0.00143054953262252,0.0092365098588126
2902,-0.0162362843890078,-0.0101747100218593,0.00912283932133813,0.0106957335464577,-0.0176355288059201,0.0123237729591529,-0.00544612423680288,0.00400404592890371,-0.00714308975871149,-0.00751405959607777,0.0113881441655301,0.000100708243408379
2903,-0.0150033816804786,-0.0192176435280286,0.00697128817997464,-0.0221164278599846,-0.0259743918249587,0.00738821676162209,-0.0119671641933312,-0.00368126885662779,-0.00133984647793867,0.00546848457755638,-0.01476957520971,0.00945637938535126
2904,-0.00012903010295035,-0.000329039232547402,0.000524339524127471,-0.000417249596436362,-0.000108732742703653,0.000858949841278164,0.0017694915000753,0.000538758503954131,-0.00315640551610629,7.89065309613404e-06,0.00150337251142514,0.00180931691267339
2905,-0.0141594702870858,0.0131061359916523,0.0280760358338767,-0.0113801976844759,-0.0143719518349626,-0.0110967020130468,-0.00186883625740504,-0.0023179370672546,-0.0202652330549878,0.00974449028033812,0.00197528332177974,-0.00310325567980302
2906,-0.00512410849870553,-0.0125987948997568,-0.00167341268241464,0.0141954282605656,0.0137237611493695,0.0130481006116463,-0.0148403024130273,-0.00396435997738719,-0.0179844077179019,-0.00655300377442247,0.00847886728763981,0.000954028517732205
2907,-0.010135261583848,-0.010260430168004,0.0207082061924741,0.00628923261150559,0.0217259451237665,0.0191622675102242,-0.00697667692454116,-0.00060084191790665,-0.0223063761002114,0.013469910915894,0.00474185091913178,0.00719637689465223
2908,-0.000293396811229945,-0.000432397825173384,0.000767074451933138,0.000268005753987384,-0.000884526970558147,0.000502565975261956,-0.000554599685767803,0.000123594637544711,-0.00111482776974722,0.000331507044178284,0.00136999118701601,-0.00122688805083015
2909,-0.00879819081392763,-0.0159851968284403,-0.00352858321264713,-0.0118130821089106,-0.00439257065429826,0.0388909968669079,-0.0297472410046449,-0.00792423510002685,0.000689411499461519,0.00125899817042315,-0.019685112361816,0.017643799625655
2910,-0.0199310707145828,-0.0177047127327755,-0.0102065492346938,-0.0255162962580845,-0.0235509134966545,0.0347218418444793,-0.0207915189461709,0.00590167293696463,0.0133854346493411,0.0128583971757204,0.0201948258562632,-0.00230063094504949
2911,-0.000743562535917528,-0.00189533950413992,0.00037120630367823,0.00240082613232921,-0.000477224132914534,0.0023028124156009,3.82607620793311e-05,-0.00340844830686732,-0.00489593069711524,-0.00318033407934432,-0.00370434387586459,-0.000380287556218088
2912,-0.0118419135982865,-0.022176329612592,0.00901698946883851,-0.00128484105404894,-0.0244149574609862,0.00508829268178241,0.000108477379906061,0.00863025617543323,-0.00469227708497334,-0.00446189682322196,0.00462810099239755,0.00857999474836911
2913,-0.0119528373729922,-0.0218831362248774,0.0125047738314092,-0.015661072383938,-0.0146564337263093,0.00879031915106972,-0.0152030238405301,0.00277975141833087,-0.00809599023406935,-0.0113236752232335,-0.00262560916604205,-0.00450002579624271
2914,-0.0215177057643596,-0.0114531939178778,-0.0193354459087387,-0.00124852753728497,-0.0415003043043291,-0.0161760878876275,-0.000467550990230398,-0.00262774116805321,-0.0207927201980649,0.0235299763392746,0.00167320625275161,0.000946314439039872
2915,-0.0121629734946882,0.00192491858612025,0.0181831570128654,-0.00372224481330482,-0.0155762657998689,-0.0107378910026525,-0.00815312862083627,-0.00593102724827624,-0.0054345839808343,0.0160714408495345,-0.00825856119838366,0.00370427415176158
2916,-0.000881539658179638,-0.000839296415855853,0.00374176576311319,-0.000457757391459607,0.000893387086180883,0.00176883304911125,5.82641139429013e-05,0.00199262773826644,-2.59986852165137e-05,0.00094910134554078,-0.00105746474851393,2.88135349769483e-05
2917,-0.0123813271763844,-0.0214444832868661,0.0203142634772857,-0.00832683851506924,0.0155383010193808,0.0153013293015909,0.00333794304559085,-0.00606301646842425,-0.013894968222248,0.00428156970412354,-0.0110096415050176,0.0014865821950999
2918,-0.0122325042341334,-0.0296925259134596,0.00629375667091746,0.0175057965105983,0.0167163110790088,0.0245352089058313,0.00727025598742406,0.00338881492176579,-0.00977114607645793,0.00351985187065854,0.00635060598721373,-0.00439504447998939
2919,-0.0186002422587643,-0.0491679941934785,-0.0143065408136808,0.0163200603065221,0.0188339957818444,0.00737653965873735,-0.001374439489936,0.0106597709391771,-0.00467548050108922,0.00675109512496393,0.0248948858757135,-0.00684244060113819
2920,-0.0194541628838323,-0.0242996602725584,0.0077661863320784,-0.00188261080492368,0.020247136689485,-0.033175639194099,-0.0170144639785637,-0.0218312497999785,-0.00817166107834051,-0.00887338636872823,0.00588404957277407,0.00426679023452608
2921,-0.00126347755882555,2.27675520220236e-05,0.00544026743142357,-0.0027168555471923,0.00345971837866918,0.00123054238329013,-0.00360817030510252,0.00415493579477831,-0.000590817968714403,0.000489537979723109,0.00310123416015415,0.0113717993676456
2922,-0.00781337398194028,-0.00460912949927639,0.0224675482907105,0.00461121274352048,0.0169900353249395,-2.4387008342325e-05,-0.0214107113046457,0.0131545231001588,-0.0187455061749142,0.0101103958018747,-0.00329936763198125,0.00189075482499938
2923,-0.0131354392150446,-0.00846627514654614,0.0231354444803994,-0.0160453184844676,-0.00636902711183161,-0.00834411868056756,0.00140749296404169,-0.0110576369913158,0.00170949834435877,-0.0109118364240599,-0.00292568844113285,0.0125863973239491
2924,-0.00699965942633506,-0.00914682000625836,0.0183773358419495,0.00283516952311295,0.0148191282790741,0.0158044277867637,-0.00666241929127003,0.00604106148944098,-0.00635410845794727,-0.00450401937529024,-0.00334935175282637,0.00951138970512833
2925,-0.00289986573396506,-0.012889450787323,0.000750814061858176,0.001882028253119,0.000695863765815539,0.0133970711901879,0.00657682282181878,0.00203716564990073,-0.0127080640080849,0.000226686479444249,0.00260447663311829,-0.00517760666160303
2926,-0.0122935590624509,-0.0136136364077971,0.0189987525499813,-0.0014129047044097,-0.00365055452428383,0.00237928304623725,-0.0212589219269177,-0.00332490880219066,-0.00443798905636896,0.00448957526886581,-0.00193032458944842,0.00497711913502109
2927,-0.0179624698234694,-0.0086902720010454,0.0035574883034383,0.00101288818586193,-0.0125967884601589,-0.0292925313957501,-0.00777205184516206,-0.00451221160144913,0.0104425731390667,-0.00218285936725176,0.000598848476680598,0.0198537538982485
2928,-0.0109322500855767,-0.0149502270737086,0.0199255500710957,0.0122037830808017,0.0255755356086694,-0.000548060613086366,-0.0127296509704246,0.0037631519259065,-0.0208633521210941,0.0170496202607073,0.0172093462907612,-0.0126507934203563
2929,-0.0111983812564084,-0.00725798506057128,0.0245819276478093,-0.0182508091375957,0.0209911526559338,0.00426553235856654,0.0105373461187856,-0.00170837254077745,0.00346782398187064,0.0206620307025994,-0.00548140581586572,0.00165827851987741
2930,-0.0220843034932382,-0.000201025167062653,-0.00883693512838176,-0.00498465450827169,-0.015598671143404,0.00647122846166689,-0.000444756598819274,0.00676915291772662,-0.000640953455176947,0.0353271700138262,0.0208377336366087,0.00403167724824784
2931,-0.0165396557058492,0.0294483712920324,0.00904736102856948,0.0135694421839457,-0.0338420591625496,-0.000369367796378731,-0.00160548437227388,-0.00417662608198891,-0.0277490749378369,0.0310112821925729,0.0148396518353681,0.00543688564677931
2932,-0.0308301888873279,0.0351705452559239,-0.0279930571709287,-0.0194292380836254,0.0018103712525066,0.021295043666132,-0.0196916897805146,-0.0246472327278471,-0.00352892795504947,0.00568152191470472,0.0224807168155265,-0.00209251127511206
2933,-0.0284666388770288,0.0151896427813725,-0.0302791769466974,-0.0294661702777644,-0.00366456402147452,0.00455394309487179,-0.0210244797746211,-0.0245069653577318,0.0133004322508106,0.00647461572566077,0.00410625156733718,0.03691259607009
2934,-0.00249887913420306,-0.000579388788972134,0.000978125238988925,0.00381719185551727,-0.00678678993095164,0.00229029822562095,-0.00912518772190737,0.00454591237600112,-0.00328333688832299,0.000226488634752788,-0.00101766573425646,0.00131786473257245
2935,-0.0120069531538015,-0.024457256322926,0.00120193707189842,0.0254971739215203,-0.0331754447071786,0.029791073743806,-0.0162708639857834,0.00578410566608294,-0.0111000925145432,-0.0140326288905081,-0.0123964827395343,0.0141784497887346
2936,-0.000696587306002131,-0.00181690174362695,0.00176631708072895,0.000854667721400806,-0.000747787248243058,0.0020698432942938,-9.295108891673e-07,-0.0013071848217231,-0.000779651649704372,-0.00125353952371371,-0.0019285006121186,0.000580718929053814
2937,-0.0212238836539456,-0.0339978027658735,-0.00939375150160515,-0.000297423008343129,0.0169066331864953,-0.013871762110569,-0.0177723754495237,-0.0188685360061219,0.000433942118068055,0.0190914797946513,-0.00971371433652722,-0.000563489087487652
2938,-0.0211328727453608,0.00394560874746868,0.002072689317599,0.0318628105533724,0.0272327238123902,0.00361594876317408,0.0304486656054618,0.00263731547238345,0.00605450287059143,-0.0166811074698644,-0.0138601917546247,0.00306409498688172
2939,-0.00219198054988434,-0.0070525890012012,0.00422661364960919,0.00328053325062711,0.0110929182241929,0.00312002484447693,-0.00579801829497977,-0.00108363678206188,-0.00315316983725359,-0.00738076677235223,-0.00180708130149511,0.00777746752030457
2940,-0.022088776715942,0.0175437725985098,-0.00367783432092053,-0.034098938483834,0.000709692169761269,0.011722764676155,-0.0109858902126357,0.00972353504482467,0.0175842357622463,0.00935613942674762,0.0174209391923122,-0.00369097031880072
2941,-0.0190728642335758,0.0335456460909507,0.000184810914660799,-0.0115318233283994,0.0111990562324589,0.0374914895055764,-0.000870578565743093,0.00956774595380419,0.0170727443622278,0.0266052343584312,-0.00913380920095255,-0.00248687190701054
2942,-0.0215536968728079,0.0164637371321701,-0.00784541326739523,-0.0250829283720141,0.0104115927528268,0.0506755696667108,0.0154411882557234,-0.026231433554404,-0.00817469880154589,0.0173204336760452,0.0234845544361796,-0.0314611736953912
2943,-0.0138800040697752,-0.0236275801696752,0.0127397640059819,-0.00536925088192462,-0.0129355624834175,0.00335340955834929,-0.010155029910592,0.0146873783315131,0.00294918519300288,-0.00616281267814147,0.00716075277213049,0.0130883130772032
2944,-0.0267314206229204,0.019132460664102,-0.0207529389643727,-0.00949134841326523,-0.00625540700605701,0.0321047419545631,0.036346332980675,-0.0157742024705249,0.0136085124049639,-0.0197189925662172,0.0572161647371632,-0.0262738178343934
2945,-0.0273018539999639,-0.0012520974596397,-0.0466248809538233,0.0141591650450205,-0.054652520054688,0.0118666681464211,0.00351908848269569,-0.0269217035249694,0.0316788300396392,0.0368603872626776,0.0381573905548586,-0.0217569733825423
2946,-0.00632865226586069,-0.0120234632901266,0.0129924128469537,-0.0141020669969071,-0.0221475245443004,0.0108690248619123,0.00317663601111399,0.00305399542809576,0.00167907389931055,-0.0129432087059629,-0.00806884280952798,0.00266565928115766
2947,-0.00473282603921809,-0.00509872670826352,0.00777012150522796,6.09225574101043e-05,-0.0115798521401006,0.00363531200842957,-0.00873066641224772,-0.000782030671867631,-0.0111032408447097,-0.00366041221091531,-0.00932096283880908,0.00371258595860171
2948,-0.0213601927128374,-0.024208474320696,-0.0260810914947983,-0.0135821399406512,-0.00692035690400718,0.0309828988296143,0.00157980903485616,0.0181048468487428,-0.0129518619773502,0.0210639790085542,0.0263727935693537,-0.0201320993023723
2949,-0.000602615281109651,0.00196723979603824,0.00491901784142885,-0.00694202480044053,0.00143140917727928,0.00509792665010159,0.00945179014334692,-0.00500596174971125,-0.00304511131288515,0.00150455033550756,0.00358677832929825,-0.00313894845414697
2950,-0.011058441686217,-0.00146085311120714,0.0256919270339753,0.00813000556286255,0.00045618767182403,0.00103777020931193,-0.0169726268168137,0.019904524041666,-0.0130269730933473,-0.00501759602481629,0.00178787978036139,-0.0104171581885664
2951,-0.00139039546104788,-0.00105327143456458,0.00470603683309475,-0.000503005157658505,-0.000993302493502845,0.00206747457201145,0.000193029723019646,-0.000110580435874945,-0.00224371545706984,-0.00382400732191289,0.00147848542476811,0.00419934031699638
2952,-0.0170601378727052,-0.0278880484031096,0.00579349908076886,0.00313159650254926,0.0183274424918796,-0.0157356357381248,-0.0175449440892311,-0.0281506032993779,0.00662274774580222,0.0118354640843298,-0.00641115820227458,-0.00454799967014039
2953,-0.0236634731281701,-0.00946849108990139,-0.0116136406375078,0.0162383425966806,0.0108395247608581,-0.0327511500988652,-0.0136129848794662,-0.00839024609460475,0.0160649839279632,0.0396755240833194,0.032164986974483,0.0240004596792972
2954,-0.0198272671369126,-0.0127557357413475,-0.00083991237659914,0.00944553324787178,0.00964482030067854,-0.038357424350097,-0.0226671602626346,-0.000341977520001937,0.00296892422624073,0.00358982367125692,-0.0166123979345594,0.000827683874313161
2955,-0.00947486230411298,-0.0282607114872848,0.0111916359827527,0.00306696667844113,0.0170354729282134,0.0145507770141473,-0.0110577309663967,-0.00669874913101129,-0.0119598244708543,-0.00513548562656711,-0.00370081298436426,0.00359311067346878
2956,-0.000419520636744868,-0.00109850337096566,-0.00326825917495543,0.00246164971437397,0.00483860856526817,-0.00294899788508748,-0.00073846432539007,-0.00194557518671568,-0.00116259179082612,0.000373815652313774,0.00587608079410203,0.00202836610436305
2957,-0.0221208449299343,0.022903524126803,-0.0113576859472925,0.00545266339582112,-0.0185547340867563,0.0218278031045187,-0.0331370243295276,0.00517709954722394,-0.00997750611389103,0.00750625080768576,0.00794397465878566,0.022665464083234
2958,-0.0248258814099391,0.0128833259182455,-0.0228110980327592,-0.00163219731690825,-0.0351492582754129,0.0183986544405682,0.0154326224266885,-0.0104117524128818,-0.00360077408922876,0.0432051668747798,0.0471912310225701,-0.0170498557497086
2959,-0.0275759925500567,0.0163131464410063,-0.0289324312137964,0.00532790559008905,0.00485807299536272,0.0657289339351007,0.050607145232294,0.0284461636215192,-0.0164269151468201,-0.00395305361459062,-0.0309962141977508,-0.0198075605216838
2960,-0.0254093254955493,0.00257741244130653,-0.0325272366457666,-0.00658602556478662,-0.0290571470697999,0.0457110766588677,-0.0375344444228421,-0.0235533137711984,0.0375284036083791,0.0217644090134689,-0.0158737910843525,-0.083779122052934
2961,-0.0135151421436363,0.0192132625884282,0.00818287120850736,0.0160623592609055,-0.0364668800608091,0.00580936820302943,-0.00773953147712438,0.00700848553228433,-0.0127036661239198,0.00592292527249961,0.0179547901488914,0.0168913065365335
2962,-0.0265929165954262,0.0197311024833948,-0.0121310572064739,-0.027914352984425,-0.0103073977481363,-0.0146432701069479,-0.0145089326613785,0.00802551041411807,-0.00901072384279054,-0.00306949071897217,0.00256097200912194,-0.019440149960027
2963,-0.0212914261255304,0.00518360332648137,-0.0159843471246841,-0.0340013409032326,-0.0285348951421849,0.0192846601529597,-0.0234206314535822,-0.0193921467573864,0.0188315938708554,0.0255326030906925,0.0325359549703563,0.0181633240470427
2964,-0.0102637114608925,0.0124461409102399,0.016340839476754,8.79812150979434e-05,-0.0181649530205658,-0.00612895702018347,-0.00590341318674305,-0.00421085124218308,-0.00366007009743345,0.0109096754104951,0.00388764861606019,0.00616153189405369
2965,-0.0202500575967937,-0.00687352915853279,0.00541050530587536,0.0175264745565934,-0.0238915949896612,-0.00618122339304467,0.0102969187718817,-0.00423627903808864,0.0243148548697084,-0.00294067544855195,0.0209502477705532,0.0265104116740497
2966,-0.0166543450622954,-0.0346056123482477,-0.0103062870979334,0.0204714392199581,-0.0313799027664913,0.00695557743454578,0.00541001825339916,0.00167086574994048,-0.0216904899568302,-0.00774250453127621,0.00500529505480477,0.0066579374315033
2967,-0.0125357137826687,-0.0206944907464848,-0.00026039296577442,-0.0156153323788787,-0.0100762846897854,0.010624640524864,-0.00129391099158738,-0.00045100597666863,0.0112484360987146,-0.011807146932994,-0.0206208425915322,-0.00474876739655998
2968,-0.000358329774268592,0.00178558742452005,0.000716165127988113,0.00116785807034526,0.00591283987498147,0.00159717059019251,0.000322007977325741,0.00116129722187982,-0.00194720505033992,-0.000618044611613102,0.00146575512937143,0.000763163530327903
2969,-0.0236735518585918,0.00937413819144213,-0.0201086726509775,-0.0270661496837307,-0.0102480195161039,0.026023993655107,-0.0236173030554104,0.0152273306240281,0.0298432880211393,0.0379970112209749,0.0300039213610309,0.0208439283170927
2970,-0.0238213151580657,0.0144759383664764,-0.0160991235301038,-0.0207163265030397,-0.0237810880482338,0.0174240377957187,-0.0181522413437217,-0.00138595891171352,0.0327116790295778,0.024017038482184,0.0207447760254122,0.0159535129261524
2971,-0.000561562171736654,-0.000129176337028974,0.00145495848149066,0.00190161550199774,0.000595964422119895,-2.41251118993391e-05,0.000163535055273161,-0.00053983407784094,-0.000683623680575467,-0.000906011102402316,-0.000916823567251764,-5.29326376505445e-05
2972,-0.0131381139363528,-0.0233190374904798,0.00401160607698868,-0.00798599986251608,-0.00279998859606344,0.00529967071602515,0.0074893859712369,0.00346920271762896,-0.0297284348695238,-0.0193229581008418,0.0143652982905941,0.0340201516506127
2973,-0.0244483636965746,0.0116873259630164,-0.0125925005019518,-0.0314056246071664,0.00339843908645803,0.019692190094412,0.00805469619850178,-0.0146008724573098,-0.0153215831678449,0.0210325729882611,0.00998701528482721,-0.011920371058371
2974,-0.0116460727485245,0.0138418244103464,0.00624158975739245,0.00873908734803646,-0.00968958558053594,0.0337126450762116,-0.0125838663193256,0.0145688940038382,0.0030857687806905,0.0131956745205942,-0.0115730906552119,0.0130025500120583
2975,-0.0068284347774921,-0.0170748526991463,0.00898747160330359,0.00567833026909141,-0.0232652761062838,0.0248550169958055,-0.00856407951268639,0.00755289443874327,-0.0178270315910671,-0.00942415772214187,-0.00355126544668713,0.0128238779786318
2976,-0.0172888476695797,-0.0145886891584325,0.00883665660096465,-0.0272093809633223,0.0210048518877633,-0.0092914066292506,-0.0139580008806987,-0.00503159261792606,0.0117950635037485,0.0110173976061231,-0.00938770123713887,0.0317726308154718
2977,-0.0248573912624247,-0.0160691622793139,-0.0103547834574791,0.0112486594239436,0.0425789528216722,-0.0269429574416019,-0.0129566780936128,-0.0023397821593302,-0.0134155551801795,0.000916157779905659,0.0272142453052271,-0.0103697528372976
2978,-0.0184464370082446,0.013849291747394,0.0187749530101937,0.00170683259384375,0.0212123796781446,-0.0220151644783621,-0.0135626367828219,0.0236012649179713,0.00954303755803558,0.0140906247810005,-0.00841218660011589,0.0138430704152618
2979,-0.023981352622434,-0.0101205259280078,-0.00578772982333496,0.00211348588784271,0.0238848888434795,-0.0401581423377925,-0.0304259229974695,-0.00928777057187087,0.023779824044391,0.00550770663702628,0.0137937349371164,-0.00617840012524684
2980,-0.012975712137762,-0.0273343399810069,0.0110521333515182,-0.0141751994764183,0.0269077188135166,0.0084521329012029,0.00536665405088555,-0.00535150703016366,-0.00711275772620479,0.00963329635759645,0.000704874946072999,0.00988530217017919
2981,-0.0184151312312507,-0.0289904655038873,0.00319038504042633,0.0158396182191267,0.0297672072959971,-0.0233060167776189,-6.89945317690808e-05,-0.00367978299046117,-0.014145876824332,0.015430894572421,-0.00925432184825038,0.00787362334881349
2982,-0.0219712334621865,-0.0274435052959684,-0.0161195904806566,0.00728871496282176,0.0113071813795294,-0.0180591023374214,-0.0111391148258782,-0.0244090447822603,0.0108080470766887,0.0168483675782269,0.00258688886391164,0.0142675663319197
2983,-0.000192839416454524,0.000975550465500055,0.00103668038426651,0.000598677551643736,-0.000634118654228257,-0.000148773175257529,-0.000516811304318097,0.000396375505572127,-0.00197542791294247,0.000528023887707109,-0.000290422019122472,-0.000256598560042065
2984,-0.0263205096394146,0.0164864231879688,-0.0198340634516234,0.00506202136167588,-0.0117890303017498,0.0264840267264094,-0.0258724350265714,-0.0326519472739283,0.0179013618603511,0.0161460939763383,0.00256224004555733,-0.00122902647381577
2985,-0.0196976407690932,-0.0121004504787211,0.0079048632351887,0.00525995421868602,0.0246328885814417,-0.0206260010588915,-0.0165846996288688,-0.00351559298174424,0.0175165927979584,0.0211294273118643,-0.0234866262829452,-0.00289984305978837
2986,-0.000464332801284585,-0.000972456791800184,0.00126248398223663,-0.00134315633804857,-0.000500725617152027,-0.00151248194527044,-0.000900513811069006,0.00264015446620675,-0.00304550554635835,0.00223990331770928,0.00117137505302945,0.00400998623555485
2987,-0.0171645520224332,0.0081493587086206,0.0170568151757882,-0.0120418358124423,0.0148640757502885,-0.0122335224102671,-0.0298667868692032,-0.0157887440386937,0.0109664862693376,0.022161793335243,-0.0160004380644076,0.0149711405557861
2988,-0.00116715006193893,-0.00493449599586789,-0.00609747337158485,0.00150599832695252,0.00599573787980978,-0.000731195126158305,-0.00447901897532134,-0.00303931904529048,-0.000162829480671541,0.00517066747618421,-0.00115023811949564,-0.00168354811638804
2989,-0.0154557528300894,0.0201380736456753,0.0152569511346516,0.0204673608392565,0.00279001981553595,-0.013337560106581,0.0209856584545554,0.000678104384791082,-0.00792351758612789,0.00730614057319725,-0.0152717574765574,-0.0076305174903467
2990,-0.000107586963910867,-1.82138927078847e-05,-0.000365419212190901,-0.000627447852150755,-0.00029977294224155,0.000315110889275724,5.67879275292647e-05,-0.000831859887149114,-0.000408788056771323,0.000301287615376919,-2.64798545853904e-05,-0.000137792183503432
2991,-0.0256041145452146,0.00933713687260308,-0.0151284069618803,0.0158503705641137,-0.00854464552822498,-0.0503909667459872,0.0153320328603897,-0.0471355099263547,-0.0274128827953061,-0.0118429263719883,-0.0269281914788037,0.0216997753355047
2992,-0.0137124346378199,-0.0233851575901347,0.0174295247945355,-0.0100070848269676,0.0129709524829279,-0.00678026127629945,-0.011400168475696,-0.0149774879210298,1.5984581006992e-05,-0.0100378817282899,-0.00900476064597789,-0.00389478943801474
2993,-0.000864059326444726,-0.000162340021545369,0.00338526200137832,-0.00101796421122609,-0.000591494067682573,0.00128041725478495,-0.000348548804590714,0.00410467502189405,-0.0107646968928837,-0.00295013456802663,0.00630815617711401,0.00879210387542128
2994,-0.0214931126754166,0.00676656069708153,0.00911517931407799,0.0156826516687861,-0.00719177272282481,-0.00315834027853127,0.0291810881466953,0.02053847745375,-0.00232462018767582,-0.0311528530018145,0.0127961507825626,-0.0121715070191535
2995,-0.0164855746641095,-0.0020325539989341,0.0158658699847055,-0.00634117656958045,0.0112962060154865,-0.0189084804197058,-0.0084301415695127,-0.0263897749696483,0.0166438889974552,-0.00150687693113326,0.000186750057512534,0.0239922736472813
2996,-0.00450173640262286,-0.0163864006153027,0.00296843194076733,0.00594917343239455,0.00831967226892191,0.00719889899593999,-0.0090265853436628,-0.000160410771793968,-0.00202459241990706,-0.0036960042023057,0.00397833431951787,0.00247326549502616
2997,-0.00150036347652032,-0.0020515866827633,0.00469976929392414,0.0182856437270461,0.00188766496297082,0.00647253184956104,-0.000187266696823837,-0.0091068934723676,0.00113224816030367,0.000900311158000031,-0.00512915688250761,0.00448584974990492
2998,-0.0150787118517746,-0.0250079599056748,0.0104029275008834,-0.0146287175984395,0.0153928045255345,0.0144054119136891,-0.00649598837252835,-0.00594539249520449,0.00623550442553949,-0.0131097814295631,0.00239310528027431,0.00157043396828943
2999,-0.0100874993407373,-0.0130333664554452,0.0178504475803238,0.0106513657003835,-0.01797413089299,0.0031837079213351,-0.00865243291772867,-0.00335043484595199,0.00390731699337015,-0.0129347547963277,0.0106002349168116,-0.0036292360193145
3000,-0.022351237751242,0.0220115492491719,-0.00940787748397397,-0.0100507199252505,-0.0115639230661306,0.0144905843455868,-0.0376137027171542,-0.0186778566526175,0.0239261772760978,0.0364128964211483,-0.015328425762946,-0.0178898222994908
3001,-0.000576039550963152,-0.000108226681030246,0.00225684133425221,-0.000678642807484057,-0.000394329378455048,0.000853611503189966,-0.000232365869727142,0.00273645001459603,-0.00717646459525581,-0.00196675637868442,0.00420543745140934,0.00586140258361419
3002,-0.00866665553463909,-0.0274123491533073,0.00631586187069043,0.00582728002500312,-0.0105609933346606,0.00698971643577012,0.00348409362927354,0.009885414530547,-0.00508910123837318,-0.0118285676692651,-0.00806112464135756,-0.00055272365113057
3003,-0.0123113528221729,-0.0252531869809023,0.0172704818074901,0.00322239767648654,0.0118422010883054,0.00825963716493011,-0.0118697606567184,0.000314177891618436,-0.00159215102236332,-0.00381560160575963,-0.00144604239429444,0.011624200853032
3004,-0.00871024917378039,-0.0265904488414971,0.00588666365545068,0.0158430496813611,-0.0133854743078235,0.0060497284398369,0.00267700504620724,-0.00166449996077165,-0.00924960741115285,-0.00812365888594964,-0.00150002141964578,-0.00338420426786938
3005,-0.0149938389888835,-0.0456158212114211,-0.00921056578546824,0.0118200138032621,0.00611255556555373,-0.00151761711425117,-0.00970807000834925,0.00992092497772195,-0.00142171279076518,-0.0144879410097518,0.00432493482513852,0.0142403999696138
3006,-0.013880229915365,0.0134883437384698,0.0173088484769186,-0.0238413614078562,-0.0151252519231032,0.02870039839021,-0.00890971128140598,0.000808359554750294,-0.0105578653394147,0.0163045381502088,-0.000910681586660218,0.0215044682869812
3007,-3.7787390823651e-05,-3.75916625725204e-05,0.000284994781032309,-4.15594351493453e-05,-9.04195565792317e-05,0.000211833237727588,-9.95146309356541e-05,-0.00020729240887266,-0.000226517491636747,-1.04498974951426e-05,1.36584334793278e-05,0.000222961382384802
3009,-0.0157173523394265,-0.0160399214473645,0.0188003800137412,0.00883495616558033,0.0222539359412563,-0.0104058315307587,-0.0266867025401631,-0.000165333607812249,0.000739929041299516,0.0176571636321606,0.00592728079511139,-0.0101945789870147
3010,-0.00243978755411931,-0.00581773808878108,0.000346531549006268,0.00374891697633619,0.000670789130569787,0.018329566821624,0.0064592880194117,-0.00736427098025091,-2.65408040556789e-05,0.00358364733020675,0.00062552797343606,0.00314359995779923
3011,-0.00108496302951832,-0.00182665881950695,-0.00295153319932583,-0.00710247945517268,0.00406726167759376,-0.00728657659138995,-0.00340952402335421,-0.00414757241406986,0.00885400049229973,0.0105431292444071,0.00312702551980503,-0.000480754266162739
3012,-0.0116713249777977,-0.00825064667043292,0.0191189514979946,0.0279254822054092,-0.0159915103727724,-0.0168492846228076,0.00135346683676643,-0.0057864144638275,0.00266997513200521,-0.00484116486340273,0.0128150451705732,0.0151059953274938
3013,-0.0012972964366083,0.00279580040038377,0.0031960574966175,0.00383232705585693,0.00295473389243206,-0.00118379759870456,-0.00923773946906303,0.00887959490109765,0.000700653736095579,0.00712547186401858,0.00373529636843159,0.00510793587343576
3014,-0.000290157281161443,-0.000511849743017199,0.000927953584656849,-0.000936975197803168,0.000513447892665094,-0.000699311595277718,-0.00146481618849854,0.00243482377270385,-0.00180908914217002,0.00221623853722103,0.00184002293411033,0.00435393428340628
3015,-0.0144147054261866,0.00784058379158339,-0.00198923795818776,-0.00287109267799342,-0.0196794919741965,0.0231914381889288,-0.0233179965634402,0.0162641960240037,0.0442475563737184,0.0447562400510908,0.010559072316562,0.0039087500186302
3016,-0.00836726261422357,-0.00629206248374022,0.0134855172014068,-0.00376656759105339,-0.0175081391368034,0.0203463897772486,-0.000843720185162391,0.00458147608699853,-0.0135955665550567,0.00331090773320303,-0.0123849669364488,0.0126958962167094
3017,-0.00909702937606423,-0.011529060968456,0.00732534055632651,-0.00642677476830145,-0.0225508796266464,0.0129728359457788,0.0116412265742384,0.00372658805410833,-0.010888913729494,0.000797911530166068,-0.00123281436107634,0.00745024018439942
3018,-0.0122453466961511,-0.0280016039596683,-0.0063590519176783,-0.00140162679484455,-0.0191340102298493,0.0237347371598807,-0.00882301139452433,0.0300905084887816,-0.0159012495005416,-0.00954212109427404,0.00836571850925739,0.0342364840336654
3019,-0.00280657602573894,-0.00533598896017529,0.00773634997766541,0.00134508375857337,-0.00637213103686792,-2.99618971541979e-05,-0.00747269199504399,-0.00414911038832942,-0.00110141972530501,-0.00262365413542484,0.0014712487271822,-0.0042269716155353
3020,-0.0127616999961161,0.0139336329208784,0.0276053155817504,0.000676534189191863,-0.00800203182559853,-0.0116173610442272,0.0164432612959899,-0.00663296954861053,-0.0184475593099167,-0.0062384030409325,0.000226996983767889,-0.00228808707726056
3021,-0.0211053161398578,-0.00798902330901649,-0.000879905212224881,-0.0276403928678619,0.0341343415914813,-0.0169897872002925,0.00999292297817498,-0.00897491728476738,-0.0175253076952092,-0.0149099093165679,-0.023344977442848,0.015957871929798
3023,-0.0250976086060518,-0.00431415318254283,-0.0107260419122373,-0.0192825730952995,-0.0113552219066998,-0.0253632137630118,-0.0129795549788891,0.00165836782026439,0.00691522872302422,-0.0178110107367356,0.0296706410420759,-0.0398763934843966
3024,-0.0202958262011708,0.0168629814231876,0.00675579820753259,-0.0444072220110892,0.0211562846645047,0.0217595930204061,0.00772873296433478,-0.012549214450381,-0.00389248824165348,-0.00821975358622575,-0.0311037515423645,0.000724811220408735
3025,-0.0124398352210014,0.0138203659109189,0.0243152680547476,-0.0316448660276782,0.00433550385642375,0.01781522095392,0.00651170595480744,0.00121787489882359,0.00296430864279209,3.4845175141594e-05,-0.00156693565586717,-0.00158678578610155
3026,-0.0184978459882558,0.0190670739612678,0.0165238677010164,-0.00863542661370941,-0.00215482690173824,-0.0129376124361409,-0.0363941477703137,-0.02557811178854,0.00969146259276744,-0.00234598266958092,-0.00594976307715419,-0.00989974762993286
3027,-0.0224149185010394,0.0122539340421666,-0.00620177187097924,-0.00758675858880977,-0.00513703263396466,-0.0135716449361163,-0.00897548074428856,-0.0297140952048056,-0.00158585191616674,-0.0126243522229312,0.020342617632513,-0.0106848091519123
3028,-0.0198968098487839,-0.0095139808575569,-0.000482531605737293,-0.0171932939450028,0.0104958453527051,-0.0134902613115655,-0.00390330194236366,-0.00578048103853498,0.0361763482521954,0.0160355263758732,-0.0215812568084344,0.021921489812334
3029,-0.0245305895921641,0.0194751184385513,-0.00569193200249754,-0.0248176680818226,-0.0140495236537096,-0.0335237008851901,-0.0356668192856546,-6.27131841454554e-05,0.0257983171625463,-0.0185102491027066,0.0171663048600607,0.0125415524455679
3030,-0.0245855215632753,0.0165993730926229,-0.0141949060747596,0.00962167338637886,-0.0174939662651709,-0.0302969757623748,0.0462212821419448,-0.0235990454341296,-0.0410537024571321,-0.0215495234659795,0.00414175754006941,-0.0233611738471755
3031,-0.016757708941255,0.0126715514205145,0.0130808697114163,0.0045792307406079,-0.016859144496197,-0.0156240224844851,0.0201966945710978,-0.0126893500644227,-0.0324019880796338,-0.00187132122573843,0.000764146828187425,-0.0373715785493645
3032,-0.0257451933108432,0.0172419939018758,-0.0128829207041409,-0.0379199173095701,0.00213516115655904,0.00260699522040329,0.00669205967712334,-0.00890845433162157,-0.016527392304696,-0.00978902534743015,-0.021418389558437,-0.0153618508088084
3033,-0.0260861692054331,0.026339452174273,-0.0159095517520222,-0.00749346129730129,0.0169078575258216,-0.0108893467888172,-0.0356522289018441,0.0287889059258297,-0.01554346423644,-0.00481229207048049,0.00106014107307764,0.00655826356278683
3034,-0.0177445708067657,0.0240294035806985,0.010891122395484,-0.0279016181746812,0.0169798871641628,-0.0135653373243272,-0.0317473667282972,0.00742454695214877,0.000792656832450716,-0.0174972721751481,-0.035368332264498,-0.0168621885284877
3035,-0.0158436614766816,0.00551194107037202,0.0182989757567861,-0.00845655479652099,-0.00158817011144224,-0.00213504834341415,0.0142846276959222,-0.0155079227766913,0.00485236965692577,0.0158488889897644,-0.033506006699603,-0.0257343388081285
3036,-0.0201287696959497,0.020402167086013,0.00966996296417954,-0.0325358546383391,0.00576892172339861,-0.0250075395920575,-0.00744611284901974,0.00729865565130875,0.0183159213256816,-0.0174041731311561,0.0270678717564737,-0.0223699265381092
3037,-0.0223984077387488,-0.0178634691246294,-0.0211918908438965,-0.0337382639401631,-0.00365354626180819,0.0141864702338725,-0.0136428553042241,0.00609095964819502,0.0332692962997366,-0.000789105391604779,-0.0122494035131559,-0.0105314293718388
3038,-0.0215598921710043,0.00431129374246256,0.00151020670303848,-0.0224455685605457,-0.0209899875442833,-0.0331038903244953,0.00638449939662345,-0.00763355799061935,-0.00388447826068794,0.00326612212749831,-0.00511801478577787,-0.00720606908021191
3039,-0.0168731285287341,-0.00383912832373108,0.00390697387742748,0.0166559051053348,-0.0316708167846322,-0.0148343325861495,-0.000218454383196007,0.0275652282605818,0.0258686604925992,0.00499947923113524,-0.00870370739203108,-0.00804715157160936
3040,-0.0220952833852046,0.0144621032606874,-0.011493704343483,0.00169217793228343,-0.0192796194117796,-0.0148782787755299,-0.0173737991104652,-0.0168646772502399,-0.0362566297359159,-0.00205013856689194,-0.0188358647892403,-0.010529740765907
3041,-0.0196044875412561,0.0106582012665742,0.00869315071065237,0.0115817709530153,-0.00939049683445667,0.0152938233787128,0.00910515711139882,0.000294576390285038,0.0172233712728105,-0.00322256050562521,-0.0415550143543428,-0.0139928147025771
3042,-0.0248886469318501,-0.00066548446403481,-0.0140677614904078,0.038435712216422,-0.0172841889354723,-0.0146050011191929,0.0159172897441058,0.055784887915003,-0.0215314316846261,-0.0309911866094451,0.0119836305232459,-0.0208675397946558
3043,-0.0177778475136175,-0.0240437333598453,-0.00840467620614259,0.0275557168769249,-0.020348181202677,-0.0324948293619442,0.020509824565831,0.0242582624508892,0.0126676631713898,-0.0140043123217588,0.0127447614049368,-0.00965296109051446
3044,-0.0242317916014204,0.00627660353338163,-0.0165418976404306,0.0213362450725914,-0.0173204623726231,-0.0169882336875713,0.00296540279611245,0.0324694195271061,-0.00614317133221283,0.00334361310963446,0.00114793694243657,0.00485240864452726
3045,-0.00823384195970053,0.0153132212536646,0.0235448116537207,-0.00581063837112188,0.0030126724261994,0.00148755129508704,-0.00244222470270673,0.00225272098067606,-0.0102322827454534,0.00929731248481227,-0.00141747443027751,-0.00215506778237301
3046,-0.0201194371040828,0.0214999323916316,0.00802233298777106,-0.0215374254002112,0.0155167229780017,0.00460296867804171,-0.00425787854349974,-0.00389213374615477,0.0119647733116407,0.0015639267021092,-0.00609283285320325,-0.00741593659738239
3047,-0.0182190405073069,0.0146744982937253,0.0133854718240331,-0.0295478154672867,-0.000160267658013996,-0.00779343384096505,0.00225189744149079,-0.0180641942362146,0.0107651481453146,-0.0224736853500123,0.0155465882427978,-0.00283178769599537
3048,-0.0240148411526203,0.00376898098763668,1.84856832819989e-05,-0.0215839512757058,-0.0152930096910582,-0.0253825114142166,-0.0108855159616613,0.00827667684240513,0.00792026441749477,-0.016565707264121,0.0242006948824262,-0.0260404460670983
3049,-0.0154901193047103,-0.0142116266674819,0.0121433113862982,0.0270209045459783,-0.0222521092280807,-0.0201379237668688,-0.0150150752976666,-0.00643070608036857,0.00216787536063391,0.000661079578425072,0.00623848949457768,-0.00676561076759315
3050,-0.0178255022905947,0.0293286715819912,0.00592945845318115,0.00112329905553161,-0.0171419505578376,0.0601296449501754,-0.00288638516158414,-0.0131708649904907,-0.023866691471668,-0.00193669054606437,-0.0359470079152322,-0.016449884717701
3051,-0.0199048001742548,0.0165301280199053,0.00894521211044714,-0.000162416795993464,-0.0034841798185542,-0.00239045362938058,-0.0142775639565683,0.00293905023656167,0.00882104844015293,0.00959712288920307,-0.0361785782707846,-0.00770987565581653
3052,-0.0159783105104132,0.0102749871397739,0.0213703874019509,0.0252483046338797,-0.0111249326565161,-0.0202575975613554,-0.0132279057994955,0.0188015087547435,-0.0138358302468226,-0.012012005763707,0.0190779310565374,0.00628064939569158
3053,-0.0102236449653364,0.00627212459437719,0.00804929443713861,-0.000572221013080518,-0.0234537210587484,0.00380446858614299,0.0116969089495124,0.0124277240126334,0.000329588785998198,0.00773229830799689,0.00228560140869243,6.74264947898071e-05
3054,-0.00139288211881476,-0.00424138205655848,0.00398531046683951,0.00103328494570712,0.000239382635762029,0.00473374706875655,-0.00148202886564666,0.00140452797718445,0.00216695646333058,-0.00599789079680508,-0.00268069422867373,0.00405059768696199
3056,-0.0136710218586088,-0.0287205664757797,0.0068508336591366,0.00548431254032672,-0.0219937054685047,0.00711669301432744,-0.0178621768623716,-0.0121869659326314,-0.00196701287001075,-0.0141652785297661,-0.00137464856487916,0.00155285921858273
3057,-0.0049232492804787,-0.0132160953107023,0.00829538072879494,-0.00497193211791468,-0.00595676440757061,0.00935292390851516,-0.00192531625281689,-0.00124272514339131,-0.00116041721983057,-0.000345842060261245,-0.0106922492169177,0.00567549923680359
3058,-0.00771333480652596,-0.0198352271435093,0.0142829826098048,0.00895165267062192,-0.00535995679576711,-0.00114532568581262,-0.00585393311133118,-0.00466606821443464,-0.0173554222120276,-0.0074682891964605,0.00108415588367586,0.00473122580290176
3059,-0.0133682190515227,-0.0269904844883937,0.0117435244594459,0.0105443616324569,0.0166188100880047,0.0133505011910983,0.00878260770001402,0.00509062620098607,-0.0028581054775657,0.0033372417579246,0.00146379754117412,-0.0126969203781329
3060,-0.0179067714116974,0.0224086899683599,0.00230250726241088,0.00528067021788088,-0.0334762580320568,0.0183475300471608,-0.0214235611369632,-0.00370671784772238,0.011105715047523,0.000320435283620605,0.0178151669490368,-0.00759996485513222
3061,-0.0111757526145705,0.0131158270798663,0.018628342210064,-0.0100926144498681,-0.00828481265771944,0.016309135718876,-0.00904252247385156,-0.0146577157289561,-0.0202223965043351,0.000899432347937267,-0.000758183683537773,-0.00135723540244282
3062,-0.0165413273041871,0.00983634563635225,-0.00250419166769634,-0.0156858446153295,-0.00439820227759706,0.026587569834053,-0.00273527879635533,-0.00334548655705046,-0.00444582496059978,-0.0150628067363909,0.0197045283181109,-0.00985060420674518
3063,-0.00246847894801222,-0.00781044168487604,0.00406164260396575,-0.00325857918572451,-0.00357767629665623,0.00402201199641326,-0.00896686144294383,-0.000143680801838101,-0.000562231315895402,0.00027890012007131,-0.00246301863737815,0.00301704107989915
3064,-0.0130039450624841,-0.0325624589736904,-0.00749608477396472,-0.00261711590630686,-0.0187243667051621,0.0335298795785005,-0.0138474462906618,0.0143667278264771,-0.0218775327669501,-0.0243486400026291,-0.00139943658197441,0.0149921200861192
3065,-0.000242100278531864,-0.000489194070831509,-0.00107442162424329,-0.000280970054375169,0.00228320215926905,0.000936906242321654,0.000817601987916795,0.00300213067997082,0.000163959060483375,-0.00525933148249818,0.0021470400570184,0.00148387504874304
3067,-0.00148832053928045,-0.00115142585191589,0.00262395305902536,5.84428949450451e-05,0.000849785404051072,0.00693930093117188,-0.000815695863636799,0.00101486928530388,-0.00297890536666689,-0.00354088929484551,-0.00162844002760554,0.00332446648561598
3068,-0.00341845371189069,-0.00985613893649945,0.0102605724326932,0.000264681796998025,-0.00336214325365737,0.00930146697450052,0.0020246657975259,0.00945458260998251,0.00608810589116335,0.00141793281010397,-0.00114703550694687,0.00243974574027535
3069,-0.000699591749293056,-0.000140503504191556,-5.17313578755279e-05,0.00184975331168985,0.00358801224142375,0.00716074657881886,-0.00328437208537776,0.000980274547661983,-0.0055725426838432,0.00128609743560439,0.00368737442884061,0.00383390906432489
3070,-0.000924223089547414,-0.00499342084624225,0.00235190545811032,0.00398054025452238,-0.00280109852847373,0.00344629516309344,0.00100617477647482,0.000505771235952234,-0.00284077931519147,-0.00332682112777919,0.00123201253198115,0.000228092284435211
3071,-0.0203479115938766,-0.0135331080446729,0.00696142910847371,-0.0195690035467247,0.0298629059560563,-0.00800967941482658,-0.00156145438083242,-0.00893398757806159,0.0160490581569691,0.00569681564167934,0.00136726187010071,-0.0106253586029652
3072,-6.78416321251436e-05,0.000368354015751026,-0.000849954345417336,0.00219336581757798,0.000887030873343102,0.00129913576326121,-0.000774423470932777,0.000275330389233582,0.00241399195759756,3.73063102426493e-05,-0.000800879155104453,-0.000468020660894602
3073,-0.0249355887063131,0.0171143910182006,-0.0176553385783143,0.00353231831666932,-0.0223543694524557,0.0215779310910023,-0.0271632029345873,-0.0113677779294188,-0.00486675595238561,0.0260197884762172,0.00160996702575904,0.00447765595885951
3074,-0.013021213911589,0.0079543056647189,0.0112758267545774,-0.0256284275859228,-0.00488333226620671,0.0215042169661335,-0.00612939634354549,-0.00175777200867213,0.00892213534282667,0.0160953914511585,-0.00248995929520125,0.0132394354246572
3075,-0.0217624509489912,0.0284025649751657,-0.00754493915233798,0.0192455976709144,-0.0172523519196196,0.0426224365755565,-0.00686768628095442,0.0351647501575469,0.0267488153235686,-0.0132264852188535,-0.00948986806803374,-0.0169517453861115
3076,-0.0236912941583893,0.0293178700809554,-0.00726768696002289,-0.00959860576480395,-0.0109767689135296,0.0254639708496331,-0.00431664037369133,0.0177908744503212,-0.0164935131467272,0.011976717660013,0.00375351338107836,0.00877227640071628
3077,-0.0125757350425408,-0.0170357242270204,0.00229110644131835,-0.00791644719558842,-0.0165069547778785,0.011225261534836,0.000934401954002503,-0.00970095269309635,-0.00063973215980486,0.0068474719533284,0.00376704524310466,0.0170757009686823
3078,-0.00148608556537884,0.000568712904883629,-0.00239211018435093,0.00416031175856588,-0.00753949681789213,0.00612999461141567,0.00551187822772604,0.00437758708734658,0.00544572362229061,-0.00347999339882456,-0.000188570252066296,0.00730238756512621
3079,-0.0132149450664907,-0.0242572060357422,0.0147971401351349,0.0107841170250477,0.00717181213817754,-0.00378064779045523,-0.00880227797310097,-0.0139185622890125,-0.00529363146380527,0.00162188559141059,0.000222845077937248,-0.00941125719954392
3080,-0.00197894225141906,-0.00570959335687237,0.0033880278269169,0.00420707067049258,-0.000246705745725866,0.00862040329386141,-0.00280703592699569,0.00215027525662214,-0.0100206889369287,0.00644360033420936,-0.00530369626764564,0.00389681780897695
3081,-0.0106328853895695,-0.0300434268197646,0.0137036850838645,0.0089424521355635,0.00485788201088094,0.0180511619791576,0.00916912385774745,0.011276923526851,-0.0204898503308929,-0.0108935501175324,0.00470407133245766,-0.00601660988360804
3082,-0.0243261034364897,-0.0295885071677048,-0.0242159723341731,-0.00268960444407634,0.0160104086970686,0.00707730440949182,0.0123248321396635,-0.00172546278481678,-0.0199749508110655,0.00868297343938898,0.0169987725444361,-0.0176139187254606
3083,-0.0183970874903322,-0.00894818799072258,0.0046087779897989,-0.00757095651658172,0.00775217502045235,-0.0194392320867345,0.00242595265233372,-0.0135874290796916,-0.00956701718290764,0.017447492080314,-0.0331718122364925,-0.000107662687300063
3084,-0.0109585530837164,-0.01974037351299,0.0124571892848137,0.00331492981409833,0.00156791795105163,0.0161451426569678,0.00565927362312409,0.00718089902421195,-0.00823714480455801,-0.00412928992422373,-0.0112673510553425,-0.0072829204350334
3085,-0.0157110121082608,-0.0247524022433355,0.0117916409587952,0.0111912323209933,0.00725608494954069,0.0169939159003654,0.0047550553774981,0.00937255595433438,-0.0209436954241346,-0.00537135550294453,0.00798230022290751,0.00338891533723891
3086,-0.0121224475367556,-0.0202232720159297,0.0211037239352057,0.00369771398067631,0.0265959070576146,0.0159206540155907,-0.014257266195726,0.0140952586324279,-0.0234917219069269,0.011162410205014,0.013771262594359,0.00958729698099811
3087,-0.000288019775481576,-5.41133405151231e-05,0.00112842066712611,-0.000339321403742028,-0.000197164689227524,0.000426805751594983,-0.000116182934863571,0.00136822500729801,-0.00358823229762791,-0.000983378189342209,0.00210271872570467,0.00293070129180709
3088,-0.00560221872482261,-0.00585694358311015,0.0186834558294637,-0.00166113158071186,-0.000459535595450034,0.00852350940750085,-0.000853876773880221,-0.0114026273008436,-0.00498362416206438,0.00146032340349529,-0.00385292978449159,0.00654867112756674
3089,-0.000240434540442977,-0.00070066879542685,0.000369803233967835,0.000736348556030229,0.000310955195431141,0.000947091436121804,0.000207184848939812,-0.000320078790631815,-0.00141772411086031,0.000718168364042483,0.0013526197713171,-0.00154594958742763
3091,-0.0173082850774148,0.0295569598453019,0.00607112660512812,-0.000524306505031611,-0.0106491819861068,0.0186734861940011,-0.0356191532886715,0.00698451824244418,-0.0178119858942466,0.0386091736264096,-0.00859578334457119,0.00108736282430735
3092,-0.0248220464521818,-0.00845308080654163,-0.0240339366828696,-0.0131734400903157,-0.0409914270163817,0.0118594703606142,-0.0144048030468004,0.00948512666138516,-0.0151918473213308,0.0278187105570375,0.000678936703355299,0.00558498836878466
3093,-0.0116243326613007,-0.00992727485338677,0.00924847692219782,0.00329777899569505,-0.0151323263897537,0.0175419997379851,-0.009659399131962,0.0056861508502229,-0.0141986622077294,-0.0113768529963362,-0.0156474880024322,-0.00555358511832796
3094,-0.00745074223484549,-0.0196075834633928,0.00245225370517533,-0.0047528447685413,-0.0216414998887058,0.0274437234905659,-0.0028953223264153,0.00493247756906192,-0.0155970408169553,-0.0108951972660695,-0.00846054261291104,0.00410813152317582
3095,-0.010770814927938,-0.0231443852745531,0.00275601385440287,0.00615830987164349,-0.0219297368096424,0.010654997203059,-0.0101791852348905,0.0152936640242932,-0.00545294125824976,-0.0173192895072623,-0.00214940982918067,0.0227484757153985
3097,-0.00173839490439727,0.00221073802662214,0.00264322417047461,0.00177682012696743,-0.00668413016569499,0.0139332325310515,-0.00534673200002992,0.00517473207506214,-0.0138563425000472,-0.00321326629870761,0.00769591973233733,0.0130332597366721
3098,-0.000260451301984018,-2.56925074367619e-05,0.000925759494021915,-0.000758333322291031,-0.00249592963775733,0.00290046408240951,-0.000857051902515402,0.00219360426552113,-0.0026491748163653,0.00156912212862284,-0.000675541210555221,0.00337660012962386
3099,-0.0167285898471604,0.0149364353850079,0.00247533072336854,-0.00690713468983965,-0.0199826372182234,0.0115256329706515,-0.00162100693078604,0.0206986370709653,0.00483745688978692,0.0146102544576255,-0.00759773873753291,-0.0104781445638741
3100,-0.0134228453853516,0.0157476548870661,0.016360681012389,-0.0244900856596822,-0.0125115531787044,0.0272199123653858,0.000374563264306902,-0.0114438681967372,0.0086162848578945,0.00173857696323652,-0.00944249750246597,0.0133230602698237
3101,-0.017663587503075,0.0204778241414634,0.00263717460844443,-0.00440292445968137,-0.0218129549809974,0.0166861011977876,-0.0025566935507742,0.00812421297698807,-0.0242717035181982,0.0188289567064368,0.00698269738093468,0.00172076262622429
3102,-0.018175708161606,0.00956720974032264,0.0124258738748501,0.0191928287519914,-0.0311143376572788,0.0189251801174027,-0.00316393722294616,-0.00404019116799942,-0.0463932852938497,-0.0157068114888061,0.00365582084790202,0.0150059235152372
3103,-0.023686960582854,-0.00753986306983778,-0.0182560553818266,0.0219164664497231,-0.0334779540178329,0.00626714157294178,0.000118790573406894,0.0268223970850393,-0.0120719788461405,0.0115320176840855,-0.00662287690021252,0.0019166122293884
3104,-0.0105799174128279,-0.0283467629586484,0.0160029738348906,0.00418979197493017,-0.00727852005126877,0.00516323774216944,0.00351749182971084,-0.0109038356732552,-0.0140896892771879,-0.00712782250173962,-0.00296203989531499,-0.000774743714451803
3105,-0.0158131260419636,-0.0283491789533769,0.0122942811739267,-0.0102623101974115,0.0178749323871116,-0.000764582089257732,-0.0167575546539672,7.44933743260109e-05,0.00651289454314704,-0.0109050023290312,0.00408606260843261,0.0194512586578069
3106,-0.00798779873074614,-0.00361226962876745,0.0209312932431874,-0.000277765246131641,-0.00651346275678119,-0.00778855879593136,-0.00732607697361806,0.00207043421684444,-0.00931518770388337,-0.00118811866746114,-0.0136697070372024,0.00477005767028445
3107,-0.00802819361469607,-0.0195023837857104,0.0185258916057716,-0.00213972987390416,0.0020029968562853,0.00829313339564411,-0.0125661341147889,-0.00582884542882537,-0.00438112769289477,-0.00443949948257433,-0.00455795180589656,0.00100544991409656
3108,-0.0239553638003137,-0.0199389850520888,-0.0159897870254527,0.0155531104911587,0.0334371727748258,-0.00723950425089781,-0.0183149237093219,0.0228599645395331,-0.00363134295172104,0.0328961709490733,0.0181621889312159,-0.00807095255228108
3109,-0.00431356783429311,-0.00602021464462855,0.00283191813593999,0.0118787572797567,0.000904343190200222,0.0132015649086659,-0.0070114343416918,-0.000599110955939922,-0.00390283827917748,0.00400221810091957,0.0058052043377217,0.0023918859394023
3111,-0.000263662502408503,0.00110419400920578,-0.000140711201920082,0.00451601763354415,0.00443233240214284,0.000514218758640638,-0.00111925632272909,0.000179053183428994,0.00209708189806425,0.00181794691069736,-0.000608100386253324,7.61442257534216e-05
3112,-0.0120355393562054,-0.0268523045498231,0.0182989505874824,0.00783524626040961,0.00529518298654795,-0.00272233728048897,-0.00366176367893501,0.00580315423067922,-0.0248750563102575,0.0017042876133262,0.0114122783372139,-0.00154006292290707
3113,-0.0135368426883397,-0.0106770413519237,0.016548845347451,0.0146955071212601,0.0288794387772182,-0.0144526884110056,-0.0194328417802471,0.0154431441397889,-0.0139976361898856,0.0126425377106808,0.0206035367168457,0.00631977870523357
3114,-0.0110674587501663,-0.0184685419651525,0.00757157202191469,0.0367500970000769,0.0090901405761413,0.012579969388752,0.00732742197111586,-0.00125550811029244,-0.00322954623096691,0.00322678023367723,0.000250717169881548,-0.00829736002811765
3115,-0.0193333923109544,-0.0320136312152363,-0.000346554931979869,-0.0109622229135613,0.0304329931261785,0.0104315090107075,0.0164947683611791,0.00377624552475279,-0.0234680585897425,0.0409132691071191,-0.00821903114427772,-0.00579028562708774
3116,-0.0217634405976051,-0.019664368343761,-0.00501367505757088,0.00410746646249664,0.00514540291737409,-0.0328745826790693,-0.00117675367760028,0.00526337288022717,0.0257928743348823,-0.00835232332771294,-0.0119262116003204,0.00418596223817854
3117,-0.0083680901936952,-0.00595441106285815,0.0215295082403414,-0.0031474795087412,0.0017090169799422,0.00589750842185368,-0.00971023592783932,-0.00432156953505413,0.00208565917340089,-0.00174786803547784,0.000131084932955186,0.00472276819444829
3118,-0.00625223599966605,-0.00696898688886615,0.0138960512330809,0.0289571549687944,-0.00144689693676274,0.0079890862917247,-0.00539821582790677,-0.016049837952457,0.00409490718740864,0.00425217166824921,-0.00110613528566472,-0.00959714433872716
3119,-0.00790445210064245,-0.00568984497636382,0.0172414188121115,0.000863648836110251,0.012434481807155,0.00892834517371719,-0.00441090991928875,0.00501464979334863,-0.00446440432709384,-0.0150390392414056,0.0025084597866272,0.00570190658339298
3120,-0.00303852511432302,-0.00643870234791452,0.0109489672870235,0.010032519408378,-4.05823912479935e-05,0.00796697728424389,-0.000990629763794598,-0.00682533887093712,-0.00537728430660664,-0.000753969309259099,0.00246516362670922,-0.00150692699852533
3121,-0.0220205047704487,-0.0175219069913287,0.000909204491807616,-0.0033408137918889,0.0171232252466623,-0.0351069359890892,0.00530793032182537,-0.0068234909669381,0.0107662568054873,-0.0120900521220718,-0.00216634243773819,-0.00556797600661202
3122,-0.00975485719875652,-0.019767535477934,0.0189780151481747,0.00463163128588464,0.0116032910299939,0.0191774685877157,0.0109114271406494,-0.000388487025378428,-0.0141132407592637,0.00484943738595522,0.0013604922373199,-0.00674812507504754
3123,-0.0195659656197449,-0.0265967265163157,0.0021853383568716,-0.0135919765244929,0.0181959005395288,-0.0200168540270013,-0.00747889535617968,-0.00422128371253891,0.0127288093089422,-0.00322974481283309,0.0348851449610808,-0.00658544419867312
3124,-0.00444390790336831,-0.0050835036906372,0.0140331134642438,0.0299490775798965,-0.00149238810424596,0.0112141006685607,-0.00902237618931973,-0.0210445935128149,0.00951424844927078,0.00663041215953076,-0.0143047520553421,-0.00867206656373038
3125,-0.00137704503588462,-0.00286345569121933,0.00560243715629141,-0.0016492200049501,-0.00285561548598213,0.00121843230595426,-0.00259700415226026,0.000636199056821139,-2.48787656784566e-05,-0.000411821142383016,-0.000305793983145217,0.00336044266458539
3126,-0.000679298555709812,-0.00305287869747283,-0.000196430154921666,-0.00247443018829578,0.00434689850640347,0.000577020012395855,0.00166447769058263,0.00204595012886033,0.00513185768977413,0.00311594259806895,-0.000615360012699903,0.00316526339477454
3127,-0.0176912197736209,0.0279707722165961,0.00160222699849549,0.00783628818907466,0.00989547565583526,0.0612411705673139,-0.0463253103163448,0.020478938620337,0.0288675279338927,0.0339813464944742,0.0116133138193189,-0.00350246698122101
3128,-0.0181028225103715,0.0125648865972962,-0.00157888411793882,0.011411172760926,-0.0293054737043617,0.0275697417558478,-0.0269044974561639,0.0202666264022716,0.0112374586090919,0.0197770952857542,-0.00097693456888758,0.0114771912645431
3129,-0.0158580010985338,-0.0322807606925958,-0.0125041894414365,-0.0145186587472308,-0.0203744334726935,0.0311774690682336,-0.0112239401435475,0.0183662372167368,-0.00132004513384729,-0.00214649598816669,-0.0051929783301784,0.0203002131893942
3130,-0.0233125502652495,-0.00107957396604952,-0.00583174715079541,-0.0149653199380447,-0.00995786459698591,-0.0165137306154907,0.0304462462216801,-0.0173063726036009,-0.0259896354494251,0.0117608830716129,-0.0279161557238625,-0.00492021086392803
3131,-0.0256823516440183,-0.0163941568384431,-0.0235977709762728,-0.00687133595342213,0.0223511892398034,-0.0265024022918113,-0.00476917449798973,-0.0281290642732689,-0.014818920680366,-0.00493891375071218,-0.0102721154418812,0.0181490972831965
3132,-0.0262629785425138,0.00747896741681468,-0.0145813841931937,-0.0100442916293364,0.0196782081187216,-0.0391049705232684,-0.00929717993857477,-0.0299470393750262,-0.0210908604598795,-0.0314387939502737,0.00670614107506578,0.000903384411371995
3133,-0.0272055698440672,0.00691063009730122,-0.0284443177937305,-0.0158682288789165,0.0110870112412426,-0.0245285535944396,0.00222453783030911,-0.0234437106686846,-0.0268302369098,-0.000169600733558166,-0.0424105250591741,-0.00897604657013416
3134,-0.0268595279837149,-0.0046590351941763,-0.0297112471248284,0.0124125441244293,0.00112219611033793,-0.0281369882351573,-0.0106955105903014,-0.0377272357765009,-0.013104724215527,-0.00903767172523552,-0.00526517420363103,-0.00515760270719622
3135,-0.0279850065541954,0.00256866207647562,-0.0269961123912245,-0.00310167493838092,0.0292121648171533,-0.00638732530578917,-0.00689410192453116,-0.0426571571941566,-0.0160839820342879,0.0311603632442231,-0.00116147666866317,0.0358548845305764
3136,-0.0186955771100565,-0.0297551261157323,-0.0011121878838965,0.0193069282170671,0.0191878394295032,0.0120177048652497,-0.00486262781420555,0.00772122855841975,-0.0162336765243451,0.000200361926061728,0.00752840209294043,0.00228865633624608
3137,-0.0221678574675964,-0.0203073211810614,-0.00398266834037171,0.0149686955990218,0.0464904202038943,-0.0121555309339887,-0.0245702481045749,0.00679393115806437,-0.0126460557504012,0.00330148627174158,0.0329644939933291,-0.00149539256799306
3138,-0.0207894851670883,0.00465658265198947,0.00264733973920409,0.0278263781455011,0.0490916544113251,-0.0235995237892274,-0.0181366275112451,0.0390734666493186,-0.017151946367787,-0.00336379881715253,0.0218756376489117,-0.00353576589966423
3139,-0.0117123253015957,-0.00434244391459281,0.0195775940798407,0.0183728652746471,0.0317017950144816,-0.00440566173443577,-0.0222883755941194,0.000164690344001561,-0.019678094178508,0.000997051785421441,0.0224801580469344,-0.0170279435633325
3140,-0.0148610947836882,-0.0192688356936031,0.0188820062269142,-0.00010501037087115,0.0302819221977108,0.00184738756824392,-0.0250077669156314,0.00455674134138441,0.000322267981199,0.0129251539839775,0.00572883245411534,-0.00168154656386622
3141,-0.0156184620211554,-0.00830604575530102,0.0223381485881756,-0.00508853214045735,0.00583174275806554,-0.0140897423084903,-0.0210315462182135,-0.000434104946568082,0.00619710419689427,0.00427803377661538,-0.00249717057344872,-0.0103422994169228
3142,-0.0134878031703817,-0.0320853811221417,0.00954920333445595,-0.000549991025907215,0.0118159791175849,0.00281432315942012,-0.00599880635245543,0.00187276317180091,-0.0172556376607094,0.00599247757133636,0.00190087856616112,0.00671164658810517
3143,-0.0124710355853749,0.000459847555989571,0.0212216604349125,0.0110722707615645,0.0368550606379185,-0.00482662397274536,-0.0307981434040319,0.012475383507077,-0.00671785402800949,0.0157524688809244,0.0179086922243864,0.00229263005516954
3144,-0.00185168808527683,-0.00143929803384512,0.0065414657413177,0.000747807918278543,0.0032148158260377,0.00152392460700733,-0.00459740020350937,-0.00218252574319899,-0.00054455035170335,0.00280681673177974,0.00278176056792749,0.000466448146811288
3145,-0.00530135290311751,-0.0131125349832068,0.0112759413857946,-0.00574111076001055,-0.00261825235023351,0.00114142489595733,-0.00142544550248854,-0.00568890290401894,0.00103163892346448,0.00450922659109626,0.00497254013433678,0.00582267348134253
3146,-0.0126444049437098,-0.011856412776123,0.0179032994910544,0.017341754776752,0.0314133186220038,0.0358510748153533,-9.35864380319919e-06,0.0141971798454357,-0.00634991547472399,0.00623194821549423,-0.00823873520498891,-0.00490077492711563
3147,-0.000192839416454524,0.000975550465500055,0.00103668038426651,0.000598677551643736,-0.000634118654228257,-0.000148773175257529,-0.000516811304318097,0.000396375505572127,-0.00197542791294247,0.000528023887707109,-0.000290422019122472,-0.000256598560042065
3148,-0.000693167317160562,-0.00374506563468167,0.00176392909358275,0.00298540519089178,-0.0021008238963553,0.00258472137232008,0.000754631082356116,0.000379328426964175,-0.0021305844863936,-0.00249511584583439,0.000924009398985863,0.000171069213326408
3149,-0.00312149244233831,-0.00790696076002554,0.00611969820254478,0.000177455306097947,-0.00583056891475812,-0.000503900017969138,-0.00347954766731614,6.13974683253135e-05,-0.0027313022652881,-0.00296139094007353,0.00834219482042306,-9.61521857705821e-06
3150,-0.0168297181667702,-0.0281263213831287,0.00166229561968477,0.00896178558019728,0.0269413394678543,0.00244572370618322,-0.0195921013752847,-0.00789377717979626,0.0127844999359385,0.00245030918815815,0.00529368498977178,-0.0167017000535497
3151,-0.00103768237759882,-0.0025403937690905,0.000129797606603457,-0.00301266429335061,0.000603052480082549,0.00540850811112597,0.00218668599432155,0.00171448064705388,-0.00739847070203752,-0.00471771225315101,0.000110287082721007,0.00690530239565901
3152,-0.00132011270236742,0.000547563855636411,0.00156178123015796,-0.000805374182448428,-0.00316941053763516,0.00522433819639018,-0.000357144100418548,-0.00151223048992943,0.00285481678824832,-0.000784443527532484,0.00231500376744624,0.00825117829160731
3153,-0.000434085503306697,-4.28208457279367e-05,0.00154293249003652,-0.00126388887048505,-0.00415988272959555,0.00483410680401584,-0.00142841983752567,0.00365600710920188,-0.00441529136060884,0.00261520354770473,-0.00112590201759203,0.00562766688270643
3154,-0.0247374882715452,0.00464788221256905,-0.0170027736975759,0.0267490639746258,0.0139735995769516,0.0181119994848446,-0.0182386611421854,-0.0131216869678329,-0.010755383794583,0.0292715416580567,-0.00468666879788058,-0.00961974240126372
3155,-0.0127008570091682,0.00434441918584999,0.0216249654419579,-0.0025089800419933,0.000139005338827793,-0.0124213010560682,0.0137009692435198,-0.00683362368973309,-0.0133675888659025,0.0185751260807187,-0.00111210673697047,0.0105822741591619
3156,-0.0258298075946848,0.00925693540674114,-0.0142648047479492,-0.00446269655720824,-0.0101365540466473,-0.0211605642979885,-0.0200959298850646,-0.00532614754257088,-0.0141045248218309,-0.0327373077759861,0.00869593130824695,-0.00355133805428238
3157,-0.014003254587065,0.00941573353753688,0.0237109383753969,-0.00715162911051867,-0.00436306398186725,-0.0134754123615179,0.0164842420838761,-0.00864619382213937,-0.00499372158775009,0.0307966751665975,-0.0142250574733137,0.000705988704935511
3158,-0.0150103771775764,0.0102538728473999,0.0203391427547793,-0.0159815303729468,0.00964547183345358,-0.00353433664872118,0.0299158543413453,-0.0213769934326054,0.0016504226121102,-0.00557990213929956,-0.0106951132124117,-0.0130804694605217
3159,-0.00925435290067815,2.11472785766747e-05,0.0230975498208758,0.0109195988663889,0.00615939045005151,-0.00144359993204599,-0.00682997453153888,-0.00251461691651864,-7.82188873831052e-05,0.0141875739947734,0.00383484203446626,0.0105532359376401
3160,-0.00517891504401993,-0.000472661745366482,0.0120295084161155,0.0059367841662955,0.00106617257203989,0.00412797193624422,-0.000958324473022066,0.00671467348618149,-0.00150698902781423,-0.00152153610503876,0.0043539623192886,0.00123413754599871
3161,-0.00945108439007144,0.00155113235017934,0.0241789624177091,-0.0043205329142754,-0.0129472178369927,-0.000515120466864874,0.0106276744383361,-0.0160852225579991,0.00651292062957882,0.00990306527245877,-0.0118792048204832,0.0247612400802685
3162,-0.00933822283067639,0.00205353681636697,0.0209697513480047,-0.00661275625177175,-0.00152330949194323,0.00506541708599936,0.013721885923692,-0.0052759591207875,-0.000422960012957251,-0.00121131281364354,-0.00339166599731858,0.0154591693376485
3163,-0.00771408804187616,0.0042900107272396,0.0256411177839005,-0.0139016011616269,0.00503762329734703,-0.00418668297680767,0.0123354490663442,-0.00160906692074856,-0.0028996925098655,0.00983229008522472,-0.00450579096566855,0.0143596317736725
3164,-0.0148231985603384,0.00855376140831945,0.0200020088133184,0.00555267380417868,0.00307692020925619,-0.0221557728000862,-0.00827637588249202,-0.0170232045348055,0.0109151771749825,0.0166911265163449,-0.00670613122212545,0.0123993035242289
3165,-0.0113684266502192,-0.00811366520973005,0.0231572686460921,0.00092303451133504,0.000738709658284172,0.0035578936789785,-0.000289678541319759,-0.00600336063621259,-0.00271618573490124,-0.00121949026314296,0.00272177255000981,-0.00545700540382261
3166,-0.0246927145038537,-0.00080720491072738,-0.0103609892900202,-0.00760265488020674,0.0127059388771702,-0.0204298147056154,0.0801812389575996,-0.00222976309334667,0.00360409315571146,-0.0290420861059893,0.0254780070550586,0.000706609890371661
3167,-0.0220795236906208,0.000439369220382599,0.00669692272389964,-0.0130289598065715,0.00288766799584031,-0.0162144446944527,0.0570836645772554,-0.000373155504346659,0.00728538738657366,-0.00410070131544923,0.0235131374363971,0.017752247442488
3168,-0.0197929269072011,0.00257213423588282,0.0129839682021387,-0.0169623289463177,0.00339486270543124,-0.0147007316158933,0.0638460604780953,-0.00191372788402079,0.0157018076061109,0.00596984834298904,0.0243497741391144,0.0128167369777645
3169,-0.0140192268826464,0.00172247678972185,0.0276555396831453,-0.00500619905791764,-0.00547142451244957,-0.003442949009643,0.0426281153128741,-0.00577217183900486,0.0158192456773357,0.0142607898222913,0.00047791719756347,0.00294352079020822
3170,-0.00761999991738422,0.00159126022504435,0.0264524932831865,-0.00278783359378422,0.00181364786092292,0.0148098361568039,0.00399149604148378,-0.00823484677090434,-0.0107234177673276,-0.000974740480673212,0.00438452189470698,0.00496976891781322
3171,-0.0104719318202366,0.00796980856405074,0.0209130926239981,0.000980740602566685,0.0145514749798812,0.0061264684743463,0.018212292258539,0.00826785868680797,0.0169781471767865,-0.00852590360148763,0.00280586947840665,0.0161258676746999
3172,-0.0092449082550117,-0.0239290326832962,0.0113989564928164,-0.000814887445009449,-0.000305197243141973,-5.92915472482137e-05,-0.00372982670511268,-0.00161389373556919,-0.00207516309405701,-0.00468850766593494,-0.0102345687864112,0.0029761310981195
3173,-0.00803667968436287,-0.0015108900366792,0.0204198135320738,-0.0062959200057533,0.0041162364178785,0.00459016598884887,-0.00260147992518101,0.00777779068254065,0.00189407428654854,-0.00385581387167979,0.0041038945308154,0.0133416885001274
3174,-0.023182989678423,0.013972307001798,0.000634799037424043,-0.00543901787502161,0.0151809075690213,0.00889318137667176,-0.0264188912853155,-0.00853945810589994,0.0062835210171777,0.0038209258279775,-0.00460145875055942,-0.011279793996933
3175,-0.0207723358253738,-0.012419441595004,0.00425731642916242,-0.00589489745754896,0.0334943687339161,-0.0054217764475733,-0.00737788179054098,0.00030547945798786,-0.0171072544207929,-0.00457548990358382,0.000411489425349805,-0.0171943996234814
3176,-0.017039394086727,-0.0113935848440185,0.00580885337147189,0.0119971939447982,0.050804444155942,0.011028061978012,-0.0210694422707566,0.0301460770287093,-0.0100649806344742,-0.00234417018438937,0.00501440282137118,-0.00130208089713042
3177,-0.00103967039288395,-0.00048571375052589,0.00300060979298394,-0.000385841829375953,-0.000835310131049643,0.00239475896795649,-0.000360944891130519,0.00489670617156957,-0.011087969798301,-0.00240764171808384,0.00504919140511217,0.00800089547934062
3178,-0.0288083883920652,0.0223583732441672,-0.0294728566564309,-0.0317641178276354,-0.00303780421562965,0.045076785795494,-0.0249016902121555,-0.025806598127838,0.00247845271088603,-0.0111226924376663,-0.00855814300998524,0.0204136045056271
3179,-0.0206107518588772,0.0318967679031184,0.00324153398351472,0.0121275314666366,-0.0255162023855256,0.0558963061667566,-0.0168078110478912,-0.00185038708647463,-0.0103832768938077,-0.0179334085877399,-0.0101384855131609,-0.0183566227660851
3180,-0.00381586180815877,-0.00963523073989281,0.0038754530707356,-0.00272198924542029,-0.00716175318295823,0.00502180557583572,-0.0095860325807908,-0.00460738223159649,0.00438597886400521,0.0066284662020576,-0.00407019999755663,0.00845851677252014
3181,-0.0190294263161837,-0.0059274912341309,0.0119465740684034,-0.00371658852087895,0.0122681989383373,-0.0306372051053622,0.00119524641128767,0.0155910239961965,0.00498025904601908,-0.00417109708283528,0.000548474339831405,-0.00960676979718169
3182,-0.0010658467207124,-0.00166487770357589,0.00349464201261466,-0.00212675110578839,0.00181989852620958,0.00202594996957346,-0.0014421508824076,-0.00254910785977056,0.0015707139189264,0.000909538624822816,-0.0012321808396765,-0.00152432432513341
3183,-0.0115095877645938,-0.0136817776521048,0.0149544517242933,-0.0210616147676259,0.0224925875719827,0.0229820831468579,-0.0183156207776931,-0.00686812635003267,0.00496557853246384,0.00772531569771305,5.49416681931917e-05,0.00450202936501137
3184,-0.00693525858505177,-0.0288688650694734,-0.000395754163184613,0.0239687318004817,-0.000125727942987147,0.00682743823649113,0.00332497270694511,0.00531079612782773,0.00507654251548098,-0.0147297574699036,0.0065401440995288,0.00992392643940708
3185,-0.0144186602820662,-0.0357053254207566,0.00662449001691091,0.0142677531581313,-0.00450233463807086,0.00616113141868224,0.00112170624146334,0.00936215957587646,0.00438075636022345,-0.00294057862461419,0.00359204714717185,-0.00956881576548823
3186,-0.0154238344560712,-0.0153015047184464,0.0179807652963584,0.0106009862484288,0.0295999220627556,0.0219037789302318,-0.00425866963756073,0.0127997980949346,-0.000360388354641529,-0.000960769692919281,-0.00728481937159874,0.00231380994296941
3187,-0.0271032929819731,0.00524002061646307,-0.0284314523049845,-0.016168380643055,-0.00614289652587155,0.0191475697204489,-0.0247030948971683,-0.0120585606325551,0.0280844952249738,-0.0209888920090674,-0.0879559528246588,0.0155791142886549
3188,-0.00638597309069675,-0.0172129603031389,0.014622756120537,0.00518434798337925,-0.00320529115172773,0.0094496561344759,-0.0033159577755987,-0.00137923362245401,-0.000987578105858353,-0.0045335609535115,-0.00231862440498416,-0.0119290751439542
3189,-0.0209841522757331,-0.00359783160915911,0.00196092702723488,0.00856659713742808,0.011657911016415,-0.0146159624983373,-0.0311374345278143,-0.0197095434050059,0.00774772670934968,0.0200240186914617,-0.0204762271414641,0.00276476957026444
3190,-0.0288566597673051,0.0177880391352268,-0.0297817991052638,0.0244586355690571,0.00953124780901029,-0.0442670610495572,0.00198887299974728,-0.0452042856886553,-0.0670291786035977,0.0259845966520101,-0.013880149751059,0.021100055431079
3191,-0.0175929606508795,-0.0209702199024308,-0.00121288005686677,0.00213471037126527,-0.0168209682513484,-0.0245143147194214,0.00486391600070273,0.00720017674611552,0.00253262390016451,0.0157179624108189,-0.0323252751137984,0.00125165149168935
3192,-0.0122776368018209,-0.0163720452029529,0.018328541102557,0.00211231003336115,-0.00938761181442758,-0.00532926571789612,0.00661060733069768,0.000289445472047506,-0.00488579589105571,0.0032876403858019,-0.000621692687793483,-0.00227570067457159
3193,-0.0251014226174771,-0.0136576922572552,-0.0273388318107424,-0.000564821230087428,-0.021008664541396,-0.0272377111352121,0.0159232054668575,-0.0114806955433397,0.00820574297839553,0.00304320432929186,-0.0101566807745247,0.0165595902591008
3194,-0.0144879575405488,-0.0167608887958819,0.0161869181967327,-0.0123579462759364,-0.00929538565836355,-0.0122590396178867,-0.00871250613963671,-0.00312566063061973,-0.00282166696952942,-0.0148654051717193,0.000773085785101154,0.0110776842442744
3195,-0.0178418105570507,-0.00755791100989311,0.00823119987583116,-0.0166411429001119,-0.00821268268214569,-0.0252687956001759,-0.01406511836791,0.00961455616732842,-0.00629672482127959,-0.0264735025871202,-0.00826310517412681,0.00384406913658464
3196,-0.0140211062149486,-0.0088465028429469,0.0278309514538265,0.0116909910694898,0.0155000638966234,-0.00695219280095695,-0.0143352993200836,0.00674278941282194,-0.0132268715635782,0.0115738442487661,0.00634119271873651,0.00953308722676616
3197,-0.0121844408354329,-0.00734554576455115,0.0142986238522283,-0.0109427930965929,0.006762520387923,-0.00655024663143183,-0.0167449689052397,-0.0113149175830946,0.00808086580771323,0.00336644438742588,0.00395754722478965,-0.00349874807473894
3198,-0.0260906025854711,-0.0173226969724805,-0.0236999198144431,0.000687473740646254,-0.00388159252636145,-0.0021347023823034,0.0605730913439987,0.0122423542296436,0.0173631301094188,-0.00780220080616771,-0.00528938729217322,-0.0117722068049054
3199,-0.0176010199496593,0.00805851141232308,0.0177058739612511,0.0215420797605436,0.0363630191298142,-0.0226646229941692,-0.0247520523262483,-0.0139210197085167,-0.0125588268896701,0.000843984631042355,-0.00535631245919322,0.000252961796669648
3200,-0.0107583190105703,0.01070126191951,0.0311002911780607,0.0167511817842555,0.014546517864034,-0.0201298378061927,-0.0190429935590629,-0.0107913065777645,-0.0149694359592047,0.0122589419426073,0.00183893031203075,0.000298495261831193
3201,-0.00892510238932958,0.0073127463371968,0.0278201748944743,0.0144060543522544,0.0112171976560097,-0.00732932353417602,-0.0185866928698256,-0.00271087475965622,-0.0100841833126002,0.0168739146856866,0.004008618646215,-0.00651046327984246
3202,-0.00765742320226936,0.0052072520761845,0.0259047167064173,0.0136787024177808,0.0112635144613717,-0.00411879883036379,-0.015733952818694,-0.00602969014721352,-0.00277378597375249,0.0153106980207452,0.00635550590284978,-0.00514385336029037
3203,-0.00716382179750638,0.0090407015626539,0.0278478971042216,0.00780979215250753,0.0116582055925444,-0.000766318227481081,-0.0123334103097968,-0.00241192909002167,-0.00429765332558569,0.0131715484071806,0.00240906088428838,0.00124412511836306
3204,-0.027524125101104,-0.0156905359874752,-0.0309907723194797,0.0178737162340864,0.0247343016782296,0.0201335494250956,-0.00459585087877313,0.0119549190698007,-0.0221413132871845,0.0159510919527448,0.0111504211116403,-0.0257353587365879
3205,-0.0128618636858281,0.0117119951256727,0.0199019894866404,-0.0412904241361303,-0.00413897883484983,0.00362679741768888,-0.0148887023799488,-0.00130298530177798,0.0114176855125267,-0.0134794845432313,0.0103987269530308,-0.00127162279466236
3206,-0.00302333674745817,0.00234166246037036,0.0108636054491048,0.00588618466822314,-0.00942791370140343,-0.00277875427750946,0.00848257765902958,-0.00241885870716694,-0.000811006431515069,0.00150013765114252,0.00312242305044397,0.00380575244575576
3207,-0.0158866476437162,0.0190281254307745,0.0144276986660906,0.0188958069583114,0.00575955466271023,0.0126804233832176,0.0488138260743625,0.0118643517868635,0.00510077560923215,-0.0225429029761296,0.00895546064752593,0.0170251831418626
3208,-0.0110203981360905,0.0243391165646564,0.0229054183883118,0.00365756556990375,0.00582371527664885,0.0130036982342002,0.0273238017342968,0.00640130739971209,0.0128688250161739,-0.0102527337237443,0.00473195518826808,0.000364995527605384
3209,-0.00982191158435433,0.0159857105467416,0.0210696227826949,0.00775261843330297,0.00826697041700384,0.0081895979086827,0.0161924667450879,0.0140579600272461,0.00168373615451773,-0.002655477002671,0.00872632609502486,0.00113700880345365
3210,-0.0195410843666421,0.0260310706856598,0.0160014499967751,0.0115812415257672,0.015828602960044,-0.0365421480431235,-0.00663514076634498,-0.00235416743044555,0.0189924508031871,-0.0179682595773694,0.0226793856228027,0.0158885810678535
3211,-0.00832888020919955,0.000498470097274967,0.0226263479981484,0.013072664814703,-1.76239104404854e-05,-0.00406636287614523,0.00251627442285722,-0.00273680034096183,5.74119590668226e-05,0.00378801263538747,-0.000417829709411011,0.0133013750494631
3212,-0.00395861965511361,0.00394553331853196,0.0143229746671875,0.00743855290008228,0.00548172547535639,0.00158332360828952,-0.0166110357024761,0.00544051001438837,-0.00136584028197665,0.00672099238865569,0.00231894197086342,0.00836561348065786
3213,-0.0171305428263136,0.023914331223169,0.0222128877739327,0.0181662656349425,0.000748491352974792,-0.0304860611420164,0.00989152328639473,0.0206700911908667,-0.011004123520079,-0.012871509372205,-0.00440292196148666,-0.00430236988738501
3214,-0.0168056836984671,-0.00860739607296795,0.00960824498346886,0.00355105843238487,0.0260999620769273,0.00425230639507679,-0.0294174337907754,0.0105446923395299,0.0140471902845001,0.0235395656776439,-0.0188056544472124,0.00303070458882206
3215,-0.0110712346389268,-0.0238971151798731,0.0154897589857152,0.00282034305472286,-0.00883214615127033,0.0129301180788832,0.00316442476260856,0.00395299299346133,-0.0181888740017173,-0.00185646239496749,0.00607986018144555,0.00914100544455812
3216,-0.0157079045642565,-0.0277889686527426,0.0102610131310676,0.000317945579768004,0.0290793367146577,0.000957057943402436,-0.0113638755337864,-0.00224410835405124,0.014266636975094,-0.000842591154245628,0.00403427837982217,-0.00407435952302553
3217,-0.0263907721082593,0.0178868467977511,-0.0150566142833756,-0.0205473085280753,0.00319862056045431,-0.0193417854972996,-0.00313064372264274,0.00468662386422326,0.00794428603977523,0.00504652090990052,0.000456024497104827,0.0375891826179001
3218,-0.00906574604341958,-0.0158343294644099,0.018847891067219,-0.000541193362665277,0.000594030241054812,0.00342734619763596,-0.0130016918268697,-0.0037302862365229,0.00434961323990314,-0.0130506078798558,-0.00503396366064069,0.0127953200695997
3219,-0.0243756317718172,0.0254380185003609,-0.011356474366035,-0.0140152629370172,0.00502734367617775,0.0109279948887677,0.0138295583634988,-0.0412818897990853,-0.0254241044112964,0.0181684239422214,0.0304335911770943,0.0267584267991781
3220,-0.0231454599127356,-0.0100608315535012,-0.000772897920772998,-0.017195444715897,0.0339922604780537,-0.0210401435162203,0.00170668100696053,-0.0084434190341533,0.0160034602974763,0.0119610557013372,-0.00122025809101321,-0.00358803017517102
3221,-0.0203543382398312,0.025703682900438,-0.00143939118760592,0.0033561735680737,-0.0207779593868133,0.023679036086141,-0.0103920284563199,0.0351116619730567,-0.010149548152491,-0.00145341836232295,0.0136818819309379,0.021312655141577
3222,-0.0106123758291109,0.0116566544567632,0.0109370228255805,-0.0217355913778994,-0.0229963419497174,0.0271813599389309,-0.00493742561421634,-0.00389945941346609,-0.0195391015367669,-0.0145142547124567,0.0022776724901434,-0.00445880618108649
3223,-0.00860133075047286,0.00982510286331821,0.01722073089527,-0.0158302315031229,-0.0200476832914336,0.00842006931849137,-0.00507517528509113,0.000237759995373326,-0.010166140702751,-0.00257119360764213,-0.00420896195814088,-0.00365733590604545
3224,-0.0151062917705007,-0.0314920576847681,-0.00633094103346184,-0.00263658839579887,-0.0141203468618453,0.0207858450951579,-0.0122254322828848,0.0162368324683273,0.00129038651115734,-0.00886543879248635,0.00345746686652918,0.0247448299645484
3225,-0.0159427545990607,-0.00609159229762385,-6.52495872437483e-05,0.00604688468888979,-0.0244722637782617,0.0427376743109883,-0.0279930063994006,0.00653668404961951,-0.0110669635404609,-0.000229553868109353,-0.0146680484378546,0.0089675488483664
3226,-0.000795242551080295,0.000876356760650543,0.003120088271471,-0.00112906168562029,-0.00202022384233332,-0.000557767925626051,-0.00137343151208389,0.000548847330355724,-0.00130044573919417,-0.000696205627566927,0.000293589550751472,0.00301536011466188
3227,-0.0104360295139515,-0.0132539892529903,0.0158200734585191,0.0211998761869878,0.00377107090497113,0.0119845815287918,-0.00298958201275511,-0.00471037293323238,0.00575593487842641,0.00518563468598316,0.00105828583876412,0.0128912752228507
3228,-0.000347085464991087,-0.00103437696069822,0.000799107660840669,0.000904323299677179,-0.000354967305859756,0.000338056594487274,0.000223464012276198,-0.000311336539812828,-0.00132343089547412,-0.00132881022175664,0.000770416818916812,-9.38435514764972e-05
3229,-0.0241198996846353,0.000150024641324278,-0.0095367942160212,0.00873327157893775,0.00981969816191483,-0.0218193165321468,-0.00607248785201722,0.00206691020007075,0.0205922167448947,0.0220375880464625,0.00225178339420802,-0.014094469180984
3230,-0.0235343996309003,-0.030537246663421,-0.0257306633837226,0.000432480504099638,0.017598812530591,0.0022261096085024,0.0222726894457596,-0.00277676489703755,-0.0261820808095588,0.0166612801630004,0.0102552377656225,-0.00616765875270492
3231,-0.0027772220918654,0.00244578842622008,0.0110841975539908,0.00142909594213417,-0.00355904295728631,-0.00363780656165875,0.000627478795146071,0.0017429544911166,-0.0077164109263418,0.000562545461625566,0.00256850919120022,0.00445026449361093
3232,-0.00542233952644403,0.00920211627676246,0.014376772026571,0.0105464730180078,0.0083785300358469,0.00977689185238883,0.00618726048367071,0.00573075300597413,0.0113755224198671,0.00323945882796062,-0.00625550589442054,-0.000795664700076078
3233,-0.00681271108992322,-0.0132966112043744,0.0190996084334204,-0.00784384706906965,0.00186615971724005,0.00222811702157075,-0.00589953207226479,-0.00952833078364687,-0.0030713289808159,0.00141372595712666,-0.0111416891895054,0.00933894746020533
3234,-0.0208348469534477,0.0117597530284711,0.00862907230744163,-0.0233379637129136,-3.38848917995413e-05,0.0057228423428861,0.0183765183027279,-0.00770929810972274,7.89406162468855e-05,-0.00280539130508435,0.000702679146144805,-0.0173136674841155
3235,-0.021706254495753,-0.0270557929754497,-0.0177367201593681,0.0146159189268017,0.0416824621601469,-0.016504832615939,-0.0269869438470733,-0.00198482841821187,-0.00819940505055811,0.0229411807861694,0.00313185869061021,-0.023850064358424
3236,-0.0258136951015667,-0.0172686840727028,-0.0209063017278058,0.0116537103156761,0.0264074397041601,-0.0263389801038691,-0.0155395326520478,-0.00978368726282831,-0.0135125018846501,0.00766315561716165,0.0367437857796366,0.0112844906479365
3237,-0.0237671142232118,-0.0234050127447509,-0.00819222890881822,-0.0104747912193676,0.0356644420584662,-0.0228955888378954,-0.00894205115023915,-0.0138637528446941,-0.00106412943046295,0.00466279539593848,0.00703076220089848,-0.0231789251505291
3238,-0.0172100030922756,-0.0396187144010065,-0.0132825630014579,0.0202999305359464,0.0128767856005395,-0.00528087042000909,-0.00875643952758555,0.0207868663351503,-0.00697174352318454,-0.00618336428866307,-0.00520291204237619,0.00868627836649676
3239,-0.0290555811601243,0.0121404946803229,-0.0294514055850916,0.0165965044827283,0.0223547611917902,0.0178060522708417,-0.0112194326760077,-0.028735384305658,0.0204030826111218,-0.0306030669412686,-0.0238820649593066,0.0273389305751896
3240,-0.00195605229672831,-0.00160579839883963,0.00673013650641324,0.000543513432392537,-0.00187145482343167,0.00110281077778525,-0.00179409803786438,0.00451979623949015,-0.00286647719341706,0.000930120139670798,0.00571246338371984,0.00139924681585183
3241,-0.00683557338921606,-0.0276811599314204,-0.00691499181191552,0.00764349157668665,0.00751086900469864,0.00408628372431343,-0.00531833526070157,-0.00360067931316968,-0.000245906511567081,-0.00856477747227029,0.00443632405092666,0.00939906546940217
3242,-0.00472803509286494,0.00259066790952225,0.00957268461412434,0.0176619814647054,0.00200515986089805,0.00603464840182296,-0.0099553330409557,-0.00256685740963937,0.0111010953735101,-0.0056967462354882,-0.00551689628266834,-0.0098951760208162
3243,-0.0181618440076802,-0.032534628547875,0.00302441754034138,-0.0146614503285898,0.0214604217485828,0.00927431657965998,-0.0132281721314532,-0.0143779690458683,0.00583816955199547,-0.00822287161345672,0.000272312751998116,-0.00305940668678091
3244,-0.024124839470285,0.00557791300987901,-0.0168110337907729,0.0241247468261989,-0.0268113210216406,-0.0157406176303937,-0.010904369601362,0.011099925583072,0.0650828468558772,-0.0152987936125874,-0.00791723742790362,-0.0152156313252138
3245,-0.0185080487349679,0.0201947960244457,0.00793808135384091,-0.0229549093133407,-0.0157738914014517,-0.0177395317153287,0.0255754890014022,0.0203983181544593,-0.0078310187617142,0.0243961871493699,-0.00321745111752064,0.0130414115948853
3246,-0.0197035954966862,0.00129278814057833,0.00720924199886708,-0.00912914982075014,0.00985019445271419,-0.01553457756133,-0.0084127974949402,-0.0116017424109377,0.0084355152947841,-0.000518741377378102,0.000762629337774578,-0.0104604972363666
3247,-0.0239464600372442,0.0151366537705943,-0.00360250485583121,-0.000396456609732859,0.0220319738340507,0.00502675868503301,0.0221517125624036,0.0394470045212462,0.0328613414543011,-0.0110942638373275,-0.00818539872557479,0.0283927479398861
3248,-0.0179066285010337,-0.000231558514391534,0.0215859599596684,-0.00946697803620338,-0.00756218608246778,-0.0306346211022314,0.012154360239668,-0.0276556854074157,0.00577946736560412,-0.0138991295860102,-0.0094302203642196,0.00208109997425625
3249,-0.0288369046191468,0.00726762549574342,-0.0383134087864057,0.00599740054892581,-0.0254212300066502,0.0247617011977907,0.0157273494292992,0.02679710875174,-0.00896853458713971,0.0654800714286265,-0.0208631636237188,0.0199645274718536
3250,-0.00066618286852928,-0.000645496491384137,0.00169685538474246,-0.000477767169443208,-0.00257549348643633,-0.000165819896475677,0.00192586681068835,-0.00131604688464441,-0.00243568818811745,-0.00260328824851125,-0.00162350697791088,-0.000296041350192741
3251,-0.0168752658488864,0.00829541737632653,0.0186801275151561,-0.0166606767828747,0.00345206022402404,0.0313929563230872,-0.00354216729783913,0.00770838096431772,-0.00372602615257322,-0.00683567572935314,0.0169163557124316,-0.0126893807551856
3252,-0.0156354431766212,0.0349920050242821,0.00929011187316262,-0.0163912602651579,-0.0171370680968336,0.036789982641918,-0.0245263590893922,0.00593704862404427,-0.00376189186291845,-0.00225182786296322,0.00816029309992009,0.0167576915713628
3253,-0.000298484011294315,3.6502536046094e-05,-0.000253662511950622,-0.00160656358906237,0.0015702969576132,-0.00227656887914307,-0.00270753852389686,-0.0014861913295,0.000148673880147834,0.000983457064752804,-0.000823898053467626,-0.000716986007817216
3254,-0.00414857275065357,-0.0109166202484398,0.0116770485088006,0.0221176201498493,0.0118706913108338,0.0213763050704596,0.00264007791992414,-0.00391231059716915,-0.00234304376082926,0.00878898792245759,0.0014410233754401,-0.0141802998720362
3255,-0.015442816144505,-0.00759641662075072,0.0199561603711209,0.0162642432195737,0.0296439810915689,-0.014150832374254,-0.0167899775146713,0.0199612449294655,-0.0188450642284692,0.0193980179094639,0.0258516300301275,-0.00141893330284449
3256,-0.00465477301762042,-0.0081210405823001,0.0123707566408693,0.017605802138733,0.00792704525154538,0.0172986386768164,0.00505098005340984,-0.00323269906445811,-0.00385142993726457,0.00497688350297896,-0.000927041628998046,-0.00640208435075668
3257,-0.0197323769916409,0.0265595545109153,0.00101188751018635,-0.016744360016943,0.0182424484937668,0.0139266221226238,0.042990600074008,0.0154476876952575,0.025043739911494,0.0103191730480413,0.029353998449078,0.016395206313615
3258,-0.00574038643794066,-0.0102406289170757,0.0137479216781619,0.0147251533238509,-0.00409393249188372,0.0120716345286438,-0.0035782210006577,-0.013124864642112,-0.0110286274659959,0.00304826808281774,-0.00380818782653421,0.00639363684564688
3259,-0.0130576753935601,-0.000738844860359702,0.0217965106370245,0.00666943876208578,0.00943524417263403,-0.00661987301938912,0.0170921589488792,-0.00559212742522047,-0.01098864158005,0.0166427991413926,-0.00434130376262392,0.00657052157594661
3260,-0.00736570545707186,-0.0166068740865899,0.0172973591722178,-0.00220184768306705,0.00419151972762047,0.0168510487435546,-0.00378751261161966,0.00137829817764754,-0.0136491818094236,-0.0102176042046627,0.000207331869659619,0.00383805819100199
3261,-0.000393941661850984,-0.000349353410021735,0.001515354190677,-0.000671859468503003,-0.000275577673361866,0.00114911143433796,0.00146315655704307,0.00168838855524522,-0.00596042467596218,-0.000866470224286417,0.00318271039347465,0.00417963826065352
3262,-0.022174807489793,-5.07862494631613e-05,-0.000250745440036495,0.00813887142691193,0.0454322197725427,-0.0389214954033991,-0.00530658560957899,0.00728146308543354,-0.00481146761307793,0.00482745151988529,0.0257268015051512,0.00454835543049979
3263,-0.00662898655010116,-0.00947747394084391,0.019035544231216,0.00986870781029255,-0.0116460866852223,0.00102328127216502,0.00980705960139568,0.00314039019930724,-0.00560886924633337,-0.00124346502682371,0.00386794820810355,0.000724366672713477
3264,-0.0123672826800194,-0.0199496446127416,0.0171675150993793,-0.00925865369640982,0.00933071090487936,-0.00251657949907281,-0.0136503992640434,-0.00618855051390815,0.00427599221791292,-0.0113932882864402,-0.000248340156112421,7.25325363906634e-06
3265,-0.0137086830653121,-0.00498354374447069,0.0276865418090777,-0.0110188477184695,0.00644098176110446,-0.0136717576429016,0.00558646212635373,-0.00701428290294145,0.00485101514441615,0.00593525150151896,-0.00981308473380815,0.00208663541750552
3266,-0.0225122971748867,-0.0149618263953266,-0.00257565458385018,0.00940823950109299,0.0227234209689536,-0.0368824287836017,-0.0321599840865222,-0.0278792307603277,0.0256711842486807,0.0100293155378693,0.0113572558030433,0.00170048539187776
3267,-0.0268119637323556,0.0160076658896875,-0.0220087106505607,0.00954865006021367,-0.0108706618158958,-0.000913108187147421,-0.0294003852784781,-0.0558687940431544,0.0177594114045027,-0.0291947825011606,-0.0340480080114328,-0.0302502217424365
3268,-0.0138481884578275,-0.00860636127627997,0.0154984313094507,-0.0105509317421312,-0.00213051951476691,-0.00281321511313291,-0.00298214661894577,-0.0156702706780182,-0.0110084870582577,0.000576876746020864,0.00297464386806397,-0.01885812043202
3269,-0.0206926987309649,-0.00174564949033032,0.00889188517602134,-0.0288265515268737,0.0241683619633338,-0.0241580908214478,0.00882153701784069,-0.0142025775433965,-9.68528864849539e-05,0.0189193814719322,-0.0253786679070832,0.00242890802817255
3270,-0.0138171409151934,0.00670911658976303,0.026534263062122,-0.0123983563537678,-0.01803430872009,-0.0281910265674845,-0.00427664517981393,-0.00696185822355955,0.00661521809161808,-0.0178540730942313,0.00339603728576723,0.01886433874417
3271,-0.0160144776664659,-0.0255044443025442,-0.00560775545383351,0.0299519799959497,0.00280590299788356,0.0107110277913797,0.00889019124867249,0.0294766886337656,0.0186402132156531,-0.000639270246027378,0.00515315344305939,-0.00837137531302511
3272,-0.0253938767536628,-0.0182358339421113,-0.0251855582052436,0.00395963539118211,0.00856620526888397,-0.00838760658795036,-0.000672495951878096,-0.0179830397853482,0.00173861178658379,0.010192679063984,-0.034644786190915,-0.0196789729885382
3273,-0.0241552465657234,0.00368250542036183,-0.000959867236188872,-0.00738397795876705,0.0215696772278398,-0.0375397241853605,-0.0263528065365442,0.0062567979528104,0.0103629564101271,-0.0123627498578361,-0.0278439901390002,-0.00672129499717109
3274,-0.0170849417805506,-0.00897068601137026,0.014670632623755,0.00419030578531738,0.0132100727302795,-0.0294113718630719,-0.011641628431946,-0.0175350668265155,-0.0222271672225463,0.00461720628329635,-0.000841215914760583,0.0131286434075317
3275,-0.0232643916595108,-0.0154241971874421,-0.00118316422235627,-0.00634960944559293,0.0412194886314711,-0.0251254338055081,0.0206893643807614,-0.0143283675279029,-0.00169132298670362,0.0248394441664076,-0.000968051585807975,-0.00628892288143446
3276,-0.0238508333494322,0.00239845583448259,-0.00011389810818731,0.0315290550633449,0.0361123226854927,-0.0502490541912339,-0.0085203991881243,0.000765006847767769,-0.00985371340272596,-0.00907470542209779,0.0195395522132845,0.0153250170783541
3277,-0.0102750343528086,-0.00914890264701412,-0.00850578973805318,0.010572062487499,-0.0475612834991385,0.0261505681683725,-0.00921629233622427,0.00212409774353993,-0.00897878074634468,-0.0192694321539608,-0.0104094222673042,0.0142668608167373
3278,-0.0270832080120844,0.0314186849352832,-0.0146848955750084,-0.00907547207664273,0.000727808880525928,0.0440181824821031,-0.0353220164095011,-0.000768778605535062,-0.0306338544726552,-0.013625590137394,0.0237080387695394,0.000470602649282497
3279,-0.0100895397839469,0.0197227805635908,0.0139410699817609,0.00636425976620712,-0.028404182241726,0.0214684374274764,0.00625923400031487,-6.38282262621782e-05,-0.021717486471348,0.000215091739815647,0.0210637927698165,0.0187711123723124
3280,-0.025696202417658,0.0202105759727353,-0.00998749150656922,-0.0341058090482545,-0.00373040158008747,0.0419405598759202,-0.0140157249169657,-0.0222664315528725,-0.00892869676166224,0.0117375419895617,-0.00601325637980679,0.00413479630103212
3281,-0.022937516474273,0.0270343507590027,-0.0124553311342306,-0.00877299474072517,-0.00601327191391108,0.0315647343260682,-0.0527646268137336,0.0129918464936814,-0.000783359180448634,0.00665858548443529,0.00517848601364881,0.00242807407964884
3282,-0.0085274346407582,-0.0200697477067732,-0.00181884439021686,0.00330729112237588,-0.0151956652114222,0.027404830951203,-0.00467664876145387,0.0138067772882487,-0.0103622622971346,-0.0147126408057779,-0.00176860882581378,0.020726127322054
3283,-0.0182024066514174,0.00725383341040513,-0.0066156826567866,0.00187326598283342,-0.0468836446093233,0.0238777641224279,-0.00224890111235147,-0.00486359303475706,-0.0311594575564424,9.40259794090848e-05,-0.0113206633738438,0.00752080303187069
3284,-0.0223770993303682,-0.00251775899492182,-0.00781667084979801,-0.0144622483651063,0.0125621420518077,0.0462093874696208,-0.0022037430682218,-0.0196932110956766,0.012061518526859,0.0518049195247079,0.0122286931651131,0.0109181329196491
3285,-0.00282935812496337,-0.00793666259673317,0.00676552732332781,-0.00218984044897499,-0.000856994266525803,0.00740409314138115,-0.00313103444003359,-0.00275853947196625,-0.0105193990489274,-0.00464633211375715,-0.000326858135303889,0.00132527207388631
3286,-0.0103404410628057,-0.0147452935281912,0.0138422767680707,0.00561222044952079,-0.0140049012767282,-0.00059134430939528,-0.0103302015619546,0.0156429612111935,0.00251580383826691,0.000445969443659017,-0.0014236977947064,0.008532108861147
3287,-0.0175983751061696,0.00858250288804503,0.0139475359381432,0.0264095972960978,0.0321652644997617,-0.0294996848078677,-0.011671596204267,0.0197432211175981,0.00736126310222523,0.000627170744137519,0.0180334076585977,-0.00202660484991327
3288,-0.00767762819662851,-0.00640415080916947,0.022513278190283,0.00375026471570346,0.0131997109151379,0.0112787356303024,0.0013849202686673,-0.00235944079008621,-0.0129202739178384,0.0115625958885882,0.00449110706559725,-0.0114257144097829
3289,-0.0185260258242132,-0.0332293686442785,-0.00570063645451431,0.012850672435877,-0.00896141903865473,-0.0177123037185142,0.024432164557543,0.0149433090768152,-0.000925076994724436,0.0146083844547983,0.00512162727023668,-0.00313982227883712
3290,-0.000456326490447826,-0.000635927528661174,-0.00160721078115814,-0.000887271154283168,0.0053637236843174,-0.0055711530247567,-0.00245287486778758,-0.00392790979753151,-0.00331615303315747,0.00334054861624556,-0.00105076496333948,0.0050979737353264
3291,-0.00439495890049379,-0.00243119877177855,0.0104321783755115,0.00964354584923778,-0.00507493357365412,-0.00134821869059321,-0.00585707885519241,0.00904994892821161,-0.000289617156612011,-0.000116720400638618,0.000898282907271722,-0.00166733029794503
3292,-0.0215276026819564,0.00163226596891887,0.000882565735967348,-0.00173077340728489,0.0258052339492153,-0.0298567696304806,0.00415200483126938,-0.0402491951169305,-0.0139910018253297,0.012199110598453,-0.0588176073016328,-0.00549679074793273
3293,-0.0185679206949028,0.0155114760705942,0.0117350254023579,0.00619876083154327,0.00624144613980302,-0.0379762273258325,0.00964644668742212,-0.0378682766118609,-0.0270862905372905,0.00972391180311942,-0.0154065333794258,0.0182080966307721
3294,-0.0249238160371683,0.00451389554406395,-0.00976433634757876,-0.0232769363172775,0.00408536248102492,-0.0425953286052635,0.0214534718704732,-0.0198804285998073,-0.0142519493020269,-0.0120803403742064,-0.0360560198988219,0.0108143059280121
3295,-0.0245136150814446,0.0282765332336273,-0.0103266151189589,0.0407246271884799,0.0126327479139374,-0.0134855512133004,-0.0155581450401457,0.00741141100959942,0.00676964251219569,-0.0546182718345219,-0.0416287841944045,0.0358634689559178
3296,-0.017152789006786,-0.00290780984293614,0.0115190615161906,-0.0413119211021998,0.0050283025217468,-0.0218208782372791,-0.0153826588530937,-0.0184360199201595,0.0390420454257994,0.0114040470501393,-0.0144340411673725,0.00800127175812087
3297,-0.0181223206674725,-0.0125563174804004,0.0122524322873866,0.00154561595991014,0.00898487352817112,-0.029356159795265,-0.0169288824385921,-0.00483112686651866,0.00841429210674735,0.0230526295481914,-0.0243658165837857,0.004456741559613
3298,-0.000585440873387744,-0.00241378309714057,-0.00088735739994236,-0.0011997146053133,0.00233726498065691,0.00145202652259757,-6.42882517687991e-05,0.00313274236407601,-0.00321545429679607,-0.0020182824202487,-0.00424307174529257,0.00266200635539095
3299,-0.0078245122148906,-0.0273170237974699,-0.00172486046607596,-0.000571032526935256,-0.00354154925455413,-0.000513945647408753,-0.00792192862402056,-0.00938164218324859,0.00642042535380979,-0.00966211430718209,-0.00111271602738538,0.0196818403533922
3300,-0.00871922596802497,-0.0293833007970551,0.0084343835631699,0.00795370760085153,0.00971478862804854,0.0209410724258979,0.00178287948821581,0.00373413899700349,-0.022584835897027,-0.00224132403044314,0.00737496174280218,0.00630226417068295
3301,-0.0043843250398372,-0.0150263182403408,0.00734895908832052,0.00414317717471195,-0.0027504116214032,0.00223136298913537,-0.00686123937959371,-0.00143548194342993,-0.013107344157091,-0.00821401378011391,-0.00152368580093728,-0.00683900810445683
3302,-0.0216007959624608,0.0224796110465922,-0.0154190460762426,-0.0207017920911794,-0.0078864927337669,0.0322394780962032,-0.0158973842063322,-0.0117282192196091,-0.0027194156660474,0.00765913297989295,-0.017013915317392,0.02172524844518
3303,-0.0215062266123055,0.00760602415627869,-0.0194092314035194,0.0376419833024729,-0.0429238308344025,0.0194098302129543,-0.00452503640795673,-0.0172043839331563,0.00212833601234806,0.0205910247306578,-0.0078098859350725,-0.0297115667396951
3304,-0.0257621648875751,0.0206971757957536,-0.0115467865746845,-0.0299171169708631,-0.0199942845304648,0.0141975211431684,0.000233775928525142,0.0232251610177159,-0.0171122913026157,0.0196224997475551,-0.0034077859141485,0.0216198324720795
3305,-0.00736873168541614,-0.00942941116073563,0.00762435516573203,-0.0163932915603638,-0.0134656972153408,0.0111446991718387,-0.013822110577901,0.00233122433465554,-0.0105106086024856,-0.00753648562952075,-0.011223076386284,0.0113479796645691
3306,-0.018640440231406,-0.0178862530994813,-0.0128025546430257,-0.00988908057045758,-0.0295094836015468,0.0209600591618311,0.000368993974660402,0.0188203613250524,-0.0116328530612655,0.00779370621418684,-0.0182747515100707,0.0281659321552273
3307,-0.0104044362360805,-0.0247645529912955,0.00302498148658278,0.0183872877835041,-0.0188443040284072,-0.00838491507625766,0.0028459957371712,-0.00310980473594317,-0.0176331221366536,-0.0124833541311686,0.0155342628165859,-0.00439157028665573
3308,-0.00629635778752559,-0.00974092772945651,0.00685683994067399,-0.00630391982518501,-0.0129752356618135,0.0198145392630606,-0.00820569137003002,0.00925944666343172,0.00139866393059011,-0.00529978703650978,-0.00941306697200929,0.0177510168613702
3309,-0.00113057448084418,-0.00482996322712682,0.00279848025461685,0.00228609172125685,-0.00183486092283869,0.000753043163539414,0.000836625821198426,0.000182574082997953,-0.00308771610098684,0.00273922125126952,0.00509169767696956,0.00756133046234251
3310,-0.028032548246102,0.001000748416613,-0.040247215102788,-0.00897568089159811,-0.009856979499645,0.00139141247560864,-0.0136170012802654,-0.0293766612834705,-0.0111505932326647,0.0551974355713443,0.000835188686348392,0.0244826051720768
3311,-0.0139162685568758,-0.00700862115935515,0.0110979363919863,0.0229430661252064,-0.0123110111404643,-0.0174122987723502,0.0179770841340337,0.00961409956760943,-0.00280054056007179,0.00954061715797086,0.00606341478638522,-0.00553043548667299
3312,-0.0234474159554106,-0.0233108348387091,-0.0185295725229763,-0.0109142224490517,0.0282511463543063,0.0140942368355708,0.00660707824554918,-0.017602938992454,0.0324616588277387,0.0231969918048668,-0.0152438671313235,0.0142447681707947
3313,-0.0197209366397092,-0.0205726351218252,0.000416255873317621,0.000225326774941489,0.0166189356952663,0.00895624392747875,-0.0124769303219265,-0.0198426668593779,0.0369979853854592,-0.0110599901611824,-0.010986349151939,-0.0427393433461744
3314,-0.0140602732954545,-0.0360313960177152,0.00441122628629603,0.00291045465448139,-0.00149196929499402,0.00815661668036843,-0.00274303364424899,-0.00754816027935571,0.00183305244920873,-0.00924739644925698,-0.00741091737119149,0.000182939701058819
3315,-0.021667934248274,-0.0158277539698586,-0.0057987667327808,-0.0308760934243775,0.0223451008090721,0.0130657432232921,0.0309958566718162,-0.0200277046057026,0.0161504315127289,0.0219227796811306,0.000216507640249575,0.00961262341615784
3316,-0.0211037507019706,-0.0137982415508369,-0.000283664520375342,-0.0292707357231522,0.0277057933001046,0.0142762821962216,0.0381704584323689,-0.0169680799126201,0.00883130379608294,0.0235567181941368,0.00779385301778767,-0.014146527283079
3317,-0.0170584959243975,-0.0182094761708612,0.00739009454496255,0.0269874206926967,0.00180680308340818,-0.00732081668100722,0.0021614859557422,-0.0240239185662384,0.0422639291847902,0.0194205285521071,-0.0169943153160303,0.00484304784205073
3318,-0.0236840224667006,-0.0114968592823274,-0.0102194234629814,0.0137916605585803,0.0219744705630519,-0.0204686605979422,-0.0258054818426189,0.00260157320559453,0.0120109800333985,0.00110432027301824,-0.0162624338306716,-0.010614451546262
3319,-0.0265099549859388,0.0238612121811696,-0.0171051384821615,0.0232126145304693,0.00671456443990068,-0.0569436512789322,0.0233877425576236,-0.0442784151079017,-0.0569405815047371,0.0132807650758232,4.89359680774183e-06,0.0154634505933801
3320,-0.010218384728793,0.00964084720881961,0.0146643370204558,-0.00630219537775457,-0.0392124479367175,0.025921091494401,0.00451827497223083,-0.00755470918170083,-0.00562493436640131,-0.0136747624452691,0.000521890353719143,0.00015791439007853
3321,-0.0162356931255014,0.0001394036964865,0.00561975809954902,-0.0236499505897041,-0.0261084524711243,0.014104617408765,-0.0220656393971739,0.0137734824351339,-0.0313891474356652,-0.022019042298721,-0.00765073265874954,0.00302370828975983
3322,-0.0256134028473065,0.0334891524750107,-0.0217888989785203,-0.00368235090529337,0.00664620200375934,0.0328142734321295,-0.0440658230725606,0.00965116138307428,-0.0349349623589038,0.000951686874288967,0.0277695055068663,0.0102608937894583
3323,-0.0202146042850768,-0.015929126174442,-0.022749250898347,-0.0092906281935145,-0.0478994931243236,0.0158353380088081,0.0140560444821752,0.0149371159427724,-0.0164749582430183,-0.000281134486596777,0.0198259388689955,0.00345201114993061
3324,-0.0142921108582888,-0.00114495418952646,0.0214552833023285,0.00620626499490076,-0.0127100430721482,-0.0111669331284042,-0.0139639421630763,0.000162153537053221,0.00207591040858516,0.011600515818083,-0.00787829395613732,-0.00796248317288715
3325,-0.0108991389944233,-0.0315199020506792,0.0120731674922658,0.0026171226228937,0.00585812552406882,0.0180677234165181,0.000185694809902677,-0.000168258479512831,-0.00982614246089118,-0.00116839820167479,0.00805789211424952,-0.00241409189803737
3326,-0.00672703071154919,-0.00384593155529481,0.00990982775330766,0.00378108391313923,-0.0218841935290766,0.028468175678503,-0.0113347443655005,0.00427908482997518,-0.0147346580731211,-0.018803945809029,-0.0113331375701693,0.0342438409185739
3327,-0.0018304041473587,0.000428343297041683,0.00233344344102728,0.00235371056261914,-0.00165511894156124,0.00414745970191935,-0.00245752345287669,0.0015774302767131,-0.00487322291779042,-0.00093746173817468,0.0102983545173074,0.00529456748120997
3328,-0.00951609972687016,0.011176792360673,0.00498502481631527,-0.00681034635199753,-0.00442643811220953,0.0311687110797467,-0.00616809752744817,-0.00403402830086967,-0.0143143381125701,-0.000140894064341356,0.00882863691434402,0.00486962961724374
3329,-0.0200171462374764,0.0221765602756738,0.00350493775566323,-0.0359194581736733,-0.0118175593752107,0.0419234477645208,-0.0155542250668692,0.00259500871332079,0.000505139943553621,0.0120421366744887,0.00721156291469007,0.0340042222834503
3330,-0.0221309188312382,-0.00250839061420877,-0.0140375696849308,-0.00412956850914008,-0.0310387350339455,0.0174291379022222,0.00214445167217473,0.0180743918706768,-0.0075021747082724,0.0211449674165515,-0.0172722629094308,0.0166497898323462
3331,-0.00923276012114529,-0.0223616858663136,0.00355416176964761,-0.0116875563928683,-0.0154105831185696,0.0135090143278896,0.00211018930774806,0.00542619504734816,-0.0122455789468759,-0.00981572105472206,-0.00983570607455558,0.0118675513794143
3332,-0.00752454414056765,-0.0169605394102441,0.00247291544495707,0.00399701550407286,-0.0137883004061469,0.0243163589853556,-0.00812663757724117,0.00903443122886916,-0.0150532484861862,-0.00570183175058026,-0.00933516148635134,0.0166688172150955
3333,-0.00874273595324038,-0.0244453472143673,0.00305271613237894,0.0191702708621133,-0.027701441083811,0.0122617583761471,0.00086828657819179,0.00528624897077199,-0.0173857129802436,-0.0177310075240507,0.00239678643166923,0.0184755990839543
3334,-0.00505755681057239,-0.010313228872233,0.0102760872508316,-0.00604160524845398,-0.0119417569080812,0.0208624068042431,-0.00425801509534651,0.014612255996598,-0.00595899086771583,-0.00341979417390422,-0.00486383251829967,0.000632216813959349
3335,-0.0156816766283554,-0.019392981877813,-0.0096132261181842,0.00507624350085578,-0.0451009851671182,0.0164241928867405,0.00300300341580657,0.0336765910568817,-0.00283717999926802,-0.0135615788038831,-0.00123117786471895,0.0344903018645241
3336,-0.00771454163380663,0.00346244466711797,0.0134855892068914,0.017262446258184,0.00423041892275086,0.0140987958008778,-0.00540480970032122,0.00147087467525081,0.00500058203998928,-0.0061231627651522,-0.00259003869995648,-0.0145251381230849
3337,-0.00419233533490627,-0.00412611223104938,0.0127373092551475,0.00769773211879974,-0.000120343835995897,0.00871409067908267,-0.00400129982559361,-0.00552533542043987,0.00136982866210881,-0.00125106486197537,-0.00582707644221565,0.00506298048518861
3338,-0.0025197752846216,-0.00173344289087817,0.00634248324484928,0.00553108191911354,0.000795601300869589,0.00492974950834626,-0.00511022988755118,-0.00350704792546891,0.000131711242035094,-0.00198342733452537,-0.000637804403206706,0.000175445798118065
3339,-0.00186792806977271,-0.00420727794769262,0.00577895780902217,0.000426412187976908,-0.00010401621286604,0.005273289806096,-0.00162242401818739,0.00364823912543582,-0.00394233237240848,-0.0074219068010138,0.000954753251828499,0.00882316609085599
3340,-0.0210167264825981,-0.00115571602199589,-0.00296751543004844,0.0470174835850603,0.0130026172854235,-0.00778572996198659,0.0018865602688909,-0.0068234058421503,-0.000800236011781579,-0.0173687564599769,-0.0439693757691883,0.0122216851522364
3341,-0.0107279846263311,-0.00585131057080661,0.0203460734574545,-0.00219441264139896,0.000427903093176233,-0.00916170926703588,-0.0145189808120539,-0.0135687629893994,0.0146658391983037,0.0128083946870011,0.00328466317129276,0.0131839976459002
3342,-0.0310243385866889,0.0348667123897847,-0.0310440105647827,0.00168260295957969,-0.00710052083541285,0.0342570004486289,-0.0374857633190068,0.00697382047949005,-0.00818364696928287,-0.0127249328710882,0.0457647868233102,0.0482101651707885
3343,-0.00953209245946655,0.00662288685537751,0.00104287799511978,-0.0228357383934567,-0.0118306401023692,0.0370621126920032,-0.0279365114249247,0.00211605930821447,-0.00681065253059255,-0.00222178152046043,-0.00560219769276489,0.0128109671060779
3344,-0.00859195148155279,-0.020351098647474,0.0029631146534719,-0.0105510354740212,-0.00195827160094935,0.0161871932746239,-0.00844422035463804,0.0134461193842795,-0.000588342047331847,0.00104897267929124,-0.00595575070783907,0.0142104828021633
3345,-0.00314233186895995,-0.00707894956733197,0.00248175805851826,0.00389260334799591,-0.0118711732097001,0.0054239829911422,-0.00198722836342891,0.00102794127850638,-0.0076866634398741,-0.0046736359982922,-0.00353850748620113,0.00568468521099364
3346,-0.0140631298069824,0.00290740243029312,0.015754364672212,-0.00291123878964433,0.00504563916463632,-0.0208357143530021,-0.0106215334908284,-0.0159966450927169,0.0204071003740925,0.024381810326512,-0.00503485358863734,0.010087885510804
3347,-0.00831340525578951,-0.00415282729843412,0.020742828411528,-0.00158726380765387,0.0345176936389774,0.00922909885075875,-0.0258175838535893,0.00388850108365155,-0.00580578033532124,0.0165696920474509,0.00821750444606156,-0.00132678879163421
3348,-0.0096374859508459,-0.0135710953899701,0.0205466913238908,-0.00195656670788154,0.00544934904072068,-0.0023172155787301,-0.0122845155670601,-0.0229246750370976,-2.14468080490723e-05,-0.00319045390818859,0.00676409678477617,0.00586619566156286
3349,-0.00955595064999894,-0.000273064397739641,0.0268288668022049,0.0107577177773048,0.00313352150126404,0.00104399287480319,-0.00730154454845346,-0.0138897075278745,0.00321725585810858,-0.0138274126699416,0.00478502550207048,-0.00141668032943926
3350,-0.0119407969748177,-0.0259290598095333,0.0122510716851782,0.0108236556435736,0.00919166999498968,-0.00263365629715491,-0.0105407048338008,-0.0049314918001477,-0.00981996333412832,0.00141179913065371,0.0011377993131253,-0.00299515662878437
3351,-0.0130380432135614,-0.00455180236467076,0.0219341473818315,0.0119238125913051,0.010554232239904,-0.00787145135891377,-0.00510278627753526,-0.0179656790922328,-0.00753482444771279,0.0119358647158629,-0.0144812913331991,-0.000165734881573494
3352,-0.0222955353310826,0.0168897015663629,0.0016481170335396,-0.015109383559495,0.0135768516799209,-0.0228266916236983,0.0132821712371575,-0.0147809721555888,-0.0196812275721294,0.00534622854094809,-0.0271559275485289,0.0089630240988808
3353,-0.00346637617116142,-0.00622955521408237,0.00729137539576886,0.0105784558387188,-0.00109995138582931,0.00322255493721112,-0.00282829770939336,0.00539399781764495,-0.00300254609256315,-0.0113693561654325,0.00550537836865385,-0.000321200657116772
3354,-0.0101733814084533,0.0211788673378325,0.00346463563502417,0.00989692174011656,0.00410108336469698,0.0317695925018073,-0.0161288263392394,0.00780741144719366,-0.00464504041736835,0.00985801627743418,0.00404504837129088,0.0062792676244048
3355,-0.0175596575191349,0.0094403625935807,0.00137956113550578,-0.0355736517218276,-0.0245074296703292,0.0617949929110913,-0.0201382264236291,-0.00176146856642874,-0.0130483567743601,-0.00270461873120437,-0.0175312264964656,0.0138888047457442
3356,-0.000883576455330289,0.00067751943445078,-0.0066718439642693,-0.00578346846649577,-0.000644030421603578,0.0047688852854979,-0.00584114043586743,0.000234192224336254,-0.00551098838254819,0.00159500957607654,-0.00178929450771684,0.00557739029840814
3357,-0.00932503338794057,0.0133085408493839,0.0138030746411571,0.0133806129770017,-0.0311019166012879,0.011589618366242,0.0164680704748788,-0.0106284031347917,-0.0148195968764398,0.0174851731581402,-0.00608244460008657,0.00685647704755645
3358,-0.00434012283361718,0.000985832800912085,0.00513694188599815,-0.00948830536479942,-0.0158258574680873,0.00510926951132154,0.00281783272863055,-0.00691676190733064,-0.0140154955084026,0.00184109010757141,-0.00635859391758664,0.00544939494808406
3359,-0.0203711223229858,-0.0174387221532757,-0.019415975952489,-0.00716658484261913,-0.0186845448998533,0.0175588460931754,-0.00652265090504326,0.0357698253233669,-0.000710892773803493,0.0106937954685606,0.0138769612129845,0.0165177400643251
3360,-0.0161988989152163,-0.0132156448548976,0.0175697678099945,-0.0161363897496453,0.0325339028521855,0.0258955487351818,0.0233347903173322,-0.00861015041525386,-0.008782517160739,0.00233967523284002,0.00895859321883354,0.000459122216636978
3361,-0.0133747694300127,-0.00252015926670344,0.0195757692644576,-0.00753233420251437,0.0270952468074593,0.0012017969198634,0.000813738676055435,-0.0236700955029252,-0.00408969484815866,0.0211646529789752,0.0155453441111436,0.0202753978741828
3362,-0.000673652601324134,0.00361055485542936,0.0046448992585931,-0.00348796911140714,0.00387478709891744,0.00270671923288451,0.00382240875222459,0.00506172493696837,-0.00205398752128633,-0.00306243532754929,0.000460975852882402,-0.00299700465250716
3363,-0.0113557186749173,-0.00604065383795874,0.0200464445864855,-0.00704769093617822,0.0312102202249968,0.00860725175433261,-0.00705717561441925,-0.00781374370851412,-0.00586806494922056,0.00681258891110027,0.00573155560702992,0.020185561398319
3364,-0.00138804531657675,-1.0387218494195e-05,-0.000186599013194738,-0.000715829149176473,0.00772314259935543,0.00770516181454966,0.000201531404068438,-0.00110725856978187,0.00286996413883434,0.00329321829610731,0.000438748326142196,-0.000813844062394579
3365,-0.0173252108462336,-0.0149480372421632,0.0104962029613891,-0.0225194271679138,0.0286504428528292,0.0238101308402823,0.0163096187482044,-0.0213721845762914,0.0135014107056117,0.00511837303456351,0.00717883159271774,0.0255911117523388
3366,-0.0120379911097477,-0.0131217007945343,0.0177583034170328,-0.0041570242576802,0.0268255719383466,0.00180396472612602,-0.0045279165419433,-0.00865420240116586,-0.00746777138577117,0.00123784006065539,0.01412990302923,0.00681101492164753
3367,-0.0206828971745427,-0.0198201061441935,-0.0119661748480456,-0.0162830595968653,0.0260375008743587,0.0503218942947557,0.0191279278661757,-0.00829757248909704,-0.00692830415714374,0.0298017861410993,0.00754641153959678,-0.0115399520585864
3368,-0.000947349234721711,0.00137896109476301,0.00392313323424079,-0.00269714276649858,0.00446159235149004,0.00266001581685637,-9.27105902057896e-05,0.00218675986668638,0.00161837615485109,-0.00804029820352413,0.0059597554570053,-0.00492083917071324
3369,-0.0226787701822525,-0.00385019507846241,-0.0137076734664359,0.0288847084218466,-0.0197556682225823,-0.00473379589290162,0.0722032841955355,-0.029780915162592,-0.0307710478382073,-0.00933045560443378,-0.0252937734173395,-0.0456404863758533
3370,-0.00243809454989318,-0.0106193534122543,-0.00289016605509032,-0.00300369085251125,0.000224130995717407,-0.00028523511251003,-0.00405291161617369,-0.0038063153691507,0.000188681059933255,-0.0120708632504249,5.38457650620059e-05,-0.000418292607851963
3371,-0.00856598623428233,-0.00738108790062235,0.0202603214649926,-0.00322021340538223,0.0203774374786535,0.00590412638582697,0.0025457164880944,-0.00257217401751738,-0.0124168138010838,0.00531564441798563,0.00153241005465188,0.00969241899815243
3372,-0.00566784123291671,-0.00116454521249383,0.0196195978965178,0.00480385043462848,0.00794143144236898,0.00969759682249067,0.0188574928494727,-0.0093021142350372,-0.0158089243241351,-0.00465610271568818,0.0137754068035155,0.00607860673513088
3373,-0.0104265274118992,-0.0110720395488164,0.0215915628964761,-0.0165563295654961,0.0166680648399726,0.0110828475900582,0.0118500302362995,0.0124585656549748,0.00472504571324331,0.00116782625633297,0.0024649961485221,0.0085021303658556
3374,-0.0171456196947733,-0.0261274046157905,0.00463890421853628,0.0129603532166645,0.00118755488796083,-0.0116294396905694,0.00970009959172665,0.00639465446655709,-0.00562391204293722,0.0232433182726428,-0.0220872754622708,0.0121479386978467
3375,-0.022152614232864,0.0108818637833145,-0.00492782232832573,-0.00207488453251908,0.00966157079201202,-0.0143045107268794,0.00157865156243443,-0.0187933728858083,-0.0127853699322691,0.0224476663628001,-0.034729202768231,-0.021867357952122
3376,-0.0219928289043597,0.0246267283247849,-0.00607700336123027,-0.0100511862196025,0.00452870939272462,0.0528229566236796,0.00362041170384186,0.0044755722434849,-0.0115983696881092,-0.0240795779111691,0.0317031170099592,-0.0080779620153187
3377,-0.0120420834430982,0.0076896159041436,0.0127256313552275,-0.0128285075374963,-0.030752682810533,0.018216488647865,0.00583316301435122,0.000942510181206892,-0.0290187260138359,-0.0011339339125947,0.00594418401166351,-0.00146768658623998
3378,-0.0208953856042638,0.0326355760829667,-0.00137313170185777,0.00876331495756624,-0.0440357094523213,0.000328018138476483,-0.00416736967761514,-0.00208897688136343,-0.0312987451078424,0.011958652374913,0.0121357648868716,0.0159897169567103
3379,-0.0225289125185853,-0.000751563467784648,-0.0171646974631043,-0.0103677309913051,-0.0269192981107303,0.0106619315812704,0.0010912317376276,0.014475123996212,-0.0338074209948151,0.0487874642666712,0.00862415683450515,0.0219345918134088
3380,-0.0162308634207471,0.00313936582582027,0.0104026238159716,0.0158759076739715,0.0179948508236503,-0.0335663903748019,-0.00315948364153438,-0.0334067303274501,-0.0222095975251999,0.0249096204215531,0.00999243447723399,0.00210753644659374
3381,-0.0105274176381816,-0.0184294779775333,0.0138813956358806,-0.0122123936092611,-0.0235940076080785,-0.00180100406417829,-0.00179143155417745,-0.00370501973794861,0.00606527763137513,0.00224976894370339,-0.00249714811653682,0.0136936167872167
3382,-0.0006621727630848,0.000736423632991245,0.000341036543337896,-0.00151395992384613,0.000472404658952422,0.00264694226058405,-0.000238447653034051,0.00101520131418273,-0.0048049460413517,-0.00109353192588455,0.000669115133256539,0.00654603071184884
3383,-0.0167171541885772,-0.0255524347789385,0.00387524725924473,0.0079337143984105,0.0246832789754121,0.00334654763001596,0.0155273194261296,0.00805132695670148,-0.0107945792331541,0.0228464390911625,-0.0100184759467028,-0.00266215619297762
3384,-0.0227354938271972,0.0354705767245455,-0.0102644152170132,-0.00356761867098183,-0.0057515658179316,0.0574085932890181,-0.0318610365477298,0.00856923616107513,-0.0431399566921646,0.00406213687495715,0.0397012421362341,0.0162446565699506
3385,-0.0268140805161765,0.0248587485806127,-0.0246058271593167,0.00653104502051166,-0.00442886681679539,0.0469099304161783,0.00577661619785898,0.0263499930205826,-0.0311962988387461,0.0157359447161049,0.00109205306164365,0.0452284105013155
3386,-0.00499758975061989,-0.0028405236705349,0.00262145067802975,0.00486661900831697,-0.0133686913519212,0.00941166498136411,0.00386572793225223,0.0158819547357074,-0.0128990620748973,-0.0134057920838086,-2.66311966157631e-05,0.012470118622995
3387,-0.0091394303926398,-0.0151526864861036,0.00387098505001868,0.00777100789195736,-0.0155753926958468,0.0158575765644685,-0.006315357938864,0.00821229864486522,-0.00681735605497094,-0.0075603435941555,-0.00605506577062908,0.0233898960030371
3388,-0.0145006213001323,-0.0246508471244785,0.00424748564583369,0.0440116567684238,0.00821453736563631,0.0266904142010139,0.00363538515252212,-0.0107412258837508,0.00365647723509192,-0.00401441010920064,-0.00260453735187037,-0.00752111275222301
3389,-0.0153703080064604,-0.00599773648686101,0.0145280160319692,0.014674761079789,0.0436573637232112,0.0107115330078931,-0.0160094085350883,0.0186664982449013,-0.00951376621869766,0.0172096697364879,0.00108539086779442,0.001323562288372
3390,-0.0231616067594269,-0.0299649210439417,-0.0225499227023221,0.00100908483925996,0.0222389600767092,0.0102092747145726,0.0260427928004646,0.00376818385404618,-0.016068535587832,0.010705638959141,0.0119655516283782,-0.0129428282778811
3391,-0.000502831772983303,-0.000634292458524745,0.00153866654924376,-0.000456746394364436,-0.00205942024713563,-0.000128847831395847,-0.0014171890716992,0.00160694790318823,0.00131263161616269,-0.000530282220010184,-0.00286625893104763,-0.00448248010358956
3392,-0.0117156481504179,-0.0323608611521674,0.00344167469295063,0.0120809324648811,0.0119497696324698,0.0196082121745219,0.00480133829236859,0.00260291756164263,-0.0210685956785588,0.00723179604199471,0.00882646103805716,0.0041900842575145
3393,-0.0216064773205365,0.0064026490353255,-1.61059960013762e-05,0.0128261949612861,0.0258584922532453,-0.0230288531160796,0.0054457798916361,0.0328460233411364,-0.0002424261738328,0.00235740348377175,-0.0126094308741743,0.0340451113170112
3394,-0.0220388552141109,-0.0242741361755324,-0.00185039279983853,0.0130151713437373,0.0395531229170882,-0.00426238890548097,-0.0265993619657979,0.00706228628804962,0.00728752899208743,0.0157988927886066,0.0047314372769732,-0.00487455694151644
3395,-0.0231588975503243,0.0179959551032749,-0.00126458565695883,0.01145329898758,0.0184556502360722,-0.0322158721694651,0.00120184393676199,0.0176787037704174,-0.0100578639459148,0.00616517787392471,0.0110662855232483,0.0423060350538657
3396,-0.00356923013016067,-0.00967926163722935,0.0047906967243855,0.00262692473079838,-0.0147926010755277,0.01618799504144,-0.00971324813661588,0.0150680754022355,-0.010710197331611,-0.00899058823435459,0.0139692336546074,-0.00798453521829679
3397,-0.00985585155620593,-0.0191303325696815,0.0199352412246742,0.0161054621499481,-0.0110594229699439,0.0127732719051656,-0.00264745537664804,-0.00542864794811589,0.00173697602446284,-0.00197975157675842,0.00288975008987616,-0.00101778663698464
3398,-0.0207812980756751,0.026361844957999,0.00390799062125952,0.0125405961235442,0.0175618185332804,-0.00978009281717528,-0.00143275813697546,0.0144404836257344,0.00905898482218212,0.00469234346842268,-0.00785256181305962,0.04956573660882
3399,-0.0225576178322235,0.0182731041944613,-0.000204402271979629,0.0172147659876825,0.0277836396942484,-0.0193821298719917,0.00260978894880146,0.0281400463337775,-0.00901419990262646,0.00985710513157814,0.0151178706663913,0.0284750257954131
3400,-0.00553436418011304,-0.0140796264670811,0.00370668176353914,0.00138603807771777,0.00466231742660388,0.0137469608467799,-0.00106461587861463,0.000115861761006236,-0.0100963187269295,0.0110279548474494,-8.23181976802363e-05,0.0129232494298181
3401,-0.00400256576355554,-0.0108391000922042,0.00842706083441983,0.00160348738446814,0.00476298881344535,0.00909117940157856,-0.00768875105209744,-0.00152987229644636,-0.0126297687911726,-0.00227742347898238,0.00541964975461294,0.00763259972754929
3402,-0.00595813056159838,-0.00885093951880694,0.0147954921705036,0.00512984354993383,0.0194612399560648,0.0220110947650024,-0.00389816734672061,0.000427999519783042,-0.0220501803972347,0.00948910845091935,0.00279684592668683,0.00140020138966688
3403,-0.015163245118528,0.000631811859520839,0.0195082728031597,0.0140863124638462,0.0431411257017671,-0.00424699406391739,-0.0202302636291189,0.00431339180581916,-0.0241156960899924,0.0180773544050753,0.0100479455379787,0.00320432234088447
3404,-0.00744440838963204,-0.00857311986613142,0.0167478206678187,0.0114301317965047,0.0263933350340768,0.0187642992481875,-0.0157348097189956,-0.00450156354691104,-0.0195413628208949,0.000344120875652401,0.0102832729793283,0.00170104052114933
3405,-0.00758443417752421,-0.0248244957002046,0.0113757711370942,0.00775012354262729,-0.00995165355197859,0.00463244107906833,0.00213444029768641,-0.00469490421456065,-0.0133034650215222,-0.00587765948268373,-0.00619354855473956,0.00157918575356769
3406,-0.0126006900975459,0.0197730592195128,0.0163473181822744,-0.00265180403403719,-0.0282509067118247,0.0280935380654332,-0.0105047782459075,-0.0139710052296204,-0.0379005607376886,0.000456165388949848,0.00888899095939188,0.00868102854183183
3407,-0.000299387673255833,-0.00087395996216878,-0.0029980148804979,0.00262302187439141,0.000219108962871953,0.00379539604462732,-0.00166415209683562,0.0039011090164845,-0.00106020027878476,0.000436729922488764,-0.00248521142164529,-0.00383392671532168
3408,-0.00283887813983777,-0.00234355995150909,0.00654306266065962,0.0117647511351213,0.0101152734124833,0.0117311191441135,-0.0122734658317342,-0.00794659782728876,0.00377262958839551,0.00554515608024419,-0.00524419602146757,-0.0116829012246354
3409,-0.0207651509107762,-0.00470197957740974,-0.0154408063653703,-1.69339696593861e-05,0.00721858445239849,-0.0203552343345242,-0.0187622418136408,-0.00632224357009994,0.023615584026197,0.0328701388182517,-0.0227612695088424,0.0196185060073184
3410,-3.7787390823651e-05,-3.75916625725204e-05,0.000284994781032309,-4.15594351493453e-05,-9.04195565792317e-05,0.000211833237727588,-9.95146309356541e-05,-0.00020729240887266,-0.000226517491636747,-1.04498974951426e-05,1.36584334793278e-05,0.000222961382384802
3411,-0.00128238441000204,0.00256923542526081,0.000366536317887718,0.0074587283773358,0.00111309989572378,0.00486117114002255,-0.000272216953961617,0.00318455525623296,0.000237510274730856,-0.00318048585649372,0.00423196392188465,0.00846963406301975
3412,-0.0218850860847587,-0.0105942220078681,-0.00484807908674996,0.0198169108439406,0.0140339822491788,-0.00915493704780334,-0.00340517825005603,0.000252025067021653,-0.00775797247042367,0.00978596100565138,0.0268795305538844,0.0182772775118581
3413,-0.0252904984952121,0.00547616216643764,-0.0109725664043681,0.0132324103570408,0.0401802105129265,-0.0151073105195754,-0.018296211283459,0.0262637444902603,-0.0177684141276353,-0.0109174753370571,0.00229175903255689,0.00619535253186736
3414,-0.014161104629064,-0.0291581085207406,0.0039880029227149,0.0172684212711226,0.00556494066786446,0.00476996806442615,-0.00766705939165352,-0.010770396531406,0.000388378935520848,0.00855568165368669,-0.000230197166520052,0.00267723467327337
3415,-0.000985474488877464,-0.00537955765226353,0.00115149835218995,0.000602710578051615,0.00263370244805343,0.00682271574056695,-0.00397216092810178,0.00452384991593759,-0.000328155986490315,0.00157521258911452,-0.00416102205186195,0.00776431724700768
3416,-0.00412066010478689,-0.0130303925130967,0.00803760458039286,0.00111365427492868,0.00937239655456007,0.014621241570796,-0.0134196320798144,0.0048148509518206,-0.00756511872989335,0.00498604134281537,-0.00469759370425936,0.00179703660465935
3417,-0.013882939918822,-0.0151111804844446,0.0105470087173293,0.041311160650808,0.0162724176534583,0.0381833483570625,0.011874741429272,0.024981857712434,0.00803880646500487,-0.00693944558402576,-0.00844822845879441,-0.0201963137661847
3418,-0.00911342991464286,-0.0177945107681126,0.0127418729422073,0.0378770340696023,0.0138323985298683,0.0338504191778986,-0.00308011756790382,0.0162382907112371,0.00284866661753723,-0.00429422851308209,-0.0145577737163929,-0.0187105041031457
3419,-0.0138446777071133,0.0155211634035632,0.0216159245626656,0.0302271164973849,0.00210927399814603,0.00773112619258571,-0.00415977734257153,-0.00936744052638104,0.019436181742171,0.0197076860319255,-0.00418792536456356,0.0188381532039777
3420,-0.00928299969127541,0.0102199987925277,0.0245957253894889,0.021676722662721,-0.00535567429687421,0.0107802063113804,-0.00235346244872884,-0.00349426663677422,0.0140280052736722,0.00883775945716054,-0.0113834028456592,0.00719044805586359
3421,-0.00827659015628589,0.0101499321124632,0.0184266731963869,0.0350406081148413,-0.00600983697237757,0.0112022093330576,0.00521511952449219,-0.00722546103839112,0.0138628600801137,0.0113615993054641,-0.0110105481894342,0.00919766415346291
3422,-0.00720640057243301,0.00938102327018462,0.0153737918209904,0.0248912467740317,-0.00773512543113762,0.00686083329295439,-0.00410291458367405,-0.00715073918424119,0.0171173049581669,0.0150973485313341,-0.00963688418200379,0.0126247775326919
3423,-0.00611251780413904,0.00860180736493526,0.0143150551296526,0.0221036579631857,-0.00734429170837109,0.00468996304794662,-0.00158160152633438,-0.00322911233725797,0.0147141828547807,0.00911539890124329,-0.0143747679995807,0.0162699941781111
3424,-0.00442569344191625,0.00389486533320513,0.014239036213456,0.0174176468383497,-0.00141959971026999,0.00921808247786115,-0.0116972703345407,-0.00632248337995564,0.00708543650729897,0.0045505642075441,-0.0154965029566427,0.0144063107934139
3425,-0.00149450294521099,-0.00355800385242682,0.00276666706890044,0.000105785030788743,0.00173589221319963,0.00407672206391209,-0.002770580413141,0.00359168801002899,0.00163189238352769,-0.00432160360087107,-0.00339663741978088,0.00691690909622782
3426,-0.00610144544287953,0.00356743710102984,0.0180372565130434,0.00134428328159243,0.00553226892371543,0.00194988069230046,-0.00271401719006642,-0.0043032878074582,-0.0191461083737586,0.00140004406918643,0.00734365802755601,0.00962754068372234
3427,-0.024578781334934,-0.00909098140536617,-0.0101427521525815,-0.0274444393428948,0.0264912348191805,-0.0157345336643278,0.00065343714819952,-0.0161315190705722,0.0218525336653544,-0.000650691457034805,0.0134362603914445,0.00714252921598489
3428,-0.00997561291752499,0.00809796927884304,0.0248774554726105,-7.67636083677086e-05,-0.0053597646761254,0.000313705745465576,0.0228214557574901,0.00129471539025463,-0.00901601822341399,0.00828455127062187,0.000509556229252157,-0.00355288935218435
3429,-0.00764411206837291,-0.0125823163128811,0.00304883285526124,0.00585381212723885,0.0361017038208427,0.0192763150591253,-0.0196529495675823,0.00645365160869909,-0.0184328893301434,0.0225470526414239,0.0180873753746104,0.010124230088482
3430,-0.0281818436187179,0.0087215438721193,-0.0235539834391049,0.0163237296578441,0.0217219230075348,-0.0213381124153495,0.0289467392464317,-0.0268336935498922,-0.0398597468303927,0.056118927393319,-0.0107562845618281,0.0314948763742895
3431,-0.0153476704801893,-0.000579501828025947,0.0225516941554561,-0.00410859732018569,0.0245072673729592,-0.00730193043411794,0.0147617587081502,-0.0258303718480364,0.00280201144228143,0.00478150699912353,0.00463695034975746,0.00900122521170786
3432,-0.00745861352887137,0.00369080201538715,0.0244838471881309,-0.00481925727835915,0.00393985263585259,0.00585685647245304,0.00184932271503828,-0.00383721880981284,0.0142831970950674,-0.00127465233022689,0.00546393588352623,0.0167248691515275
3433,-0.00999495754018804,-0.00284655660629538,0.0267883333039811,-0.00601675257871033,0.0129467334988608,0.00021448748767871,0.0135774507554683,-0.00376736507525075,-0.00721367369129883,0.00433566155388488,0.0122342243572295,0.00601547103502394
3434,-0.0218384143508312,-0.000185970053019177,0.00613141616535907,-0.0176239624643851,0.0407543166503304,0.0136097803667538,0.0159098091385997,-0.0249964204997892,0.0146223807422953,-0.0017822121654624,0.0150551226276685,-0.0118938944147414
3435,-0.0166747427248395,-0.0242418814050524,-0.00543704262427529,0.0437799812057557,-0.0121805753745114,0.00907599436787793,0.0109463006517686,-0.0128716509828756,0.0295410861871289,-0.0102589913067181,-0.0124888157003798,0.00611319046014952
3436,-0.0128446487052382,-0.0260334799297571,0.0157520837630416,0.00454674162067164,-0.0247740885586683,-0.0143831631379887,0.00492742846039955,0.00441277201588084,0.0023412009206119,-0.0148655810276406,0.00975392977033937,0.00800667231661249
3437,-0.0165767871612301,-0.0313732708907194,0.00379342626097979,-0.0107055704968498,0.0264773592764543,-0.0103031029452184,-0.0197801292076072,0.000543471218462289,-0.00431918251679919,0.000921356295691726,0.00993826812484517,0.0181712373811314
3438,-0.0154167195300242,-0.0322198928468253,0.0068878308128981,0.0210644095618522,-0.00909709766346888,-0.0130001924877718,0.0115494435270665,-0.000159721813853069,-0.0107925528725395,0.00742556869728954,-0.00238653983860742,0.00423961487982836
3439,-0.0144054439219082,-0.0202244114391812,0.00842393338756411,0.0246804979724531,-0.0130723944232076,-0.0168966520815321,0.00258902010919696,-0.00324878681320822,-0.0238826384461307,-0.0144682745078598,-0.00635126475728162,0.011021066726178
3440,-0.0225477971230464,-0.00835758448672678,-0.00337533977696435,0.0362915235951675,0.0278188993420629,-0.0408627699012584,-0.00879378140879428,0.0234976695046852,-0.0129336556078009,0.00855140761253404,0.0213351179558349,0.011921665173467
3441,-0.019448678881509,-0.00185263198671706,0.01410349844352,0.0245289867036537,0.0369130604389705,-0.027090358950643,-0.0185622541036589,0.000796734566682883,-0.00396751859461045,0.0123805065666097,0.00341857773372158,-0.00473160551751526
3442,-0.0269644987343992,-0.0129661937417885,-0.032322930745642,0.0229219357843435,-0.00677178215202383,-0.00639302117870252,-0.0148773867238779,0.00145284990660585,-0.00915755264738429,0.00759997927266288,-0.00701243117953689,-0.00659163225895549
3443,-0.0199523645170031,-0.016421999594605,-0.00632247973345263,-0.0146495045905442,0.0143826686577276,-0.0177654094284329,-0.0138031353434874,-0.00325622699864244,0.00750905149311484,0.00173065036493337,-0.0412604902212903,0.00293590485618013
3444,-0.0230595895368484,-0.0103098103910705,-0.0194645405594228,0.00124203193196223,0.0175686421776192,-0.00891334981945434,-0.0164058171153071,-0.00718682728685087,0.00640521481016426,0.02733182582107,-0.031163820391805,0.0329955359371088
3445,-0.0206384896601102,0.0180109705150072,0.00552637238234919,0.000652088912424751,-0.0139939392540529,-0.0239451897101941,-0.019269245422922,0.00508095626922228,0.0440252169237587,-0.000972131880321817,-0.0123647455532351,-0.000687836002376786
3446,-0.000576039550963152,-0.000108226681030246,0.00225684133425221,-0.000678642807484057,-0.000394329378455048,0.000853611503189966,-0.000232365869727142,0.00273645001459603,-0.00717646459525581,-0.00196675637868442,0.00420543745140934,0.00586140258361419
3447,-0.01598391359778,0.019714786868081,0.0189676629568857,0.0110725811699641,0.0115540473491973,-0.0272474873593332,-0.0130801640792042,-0.0243772996325213,-0.0299461485622184,0.00799276734218766,-0.0311694018207208,0.0432685986943015
3448,-0.00952486753126693,0.00888426960666444,0.0207427012788985,0.00522058089569743,0.00347066882448375,-0.0142535112481252,0.00817435895642273,-0.0340381437675359,-0.00936950925084607,0.0104616124295893,-0.0104280641723411,0.0240904493139994
3449,-0.00926252446797117,0.0125699760157335,0.0228069686208216,-0.000798267156693555,-0.00358958221144124,-0.0106368328783098,0.0053453808930509,-0.0224470929023631,-0.00549679845972291,0.0155844435378607,-0.0138384840582505,0.00981593649721063
3450,-0.00910971089376298,-0.00155639496732704,0.0199495646313289,-0.000388295955141572,-0.0094523717471627,-0.016082892380466,-0.00345546557473992,-0.0151044337481706,-0.00311606988213467,0.00227815949466972,-0.00693592804414197,0.00940685153021191
3451,-0.00932745528919648,-0.00236922804641565,0.0200043368950969,0.0183719096833319,-0.00541283712733559,-0.0148660796896928,0.0073202402400317,-0.00597067080292188,-0.00914775099034482,0.00142700094093834,-0.00453450284035596,0.0137073192931935
3452,-0.0140040295508167,0.00265754214811321,0.00595160880614848,0.0434832158259222,-0.00402854904624689,-0.0215041887492541,0.0296070418159667,-0.0115243336492731,0.0150250962180289,0.012810666985828,-0.000556224866221967,0.0105537899260293
3453,-0.00710861394289732,-0.000292563459541595,0.0156839982427629,0.0248205740714733,-0.00387545280330821,-0.00394830935131198,0.00303752205954793,-0.0077508078092879,0.00113828655007367,0.0125117772572131,0.00237724615376356,0.000302175334089929
3454,-0.00756690930395867,0.000892546353610613,0.0166257983221765,0.020280295331583,-0.00369090157514343,-0.00561473363600972,0.00277833545389145,-0.000395312325903905,0.00109642195144426,0.00786968258394783,0.0047146115374777,0.00387673957676502
3455,-0.00847384772618347,0.00499603925524868,0.0208504912890685,0.0352889040193149,-0.00847759241715367,0.00734281992362255,0.00547633150637234,-0.0283712394783297,0.00403352926665106,-0.015523384032607,0.0057649436717176,0.00750406361067161
3456,-0.0180174619262395,0.0259921538369945,0.00650488189169026,0.0248551711527621,0.0073932977852411,0.00683587977286733,-0.00195324815965113,0.0293159029482688,0.00627086428144437,-0.00668792321762974,-0.00331219211146323,-0.0261556952444025
3457,-0.0207093476294976,0.0207730715109969,0.000342504130941714,0.02220373458893,0.007560481099643,-0.023733765857634,0.00368648762733217,0.00113860647389714,0.00811850640529401,-0.0184900617610834,-0.0218280173333351,0.0180402983331083
3458,-0.0237769971383192,0.00819583475352258,-0.00844266324444408,-0.00111573222072662,0.0265477341889095,8.71091561870856e-05,0.00767051375071188,-0.00171951906731227,0.0285529772781379,-0.0149982998696197,-0.0705381352034521,0.00623901980943519
3459,-0.0193919921390345,-0.023682192593857,-0.00730375243714588,0.0191871332000324,0.0138557080743478,-0.00211900811620446,0.0180096916238978,0.0171228080922865,0.00707784972198545,0.016675209975252,-0.0288671261262444,-0.00796649847585383
3460,-0.0208465940788482,0.0112206399435694,-0.00117273351281173,0.0246464893280512,0.0149059109098067,0.00471824938193384,0.0104250730622246,0.00938577214343694,0.0192295324273279,-0.0126746585840829,-0.0470825663646512,0.00671069746075448
3461,-0.0247597087984534,0.00893606935982667,-0.0187684472269553,0.0406922120984134,0.0185474605679988,-0.0120561923980361,-0.0120427427034903,0.0146473139032056,0.0320127127233645,-0.0181528706472231,-0.034861318398253,0.0409101892074268
3462,-0.0245785839393378,0.00792511130756724,-0.0187526613174103,0.0498686315702424,0.0175493102170889,-0.00869910936406199,0.000206447525434046,0.0202753727670318,0.0120530851196953,-0.0643492834960827,-0.0395153823140378,1.06743291661732e-05
3463,-0.0206333710566279,0.0114376451731519,-0.00498926530735021,0.0311128374586962,0.0149067298577135,-0.00719366554955646,0.00569697879192511,0.0191181322049124,0.0351320586182104,-0.0135423789492888,-0.0339380474005705,0.0293748512860615
3464,-0.0156323410805002,0.022104524671284,0.0159472199147157,-0.016912326188207,0.0136966659680672,-0.00842492826128406,0.00421862995268208,0.00799927548272093,0.0066799268552869,0.0131166107052139,-0.0105863470621343,0.00481056921378205
3465,-0.0215323493244356,-0.00446493083584279,-0.00909889834646758,0.0326634146705407,0.000791154407762077,-0.0291402976602605,-0.0255477992644143,0.021817143858142,0.0420079203965119,0.0112528654762439,-0.0084621191272747,-0.0172127750790566
3466,-0.0188319921150109,0.00156020886380958,0.0013123380306943,0.0023558076080034,0.00518299709951522,-0.0358913377949193,-0.021698296034408,-0.0015658626700506,0.0404718033367569,0.026889746909484,-0.0174521193630951,0.0353850711007129
3467,-0.0156425944148585,0.0118019066875406,0.0221653993684578,0.0193412070915942,-2.7062695590567e-05,-0.00112547963135147,0.00270413960533586,-0.0202092794699612,0.0421822919368241,0.0145481323517986,-0.0147083225788033,0.00903174592493088
3468,-0.0104128245908789,0.00404073058860924,0.0235679130003836,0.0185344608131283,-0.0121511559521011,0.00511238703322859,-0.00249919979022264,-0.0228023338107959,0.00340939468372382,0.00519325401182689,-0.00619654751846138,0.00515712654688122
3469,-0.0123832464734195,0.0125986575774807,0.0183319957422299,0.011233149066462,0.0131468810061009,-0.00153968551818907,0.00873903506139722,-0.00357177566661182,-0.00829694224440745,0.0164616413309916,-0.0102321664752854,0.00933673292807085
3470,-0.00977981339364047,-0.00852491474353102,0.0153382888271122,-0.0220912722998873,0.0132339675415973,0.00411274494108974,-0.0116809747912643,-0.0027997813622641,0.00447884275639702,0.011226133948924,-0.0015913645948378,0.0151448564997544
3471,-0.0205591786121238,0.000669538896732562,5.76084163470872e-05,-0.0179315125869447,-0.0044194722704703,-0.00705878583599589,0.0190768785935526,0.0112135692196272,-0.00247416817082855,0.0279811794282713,-0.0414693158807475,0.00222853062134637
3472,-0.0163780165648011,-0.0215133607497614,0.00828983407439441,-0.033560010027998,0.00233000413461218,-0.00703923797257482,-0.00832494481602472,-0.00631638886036434,0.00227574756940901,-0.0203061524984068,-0.00717565887926978,-0.0106132609191349
3473,-0.0133851484912843,-0.00773660896072288,0.019128102505559,-0.0148329178654361,0.018616696616272,-0.00772188692660585,-0.0135580495861305,0.00110299083226409,0.00413510422683533,-0.00263133557848506,-0.00673586703885376,0.00846083824599665
3474,-0.0115053116150742,0.00481812194783857,0.0248453246938727,-0.00433136993121274,0.00841879237590432,0.00406597248954813,0.0124290002471806,-0.00556548512066362,0.00705506410247196,0.00533053054316498,-0.0157466352972434,0.00781733429485004
3475,-0.0106577816123561,0.00288277541328851,0.0248770629138149,0.00339986863235029,0.00798044898176466,-0.00393073839908224,-0.000209261521609072,-0.000780364101141965,-0.00066071762143516,0.0112159698062198,-0.0117964160067744,0.011314953825819
3476,-0.018938462048852,0.0379981177811759,0.00137006651068638,-0.00420283370186784,-0.0250184602468619,0.0232516196242088,-0.0279497339265285,0.0269443426972503,0.00957911860345427,0.0196079110436482,0.0155474152206533,0.0526044064383705
3477,-0.0114817373259622,-0.017353799415427,0.0011994624540095,0.0254104427520432,-0.0284629105085335,0.013881836607404,0.00888454199944691,0.00797786144112247,-0.0282225554058255,-0.00382616984918034,0.00836284494964718,0.0155647609710894
3478,-0.00884893914159296,-0.0163790070200471,0.00602823585295076,-0.00670227057268543,-0.016752734505587,0.0265334579820744,0.00914364408649112,0.0131630936289674,0.00122724163095834,0.00161123872899195,0.0171630029020545,0.0192494731273053
3479,-0.0139859358035421,-0.0329385582267466,-0.00393541628697457,-0.0130296267897194,-0.0236828655967755,0.0206373145153847,-0.013314748342022,0.000364443664855965,-0.00910435186252076,-0.0103546066844421,-0.0035373629841055,0.0143451522461237
3480,-0.00349069357217232,-0.00772463333466487,0.00450823348276547,0.0101485330296425,-0.00894552674432278,-0.00342480879217392,-0.0129688582810257,-0.000545453294446748,-0.00908935985823843,0.00141320396239535,-0.00835472754961873,0.00847581956065817
3482,-0.0239583962692863,6.78992286971502e-05,-0.00537755254404416,-0.0216079613002073,0.00712318844311699,-0.0215933835800766,-0.01475247138883,0.00981769698596634,0.0161536515867075,0.00619739599696623,0.0173374019507336,-0.00279736344180188
3483,-0.0194716131156089,-0.0231263451807471,-0.0017465981049339,-0.0064071860319955,0.0253653488678952,-0.0122672758335451,-0.0197827503204239,-0.0145456830824137,0.0114898089171251,0.00738915994016828,-0.0262002562032219,-0.0147514046571227
3484,-0.0163785193235252,-0.0130726620527135,0.0125324533534995,0.00792555679158729,-0.00262583175862569,-0.000607854931588222,0.00943260686854965,-0.00239464337051673,0.0130646765210973,0.0153281978515334,-0.00962751819484334,0.0127359189159868
3485,-0.0166247672787199,-0.00709372386087356,0.0205514352670756,0.0334156672332118,0.0145967159699926,-0.0088037225693133,-0.0112925823094322,0.00154612440192712,0.0015235942931916,-0.0118478075383926,0.00619153790201101,-0.0107513568512058
3486,-0.018666001979559,-0.00942116946201654,0.0115250350887823,0.0394628940737083,-0.00201012125669438,-0.00786569890778075,0.0165955553868683,-0.0142369853340262,0.0119430920772957,-0.0119303859148497,-0.0116056663362265,-0.0160266202197205
3487,-0.0194081958835769,-0.0269383851830517,-0.00402789475444361,0.015185448737849,-0.0107914589808486,-0.010968686237952,-0.0167135180780471,0.00615618307130943,-0.00890072224933574,-0.00519352557515223,0.0016186974704394,-0.0199317455623085
3488,-0.0204295411918881,0.00127727425206732,0.0035344036014849,0.0185709622864518,0.00799319266471802,-0.0227565321719154,-9.18877328186771e-05,0.0108027916179696,-0.00717440536932702,0.0252162968053711,0.0182960304394604,0.0179406357610855
3489,-0.0236739535238516,-0.0338219015282718,-0.0229919485880933,0.0140075443295216,0.0218215657264476,-0.0109483234763542,-0.0107575814091702,0.00154693486916819,0.00342231112635923,0.017576300230639,-0.0106551294486537,-0.00116419720703758
3490,-0.0118530566909118,-0.0217275801412253,0.0183152447710834,0.00216904319145636,0.00731509541704918,-0.00307867824569211,-0.00901407762025337,-0.0044378817968366,-0.00546754459801675,-0.00146596052435982,-0.0154635768063732,-0.00253421815569071
3491,-0.0119738283554064,-0.0168849204031359,0.0135988669848068,0.022784891541442,0.00716243106962147,0.0035688946119793,-0.00272907647147352,-0.00920584722664861,0.00278307139452276,-0.00808618295176911,-0.00555034336445032,-0.00416783166277514
3492,-0.0223767857165824,-0.0170785508497967,-0.0100349506683896,-0.011473486758546,0.0230016726765707,-0.0180784586986465,-0.00917089159307103,-0.0124281977851362,0.0132077468583029,0.00655755417189935,-0.00622917290232845,-0.00208152973086418
3493,-0.0137843793327716,-0.0278696085601013,0.0153741905774076,0.0103377470828927,0.0102410846487442,-0.000677646566095594,-0.0137629085718056,-0.0116497790255532,-0.00703390572381464,-0.000439756262481648,-0.0115010319814438,0.00627573227295604
3494,-0.0249344573264764,-0.0121722750420802,-0.0175433618628023,0.00867105810890382,0.0190078311660115,-0.0313611517792868,-0.0280990219636299,-0.0154741173124414,0.00470542252370901,0.00381882262010905,-0.00946063108419423,-0.0131867414482414
3495,-0.0108703770702868,-0.0323388096310858,0.0120142060507199,0.0116657422856373,0.00578296896492743,0.0194146411502246,-0.0106696487190767,-0.000914410361402526,-0.0131549067528792,-0.00753674728033804,-0.00469828555265244,-0.00325114721443434
3496,-0.0143422016978429,-0.0286997408839354,0.0153706770439749,0.0123288918141097,0.0271512549474007,-0.000684002139958861,-0.0270890109192315,-0.00772271525951,-0.0210375199992746,0.00363139777206574,0.00686105800462446,-0.00372960331881451
3497,-0.0142129650720672,-0.0253918647662027,0.0140259234418798,0.00991455195858266,0.0199081721937655,0.00388288406232113,-0.00866184651212998,-0.0141854800088186,-0.00991423981625667,0.00209306650450647,-0.00694091005981274,0.000732700065153681
3498,-0.013551296560928,-0.0259381679892265,0.0130542768746523,0.00874349953357764,0.0148906065704432,0.0196091988482256,-0.000758250877378523,-0.0021233615050754,-0.0234924887704517,0.000606897009405332,-0.00276988189779693,-0.000283117056483443
3499,-0.0210689889678281,0.0205989024737421,0.00473747065537285,0.0349084984103033,0.00677026779485439,-0.0179724289712556,0.025736662396554,0.0409690717085348,-0.0241721110265177,-0.0133829442940882,-0.0137457356551607,0.0238308444421159
3500,-0.0196820109964589,-0.0365891823372641,-0.0113011642674379,0.0290970841248323,0.0138323831628263,-0.0139264438868436,-0.00954366379601181,-0.00415399413589061,-0.0084583995512596,0.00980069384537909,0.0145117211130231,-0.0113359428448997
3501,-0.020453882582365,-0.0363447506948808,-0.019773272357048,0.00926455993484697,0.0128934892223238,0.0179439444562811,0.00309502647633365,0.0182565773764919,-0.00202761749120924,0.00823941115449202,0.0282124312125379,-0.00628774582978354
3502,-0.00987198211484103,0.0132398110864998,0.0169180659857692,-0.0150899098283169,-0.0243515301507792,0.0191830449511685,0.0015290416138333,-0.00214039671709433,-0.0173066332418127,-0.00452921973197803,-0.00173206148917536,0.0183807630203979
3503,-0.0225196393291661,0.0283597188509758,-0.0063340677216098,0.00315887804644159,-0.0184093513312814,0.0104474072372131,-0.0140214108230619,0.00672375618487322,-0.0322048199039381,0.0118769543904633,0.00527148589214606,-0.0078571890403342
3504,-0.0225077847435366,0.0219933484557786,-0.00253674013050903,0.00760854496745509,-0.0229017157871188,0.0555123995470901,0.0172335209817433,0.0262854469462398,0.00833931736089092,-0.0324124510750139,0.0273982278813338,-0.00072837317663496
3505,-0.0140335185882993,-0.0259495258213864,-0.0119861030546003,-0.00913850475439296,-0.0161133574217374,0.0378305044141334,-0.0253064459950665,0.0115064298186863,0.000976097005896787,-0.001500422848021,0.0161218306652689,0.0476141797502463
3506,-0.0165748123732461,-0.0292497996299506,-0.00983364064219743,0.0132134546934132,-0.0433072589029109,0.00829418359795337,0.00231206548310816,-0.000970684945496898,-0.0205442872986114,0.00127659497035621,-0.00778249981856443,0.014807673322502
3508,-0.00671504798923073,-0.0187264758839277,0.00976749734346937,0.00770716922180106,-0.0158130231518251,0.0135796194003252,-0.00287205288131064,0.0103258430197391,-0.00244417942331504,-0.0124188921959896,0.0103619057107172,0.00866677431202736
3509,-0.029140474162703,0.0125843905990869,-0.0400421852062907,-0.00454734147475418,-0.00892194114029208,0.0631235327357889,0.0291402434350696,0.0151797809904128,-0.0332051430099009,0.011549504455118,0.0143945437842814,-0.0272739145112311
3510,-0.019967128777569,0.0320081581233515,-0.00503854345317754,0.0128351477585049,-0.0447093767401059,-0.00171796526399732,-0.0101225441687944,-0.0307225847210328,-0.0577845211269672,0.0135616800487026,0.0317772073045592,-0.00170655896785197
3511,-0.0268813095527424,0.0470569278529244,-0.0192901558825536,-0.0212749583067079,0.00980004085220017,0.0379444067482983,-0.0514161135803204,-0.0133968780925289,-0.0283225659617801,-0.00382202587798946,0.0631837337288017,0.0277366011386868
3512,-0.0174605886386665,0.0132342091176588,0.00907553676116007,0.00117434378657317,-0.00235420233365596,0.0306876957622994,0.009202007379713,0.010304530690211,-0.0380328338642033,0.000110866170048361,0.0291082672103976,-0.0120775838089591
3513,-0.0249930710304717,0.0269444219975143,-0.0215198964235847,-0.00774738993728768,0.000637043757356124,0.0323982897949558,-0.0550950441646542,-0.0197925994260536,-0.0309898929062376,0.015352120748349,0.0175810856830523,0.00814046686521355
3515,-0.00679190457073396,-0.0107748342912749,0.0169057633761601,0.021727011080164,0.00624391258341044,0.014865895051936,-0.00145550607970491,-0.0189025214876074,-0.00183800578447679,0.00423016187534741,-0.00626568986169076,-0.000715886529749595
3516,-0.0143423442519877,0.000188271655747792,0.0183015556581106,0.0155826879328309,0.00408582022794659,0.00184646728209548,-0.00796102116910093,-0.00750607306578458,0.0191213037538754,0.0022771087184465,0.00689277469418808,0.0192491478391296
3517,-0.0108613246889264,-0.00490107744127698,0.0282463675424097,0.00168829207007196,0.0106897003644236,0.019502776977941,0.0249139086005212,-0.00341517376088902,-0.00400409546226456,-0.0199543258332255,0.0200382331552025,0.000952464101060021
3518,-0.0212889340335408,0.00391723224334004,-0.00160169388476326,0.0291788478295546,0.00125579590862629,-0.0303986825508018,0.0231688381658369,-0.00917170190487575,-0.032273293265938,0.0487104963172118,-0.0271338473443649,0.0270012900511405
3519,-0.00795817965191054,-0.00223364903097629,0.0165789939998068,0.0174361781862022,-0.0106145333226882,-0.00542791602706162,-0.016580978145346,-0.00241544187394646,0.00512280651494545,-0.00222036216477609,0.0038358141865149,0.00524361438745195
3520,-0.000510294351362787,0.000744366154703205,0.00014628914641463,-0.000161974775524421,0.000236962422604334,0.00200220795587039,-0.00361979715374107,0.00185030065660823,-0.00456195146131081,0.00387784436791932,0.00253556460643092,0.00622637781259918
3521,-0.0249193312222572,0.0143752436981814,-0.0166793607038871,0.00740625940015334,0.0222335427497106,0.000935771217917524,-0.010263103107828,0.0101967648351785,-0.014631965585834,0.0120360376216299,-0.0553822754373303,0.0291599620769273
3522,-0.0163115599043842,0.020081329216833,0.00808427743240588,0.0069781178697182,0.00587852313103431,-0.00347787958666673,-0.000341755639421948,0.0225277319886232,-0.00863061078657965,0.0257714136661456,-0.0159230708788578,-0.00164390640142168
3523,-0.0107856023055704,-0.0102887061468806,0.0149123164720736,0.0177536564573504,-0.00931940765383238,-0.00829399147171647,-0.012673516498976,-0.00792504169113963,-0.00334762349322323,0.00240671591829974,-0.00399011026097103,0.00805134154946774
3524,-0.0132776584310577,0.0143059315853628,0.0227586481520993,0.0140347171898777,0.0190214690399062,-0.00893215009758299,-0.0159871440083822,-0.00654440697139651,-0.00048020257360704,0.0196828650131796,-0.00190727315533775,0.0127451240708215
3525,-0.00909118103924929,0.00983404987387595,0.0213458131361382,0.0134863461687529,0.0164903264107515,-0.00507296698208576,-0.0202519002611426,-0.00928119937863176,-0.00957925048190756,0.0185979968734363,0.00441822009036324,0.0150551191257258
3526,-0.00775678189416618,0.0138810517664515,0.0228251090547778,0.0136611303784101,0.0203144222293162,-0.000655958357551222,-0.0120792315573005,-0.00724194158625412,-0.00852929195153358,0.0185949695668155,0.00179967951373578,0.0127880705271817
3527,-0.0186431200291969,-0.00197163721484317,0.0031454825740818,0.0286972076595483,0.0242835390799887,-0.025707325757508,-0.011769703552196,0.0127467807510007,-0.016707427283488,0.038725255135217,-0.00323372339820334,-0.0099012502746268
3528,-0.0221092437773363,0.0135491169965657,0.00300430871180461,0.0189942699800629,0.0140418820499136,0.0025697198442635,0.00910365496514971,0.0147159722561936,0.0129299476388871,2.81062273226181e-05,-0.0257424480612739,0.0340515937527855
3529,-0.0179075757610884,0.00494132526352177,0.0105130219137556,0.0334887596556331,0.027581728515291,0.0102624596617583,0.00821798286396406,0.0170471221063499,-0.00113870738877257,0.00111528844346804,-0.00348448521862986,-0.00074648843572313
3530,-0.00123492023699368,-0.00086349576248967,0.00559466128971122,0.00161216637851334,0.00263842981675443,0.00276369558998419,-0.00163089201049865,-0.000851589199643028,-0.00181214018081975,-0.000504857204992937,0.00380365326313339,0.00643327478372396
3531,-0.0153435098924132,0.0101202704606139,0.0125674507993459,0.0100965366468386,-0.0105440987705614,-0.014025789895963,0.00428616792011832,0.00150412799961141,-0.0402010151019766,0.00903263475734393,0.00386159336917725,0.00917555207896742
3532,-0.00823020858807599,0.0107460923184506,0.0182436004320514,0.00784096088185857,-0.00647228563471636,-0.00275868463098726,-0.000914782162340383,0.00129252855260252,-0.0220354087941653,0.00387121289231385,0.00827851386785805,0.00754833431721569
3533,-0.00737927606312553,-0.00291441066975583,0.0167995808185845,0.00725979941092881,0.00684080289248172,0.0133203717656709,0.0200730381700623,-0.0109109676829418,-0.011441439218356,-0.0165302486639932,0.0190366373476866,-0.00128168888433248
3534,-0.00948381129304575,-0.00375422548218804,0.0238771597259915,0.00138793602812636,0.01327337078943,0.019511548749311,0.0236700909446855,-0.0101114506450218,-0.00807670687501863,-0.0240174646592636,0.0254846164648631,-0.00158238365865912
3535,-0.00313780892282543,-0.00417400848314079,0.00633044825014541,0.017747974816336,0.00106693744329628,0.00187658553063602,-0.00137842429345108,-0.00895909443756951,-0.000985055059586027,-1.14548553104013e-05,0.00260074851234948,0.00833771544672977
3536,-0.00372147965354648,-0.00726177659010546,0.00849169244421716,-0.00353147059033727,0.00776026153501311,-0.000228774874041104,-0.00867720010299989,-0.000776204037626765,-0.0128705221123486,-0.00179473309886221,0.0020764395988278,0.00704596489226633
3537,-0.000192208187491091,0.000718962772640975,-0.00197578755080165,-0.00119840237760211,0.00250544256964362,0.00021529331991135,0.00245332812104214,-0.00156990138470527,-0.00219649985146007,0.00186873981348568,-0.000875138516659453,0.000538612956435295
3538,-0.0104496767495377,-0.00623350078970495,0.0191821984737741,0.0209629886864111,0.0334831909465056,0.0341742951675968,-0.000503146509787717,0.0131231383835493,-0.00242359142064429,0.0119708456594604,-0.00569965669987824,-0.00293124167519396
3539,-0.00814719121862921,0.00251098526713495,0.00951162916406212,0.0203340510500814,-0.00343155108372518,-0.00557584687251709,-0.00274304568717684,-0.000333576628150725,-0.011419877413171,0.0177030233833093,0.0292258322101092,0.00979600069514401
3540,-0.0100690369601146,0.00258141516066362,0.0131788648436571,0.0180858312706845,0.00507619202839201,-0.00214141434238469,-0.0239091439555677,-0.00448283446873005,-0.0134946923069911,0.0134758473828584,0.0283203361205225,0.0113196563531944
3541,-0.021877607325437,-0.0214676677531734,-0.0173732977474493,-0.000480804546019257,-0.0270947204764168,0.0254547027887447,-0.0193973085718879,0.0133622108957136,-0.0201154490548523,0.0216410450047637,-0.0133255022481281,0.0126974184329979
3542,-0.016936173268844,0.0160584548281917,0.0204987142982359,-0.0195083478271413,-0.00489636597310743,0.00481294830630296,-0.0107290957407788,0.00831452950843969,-0.0235088928306405,0.00638139235018427,-0.00549959772348684,-0.00568653948966943
3543,-0.0196722090695849,0.0331625908822173,-0.0102194602688364,0.0239878939096352,-0.0480550573378266,0.0178428117999108,-0.00426301647195321,-0.0154951448249415,-0.040261964486249,0.0224074735270188,-0.0177849316478544,0.00409398771683464
3544,-0.0173460688162101,-0.00571330542627079,-0.0042624097056385,-0.00480082985129846,-0.0460651051932573,0.0284529267738637,0.0192671231078432,0.00912618966732729,0.00670818566494814,0.0196449963978376,-0.0125471857488767,0.026879680728998
3545,-0.0119646347972044,-0.0270999646092055,-0.000950168809357594,-0.00982407802725524,-0.0205579999441373,0.0290081211044691,-0.00198625135127736,0.033041631849866,-0.0173760528551127,-0.0126389909012531,0.0038699267844505,0.0278810064198416
3546,-0.0199089657631786,-0.0258441802910973,-0.00918228934912361,0.0101174866464445,0.0234130432480794,0.0196309375394336,-0.0316730467573329,0.00710778177559065,0.0120606275303239,0.0388308881331689,-0.000636302437854187,0.017067279342787
3547,-0.0194761275103141,-0.0377799097397178,-0.00750813680433966,-0.00506455617242364,0.032476294025345,0.00559103257839794,-0.023446582955613,-0.00973465275448239,-0.00647558856137914,0.0263555879183556,0.00585028662468905,0.0185180945956425
3548,-0.0104106753331812,-0.0102071953593836,0.00986798443406452,0.00409646400621526,-0.0288347830241089,0.0165244329603879,0.0084948326429788,0.00696976411028516,-0.00989887145104811,-0.00476827257176765,0.00205133500556955,0.0144361535862243
3549,-0.0206420744690964,0.0193010819543027,0.00131735642325424,-0.021522526308104,0.012418022172344,0.00625397392075344,0.000459947908007195,-0.0225526437356808,0.0128039321064527,-0.00340754415030272,-0.0329681338904433,0.0399434981861644
3550,-0.0146647358767834,-0.0150526112745309,0.00906307276221286,0.00166090460858544,0.0411739927869289,0.0273341355455906,-0.0284787704916666,0.000183838711682913,-0.0210044219472008,0.0405462775434649,0.00749582423461435,0.0124102088868331
3551,-0.0278542625058607,0.0329682618947802,-0.0244635538715478,0.0139318050774898,-0.00893877236904565,0.0409006940345695,0.0182216577664537,0.0302190311514028,-0.00279273656905848,-0.0235498336386159,0.0139034954695687,0.0436934290052468
3552,-0.0126922028352246,-0.023062251813496,0.00217202369155374,0.00313000469662197,-0.0318777128277913,0.0259588520615413,0.00935199968175057,0.00118516868500653,-0.0115246387291455,0.00180813581524136,0.00193959158709019,0.00242055485633446
3553,-0.0134778877377101,-0.0203340464229529,-0.00234810818315322,-0.00584067340327342,-0.010147956002449,0.0171099471149976,-0.0150800396706128,0.0150331473042449,-0.014012724694391,-0.00651609025085761,-0.0107366903754346,0.0211599059404764
3554,-0.00165439649919561,-0.00453895416395824,-0.00295116640786147,-0.000936995258990611,-0.00420008032184722,0.011333705962856,-0.00908471855902053,0.00186107807549782,-0.00524457198093552,-0.00181366363950894,0.000459775315269593,0.00852821279275459
3555,-0.00426448201522201,0.000663938186160285,0.0105986435080993,0.000495833012595333,-0.0107978120216508,0.0122407701858518,-0.0061445076264666,-0.0013563641821695,-0.0144103450567251,-0.00147881081763453,0.00428058471616558,0.0030282386764497
3556,-0.0226837756775206,0.0370426266876284,-0.00756819122984101,-0.0120882956085616,-0.00418001316028748,0.0317390525569127,-0.0427199476386289,-0.0227391107252291,-0.0213860793267644,0.00218314309337484,0.00370686038103556,-0.00871880357301027
3557,-0.00788807618550484,0.0112472239364036,0.0071433601508902,0.00831405803072075,0.00382389404412922,0.0178159660074054,0.0255837824807537,-0.000116514501193185,-0.0103448942630676,-0.000782994438852966,0.0130497949190328,0.0173619081979598
3558,-0.00188132400533195,-0.00515468010021634,0.00689633782341316,0.00616629096005175,-0.00452590681892273,0.00617006369007072,-0.00126055274650001,-0.00634649939772867,-0.00922725555894865,0.000830557925476922,0.00507197284401982,0.000413494687011614
3559,-0.0227343915136277,-0.023907266910326,-0.0104233521837359,0.00300073102822289,0.0423466112887594,0.00992869490671966,-0.0252941832272692,0.000404934846632143,-0.0113498164794496,0.0196349938281115,0.00276579618036638,-0.000557506841753564
3560,-0.0143904564159495,0.023082437119583,0.0138111180856909,0.00654433415332812,0.00470551307225412,-0.00489544055038,0.00283435899607404,0.0205059108155392,0.00870179027534001,0.0061743468465312,-0.0232698866583038,0.00537733195860138
3561,-0.00595441018338333,-0.018369236542141,0.0105033027937819,0.00465372689604574,0.000333903361527366,0.0118698420800426,-0.0121020074329519,-0.00596418255234803,-0.00561466391588851,-0.00305012738163805,0.00127731612651689,0.00399683735784625
3562,-0.00888171809323669,0.00655206839164392,0.0261208308504977,0.00631839242681949,0.00403107779712382,-0.00747071218697431,-0.00562476140233972,-0.0117773403259999,-0.012615870360374,0.0239993062286659,-0.0319825130282412,0.0158997792050073
3563,-0.010020936327336,-0.00256187170073869,0.0220284980298992,0.0122518754977982,0.00487259517585797,0.00961238725885486,0.00262847321980135,0.00887177852108001,0.00619896062752601,0.00226238480550772,-0.00118510044576493,0.0043416012037628
3564,-0.0122200309931435,0.00303706866774023,0.0223165708710025,0.00372301252979884,0.0331173347808974,0.0162582035434793,-0.0217806644385085,0.00570919970374649,-0.0176883251743944,0.0291344064234806,-0.00511424345991754,0.0111249123365919
3565,-0.0155042916838162,0.0041116572402174,0.0195663403811841,0.0261937503179059,0.020957961431645,0.00237842254568994,0.00526968871195937,0.00362281867293377,-0.00379248406355148,0.00954005876220288,-0.00624830505360086,0.0105376402519437
3566,-0.0135248353189778,-0.0349836889578112,0.00745085606692141,0.00236205622342025,0.0266757581968429,0.0125065130571089,-0.0301143362525996,-0.0117187545343884,-0.0165511249742048,0.00396791751646225,0.00439711537182998,0.0193638347754283
3567,-0.0239191296566729,0.0203450991774338,-0.0115410255781898,-0.010990392126481,-0.002247610930762,-0.00977694331846391,0.0198843742919059,-0.0322997024612042,-0.032215599243738,0.0486646441545056,-0.0133811666290294,-0.0329409414341575
3568,-0.0153368490404242,0.00470692830824782,0.0132535872648748,0.0118401337823433,-0.00748544774734477,-0.0104328481608792,-0.0296097046237143,0.00912330324349411,0.00322986224224058,0.0114090649320906,0.00823993013075924,-0.00734521741234253
3569,-0.0249942526983914,-0.0188830752236463,-0.0264896170449217,0.00216425508361396,0.0234157705165526,-0.00860499689033976,-0.00814183492363553,0.00474340769432786,-0.00683661130408427,0.017887793262501,0.00805269898556747,-0.00870797711189276
3570,-0.0221890676033869,-0.00327689150984763,-0.0109275402089615,0.0177871608941498,0.0119505813877011,-0.0140623153509442,0.015815857889817,-0.0112074021174578,-0.0273850299084486,0.0582720585695946,-0.0252076743793909,0.0182411693666726
3571,-0.013910875990094,-0.028226200684978,0.00540485394519154,0.00194434179255623,0.00248846856775909,0.00481214276484421,-0.0126524714471803,-0.0131549268734772,-0.00143911372676199,0.0152153148419891,-0.0114203761592699,0.00544032660393149
3572,-0.0219165351912814,-0.0219929289822711,-0.0135663822396205,0.0132620546110187,0.00770504639096388,-0.0119364056127935,0.0144339076147807,-0.00036279650238721,-0.0306881796843898,0.0353539509364602,-0.0260734163558773,0.00935851714462251
3573,-0.0126031696398616,-0.0288752175378968,0.00614910691003491,-0.00147596044849727,-0.00687918227816345,0.00428337909814546,-0.00359414633487699,0.000338234956801767,-0.00208148564969302,-0.00572416493549652,-0.0039423174034329,0.00766238496598327
3574,-0.00582995450400307,-0.00850305070468093,0.0104981376084274,-0.00775955530079629,0.00053191786929574,0.00182940060725717,-0.0133229248464391,0.00732469258309813,0.0103211515140616,-0.00702104308268853,0.00800087534203612,0.0118971907610517
3575,-0.00288420421036193,-0.0041669170421466,0.00377730110764199,0.00301653847351087,0.00535920093801294,0.0114392462376037,-0.00661082042517254,-0.00565728161232055,-0.0171396407604636,0.000717460810505487,0.00123946651925479,0.00635210788835116
3576,-0.0230624968580178,-0.0251498408192562,-0.0227210640349964,0.00428838346833077,0.00448366594281918,0.000651544687135384,0.0268761111280647,0.027418210035979,0.00508519433146885,0.00034757187371284,-0.0177579774887452,0.0132715784751421
3577,-0.00477840540437224,0.00699949138870414,0.013720471871663,-0.00652461697629162,0.00436677210577027,0.00673111768884847,0.00789026389972783,0.000357969199144472,-0.0113622007995214,0.00420768736910637,0.0118205241084315,-0.00279025912736732
3578,-0.0159314378479429,0.024032372099275,0.00891144288576693,0.00383615304047005,-0.0234495600759687,0.0189819851598038,-0.00320409133036816,-0.00122827536590188,-0.0467307078356434,-0.000972753186625791,0.00714484674888881,-0.00464246098852567
3579,-0.0144608998674697,-0.0316670455693199,0.00311278228195657,-0.000599576955224028,-0.0221402826329457,0.0273579760183029,-0.000602882175913194,0.0180919235795684,-0.00827477257819646,-0.0129731575219881,-0.0123682801142636,0.0199922751941426
3580,-0.012495532688163,-0.0254265786923479,-0.00682964421554623,-0.00550858122681256,-0.0340659797365902,0.00786423407075061,-0.0110844966641299,-0.00416280803865582,-0.0206216167585789,-0.00942684442469432,-0.00965379663832002,0.015504837464418
3581,-0.00985672899205867,0.0138653839675931,0.0015471330923168,-0.0290179274024968,-0.0115639819405686,0.0192533699819566,-0.0164051528254699,-0.00533409256208139,-0.00337439301258648,-0.0031978575149607,-0.00615293923212714,0.00239726567328496
3582,-0.0164313306749395,0.0278898621211065,0.0136430105342147,-0.00685731571415573,-0.0237340066090633,0.0201443882160913,-0.0139803177382706,0.00413561391357808,-0.00294597108665294,-0.0097854892065178,-0.00585244724885334,0.0187132391010154
3583,-0.0168315647040984,0.0300163410430917,0.00492228640447989,0.0136015301503261,-0.0162937909740804,0.0304306433219105,-0.024820616178063,0.00225690090942565,-0.011584193013477,0.00350615086305869,-0.00625880801169954,-0.00974141032402834
3584,-0.0242335038889224,0.0221400375324085,-0.0118405955630697,-0.00914565532337582,0.0126389940205283,0.0274882951971865,-0.0250565992525203,0.00923525895296477,-0.0343039898166101,0.0107542994763459,0.00331776633920526,0.00936854738273217
3585,-0.00141606071517096,-0.00356750432436553,0.00484894621381473,0.00393653365883325,-0.00130095825632721,0.00199522814060652,-0.000219901063820599,0.00787492453980755,-0.0088050131725467,0.000875179080555736,0.00377660586881369,5.21305089751677e-05
3586,-0.00180242510801116,-0.00506382253866806,0.00392905582206116,0.00290335578532244,-0.00632261860332854,0.0079909764604526,0.00167236523641039,-0.00471648276650532,-0.0114397399792736,0.00160336346665311,0.00402627088375154,0.00227885139977902
3587,-0.0198036554371458,-0.0101190816621273,0.00174673053682688,-0.0251013852472655,-0.0291173024002622,0.0250961078920788,-0.00489122992733851,0.0124124012189414,-0.00723544539797502,0.00170014812598211,0.00400089696149712,0.0156741062961827
3588,-0.00814893489691975,-0.012499102981921,0.0234595727149943,0.0214942363374079,0.00798310056296114,0.0141201094643667,-0.0103265648258201,-0.0106053411444937,-0.00439161027410105,-0.00318890729151976,0.00118046483672967,-0.0111497341903989
3589,-0.00946316144642972,-0.00126977105943689,0.0175343445383411,0.0357549549699837,0.0137057707497538,0.0148633057620055,-0.00908019359053082,-0.00694664226252592,0.0069257322696228,0.0131190070627163,-0.013751787350882,-0.0112476145347209
3590,-0.016230364258423,0.000488555594597825,0.0056454734788416,0.00863531567572121,0.0154019609182753,0.00193768518630387,0.00401134737255773,-0.00656932323116103,-0.010498069071492,0.0257143307288244,-0.0102021291442156,0.0136907169881503
3591,-0.0158550684573523,0.0200097758794798,0.0143361556343277,0.0079979171974765,-0.000384023162219133,-0.0118953447151843,-0.0131539646953988,-0.0190854241026037,-0.00242074295199497,0.0217918909652482,-0.0147919702862885,-0.000564461866531792
3592,-0.0246645223879905,0.0123454617778531,-0.0102917370393952,0.0184132313646198,0.0299016708847977,-0.0304156523430717,-0.000312346117020234,0.0168521590188554,-0.0298035106864173,0.0190054544852636,0.00680246559920636,0.0244549822042288
3593,-0.0113951856560554,0.00565844855913209,0.0208903619910813,0.03268468247678,-0.00489916184811434,0.00551104803294204,-0.00429705131462428,-0.0174276031945854,0.0100040328080198,0.000422393275273259,-0.00137385314652855,0.0036543977767367
3594,-0.0077675915846903,0.00664682964956845,0.0223808493595773,0.0217706378233291,-0.00595461988373774,0.00587044696133348,-0.00569128108855103,-0.0199271412492271,0.0117367535194054,0.001947645580982,0.0124008283048304,0.000244517756816244
3595,-0.00764791936810905,0.0102082734335002,0.0174451526239315,0.0295344798233706,-0.00297572251098041,0.0145916089293174,-0.0044543221682377,-0.0204695505372066,0.021548913010297,0.00840293650138088,0.00931172228593179,-0.00664523261949685
3596,-0.0109657023115612,0.00819323435122815,0.0173304234762346,0.0387547463042833,1.61160828772574e-05,0.00693718772623409,-0.0076569743148242,-0.0211703354034944,0.0108620215905348,0.000364532626378486,-0.00424479283631111,-0.00145735473477865
3597,-0.0170580683132315,0.0177931337261829,0.00556618483378337,0.0026446564547995,0.0106608477772409,0.00391791901712335,-0.0216879733324579,0.0177411336911719,6.60286290966074e-05,0.0406824824604195,-0.0259462756086949,0.0211001180760999
3598,-0.000251197072413323,0.00211103557912902,0.000253222417317745,0.00290995709011327,-0.00165978046642413,0.00159389995390828,-0.00126370076631512,-0.00258416352699879,0.00184930073696294,0.000267632898351018,0.000764876690501845,0.000337126723744955
3599,-0.00746919013476015,0.00236172302042748,0.0261716352083969,0.00960809540852898,-0.0033745513427494,0.0045091915006091,0.00571315630950317,-0.0196307475604083,0.000513420023637348,-0.00123749837965087,0.00415769305080328,0.00944152255795944
3600,-0.0242880564860765,0.0182941507420411,-0.00919841542364992,-0.0436858071001606,0.00715403239194063,0.00478005801319879,-0.0195154346134723,-0.028206724425189,0.0059519901523801,0.0181183896719046,-0.0134550046789285,0.0349989164172797
3601,-0.00979459745509423,-0.0142185568281825,0.0121710811508648,0.00108842385875284,0.0168088412926481,0.0240639591771369,-0.0261737522344008,-0.00759335678259097,-0.0178735371503017,0.0265316595204512,-0.0121611558603091,0.0155737855713373
3602,-0.0163421113468114,0.00951532617687039,0.015636546409994,0.0162792278756009,0.00544640849933995,-0.0294286282005934,-0.00752089678636464,-0.0193575521921349,-0.0371194979930429,0.0415657619303876,-0.00338902248371361,0.0237642164957709
3603,-0.00811388762944374,-0.00661847211884152,0.0220865109619871,0.0313353857262375,0.00523934295919349,0.00979535110383787,-0.0135549193751542,-0.019531214255232,-0.00726496674347653,0.0110086993182407,0.00462296665552129,0.00376704086216744
3604,-0.00777463356789412,-0.00642968721893177,0.0250387822611651,0.00350818119717998,-0.0104984201690699,0.00137428510795695,-0.0140382668713917,-0.0111605042679743,-0.00227174860861977,-0.00598152582136648,0.00407988467717072,0.0067380577288338
3605,-0.0138799412298479,-0.0214167812659105,0.0167770811802839,0.0139900071515175,0.0344686357068919,0.0139971357495762,-0.0221153294460413,0.000425809631374234,-0.0230144242573525,0.00524805301591141,0.00261910746900304,-0.00361071505270865
3606,-0.00491458602697986,-0.0104979794273262,0.0101151892821975,0.0122603108474024,0.0071541414725072,0.0153887375655353,-0.00813821193610918,-0.00418873997211465,-0.00939768266849825,0.000533805017895412,-0.00190236402484892,-0.00742717477324642
3607,-0.00942763183369252,-0.0221210587061749,0.00802089319221581,-0.00125559396754526,-0.0328595886608664,0.0303309738995644,0.0195329470928441,-0.00404063884608227,0.00760183745076752,-0.0100006228316708,-0.0182101546843417,0.0122918289863879
3608,-0.0194986597248833,-0.0111691227597151,-0.0116643553383905,-0.00150488175486493,-0.0459541757610163,0.0160692853762473,0.00123193373108581,0.0244023043546633,-0.0217200656050656,0.0137558223829401,-0.0157560981264921,0.0142713312550785
3609,-0.00473953236285175,-0.00622415810980014,0.0102605955361394,0.00179435411202492,-0.00276481955710969,0.0121752516096838,-0.00543479023615762,0.00905129957866802,-0.0205193199094972,-0.00194365160856787,0.00858414196906847,0.0141433281646033
3610,-0.00467969450371739,-0.0146897010579538,0.00505153011336785,0.00212924801578572,-0.0130724106356921,0.0248589081326453,-0.00609735420543707,0.00574201974069466,-0.00186839800502721,-0.0173275359040563,-0.00165051722458575,0.016070580215827
3611,-0.00847418719171886,-0.0257436269625692,-0.00306610509671298,-0.0149807158007893,-0.00896139030151549,0.0328168763270823,-0.00511538295576296,0.00671076036387142,-0.00943163018803737,0.00654316186187045,-0.0128354938564882,0.0208790257422729
3612,-0.00838068513367264,0.0128188119671266,0.0140900750414217,0.00800942089187067,-0.0185924229331565,0.0125150668091306,-0.0107370311486028,0.00648027318371521,-0.0026177089880648,-0.00334565374910146,-0.00108239332727732,0.00152179977011953
3613,-0.0106816637025127,-0.0141279413360035,0.00444873255612058,0.0181311814020678,-0.0307503519623855,0.015247015780538,0.00989291029014105,0.0103672957361413,-0.0101632775089853,0.000867194834803913,-0.00382654450501145,0.0141846059712342
3614,-0.0147295547820162,-0.033823940041416,-0.00261666341964985,0.00309969849754022,-0.0191328507767092,0.0166224559859133,0.00729261668353916,-0.00257388424571617,-0.00901949411029106,0.00418545610014014,0.00425675085853218,-0.000582369073003347
3615,-0.00222838287124372,-0.0046036692794795,0.00308118970009357,0.00246952645171414,-0.000935638506562343,-0.00345700253694639,-0.00194065085548294,0.00178067243777999,-0.00156483709368861,-0.00107581206717857,0.000696827170485611,0.00242627727010687
3616,-0.0182318312665824,0.0212246711702818,0.00787419023557215,-0.00825306625409283,-0.0188353639622184,0.0132779571867755,-0.00447732015394939,0.00778608698918834,-0.0370689707805564,0.00395090019686105,0.0135286309823381,0.0256714524970635
3618,-0.0224089566995704,0.0145387735679874,-0.0124285713745641,0.0139881754652635,-0.0415949833479197,0.0341835838300008,-0.0235203743740375,-0.00705730211221977,0.0458818681308323,-0.00211592101389504,-0.00661629028660648,-0.00829613000992106
3619,-0.0154305019510635,0.00998255061819509,0.0130888133576898,0.0323586279762215,-0.0102816363822334,0.0343696881361448,0.00742365000037761,0.00953505131713747,-0.0116563818831328,-0.00342731837526344,0.0213943911542638,-0.0104408435570623
3620,-0.0181370820046586,0.00512584414516093,0.00502656378284237,0.00719451028232798,-0.0338081757843194,0.0100746104689106,0.010392734470827,0.00715220701253403,-0.0374557847886616,0.00764702556099212,0.014056602729756,0.00205935554952076
3621,-0.00299681785788531,-0.00788783992970551,0.00393002777500577,0.0049460380934988,0.00197774112127577,0.00600902716030614,0.0025737409169411,-0.0034544967957508,-0.0148207320017925,0.00246595304017272,0.0055391258926868,0.00757566677449403
3622,-0.0026669771461341,0.00116867563572878,0.00177471531780109,-0.00273032351083101,-0.0146119202719456,0.00902402677243192,-0.00374503126988861,0.00499298021607779,-0.00578565078744352,-0.00917305854723319,-0.00688215812405643,-0.00642223725082164
3623,-0.0251362378861831,0.0142576645729395,-0.0153481332213016,0.0152023886956324,-0.00569615095034292,-0.0152981970083833,0.042732033675079,-0.0316483695414106,-0.0719670107944803,0.00144241626533995,-0.0254507978961549,-0.0193888919159578
3624,-0.0201668236228949,0.0160696365955783,-0.00270967878072004,0.00299110445636285,-0.00628725570177162,-0.021175105157064,0.0205432940763266,-0.0195027590670637,-0.0621585196849117,0.0377720411117421,-0.023170209816065,-0.0221936829612221
3625,-0.0137257215274289,-0.0196212157346824,0.0114361659136237,-0.0113014236423408,0.022214659159559,0.00533711116505672,-0.0183908928173068,-0.0117536076138375,-0.0175632829397969,0.000851390273303831,-0.000961636986450104,0.0259575793808941
3626,-0.0234350681387867,-0.00846089047565252,-0.0122308055863051,0.00703514021857957,0.0375406204349175,0.0083215573131656,-0.0191495469161951,-0.0134167587417701,-0.0165198926856059,0.00145699622079491,0.0111061643845946,0.00224160562695857
3627,-0.0168208778602848,-0.036380777397226,-0.00477631960209343,0.00175269021478909,0.0139644549079503,0.0183435807443236,-0.0232680282093133,-0.0193663787409088,-0.000615544343230783,0.0184696267163336,0.00168085411981024,0.00668077635569601
3628,-0.0230036241317637,-0.002304090346308,-0.00963736429847511,0.00182153700625858,0.0391020552612912,0.00772379679588552,0.00746545810713621,-0.00049008588490078,-0.0117459541017344,0.0324147702167062,-0.0217333016509572,0.0070634965702033
3629,-0.00597414556362653,-0.0147730343790145,0.00734340547171258,-0.00786137335699192,-0.000842334071287427,0.0125889158029832,-0.00446572369701217,0.00599184625477229,-0.010908918433385,0.00556367563240918,-0.00453267628444332,-0.00865230249654565
3630,-0.00263385048697797,-0.00662254236413307,0.0118328182485069,0.0129949617596451,0.00401892303632735,0.012428150816319,-0.00358109013687904,-0.0071836029867961,-0.00211764197213713,-0.00027599939147914,0.00482633374165851,0.000604397201352027
3631,-0.00105316651436641,0.00265337677076771,0.00321348272332691,0.00152810806571042,0.000166218854116102,-0.00112884366909714,0.00275026379538574,0.00352598678578226,-0.00456432635557573,-0.00435554040250534,0.00875407303046419,0.00754562504969421
3632,-0.0110633919968715,0.0114624865829905,0.0150284242360901,0.00990184683525631,0.00540487411319182,0.00711071024444655,0.0179082306572197,0.00187274822520711,0.016835814353621,0.0179153553493243,-0.0191474297702577,0.0232385898490006
3633,-0.0054342850684047,-0.0119859145914734,0.017010730407445,0.0160429804129381,0.00740701123369926,0.0198284477745523,-0.00205979518162079,0.00510379063094983,-0.00771533771690541,-0.00232116649162577,0.00457089824164971,-0.0118001065645662
3634,-0.0144164978163847,0.021683843206782,0.0100771701755191,0.00309192312197313,-0.0156671762270473,0.00517657503450384,-0.0190570686913927,0.0251485755736462,-0.0145673929963939,-0.00986939380492092,0.00687795102562322,0.00552120921308676
3635,-0.00631183722302231,-0.0196257663931771,0.00235912152695292,0.00334401240115804,-0.0267188263177858,0.0195330781206822,-0.00759986840922845,0.010524833172479,-0.0257219961596302,-0.0169902511117815,0.00597761594697486,0.00783436277112229
3636,-0.000842568021328206,0.00213575458704938,0.00229226174315864,-0.00237357050899643,-0.00424857912383073,-0.00680021910219288,0.00557056874293604,-0.0050859702388844,-0.00226795216986465,0.00163977352091767,-0.00163720814204679,0.00575880285075089
3637,-0.017744066576396,0.0122403328355357,0.00287962993296438,-0.00424370102379254,-0.0405582529431188,0.0477801212565568,0.0172837535880787,0.00361931141787354,-0.01664825862173,-0.0081595314946628,-0.0137306765354705,-0.00441089075240586
3638,-0.00359629394893829,-0.00647104349988841,0.00328656339924934,-0.00279925018407735,-0.00550088661985213,0.0103066855513944,-0.0102631574525,0.0122210964287216,-0.00597698697831051,0.00382936507468837,0.00336010160542418,0.0123279846700342
3639,-0.00782505585694013,0.00366025291957612,0.0163321979986712,-0.00236701643202747,-0.0161048592666896,0.0115615100141385,-0.00748140084695122,-0.00500398313491761,-0.0232856292329851,0.00931320542758368,-0.0111300860068102,0.00974698825530175
3640,-0.00769525894445061,-0.00975236509842738,0.0099783626888668,-0.000811938208241422,-0.0224048726305591,0.0207727551877158,0.00490004740051841,0.00795106810680671,-0.00553000074276817,-0.01307490302961,-0.0115065460110044,0.0222623145093004
3641,-0.00708602828538229,-0.012294921859006,0.00412423639089423,0.00441090944364246,-0.0163872870551216,0.013511170834789,-0.00632364987805333,0.00413275815974675,-0.0101997630493363,-0.000145012754831591,-0.0040962267946943,0.0328491206195574
3642,-0.001399351599451,0.00146132716339455,0.00331579264463228,-0.00358481044864019,-0.004081019395297,0.00579676672793057,-0.00147882239286865,0.00300905918576204,-0.0131289638763544,-0.00622326912958797,0.00422888325697522,0.011042361010196
3644,-0.0119930562295995,0.0250724328923918,0.0152315832293674,0.0140203225253921,-0.00603421616092692,0.00404506235407554,0.00592413616147441,0.0150033178230922,0.00832862191471842,0.0030864601981374,0.00893658848350957,0.0211620282952277
3645,-0.000329917454088713,0.000150442741818494,0.00036015380335925,0.00112385087927316,-0.00155044859220798,-0.000445208088163832,-0.00342882199398538,-4.33891420598893e-06,0.000745456906912144,0.00314413306194321,-0.00261785635280807,-0.0013791983933665
3646,-0.00120410506963553,0.000237551657995213,0.00317527583229069,0.00214393720223722,-0.00102207495159935,0.00566477967497186,-0.00159231611493762,0.000909879738977164,-0.00893338066876207,-0.00111398700803324,0.00132082794059153,0.0114307926656874
3647,-0.000288019775481576,-5.41133405151231e-05,0.00112842066712611,-0.000339321403742028,-0.000197164689227524,0.000426805751594983,-0.000116182934863571,0.00136822500729801,-0.00358823229762791,-0.000983378189342209,0.00210271872570467,0.00293070129180709
3648,-0.0246717314303322,0.00911189957836384,-0.0212440757739583,-0.00518388342599175,-0.0307280467510092,0.0368062612812586,-0.00782243786758556,0.00148423451443652,-0.0246163710911059,0.0214927497663027,-0.0178498753718534,0.00886881921584297
3649,-0.00546644490181018,-0.0149303717853273,0.00500531749079782,0.000144738840313258,-0.0036820724795358,0.00561121234153111,-0.0130022336099313,-0.00260892351047738,-0.00130224542894698,-0.00798567445399877,0.00440335600233512,0.00679978221843925
3650,-0.00961700990207263,0.00687552020873956,0.00888815249114479,-0.00672277963709318,-0.0218882244400683,0.0243885363226263,-0.00955912923429104,-0.00127220750960167,-0.00892266781718147,-0.0038125910273821,-0.0165778109793985,-0.00021142496677196
3651,-0.0179717771542802,0.00173662795247629,-0.00132215667501504,0.034615274500073,-0.040006547079876,-0.00220282661623442,-0.0105287301457548,0.000509871927153541,0.00459615204943761,0.0141394594891164,0.0114996329398094,0.0183166831869161
3652,-0.0313874398612411,0.0144848101907897,-0.0429450529207308,-0.00431761411903351,-0.0307946808452338,0.0367832358173623,-0.0101766296703246,-0.00884272137550322,-0.0100875691779207,0.0303533476910513,-0.00567307968511488,0.0187548769734356
3653,-0.00867075504837645,-0.00169706135751364,0.0150050652937921,0.00255678826415407,-0.0174423103340783,0.0126360227864406,-0.0087763384831712,0.0112391086154513,-0.0223018110979146,-0.000849314612192599,-0.0137817246073546,0.00490734021824417
3654,-0.000288019775481576,-5.41133405151231e-05,0.00112842066712611,-0.000339321403742028,-0.000197164689227524,0.000426805751594983,-0.000116182934863571,0.00136822500729801,-0.00358823229762791,-0.000983378189342209,0.00210271872570467,0.00293070129180709
3655,-0.00359399522068641,-0.00831308835937092,0.00902512006183781,0.0110588250319358,-0.00892459030857006,0.013542416575465,-0.0051719425254869,-0.00758836655964805,-0.0120666805205154,-0.00497849105595023,-0.00486710670056359,0.017866402885354
3656,-0.0110122700937555,-0.000379556604014882,0.00590515842444306,-0.0186816101746908,-0.0250124644292743,0.0193593385476025,-0.00460758308443968,0.00624497628393829,-0.0155277021323583,-0.00442716914723004,-0.0127829559353929,0.0176022889009443
3657,-0.00462080961687144,-0.00630156030984137,0.00439879810020935,0.00549276799069633,-0.00165227409990278,0.0305195518381207,-0.0128275168693635,0.00536860434113839,-0.0177998420040356,0.00695587319536851,-0.000960823469678544,0.0237996344668079
3658,-0.00965918746437444,-0.0241925231639844,0.00484509835962004,0.00507271278281588,-0.0222465464280879,0.0315733085589406,-0.00191511843396018,-0.00985712613509321,-0.00634587916058823,-0.00546236906000076,-0.020267416051437,0.0263159020131513
3659,-0.000143765212848002,8.78827568733527e-05,-0.000299896236600988,8.35235448496278e-05,-0.000238139370558204,-0.00119758470160317,-0.00129682132312461,0.00128853884121591,0.000295485376979848,8.26407067116024e-05,1.61036824662647e-05,5.69054805853464e-05
3661,-0.0018072874224376,-0.00465955101664968,0.00400312668139266,0.000543963119585399,-0.000432054566178894,0.00400832793480458,0.000241832268663321,0.00433285770390355,-0.00874902587268348,9.14108794287552e-05,0.00366791038969121,0.000336994368206424
3662,-0.00865825557152337,0.0100316695599357,0.0153078178272927,0.0106671488620425,-0.0259405440448254,0.025445076901161,-0.00800485961977281,-0.0162751509218691,-0.00303606782183774,0.00453206353615243,-0.0110633078781841,0.000968454129078965
3663,-0.0107579864471071,-0.00755640957298826,0.00893821456262228,-0.00257092857461412,-0.0187360515913704,0.0141843993671608,-0.0123782957092405,0.00877682003319962,-0.0167506647421287,-0.000607865205658853,-0.00667802064457595,0.0211036072551904
3664,-0.0174924135518544,-0.0252995453852817,-0.0186046917017023,0.00901654970125534,-0.0561312142382039,0.039599577891932,0.00685369954985622,-0.027192958202068,0.0164077574069225,-0.0111722762217064,-0.0151813756707564,0.0397908396978513
3665,-0.0279518567182621,0.00215219851537616,-0.0354894824953815,-0.00019743912689181,-0.0349505324160631,0.0392196780608556,0.0110242709358681,0.00234090559191113,-0.0312962780380007,0.0428994746546698,-0.00759481895396921,0.0109206873293342
3666,-0.003873382329681,-0.0034770948823915,0.004113649823885,-0.000594019610756866,-0.0107685478707197,0.0158438407594623,0.00538726569123351,0.00884220426439204,0.00561933533327782,-0.00231976061332562,-0.00509741962099938,0.00959797922944476
3667,-0.00593230536839637,-0.0019780678226036,0.000792203402029299,-0.00339461059182911,-0.0219674282620392,0.00942773148632034,0.0137248797980573,0.00816197215438422,-0.0165498419595894,-0.0124004618937034,-0.0027089011074847,0.0112515482989088
3668,-0.00989901804572677,-0.0158633204490278,0.000448203370111333,-0.0103825888529546,-0.0287047696562119,0.0427164040919994,0.00149657202923053,-0.00761590301398812,-0.00678590505703413,-0.0149722953878263,-0.0229477406583159,0.0416696703314011
3669,-0.0147915210315726,-0.0154831492624709,-0.00871996801197072,0.0017784990216577,-0.0329747702917184,0.0451375430206724,-0.0245215378880491,0.00360281167005452,-0.0289556074855667,-0.00633945836945659,-0.0106287720616992,0.0365870855858125
3670,-0.0270477444803458,0.0289628530529372,-0.00729990070751484,-0.0335093094665032,0.00156929943807967,0.0377498558208982,-0.0229346416760561,0.00276741416800468,-0.0164054164585893,-0.0148249268085753,0.00487396164281243,0.0200537264242936
3671,-0.0175997137793559,0.00819074062669433,0.00548716961758552,0.0517366063459878,-0.0194365935711441,0.0142879232915148,-0.00124602773438476,-0.0325328726487828,0.033133125514808,-0.0180345076706267,-0.0143663843104614,-0.000639357760084897
3672,-0.0135784449298275,0.00716411249430431,0.00925960353074875,0.0473263355101428,-0.0161862385638039,0.0169340897512677,0.00785943604662768,-0.0264397676585739,0.0224685440473792,-0.0171210628966911,-0.00871770460071142,0.0126905739728782
3673,-0.00927986950422035,0.00402074450718031,0.0184543381320339,0.0263020126367083,-0.00218746303245341,0.00595108570423552,-0.00911312160481738,-0.00922908846618154,0.00800702495191967,-0.00690483341770683,-0.0110081217932383,-0.00115709602113743
3674,-0.013751155552782,-0.0287272285845959,0.000412531182070012,0.0164709641632846,-0.0206824453105771,0.0117720232525705,0.0109606096638315,0.0126811073684225,0.00524794362861865,-0.00552575833246985,0.00478001989993893,0.0170910596009676
3675,-0.00899547841470594,-0.0075340817545461,0.0199261934248094,0.00512057845849612,0.00330402481327873,0.0235137045469529,-0.00110854857838118,-0.00679835071640246,-0.00737669206067155,0.00919766186594904,0.00326120202265872,0.00731010778426053
3676,-0.00851785079480269,-0.00490164559533639,0.0174532318662168,0.00461998300677646,0.00112710146563969,0.0222128098652018,-0.00714892166593753,0.0019085590264317,-0.00894722263313152,0.0140926460265752,0.00372962755004414,0.00534204509019051
3677,-0.0128570843583541,-0.0016422171471814,0.00812879687144362,0.0249658560589346,0.00012010589037617,0.0272149880847613,-0.0150704839836739,-0.0107534461317681,0.00632430228616482,0.00829686384383484,-0.0165464637952334,0.019945094606157
3678,-0.00706923209923313,-0.0105618633665923,0.0180579274853771,0.00603041422834542,0.0116168420036175,0.0218056393036577,-0.00270387716732762,-0.00274208754759232,-0.00993903601694168,0.00683208049109426,0.00650351837429912,0.0153644425091723
3679,-0.0167786382788602,-0.0337716413120313,-0.0203579121829071,0.0249595244664826,-0.0278384699447988,0.00157287007295975,-0.00272162041153706,0.0066337828074656,-0.0236525586328459,0.0254933993747934,-0.0286367586485495,0.00775321072505663
3680,-0.0191813731201284,0.00538386685358268,0.00468931936851863,0.0162503443623864,0.0225840709982011,0.025466652768662,-0.00894007814637536,-0.00405653484035598,-0.00223986252639866,0.0203642414167057,-0.00584393709606567,0.00990838189738881
3681,-0.0230576834355066,0.00771823556439421,-0.0100950534386971,0.0195017351561495,0.0242734004437792,0.0351418141702414,0.00385885296380708,-0.00485185497399609,0.0144039054512425,0.00280528274525203,-0.0195226752790848,0.0122732656416793
3682,-0.0210003024367988,0.00496050349829441,-0.0015905752018979,0.0175369267959996,0.0142127719836687,0.0334683243874732,0.00742907301968873,-0.0232204191207383,-0.0271991461884723,0.0178604946121896,-0.0126687693449639,0.0338876668786462
3683,-0.0190934621556912,-0.0330167448971079,-0.0189094929304512,0.0122524698245776,0.0186309122675669,0.0396394798824101,-0.0123072075554053,-0.015479601672603,-0.0331274196366033,0.0296480041946197,-0.023310640426075,0.0119593654160221
3684,-0.0185046322779188,-0.00448988445662556,-0.00639294984227608,0.0336268744153522,0.0160836217985521,0.0363101147132689,-0.0108917228214951,-0.0227060180886628,-0.00161277649747436,0.0147283666334637,0.00419085474652925,0.0107194898338403
3685,-0.00528033161408074,-0.00412166579151819,0.00828461946601138,0.0120248019790336,0.00966091567035307,0.0233343524968507,0.00432487212194477,0.00339797766222977,-2.24840307453774e-05,0.00596607718501215,0.000530242422363446,0.000321138479361823
3686,-0.0209682468166581,-0.00866847187244113,-0.0123929725234338,0.0373946318167537,0.0244009693905845,0.0468061716187499,-0.0100143714593834,0.000471625115025828,0.00185659305230388,0.00501972559785103,-0.00417531192338446,0.0219942586043104
3687,-0.00271102515791624,0.000595445054621154,0.0032601574080337,0.00188366790849873,0.00541550220317573,0.00928603437517001,0.00125124097185265,0.0045827667677295,0.000998662573178167,0.00600064540713226,0.000873417880127784,-0.00718361673232341
3688,-0.0079561783581148,-0.0128318689293178,0.0113985732430509,0.0249417138187414,0.00584070885358616,0.0356076970436109,-0.00637705446190253,0.00987093839376183,-0.0085189021419793,0.00160646831839166,-0.0145406796455492,-0.00547767196841242
3689,-0.00509425832348841,-0.0106830733782298,0.00668910685880011,0.0231918209413596,0.000947127762912086,0.0174500097605446,-0.0065541955567228,0.00413941509256753,-0.0080042406496371,0.00152606063302405,-0.00437605492496912,0.00147049490549831
3690,-0.0199131740910226,-0.0135982877438189,0.000729473594430242,0.00263729263455842,0.0216128324197677,0.0302389948457886,-0.0147940607792974,-0.00860442341097914,0.00555765334325692,0.0245903222880362,0.00380158127118132,0.0188896304287939
3691,-0.0150299044227457,0.00916914729104945,0.0138739437193696,0.0266321170781736,0.0103998317484814,0.0145382623675042,-0.00762815976560479,-0.00484206920269029,0.00346593627510763,-0.000284838466055255,-0.00823030825215647,0.0114589240958432
3692,-0.00434500566470921,0.00238875887155765,0.0128101003313299,0.0128892026652765,-0.00442434608613886,0.0110071708689432,-0.00448510080077806,-0.00841097754660417,0.00257939354374882,0.000607304056563878,-0.00901314163938527,0.00964858137888679
3693,-0.0046981168479612,0.000609752093915569,0.0110030336386513,0.0166302797521724,-0.0107569045703077,0.0134841397827767,-0.00148942834098385,-0.00851851531829539,-0.00293032193553565,0.00280722729018594,-0.00473673862900077,0.0112900656289926
3694,-0.00310737887032005,0.00131982589194052,0.00937184095034096,0.00851299353605467,-0.00717842096109126,0.00744733096511845,0.000384397935288628,-0.00707264926985369,-0.00331500845847511,0.0061817813666454,-0.0116117926241162,0.0131744769117978
3695,-0.00441627562984927,0.00259273244032532,0.0130874423616428,0.015797088520702,-0.00828249571223221,0.0124800910354424,-0.00117929417198296,-0.0117427049785698,-0.00114724438874679,0.00217176735872619,-0.00992157115707299,0.0169871273219627
3696,-0.00488037176973589,0.00279008383738802,0.00994463633942046,0.0144363830469089,-0.00530022854142846,0.0169412398385446,-0.00499507273847544,-0.0112488512914481,0.000691894730041618,0.00296245146536312,-0.00896052722732152,0.0173693413007159
3697,-0.0106651425077538,-0.0115363721214646,0.00573815271966137,0.00465651436437818,-0.0239481267254708,0.0204092903174616,0.00986217001708396,0.0216419847608049,-0.0278507127708832,0.000412172151603313,-0.00687339022491354,0.0133267615741394
3698,-0.00205117924726135,-0.00476903541997827,0.00463160541012146,-0.00317967938529198,-0.00094108491938557,0.00277886682190913,0.00137313111311932,0.00153618992858269,-0.00574894388807551,-0.0020022022429671,0.00523670026963674,0.00555845637860012
3699,-0.00401824749411085,0.00485919773279189,0.00721505240056721,0.0018507918528052,-0.00517113741989852,0.00375161843266514,0.0124164737855917,0.00499777084740813,-0.00606558952476716,-0.000876964352913456,0.00267067588190456,0.0106932979448327
3700,-0.0102630757752737,0.00721791660169398,0.0152291054574103,0.0123586803336876,-0.00560183943720915,0.0190487167659009,-0.0142575633076718,-0.00356681794989496,-0.023151563697891,0.00535030091097859,-0.00507359580350952,0.0118034480683855
3701,-0.0110589673316183,-0.0160939083853687,0.00446646762991165,0.024630740104283,0.0075209009770882,0.0275781430701019,-0.0162366337725813,0.0154088351577717,-0.029420905805445,0.0140218395451324,-0.0113831516666934,0.00375139461406269
3702,-0.0270448098867972,0.0289889425157012,-0.024416086629521,-0.00167016066497449,-0.0263846753596819,0.0317625425415865,-0.00441748547204063,-0.0211909510692487,-0.0272749390195951,0.0211242850887985,-0.0038379407340875,-0.0195950529267849
3703,-0.0176721800717085,-0.0267078852403383,-0.0178997023586753,0.0197335918279291,-0.0567308249108207,0.0328842845634243,0.00155051644369889,0.00384994889964707,-0.00538830560847854,0.0017426650343725,-0.0154462749565191,0.0601784780367462
3704,-0.00572066972221326,-0.0175428977192732,-0.00178739287129619,0.0082035432781889,-0.0142825563775838,0.0238218812388478,-0.011925204336418,0.00315298835845157,-0.0165898502292442,0.00106242697761155,0.00211338903552227,0.0286238920431213
3705,-0.00859868102127137,-0.023131656748444,-0.0037004475344082,-0.00253384452185951,-0.0305474667008086,0.0305809409049176,-0.0196560033103219,0.00436958564106316,-0.0253448749830026,-0.00175109907466627,-0.0082825594826229,0.0304658061202512
3706,-0.0239830027983774,0.00102985481459378,-0.0206410242063414,-0.00415599186921633,-0.0211628121607936,0.0352179018473766,-0.0399993947292899,0.027365532909801,-0.0161451283838938,0.014132126832413,-0.0308043892043768,0.0244052434949567
