"movieID","X1","X2","X3","X4"
1,-0.0305757279984943,0.0185135968231969,0.0233312538583574,0.0035325047955482
2,-0.0197348183300929,0.0163420620023709,-0.00667867025416278,-0.0208339802956759
3,-0.0196229822050563,0.0231938489434396,-0.00658611035479479,-0.00161421269917393
4,-0.0132688828549992,-8.71067914639593e-05,-0.0285748038170176,0.00473598320501729
5,-0.0147744092900801,0.0101972555029758,-0.0312100894426219,0.014306831554462
6,-0.0282286828371914,0.0181458884521616,0.0242814888928578,0.00914175488898589
7,-0.0185901618683571,0.0139421695156376,-0.0241768969389341,0.00247531906401037
8,-0.0131391921323148,0.00285469764785071,-0.0311953881538871,-0.00614605099455212
9,-0.013162929071696,0.0164345290712317,-0.0213893161708346,-0.0132377238085097
10,-0.0240783211670411,0.0232248624570372,0.00889434642344487,-0.0161072138627448
11,-0.0258877377654364,0.0190488136687924,0.0044008690640785,0.00770711559502569
12,-0.0122811702164091,0.0145712897599508,-0.022666462264495,-0.011298238302737
13,-0.0154797141302067,-0.000294223897844822,-0.037527008796123,-0.00202943581094945
14,-0.0168543413809903,-0.0167159468416632,-0.0178037761294277,0.0366248148449842
15,-0.0131161808200723,0.0146728357748708,-0.0244010269379368,-0.0104252548868995
16,-0.026658187991925,0.0140552801281923,0.0149618366956202,0.017600079744266
17,-0.027738327326045,0.00664532948927254,0.0163564311029085,0.022600530406295
18,-0.0193881941383651,0.00997187916838871,-0.0210696413128761,0.015139911543458
19,-0.015376666386235,0.0219271932493083,-0.00703818762383647,-0.00129023869157706
20,-0.0134936361400305,0.0141991177842445,-0.0233198517455875,0.00435702835677969
21,-0.0268976273671541,0.0130799580128793,0.0252296060340261,0.00652813590263059
22,-0.0218422655200984,0.0168099460231362,-0.00300952301917422,0.0168874835642926
23,-0.0149373139204319,0.0167266413931433,-0.0221792130646358,-0.00191497622375529
24,-0.0218869201897108,0.0207295805089598,0.00221160801599866,0.00154809109855389
25,-0.0259489060857187,0.0057375325214771,0.0256524380283376,0.013824044782258
26,-0.0169185050529265,-0.0102296962254917,-0.0254411737959339,0.0191568061060044
27,-0.0111055659997333,0.00286972095225398,-0.0402393212633038,0.0053556646072654
28,-0.0169244879622115,-0.0410994264849852,-0.00751168434234773,0.00815000108633845
29,-0.0273044420448414,0.0083068248279993,0.0158233968560372,-0.0168974593927206
30,-0.0149025622765822,-0.0340880751979308,0.0029235770231457,0.0144253240533283
31,-0.0135208881258427,0.00656159321159084,-0.0388087668028332,0.0212357648978339
32,-0.0292437398210973,0.0165613371047048,0.0291833812881168,-0.000880177555388148
33,-0.00133051612200742,-0.000150351825470658,-0.00351340373028395,-0.00169394121436568
34,-0.0284361739620927,0.00957694583832919,0.0223838872912923,0.011438122888437
35,-0.0119051811517987,-0.0264304983692444,-0.0216534400116373,0.0027246993899142
36,-0.0268301852943699,0.00370141922459267,0.0188326951105847,0.0252993039265386
37,-0.0040296570096812,-0.00196869738932095,-0.00932240436741932,0.00241893372298139
38,-0.00453985590856514,0.0146207925242756,-0.0370855869643165,-0.00357466584283637
39,-0.0249921260905191,0.00754140668391077,0.0106219461676343,0.0175193242977677
40,-0.0110825331103218,-0.0188810316375479,-0.0139164608927545,0.0203158877542968
41,-0.0214236995775514,-0.0213033109995767,0.00487940586272086,0.0209054169182914
42,-0.0189383145125066,0.0104912065006518,-0.00354117138907069,0.00933338114559623
43,-0.0197875058039835,-0.00996886178094329,0.00796330043065672,0.0275725643757981
44,-0.0154867403855127,0.0201432267797668,-0.0176920992715439,-0.0122255408341607
45,-0.0219660291847635,-0.00438137971348604,0.0107594399887006,0.0167837483884465
46,-0.0131669110237156,-0.000234171588825466,-0.0380286415504153,0.00613092590948961
47,-0.030003252428216,0.0196290613969163,0.0244240301265845,0.0147494068292541
48,-0.0152603465539743,0.0074268166427617,-0.027585388193888,-0.00280941138974736
49,-0.00978108060446675,-0.0219505748794649,-0.0254908623635077,0.0108240523954119
50,-0.0328813275761266,0.0176279843399619,0.0289793259685076,0.01521448169513
51,-0.0192573793929453,-0.00975510629614565,-0.0141562525616076,0.0328203400424018
52,-0.00425116922351927,-0.0205019550743597,0.00621094580916789,0.0046130029884718
53,-0.00659587643548911,0.0120693004792601,-0.0303297588673139,0.00821567917701138
54,-0.0107568125784046,-0.0240315589775326,-0.0163991744383333,0.0144467842629141
55,-0.00157808275833186,0.00309352065514946,-0.00694137526009112,-0.0073290640481516
56,-0.0144382477675773,-0.0132573012240748,-0.0321824380432834,0.0183512497144738
57,-0.0235819917025988,-0.0106726496831635,0.0083013449208665,0.0376910825279448
58,-0.00350654492455475,-0.00700660424956313,-0.00355091756674971,-0.00154413419171973
59,-0.0193418750227209,0.00820674222177806,-0.00817023896017739,-0.0179304043556662
60,-0.011708059995914,0.00433104094986533,-0.0353645139537967,0.0130191768641334
61,-0.0221855821375538,0.0132113961236881,-0.0118733102777344,0.0287875756260467
62,-0.0127098332634058,0.0183605400975735,-0.0276556586980415,0.0206368802783742
63,-0.00923611916954943,0.00271782463000833,-0.0329713857789954,0.00771025336270337
64,-0.0087159255994177,0.0106958042656166,-0.0314019855712444,0.00410548887037948
65,-0.00788125812340823,0.00992993734572348,-0.0177564933270715,-0.0103626839020639
66,-0.000823415539778706,-0.00181157781692658,-0.00109810476176767,0.000659721643441159
67,-0.0129027472144126,-0.0242131777318719,-0.0227196302854736,0.0113335989803476
68,-0.0233629741352099,0.0125912858320209,-0.00127456713057729,0.0282536861970428
69,-0.0222084302115296,0.0214061615253622,0.0116642135640568,-0.0152661401266343
70,-0.00950362094877329,0.0137100618825004,-0.0276736761765261,-0.00955627504781764
71,-0.0167671619984965,-0.0186918296750358,-0.0137542688152124,0.0198055042379402
72,-0.0219004486191728,-0.00343505018675639,-0.015121155274495,0.0377411419276364
73,-0.0129152025495751,0.00659244122222974,-0.0404258311251379,0.0208532679262437
74,-0.00223461068092197,0.00759739225492879,-0.00785207848363522,0.00269599103701971
75,-0.0152946313340016,0.0138560603983698,-0.0143789238131247,-0.0329759442809875
76,-0.0107858613804898,-0.0315639043847107,0.000658658760197038,-0.00920795245327929
77,-0.012422717715516,-0.024042755044258,-0.0181130643556897,0.0124357654091222
78,-0.0126919175614835,0.00470554702690686,-0.02766962785186,0.012426262111306
79,-0.0122416185794182,-0.034800885755022,0.00841354865657586,0.0135708962817989
80,-0.0188862534656989,0.00119171291357759,-0.00530343274345968,0.00883563871714071
81,-0.0155159570928898,-0.029656010537646,-0.00932866268443205,0.0340202443380574
82,-0.0104561858621978,-0.0255835545190622,-0.00860613639013666,0.0140138659738588
83,-0.00666211032887001,-0.0203856452318644,-0.0112232972472415,0.000495919250663382
84,-0.015356401076153,-0.0237516247787637,-0.0114720431273583,0.00937653829038997
85,-0.0230139709257841,0.0182626784815491,0.00544098600374229,0.00400969225607714
86,-0.00960596364882143,0.0067656371734305,-0.0265327546823553,-0.00600461088995643
87,-0.0135428504183266,0.0184921751140129,-0.032207174841167,0.0180742008860472
88,-0.0191853928470135,0.0173393893798423,-0.0113513514556048,0.000334262662079012
89,-0.00258394047142299,-0.00815628214796885,-0.00556891337046791,0.0050361392188432
90,-0.0109208281392656,-0.00545143008711265,-0.0217500448665049,-6.64944568097615e-05
91,-0.00958535877373873,0.00584371980750883,-0.0312425637047724,-0.00581192231616794
92,-0.0191716637112181,-0.00510192581736741,-0.0216185938880082,0.0396345722580546
93,-0.0184483396260709,0.0192397728554648,-0.00513742254087137,-0.0166921716220387
94,-0.00675291196785264,-0.0212297387556492,-0.00752378688794514,-0.00628197101924698
95,-0.0124282355780896,-0.0279478272375103,-0.00597495791897678,0.0307337292734427
96,-0.000800012104474679,-0.00189600006740019,-0.00117065330942531,0.000345391122313928
97,-0.0117647675110526,-0.0292241656181318,-0.00294381964824066,0.0111820850201155
98,-0.0159019374158953,-0.00828016843880799,-0.0141964835264595,0.0215353856248713
99,-0.0244381838066292,-0.00156328828906757,0.00689198596355323,0.0329521734879102
100,-0.00678500984834774,0.00501486238820315,-0.0232692336372535,0.0049124162087499
101,-0.0100684916997028,-0.00747161925422673,-0.026675624366137,0.00121961911610461
102,-0.0230018577028497,0.0260112923190268,0.00184358724042029,0.0177708503761339
103,-0.0190882550359577,0.00210095751627375,-0.00650782927748137,0.0262004925522135
104,-0.00400784669186425,-0.0170686903163039,0.00246437683047429,0.0112666852416733
105,-0.0161610512128365,0.00650254654758175,-0.0262918405793426,-0.0211672660945239
106,-0.00270159003242423,-0.00912620419054416,-0.00466136655279542,-0.00330023190826705
107,-0.0309027552501002,0.0267061883158746,0.0212042017220656,0.00313053438380072
108,-0.0295272303924255,0.0056857772228786,0.032585890899236,0.00748402600761208
109,-0.0236830286582665,0.0170640944207875,0.00688478724142952,-0.00705760651660298
110,-0.0121014593071428,-0.00432023278020073,-0.0248165787523965,0.00535245179863918
111,-0.00455647081804286,-0.00913011708413742,-0.00734234777889669,0.00888560630818204
112,-0.0142725422403412,-0.029536704176617,-0.0188169327132943,0.0112637682163645
113,-0.0156047332538846,-0.0234991091596223,-0.00249799541696696,-0.0027411287536081
114,-0.011724764219592,-0.00556103665131254,-0.0315333744848774,0.0116469579245017
115,-0.00567509681254184,-0.00635988278943395,-0.0125823300573395,0.00205294418910345
116,-0.000491236200363269,0.000390745151935269,-0.00179269866289837,0.00244996585965175
117,-0.0133898222422457,-0.0295561647585547,-0.00531269159184112,0.0167629593979492
118,-0.0145749320404982,0.00582248264923616,-0.0253589653613528,0.0112928218018901
119,-0.0192377568988156,-0.0241602970920161,0.00211716982437381,0.013107926509757
120,-0.00563878723036359,-0.0125495996235232,-0.00510655668205275,0.00691029499775197
121,-0.0221029966468162,-0.00680686892542857,-0.00412626462560177,0.035703506346472
122,-0.00927013473047267,0.00839113966005766,-0.0199073610236219,-0.00828294793330199
123,-4.34369942086937e-05,-2.19831595435227e-05,2.28832140349405e-05,0.000620061487931594
124,-0.00568379721365659,-0.0237005641395568,0.00670256790477401,0.00119652429884108
125,-0.00250639321572574,-0.00261238869894246,-0.00393140996699344,0.0121192677084465
126,-0.0014317230327794,-0.00427181397775535,-0.00270124429904273,0.00139321092192881
127,-0.00643165633625677,-0.0121033598879791,-0.0130482249858696,0.00425999163661297
128,-0.0123805389968125,-0.000438030162072221,-0.0220910784984352,0.00641104401977447
129,-1.09469749797284e-05,-1.40931219159832e-05,-6.62166082443073e-05,0.000207983849347425
130,-0.000455303972088667,-0.00325512526814926,0.00505236713370895,0.0010691808520893
131,-0.0126704012672135,0.0117471189086156,-0.0371559419216251,-0.000496426751559306
132,-0.00238052839541343,-0.0123532331394594,-0.00482338739813206,-0.00185446391823463
133,-0.00516635466014299,-0.0113649436459547,-0.00955581018350456,0.00680772864801941
134,-0.0015690076255345,-0.00384437119343002,-0.00299337153757282,-0.00150902209135529
135,-0.000597214243262793,-0.000553167224542371,-0.00269258321777651,-0.000872733146808972
136,-0.0136995676137695,0.00401413450748517,-0.0407755126679425,0.00738499699034776
137,-0.0209208538426461,0.00662652660559994,-0.0135546790795025,0.0205893590343866
138,-0.000189495726809433,-5.89473115777883e-05,-0.000535262978108147,0.00024719027553197
139,-0.0238544756554784,0.0111500333783916,0.0148395836635492,0.019487577506534
140,-0.0212605572352913,0.0250531514944154,-4.74827932107636e-05,-0.000968961227708524
141,-0.00522679023685366,-0.000653853734568458,-0.0320179397536974,-0.00062488460587835
142,-0.0200909875717456,-0.000952728972393354,-0.0114240651862372,0.0346320359641142
143,-0.00607363437409878,-0.0188076312159398,-0.0127335566178797,-0.00120681354086431
144,-0.014362813010647,-0.0238830229273123,-0.0112185890829986,0.00217049604888952
145,-0.029765471349334,0.0210453279509922,0.0210218295006888,0.00764733745389275
146,-0.0239567668637226,0.0094115019866454,0.0042775981980896,0.012594249630352
147,-0.0135522131363473,-0.0156309444597418,-0.000442590826810595,-0.0138528563875507
148,-0.0159465011042093,0.0176323521045724,-0.0130318336749348,-0.0126083391588546
149,-0.0134740598894698,-0.0435185023866624,0.0131915483282098,-0.000459965878993156
150,-0.0142175967110099,-0.0257067413207058,-0.0132857064937145,0.00713042203337927
151,-0.0156035591628183,-0.0227125472893911,-0.0164465484511828,0.00813013370013497
152,-0.0150802572127337,0.00523417568034695,-0.0225501352489178,0.00620091645690527
153,-0.0150226531797885,0.0116990391146126,-0.0252619674764967,-0.00810783853302127
154,-0.0168289994670479,-0.014514748168123,-0.0113201347841316,0.0309833786785715
155,-0.0130772096732988,0.0187494531566512,-0.0143171994539486,-0.0190757319221351
156,-0.02644491961716,0.0196747888905128,0.0137119672217455,0.00753616427070838
157,-0.024352872464527,-0.012412292381787,0.0271741824602653,0.00967806473072103
158,-0.0236917602463842,0.0227015437150723,0.00632319356315695,-4.17819149194782e-05
159,-0.0236093829652708,-0.00181758547535046,0.0240422763164844,-0.00111702761469055
160,-0.0237995942228081,0.0244385838632215,0.00389235761489572,-0.0069682561992642
161,-0.00974056287056406,-0.00888151521697487,-0.0216927647646092,0.00840661639224581
162,-0.00183157949604923,-0.00944029513760906,-0.00380303674372187,0.00314706988848295
163,-0.015356095227407,0.0203164850782727,-0.0290406878744084,-0.00739120561782412
164,-0.00922427782226153,0.00733187027851093,-0.0247408596968429,-0.00315393980394879
165,-0.0185664960673992,0.0247591445834185,-0.0193943310142539,0.00155162437091762
166,-0.014785903597487,-0.0127484277236568,-0.0426814851434279,0.0208959434572786
167,-0.0144226653872076,0.0155558039983987,-0.0167077102147425,-0.0256757595859711
168,-0.0123267713503373,0.0173309584208622,-0.0190627367409054,-0.0250414925073712
169,-0.00892695214776811,0.0139524964257786,-0.0337830907005693,0.00525461260921488
170,-0.0213686484885258,-0.000660346416186976,0.00701305508873624,0.0324670626761738
171,-0.0203456189991738,-0.0207377512520587,0.00320161008547733,0.0300104843712879
172,-0.0153108525059063,0.0107218278399482,-0.0185538450459201,-0.0155251499097134
173,-0.00751807633686557,-0.0168862342983671,-0.0113006508976088,-0.00091822709635536
174,-0.00800378686120698,-0.0070653541736402,-0.0240467232478757,0.00446958423236381
175,-0.0222322147174761,0.0191740076767996,-0.00780525833724004,0.0212955220745866
176,-0.00671544466944822,0.00762079584812439,-0.0239068290531885,-0.00414314684775604
177,-0.0113443221883206,-0.0142432281361567,-0.0326986840161013,0.0101936664011772
178,-0.00948625258065504,-0.0194665147936483,-0.014521584272116,-0.00786693031925053
179,-0.00858376457574899,-0.0174923654224659,-0.0187507025059345,-0.00659927429620593
180,-0.0173094486891587,0.0199150662252699,-0.0132574281336032,-0.0175661064091655
181,-0.0127109039652197,0.0105292673663241,-0.0344581127957587,0.00627299837498539
182,-0.0145796352682499,-0.0159260628105133,-0.0289655957059665,0.0247928857134185
183,-0.0205413474507572,0.0151939571827476,-0.00630519852562917,-0.0165537262080431
184,-0.00697708063188538,-0.00615736600223421,-0.0141282232463221,-0.000849434048280093
185,-0.0145507393273035,-0.0355707252371208,0.0154949067739334,-0.0136902075284252
186,-0.0105372417915916,-0.00234785865976965,-0.0327937726454713,0.0145670989966905
187,-0.000516801861660939,-0.00157039846620802,-0.00126719633108754,0.000758980389332495
188,-0.0121354860731828,0.00756308950327829,-0.0134661977965687,-0.000567063886999439
189,-0.0186324424047786,-0.0219454749630576,-0.00201378005352448,0.0215314354376809
190,-0.0134489069718447,0.000420602778479718,-0.0311109800128349,0.00362575309860328
191,-0.0171361369149194,0.0160078058206955,-0.00927814706484921,-0.0196118598086246
192,-0.0066749027973965,-0.0150750402991546,-0.0104639856708729,0.00600449066194106
193,-0.0226906087529017,0.0155831128385167,0.00802568229301837,-0.0120092652881992
194,-0.0150362922580402,-0.0387530449920088,-0.00225132000199498,0.00799403183122369
195,-0.00268426679129557,-0.0025537255526192,-0.0099891458091387,0.00172791514543799
196,-0.008752574951189,-0.00880369226220577,-0.0131870900531021,0.00559291034444827
197,-0.00753558842148744,-0.0088367692695412,-0.0133138775998247,0.00772763978441284
198,-0.0136993425975556,-0.00462873300787988,-0.0360679554386691,0.0159177057652531
199,-0.0152840850529079,0.0202138952889357,-0.019515088362414,-0.0100055655724289
200,-0.0153794443273991,-0.0173910231575963,-0.0338232958881249,0.0170004937939238
201,-0.0152341342571149,-0.0310646459236354,-0.0102184776969563,-0.000125064611341756
202,-0.014112153155024,0.00390947657529769,-0.0363739515156428,0.00477110901397375
203,-0.0166349787513648,0.0182086467909955,-0.00480390329286115,-0.0165440729674789
204,-0.0098118861888016,-0.000982833351153298,-0.0226510517969684,0.0128700370270293
205,-0.0121541934535664,-0.0045789405481144,-0.0158878416889195,-0.0136253245893452
206,-0.0102033981800155,-0.0296864081010318,-0.0057627943691713,0.0163295340850979
207,-0.00197483693799761,0.00343735114489787,-0.00751379695316072,0.00205959449978715
208,-0.0181568924428243,-0.0333432240034933,0.0133988387292369,0.0257230602887077
209,-0.00972723361247278,-0.0303456558035064,-0.0124335929144178,0.0101734383153648
210,-0.0169762035196105,-0.0216559493593153,-0.0268650320252712,0.0269203308179115
211,-0.0172378645433334,0.0219529466547485,-0.0183100252251921,0.0317836148523533
212,-0.0112163397965231,0.00367859338930063,-0.0237463058135738,-0.00108943900305554
213,-0.01453359972152,0.00223218982236072,-0.0362367565986938,0.0145514421871139
214,-0.00662296193769278,-0.0101936754149835,-0.0236629319783639,0.00317221766367444
215,-0.00547169393259063,-0.0022623881037379,-0.00414671820939674,-0.00790115133090658
216,-0.0190243567122648,-0.00184080495556671,-0.0182072284414623,0.023536455915583
217,-0.0287611705378679,0.0183257026706068,0.0230989312798517,0.0107917683805172
218,-0.0175436297013015,-0.00134768445439515,-0.0257100965434103,0.0124281107188974
219,-0.0193934726904787,0.0124873037321882,-0.0112375028718058,0.0283269570439559
220,-6.30682832754827e-05,0.00186410473187436,0.000359227028086603,0.000411066001173522
221,-0.0144937442260468,0.0146643101953088,-0.0213257768629647,-0.00545416036043252
222,-0.00343747095591887,-0.00296971000619931,-0.00795325831465255,0.000118908190330182
223,-0.0156614652069404,-0.0259079481478819,-0.011364024456336,0.00916840903443462
224,-0.021467869659235,-0.000395427779073683,0.000905533781280958,0.0185543095933171
225,-0.021417130325726,0.0217407952792836,0.0030540824095725,0.0166476627834798
226,-0.0221642679166607,-0.0155085294310632,0.00148557764138677,0.0353829111885542
227,-0.0233500797478676,-0.0052282213958963,0.0246437176582832,0.0216465434334171
228,-0.0104594131165784,0.00850391549837673,-0.0312286507069775,-0.00240945895302747
229,-0.0257697265488085,0.00164520520955238,0.0262498023726833,0.00758878996682395
230,-0.0153429838066221,0.00410131597905018,-0.0372930117004793,0.00911705654761728
231,-0.0156061334706581,0.00897343325778325,-0.0261891011204365,0.0123193905381194
232,-0.00781570387877609,-0.00190503006416546,-0.0297402963557489,-0.00723257211135364
233,-0.013740423117779,0.0110924556458946,-0.0296231206885421,-0.000660845169276334
234,-0.0092911991277912,0.000229476809835732,-0.00894014515656137,-0.0186017938831292
235,-0.00855555279025687,-0.0106274943768561,-0.0325515181151762,-0.0020113122326716
236,-0.014497211429233,-0.0230664028346962,-0.00330628383392497,-0.00481444833099982
237,-0.00309943646479208,0.000518766548104118,-0.014371638251587,-0.00130237034337039
238,-0.00270073078816161,-0.00186213539083988,-0.00910014678457691,-0.00305126899792113
239,-0.0032790637538728,-0.0077218183194788,0.00388350601896895,-0.00147194164934742
240,-0.0286963513309076,0.00384397635747213,0.0247851989669738,0.025857815400985
241,-0.0252286302310146,-0.00399942039807768,0.025429558023861,0.00655719750422201
242,-0.0138253649798878,0.00174012074800541,-0.0355579972171753,-0.0029309154042842
243,-0.0214089891430693,0.00102969460468376,-0.0108601727857263,0.0296999635623082
244,-0.00662376683040823,0.00639986299157994,-0.026188891139164,0.0102464070610684
245,-0.00635306648732225,-0.000638876338661937,-0.0164189119940874,-0.00840530495596667
246,-0.0179853551661035,0.0128103103165942,-0.0235229464167322,-0.000164340251091488
247,-0.0248792253437588,0.0236451127279759,0.0107802674214174,-0.00160518106644987
248,-0.0100289523965163,-0.020217263973667,-0.0194251795484824,0.0119560331121257
249,-0.00840732881644889,0.0107021612260106,-0.0183976990890208,0.0133077887820304
250,-0.0134600636591317,0.0100918805273605,-0.0290870425611923,-0.0217734356322878
251,-0.0158741430184253,0.00774005506977591,-0.0292682257959061,0.00304159787153958
252,-0.0105758712255065,0.00888524580644704,-0.0303999525095652,-0.0273652459519227
253,-0.0152909707246934,-0.0038106879711904,-0.0128243516453558,-0.0023415623992225
254,-0.0322631409200438,0.0192052778623847,0.0250696816414776,-0.010203041780907
255,-0.018790348295383,-0.00566210614203927,-0.018840011541455,0.0318490692164583
256,-0.0207273116632761,-0.0105568701956477,-0.0123384436105193,0.0152874499744561
257,-0.00926657206781455,-0.0353834046768057,-0.00883641432720458,0.0118473560568713
258,-0.00207066158594361,-0.00729723041394625,-0.00343295005748137,0.00232480877498079
259,-0.0260673389637403,0.00223993164290644,0.0171207553764283,0.028851771268326
260,-0.0248944737124889,0.0207267613635151,0.0119599551681884,0.010660569591547
261,-0.0124868401952991,0.0161452389122881,-0.0300580773375195,0.00834423832530129
262,-0.0134650990922594,-0.0218765998247957,0.00580541599550079,0.00577894383400764
263,-0.0133627305827118,-0.0215169443102515,-0.0268853603560128,0.0101895169825756
264,-0.0128102641633747,-0.00494791572082856,-0.034985579041206,0.0125139705726345
265,-0.0119753372743743,-0.0142816092054134,-0.0327921813635263,0.0182211611197166
266,-0.0201981057128236,-0.0159803227615054,0.00345368535667021,0.0242244923026588
267,-0.0180432167312052,0.014200896760796,-0.012670521277269,-0.00645950027763716
268,-0.00315605265117277,0.00919883502359981,-0.0201689037845273,0.000576952461145489
269,-0.00995825873490026,0.000104838721018736,-0.036595773609557,0.0101291232678602
270,-0.0120506963326987,0.00775418037356691,-0.0347473630726302,0.00521473180734354
271,-0.017949100034462,0.00734547803752327,-0.0158073157003373,0.00404127881533354
272,-0.00949505357958107,-0.0153632607754437,-0.0180302854855432,-0.00064424035662273
273,-0.0130747318068619,-0.0229876806494017,-0.0180429029351782,0.0263443444947421
274,-0.019652981952307,0.00275552328523834,-0.0205716339308102,0.0347182629325207
275,-0.0204618615401652,-0.00966916830544288,-0.00194335362495514,0.0286690081079317
276,-0.0152488692342808,-0.00461995933156526,-0.0305533588306343,0.029627107011776
277,-0.00575833524773038,-0.00163536199825635,0.0010230701339554,-0.00266511277188026
278,-0.000396313384111101,-0.000867512764206428,-0.00156256267910651,0.00101793625198607
279,-0.00695900935450949,-0.0133639930508667,-0.0167146100459962,0.00430002884516379
280,-0.0231971858555373,0.00928402941334702,0.022048023393069,0.00630209212177651
281,-0.0148341355106856,0.0030350887034102,-0.0384219752962308,0.0176265795726771
282,-0.0200378527166766,-0.0208993647359464,0.0239676459877117,0.0287839807247323
283,-0.00839575255232656,0.00397287776242126,-0.019886454691209,0.00738319667333965
284,-0.021116658147436,0.0229563950725079,-0.00384586575137144,-0.0107274827688379
285,-0.0298929914400829,0.015693417571124,0.0240001791066625,0.00835914980991783
286,-0.011431583667757,-0.0157772365808083,-0.0186115114105649,0.0134336260464179
287,-0.00846679091372748,-0.00755970264220539,-0.0235786204199225,-0.00513830166920926
288,-0.0313710480563391,0.0145270824234657,0.0329144201170351,0.0114190777709404
289,-0.00865258425332997,-0.010951836504439,-0.0177296265836732,0.0149977788356664
290,-0.00903922073960896,-0.0220985294349023,-0.0113350175829062,0.00611712873683389
291,-0.0192586644259667,-0.0161430752289735,0.00553623831226155,0.0398978960166612
292,-0.0245803449295015,0.0020460232953732,0.0111305384773702,0.0269277496883669
293,-0.0117531621242776,-0.0237315010504807,-0.0160183960386651,0.0138811266801346
294,-0.0149817381244392,-0.0274958644310392,-0.0179438218986258,0.0118964281631266
295,-0.019253865848794,0.017550575727197,-0.000927657755584252,-0.0180066066558185
296,-0.0104427029068935,-0.00688437319826754,-0.0260854366828283,0.00871741853964889
297,-0.0118881671736603,-0.0121687214330052,-0.0170444248429866,0.00462690379714593
298,-0.0204982380731009,-0.0296911650279342,0.0153157259425197,0.0250541138549497
299,-0.0202184892521963,-0.0291843493498479,0.00893668914921243,0.0242021535034924
300,-0.0166862251122192,-0.0326922361717036,-0.00177683478353961,0.0363587606581594
301,-0.0133357095529522,-0.0242639689602018,-0.0106147673401005,0.0332662959414841
302,-0.000972565011505196,0.00226213392872192,-0.00877013904072996,0.00105428278863843
303,-0.0003513446054934,-0.00120007926641892,-0.00240105644050507,0.000851869797154468
304,-0.0116113030921105,-0.00462857644760693,-0.0267069307409595,0.0127480941179476
305,-0.00972926883356685,-0.00066432969462424,-0.0371896570494181,-0.008185176914735
306,-0.0243148468317858,-0.00435172963598565,0.0182687714946348,0.0244110352659746
307,-0.0132609027987108,0.0168908400912579,-0.0310140348781854,0.00192339390970944
308,-0.0220326077714031,0.0216903872108209,-0.00256296889968424,-0.0200572210208041
309,-0.0191147118432998,0.0189341712340877,-0.0126849950071021,-0.0211754712505006
310,-0.0333553844223069,0.0217403124136046,0.0262642187941049,0.0154313806102459
311,-0.0242623242188751,-0.00629604155612292,0.0149669979669391,0.0147036244362263
312,-0.00909970019680062,-0.0231684928184001,0.0015799141784034,-0.00357372460523656
313,-0.0132126986738294,-0.0304464839248946,-0.0123586799004504,0.028427690710286
314,-0.0209899786046237,-0.00851314561488597,-0.00669546358011725,0.0235780233025954
315,-0.0118277198669918,-0.0178745914429337,-0.0291938010881439,0.00171209031187303
316,-0.00765162165900652,0.0156622275256661,-0.026340425731385,0.0128905934951747
317,-0.0157666960285008,-0.0372865423085235,-0.003311868651442,0.0364031882239332
318,-0.0150579904470719,0.00839610854840347,-0.0145906331707767,-0.026379347350977
319,-0.0172291832942164,0.021635101490746,-0.0142227399716422,-0.0177460886308043
320,-0.021225231237462,0.0156771490922982,-0.00150999108873377,-0.0254158395723075
321,-0.0161968815614749,0.017188493151407,-0.00921236084880669,-0.00669570019819436
322,-0.00771090939526245,-0.0180118260059527,-0.010676277082664,0.0129039523693379
323,-0.0135780557211209,0.00833112935589498,-0.0126483514269259,-0.0295237526478126
324,-0.0202008123173277,0.0199945256663604,-0.0157860936319695,0.0254289476376131
325,-0.0139840481661461,-0.041742988803484,0.0013480520988329,0.0129327856981585
326,-0.0127192436302258,-0.0251040599680897,0.00124910228069399,-0.00293077364196976
327,-0.0055935875047542,0.00155161532073641,-0.0111349757053321,0.000811819576381213
328,-0.0245697387004869,0.000900449143298554,0.00852516120018198,0.0306432998964517
329,-0.0160795490652259,0.0195130758794103,-0.0218325013341467,-0.0284991946226646
330,-0.0200950147386919,0.013856536510129,-0.0181681018936835,0.00676027782091187
331,-0.0144898476658964,0.00181727239250196,-0.0325137318958201,-0.00488738877013736
332,-0.0104025235683592,-0.028528139395642,-0.0128482015983541,0.0207682899855401
333,-0.0215708638453302,-0.00881327888752701,0.00102564992922716,0.0285803547743864
334,-0.00863489090279607,-0.00154807878253082,-0.0264833482953747,0.000830910397793848
335,-0.0218129268537997,0.0230065138125003,0.0033816115507099,0.00106825357440255
336,-0.0221114689861447,-0.00748685795525077,-0.00463330512354649,0.028688855302037
337,-0.0171870296447249,-0.0127225674848104,-0.0217648196670987,0.0116869473035617
338,-0.0104692099391382,-0.0261245583575279,-0.0114581617941624,0.0112667130569018
339,-0.0205663916577655,-0.0103163186914546,-0.0022164989241228,0.0356266005750023
340,-0.026217912366025,0.0233117182808349,0.0125693891814299,-0.00611620590754247
341,-0.0240177363392016,0.0174826743571419,0.0101460033040471,0.0072069272322906
342,-0.0151446174946041,-0.0048827068937124,-0.034943620740313,0.0179604471452594
343,-0.0171761380644912,-0.0109219373797244,-0.012309637159217,0.0225833291721244
344,-0.0236869086717616,0.0224332209323438,0.00733676081744117,-0.0107809438089321
345,-0.0141362240948225,-0.00711024930306567,-0.0288047795790679,0.0136789901268599
346,-0.0108769106155926,0.00948756787259269,-0.0318016504292465,-0.00502985920638369
347,-0.0297785119254058,0.0252698268498484,0.0180451730673404,0.00872380019933984
348,-0.0259683790125188,0.00757781099386219,0.0139134927410647,0.0205450597865642
349,-0.0173351396130681,0.00357267173994002,-0.0192050855630781,0.0402136930240274
350,-0.00835111192371487,-0.0137607173035916,-0.0162569480283933,0.00280369506090388
351,-0.0121578396030914,0.0121757752000166,-0.0287289259053105,-0.00631876607389418
352,-0.0175414327494764,0.00710297457298294,-0.0291615646165447,0.0097856597409706
353,-0.0178276417178792,0.00753288527943106,-0.0206120765656261,-0.00897792618278564
354,-0.014130055686497,-0.0455758792352237,0.00259672570121419,0.00527060442924517
355,-0.0269165246338138,0.0214030204254703,0.00719959924379493,-0.00160516747648174
356,-0.0122395802956144,-0.0158021502590019,-0.0293551995286139,0.0149041476202369
357,-0.0189268761019231,0.0169617721259064,0.00321380499973817,-0.010837807230778
358,-0.0233318885056592,0.0185532700070023,0.00997352143868261,-0.00993377154720402
359,-0.0231420123514583,0.0221124928653275,7.65961963394152e-05,-0.0113707917983446
360,-0.0124313141723902,-0.0231040956713417,-0.0198135338750592,0.00819549384401635
361,-0.0185039828549713,0.0146229599002163,-0.00803789319019421,0.0071884790554937
362,-0.0170555488928496,7.55063438447498e-05,-0.0198220950612978,0.0172773125815443
363,-0.0178627993511509,0.00382569582639673,-0.0168761419248358,0.0279608199437928
364,-0.0233153137843767,-0.0108933931149054,0.0224896372379904,0.0117705597914228
365,-0.00940155290477442,0.0100512322201496,-0.0285176109457301,0.000492357296709283
366,-0.00614015442671741,-0.014302873042269,-0.0153982998100303,0.00403832300258243
367,-0.0206976974199358,0.0172301892014702,-0.00560476508979987,-0.000467022260017723
368,-0.0252294017638851,0.0208862841790751,0.0104904480916896,-0.0058813230290921
369,-0.0130246330981566,0.00372741897967119,-0.0324449929491214,0.00143836628033298
370,-0.0158179219589243,0.014643307836748,-0.0151086492762756,-0.0322209842635413
371,-0.0248063430717186,0.0233904951632218,0.0060408266080533,-0.0101438213708488
372,-0.0160673294412749,0.0024090022345636,-0.0263509436988229,0.0315958848657689
373,-0.018658073643659,0.0169722686439914,-0.00872784612627673,-0.0129006714238489
374,-0.0215555594249005,0.0153887035133311,-0.00152271182539414,-0.00610119321116512
375,-0.0106028367483605,-0.0030659040154986,-0.021400475800239,0.0018689749302649
376,-0.00423708752586835,-0.0147906836866792,-0.00683780645981091,-0.000947052290706433
377,-0.00745050581024179,-0.00950079850880351,-0.0116490581390025,0.00580130097802665
378,-0.0140765618233735,0.0124088209106941,-0.0260579205206573,-0.00168324282382711
379,-0.0168811742045405,-0.0218544923457651,-0.0119895792672967,0.029434431129604
380,-0.00805751585662557,-0.0245348499939113,-0.0137217605429057,-0.00110122002642047
381,-0.012794681152402,-0.0336033637804273,-0.00311429076254648,-0.0111413444040238
382,-0.0112842757747171,0.00383300007515138,-0.0313512185155097,0.0227803576951131
383,-0.00724302014825377,-0.0190430428811657,-0.00877396395291167,-0.0120576628915301
384,-0.00807772956596009,0.0149037987644041,-0.0233948005354255,-0.014394352462831
385,-0.0079138388833073,-0.0056358520336159,-0.0150087168035047,-0.00131960529276991
387,-0.00328913235921578,0.00398469559048214,0.000349170584180706,-0.00894104541841892
389,-0.000378991453618866,-0.000117894623155577,-0.00107052595621629,0.00049438055106394
390,-0.00010858663237755,-0.000168629507466763,0.00171937463776929,-0.00105589131470579
391,-0.0019284796045444,0.00102234817094978,-0.00792171926991348,0.00490877570608232
392,-0.0101709380398601,0.0199574708028447,-0.0236192887275832,-0.0234082962941076
393,-0.00449418337901698,-0.0119101148969275,-0.00322837768587524,0.00866697155788293
394,-0.0184312453333353,0.0194401655935614,-0.00578628396058182,-0.0203119832080332
395,-0.0139358818283924,0.00826156418087054,-0.0383916905553282,0.0205603902401024
396,-0.0116051625576042,0.00469191223130236,-0.0274948423815931,0.0213351168836754
397,-0.0176817511140881,0.00719835722609995,-0.00853061754311681,-0.0118183741596666
398,-0.00438520980296824,-0.00812617725002524,-0.0132356228394787,0.000368878631507127
399,-0.0185727902014249,-0.0172532826552965,-0.000740125833876658,0.0251709217038727
400,-0.0139131889889397,0.0107913378404165,-0.0244685561307596,0.00899340900032223
401,-0.0104920975565217,0.00612863893588163,-0.0385988291288089,0.0046582547281163
402,-0.0127631393313793,0.0114420748821969,-0.0255428977869482,0.00251927482945794
403,-0.0114168213146175,-1.7632448726112e-05,-0.0245867163565774,-0.00567567282059012
404,-0.0176574333599477,-0.0123723267123831,-0.0125928334371448,0.0236968255103111
405,-0.00787932633593883,-0.00738161213935573,-0.0213249094551261,0.00779158965619695
406,-0.0112984875107714,0.0113431084708183,-0.0214113618925858,0.00400203762593975
407,-0.0140093176175664,0.0197407695611939,-0.0189939584874084,-0.00715994619866561
408,-0.014508028587406,-0.0130094974058583,-0.0338644221124863,-0.0135333916177556
409,-0.0131108708325238,-0.00992663866342536,-0.0227561477344027,-0.000276522723087743
410,-0.0175547179218106,0.0180143534840625,-0.0214344897387184,-0.00401669763991354
411,-0.0113942402274423,-0.00173494599589662,-0.0288381750997959,0.0141559546759757
412,-0.0159925742375759,-0.0276920205381732,-0.00807648504056659,0.018850686452194
413,-0.0183651707284162,0.00695506114333248,-0.000926215052692288,-0.0284292130635546
414,-0.0136800103583557,0.00360192834411341,-0.0122180312507179,0.00972018430486953
415,-0.0233388766954933,0.00124027683298699,-0.00278598148600233,0.0459004025089236
416,-0.0128734612382941,0.00198482500809528,-0.017245699045775,0.00951386286223939
417,-0.00624938127872243,-0.00621259790930142,-0.020428480994426,0.0029070733609581
418,-0.0246056326179393,0.00620714636000842,0.009663879517437,0.0314172578495582
419,-0.0161166302062547,0.0186768264392482,-0.00896047750091991,-0.00981397320052363
420,-0.00920917518843798,0.00604176750480445,-0.0323880050257382,0.00961070442064354
421,-0.020151123728111,0.0234067548535881,-0.00113348247661599,-0.0132088328130597
422,-0.0152970530881804,0.013809954350704,-0.0136842347428678,-0.0238402940888239
423,-0.0134374579712013,0.00169632348688278,-0.027006270071182,0.00475441301171134
424,-0.00766405237744905,0.00385788488939745,-0.026727764445402,0.00448465031315332
425,-0.0134319162930732,0.0121104993425548,-0.0260277548524855,0.000443182938960486
426,-0.00136760663537108,-0.00398804349954478,-0.00383197970009773,-0.000574328753850997
427,-0.0255915857428916,0.0159057583544117,0.00267948795747321,0.00610235787111356
428,-0.0251884340634179,0.0118285497545273,0.0113442187884599,0.0255413372984343
429,-0.0177924649233822,0.0207143070697281,-0.0104296087158269,-0.022593235422588
430,-0.0106534297164348,-0.016957874212802,-0.00553212413947247,-0.00367089683524366
431,-0.0101984703806774,-0.0093179300656657,-0.0189911684352174,0.00328345270508467
432,-0.0137174668424078,0.00514480377129223,-0.019554759062163,0.012085659942923
433,-0.0211319108602676,-0.023816143181555,0.00921234318671849,0.0230050790503945
434,-0.00748768089574171,-0.0105188754977777,-0.0210354367863448,-0.000958939273641161
435,-0.0200400348861223,-0.0138752435133405,0.00363111946576523,0.0220095256713752
436,-0.0161478004173172,-0.00350898185351867,-0.0320374810409038,0.0169801442848788
437,-0.015749286491066,0.0103614467324821,-0.0352109695335261,0.0160629215534246
438,-0.0168548610279958,-0.00965444625057525,-0.00360185407366859,-0.0135040714522016
439,-0.0092346352296637,-0.0261620164387406,-0.0210592325438672,0.0102785533958915
440,-0.0125585933500173,0.00425681832009452,-0.0413030810711267,0.00877447139578924
441,-0.0249861005987507,0.0195771924118661,0.00928916564978781,0.0128163342689915
442,-0.0141920719993173,0.00975907727150933,-0.0189064817961599,-0.01029765876489
443,-0.0192463720709446,-0.0217805698699712,-0.00715185502666943,0.0268470801110398
444,-0.0299740235072579,0.0221126010282993,0.0227306431606899,0.000486199598520802
445,-0.0159126761566837,-0.000305878054799201,-0.0185364828217478,-0.00939771011024331
446,-0.0148101983616773,0.00947316565948912,-0.0256603780430096,0.000438995609633911
447,-0.00648440056137706,0.00671767947007493,-0.0275416759322929,0.00610756983051302
448,-0.0131668829725542,-0.0261850945406886,-0.02298408427788,0.0167272277166379
449,-0.00781365939125957,-0.00760127675165008,-0.0146300333825453,8.27272372380799e-05
450,-0.0102943979682068,-0.00284319198769111,-0.0230799841713281,-0.000318337953033474
451,-0.016828802615269,0.0192945785851804,-0.0103946711059705,-0.0175835402447247
452,-0.017699450028963,-0.0120570506063136,-0.010933002722761,0.00745065183544166
453,-0.0185388166299749,0.0182404004617348,0.000206798717454645,-0.0097077026950417
454,-0.0132684119969014,-0.00834712776579613,-0.0258085691115628,0.00882646869716373
455,-0.0166127512809609,0.000680604884244905,-0.0251478880074541,0.00235489938460098
456,-0.0115092304132216,-0.0135781579313156,-0.0292438754309324,0.0160854969418093
457,-0.00621206078211427,0.00502796549957881,-0.0177283378496407,0.00309746577112094
458,-0.0249937546132154,0.00631218547904311,0.0144474568321701,0.0140349304777792
459,-0.00900568810301287,-0.00720267310856662,-0.0261799552951858,-0.000606258345450481
460,-0.0105265160019294,0.0144716132299594,-0.0260480023558565,0.00201687198923326
461,-0.0276948205530749,0.0190428758015586,0.0186518260115628,0.000506166688797621
462,-0.0223616534294099,-0.00762256615542845,0.000814406937507887,0.0369740701230113
463,-0.00772475979344353,-0.0151311411729831,-0.0202060674489727,0.0137484284410039
464,-0.018148257293874,-0.0075523985482414,-0.0181908182674652,0.0293689009305143
465,-0.0070076455174845,-0.00110136680389062,-0.0158451045297189,0.00437031793588221
466,-0.0153019320390795,0.0147634791355192,-0.0253822994051726,0.00729846137104168
467,-0.0270040930665416,0.0234730133560193,0.0151204625186963,-0.00899674306851968
468,-0.0223680356658392,0.00681674846682032,0.00510300409517475,0.0170435176531588
469,-0.0223469302477041,0.00348846594351936,0.000209069581369166,0.0244480199197643
470,-0.0125073882685388,-0.0344346526212515,-0.0150968331525619,0.0231735410480405
471,-0.00787601616982205,0.00358211046348045,-0.023266548122052,-0.00555594482209205
472,-0.0154417586485338,0.0152739835252768,-0.00672723902420434,-0.0235913291445552
473,-0.00868653784734236,0.0122290088798524,-0.0363682529074233,0.00961839479519656
474,-0.0104831838814528,0.011822288700912,-0.0282014653226308,-0.0104254077156904
475,-0.0115316344185732,-0.0202637472062397,-0.0180136694847311,0.00706854661335856
476,-0.0113825055012574,0.00108449841641596,-0.0260217635050068,-6.92853383771422e-05
477,-0.0202215141601179,0.00325085380872601,-0.00693313655427742,0.00785579166554141
478,-0.0170342506583825,0.00567235188047736,-0.0294301157773852,0.0145019269493537
479,-0.0225198650827627,-0.00528786947897939,0.0067340745430847,0.020620106272706
480,-0.0254630844496405,0.0139820305305366,0.0167178606868074,0.0157233530475568
481,-0.0211390187754138,0.01810090951583,-0.00359943161467755,-0.014744539663033
482,-0.0115904733232767,-0.0280576197446538,0.000764757012916363,-0.015751610857483
483,-0.00929155646402048,-0.0307887376146687,-0.00120981202278111,-0.00143356424960388
484,-0.0262648802942811,0.00532735710250424,0.00512697430287124,0.0138306543856291
485,-0.0105679350390307,-0.00621125425131475,-0.0237613139454188,0.00331647745123017
486,-0.00991837306159371,-0.00904192335971689,-0.0268716493875919,0.00108040346504289
487,-0.0210270539136284,0.0158284592144866,-0.0107656002894114,0.0118871457225998
488,-0.0128994285814316,-0.0407420094112351,0.0065927363391784,0.0151406329783841
489,-0.00871623629296967,0.0136177198337851,-0.0265686118472157,-0.00342536457684333
490,-0.00473301734130844,-0.0158018427807751,-0.00450857336282398,0.00215463599540476
491,-0.0167803849637569,0.0168576621347473,-0.0191099102660431,-0.0179062726915243
492,-0.0089539130954305,0.00289701480617494,-0.0345582254573903,0.00551204824583686
493,-0.0153077448286545,-0.0222553029047406,-0.01656420827124,0.0152429520433258
494,-0.0238670730197163,0.009643298542367,0.00701760419889278,0.00614083777267715
495,-0.0252253287726591,0.00951636824820953,0.00384864817284636,0.036011303668555
496,-0.0224267306897155,-0.00776534281165052,0.0105351656897755,0.0266646422757567
497,-0.00832756743228067,0.00145360073611025,-0.0268895822533204,0.00788180123347996
498,-0.0159880083580984,0.0229672887945041,-0.023172614647406,0.0290102304597289
499,-0.015530586271756,0.0106193053493362,-0.01440832878244,-0.0363900596131465
500,-0.0128597904887884,-0.00292298261939323,-0.0366988800402156,-0.00568638708610956
501,-0.022895650080187,0.0119235052394946,-0.00335511833711876,0.0178124744607438
502,-0.0223269675688595,-0.0100788369181698,0.00651515517890596,0.0339303464102595
503,-0.0140608288731284,0.0067319033059541,-0.0330555417105341,0.00609789899418743
504,-0.0206191860516679,0.0198439602035564,-0.004778560446256,-0.0100051929673192
505,-0.0123897467486729,0.000368583949969809,-0.0270627446682067,0.00548571656869451
506,-0.00975640253860634,0.0145699449377717,-0.0186170862600453,-0.0211934552201008
507,-0.015449702334428,0.0175144426237558,-0.0238980583698979,-0.0019472777790102
508,-0.0188795915008581,-0.00582825076898049,-0.00737181655251345,0.00691097894889039
509,-0.016374272159231,-0.0160324335667216,-0.00720398052878432,-0.00666475951483478
510,-0.017080115305104,-0.0242430448487403,-0.003990910800612,0.0293102878978679
511,-0.025423513639289,0.0220481780685937,0.0110164695841902,0.0104920421672558
512,-0.00694177399590195,-0.0151834371453159,-0.0156901674364009,0.00690291313291902
513,-0.00342386151842894,-0.00961092586554872,-0.00529034008410649,-0.00130135952831358
514,-0.0330744435439515,0.0169331854888158,0.0280122887524594,0.0136585911018956
515,-0.00957192121126636,-0.00621387787697567,-0.0190255435290896,0.0160556117097548
516,-0.0269015266231819,0.00718956412620499,0.0115886069524591,0.0268904868156357
517,-0.00164774470347213,-0.00331389138530666,-0.000914821654941679,0.000218725767771002
518,-0.0220906960146279,-0.0038445186911628,-0.0071918362392378,0.0212685889501423
519,-0.0216203658809286,0.00548841480150186,0.0136580337681341,0.00163782781391322
520,-0.0145232120017991,0.0072230218950737,-0.0201150927556977,-0.0256617132949514
521,-0.0201379553512543,-0.0106271434991395,-0.0145496308213305,0.0246538638049363
522,-0.0204046327998951,-0.0202511371319294,0.0105056471403013,0.0321457720581214
523,-0.012470992147611,-0.00446915082066239,-0.0287905976396282,0.00254719936633522
524,-0.0157865109100863,-0.00639583507300137,-0.0191019813139358,0.00745973169182547
525,-0.0226177796725083,-0.00664059049511771,0.00572232922588864,0.0315408086880149
526,-0.0242377527745179,0.0162932950595311,-0.00357788724564788,0.0142727600420314
527,-0.0130718733052774,0.0067272715939373,-0.00985648152269434,0.00279948066245787
528,-0.0302939036299501,0.0113515118994949,0.0301956419397759,-0.0125448380818841
529,-0.012817343303899,0.0156301679152029,-0.0332498659076898,0.00214194158210957
530,-0.0224260103482423,0.0135323764696579,0.00031506985854766,0.0134807095178589
531,-0.0136435142452171,0.014717311525465,-0.0245410591615955,-0.0038284779647602
532,-0.000169819709513205,-0.00150471737690463,0.00129732578880747,0.000672442791769547
533,-0.00925239200966565,0.0128998899028931,-0.0184750479352177,-0.0265537537320782
534,-0.0143769170389421,0.0143275639825797,-0.0241723938486815,-0.00798778346028857
535,-0.012469134520301,0.0162249860283406,-0.030540978675685,-0.00745609274393495
536,-0.0167672026341444,-0.0343362039440292,0.016581296928342,0.0170272177523632
537,-0.0143908723493863,0.00392847621561879,-0.0341956413006046,0.0172330609608013
538,-0.027296993610844,0.0124608882410558,0.0248284457607436,-0.00598608316163511
539,-0.0187349150381608,0.0186492720389849,-0.0152850034025987,-0.0162028534939723
540,-0.0283029126647818,0.0277625063351966,0.0180389171606071,0.00134699624304957
541,-0.00765980024903902,-0.00767472164373694,-0.0108730336546524,-0.00550983276773963
542,-0.028758025492432,0.0153716684946601,0.025665292887074,0.0126822465062524
543,-0.0215133482449434,-0.0241086754968747,0.010324588884644,0.0245540322842237
544,-3.04059869472028e-05,-0.00558295443786478,0.00265081447234413,0.00135539998023892
545,-0.0120921225088119,0.00808150279902344,-0.0319215685885408,-0.0125815871096809
546,-0.00240667703078632,-0.00537310865809531,0.000424266478004619,-0.0037913493242509
547,-0.00442349977888443,-0.0109912865920328,-0.00729019338953739,0.0024924577210216
548,-0.00698403555666779,-0.00955743692638379,-0.0105547237491858,0.000789497104771203
549,-0.0227148820048558,-0.00788137116749269,0.00848432282646193,0.0306088457696555
550,-0.00609656964903452,-0.0194971585023607,-0.000721977259130979,-0.000280384994971178
551,-0.00689100145595328,0.0060831390362658,-0.0297665030351224,0.00355085295781927
552,-0.0127630487783269,-0.0135910004032114,-0.00823505508170109,-0.0268953949871845
553,-0.00548558587351295,-0.0115618081797986,-0.0151169920772112,0.00494376724728416
554,-0.00423303549344322,-0.0199280763274073,-0.00364094107488895,0.0132590065700644
555,-0.0115793689329453,-0.0326823300906931,-0.0139931520776553,-0.00145750923176445
556,-0.0123268681426416,0.00492678451540009,-0.0388837145367386,0.00900427328028491
557,-0.0067376824190983,-0.0208260874905689,-0.00141767549616705,0.0159947354575695
558,-0.0124331728287926,-0.0199422689583597,-0.0226481163472333,0.0139354017861579
559,-0.000627490170553623,-0.00194549672114702,-0.00394275217526171,0.00125762076963868
560,-0.00694215478547984,-0.0196295389340451,-0.00625530850911881,0.00961857090571083
561,-0.0181730742292813,-0.015004410802034,-0.0111350675545727,0.0334184232982533
562,-0.0125533585365004,0.00765797644133813,-0.0362092202596333,0.00360114845830846
563,-0.000634098096603446,-0.00124941579900702,-0.000793186667884781,-0.00040813098606459
564,-0.0091336854613725,0.00957697482937154,-0.0380388499340222,-0.00283196443183558
565,-0.00096789264536243,-0.00238842061515247,0.00100733835422848,0.00224295855381642
566,-0.000378991453618866,-0.000117894623155577,-0.00107052595621629,0.00049438055106394
567,-0.0113613753712193,-0.016224819733732,-0.030336687926052,0.0111926244756987
568,-0.019257010888572,-0.0297250378693214,0.00233158187464058,0.0125451201104716
569,-0.000838675254249426,-0.000711745427719999,-0.00104066643803107,0.000574800674078659
570,-0.00957939757363806,-0.0222889777371447,0.000578724482599483,0.0087968800791587
572,-0.016666799502437,0.00154190959770346,-0.015976220552198,0.000377397770812698
573,-0.0179056790352348,0.0163956371871997,-0.0196710110995089,0.00185503929568525
574,-0.0237935116634926,0.0214786501424424,0.0018276815429393,-0.000176654965240676
575,-0.0266573171702353,0.018431489114316,0.00962853492718737,-0.00583642646562617
576,-0.0293138282471724,0.0224989414616765,0.0228721340312526,-0.00971719636544281
577,-0.0291351295773308,0.0210343229191101,0.0224155235783415,0.00645449504097961
578,-0.000351057186918781,0.00140264461802955,-0.00196116381573508,-0.000811864729615566
579,-0.0255055572097087,0.0204758061164369,0.0124568787869802,-0.0132093942219569
580,-0.0322514584811374,0.0194463294743364,0.0297075291329599,0.00905111193750036
581,-0.0240291838361243,-0.000472919604906469,0.00526347965162073,-0.0264978118656312
582,-0.0275359059180656,0.0170450524394445,0.0127178119666525,-0.000519216676797756
583,-0.02338179363734,-0.00180151163117679,0.00383688936515906,-0.0215703360341675
584,-0.0234470037096019,0.0215351456841804,-0.00630386145768328,0.0106089215487132
585,-0.00344313849367501,-0.0130740440131527,-0.00518933148884339,0.0066890407099956
586,-0.02274079094614,-0.018806923389702,0.0264876058527187,-0.0276751451973211
587,-0.00964417334235998,-0.00737440301842652,-0.0178962654322082,0.00207457554339012
588,-0.000568487180428299,-0.000176841934733365,-0.00160578893432444,0.000741570826595911
589,-0.0134776876415028,-0.0353308456270093,0.00757910456153478,-0.00102685036632006
590,-0.010836188980495,-0.000959893223385472,-0.038010890495488,0.00743068774146797
591,-0.0161842412966482,0.00842789507122696,-0.0330907755431132,0.0125032165832792
592,-0.0110587634474632,0.0142980801032133,-0.0114266333083309,-0.0193551891259351
593,-1.09469749797284e-05,-1.40931219159832e-05,-6.62166082443073e-05,0.000207983849347425
594,-0.0305615230117541,0.00690171236379604,0.0325544792127723,0.0119975597824084
595,-0.0110940788623351,0.0078140090607859,-0.0330805674476349,-0.00582055783660557
596,-0.0226019003090843,0.0177615558422506,0.00379433051518508,-0.0251618812765331
597,-0.0138138472504877,0.0166701067437272,-0.00661867141821114,-0.0294893496537718
598,-0.0102133856025075,-0.00722927865763813,-0.0283552265968109,0.00420955996535992
599,-0.0136258779525551,-0.0238638607013148,-0.0360988518356636,0.00981175871712152
600,-0.00213590483540593,-0.00468080386107341,-0.00325482372265905,0.00390614335326872
601,-0.0137986674024341,-0.0412585089160294,0.023317691242623,-0.00409589690567582
602,-0.0175810483056693,-0.00102809153510165,-0.0222841899994967,-0.00915535026720761
603,-0.00748450273904014,-0.0203635172172507,-0.0135386788571187,0.00618344431235598
604,-0.00103471286663108,0.00182311008170512,-0.00377862310787086,0.000266030309653784
605,-0.00737262656302342,-0.00424119139911679,-0.024039257233565,0.0127596088904688
606,-0.0115381137781155,-0.0338825747940632,-0.00785699275198205,-0.00567358689202995
607,-0.00099188520278111,-0.00222690400877923,-0.00320532081125795,0.00474245899283368
608,-5.40782262676878e-05,0.00023503075786469,0.00522620501200588,0.00186023127684967
609,-0.00550453989753415,-0.00318238638658432,-0.0141147114996815,-0.00324799559783376
610,-0.0184313237555042,-0.00728685748619029,-0.0232201041592248,0.0190955156160331
611,-0.0264271776995604,0.0162238708525367,0.0097159093142585,0.0291011457498382
612,-0.00317585162636864,-0.00582921033021465,-0.00525518549297771,0.00225220034868432
613,-0.00862653507878051,-0.000885506948009488,-0.0341489883926727,-0.00312729004264121
614,-0.00491369634083442,-0.0175276355546053,-0.00110618223353255,-0.0061941637318199
615,-0.00864718265303533,-0.0218529502109392,-0.013170192588301,0.00215986809532418
616,-0.000532036057141651,0.00262138914802847,-0.00477259251827033,0.00147533676369595
617,-0.0163250929995428,-0.00887521420028769,-0.0315194979903307,0.0106787399669895
618,-0.0126266785289223,0.0128258613460037,-0.0289259914375425,0.00106300423062761
619,-0.00773252339352962,-0.0123179670042282,-0.0191402786194853,-0.00130484698621525
620,-0.0124203178884442,-0.0156559173449587,-0.0170623487775075,0.0113854791267846
621,-0.011448654402502,-0.00646050951924677,-0.0255241889393337,0.00173983059192776
622,-0.00021407475619453,-0.000631598717648929,-0.000523209684768111,-0.000189424586958014
623,-0.00011328130165961,0.000633839079558302,0.00085419596159339,-0.00129776219485474
624,-0.00081105033261877,-0.00121351592579405,-0.000417853375027901,-0.00247388278215632
625,-0.000378991453618866,-0.000117894623155577,-0.00107052595621629,0.00049438055106394
626,-0.00592435946831566,-0.0240258018002171,-0.00545146197925418,0.0157845325527656
627,-0.0233628278895785,0.0113628768197395,-3.65906263241258e-05,0.0121903677373668
628,-0.0240820492347981,0.0233930163703152,0.0100994398675277,-0.00260921315925785
629,-0.00752994079980994,-0.0267723020320327,-0.00495263722633126,0.0038814528179163
630,-0.0145570210977656,-0.0200566634600903,-0.0231381519083709,0.0223062631796009
631,-0.000378991453618866,-0.000117894623155577,-0.00107052595621629,0.00049438055106394
632,-0.00309317767321781,-0.00783077385611386,-0.00525471991603256,0.00117217636277891
633,-0.0190200394682233,0.0191522885071833,-0.0120080132595983,-0.0229901337922108
634,-0.000202809472857938,-0.000103060226940057,-9.50738266373493e-05,-0.000699346338881079
635,-0.00745045748967172,0.00215656567813599,-0.0299362404387233,0.00314173388824254
636,-0.000130310982626081,-6.59494786305681e-05,6.86496421048219e-05,0.00186018446379478
638,-0.00802652666573827,-0.0267095464257327,-0.00423794517745331,-0.00946918348377645
639,-0.000733571141496973,-0.000973805751114638,-0.00181024498377419,0.000200102216933062
640,-0.0242661651822047,0.010087679908621,0.0134755496002668,-0.00722877803711679
641,-0.0154864850857744,0.00950450013371265,-0.0247550858109315,0.0188653664530499
642,-0.0197811012725893,0.00714455823003228,-0.0236581710113808,0.0135995759546987
643,-0.00354992422222062,-0.00329012514974401,-0.0138734704966541,-0.00127623797864773
644,-0.0102299578953011,-0.0289879362651874,-0.000935389061170411,0.016741343752454
645,-0.000378991453618866,-0.000117894623155577,-0.00107052595621629,0.00049438055106394
646,-0.00644484562109902,0.0148465470953208,-0.0206660646311237,-0.00277456359050966
647,-0.0129121260910692,-0.0414264703080264,0.014087882842903,0.00439204924930036
648,-0.00890550147331269,-0.0304905377969305,0.00132096946737509,0.00557607876359841
649,-0.0135916796013762,-0.0439220397383787,0.0189804027067791,0.000811617475798588
650,-0.0257512204911644,0.0173997906477576,0.0111075358755571,-0.0092852835293477
651,-0.000698145985374112,-0.0015098813698445,-0.00118645180331128,-0.000741346500586116
652,-0.0152840929250628,0.0147894908281612,-0.0144090942374171,-0.0119003254817795
653,-0.0155608769105012,-0.00461134488719698,-0.00614589098687627,-0.0445592332014765
654,-0.0276518451509744,-0.00093235988161962,0.0185016967784579,0.0298388175613077
655,-0.00067879292579399,-0.00287991209588592,-0.00113512558288853,0.00168959479136455
656,-0.010217626277964,-0.0311524178580054,-0.0104689951245262,-0.0399536546396077
657,-0.00518790401573864,-0.0196431305098542,0.0104573898152269,-0.00639660203656195
658,-0.00261937580593142,-0.00838089239992561,-0.00356729078825012,-0.00255683764427681
659,-0.000106681084200937,0.000588598112961957,0.000118392052684549,-3.36995459758812e-05
660,-0.00935796348373679,-0.0179863620681998,-0.0211575313617624,0.019238178512795
661,-0.0016764695429524,-0.00274193798609661,-0.00408969905988653,-0.00232452547072924
662,-0.0117806432138659,0.00895225284766863,-0.0212714228791366,-0.0107143238236863
663,-0.000445974955697021,0.00147561832497645,-0.00073762013238601,-0.00142806130997302
664,-0.0132021299149183,0.00181391634448896,-0.041377239349244,-0.0114145928051627
665,-0.00882530855484302,0.0140572282458874,-0.0278002751493961,-0.025996897864523
666,-0.0134409231457655,0.018286304697421,-0.0252063040715749,-0.0099512598493771
667,-0.018863214071774,0.00226540657831307,-0.00821016247614932,0.0179435203771235
668,-0.00212436740027239,-0.0040650886264537,-0.00157621363062011,-0.0017669092007245
669,-0.0121420534112377,-0.00703116525149066,-0.0230162589626917,0.00945862867873793
670,-0.00184848934177273,-0.00625645543001929,-0.00289323430897551,-0.000386294523231567
671,-0.0167197662146551,0.00322808375076554,-0.0297964686569822,0.0279722689199047
672,-0.00149909204037962,-0.00358404579108468,-0.00321368615447726,-0.00115379295605701
673,-0.00704026721424724,-0.0319751227349042,0.00105177057386622,-0.011652148367457
674,-0.000997526136310354,-0.00278679285607102,-0.00222637495138464,0.00449451304079855
675,-0.00719311610129637,0.013394795412297,-0.0216711533358917,-0.00648065554142845
676,-0.0109609933811894,-0.024168363658681,-0.0188092482096462,0.0101183114351729
677,-0.000164624823065161,-0.000648535721793084,-0.000100272823034314,6.21578029391381e-05
678,-0.0207153640823297,0.00674200529700421,0.00912246663094209,-0.00744649187847879
679,-0.0199512396687281,0.00509996864095577,-0.0151851709678073,0.0167019278037073
680,-0.0137625161872807,0.00213669391442907,-0.0344271395824012,-0.00682314570074966
681,-0.00787498249679348,0.00569084087246286,-0.0326838489952703,0.00846916224223717
682,-0.0109844327643261,-0.000903435896708479,-0.027509983309033,-0.00293385983098851
683,-0.000340213010614946,-0.00267869108916409,0.000774213354494422,0.00294334413168534
684,-0.0204339931443321,-0.0208217987030845,0.0191507831825883,-0.00236092318368284
685,-0.0127358756978032,-0.0267167556052244,-0.0171595342074758,0.0202059022403189
686,-0.00816948135755503,-0.00660511414548528,-0.00693574744685809,-0.00775338273129524
688,-0.00958446838854437,-0.00606306077695558,-0.0113273158992479,-0.0233227732198455
689,-0.0139762823906773,0.0115054899704457,-0.0306646745342149,0.000591085556073177
690,-0.0312810051165237,0.010493172141602,0.0247813589902523,0.00195087531413787
691,-0.00846691293226271,-0.0308673717721529,0.00659767790958181,0.0029841961070652
692,-0.0205030120332048,0.0215332471728988,0.000214403226440867,-0.0123360854608688
693,-0.0121032251348189,0.00113981665221214,-0.0345241145838052,0.00913273688431963
694,-0.00282948839917894,-0.00247620329152649,-0.00666112155624994,0.00758596310088558
695,-0.0183170029839594,-0.0190373488734964,-0.020218386603322,0.0126005773269755
696,-0.00162549636986755,-0.00646529374514244,0.00193047772070768,-0.004450222946968
697,-0.000164587869462236,-0.000710405368718689,-6.66545820581004e-05,-0.000627613354935707
698,-0.0109845102706508,-0.0132100352734088,-0.0170523476971549,-0.00206603877331973
699,-0.00307115136341123,-0.000751329385886326,-0.00824628952771359,0.000148676265341667
700,-0.0254209780004975,0.0276761305133042,0.0064651170608334,-0.00368693455401538
701,-0.00192094139418672,0.00077668834131624,-0.00675942456712688,-0.000765862059045761
702,-0.0185286651724575,-0.00408330911881666,0.00469635439534158,-0.0247617026523953
703,-0.0205560452139718,0.0238114113477109,-0.0023808177580311,-0.0137770472787728
704,-0.0116532354046479,0.0134253341056593,-0.0118065922675163,-0.0178626101535961
705,-0.0260936593003836,0.014874431468986,-0.00348808886292696,-0.0291353361440312
706,-0.0148128895132194,0.0190839991046864,-0.0129331073951685,-0.0109580381600204
707,-0.0116652113695182,0.0112364122009554,-0.0323240831154798,0.00928306979211331
708,-0.000610566805554146,-0.00212624623863076,-0.00104503281576761,-0.00147903452468948
709,-0.0329003480748883,0.0142598795926727,0.0267824316154509,0.00452687299208563
710,-0.00837035209281817,-0.0343170257461919,0.0172998606544068,-0.0250871587879491
711,-0.00724544624638787,0.00751656894398856,-0.0263808127238606,0.00334845774041163
712,-0.0186612516152634,0.012756194369133,-0.00544628805814506,-0.0309974406657231
713,4.80805597628804e-05,-0.00189904052550673,0.00328773309537525,-0.00195475670287474
714,-0.0309068937874131,0.00648628551034515,0.034373216585704,-0.00856780953947768
715,-0.00502830363228118,-0.0194271133581257,-0.00251224692030829,-0.0100082675796706
716,-0.00989827358161852,-0.0181265561303332,-0.0242392275891103,-0.00380236797678854
717,-0.00378636223824196,0.00161491599340795,-0.0174988683124093,-0.0124545832737248
718,-0.00360862333542181,-0.010424159535305,-0.00100538068917056,-0.0113118807875086
719,-0.000526215003969309,-0.00214046637888695,0.0029799969364321,0.00414856901571333
720,-0.00201189258381225,-0.00394094883568552,-0.00331198392851714,-0.00143943730467787
721,-0.000658351477848944,-0.00284162147487475,-0.000266618328232402,-0.00251045341974283
722,-0.0158227760330937,-0.0343438393168098,0.0138260592643115,0.0163394402329003
723,-0.00954326906512397,-0.0144541708112142,-0.00414985249211022,0.00317919690660361
724,-0.014055467022564,0.00140121535420197,-0.0244105340156819,-0.0156467630518996
725,-0.0127219991447918,0.0133400198606812,-0.014488844456786,0.00263611293058207
727,-0.0129781877749499,-0.0211562455339927,-0.018958747286608,0.0180291842211721
728,-0.0118636918816294,0.00987650460296517,-0.0366365015779841,0.00269240641136555
729,-0.0155858946482101,-0.0210275159694406,-0.0195090270459788,0.0058135156410951
730,-0.00633935538529604,-0.0159618671815614,-0.0204989061536037,0.00482239395151994
731,-0.0029751643324022,-0.0137831672291928,-0.00571629339651191,0.00138407517500251
732,-0.00471697507944196,-0.00970564007539843,0.00350916434138088,-0.00632160267488509
734,-0.00315710540229492,-0.0129682054452874,-0.00173944938965643,-0.0125952549746859
735,-0.00154952467180707,-0.00755988404853697,-0.00207366353769678,0.000849317350549009
736,-0.0276691319237626,0.00713291638594272,0.0252766654273246,0.0171898090818984
737,-0.00989536200701235,-0.00793978558915553,-0.0300298686381254,0.00268546106833173
738,-0.0232220584329811,0.0287490228182558,0.000265129753800055,-0.0133437260901366
739,-0.0149647380433463,-0.0174528401463578,-0.025921772487083,0.0228434900687801
740,-0.0133392715353851,0.00682092700036821,-0.0261715531370861,0.0125218503596874
741,-0.0170153942930067,0.00424486775968761,-0.0253514288450495,-0.000206889758109931
742,-0.0163965733027708,0.00859273492747743,-0.0121197673533844,0.0100733734267788
743,-0.0253329455830274,0.0173896269971858,0.0204871649729217,0.0103234595916064
744,-0.0187695828650247,0.0215819235701253,-0.012287367575731,-0.0160277910195057
745,-0.00256029270638868,-0.00777890963001518,-0.00155866352932514,0.00174384934324034
746,-0.0208010840872728,0.0202727348520371,0.00475374670180064,-0.00441197095977815
747,-0.000770889909853385,-0.000184126648044943,-0.00162406288874889,0.000224438302013523
748,-0.000131398621807683,0.00159553811469802,-0.00147899444015671,-0.000516648795513444
749,-0.000649111991177914,-0.00182067198996505,0.00303228537061331,0.00091221791929448
750,-0.000250714577988012,-0.00260066496125097,-9.41318987623968e-05,0.000177905550799581
751,-0.00182249378005119,-0.00942299986838282,0.0023461788603776,-0.00246943099014743
752,-0.0018298398636472,-0.00365695314212888,-0.00411243546998342,-0.000704637063805017
753,-0.0144600753462581,0.0141407688917284,-0.0246771013841169,-0.00405937054586507
754,-0.0213372656402834,0.0164175702569716,-0.00173071476486919,-0.0170006113654183
755,-0.0275748340958515,0.000482450630670877,0.0265865738749811,0.0153979279770827
756,-0.0137206888352606,-0.00423210998934794,-0.0373206683320912,0.00243776109711512
757,-0.0199869253247151,0.0114279663966085,-0.0186357682786163,0.0114567469760126
758,-0.013183071782444,-0.0282449030673997,-0.0177898872838962,0.0143488700338432
759,-0.0189859786914384,0.0124838268780126,-0.00622838422389203,0.0117179410913087
760,-0.020523094862072,0.016179919698539,-0.0217216360531518,0.0264576460522771
761,-0.0119628653794386,-0.0209290562229247,-0.0162332402752728,0.00407658300192568
762,-0.00458859293008258,-0.00922918159543282,0.00199873250513484,-0.00396159534044882
763,-0.00897735869793925,0.0039350876257654,-0.0411813065048442,-0.00744190868774701
764,-0.0114665702973504,0.0148212947664238,-0.0293368144627527,-0.000503106326721836
765,-0.00693794483359573,0.00603961802084891,-0.0176675028842279,-0.00638094305698213
766,-0.00380535820196514,-0.00785391852899189,-0.00213041050350557,-0.00214819183030042
767,-0.00916748563039741,-0.00113271983906151,-0.0281378156081101,0.00786744700341563
769,-0.00167378839098818,0.00251593766428848,-0.0078774493292941,-0.000865840001473086
770,-0.0128269368641167,-0.000496272209811146,-0.0236902239736815,0.0106739140544283
771,-0.00129293529716104,-0.00562508320486489,0.00175267012925359,-0.00286112732739538
772,-0.00068913170175801,-0.00110407168883312,-0.00218230420865032,0.00133115439698302
773,-0.000462900872307277,-0.00498341504134236,0.00366302967458838,0.00502163176744173
774,-0.00770358064988843,-0.0319151717778793,0.0120908454938718,-0.00128630784058484
775,-8.64376983328064e-05,0.000645215605697704,0.000577063482831402,-0.000158340594643742
776,-0.000435903116643652,-0.00196071954368567,0.000402025897098882,-0.000650772359075474
777,-0.0117343012268359,-0.00983241891366108,-0.0302350316878734,-0.00992490811123291
778,-0.0115607466224149,0.00308937919631138,-0.02409665300161,-0.0062011437632837
779,-0.0142832564744678,0.00738155449779444,-0.0316016906563955,-0.00550385721490338
780,-0.00730754410640969,-0.0181884377876196,-0.0190253676368392,0.0209722513716698
781,-0.023464388858142,0.0225232669885379,0.00084589706497312,0.0102472908829339
782,-0.00903209721342856,0.00822187332014364,-0.0298692559835121,0.0116064377547384
783,-0.000258798908304787,-0.000500234907211604,-0.000330544387276759,-0.000188142729458151
784,-0.0165246934991336,0.00808682340472837,-0.022788408308029,0.000520908275536199
785,-0.0142173272020435,0.0179235821225747,-0.0212989719265959,-0.016567105760815
786,-0.0189712801905855,0.00329140929657096,-0.0242451358195395,0.0198253529041493
787,-0.0222034485740608,-0.00083083621245932,-0.0115340236134672,0.0264669295064604
788,-0.0121861568766502,0.0185051304930961,-0.0178193247172929,-0.00383406209589058
789,-0.00748054055449559,0.0129263118928466,-0.033705070832621,-0.000976133739270901
790,-0.00665514411705491,-0.0214784103986452,0.00156557801405171,-0.029709568092102
791,-0.0146883915198758,0.0202793310405601,-0.0112427084413248,-0.0192280817249626
792,-0.000223598246572146,-0.000135239132617865,-0.000241412739546985,-0.000283498903690998
793,-0.00390651477308134,-0.010056006166764,-0.0075063850115082,-0.00194412051635309
794,-0.0112706186146486,-0.0310142882072679,-0.0088290273038394,0.0197116188484203
795,-0.00239938714591857,-0.00227702809151125,-0.00605167220150308,-0.00283989454457956
796,-0.0175181060122737,-0.00828922257600793,-0.0185589298931277,0.0158967235865519
797,-0.0145094512376893,0.0137070482998562,-0.0133789894874012,-0.0243747523001383
798,-0.00992179971222165,-0.0283577049135431,0.00636047105669702,0.00949151485683436
799,-0.0159183970551541,-0.0174135723727755,-0.0146227134325067,0.0280613587382803
800,-0.0203370333774306,0.015464515463904,-0.00671451571692974,0.0145904317867906
801,-0.00231254693599794,-0.00583859980915111,-0.00384155018382832,-0.00184155784541251
802,-0.00300766118344581,-0.0148377682933284,0.000840789591727031,-0.00420933163966866
803,-0.0329451815107243,0.013183153860089,0.0335652594082209,0.00340290300885504
804,-0.000378991453618866,-0.000117894623155577,-0.00107052595621629,0.00049438055106394
805,-0.00476935674734311,-0.00918922729279444,-0.00708276414414653,-0.002907194080117
806,-0.0227770510923814,0.0175766209696312,-6.7225865563142e-05,-0.00954700523175693
807,-0.0103343623922668,-0.0281730564126619,-0.0139466812333635,0.00518210009133163
808,-0.00371731814744103,-0.0138276920380126,-0.00104438604665757,0.0019400030160026
809,-0.00462921432106697,-0.017562425198685,0.00179539472617115,0.000618197472768782
810,-0.000175797280978759,7.17239852494746e-05,-0.000169836109422749,0.000648641286599547
811,-0.026616575811168,0.00510780931546854,0.0221403040298574,0.0156631750649937
812,-0.00400237543125634,0.0109850829157856,-0.0200730932062093,0.00530444657212992
813,-0.000593232228794518,1.91115869080151e-05,-0.00150573866612433,-0.00221606608682208
814,-0.0116562063895038,-0.016247810430693,-0.0111388609251713,0.00618514400523945
815,-0.00764877100104034,0.0042781959416835,-0.0270257474398552,-0.00151151293327136
816,0.000144399389747445,-0.000806584305250523,0.00274229447519729,-0.0011462621240135
817,-0.00235061588139948,7.34050061452488e-05,-0.00488807961225156,0.00204280898241682
818,-0.0117844632096456,0.00446226245208152,-0.0332263112491279,0.0137856519167908
819,-0.00829859992227906,-0.00128834849476796,-0.0154908580673961,-0.000672530265413761
820,-0.00787004423889924,-0.0167727051786413,-0.012033108900925,0.0197450876363097
821,-0.0011837277166174,-0.0032275255256421,-0.00233321184243602,0.000543341096159168
822,-0.0173996324147143,0.0162160099047102,-0.0082164823029475,-0.020764581401778
823,-0.012388790680968,0.00616293991595137,-0.0112222282290074,-0.0260400019195553
824,-0.00983867720565018,0.00787275411028408,-0.0362569937112925,-0.00356153476600554
825,-0.0108023375847035,-0.00792380344520019,-0.0227645544487576,-0.00611323638269399
827,-0.00880178003481281,-0.000231199666462245,-0.027073816634205,-0.00130952208367125
828,-0.0113216388112749,0.0231702887141903,-0.0340243314230648,0.0134527007795618
829,-0.000722476942374849,-0.00183786061647539,-0.00166586195623623,0.00141317689414015
830,-0.00797926312028645,-0.000568207642767758,-0.0257571788349176,-0.00119579423551113
831,-0.000373350312887362,-0.00141913652895481,0.000283154173742255,-0.000682528000283656
832,-0.0149733417466623,0.0178801747500112,0.00164254882593987,-0.0147201747540685
833,-0.0178658130545747,-0.0206965805198252,-0.0289566172989792,0.0137844551785862
834,-0.016973254498395,-0.0158943748933445,-0.0128265237675885,-0.00435319206569734
835,-0.000349072992687056,-0.000754940684922252,-0.000593225901655642,-0.000370673250293058
836,-0.0117892526985033,-0.0311858823630359,-0.0126907254801308,0.0166833554784759
837,-0.0164718399715042,-0.0294310627764765,0.006113836709658,-0.0268878019396018
838,-0.0248362817371769,-0.0155764877298358,0.0218757509733694,-0.0171752994243517
839,-0.0252728266631847,-0.0135991935631769,0.0154555127818247,-0.020840517324693
840,-0.0172404109943292,-0.0297140766396083,-0.00695431084079001,-0.0282827117740021
841,-0.0143616198306582,-0.0304325155598559,-0.0126527105101694,-0.0222132188888522
842,-0.0275026597054538,0.00519943184866301,0.0223960704418112,0.00932503067379003
843,-0.0286446434779416,0.00235433484754993,0.0295519697204696,-0.00844464962955098
844,-0.030538012219683,0.00456089136111535,0.031011244046696,-0.00601099405118656
845,-0.0226806383769401,-0.0233198324597527,0.0155519937676629,-0.0111673159277233
846,-0.0184478827060347,-0.0313013341445668,0.0150190452351452,-0.0330507541070054
847,-0.0140999693767494,-0.0445300425776213,-0.0075014684788848,-0.0233707115352114
848,-0.0309801915657944,0.00843677519450071,0.0321867459200549,-0.00416526097808563
849,-0.0219570808468722,-0.022101011874992,0.0164378548279195,-0.00719190601029526
850,-0.0268358898337406,-0.00800640728301212,0.0248879596346391,-0.00783957308806656
851,-0.0203462845868073,-0.0229330534887134,0.00295475252204213,-0.0438032465617813
852,-0.0311985241288143,0.00560057434212897,0.0321969494073755,-0.00029062284000593
853,-0.0307560342011707,0.00797446209992203,0.0328827847724017,-0.00225055840471938
854,-0.0252690015635584,-0.00594596076747149,0.00837519122400386,-0.0145617459480134
855,-0.0207021524399406,-0.0195063989646158,-0.00392552923021688,-0.0111815191345943
856,-0.0230228198107471,-0.0192169714861535,0.00893903966626539,-0.0169137097372597
857,-0.0138512433904156,-0.0191025389090595,-0.0369557200328841,-0.00248692133918247
858,-0.0156208661767486,-0.0351699813595237,-0.0124928982774761,-0.020665384009106
859,-0.0304944750351467,0.00922728281581114,0.0270374540919483,-0.00928040811489471
860,-0.0292411858264043,0.0113047651892167,0.0266180338570238,0.00035575207815297
861,-0.0187718853216428,-0.0281272607601204,0.0080238481331414,-0.0053819966171597
862,-0.0237149026581368,-0.0224139785596859,0.0273203853392639,-0.014863103679341
863,-0.0292847602957454,-0.00147043006165478,0.0316290967263683,-0.000497825369541015
864,-0.0282596174268576,0.00536026257650624,0.0330041581996895,-0.0172384646427426
865,-0.00512340524791992,-0.0161497933676711,-0.00674944366266867,-0.0143800690836831
866,-0.0221611265558729,-0.0264700565346377,0.0166730240329399,0.00017104351712955
867,-0.0137939573089903,-0.0435815154052206,-0.00665745441917871,-0.0174553635907431
868,-0.0229603549377902,-0.0194745034021938,0.0207133936608171,-0.018932363598077
869,-0.0132336449161957,-0.0426686985815525,0.00256337210791185,-0.0228928821308628
870,-0.0237896441389708,-0.0174744345680878,0.0233587786315681,-0.0249414809797458
871,-0.0175173653956573,-0.033255170613814,0.0145574717780785,-0.0263636370256427
872,-0.0205972185950381,-0.0126630460575747,-0.0147719470904234,-0.0136617121840391
873,-0.0239241482921906,-0.00969535541119201,0.0142530032594091,-0.0286116576783899
874,-0.0235670667761656,0.00730008075096916,0.000434924790580385,-0.00526078442389779
875,-0.0122293395593005,-0.038720336683438,-0.0149881501259903,-0.0264605730472483
876,-0.015521523737719,-0.0429492071478228,0.00753254757362035,-0.0245878993665761
877,-0.011318910477534,-0.0358105746298907,-0.0161749539142193,-0.00828305145492352
878,-0.0128822447349074,-0.0373106834360224,-0.0179436696762332,-0.0262300237736709
879,-0.0054846866697346,-0.00936810903250428,-0.0157691795457977,-0.00603486617690506
880,-0.0252358424541743,0.000750845693689105,0.0141868471863049,-0.0311624761402888
881,-0.0191665311163055,-0.0128796530736408,-0.00825210883494187,-0.0303129622959592
882,-0.0185010262033862,-0.0333903837399125,0.0254817150957079,-0.0297482263639499
883,-0.0168587613032773,-0.0331987758700842,-0.00691067778391824,-0.0322467603254966
884,-0.0169779937089896,-0.0301713343189179,-0.00594307910881246,-0.00354999384229105
885,-0.0171577886426802,-0.0414674399426079,0.00473292989679737,-0.0248062254755865
886,-0.0165961796222733,-0.0349192943279286,-0.00508812668969671,-0.0187414175801786
887,-0.0176738161865522,-0.0354653619566941,0.00633728457165776,-0.0327474140091767
888,-0.0165117046319032,-0.0304078359026505,-0.00447603836149229,-0.00330873439230428
889,-0.0192543521192821,-0.0306974054684886,0.0201568087495498,0.00372529227111622
890,-0.0217753632681805,-0.0232831068059281,0.0188473249156934,-0.0322997600390586
891,-0.0224298062655267,-0.0245452813571948,0.0189437611775726,-0.0169212311311392
892,-0.0200335086440702,-0.00746150715840764,0.00228168513143379,-0.0321982414082837
893,-0.02973135306368,0.00434001883208555,0.0225722581251522,0.00314910696586766
894,-0.0242693890602526,-0.018147185967466,0.0151035573374392,-0.00106677227333236
895,-0.0235809910891619,-0.0150154783829591,0.01716872690833,-0.0240940504755901
896,-0.011803278099662,-0.0278554388558439,-0.011712776596316,-0.0200477206253978
897,-0.0122452189778345,-0.0167609482815013,-0.00845685786078751,-0.00403207120919898
898,-0.005959863527945,-0.0194381462825341,-0.00602834400305106,-0.0168463270960874
899,-0.013240119504111,-0.0381113282341844,0.00154980437020712,-0.00202262687338881
900,-0.00916925220731401,-0.0215477078509768,-0.0035994800656263,-0.0120542943636302
901,-0.00880959122520878,-0.0153994615153411,-0.0122303234203089,-0.00610303609874099
902,-0.00477154015325193,-0.0132784853784493,-0.00690533885592341,-0.0092948151576612
903,-0.0126259617553168,-0.0270720404566325,-0.026457580998307,-0.0120501614870488
904,-0.0132864729628715,-0.02273195002879,-0.00790913406779915,-0.0304656180416174
905,-0.0199056653211577,-0.0280924134751323,0.0145819416970535,-0.0238739387047626
906,-0.00312975361054008,-0.00810795185038978,-0.00894101276044745,-0.00684446704996521
907,-0.00849821076494445,-0.016005540014057,0.00217829726094542,-0.0207866270044438
908,-0.0258055587337853,0.0103295080222401,0.0266097354147348,-0.0149631248548254
909,-0.0283803120034166,0.000345861666277151,0.0283460820718474,-0.0165347719587321
910,-0.0103517218716484,-0.0298408599436755,-0.00954759601181635,-0.0152959418990953
911,-0.0183880729656313,-0.0348825367522069,0.00687574158229188,0.00168366498453986
912,-0.0024745051637357,-0.00747014622797365,-0.00324141417942841,0.000434052978894079
913,-0.0130619120015258,-0.0479287253323899,0.00587090297158047,-0.0191188863059529
914,-0.00643975591629518,-0.0227901004931185,-0.00696117768396558,-0.012843503151977
915,0.000117499071972463,-0.000215444715931381,0.00123076738997271,0.00100062229246185
916,-0.0144454199626271,-0.0289552816228411,-0.0137240688031034,-0.00840058651874938
917,-0.000588490180855198,0.0010896734591656,-0.000499617976773489,0.0019812524397729
918,-0.0134360550043149,-0.0493776088354763,0.0155472850192635,-0.0125023474972852
919,-0.0024086680931374,-0.00210420239240627,-0.00710022877056957,-0.00451540548355701
920,-0.00200325436480601,1.60786343922836e-05,-0.00938648926694317,0.00316076937360563
921,-0.0149039960910068,-0.0363115272433838,0.00213552932112448,-0.0134378187829707
922,-0.00869444693353245,-0.0133502286135451,-0.0185213121447806,0.00143196804748239
923,-0.00213570291816009,-0.00668559932385657,-0.00718300428726409,0.00431363339626279
924,-0.022121938675305,0.0016913371854215,-0.00686672245115929,0.00103214849611164
925,-0.00801186736827793,-0.0166015111390583,-0.0183196964609319,0.00201891671724046
926,-0.0126154069195456,-0.0257577466862042,-0.0230278076229497,0.00807898894098141
927,-6.62157154742851e-05,-0.000992833350686233,7.68028721372029e-05,-0.00377546848573975
928,-0.0100733895326489,0.0102857394573315,-0.0244306713977589,0.000876725035596007
929,-0.020059833439524,-0.000681428884857993,-0.0147616308923924,0.0135738976095524
930,-0.00495699504526762,-0.00597447820178152,-0.0204029162010388,-1.04971235455636e-05
931,-0.00230120913122508,-0.00877491703602861,-0.00614898673719352,-0.00342857995716031
932,-0.0234085350581067,-0.012907799178648,0.012151599804089,0.0336084086905333
933,-0.0182381719000781,0.0205001190136333,-0.00660648810322186,-0.0120744373618306
934,-0.00920388081507694,-0.0218452449488205,-0.0129513084125331,0.00641225099671552
935,-0.0161601935490023,0.0035812351107847,-0.0203756137769675,0.0204456524863008
936,-0.0211153610043593,0.0099415604971499,-0.00410577534561097,0.00736119876247076
937,-0.00738839635845507,-0.0107708375087965,-0.0125273407786503,0.00622003144006983
938,-0.00320488583300256,-0.011325542756996,-0.00403797604594231,0.00904159689740415
939,-0.0142667376843814,-0.00122544543642942,-0.0289552128702216,0.0152682669643096
940,-0.0123767882664881,0.0133689861218497,-0.0286892777365909,-0.00626096559511339
941,-0.00994240259910959,0.0133835097210329,-0.0331239771421435,-0.00169853093534527
942,-0.0142521587899154,-0.00619930903141039,-0.0212869234597491,0.0106506825363023
943,-0.0163003484924046,0.00486844577194006,-0.0159419663117654,-0.0235548994798957
944,-0.0154300778689896,-0.0154894560771254,-0.0144995045793397,-0.0268703305898124
945,-0.0164798506322535,0.00123418843473884,-0.0123768035440259,-0.0391163101000873
946,-0.0160571621835378,0.000418627234205386,-0.0254562410742862,-0.0109434228142389
947,-0.012772988221934,0.00195472349295374,-0.0272468819027957,-0.0188801920855769
948,-0.0223900177719812,-0.00332536133254092,-0.00480836188667342,0.00841356489656554
949,-0.0183906831800112,0.000672503723549458,-0.0218225479666154,-0.021992265244627
950,-0.0132165445553619,-0.0159341779072841,-0.0345849239386331,-0.0179322321385224
951,-0.0186428524106229,0.0111424920842568,-0.0188053153949308,-0.013358535467786
952,-0.0158301821283198,-0.00394347202295621,-0.0209394566082486,-0.0220644024843857
953,-0.0182178715487049,-0.000546556525999037,-0.0179581975463171,-0.0295230912347183
954,-0.0141314310081751,-0.00614399455802309,-0.0304920054532439,-0.0248954860940373
955,-0.0213003017749038,0.000455054889867289,0.00184078056551513,-0.0394026433204236
956,-0.0169796757772755,0.00988620014935743,-0.0266560952421329,0.0028572257352992
957,-0.0133284081304519,0.0109659245663767,-0.0285932421033376,-0.00718787636445517
958,-0.0218060401196932,0.000613018528538467,-0.00898356179650767,-0.0267319343549682
959,-0.0214146992907656,-0.00693497274760194,-0.0190516505212763,-0.0196298826663039
960,-0.0150241165257911,-0.0115252260237742,-0.0255203875983977,-0.0245456307183405
961,-0.0186783397977412,0.00528524250070143,-0.0255139230363659,-0.0239218541937362
962,-0.00475895006900848,-0.00862273181930932,-0.0154543133196323,-0.00351458590519088
963,-0.017405521706569,0.0125165514989185,-0.0233665615947779,0.0223531181773349
964,-0.02557761222338,0.00815996040018175,0.00590130723057664,-0.0206287418003934
965,-0.0221638717014504,-0.000518174433049786,-0.00425780861211735,-0.0178149185758617
966,-0.0149209274431485,0.00234360569242545,-0.0261140835180628,-0.016209751757173
967,-0.0184112685900851,0.00526001076967863,-0.019536498313184,-0.0251040061965625
968,-0.0226169331230878,0.0023017390469308,-0.000242169142043556,-0.0236527259799663
969,-0.0187077481583065,0.0102123646655721,-0.0208927611795979,-0.00830052289043854
970,-0.0218768250874297,-0.011600882949884,0.00567234772563799,0.0243636970467178
971,-0.0272327137203326,0.00965675361364531,0.0126981076360677,-0.0147292365405292
972,-0.0296321855938653,0.0242133056543211,0.0190960174558397,-0.0104198920331182
973,-0.0160230757610163,0.0187943372708253,-0.0108095783355562,-0.0211114990494501
974,-0.0030586695423451,-0.00791990404253909,-0.00331677624667751,0.00155740398249126
975,-0.000561916300493204,-0.004340515772343,0.00394037887453389,0.0041767975614011
976,-0.00251297691903384,-0.00809627191556861,-0.00775518266264433,-0.00129093090496474
977,-0.021650346769719,-0.0195316628418547,0.0181712745012225,0.0320870289414075
978,-0.0208802952731286,0.0103537823050816,-0.011504354571006,0.0101289303639125
979,-0.012861528022693,-0.00243646543126067,-0.0301022849147792,0.0146785649458792
980,-0.01136128637814,-0.0203974139036003,-0.0151753679006588,0.00953656049079567
981,-0.0163073759638732,-0.0344713220609293,-0.0114673018407827,0.00874509824380336
982,-0.0232275496837071,0.0215719059170293,0.00330001495212616,-0.00286022406882604
983,-0.0212180392712957,0.0222354735652085,-0.00421969156940053,-0.0132510685210896
984,-0.0197665544399739,-0.0191460122166997,-0.00412812130167128,0.0142730901555702
985,-0.0154289280014457,-0.0197625626425536,-0.0080518173365248,0.0235311315752477
986,-0.00942706655492771,-0.017019437728727,-0.00552777370969717,0.00361413758431234
987,-0.0145644277480325,-0.0250437568330361,-0.00601050812345159,0.0217491563632268
988,-0.00678817413840542,-0.00413083351196955,-0.0197233761669171,-0.00505860360748307
989,-0.0120304432698155,-0.0269317844098528,-0.00995930756516806,0.0119857452582253
990,-0.0181685846952555,-0.0133632939981623,-0.0181915792324733,0.0187970751155632
991,-0.00430769715111607,-0.0129881445672958,-0.00451252743434963,0.00883531608383821
992,-0.0215945587281051,0.00699467482652192,-0.00131168044105386,0.0233469789378616
993,-0.0278621549072446,0.0141400037626357,0.0190206317425174,0.0236676483820734
994,-0.0230272025604541,0.00966768498154454,0.00254711048230129,0.0382158082917985
995,0.000247361160735642,0.00193932544438823,0.00317866880950643,0.000810186014173918
996,-0.00906676143513307,-0.0188461964608171,-0.0183142673344092,0.00835722976394279
997,-0.015379470203101,0.00732440682162124,-0.0266443360836963,-0.00157762566273016
998,-0.018169263294595,-0.0378606010217168,0.00429940173637593,-0.0164441602345156
999,-0.00957123482459964,-0.0268908119891495,-0.0120725698074375,-0.0186075484719841
1000,-0.0105376165429205,-0.0316603980192335,0.00751684031417466,-0.0212070253800648
1001,-0.0150714967642877,-0.0368733640884559,0.0196901154326951,-0.0370520375144595
1002,-0.00160955368939405,-0.00539509687204765,-0.000788080743071981,-0.00117813350019887
1003,-0.00157787951596741,-0.00546003470808587,-4.95954709248264e-05,-0.000204180792085909
1004,-0.0273426349966942,0.0122378450428216,0.0195240611985773,-0.0130888565406736
1005,-0.0101269614701685,-0.0253936243624397,-0.0013693046911065,-0.0167568968131302
1006,-0.025320572111169,-0.00260746938308386,0.0264772942971892,-0.023279327873103
1007,-0.0225153675480129,-0.0114752271753653,0.0151408069519668,-0.00395213602250765
1008,-0.0292286644735238,0.0136805121339376,0.0264766083857954,0.0101758881238556
1009,-0.0289871552154509,0.0109846130070946,0.0268272660043897,0.00310785326213376
1010,-0.0182199988177597,-0.0178878058788672,-0.00900835657525726,-0.0102080575520803
1011,-0.0174525989202512,-0.0264238676290234,0.0022965481872752,-0.0117202106700396
1012,-0.0160716138235843,-0.00850715876803145,-0.0248912980685051,-0.0284055220664709
1013,-0.0265694420451269,-0.0035244161895301,0.025123225134115,0.0015823170307456
1014,-0.0192383841874064,-0.0188986760809592,0.00597266999316797,-0.0232351484985117
1015,-0.0242397725136874,-0.0099769087484434,0.0221377623922844,-0.0215085843143015
1016,-0.00650908282946534,-0.0112566009040108,-0.0124889415554957,0.00041694362371984
1017,-0.0203696309032325,0.0148011049315919,-0.0146976336282872,0.00586317844104002
1018,-0.0301368988491915,0.0129677597399987,0.0282166076344188,0.0108339481159817
1019,-0.0300260188241232,0.0157908905557644,0.0264080362166112,0.00781620176935482
1020,-0.0163243653516161,0.0136697005540089,-0.0167480049356184,0.00581995125438701
1021,-0.0261039724850284,0.0212703284174241,0.0173818966879182,0.00414269249952881
1022,-0.024672752123799,0.0170681399297321,0.0176037568228115,0.010383615434422
1023,-0.0249133383422731,-0.00219359129105605,0.0227058471919125,0.0234390712039151
1024,-0.0252791351337716,-0.00466542802804789,0.0249203880878108,0.0236078833973044
1025,-0.0211555878688635,-0.0209585874151328,0.0045141052656265,0.030110024927978
1026,-0.029155723819746,0.0168423385106028,0.0207435282315411,-0.0029879367756582
1027,-0.00107468313004278,-0.000797620032323824,0.000800754331493184,-0.000483127878959109
1028,-0.0210005219709205,-0.0239648902905386,6.35421540717771e-05,-0.00282851641635372
1029,-0.0165278403670667,0.0247998436523728,-0.0144807965447433,-0.00044545414440973
1030,-0.0260396453161939,0.0289130213515788,0.00842282429257491,-0.000709477568159172
1031,-0.000868777763684223,0.00298380569674574,-0.00197755066984238,0.00214120205774537
1032,-0.0230081713243756,-0.0131632597197762,0.0140525904535889,0.0141449486441582
1033,-0.0239919078624682,-0.0187306868417208,0.0233558983905692,0.00701641625401288
1034,-0.00648327511027474,0.0102395577205297,-0.0153152819471388,-0.00564456206088452
1035,-0.000335679090065064,0.00101958830087228,-0.000271439665963072,0.000332092846622537
1036,-0.0187614435719366,-0.0320538037143835,0.00550816032694836,0.00983402447516207
1037,-0.0110868718268873,-0.0229439906428334,-0.00451632048113017,-0.00740952157443358
1038,-0.0104056666500997,-6.25847560043782e-06,-0.0350240095679923,-0.00356605358276687
1039,-0.00758758017702619,-0.0147583156475805,-0.0124578645424654,0.0079879199332961
1040,-0.000189495726809433,-5.89473115777883e-05,-0.000535262978108147,0.00024719027553197
1041,-0.00735402445952024,-0.021467052720013,-0.0062208243797364,-0.000539660795920798
1042,-0.00666420348475866,-0.0150231974485881,-0.00620605544328839,0.0136421233539957
1043,-0.000378991453618866,-0.000117894623155577,-0.00107052595621629,0.00049438055106394
1044,-0.00939371027743195,-0.0199088094771561,-0.0124704184242607,0.0194211261410682
1045,-0.0221637163660743,0.000307565379047456,-0.000375120830310279,0.0238275200651254
1046,-0.00522328067449791,-0.00750275885232257,-0.0122568135628075,0.00101311962034967
1047,-0.00891611977521726,-0.0295145236333202,-0.00265151405355452,-0.00752366035510471
1048,-0.0242619943386965,0.0013635469675191,0.00936800579871832,0.0311741266335804
1049,-0.0235739495099005,0.00215663236645939,0.00464123804340505,-0.011734842520361
1050,-0.0136929211386388,0.0139568647383775,-0.0133099384398831,-0.0109977043586905
1051,-0.0262941605092163,0.0217352932021268,0.016964341956955,-0.00873836418740514
1052,-0.0165998434466963,0.00608074544481901,-0.00511446357815457,-0.0313483100253509
1053,-0.0236151967830565,0.0165258100461699,0.011688600635376,-0.0178112674958777
1054,-0.0197505684273649,0.00593723454347241,0.00325484176092953,-0.032445569672608
1055,-0.021516847250209,-0.0293881588413167,0.0109338953832914,0.011213442952542
1056,-0.0211920269859013,-0.0291248945599816,0.0119001141930576,0.0221210575464033
1057,-0.000906337555634433,0.000175597570835883,-0.00234852000896922,0.000220736471266268
1058,-0.000854387320664104,-0.00126693610695759,-0.000180929265244357,0.00189561515058136
1059,-0.0184947904528257,0.00488335299812704,-0.011319890177574,-0.00921230712991049
1060,-0.0319401681048297,0.0169976379358729,0.0293453854854292,-0.000573652749337004
1061,-0.00486895253440373,-0.0122859883059416,-0.00925448246978078,-0.0040053435836556
1062,-0.000941663717494639,-0.00327295478044576,-0.00242332072843346,0.00248461504756053
1063,-0.000231881179866356,-3.89293789763661e-06,-0.000478790843249351,8.6116917952569e-05
1064,-0.00711984043810485,-0.0178052275563148,-0.00411271944228093,-0.00697600583305396
1065,-0.000868589243282492,-0.000326008757512964,-0.000817143503702805,-0.000518307969160531
1066,-0.0262326387436689,-0.0118496760271084,0.0205772138475817,0.0211625142367922
1067,-0.0331848581726247,0.0149618178109357,0.0313643276215452,0.00271531944303743
1068,-0.000944997751530359,-0.00470683417356014,0.000759608072938566,-0.00254751145972587
1069,-0.015539567307349,-0.0415088199801877,0.00456017728027579,-0.00532548704260401
1070,-0.0102063952516197,-0.0288136064592879,-0.00947408738553931,-0.0159848128993759
1071,-0.00696562193311155,-0.0252595288964817,0.0174337173294107,-0.0221800349754384
1072,-0.0045869377654124,-0.00567136834540859,-0.00372029105621267,-0.0150903629001901
1073,-0.00543017109824669,-0.0228081605732387,0.00898678252989462,-0.011303876660915
1074,-0.00123352430903474,-0.00337422971222312,-0.00298182178729531,-0.00157185845144974
1075,-0.0153231509993459,-0.0415989873761124,0.00415669498101216,-0.00782474836920458
1076,-0.0163275877894547,-0.035185099835325,-0.00269442703146227,-0.00470326737480575
1077,-0.0062640158446158,-0.0131474157465526,0.00296122515128311,0.0123264317209625
1078,-0.00183422751036983,-0.00980967281618072,0.00144459209403854,-0.00116070460023179
1079,-9.7111813187421e-05,-0.00084547488940231,0.000181714060859136,0.0010522613797613
1080,-0.0126044841787173,0.0067399462978272,-0.032470422718967,0.0066103397183372
1081,-0.00480739983360063,-0.000121689674314575,-0.00674859527799447,-0.00954824787728333
1082,-0.0086461369044235,-0.0251994903971519,0.00684433997623131,0.0176650912430219
1083,-0.00235202556435549,0.0051987756134905,-0.00943533140475178,0.00385414753782381
1084,-0.0260465693859673,0.00669027216977653,0.0230724279560254,0.0167124738930978
1085,-0.0282657617834043,0.00219597977212688,0.0212632695971158,0.0258112076150503
1086,-0.0175489097978569,-0.0188798749115324,0.00969362512697679,-0.00357121962040779
1087,-0.00252366914894214,-0.00402711101739721,0.00320317637498033,-0.00145380490450898
1088,-0.0261778145908143,-8.46184684372749e-06,0.0239853745660242,-0.0112176835357273
1089,-0.0155157751781668,-0.0389958439668436,0.0135789405131226,0.0237419209869695
1090,-0.0151324599179606,-0.0314411843082558,-0.0234881482332713,0.0291351365183588
1091,-0.0209551200692474,-0.0333769338600044,0.0239156455935337,-0.0146785557593404
1092,-0.0263407461449438,0.00393661132230932,0.0292157071815465,0.00633090643769273
1093,-0.0143550421728388,-0.0301907118565791,-0.0158359527684569,0.00185191021035204
1094,-0.00413440678708392,-0.00619997911412565,-0.0126197164460509,-0.00751380389744753
1095,-0.0249726237743858,0.00246809141397903,0.0210376834881278,0.0263197666970302
1096,-0.0171291088645792,-0.0255941692637497,-0.00950570773145242,0.0017555150606401
1097,-0.0232443014514691,-0.0140418825166946,0.0175641160302778,0.0199394394563538
1098,-0.0222654761661527,-0.00919874919646958,0.0192330815965553,0.0243507307382028
1099,-0.0157093319025466,-0.0260984479352165,-0.0150858496595074,0.0253219564476925
1100,-0.0252190114441593,-0.00572538994446614,0.0144691216658042,0.0255827817724052
1101,-0.0224513909219063,-0.0220923199362954,0.0263075872032984,-0.000739735369617737
1102,-0.0145894090303487,-0.0282254846784416,-0.0168833214563912,0.0239765211471129
1103,-0.0170722994242304,-0.0110923608629517,-0.00422383860480382,0.0126719593210461
1104,-0.0172729566761214,-0.0343097677765396,0.0033025964806692,0.00997660151929998
1105,-0.0322288761809483,0.0127983449460849,0.0321017597808569,0.00859068970305792
1106,-0.0218519422021992,0.00600601136917572,-0.0014232201705609,-0.00590538527065438
1107,-0.0312337392222444,0.0197972317419433,0.0244650260031926,-0.00860484840514144
1108,-0.0316058705056158,0.0191632841019306,0.0259846265340271,-1.95786553118257e-05
1109,-0.0325909198250088,0.019253163305054,0.0254391027057124,-0.00876983177579587
1110,-0.0274092758765799,0.0024140384225704,0.030684404254254,-0.0166426808126323
1111,-0.0290747064666471,0.0160493064991521,0.0235745845571312,-0.0164557423183024
1112,-0.0293314209027549,0.0128680060327503,0.0291061460296387,-0.0119561142598922
1113,-0.0138363304855075,-0.033295498069838,0.00211060846629417,-0.0120307504787293
1114,-0.0305340552078972,0.00851529492822096,0.0275043147376826,0.0021132807682697
1115,-0.029803660751026,0.00394010220703778,0.0320239800467972,-0.0103984974255328
1116,-0.0182740294181295,0.0253957228521063,-0.0229703568077368,-0.0328219640589942
1117,-0.0294140499983824,0.00868932278636732,0.0368907203889271,-0.00448820351395769
1118,-0.0304963912106991,0.00279630621989156,0.0280653813465375,0.00455929530800227
1119,-0.0307102296336082,0.0104054843360538,0.0323757903485119,0.00528255770768755
1120,-0.0194550133081596,-0.029774934162382,0.0201936167957475,-0.0268531514048992
1121,-0.029246891027842,0.0231652355657493,0.0195043208115856,-0.00901729788865469
1122,-0.0191354761343284,-0.0316292355764977,0.0119529039913058,0.000102885539193593
1123,-0.0222439663997867,-0.0260207277858576,0.02581771965692,-0.026268812839269
1124,-0.0311145337571669,0.0146401553020167,0.0309403408495733,0.0120001067475389
1125,-0.0291840282833801,0.0127274559488358,0.0260057664754994,-0.016452774011408
1126,-0.0272316325959227,0.019330822997205,0.0227706122877826,-0.00788424205180226
1127,-0.0174068063754185,-0.0146145002273108,-0.0186950839619075,-0.0101906938644156
1128,-0.0232924911293046,-0.0216309309773809,0.0200498059318472,0.00496600661730088
1129,-0.0276322653464318,0.00329014252227977,0.0237302777082528,-0.0214344652300818
1130,-0.0295441283699072,0.00573403778003348,0.0304140004095054,-0.00849744623689019
1131,-0.0288450679308797,0.0183330652157129,0.0247600273783913,-0.0056888788052391
1132,-0.0316205601957242,0.0116164587521231,0.0318308193580678,0.00402786561212065
1133,-0.0305278156334007,0.0164777923169207,0.0305054093538884,0.0085781767963324
1134,-0.0306076385258708,0.00865037233457506,0.0251045517045948,0.00384504151588732
1135,-0.0274123640637933,-0.00435804976446904,0.0186334301895384,0.00071894366418535
1136,-0.0302184929289389,0.00915770863695781,0.0277266029825893,0.00786580805182849
1137,-0.0216369291940489,-0.0171419312129818,0.00204231391583929,-0.0322040270743401
1138,-0.0227540012795442,-0.0140679716243594,0.0189990814808789,0.00207205059826311
1139,-0.0276336927495928,-0.00111041869203023,0.0293234845103705,0.0162048737312402
1140,-0.0283946970711431,0.00158374247885152,0.0344475464644845,0.0117640395335351
1141,-0.0293507756602704,0.0127306688914725,0.0248080528626491,0.00833694398318322
1142,-0.00948437732530026,-0.0366731296795512,0.00855595228249422,-0.0394703881815465
1143,-0.0311683160958728,0.0106436551686318,0.0297539096247796,0.00242346675309779
1144,-0.0309232351210746,0.0124949318578367,0.0271069997850674,-0.0029187676174016
1145,-0.0276553727387058,-2.1619527762715e-05,0.0240395429623648,0.00751151470854185
1146,-0.0160629397351325,-0.0379251250469793,0.000797384468070914,0.0274278473063268
1147,-0.0209144325027749,-0.030155870062565,0.0253699408114542,-0.00676914039317506
1148,-0.0202627878898648,-0.0272586802924566,0.0181180653428569,-0.00166954637928739
1149,-0.0294328371102783,0.0183305956154508,0.0223083461567794,-0.0147639307242787
1150,-0.0157274682384403,-0.00125844281565803,-0.00309330331023656,-0.0183388493409543
1151,-0.0310420302366564,0.0198944152782701,0.0252116273783453,0.00499401165105746
1152,-0.024594175461353,-0.0020962497337935,0.00653455536442745,0.018881441195204
1153,-0.0256124019250038,-0.00596530671773296,0.0302502872003965,0.00662102145186011
1154,-0.0253604120658471,-0.00375852221007812,0.0212314993055586,0.0178144101503817
1155,-0.028190376215327,0.0175289395236312,0.0119840575282586,0.0352281825135309
1156,-0.0291737901883861,0.00243678123494296,0.0296097149629218,0.00725295034945134
1157,-0.0252320799930737,-0.00867197469675858,0.0307073673191526,-0.0137268045503658
1158,-0.029415801296167,0.0160792303595866,0.0241943179028928,0.000662641039135449
1159,-0.0313115467026381,0.0103879458635101,0.0305380831298998,-0.00402564597765351
1160,-0.0154307056649371,-0.0432929239962461,0.0213251065361393,-0.01034376837505
1161,-0.0291618599081624,0.00215269076772797,0.0332386469331838,-0.000571672601033298
1162,-0.0225593090341802,-0.0105092551273246,0.00906223128183166,-0.0480655761388294
1163,-0.0251674530215674,-0.012387996425157,0.0277581701342901,-0.0208499954092144
1164,-0.0133200291462042,-0.00565973794459093,-0.000268658890304965,-0.0245574145385347
1165,-0.0266085014670377,-0.00654405775930827,0.0275724685753316,-0.010557015520821
1166,-0.025960281409189,0.0169137450074246,0.00150101425931394,0.0125962756878692
1167,-0.0304045725699886,0.0163215220921672,0.0304786279409895,0.00198124885216521
1168,-0.0302609709009591,0.018216553307255,0.0254752435603068,0.00762854485804149
1169,-0.0196154012494736,-0.0338547298999727,0.0268229556857804,-0.0152719077291751
1170,-0.0269673946913501,0.0140200052834197,0.0259297377397285,-0.0147067396437119
1171,-0.0306100278201611,0.0114807746602273,0.0256667093613579,-0.0150121769310572
1172,-0.0290761891440145,0.00723269716960449,0.0273631127705768,0.0112316820342444
1173,-0.0200276022356173,-0.0264199652923933,0.0189800387844304,-0.0188019043971599
1174,-0.0290208414111697,0.0146527581059818,0.0224133949748716,0.00716509679262968
1175,-0.0302066562236335,0.0145848492363378,0.0327535758944743,-0.001439342634702
1176,-0.0282074778374759,-0.000690306517645875,0.0294967038747631,-0.00782193267440872
1177,-0.019586561004145,0.00702660309064601,-0.0215970709220215,0.0247460256258309
1178,-0.0281703057223712,0.00474717551811789,0.0234446172593756,-0.0199676062714482
1179,-0.0291332525814691,0.0216663264560428,0.0174063318341742,-0.00537462594783202
1180,-0.0234736334212739,0.00494621991763695,-0.00322773813386135,0.0294348707492793
1181,-0.0302656923939825,0.0109679690050478,0.0277200454655864,-0.00653986580799442
1182,-0.016788315818961,-0.0370946449379245,0.0200834506636762,7.98059667139302e-05
1183,-0.0257972342654819,0.00908580010417168,0.00951748687349904,-0.02198802786513
1184,-0.0252200898456384,0.020124524581552,0.00881619364977265,-0.0263912162123245
1185,-0.0306917035126321,0.0117021165645816,0.0311776207862556,-0.000123620767412294
1186,-0.0252816265509581,-0.00320550246960449,0.0149823224671738,0.00191479490025565
1187,-0.030106234464911,0.00935582525692717,0.0288154812694239,-0.00759788798242788
1188,-0.0201846925910015,-0.0118844562852319,-0.00281327360396287,0.0345742390409055
1189,-0.0214892228514588,-0.023700998847275,0.00952256383635757,0.03111160504344
1190,-0.0184163712228438,-0.0350798941594811,0.00873077239454311,-0.00819215259771854
1191,-0.0265868841790211,0.00291001565987732,0.0195441264121661,-0.0210299254495791
1192,-0.0235012036896033,-0.0163239889457577,0.0235968366839574,-0.0330262927792949
1193,-0.0269169017364805,-0.00258300268245373,0.0293159698895365,-0.0195169026244195
1194,-0.0265376309280022,0.00657532605808333,0.0211476112462375,0.0187481495092529
1195,-0.0183256210093682,-3.1579402147419e-05,-0.0229441288460094,-0.0092786109675406
1196,-0.028264282771221,0.0118866886063541,0.0226171255771307,-0.0221674912398727
1197,-0.0297187720927849,0.00641631308644071,0.0327013339444749,0.00760565665404401
1198,-0.0183940145006262,-0.0317064984634332,0.0122347172408707,-0.0194934163180873
1199,-0.0191651463507509,0.0027848736817632,-0.0223010999467364,0.00828678640588293
1200,-0.0295533829524324,0.022882897897513,0.0173771802338459,-0.00706693387769254
1201,-0.0250080553479205,-0.00656098523682597,0.0217746868025044,-0.000579703244039945
1202,-0.0280133865293051,0.00267591079595839,0.0200398866149701,0.0237465340762497
1203,-0.0287792862428946,0.00555558290733472,0.0266296792931309,-0.00583615395253136
1204,-0.0176955487835087,-0.0252592250261237,0.00418913349500296,0.0188642854267641
1205,-0.0238915998468621,-0.0133221294650243,0.0212589114144966,0.00974688570067667
1206,-0.0228721593676087,0.0151142136564353,-0.0117869258075413,0.0135794170894441
1207,-0.0248242293731004,0.0130440704142225,0.00932791727946154,0.0032041985772804
1208,-0.0297148090309921,0.00601118457639129,0.0269325793330547,0.0120892622841427
1209,-0.0204159133181444,-0.0306463362598427,0.0167210105734853,0.0067808521578046
1210,-0.0202892475550026,-0.0062508267016455,-0.00254906485234214,-0.0545349067146138
1211,-0.0278311453372105,0.0179998206043693,0.0138090660082686,0.0219745948421368
1212,-0.0222266155525614,-0.0189530491569562,0.0135401675896069,-0.0331194366692723
1213,-0.0301895939565115,0.0122481809621748,0.0275929044630966,-0.00543402727826733
1214,-0.016161349189669,-0.0346940764480199,0.00714745824808474,0.00877532789295274
1215,-0.018334288696293,-0.0129829307887605,-0.00709278070749277,-0.0449366724931512
1216,-0.0299779177047814,0.0170983098717611,0.0236464195379915,0.0144327867832342
1217,-0.0123158328699411,-0.0208286954241238,-0.00521337280913318,0.00457486303726516
1218,-0.00059887518449717,-0.00166343837305827,-0.000347074811674645,0.00133173864464291
1219,-0.00891936490975254,-0.0216046639122057,-0.0137068269534324,0.00695650247914879
1220,-0.00388848501329899,-0.00284602728301242,-0.00948061658210605,0.000820864859187564
1221,-0.000957911889284372,-0.00330282841610803,-0.00139654682331187,-0.00164251010503154
1222,-0.000669214830029821,-0.00089071571406295,-0.00184588479469718,-0.00078024450661087
1223,-0.0117126969688199,-0.0110443017691873,-0.0178224898924659,0.00620515905190134
1224,-0.0200238889238353,0.0150970383681912,0.00457294025651833,-0.0204303130737073
1225,-0.0258147057923067,0.0144610865097243,0.0161178910995275,-0.0212198100967994
1226,-0.00488833599708369,0.0042157187693278,-0.00930677808237061,-0.0102502456793256
1227,-0.00515529042433088,0.00136747227344081,-0.00752820039002901,-0.00772285157748561
1228,-0.00399074534498348,0.00365679465673418,-0.0109456288406125,-0.00582957914911517
1229,-0.00416629285244848,0.00204098817057039,-0.00654503275357073,-0.00801373766506895
1230,-0.00867597796664671,0.00287202524625564,-0.0184226349377422,-0.00701532963806079
1231,-0.0197908934763461,0.0153483348745635,0.00738449117687844,-0.0187138461087938
1232,-0.0046239211981387,0.00331554850655327,-0.0133499838278795,-0.00929809406851501
1233,-0.00749646779991265,-0.0139436668559634,-0.00402097163946393,-0.0253975100636492
1234,-0.0152869783407122,0.0123548022640559,-0.0247353408946387,-0.0125409310119164
1235,-0.0129696809256782,-0.0121132654394474,-0.0115484234055774,-0.0222562965303155
1236,-0.0146188556173001,-0.00824297324424716,-0.00852858797518892,-0.0228055128480517
1237,-0.0269825817129614,0.00776117836332863,0.0241295904149376,-0.0151644777539922
1238,-0.0171637238808444,-0.00345662687191186,0.00040088303784832,-0.041751260760384
1239,-0.00436182664618701,-0.00341265986363653,-0.010606035862141,-0.00881795077207393
1240,-0.0107891488766103,0.0013576704839071,-0.013539496269666,-0.00729616642040532
1241,-0.0146743278638197,-0.0126719130433585,0.0102668922384312,-0.0416024971420885
1242,-0.0232677532268677,0.0180412125653207,0.00992712497390385,-0.0148260829251431
1243,-0.0207215934797456,-0.0219528967138817,0.0178564897336689,-0.0373934384713449
1244,-0.0118494480632973,-0.00908275971836806,-0.00325138544793321,-0.0271934102881256
1245,-0.0191298723305618,0.0152793400626164,0.00189785394084807,-0.0175791788546053
1246,-0.0266724049954677,0.0150005439843447,0.021552678591907,0.0166824036871591
1247,-0.0246098298921182,-0.00503166377107301,0.0240679789996154,-0.0161646234392262
1248,-0.0251947369356614,0.00925869902557985,0.0197097856312803,-0.012295396662283
1249,-0.0174401132893348,-7.12593317036811e-05,-0.00195576371205867,-0.0365151801696456
1250,-0.0245709162283873,0.0172910114538863,0.0162386378159058,-0.0145744166158334
1251,-0.0211985322834595,-0.0201105969099305,0.0256959704182605,-0.0429528673087365
1252,-0.00475036995673398,-0.00509335692926038,0.000486983736821312,-0.00885824748255667
1253,-0.0238314805575045,0.00722508899259981,0.018114181749837,-0.0270474514086908
1254,-0.00992608336271618,-0.0214643685812117,-0.0183409812187283,0.00124997526601023
1255,-0.0145214627611079,-0.00864247670429766,-0.0107286347351472,0.015343436071864
1256,-0.0125413145185045,0.00561194235821243,-0.0456031559847551,0.00450052478915984
1257,-0.0188861341730325,-0.0254088306987259,0.0133415589739205,0.0305822655566709
1258,-0.0141707952570347,0.00390916705142356,-0.0111156027978326,-0.0122552189761176
1259,-0.0248447386311701,0.0187905695556765,0.00773194671803583,-0.0195076721541683
1260,-0.0235165822288135,0.000503508566781658,0.00448615445476673,0.0364708189689565
1261,-0.0301570693206632,0.0121362170336487,0.0256012269914555,0.0182545348810979
1262,-0.0113281252980162,0.015305577938665,-0.0289682072079448,-0.0175815947653355
1264,-0.0233603954698026,-0.0199547189195573,0.0201486230634943,0.0258298041921613
1265,-0.0131609694178478,-0.049453736711904,0.0133956632709623,-0.000685382505054797
1266,-0.011640045628017,-0.00288266544512595,-0.0383819807275031,0.021236472308682
1268,-0.0132231437551966,-0.0302213456084995,-0.0200224632178589,0.0125321204617625
1269,-0.0155717151922157,-0.0142413441109381,-0.0174863970136376,0.0169248232777198
1270,-0.0159180768688155,0.00859011711750454,-0.0260967423305728,-0.0013912627183508
1271,-0.0025687139192068,-0.00822806295073939,-0.00167791464486645,-0.00221488691871955
1272,-0.0240429814874848,0.0241918443385679,0.00623877697999539,-0.0110476034477381
1273,-0.0178662979794188,0.0102874540540081,-0.0100254763127127,-0.036427197887068
1274,-0.0215099446301062,0.0170714683885564,-0.00299446305560753,-0.0230672134888329
1275,-0.0139836290340032,0.0121145076239087,-0.0198141206193306,-0.0394241827668494
1276,-0.0263133799198552,0.0141750526366307,0.0146588620680534,-0.0226516857717664
1277,-0.0202473075472307,0.0114151091404448,-0.00269968983090557,-0.032791856251468
1278,-0.0235617929832777,0.0135644431107819,0.00225188156764974,-0.0251417558596805
1279,-0.0199266803436079,0.0153339283128055,0.0020475582849781,-0.0130927783316129
1280,-0.0228238084725128,0.0284111687027858,0.000429115674745335,-0.00816420461845236
1281,-0.018573430728779,0.0246598556173265,-0.00672079860381787,-0.00423734591300825
1282,-0.0224886329103221,0.0130716333135012,-0.00747899478840359,-0.00184735378801478
1283,-0.00940439587306635,0.00376212013915754,-0.0219414007658663,-0.010642687550698
1284,-0.0140200613585195,0.0175881685306547,-0.0270585011078967,-0.00257289494251726
1285,-0.000970179653142776,0.00442706131390443,-0.0033139633083622,-0.00669807363620278
1286,-0.00369344835655849,-0.00843853504710379,-0.0103690950411815,0.00377354505647804
1287,-0.0207924012945309,0.019464441507536,-0.00623451028234424,-0.0110441081566164
1288,-0.000189495726809433,-5.89473115777883e-05,-0.000535262978108147,0.00024719027553197
1289,-0.0294862239927977,0.013605694481433,0.0267201817763526,-0.00690444442162343
1290,-0.0166337722544945,0.0176840608431679,-0.00765297821557713,-0.00843678799504412
1291,-0.0112371437811802,0.0182081027374486,-0.0133481830246543,0.00234204399082385
1292,-0.0150650255429539,0.0077943048789176,-0.0352347046185209,-0.00043367793396103
1293,-0.0203201625735939,0.011832328256453,0.00988210491661549,-0.0102695230485276
1294,-0.0193753051718878,-0.0195669940347753,0.00295488837273127,0.0329823032582694
1295,-0.0264070361822645,0.0173128757050356,0.0121884151444971,0.0192116012826844
1296,-0.0290722263005258,0.00927172623726302,0.0290679483072423,0.0145525476570878
1297,-0.0199420331507042,-0.00880973430929494,0.00681305967938064,0.00759344486226722
1298,-0.0269729627599122,0.0233509581820756,0.0149196781374004,-0.00382237170500216
1299,-0.0158213617130088,-0.020343477541881,-0.0140343412961279,0.0207513326935509
1300,-0.0128203501137675,0.00877955868204097,-0.0325436910902702,0.00653998916580059
1301,-0.0138303718720797,-0.0148801933983413,-0.0248612030233448,0.0246244689598976
1302,-0.0176987377347991,-0.00350560740011554,-0.0248768825414575,0.0333618186192936
1303,-0.0145848597961708,-0.0139774631670731,-0.0115428085334651,0.0216304297198907
1304,-0.0205918344809845,0.0111980977969822,0.00258452109671593,0.0143154728163322
1305,-0.0080690100250534,-0.0261142023292769,-0.00398541205060628,-0.00206761273882504
1306,-0.0258612471733053,0.020873700040398,0.0148331355457592,0.000608424482852978
1307,-0.027776098394181,0.0208330515446861,0.0179923864400281,0.00217019828774064
1308,-0.0171950238826089,0.00832841739979981,-0.0188685578200452,0.00576742156758516
1309,-0.0124111166217697,-0.0025267960717379,-0.0315230399249579,0.0153730862574546
1310,-0.0254095010719855,0.000558455961277774,0.00592331864002279,0.028709966198922
1311,-0.00923096327293782,-0.0267366831150421,-0.0143395485341482,0.00925199944211314
1312,-0.0107381578255061,-0.0286843050707008,-0.0120924368036186,0.0160123005442929
1313,-0.0191062703687362,-0.00614754757822745,-0.0205804063743665,0.0198752463480848
1314,-0.0104857972911771,-0.0288044833729788,0.000119606517961716,0.00124244324281312
1315,-0.0174197337854796,0.000514124348448589,-0.0225366050648062,0.0127637130408737
1316,-0.00906619424160396,-0.0205314098863974,-0.0197657249548259,0.00821355499986956
1317,-0.0178037912583859,-0.0313247853502917,0.0103007894420844,-0.0121154663029584
1318,-0.00481022988019258,-0.0103848943347056,0.00215101215993458,0.000202623410375962
1319,-0.00648093127118507,-0.00692310036258092,-0.00706925882602417,0.0144749634011624
1320,-0.0195179704843203,0.0158561654276269,-0.00546832781899115,0.000970101832474438
1321,-0.00755276523475927,-0.0263902408798811,0.00739793792548682,0.00672904590087447
1322,-0.0170717410693605,0.000895859611011373,-0.027615356152938,0.00235272847194892
1323,-0.00494227108315722,-0.00187951632185897,-0.0116608712652891,0.00368667490200243
1324,-0.00966986593007572,0.00109629411412777,-0.0245170659513956,-0.00358567709125271
1325,-0.0114449893536643,-0.0255754193151037,0.00225917148723606,0.0105427163977447
1326,-0.0212093714565856,0.0165114521362345,-0.0019880870286753,-0.00608241405563595
1327,-0.000165478782003037,-0.00032383900421986,-0.000531324956282879,0.00021096320561536
1328,-0.0136998530897497,0.017060375222251,-0.0221275115294945,0.00763171099460942
1329,-0.0134299448172163,0.0139504246811519,-0.025577935591373,-0.00696180358820396
1330,-0.000773205746720615,0.00291780740676085,0.00058498812378121,0.00102366487979261
1331,-0.000493570409692876,0.000783498133234532,0.00286309212063163,-0.00590354855736684
1332,-0.00465800883387355,-0.0108082350003363,-0.0103948578445677,-0.00159171550643505
1333,-0.00754171255633765,-0.0152037940507994,-0.0100115920997,0.00463657197218536
1334,-0.0158871581205208,0.0202620648983916,-0.0151000856951294,-0.018209545707519
1335,-0.00770635606912025,0.00745570184965048,-0.0262415293056004,0.0105887535852017
1336,-0.0134043966794251,1.7694125364954e-05,-0.0232886395179353,-0.00274665273640627
1337,-0.0187981308098632,0.00365586346547255,-0.020866340585554,0.00968307274339134
1338,-0.0141505045507425,-0.0019462476435309,-0.0217537043823546,0.0164198417163329
1339,-0.00394960905495827,-0.00876269988577142,-0.0113576400571219,-0.000604284235188929
1340,-0.0102969218640222,0.0159524354443447,-0.028098915965248,-0.00410096496028979
1341,-0.0210268663075134,-0.0189393671832829,0.00284035548404658,0.0353123081436073
1342,-0.0127939220818775,-0.01692213986782,-0.012644155007743,0.0125885570812257
1343,-0.0257190741369219,-0.00250219540042911,0.00703156939083351,0.0356753397884149
1344,-0.00691296789906265,-0.0178850290893196,-0.00438337622144891,0.005402450918542
1345,-0.0105823150183027,0.00305549036429741,-0.0303679986534126,1.6636154481224e-05
1346,-0.0139677190147737,-0.00807393521187643,-0.0226043076126588,0.0251919466748914
1347,-0.00531244741510239,-0.0108619958764623,-0.0156506300166645,0.00275723140099619
1348,-0.00855176333500185,0.0144876769097695,-0.0261886425916095,0.0032038644429425
1349,-0.014711050236467,0.00874894208884414,-0.0342567145622193,0.00411884058593155
1350,-0.00629592910367326,-0.00687080691383063,-0.0130513325096887,0.00311271348148304
1351,-0.0227242902784545,0.0188853125227204,0.0016871507748831,-0.00406935369160797
1352,-0.0119696717050008,-0.00521043714755437,-0.0304002724115589,-0.01027645269134
1353,-0.0126586744372266,0.0117715427910692,-0.0261790956909066,0.0163521970767692
1354,-0.00986536385904846,-0.00648966091070703,-0.0312769932951567,0.00576918298608193
1355,-0.0173431843213665,-0.014303510360007,-0.0135441636939391,0.0124203738511861
1356,-0.0195487271643894,-0.00819109335117663,-0.0124259785765675,0.0330317819088078
1357,-0.0273059261554807,0.0130698256908381,0.0212192557502434,0.0128844648103751
1358,-0.0133597826147159,0.00769371911301664,-0.0229454442956173,0.0147151882227377
1359,-0.00112520045369069,-0.00122272123091179,-0.00544763159731261,-0.000524635152099304
1360,-0.00234383225943826,-0.0110929321775668,0.00135188157924667,0.00593306015432775
1361,-0.0128089655899462,-0.0131829088928188,-0.0123098330560644,-0.00108887320359611
1362,-0.0103121774270504,-0.00829093391551072,-0.0131675471749178,0.0151995764603876
1363,-0.00907241647723214,0.00997325539647844,-0.0380630662598804,-0.00171855367899556
1364,-0.0144864692991763,-0.00787176305860161,-0.0223799861910368,0.00879296630883451
1365,-0.0226653736328847,0.0110593664086725,0.00136164536230851,0.0211490974496001
1366,-0.00921030999282632,-0.0112795420961562,-0.0271453367327862,0.0127789872114075
1367,-0.0196888077127398,0.0262456458921908,-0.00905489130863694,-0.0108842635962147
1368,-0.0212529270175868,0.000555220414808629,0.0079166769712939,0.00256682235706254
1369,-0.0145575169071175,-0.0184610218342096,-0.0150306101821487,0.0203008043342733
1370,-0.0145107264228645,-0.0112616397473068,-0.0128301488916305,0.00878374657177661
1371,-0.0177121812427154,-0.026603145755726,-0.0016245323712913,0.0265415971247474
1372,-0.0215925141875388,0.0195903693053357,-0.00889862458072946,0.00657117936741155
1373,-0.00424838592378275,-0.00943421573957717,-0.0074535768759297,0.00126929292170915
1374,-0.015942063090073,0.000351455720418393,-0.0259027683783609,0.015558931705247
1375,-0.0174127018513344,0.0145685671481594,-0.0150303157635018,0.0135367780049398
1376,-0.00822170797772807,-0.000988757617044528,-0.0315374024358484,0.000694976894771679
1377,-0.00480919061358696,0.000231149319475899,-0.0136200270424334,-0.000648901114573497
1378,-0.0075082927778182,-0.0146400378288176,-0.0199940125912198,-0.00539499904186864
1379,-0.00383388669259582,0.012014951703779,-0.010695397526162,0.00160702605910077
1380,-0.00436809865155342,0.00336000095844009,-0.0163578471388932,-0.00499007027165438
1381,-0.0079303398923402,-0.0102366711490764,-0.0157796158659616,0.00254393194176603
1382,-0.00704003919675366,0.0127478686096482,-0.0280104219239932,-0.00477598250653441
1383,-0.0145757820295472,-0.00880283694733079,-0.0320875448523859,0.0170209170286545
1384,-0.0135563570602067,0.013190542073222,-0.00821696794305084,-0.014240290032618
1385,-0.0273394350515063,0.0146871952192727,0.0186302309985669,0.0141700989082185
1386,-0.00555040250911409,-0.00835861733454925,-0.0137181141173991,-1.55393583684468e-05
1387,-0.00403488755123119,-0.0113239776325446,-0.00332941750215296,-0.00303635457864296
1388,-0.0126553211687585,0.0113133453126173,-0.0182822519218716,0.00305200116362896
1389,-0.00672269818545304,-0.0240157306175888,-0.0103470993685307,-0.00694003406264624
1390,-0.0103415433291799,-0.0250469247338302,-0.0219132623684918,0.0116332333152364
1391,-0.0117750648447379,-0.0167010089865382,-0.0165957899082987,0.00963236953228669
1392,-0.00799290799120222,-0.0157637762599065,-0.0129833588520723,0.0147976095672974
1393,-0.00146441695626379,-0.00276257067845747,-0.00334503864124701,-0.000403057303558991
1394,-0.00873120928748921,-0.0200731675574158,-0.0164446784082186,0.00414573338295325
1395,-0.0217948658032128,0.00970517902120215,0.01190099655035,0.0108573457426388
1396,-0.00261160631641567,-0.00737332159043611,-0.00545327690982671,0.00187465952209256
1397,-0.0136232111045559,0.0133432875992408,-0.0240887815896857,-0.00703513266764484
1398,-0.0153135292035205,-0.0173629383405553,-0.0202255950251976,0.0066385876061231
1399,-0.027312674216504,0.0213481835612024,0.0223096983974981,0.0110429323940189
1400,-0.0227242840326848,0.015637061917999,0.00115870867861579,-0.00259120944452108
1401,-0.00351061779058826,-0.00917374324564958,-0.00769612220866951,0.000420288964038978
1402,-0.00362290881070153,-0.00466102434795572,-0.0124416655701146,0.000671436685643621
1403,-0.00225436567886562,-0.00454316619225872,-0.00523459963903895,-0.00164056324095273
1404,-0.0121131305824058,0.000433346102298177,-0.0112583328888872,0.00392521605770615
1405,-0.00729833454447337,0.00598923772251901,-0.0138788244655643,-0.0199140179977397
1406,-0.0116222793600924,0.00444217822051998,-0.0242888291915243,0.00687418816248198
1407,-0.0252901919049561,0.0216101425937325,0.0122105981035083,-0.0107415504207799
1408,-0.000740775740984556,-0.00252668788709291,-0.00185752573509934,-0.00182184312107631
1409,-0.00806818855927883,-0.0134113229579804,-0.00601611973131618,0.00277709804428464
1410,-0.00617200990765907,-0.0103487956382189,-0.0175500288906802,0.00658945934327187
1411,-0.0018892406074835,0.00450630039549397,-0.00467895867672814,0.000277435981342324
1412,-0.00859791388358628,-0.029718604685897,-0.0024706719431313,0.00973074004598825
1413,-0.00251054301325197,-0.00876134186256029,-0.00294090211666217,-0.00298042086240072
1414,-0.0141606991759775,-0.0242314353957854,-0.0219842065417169,0.0159829437621789
1415,-0.0241138550326848,-0.0113435657573507,0.006595175126537,0.0349260827963939
1416,-0.000668960070521546,0.00102248480328607,-0.000523442241695226,-0.00683236193274715
1417,-0.00350917681253904,-0.0074894990266302,-0.00564068513552495,0.000604017276414633
1418,-0.0166007586486671,0.00740086038844452,-0.0235041027384122,-0.0041980490985482
1419,-0.0177415117901477,-0.0127892355950031,-0.0160590582887277,0.024442622328862
1420,-0.00321536687171645,-0.00883153128599355,-0.00647062502540926,-0.00259210062961209
1421,-0.0202381027458155,0.0209038605048933,0.00367079306568903,-0.0191736280810558
1422,-0.0168642588204897,-0.030245218111576,-0.00631289398140129,0.0279667599857366
1423,-0.0129616899357689,-0.0307424474862329,0.0057434427391851,0.00266674290184141
1424,-0.00993426301284136,-0.0105845539021098,-0.0271524536211708,-0.000491583405810006
1425,-0.000454913125714243,-0.000268122263923963,-8.89359909902333e-05,0.000264261469856389
1426,-0.00539090355834756,-0.0124928674087291,-0.00897029044689465,-0.00106934901945305
1427,-0.0118118707402348,0.00267579233387784,-0.0322500857672088,0.00275828055828843
1428,-0.00924770081398811,-0.00129118938618091,-0.0285913341714152,-0.00673385840798722
1429,-0.0217009297180018,0.0246075819944311,0.00075355208815945,-0.00588796548923911
1430,-0.00126309053657,-0.00283959537575809,-0.00524079703928795,-0.00114488361928154
1431,-0.0151554126023392,-0.0248194368173068,-0.0133885428037353,0.0141699175389567
1432,-0.000921770234973025,-0.00215471081128116,-0.00142819246057143,-0.00325543746225701
1433,-0.0110874194467577,0.0161680109702795,-0.010033035401794,-0.0103252456724486
1434,-0.000580864036971066,-0.000520776926661149,-0.00130570860937591,0.000361699613506742
1435,-0.000947594168026283,0.000169134748310808,-0.00572373993395351,0.000226768975442697
1436,-0.0122990217000161,0.0162586877189892,-0.0209245262987777,-0.0228992038186139
1437,-0.0119714889942171,-0.0141969653489765,-0.0124505635060824,0.0191692576777836
1438,-0.0125916321709504,-0.0202852268677605,-0.0276576692789807,0.00685442364342608
1439,-0.00404065398224692,0.00203195885413288,-0.00465268004615897,0.00324171165428411
1440,-0.0196487292824484,0.0144478063033532,-0.0116902197213696,-0.0134086780814696
1441,-0.00234350621506929,-0.0046323908051683,-0.00451404008744315,0.00081751242158133
1442,-0.0202508446376569,0.0130658784189085,-0.0147386295580127,0.0120281303635381
1443,-0.00849382332579263,-0.00797978031883048,-0.011390943921456,-0.026101040531551
1444,-0.01281500297786,-0.0370642259824068,-0.00813427812115223,0.00143475195358345
1445,-0.0079348912780631,-0.0296908041850243,-0.00351232878344827,-0.0142632874471136
1446,-0.023949202106573,0.0226137898066943,0.0109033961414535,-0.00400367598791937
1447,-0.00389778846946589,-0.00897480716330169,-0.00552793085599522,0.0089292178656272
1448,-0.00431382005317931,-0.0138951174407706,-0.000681643568036125,-0.00123662505365066
1449,-0.0001829004043989,-0.000285465421405771,0.00232107508835308,0.00103966067290446
1450,-0.026520587251059,0.0206035287156929,0.0134788256880389,-0.00956667245145471
1451,-0.0102430582492668,0.00545511775690897,-0.0360614278241359,0.00421413032651693
1452,-0.0126675533042166,0.00340464363553473,-0.0318857533890342,-0.00727485982559055
1453,-0.00758661136930301,0.00240506769426012,-0.0218884064461158,0.00180799678258382
1454,-0.0273832316810704,0.0208120549650442,0.0166268506500298,-0.00151334383729132
1455,-0.00786075602386349,-0.0219284066935696,-0.0063607573577832,0.00391478350085479
1456,-0.0196843979478079,0.0183633667623304,-0.00651548491737628,0.00268360186711128
1457,-0.02244684598764,0.0193337667084059,0.00676324819598125,-0.025221071652002
1458,-0.0154129249403413,0.0109422047229784,-0.0254094649297416,-0.00544509939757529
1459,-0.0242464294083031,0.0113950275363881,0.018439601942592,0.00601128641368853
1460,-0.0157140753501922,0.0159489099914246,-0.00697046462526066,-0.0141043201613118
1461,-0.0152548712665296,0.0152190111592321,-0.0108928255768882,-0.0246130962933742
1462,-0.0104824697645583,0.00254091928842599,-0.0344936327649575,0.00425798226495561
1463,-0.0136298250041195,0.00639918352723308,-0.0299073230950764,0.00182160291297804
1464,-0.0216670465344609,-0.015865529087997,0.0152637981616375,0.022226040464746
1465,-0.00714172520330856,0.00227009547949332,-0.0241832844580918,-0.00427616936675348
1466,-0.00877246086493518,-0.028051351818919,-0.0103152955931281,0.00474068670512285
1467,-0.0229495730611898,0.0230070210484416,0.00210110441332071,-0.00305914301850814
1468,-0.014191307965549,0.00912659020788763,-0.0254304078465241,0.00228164626938658
1469,-0.00716238377065513,0.00677710878607393,-0.0221281635770869,-0.00926504922449001
1470,-0.0143123985210925,-0.0146228820808781,-0.00319122630478208,0.0123309398567598
1471,-0.0133197696409959,0.00338009819357615,-0.0222491137315853,0.00863309693904125
1472,-0.00666057552860868,0.00593716182502118,-0.0270864873540184,0.00247384238353982
1473,-0.0179279197271046,0.0123660197732014,-0.00297197885290338,-0.0236839833109642
1474,-0.00983594922795584,0.0221564964993616,-0.0268127757040177,0.00481303046259374
1475,-0.0115499302813233,0.00539984669079047,-0.0309080648438333,0.00690965518587408
1476,-0.00995015144506864,0.0110401052911394,-0.0317966273737431,-0.0203274790355979
1477,-0.0243572929431138,0.0240731265439561,0.00472853498582256,-0.00961711424801022
1478,-0.0120329909030906,0.00156499256521804,-0.0140671316542162,0.0133939611033784
1479,-0.029363114433971,0.0220378897328813,0.0203861210902318,-0.00307420278747601
1480,-0.0170242974140436,-0.017068117810511,-0.00455778287853667,0.0326248286493539
1481,-0.012306226514277,-0.010786303107133,-0.0353312910088232,0.0155632912620217
1482,-0.00724888546681461,-0.0164392472334052,-0.0140301073500839,0.00600907185683069
1483,-0.0178410933401016,0.00483369928659204,-0.0230282875946395,0.011836314989145
1484,-0.0221821988409533,0.013456052612708,-0.00973696610823413,-0.00253536602512892
1485,-0.0198143179327003,0.0204030389520446,-0.00288847844410012,-0.0160937337284005
1486,-0.0306372471618772,0.012022489437719,0.0289724322078663,0.00807656693548835
1487,-0.0215764651093697,0.0127390613754487,-0.00542351550121423,0.0239865083263876
1488,-0.0221549530889049,0.022425870839486,-0.00242703189505791,0.0150472232167086
1489,-0.0144430824265875,-0.00685210544056932,-0.0300027477779182,0.0228887731148606
1490,-0.000888060417000161,-0.00201550544658973,-0.00233394481190651,0.0018945574266092
1491,-0.0117454668296606,0.0186268460003107,-0.0101278772455411,-0.00831869934561389
1492,-0.00984354559906801,-0.0121007460710003,-0.0188602100260751,0.0260469318022543
1493,-0.028567560104664,0.0211368974109439,0.0207352053499353,0.00539886554768359
1494,-0.0104505367817207,0.0118923752005749,-0.0308598770359589,-0.0092211184121775
1495,-0.0210832786532797,0.00510773494603063,0.0130608526317983,0.010290776221308
1496,-0.0126636784083537,-0.00613360617580247,-0.0370981866961493,0.00550209501141674
1497,-0.000378991453618866,-0.000117894623155577,-0.00107052595621629,0.00049438055106394
1498,-0.0129206942199573,-0.0199074116304439,-0.00245665676292338,-0.00200677326142901
1499,-0.00566953803906834,-0.000976748933080938,-0.018054732101052,0.00160694543681006
1500,-0.0204280797669344,-0.0121303360649371,0.000253465242049186,0.0242341204907714
1501,-0.0232205583204924,-0.00808020608139121,0.0157246877722471,0.0328036151426688
1502,-0.000359902165758786,-0.00114280930182717,-0.0028440409554368,3.28146805623417e-05
1503,-0.0269392455249218,0.0151791450549301,0.0181703226092452,0.016997746747045
1504,-0.0122877123310849,0.0108163685810312,-0.0148188504470696,0.0015759061921117
1505,-0.0262508507504019,0.00534194554064716,0.0118294271918311,0.0260459445112464
1506,-0.0127400203613511,-0.000347983204394148,-0.0394987687241178,0.00231167372093092
1507,-0.0199191191801262,-0.0154373572454123,-0.00854620752766384,0.0258669574168867
1508,-0.0172319537709288,0.0210830350698099,-0.00150223429699981,-0.00617132692771707
1509,-0.0243666743262571,0.0229491343272628,0.00980633798451985,-0.00135953498617181
1510,-0.0135582795158435,0.0148125756065364,-0.0253088584878068,0.00102861153228839
1511,-0.0141872270928545,0.00242366809823595,-0.0238100865350536,0.00447555545333101
1512,-0.0198283641612647,-0.00546009976820907,-0.00568030666491863,0.0185374084377055
1513,-0.018119285387998,-0.029373700088846,0.0146405409567277,0.0117390859207446
1514,-0.0105035423632306,-0.0267597247260269,-0.0179646534382594,0.016473750624768
1515,-0.0046524914190244,-0.00974283541244216,-0.00975705521723825,7.43843200282639e-05
1516,-0.000948416578448793,-0.00170919295167734,-0.001259614248706,-0.00074298078605166
1517,-0.0268574567698872,0.0175588823422026,0.019214012693038,-0.00257414951694987
1518,-0.0146111955403321,-0.00228126606790868,-0.0314834368496836,-0.0163069244994221
1519,-0.0119216574846854,0.0099006772942226,-0.0169536017588304,-0.0139769810258001
1520,-0.00408444346535527,-0.0104030152431079,-0.00767671261765629,0.00372617006656851
1521,-0.0060306434806737,-0.0153962662288591,-0.00548364686726959,0.00694649431883889
1522,-0.0163673421438183,-0.00123630415838132,-0.0250771967880851,0.017978056456452
1523,-0.00203951690189741,-0.0010212649866508,-0.00191994981469253,0.00452211507157577
1524,-0.0176411851525422,-0.0191276501986424,-0.00878129599439084,0.0295677220083472
1525,-0.0169065596022203,-0.0033136777119006,-0.0133539093464625,0.00156237884056012
1526,-0.00489608918880275,-0.00169238942052409,-0.00387751641403891,0.0056865242166981
1527,-0.0273879081941684,0.0191976531690421,0.0131328639195677,0.00700248257454338
1528,-0.00304028365946466,-0.00814835099067448,-0.0071275184010016,-0.000590516043081325
1529,-0.0140537610007544,0.0136946638391,-0.0242417014916448,0.00358365855553408
1530,-0.00463908812897328,-0.00778872149123589,-0.0162071829350067,0.000513747964241425
1531,-0.0153853911609244,0.0119391435927628,-0.0154608202937793,-0.00315472359861306
1532,-0.00939342518804015,-0.0101298899761868,-0.0173279542655894,0.00879110846536837
1533,-0.011367083651598,-0.0263234869363457,-0.016664479841366,0.0018366697166365
1534,-0.0155122045012218,-0.0246130849728539,-0.00588046877178596,0.0285873778331438
1535,-0.00756438009941274,-0.000799754389275201,-0.0110409776205974,0.0149965735756826
1536,-0.0208346273365371,0.00811335414194921,-0.0123133941747433,0.0280023843544673
1537,-0.0271703715998123,0.00593813057883335,0.0285865837553466,0.0201896640388032
1538,-0.0289719983747585,0.0119822805882207,0.0246572773258657,0.00533421360309543
1539,-0.00512077730711224,-0.00917237882447595,-0.0124390742786364,-0.00228849578757207
1540,-0.0211597250884141,0.0198927949385413,0.00615909890223646,-0.0182122264755752
1541,-0.0094104682675004,-0.0153503318514874,-0.0173082003400971,-0.00028090923626265
1542,-0.0233746834128419,0.00105966239725851,0.0010371449774415,0.0331473976573002
1543,-0.00468297807585213,0.00735179255844498,-0.0148468516157235,0.00766430209569213
1544,-0.0237875002194295,0.0100870886669933,-0.00426090029412591,0.0240991739496013
1545,-0.00958880623733624,0.0203917300380815,-0.024831906488634,-0.00761366286690564
1546,-0.0275798148403984,0.0161047335381737,0.0182062585599031,0.0193215398677696
1547,-0.0190089791549754,-0.0178740565067799,-0.00403352174229409,0.0229255965119901
1548,-0.013314085856617,-0.0361674130942021,-0.00985832930719326,0.00248317953743594
1549,-0.000806363371549483,-0.0013669342121382,-0.00165989603905516,-0.000788400781386649
1550,-0.0159701723822063,-0.0019375721427299,-0.0236395519427216,0.0147149632810346
1551,-0.0185792404024291,0.0221523069649909,-0.0119926073123304,0.00233407672958173
1552,-0.0175238714584004,0.0100188106352199,-0.0313550214403636,-0.00600416465772757
1553,-0.0184016964512786,0.0126202255708224,-0.0176182140844342,0.0034642489807891
1554,-0.0187595654248697,0.0152839413003702,-0.00448710312769024,-0.0201258262338375
1555,-0.00567543364895467,0.00280712795755591,-0.00710795278291165,-0.0195134033926195
1556,-0.0235550125986077,0.00977541069319659,-0.00594811377694609,0.0211904843633989
1557,-0.023596032188934,-0.00690459722013724,0.0168551049167646,0.0247817197742828
1558,-0.00840282314954214,-0.0279767760967955,-0.0179329398573726,0.0108996428124648
1559,-0.00993918672469497,-0.020665302746157,-0.0198941323271841,0.0127820760166002
1560,-0.0189513481001834,-0.0189167229038942,0.012211761061376,0.0190451855204969
1561,-0.0186397580926775,-0.00984733401946338,-0.00802997474255117,0.0289861608953938
1562,-0.0123141281444091,0.012997566990365,-0.0273650900585254,-0.0223447276879403
1563,-0.00938414461444785,0.0101771798732202,-0.0428915029318987,0.00138149350018552
1564,-0.0297539534020229,0.0187511042759332,0.0183837040779408,0.0219280733785315
1565,-0.00879565787955511,0.0104998375494997,-0.0236628067198969,-0.00124229703339247
1566,-0.000200630574947104,-0.000160854128760095,0.000334399141865498,-0.0017767364577396
1567,-0.0226364824771196,0.0110071001071001,0.00692899201982564,0.0104593396124093
1568,-0.0158962580953076,0.00440229780773269,-0.0238135312737769,-0.00199160109123989
1569,-0.00047034501316556,-0.00171223623678386,-0.000876754537882416,-0.000349401118654603
1570,-0.0047240471043507,-0.0132931049700295,-0.0104663491679802,-0.00440676995233685
1571,-0.0204465185806779,0.0187029568119625,0.00499777024590962,-0.00399727547832862
1572,-0.00261169858379062,-0.000775358817883869,-0.0041855500795056,0.00294016510769979
1573,-0.0226756518004973,-0.0139807727591566,0.0161048086971946,0.0322046686450894
1574,-0.0006077201770209,0.00178427331378495,-0.00029215766427801,-0.00519896700062395
1575,-0.0259742638895036,0.0230418008180977,0.0106374916378931,0.00580237762456657
1576,-0.0232706036473697,0.0219677043438227,0.00549373552937383,-0.0120594258987154
1577,-0.000551164701385547,-0.0010201733598582,0.00167331196314465,-0.00243153830537099
1578,-0.00851128301315608,-0.0156610294971603,-0.00819973901275909,0.0143590933749916
1579,-0.0146632829014313,0.00643446637951484,-0.0248456723647487,0.0118824911624123
1580,-0.0177120884331423,8.71126020870877e-05,-0.0165272848578342,0.0241061460519585
1581,-0.00555069115880584,-0.0185332261728959,-0.011859965722505,0.00985365186432295
1582,-0.0260369243077661,0.00755984936901912,0.0223765285630392,0.0130661509266707
1583,-0.0182231491564774,-0.022411245301557,-0.00791303044862088,0.0326097171491053
1584,-0.00707281434888662,0.00998196616876526,-0.0260150763776814,-0.000745592843628134
1585,-0.0273169875967829,0.0113546968989118,0.0279026622537007,0.0202575165658962
1586,-0.0112591366214055,-0.0274775824657,-0.0192119800314253,0.0167036653505729
1587,-0.0186222606448875,-0.0241662847471101,-0.00508081556933752,0.0307911090737505
1588,-0.0176543916431497,-0.0013958152509726,-0.0124212869712009,0.0315236338567421
1589,-0.00499179791486805,0.00192069271783415,-0.0126496756666619,-0.000318403618451506
1590,-0.00047462488048139,-0.00104516711574745,0.00308506558634684,0.00362496772753987
1591,-0.00446227369692819,-0.0148195696719373,-0.000416482792659947,-0.000464595436678318
1592,-0.0118487636957859,0.0086867861233989,-0.028351341141222,-0.016620189249999
1593,-0.00769333183920174,0.0170065524176295,-0.0314714736851553,0.0181128457156527
1594,-0.0233011890970374,0.00477519107003868,0.00806766648178512,0.020063916326282
1595,-0.027286545479599,0.0138398307275165,0.0212161808816682,-0.00718822458387553
1596,-0.00301352795517777,-0.00895271760128472,-0.00698198904679201,-0.00211281030060571
1597,-0.0082044882861732,0.00482034654101463,-0.0281278295322573,-0.0225238283961123
1598,-0.014786244764314,0.0172854359441535,-0.0202799961504914,-0.0056947549259632
1599,-0.0169966932524865,0.0214464812981046,-0.0221372147476672,0.026270111775595
1600,-0.0236302996491302,0.0194075206550853,0.00752340585701856,-0.00108006461399268
1601,-0.0106437544687216,-0.0136012955793484,-0.0270567526877299,-0.0013103185811283
1602,-0.010562174118557,0.00471953368785274,-0.0173330189465315,-0.0170625887136209
1603,-0.015451155612993,-0.00891884374638332,-0.0344281270261152,0.0318382905596461
1604,-0.0139057416829553,-0.032396601372758,-0.00497601921385506,0.0191849686950333
1605,-0.00967777638659215,0.00192474754057916,-0.0197736943787227,0.00712010806295044
1606,-0.0162006780732056,0.0158345600588267,-0.0119067142610014,-0.0162483916588291
1607,-0.000568487180428299,-0.000176841934733365,-0.00160578893432444,0.000741570826595911
1608,-0.00505480450211318,-0.0159504409131673,-0.0188622379234699,-0.000741459827972335
1609,-0.0204768507553631,0.019368632425759,-0.00218932829817216,-0.013947830878246
1610,-0.00487617981106946,-0.00939422519922044,-0.00229120645964276,0.00386798684375869
1611,-0.00947592569980437,0.0107625916491663,-0.0188452758264256,-0.0222989574745708
1612,-0.0138603848390833,0.0115302467145434,-0.0165890473977557,-0.00807988643051026
1613,-0.000320592536387543,-0.000449373178320536,-0.000919602170270315,-6.26476729894937e-07
1614,-0.0213339213986713,0.0170626682148052,-0.0106730654929115,0.0115649224271227
1615,-0.0161556939840705,0.0183159442058333,-0.0119381476584994,-0.0121330795234567
1616,-0.00516306786921495,-0.00689729864483946,-0.00422392969583944,-0.00121773296616672
1617,-0.0025041225752019,-0.0052664068858524,-0.00330684829334981,-0.0012140014626237
1618,-0.0206399276846207,0.0115156334494667,0.0111422693221758,0.00296831894773115
1619,-0.0279508100271594,0.0164003448414238,0.015614603975292,0.0180381289038459
1620,-0.0219439446129977,-0.0010359755251695,0.0113234301411231,-0.00413689295922972
1621,-0.000522422629145188,-0.00115035882912288,0.00213770300784562,0.00433657689096221
1622,-0.0172787885590623,-0.032440236240118,0.0117037950979882,0.016547142440588
1623,-0.0114676701975877,-0.0158192820774419,-0.0176530574457907,0.000108039926660048
1624,-0.019549687351726,0.020827071268573,-0.00944262300510192,-0.0089446855037562
1625,-0.00426920372387138,-0.00400804462701898,-0.00952180744586205,-0.00230632590455305
1626,-0.015840425857979,-0.0222592538982489,-0.00841598244975075,0.0275391382312635
1627,-0.000619826730324932,-0.00175318918574926,-0.00378211563292309,-0.000788130905405659
1628,-0.00111593091201981,-0.00164594515639946,-0.000364200875520459,-0.00150663284570475
1629,-0.0241066736403569,-0.00650420793270697,0.00191705420703751,0.0128509621945981
1630,-0.00895830260279063,-0.00400260126497743,-0.0193978442380931,-0.00148514687893784
1631,-0.0224712480572169,0.0170909535674402,-0.00106662631605663,0.00918018825502994
1632,-0.0168971172204678,0.0181400811920982,-0.0202831501713927,-0.00666571929919518
1633,-0.0162686505138534,0.00373692414360705,-0.0200001253515008,0.0111577238874215
1634,-0.0248266556007269,0.0201632219517549,0.0131130095114797,-0.00524111589742491
1635,-0.0148659501355719,0.00836766401742553,-0.0250997769720742,-0.00741532734156606
1636,-0.00701610818320451,-0.00370096217131481,-0.0135308851795244,0.00997371781779885
1637,-0.00979077970559739,-0.0360780520350242,0.0034066296965054,-0.0114550430432259
1638,-0.0198837936561436,-0.00559246898674757,-0.00871021778451526,0.0330682503859622
1639,-0.00620242142907887,-0.0177507524325024,-0.0102243809148108,0.0029522160205813
1640,-0.0128108897851752,-0.0136374715133776,-0.0221222580420758,0.00276333042827393
1641,-0.00826122863567585,-0.0120001634721632,-0.0113092636819587,0.0174192504098892
1642,-0.000193056785777137,0.00122747305456496,-0.00124058101655229,0.000240164503466379
1643,-0.0141674317880242,-0.0041845187115609,-0.022412998645577,0.0240130630506647
1644,-0.00433377393140187,-0.00394265401750112,-0.0118539242375959,8.28846253318186e-05
1646,-0.0149536457690848,-0.000132389667234335,-0.0338994899889399,0.0189666410801029
1647,-0.00514816159384948,-0.00151525604317177,-0.0186498098216289,0.00142409207395455
1648,-0.0180654751245461,0.00198435433898261,-0.0165174758952871,0.0196007315797283
1649,-0.0077177555059473,0.00655964960223466,-0.0260440312969894,0.00433967920282568
1650,-0.00547598024191537,-0.00356510355520048,-0.0154244953279772,-0.00485792733814087
1651,-0.0193430216487511,-0.0219647569628741,-0.0103723268372384,0.019569538010486
1652,-0.010073671607829,-0.0183894573138176,-0.0142411134897899,0.0089764196821198
1653,-0.000705395898318322,-0.000961216040754758,-0.000133492641922594,-0.00676570560193552
1654,-0.0143747772313078,0.0179858999790839,-0.0147369763645386,-0.0262344692591754
1655,-0.000346473828132288,0.001961853925617,0.000739257014150657,0.00204762710898819
1656,-0.0169897966737142,0.0208444330248463,-0.0160175077173735,-0.0115166059455607
1657,-0.0262618796073528,0.0010704003871741,0.019378760295402,0.0209678152700299
1658,-0.0180425633459159,0.0134263211529241,-0.0224473805008668,0.0104031002280579
1659,-0.0161060514813642,-0.0171556104770481,-0.0149691112366846,0.022596731343818
1660,-0.00959109009989496,0.00598962294072404,-0.0341415742154029,-0.00711581793103955
1661,-0.00849475215379643,0.00400078606159163,-0.0307603580025247,0.0130752609084735
1662,-0.0190096823873215,-0.00609729890956623,-0.0111406843498001,0.028217938719219
1663,-0.0148671035324077,-0.0093306487094661,-0.0125050495904527,0.00662203341229361
1664,-0.000533216633253454,0.000826350561176112,0.00136679673156725,0.00329215982124091
1665,-0.000315416993589949,-0.000725419168884095,-0.00226304926035814,-0.00113308775489675
1666,-0.00943109135425549,-0.0327102277723293,-0.0132795743514839,0.0108960415182675
1667,-0.0240938758089971,0.0047029631527764,-0.00197808800605011,0.0170263059670938
1668,-0.0061369115872523,-0.0183544736150453,-0.00902122781157816,0.000509593719901475
1669,-0.0154796781603859,0.00236017602600729,-0.0210202889687278,-0.0286865423833551
1670,-0.00178277111326832,0.0010252620654858,-0.00426020933122428,-0.00717668712566159
1671,-0.00340702754456726,-0.0105070866607114,-0.00586708130523751,-0.00246975670206406
1672,-0.000414820892551485,-0.00239122592051106,-0.00129899438809653,-0.0018600318407729
1673,-0.000378991453618866,-0.000117894623155577,-0.00107052595621629,0.00049438055106394
1674,-0.00320391625419017,-0.00536303486457033,-0.00731505709578489,-0.00466968074280614
1675,-0.0092967469034065,0.00623565000624976,-0.0338927710861084,0.0145284611621412
1676,-0.010148550717367,0.0109490699612547,-0.0327586025529299,0.00637704888750549
1677,-0.0132759301957834,-0.0215427411610495,-0.00566711417928296,0.00438373715518167
1678,-0.00896796825627312,-0.0161399670079791,-0.0088449880854743,-0.000932514742835663
1679,-0.0179317842111424,0.0138609427450051,-0.0238425453263078,-0.00625457087641233
1680,-0.00780025000534528,-0.0278773556255904,0.0110891648787523,0.00360665865137715
1681,-0.0118697373863001,-0.0256696458376863,-0.0065420825272759,0.0136911043392503
1682,-0.00184866262964905,-0.00321780486228002,0.000942210863026408,-0.000899577428518302
1683,-0.0110040564800532,0.0133117299614518,-0.0141966811072017,-0.0228215434895068
1684,-0.0104922715710728,0.0161630105927989,-0.0270028608220893,0.00313280314644254
1685,-0.00400811855448244,-0.000698269926477878,-0.0109805985085509,0.00302395928972933
1686,-0.0128941895250144,-0.0294522063109507,0.00848128667123903,0.000850871572990836
1687,-0.0171716379243655,0.0194867375062398,-0.020038517095004,0.00368198060978222
1688,-0.00751623166980656,0.00721559460424347,-0.0241351302911931,-0.0146178445656928
1689,-0.000250237491490288,-0.00203835109765053,0.000670330187182033,-0.00132757986264986
1690,-0.00855992712314674,0.00909786741199767,-0.0267394610531298,-0.000639508167735634
1691,-0.0165153702788237,-0.00798087126904414,-0.0228304404393202,0.0223288005694763
1692,-0.00246430179035967,-0.00552361258008164,-0.0043322153631549,-0.00489092895098988
1693,-0.0036015273793824,-0.0105386614735847,-0.0110546790200593,-0.0032101855783222
1694,-0.0231541040969469,0.00523730296840104,-0.00628082915829545,0.0341717340917054
1695,-0.00732190520989326,-0.00974938780890906,-0.016818654295315,0.00606674520768695
1696,-0.0164730020187851,-0.0172107637090957,-0.01343177478513,0.0307246217650777
1697,-0.0203317307492642,0.0197932604323253,-0.00448717706890975,-0.0141232281131718
1698,-0.00122809289681699,-0.00261619094540665,-0.00323213030190227,-0.000133728115300698
1699,-0.00171941966629434,0.00721404275326223,-0.00842129433928244,0.0011870316112737
1700,-0.00698301425432309,-0.0195812502735856,-0.0116064026510288,0.0208261046825243
1701,-0.00690094978460602,-0.0128912523644109,-0.0152508524321577,0.0177485609118762
1702,-0.0100887957491312,0.00767079586068678,-0.039134655089242,-0.0128005856987661
1703,-0.0133686883610196,0.0182919559180209,-0.0145029613006308,-0.0257784895385023
1704,-0.022489053250952,0.00222596833032479,0.00673927958635337,0.023396342213623
1705,-0.0213260561034319,0.00715895386557455,-0.00242136005156863,0.0245897093882344
1706,-0.02436903473619,0.000544226020085647,0.0167834567026645,0.0284317285284057
1707,-0.00178222637192055,0.00158590173296804,-0.00591429654333557,0.000624341896165695
1708,-0.0087206281480341,0.0158035988389215,-0.0262412364974206,0.0167948548217547
1709,-0.0147165626926949,0.00932085392534815,-0.0286149707907485,0.02035107151057
1710,-0.012855767044538,-0.0250450129286081,-0.00264761284837029,0.00113528879882872
1711,-0.000609941379879653,-0.0012680737339418,-0.000978584041618796,0.00047247356061299
1712,-0.00242211422274661,-0.00210724915045437,-0.00389882286854171,-0.00161923711052858
1713,-0.0231879719391657,0.0176010398705116,0.00599372818959347,0.0164680457679499
1714,-0.00658474444077989,-0.0193994342766615,-0.00163876680825779,-0.000189656277359037
1715,-0.0173780020704657,0.0153783513852448,-0.0125403199046282,-0.00666190801960132
1716,-0.0172925442475193,0.0136242955176869,-0.0258586381624559,0.0177634372373849
1717,-0.0114487902523556,-0.0221811840526616,-0.015802011487583,-0.00226700779647214
1718,-0.0159609997638016,-0.024688755991063,-0.0180393162204119,0.0268511978607401
1719,-0.00659151558827064,-0.0156034623752466,-0.00974963457292496,0.00459234447723708
1720,-0.00395760008062078,-0.0056579140566247,-0.00298315119586313,-0.00344208705599392
1721,-0.0141049606375931,-0.0322368993533581,-0.00139971240280181,0.0443676908646908
1722,-0.000381839999082574,-0.00095894131025019,0.00852180105053327,0.00519349702326083
1723,-0.00831716052710378,-0.0101691672159571,-0.0147179842264052,0.0126135984312497
1724,-0.00194065612418257,-0.00291603049926314,-0.00586163033395237,-0.00441964052301622
1725,-0.0160497393027078,-0.0249001280201434,-0.002934289974605,0.0200271521038833
1726,-0.000188324381791764,0.0006169119439475,-0.000806865894365162,0.00159986146061557
1727,-0.00844888627127388,-0.015901735532316,-0.00549463991812959,0.00219566026630714
1728,-0.0232300650841877,0.0157286730893031,-0.0109225899521318,-0.00362284868521652
1729,-0.000568487180428299,-0.000176841934733365,-0.00160578893432444,0.000741570826595911
1730,-0.0249151264313134,0.0206744008334635,0.0127361345550138,-0.00736241822624468
1731,-0.0122432737548588,-0.0285979878210432,-0.00883417278648361,0.011137120590348
1732,-0.0197742729878078,0.0209657858317756,0.00368274268237956,-0.00144233327763359
1733,-0.0276138234470315,0.00914413420323936,0.0266780341054392,0.00897013590346735
1734,-0.018011035101946,-0.0286200083390084,0.0191492523389281,-0.0214322292987778
1735,-0.0225718720285561,-0.00716680689283261,0.00462720303636083,0.0344690864135639
1736,-0.000338436875575032,0.000747328888493297,-0.000349436990266738,0.00130323763931041
1737,-0.02292178448752,-0.00249657190438259,0.0183908616922533,0.0273416572907539
1738,-0.0194130727702888,0.0272014202610694,-0.012311440026418,-0.0121747136048365
1739,-0.0192462226744749,0.0258886128731263,-0.010685779887882,-0.00672099788106431
1740,-0.0164630010257602,-0.00389199493053109,-0.0251230997390655,0.0066680419691431
1741,-0.0156038431294564,0.0154630441076413,-0.0169309411970986,-0.0184949961671058
1742,-0.0269727525275058,0.0114774527957407,0.0167231131041947,-0.00754531441966104
1743,-0.0115958372476606,-0.0230237890561705,0.000286272987673936,0.0225631458430868
1744,-0.0279375651659155,0.0194431532596532,0.0166979023947531,0.0192694507218581
1745,-0.0135259344941521,-0.0139798817224966,0.00405659534873742,-0.034621274700544
1746,-0.0135483565182771,-0.0323153643830823,-0.0157447372551208,-0.0133288048952496
1747,-0.00820608503909997,-0.0272262321835736,-0.0114786570956742,-0.013273739733244
1748,-0.0237609285327717,-0.0182824942279284,0.0173339603013521,-0.0155283824285723
1749,-0.0104403661617808,-0.0192416507415674,-0.013301360764286,-0.0146523710368557
1750,-0.0130791494881433,-0.0443290259159164,0.0147383352390237,-0.00133238873760941
1751,-0.000951438040240969,-0.0007580363506612,-0.00260417439366751,-7.206954180409e-05
1752,-0.0234496449277695,-0.0116466454701725,0.0182460500707379,-0.0239226702142185
1753,-0.00979457140008907,-0.0292388199107596,-0.0147805406047013,-0.01956481359641
1754,-0.00686258568571153,-0.0236929678681197,-0.000569784788176046,-0.00766295618801199
1755,-0.0147389589954214,-0.0397342599702506,-0.0109711332953981,-0.0227073251633789
1756,-0.0141813947310378,-0.0501975062017649,0.00529565834883325,-0.00128278602213307
1757,-0.0142437721032027,-0.042235579824211,3.79505465010395e-05,-0.0163801891938257
1758,-0.0137163474668007,-0.0300783348280926,-0.0212975280598052,-0.02470399783622
1759,-0.0144759635906852,-0.0441789698606116,0.0114770141484825,0.00230915741612962
1760,-0.0197816422101424,-0.0319879320558515,0.0149359619046686,-0.00896528419055516
1761,-0.0146902625798218,-0.0398195533898266,-0.00160064446410886,-0.0089896775830099
1762,-0.0171149309898076,-0.0359817999521419,0.0106465166285358,-0.00767993780853652
1763,-0.0164837805184853,-0.0411596008047724,-0.00134916835961706,-0.00409079866551319
1764,-0.0127738784116234,-0.0259342377108844,-0.017618735330081,-0.00485901382102458
1765,-0.0233769564217399,-0.0174876096296006,0.0209579990336201,-0.00683144782867403
1766,-0.0242359530707069,-0.0182236561944073,0.0223377700978818,0.00520601563593336
1767,-0.0180736947877334,-0.0333825718510442,0.0106286189748653,0.00359649609390668
1768,-0.0263840149971667,-0.00286191698976374,0.019093618139014,-0.00852606576425001
1769,-0.0184526691243804,-0.0307577698185605,0.0074216149947013,-0.00977813772498659
1770,-0.0200667373033626,-0.0369537073604101,0.0139666603266926,-0.000827814492801787
1771,-0.0239820803629296,-0.0171012663540261,0.0203163654664986,-0.00168834203740251
1772,-0.0169617667336647,-0.0214627027849346,-0.0197685448428173,-0.0157782354072347
1773,-0.0235166292280648,-0.0171110045239119,0.0249617567787157,0.0082235791299495
1774,-0.0286612223590216,0.00816215899875614,0.0294337126942285,-0.00875590230084835
1775,-0.0290674899138066,0.0193385636321388,0.0244528245207784,-0.00198674452554678
1776,-0.024193853845826,-0.00216045990522068,0.0128459338482148,0.0176734245204337
1777,-0.0262458518100511,-0.00238659326815981,0.0215822540788773,0.0196006654766957
1778,-0.0263939662055042,0.00543155149906674,0.0198041956702771,0.0241890789980683
1779,-0.0225813947762607,-0.000696361936665333,0.00259311005829886,0.0273482161861445
1780,-0.0261637623594034,0.00788490336066925,0.0234436577399254,0.0159633148687366
1781,-0.0266804661994315,-0.00193771360276022,0.0212722723741416,0.0205036121735138
1782,-0.0299969644245517,0.0191632632808696,0.0230935944263476,0.0125351125886793
1783,-0.0261365299316793,0.00566905025039175,0.0119404559185776,0.0260492090518528
1784,-0.0219757093703142,-0.0204629880779463,0.015036271455214,0.00247130110809762
1785,-0.0173521832840077,-0.0326492085585306,0.0151186534887625,-0.0225381529563104
1786,-0.0253204692282577,0.00252286094884047,0.0289553259850425,-0.0101361934788446
1787,-0.0169775862402116,-0.0260071365584512,-0.00365084102481856,0.0235490998325663
1788,-0.022229754635757,0.0156550788604193,-0.00531833247190352,-0.0280369890552882
1789,-0.0284589808771595,0.0205245709942097,0.0184654247034521,0.0105449110835968
1790,-0.01561136242884,0.0162390520484784,0.0024431966906451,-0.0121531614741206
1791,-0.0175457948370509,0.0166884402507681,0.0033923467609974,-0.014719966673765
1792,-0.0144870591188014,0.0137358538856054,-0.000890699307525611,-0.0168399601655289
1793,-0.0130790170953408,0.0139125151832293,0.00043934621034124,-0.0146788005018939
1794,-0.0141644534504543,0.0189544611982045,7.48248552327445e-05,-0.0111424181504238
1795,-0.0207483961997547,0.0198857834285222,0.003195757983243,-0.010646986428803
1796,-0.0149254461078065,0.0196996415193242,-0.00674152811843966,-0.0102273942349381
1797,-0.0134046131356339,0.0147406266979332,3.67485183596232e-05,-0.0112238392947924
1798,-0.0142828949566533,0.0204381563512535,5.97113600508055e-05,-0.0153182618658901
1799,-0.0117146402113166,0.0187191014355031,-0.00625574821165906,-0.011265535812888
1800,-0.0122585348564331,0.0209704868785475,-0.00253713722145109,-0.0112893680213645
1801,-0.0115316280889157,0.0205672932357629,-0.00467728037308779,-0.0118633786980071
1802,-0.00994316208174979,0.0177577748530061,-0.00584399930881747,-0.00858364345283303
1803,-0.0263816386172315,0.014847665929897,0.0235526166452313,-0.0181028029541172
1804,-0.017902552598088,0.0213197523807072,-0.0047347876783376,-0.0104179382331189
1805,-0.011324674017488,0.00506706221900249,-0.00461537032855589,-0.0213898999036626
1806,-0.0136317403933003,0.0228020360288899,-0.00747895066090491,-0.00962560386699448
1807,-0.0125238082469072,0.0213968068524968,-0.00428316819543795,-0.0129072078582475
1808,-0.0124938793618619,0.0090961413784181,-0.00776042620403014,-0.0154290141937026
1809,-0.00885147354992595,-0.00168861469713195,-0.0112007251627019,-0.0147618631997148
1810,-0.00284941018284937,-0.00200008286081158,-0.00437877356605275,-0.00606431183792714
1811,-0.00284054411273556,-0.00280792626557233,-0.00281332552686125,-0.00775407387390152
1812,-0.0174605550073247,0.0197622043116788,-0.00315486593103695,-0.0164084996317328
1813,-0.0117350677087812,0.0217082983983355,-0.00764329214968373,-0.0106791215192667
1814,-0.00933408444545306,0.0192418734393019,-0.0104086259553559,-0.0103483229502497
1815,-0.026051365686284,0.0149689070660285,0.0180620541328469,-0.012588081516795
1816,-0.0144041424850725,0.019314312686989,-0.0112060381448511,-0.0106357614377713
1817,-0.00972038933106583,0.0118075791902702,-0.0169815728815949,-0.00869529802450418
1818,-0.0289819819367416,0.0127681092817113,0.030974452676528,-0.0102988273649606
1819,-0.00975748211284275,0.000765537876804568,-0.00696484568568475,-0.00928547837353882
1820,-0.015832194829078,0.0120585520941644,-0.0136662358780108,-0.0165121133266466
1821,-0.0275977319541781,0.0233731075476817,0.0143952171489664,-0.00934634954172663
1822,-0.0246336150778961,0.0250181968556905,0.00865262578557817,-0.00980980223819716
1823,-0.0208183239234563,0.0250700955782465,-0.00324789433941827,-0.00869972849466871
1824,-0.0227228943306717,0.0182528210874258,0.0102405759579932,-0.014967101911531
1825,-0.0161449787065401,0.0175498465247476,-0.00729194724611424,-0.0105962063288996
1826,-0.0231403067319785,0.0215096210950705,-0.000770164017542013,-0.00839400470748971
1827,-0.0239093212455014,0.0212318351727733,0.0035358070961862,-0.00957169392694931
1828,-0.0116916220406566,-0.00625248293265077,-0.0157217460844409,0.0141082234531551
1829,-0.00417796778398943,-0.00467187216102009,-0.000169349451293056,-0.000916652824848342
1830,-0.0186132704145948,-0.000837029130122456,-0.00288339728000716,-0.0496726874386007
1831,-0.020531477582377,-0.0247562206527277,0.0200573203986973,-0.0410487249471931
1832,-0.022687666854966,0.0219471234945427,0.00294954245961708,-0.0140109438528979
1833,-0.0211395242611259,0.0193044769595738,-0.00207577509812689,-0.0169600416202514
1834,-0.0249302862766099,0.0186220732636721,0.0169307159858986,-0.00318294454964957
1835,-0.0144623051732864,-0.00749528112795121,-0.029516459184406,-0.0191180439047691
1836,-0.0190766144724795,0.0024657083529814,-0.0107030383969585,-0.0366933338206903
1837,-0.012490079835507,0.00540384820084992,-0.0297019710406553,-0.00995642530965438
1838,-0.013560431898718,-5.86551978481076e-06,-0.0253425244684329,-0.0302802805138412
1839,-0.0239699263815578,-0.00158977181677706,0.00661696978234748,-0.0183006189422853
1840,-0.0304111346767607,0.0035643003148133,0.0325668529566895,-0.0169822098508568
1841,-0.0270415572739843,0.0032553262968043,0.023210283219669,0.0116062323203151
1842,-0.0215847298691414,0.0151045952296714,0.00565082529767067,-0.0269509768651845
1843,-0.020332881654519,-0.0158945618121342,0.0161821827306315,0.00197599516407535
1844,-0.024894641007184,0.0212236396715732,0.0148015326282835,0.00775938094951271
1845,-0.017467081540984,-0.0174705082290206,0.000482227020427162,-0.00290330564743547
1846,-0.0198213908634807,-0.00648722478657102,0.00373162319609585,0.0263775068789235
1847,-0.0154733167537977,0.0176575345291059,-0.0161667342179789,0.00806042488531312
1848,-0.0121606332898145,0.0117902340701918,-0.022969024314624,0.00833916722602953
1849,-0.0319757683245817,0.0219550507823344,0.0285251313811054,0.00600735766595876
1850,-0.0157420992301595,-0.014317484228011,-0.0287599899037159,0.00790894696040062
1851,-0.0083356259400152,-0.00640749883283336,-0.0362600893042111,-0.00398519407896426
1852,-0.0100163120016052,-0.0124081185815959,-0.0269834098918805,-0.0133140081439119
1853,-0.0190364985081469,0.0094103830672918,-0.0136904661135103,-0.0122949040549899
1854,-0.0146765575534684,0.00797844868253499,-0.0192419826390668,-0.0301169642735946
1855,-0.0102794275665969,-0.0153426787003006,-0.0323587321066573,-0.0199207610097222
1856,-0.00917342180698453,0.00797876225004767,-0.0279768461582821,-0.00149115739353236
1857,-0.0134165619647726,-0.00841471370008721,-0.0234475355351291,-0.00720261333968295
1858,-0.0154616691817698,0.0174218099531575,-0.0192961540081418,-0.022539222747913
1859,-6.79841580998054e-05,-0.000494167087239286,-0.000326341465967002,0.000429416063814674
1860,-0.0138846196738015,-0.00204324479424771,-0.0266801152334879,-0.0131990280307142
1861,-0.0149727083580117,0.0201305215164734,-0.0140723089423013,-0.0094487094123441
1862,-0.0114570649223422,0.0152731923624257,-0.034241952979545,-0.00332942112108868
1863,-0.0159365606722639,-0.00437565697979264,-0.0166543700106096,-0.0321112132885123
1864,-0.00974757264919942,-0.0078866668077282,-0.025706374145197,-0.00397176361484692
1865,-0.0128548396249442,0.000844258665209825,-0.0378266522354812,-0.0155959686124527
1866,-0.019554287493128,0.0149997023035272,-0.0165651819474785,-0.0270161099915004
1867,-0.00666437866462398,-0.00953212993411857,-0.0210464511228681,-0.01534222433908
1868,-0.0148363328886213,-0.0029362454936016,-0.0412030737946592,-0.0120121583058701
1869,-0.0105232139130984,-0.0144662896400516,-0.0301028725893057,-0.0130170856194553
1870,-0.0115476141286053,0.00693012503666615,-0.0323092054797022,-0.00506876356308383
1871,-0.0116528718345341,0.000453712656697699,-0.0288794191610759,-0.0134699938358566
1872,-0.0128884735462391,0.00354497973985217,-0.0348491046115297,-1.56326681980143e-05
1873,-0.0126539379679298,0.0123959583422561,-0.0133589809521832,-0.0232868038545738
1874,-0.0183033056465764,0.0122473944204068,-0.0050419818963278,-0.0214274341080415
1875,-0.00993154741110245,-0.00402726598157751,-0.0288211513162893,-0.0136112986792322
1876,-0.00687361905610703,-0.00912422751041868,-0.0181420529872074,-0.0187317719174685
1877,-0.0138725129888066,-0.00767141484752902,-0.0337490035492005,-0.0252789673776023
1878,-0.02498779640708,0.0226410848346878,0.00635121185117723,6.2927490606903e-05
1879,-0.0170977805713484,0.00681516207271775,-0.0284186200224165,0.00233377657760778
1880,-0.0156622418217829,0.0170693112562714,-0.0282568549222251,0.014342821865329
1881,-0.00213327010090551,0.00158784040800616,0.00486611906743154,0.00139965063238089
1882,-0.0119740100143563,-0.0261596290162864,-0.0236271201704331,0.00858164707338681
1883,-0.00184544645850261,-0.00158400636874316,-0.00563967454683388,0.00062944735748291
1884,-0.0275758252257643,0.000826701881363248,0.0272118867806741,0.0185419725506151
1885,-0.0200677167030916,-0.014746668191018,0.0108339527567321,0.0153321133596392
1886,-0.0143161374787378,-0.0420124856050878,0.0271742560475791,-0.036889445015577
1887,-0.0259049584705687,-0.00542758780075603,0.0235760845617784,0.0021248371413983
1888,-0.0151176226407411,-0.0409205954229292,0.0112852933666383,0.00702038721933855
1889,-0.0159976169782751,-0.0343098536059114,-0.000929715743287716,0.0119558360588457
1890,-0.0240554890789347,-0.0126683325388493,0.0323062235764299,0.00790230315464806
1891,-0.0206127835784778,-0.00513870079819475,-0.0214572462191921,0.0324431833507179
1892,-0.0178117112966781,0.0154376609237842,-0.0091651080114131,-0.010871220240803
1893,-0.0156900401281107,-0.0126694024372959,-0.0027594524346821,0.00887803804054661
1894,-0.00918587812291892,-0.0236551691886977,-0.0093355594603946,-0.00624979370610116
1895,-0.0121023857021865,-0.0451197776127959,0.00948436288841548,-0.00727825133674396
1896,-0.0250345785172412,-0.00262693019487302,0.0267963586209172,0.0103104317662882
1897,-0.0164706046761637,-0.00904861036616452,-0.0240344994258673,-0.0151125125233998
1898,-0.0241871638791556,0.00716517094941605,0.00113939565888485,-0.0170171412758998
1899,-0.0070161503207523,-0.0126235175492831,-0.0158711438800383,-0.00926286722171103
1900,-0.0239163729591671,0.00470744082870424,0.00130424789968962,-0.0218649146592533
1901,-0.025302852587176,0.0141011755553025,0.00550220445287366,-0.00699605287670244
1902,-0.0147372028086441,0.0156731055030272,-0.0256320858391303,-0.0111545274318021
1903,-0.0180491592658937,-1.72489309183396e-05,-0.031405681876519,-0.00535750520115538
1904,-0.0135075485879573,0.00576341504874039,-0.0421438968423196,0.00237181137767952
1905,-0.0227752699196982,0.00676897998238369,-0.00211694626167378,-0.0219307214343245
1906,-0.0082764014633095,-0.0107641409471132,-0.0201414012501019,-0.0106153868265182
1907,-0.0219470425019314,0.00266503182330688,-0.00366305106799976,-0.0271829711079388
1908,-0.014697631488671,0.00413286388364331,-0.0126760539003787,-0.0133383306144914
1909,-0.0159875630466723,0.00223657830185632,-0.0302909573598758,-0.0111743679882445
1910,-0.0182178096091122,0.00189894813392506,-0.0203045828100618,-0.0190984912768815
1911,-0.0137069905414164,0.00350148247742146,-0.0246156583101101,-0.0303025471733329
1912,-0.0117879227571875,0.00414762098950751,-0.0275246590838014,-0.00327924415014325
1913,-0.0167740370877189,0.00715608504690147,-0.0117860266957067,-0.0140757442127984
1914,-0.0193961506821901,0.0130516647758626,-0.00372317686390909,-0.0252536866888375
1915,-0.0125864997340854,-0.0063820949264753,-0.0317179867124225,-0.0119184925629156
1916,-0.0212466455412459,-8.18441585011538e-05,-0.00840981506447643,-0.0257795428224445
1917,-0.0213008379535666,0.00880279678287021,0.00121558335316196,-0.0262807864754861
1918,-0.0122229808640756,-0.014094404424001,-0.0261498364281672,-0.0249060952370018
1919,-0.017119080252552,-0.0112476247956771,-0.020300742209653,-0.0330522181796349
1920,-0.0239409547668857,0.012997248055414,0.0110039942237368,-0.00880241743547553
1921,-0.00597885926220149,-0.0117310412197875,-0.0120136586887202,-0.0108456329135603
1922,-0.0171081674764274,-0.0154030673893644,-0.0161100095963051,-0.0217857315121424
1923,-0.0087801283347628,0.00884166786476118,-0.0340099328024934,-0.00884020793795666
1924,-0.0119590113306009,-0.0264466650469312,-0.0207500242743862,0.00241492063017653
1925,-0.0217519003285009,0.0155775961175948,0.00528645493503232,-0.0235944472230234
1926,-0.0170971557556313,0.00525988189850243,-0.0248388687459106,0.0240649019445536
1927,-0.0169321943836767,0.0221793297400193,-0.00539681935485507,-0.00458044316609622
1928,-0.0249747020953663,0.00709957718935655,0.00885612455405082,0.0150628805976635
1929,-0.0259662584425662,0.0113176036980177,0.0129058521190873,0.0113149615530745
1930,-0.0206955991658854,0.0029067452218557,0.00720920151208692,-0.00497527698873494
1931,-0.0193084571823608,0.00548223560401714,-0.00717023544787031,-0.00525076318401872
1932,-0.0209305700176697,-0.00156490251566142,-0.00255348028533248,0.0329512849783644
1933,-0.0102937404883634,0.0103336705843743,-0.0163449296115318,-0.0195438369344086
1934,-0.0212603507225202,0.00209124161758884,-0.0137537777846319,0.022013779502276
1935,-0.0253554597433804,0.0215668201424421,0.0104293018078539,-0.0149016789037124
1936,-0.0184386405484279,0.00696144948771607,-0.0137087065900809,-0.036750453899231
1937,-0.01923901822554,-0.00724476044400534,-0.00766072719255737,-0.0504334524787906
1938,-0.0244713586239904,0.00794538906015282,0.0154251317402029,-0.0176313467484306
1939,-0.0131250648818887,0.0159634284237002,-0.015861196430098,-0.0151460240842544
1940,-0.0184935178162983,0.0178967230137338,-0.00947107382023855,-0.00814034893429919
1941,-0.0173837625610472,0.0196960708838641,-0.00701231571479334,-0.0117245572940024
1942,-0.0154890126989718,0.0208390183927361,-0.00874102691464069,-0.0140607426399008
1943,-0.0146066239177617,0.00637779264730706,-0.0268717118622829,-0.00245434552803815
1944,-0.0205588062118805,0.0120471571733425,-0.00267919644593619,-0.0104630838407089
1945,-0.0203698678551131,0.013257769820092,-0.0255632527194681,0.0131969583014136
1946,-0.0182006991908644,0.0185503080089584,-0.000395989054941272,-0.00394172142469725
1947,-0.00164708964138566,-0.00301454641726098,-0.00812325740311363,0.00772732593049077
1948,-0.00641843250652085,-0.00782034988401816,-0.012447161678172,0.0140550275183915
1949,-0.00375379982726028,-0.0107267720072225,0.00784781580800924,0.00339582161003638
1950,-0.0193938594161625,-0.0272534373570949,0.019817337135116,-0.00319815166628097
1951,-0.0090403547180176,-0.0320893006610801,-0.0103463044650695,-0.00606694099919561
1952,-0.0183880713095062,-0.0358025066008046,0.0173721243120698,0.000242777311656733
1953,-0.0211840812520035,0.0157857453222287,-0.00224503759249277,-0.0185903230705788
1954,-0.0217117570376282,0.0175451996760161,-0.00799495963305056,0.00874749966651114
1955,-0.0166366115751959,-0.000694457603210279,-0.0158736430471503,-0.0216524882218258
1956,-0.0173520950088435,0.00582561290158842,-0.021055494790149,-0.0144285675266423
1957,-0.0238057144661203,0.00439233947194593,-0.00161226756488826,-0.0164327435031726
1958,-0.024064428254134,-0.000254809041242147,0.00744198136485445,-0.022395288423482
1959,-0.022803470985621,0.0094606129705961,-0.0117094365955658,-0.0170897773185108
1960,-0.022569877715613,0.0117746056381909,-0.00244882162021481,-0.0270085749565812
1961,-0.0187013239752788,0.00822507875397164,-0.0223514320956234,-0.00557612362450734
1962,-0.0134413471174535,0.00534148678568242,-0.0318454096260242,-0.00192214419982706
1963,-0.0183444311473137,0.0136617729838153,-0.0162556257383042,-0.0289007730873774
1964,-0.0249882535159824,0.0111509106720699,0.0044443534544909,0.0193341663023126
1965,-0.0222676968015348,0.0117390304659216,-0.000332908864962727,0.017417021053838
1966,-0.0188590296386185,0.00890824948643263,-0.0114112847169003,0.00878317176351188
1967,-0.0173637278570211,0.0189024478957693,0.00257571254070191,-0.0104201449858979
1968,-0.0173641165707143,0.0133254360167376,-0.00920762557806389,-0.0167013494639505
1969,-0.0108114440210788,0.0141969925799745,-0.0202302962288178,-0.0160847918679724
1970,-0.025582118206287,0.00793731822923914,0.0127896887010512,-0.00138331218019199
1971,-0.0161080749841591,-0.000107659843921795,-0.022823014100571,0.00568380950616966
1972,-0.00850467247005702,0.00254026807258441,-0.0276863512853124,0.00733602211991227
1973,-0.0117014164884977,0.0111610025225696,-0.0114495307036829,-0.0109677909272476
1974,-0.012228014200704,-9.59318863333023e-05,-0.0318858952128056,0.0136830766632407
1975,-0.0185774829909343,-0.0074997890574514,-0.0118405530775333,0.0257403918996714
1976,-0.00570582223550097,-0.00968176019924716,-0.0201049088645935,0.00196258109126136
1977,-0.0076486095926557,-0.0134187593666852,-0.0155572489983934,-0.00154069733882785
1978,-0.00461304138255554,-0.000788358306667172,0.00875570362216108,-0.0106411920100983
1979,-0.0227840781797425,0.000620821785597355,0.022863048189427,-0.0128991961449173
1980,-0.0268689491644377,0.00526585679156147,0.0317129543107087,-0.00503548916438644
1981,-0.0219645526678443,0.0139935440252431,-0.00703129327169739,-0.0250518595654667
1982,-0.0113385854349122,0.0104983861895757,-0.0219945619817264,-0.0262122168099506
1983,-0.0163643304852828,0.00233661803550043,-0.000381589525789124,-0.00511162444668967
1984,-0.00410798542246599,-0.000998715599801665,0.000339498926892823,0.000973473584736669
1985,-0.014737121391482,-0.0228691147372792,-0.0175693432895574,0.0245210315446449
1986,-0.0182886767213331,0.00216819995548765,-0.0260332599547637,0.0333550876905321
1987,-0.0232062572937526,0.023600209332432,0.00600788831602354,-0.00991499463654303
1988,-0.012737212888507,-0.0102899623549362,-0.0350634248888065,0.00892676579694538
1989,-0.0122608949258721,0.0171756392845445,-0.0306316016908106,0.010078728322867
1990,-0.0115003256544069,0.0214935860695729,-0.0286898042377574,0.00487319546609091
1991,-0.0179907579595502,-0.0206439063943371,-0.0102060444988896,0.0325171537367465
1992,-0.00193820695763941,-0.000263922930930491,-0.00701248134429561,-0.000113016600337997
1993,-0.0155459364625967,-0.0153616629876544,-0.0111530981667173,-0.0574426115327722
1994,-0.025988769903846,0.0143751012760159,0.0219212165903634,-0.0102265750003845
1995,-0.00722427786297984,-0.0110485430790479,-0.0233895452629404,0.0140027858986699
1996,-0.0189658946937967,-0.0290951038999697,0.0147896528595406,-0.00975602641109991
1997,-0.0124967865981151,-0.0237029074757909,-0.0140927933700693,-0.0189961696294692
1998,-0.0154059236325635,-0.0282468940593347,-0.00173205799487744,-0.0141363055829287
1999,-0.0102183610418478,-0.0221403292001889,-0.0106352862362281,-0.01825600439092
2000,-0.0122626898230371,-0.0272164064003162,-0.0150969793026909,-0.0125020550106303
2001,-0.0150907183272964,-0.0301519623475954,0.00299550686877603,-0.0221338755559038
2002,-0.0128894782759771,-0.0361489121293346,0.014767085989321,-0.032544132826446
2003,-0.0186493911064146,-0.0245795024173117,-0.000389832863773379,-0.0265295511382019
2004,-0.0170997596528103,-0.0232664028634065,0.00399843771673971,-0.0290451009740388
2005,-0.00656276524608714,-0.0191400586962882,-0.0113447639141703,-0.0124449545392515
2006,-0.024869243133284,-0.0130729289951595,0.0290215132151663,-0.0147845278347713
2007,-0.00921254054414214,-0.0252594493420725,-0.00749121074093329,-0.0193412204590582
2008,-0.0177258753646322,0.0158742949251101,-0.00127076229326386,0.0255440448141086
2009,-0.00763763896356802,-0.0102358205937966,-0.0168019800507478,-0.0141626251130837
2010,-0.0110493452912277,-0.00898954320155352,-0.0229472654465444,0.0100173917958214
2011,-0.00453740795505864,-0.0089312999855884,-0.00654714937628309,-0.00328962842145901
2012,-0.00342601608457772,-0.00803728864583384,-0.00959039502562074,0.00619126564256047
2013,-0.0226052402184186,0.0200356056063415,7.64907664934976e-05,-0.0201086226696156
2014,-0.0291039500296487,0.019461834993736,0.0207009167590809,8.61150087504756e-05
2015,-0.0136782944216541,0.0135022086770536,-0.0373569148680061,0.0255877648917371
2016,-0.00648500211415099,0.0116240196119108,-0.0167547747722767,-0.00759397498522737
2017,-0.00446028241794064,-0.00798123855822953,-0.0090500912529668,0.0109768502849355
2018,-0.00110956964816422,-0.000690856051769919,-0.00108762330793351,0.00290633231170311
2019,-0.00247315260806774,-0.0056849613054968,-0.000174389694440294,-0.00650346250126922
2020,-0.00665776012575559,-0.0224851151194083,-0.000970188905736287,-0.0172247358576765
2021,-0.0187061954403068,-0.0269886981875532,0.0102610021422936,-0.0296359730445808
2022,-0.018186283131514,-0.0360878454885291,0.0173584632389497,-0.0335111176709459
2023,-0.014413704606972,-0.0375453576450307,0.00272462847064328,-0.0309426267770813
2024,-0.0125865128951179,-0.0229978216901102,-0.00898680816011803,-0.0166862923824259
2025,-0.0175632699403117,-0.0339381600192343,0.0111779653682969,-0.0347006724538192
2026,-0.000877168079442096,-0.00365244998560415,-0.00119903902836996,-0.00476863090003318
2027,-0.0178281224372235,-0.0367652383575023,0.0108480956313153,-0.0317716964359592
2028,-0.00403154049271752,-0.0128387106569146,-0.00573133097660249,-0.00869045158246867
2029,-0.0122581932328397,-0.0341410870223159,-0.00327883318092662,-0.0113212174410059
2030,-0.00710527515632427,-0.0219797448207267,-0.0107528124000445,-0.0111478606082602
2031,-0.0174396275643804,-0.0309090735311331,0.000397398970747693,-0.02313735228084
2032,1.75483252598653e-05,0.000524209076544532,-0.000177172104802357,0.000546005222053077
2034,-0.00583654545549764,-0.0175703884805976,-0.00865478221830894,-0.0132784890346599
2035,1.75483252598653e-05,0.000524209076544532,-0.000177172104802357,0.000546005222053077
2037,-0.00416477487887525,-0.0106587724522323,0.000917868984138011,-0.0128162343216099
2038,-0.00455888857174781,-0.0111739664091735,-0.00844517079465864,-0.00306146718217916
2039,-0.000996661392356739,-0.00470623271798161,-6.12211712362558e-05,-0.00357718275962538
2041,-0.00808298872358182,-0.0225658068079613,-0.00910712697898888,-0.0171002936965945
2042,-0.0236913085536906,0.0108104102419518,0.00357334185125453,0.029757825457798
2043,-0.019057060186272,0.00909675415917873,-0.0161800925474762,-0.0389747838851953
2044,-0.00123432437500524,-0.00114624295717565,-0.00227234419571732,-0.000696448535537238
2045,-0.00207105801556566,-0.000773730703830806,-0.00593837863880175,-6.75769440575302e-05
2046,-0.000378991453618866,-0.000117894623155577,-0.00107052595621629,0.00049438055106394
2047,-0.0197564214526384,0.00961904300515709,-0.0231422755602131,0.0252216883769224
2048,-0.0135584698813884,-0.014219839229286,-0.0214502236172543,0.0176985761199653
2049,-0.0130846206054047,-0.0448215635391672,0.012986547772043,0.000233872029917881
2050,-0.0140483246098669,-0.0416558359828909,0.0122806086800299,-0.012266985673222
2051,-0.0176898393614484,-0.013871215118933,-0.0164930744657586,0.012412765480456
2052,-0.0144018750131804,0.000112470099676024,-0.0211569485143694,-0.0009758321330458
2053,-0.00190829600507987,-0.00199450502655736,-0.00511216482620999,-0.00153347301270456
2054,-0.0247746218140591,-0.000530835603046139,0.0198041063187473,0.0191736554682294
2055,-0.00201151827883299,0.000505603024459462,-0.00670062643854154,-0.00290930125834629
2056,-0.0206309622163426,0.00516145630697187,-0.00922936036295315,0.00648987364739072
2057,-0.00506736685855868,-0.0114127590630925,-0.00867814327204944,-0.00204686933773141
2058,-0.019396520985377,-0.00250519547258941,0.00226558598402725,0.00658564359293051
2059,-0.0283029571294593,0.0100913117242543,0.0207505571342519,0.02128921789506
2060,-0.0169127847762012,0.0079363303044179,-0.0267557910791515,0.0144728212094471
2061,-0.0128138622288386,-0.0186602014469018,-0.0189645803294864,0.0096757347381392
2062,-0.00183233352859869,-0.00289420144357907,-0.00474349494918548,0.00140816473101578
2063,-0.0149444389004957,0.00112951810033604,-0.0303850948009973,0.0127627978776052
2064,-0.015015997677184,0.0136690381757214,-0.0185247504566924,-0.0139221179947878
2065,-2.95681078160263e-05,-0.000913700000093317,0.000622286180104915,-8.39508681694784e-06
2066,-0.0114206558347012,-0.00680454409942319,-0.0235945347155095,-0.00769044767668694
2067,-0.00571906755758583,-0.00888184588180163,-0.0140840159326063,-0.0195706333454951
2068,-0.00680344655401842,-0.0140921196968968,-0.0167482622325044,-0.000503572224544331
2069,-0.000802493538896067,9.69769283131234e-05,-0.00191240059546866,0.000861343358043108
2070,-0.0138269946103254,0.001065105957631,-0.0245196802877891,0.00335542034604887
2071,-0.0116223018383845,-5.79276119208889e-05,-0.0185972286947772,-0.00654809130581203
2072,-0.0175544303035497,0.00960908773029377,-0.0302407459441544,0.0070347934880994
2073,-0.019784211330213,0.00837733743512902,-0.00711705276740069,0.0173239375453368
2074,-0.0172562679834094,0.0102599987488426,-0.0213954068715804,0.0023796644861356
2075,-0.0123006592219047,-0.00615435754366366,-0.0228145888127728,0.0170974171163611
2076,-0.0087385783763532,0.00505928294190469,-0.0272642526820426,0.00234803962573349
2077,-0.013493078780541,-0.000804964332307131,-0.0297454254599038,-0.00877400384444149
2078,-0.0142602579399385,-0.0105835674672433,-0.0126747947441585,0.00340927094228562
2079,-0.0277371472917138,0.0210311327791255,0.0114611295930173,0.0183555281109001
2080,-0.0150702242951461,0.0064961734581924,-0.0174597879819964,0.019604177915795
2081,-0.0145878336534255,-0.0117678571731702,-0.0234420407154719,0.00779318469820692
2082,-0.0165987956543514,-0.0127669279251216,-0.0200479491919618,0.0253694203658864
2083,-0.0241154798116958,0.0216571711575603,0.00508350208521072,-0.00459724374834278
2084,-0.0152653929631357,-0.00254342481738063,-0.021540603836881,-0.0301815978884824
2085,-0.0143285670948178,-0.0259476238990174,-0.0122398270745374,0.0363578783321552
2086,-0.000378991453618866,-0.000117894623155577,-0.00107052595621629,0.00049438055106394
2087,-0.0254738194616989,0.0163364806497396,0.0173361958882847,-0.00401070630020589
2088,-0.016069048951991,0.0207057159167175,-0.0143506582747024,-0.00445633460937849
2089,-0.0199412113032539,-0.000421690107330609,-0.00163848265693976,0.0242372674343755
2090,-0.00554414358794894,-0.0066498409932559,-0.00124808364833055,0.00179088551514633
2091,-0.0215653665237863,-0.00249951053030792,0.00707240706439656,0.0322830490016018
2092,-0.0104419666890955,-0.024945599543375,-0.00664497178829436,0.0109920182469037
2093,-0.0123847830086522,-0.0291370792546891,0.00497839198907502,0.011505232845671
2094,-0.0123632731924168,-0.0386432458854025,-0.0038342838893049,-0.0152131133092656
2095,-0.00841016868176123,-0.00833913837104277,-0.0215666221027557,-0.0194672785924048
2096,-0.0170643097024132,-0.0110809541098263,-0.00284272428746476,-0.0503396535862268
2097,-0.0254356457885422,0.0129027798084957,0.0174277778473361,-0.0197465030988505
2098,-0.0263567800553035,0.000383402034958247,0.0233563284691705,0.0249287079830779
2099,-0.0146001524498036,-0.0264353442596679,-0.00491100293016997,-0.000837305117988169
2100,-0.026357269217019,0.00970098065785993,0.0232765091410696,0.00632055455517318
2101,-0.00561242310420728,-0.00140872685049134,-0.0185649150748255,0.00638474879880551
2102,-0.00778367005603816,-0.0206076556711579,-0.0113853250511777,0.00705139750673948
2103,-0.0234079747440365,0.0124023774337206,0.0046496857102721,0.00366001525124252
2104,-0.016934161441073,-0.0133655679654948,-0.02564425067821,0.010368647014444
2105,-0.0111862134467721,0.0127777921264978,-0.027794799232229,0.00676270312003774
2106,-0.0179896848756463,0.0132845588242227,-0.0172729442939106,-0.00403582763935383
2107,-0.0019863191733633,0.000415486828219006,-0.00421168594765552,0.00194691363128658
2109,-0.0234194879383228,-0.0168860848628337,0.0214666362568177,-0.0192512546202593
2110,-0.0224684941660835,0.0151418753417274,-0.0134959011413575,0.0154590139664161
2111,-0.0271744171605887,0.0185957684923168,0.0151766074021139,0.00734220203292409
2112,-0.0171736693676584,-0.0367431469981523,0.0204159040297355,-0.00789079723491387
2113,-0.00418001398327642,-0.00998231607841971,-0.00817861009631671,0.00260582799706591
2114,-0.00873104448741259,-0.0192018008204669,-0.00564320786467566,0.0180339384547197
2115,-0.0104602671852698,0.0108184977696792,-0.0301315947427191,0.00209522929646017
2116,-0.00903492798020505,3.17814233034667e-06,-0.0155856825944933,0.00190966569380072
2117,-0.000394582241269016,0.000304362985663645,0.000950773530731131,-0.000519522268024331
2118,-0.00166027166661396,-0.00415734682767724,-0.0052024460868898,0.00157228545013319
2119,-0.0223208116569167,0.00520123146954016,-0.00805292998756215,0.0269110597689376
2120,-0.0210082110887278,0.0111630063099652,-0.000793910707313385,-0.0319089310188539
2121,-0.0208899464437346,-0.0142155524008167,-0.00483073197235383,0.0238888540705478
2122,-0.0256950044706604,-0.00640025437004021,0.018585760261181,0.0144195349164046
2123,-0.0157286712661078,-0.0126233575215067,-0.0154757951533797,0.0112142942076269
2124,-0.0137422790092297,0.017554692768154,-0.0115793019731882,-0.00470956716194548
2125,-0.0136200408014462,0.00606857170377316,-0.0331138557165341,-0.00117938997777691
2126,-0.00287673727357534,-0.00183513316213135,-0.00515025021069501,0.00236153390700137
2127,-0.0246396442280789,-0.00439128076409809,0.0247605065489838,0.0354199335981262
2128,-0.018983299164579,0.00809603078592754,-0.00876932542511111,0.0115327431360136
2129,-0.025829604736938,0.0118109606518585,0.0110578079413236,0.0134090914850726
2130,-0.0162130420845976,0.0160581292190396,-0.0156707116165028,-0.0260258230870308
2131,-0.00937776839258163,-0.0297999924016212,0.00744755266537511,-0.000264448772560347
2132,-0.0311462277724751,0.0181657270799945,0.0224068138410268,0.0219618024323539
2133,-0.0154538239340583,0.0118381320746414,-0.0313314926740785,0.020495588455111
2134,-0.00486146890461873,-0.00834017346555777,-0.002751059267604,-0.00644617149860246
2135,-0.0146705857735036,0.0128135910403518,-0.00808627157936288,-0.0248915684051176
2136,-0.0161878573416319,0.0192196155839381,-0.0122901070902438,-0.0166206108480761
2137,-0.0296319241435352,0.0179544449238323,0.0155357931318541,0.0254182772049496
2138,-0.0167204141027584,-0.0418774866537214,0.01487808576567,0.00199118518361027
2139,-0.0150735356910143,-0.0142202040875077,-0.021663220632711,0.0234486599102358
2140,-0.00278885728334943,0.00488779635167115,-0.00528278413336038,-0.00224002770298689
2141,-0.026056858922683,0.000864286003489005,0.0272665858812084,0.0228081049543224
2142,-0.0202304821275321,0.0172960421889529,-0.00325875666992368,-0.0030103404596642
2143,-0.0171953232944525,0.0216482767436176,-0.0148879247829897,0.0135297174098271
2144,-0.0285630639868304,0.0113969293189158,0.0217446662178237,0.0202729344572698
2145,-0.0169756828365621,-0.00932737788752685,0.00165497144546636,0.0253681141462855
2146,-0.0138475878622043,0.019482108426102,-0.00700483942411775,-0.00853775971762928
2147,-0.0067907237077699,-0.00242798570867291,-0.0239101241743429,-0.000633824464779837
2148,-0.0186336544541452,0.0103938453366553,-0.0204442625253837,0.0137553706000812
2149,-0.0106409216259372,-0.0237813096480741,-0.0133817445147095,0.0122849458708014
2150,-0.00453257827493354,-0.00668319808936235,-0.00690511679029103,0.00214321902519701
2151,-4.39794385597389e-05,0.0008969329685434,0.00160598094454032,0.00188430861143294
2152,-0.0193497795569078,-0.0105267722034224,0.00507486953137072,-0.0266288064960462
2153,-0.0103573960977264,-0.0335841097529371,-0.00602142670273728,-0.00363132308198413
2154,-0.0153390020144949,-0.014399276306564,-0.00795858525999866,-0.0439184076832435
2155,-0.0189134756071231,-0.0138073664103153,-0.00348401633815939,-0.0236629687981896
2156,-0.0205910258936904,-0.0137507491025653,0.0132373775148507,0.0168992192694484
2157,-0.0155482211762103,-0.029809095972242,0.00234871321735855,-0.01217399302135
2158,-0.00644998164286219,-0.00415945956463683,-0.0263353762551753,-0.00690496681108455
2159,-0.0146754970802824,-0.0486909376283669,0.0180157065592094,-0.00106869036274086
2160,-0.0272210283379446,0.00828608929736717,0.0200159543126676,0.0123195342428114
2161,-0.0254507076064773,0.0241680648188968,0.00952000229132904,-0.00265221851620224
2162,-0.0134907141823219,0.00504136950641632,-0.0280493553978572,-0.00272630622653441
2163,-0.0280057105723877,0.0180786479633734,0.0190580756849761,0.00382049355491612
2164,-0.0135836566737952,-0.0116501735447521,-0.0163109029234271,0.0181768017753005
2165,-0.0202778961731016,-0.0273511737858588,0.00521956286694509,0.038777364474115
2166,-0.00255725593919776,-0.00348958560744013,-0.00551716966200792,0.00244473666808055
2167,-0.0258850376564221,0.00311253270682026,0.0106659599181282,0.0219942247540214
2168,-0.0174179991910986,-0.0399760191016465,0.0176043248316954,0.0217688195485958
2169,-0.0160373953376657,-0.0224956753305681,0.00822229445986163,-0.0155721417673302
2170,-0.00851030354972141,-0.0309977104616516,0.00842738462616804,-0.00473077628968554
2171,-0.01805835105551,-0.00431426512610939,-0.00437069927731015,-0.0405667610147175
2172,-0.0135796039628531,0.00154803198931226,-0.0164853114658758,-0.0392288350199653
2173,-0.0134675680413208,0.00806583429639452,-0.013657747344034,-0.045031819573154
2174,-0.0237800101452874,-0.00106259822139078,0.0201929449677782,-0.0271514019901758
2175,-0.0174410107812537,0.0110934999881193,-0.00556785356950211,-0.0129659665341345
2176,-0.00672525696242245,0.00236244621484061,-0.0167118318996918,-0.0109753253743411
2177,-0.0213718414032227,0.00528209639984078,0.0184567975836499,0.00674264335585005
2178,-0.0177646260693009,-0.00428521363919969,-0.0173262690107573,-0.0201010795109019
2179,-0.0250318688847214,0.0202327402343514,0.0071864279191758,0.0122868646810003
2180,-0.0160222383745649,0.0193473763374527,-0.0281210690150864,0.00246176067412674
2181,-0.0124687849913979,0.0132001775820876,-0.0283180631181101,-0.020587456612398
2182,-0.0152178699476441,0.00724978420171313,-0.0269227564888437,0.00164607500831477
2183,-0.0168446981317616,0.0133257469261358,-0.0174318874349051,0.00210402691141513
2184,-0.0193018598005196,0.0189349171167588,-0.0161232761025918,-0.0120833217955082
2185,-0.0149369724501265,0.00746744853051527,-0.0172014730039278,-0.0380723873342419
2186,-0.0171146378505248,0.0155289075645181,-0.0194689244368721,-0.00733070605269185
2187,-0.0124294437759303,0.017211425401957,-0.0257098024857131,-0.000217742106590718
2188,-0.0109762194766761,0.0118399498488005,-0.0213131294445721,0.00224882339571841
2189,-0.00953758317013852,0.0132808871732805,-0.0255494557197444,0.00219952747310776
2190,-0.00839605374397203,0.0110793169897894,-0.0247647275406502,-0.00173626113041848
2191,-0.00791609231872735,0.0103840570635042,-0.0228666407905554,-0.00464437289119476
2192,-0.0219216536556023,-0.00150549191747719,0.00893641726197709,0.0100400973381991
2193,-0.0123666435013257,7.1011691452312e-06,-0.0263727625253406,0.00862407602647458
2194,-0.00777520135994714,-0.00110297958076037,-0.0214458399670705,0.00669439418297004
2195,-0.0169626476273663,0.0107801745162622,-0.0121544604481871,0.0182160145391744
2196,-0.00605174284739582,-0.0155583083735089,-0.00639372081272077,0.00839835542865878
2197,-0.0178783083366739,0.0146876402552415,0.00103273010162056,0.00237953588939341
2198,-0.0244988836029469,0.0034395823885637,0.0152837857560333,0.0210502221104957
2199,-0.0268005384701441,0.00836048317992403,0.0229083136486478,0.0151013950124776
2200,-0.0130074926910334,0.0220602632639346,-0.0107321677067831,0.00765666824767156
2201,-0.0203581413621236,0.0157992476239039,-0.00501798393418012,-0.0302082289855328
2202,-0.0247051636039848,0.0207047954507642,0.00692986305032181,0.00234114489614391
2203,-0.0274013852657453,0.0045027023285356,0.031279308828634,0.021392256051501
2204,-0.0300646901706907,0.014701367634609,0.0230973434018639,0.0109131052398072
2205,-0.00863040743010907,-0.0207791344018019,-0.0149723911858337,-0.000379738860844811
2206,-0.0228872254171542,-0.00867135988492816,6.92059594318852e-05,-0.00636080360513595
2207,-0.0149428313221737,0.0156576518965076,-0.0186637268458043,-0.0235300137953562
2208,-0.0100129288836668,-0.00595279928088314,-0.0281925884470917,-0.00485462199661243
2209,-0.0247896794796302,0.0109163010544325,0.011847941715825,-0.0211651263781159
2210,-0.018151967668233,0.0229278970488383,-0.0109515102891564,-0.00882517131830318
2211,-0.0231654319864397,0.0172725325314293,0.00112764504865439,-0.0157191204034471
2212,-0.0137959015845235,0.0228019307970965,-0.0178313948393737,-0.0142747025131124
2213,-0.01917802597273,0.016223848111589,-0.00934137601479264,-0.0212533639689784
2214,-0.0255283938605998,0.0165110574263223,0.0101942903725412,-0.0111934144257755
2215,-0.0233625298143729,0.0118775594953397,0.00471149511444776,-0.0179781565687602
2216,-0.012899438554726,0.00677772887407871,-0.0222336989186151,-0.0234349632807215
2217,-0.0216515092383942,0.021789553455824,0.00205293871626644,-0.00820839462304459
2218,-0.0183424456759069,0.0206762977315463,-0.00999905115294669,0.00484984193344263
2219,-0.0165829142408307,0.0255429714699505,-0.0120118225874724,0.00798061969590559
2220,-0.0117255579920696,0.0189981289126306,-0.0185471067652284,-0.00504258525873551
2221,-0.0200095869116431,0.0179686419912165,-0.0136333479884687,0.00278691541650923
2222,-0.0207576297987304,0.0132023616913649,-0.00195424471640164,-0.0361201749388527
2223,-0.00507054191220738,-0.0108678807664658,-0.0151969780500374,-0.000105953259373106
2224,-0.0192390756703931,0.0123899549047214,-0.0121038729017404,0.00953503414353312
2225,-0.0117176911191137,-0.0230493362924804,-0.0139725194531657,-0.00207324504106003
2226,-0.0159113060285638,-0.00850728772013897,-0.0176874562958355,0.004715072408321
2227,-0.0128868671648728,-0.0237860825677427,-0.0205449232852788,0.00555916881175052
2228,-0.0214258829825619,0.0137755946861132,-0.0101704639445808,0.015353753170387
2229,-0.0152585102105002,0.0165127045450995,-0.0170125203132721,-0.0127008008829249
2230,-0.0107201885241358,0.0131819440500287,-0.025203864110781,-0.00805913282296959
2231,-0.0226444547373768,0.0207119544376778,-0.0085259018387766,0.00568863396394145
2232,-0.0210948177336479,0.017250171399251,-0.00967278422574396,0.00523566816773294
2233,-0.0152237375308236,-0.0163482665109981,-0.0153766159077496,0.0087572902554289
2234,-0.00810531136542184,-0.0141358407547361,-0.0217872612218628,0.00711644488966003
2235,-0.0250226619316954,0.00286439946701998,0.0329413314318478,0.01997872091006
2236,-0.0191299448460489,0.0178766452280096,0.00253765682335929,-0.00343806055046535
2237,-0.0137067083786568,0.00365226903563828,-0.0298422347816398,-0.00254031176846295
2238,-0.0155736136919997,-0.007242658248539,-0.0158774364479263,-0.0282996778012122
2239,-0.0180672500983403,0.0219263537486226,-0.0187927125122097,0.0129744515295092
2240,-0.0141810412994575,0.00233942217158486,-0.0340047820027158,0.0230995520801067
2241,-0.0240672395982739,0.0143285238792654,0.0155340808971975,0.0126558302942762
2242,-0.0141140739931113,-0.00901179980180908,-0.00735353114262666,0.0347563949255005
2243,-0.0148607425337259,-0.0150309418131672,-0.0115140500449893,0.015377116876037
2244,-0.0144359319141811,-0.018795427470518,-0.0355134531212262,0.0173782945107947
2245,-0.0154908152275254,-0.0250869345196298,-0.0135046724026737,0.0189115704183387
2246,-0.00032760160316614,-0.000759340877992803,0.00316664509498331,0.00537566823348793
2247,-0.0192472814920718,-0.0180963612622314,0.00753538851963909,0.0288127532450039
2248,-0.0133915416310052,-0.0135799167973322,-0.0133382043509946,0.00893958406827559
2249,-0.00728024096100269,-0.0161574609053366,-0.0030968239666443,0.00760508287659621
2250,-0.0166222600856259,-0.0243484731115337,-0.0111290485512931,0.038340773186472
2251,-0.0197529375890728,-0.00267343165120566,-0.0190201676124765,0.0300080066584069
2252,-0.00109483612765898,-0.00246979264115517,0.00255210135522712,-0.00236959720293218
2253,-0.0100299182183932,-0.0011999212949106,-0.0411688570555445,0.00374737551678553
2254,-0.0109566052718338,0.00100476883146986,-0.0207479528220087,-1.57545367528902e-05
2255,-0.0165329525835695,0.0145190572660535,-0.0210505824985927,0.0224831764234607
2256,-0.0126833480694765,0.0146200723353899,-0.0193952453092561,-0.0177541849578067
2257,-0.00500896252288429,0.00214066152005703,-0.0144087354466963,0.00139505082691983
2258,-0.0114792541771967,0.0131971700842913,-0.0195361585150751,-0.0157679102508393
2259,-0.014303429448416,0.0120620837346056,-0.0136100078977455,-0.0221798860849884
2260,-0.0037946675197314,0.00241767306317161,-0.00413021582840319,-0.0122895799454223
2261,-0.016992577368972,0.00486637232036259,-0.0225771920188408,-0.0145528257137727
2262,-0.0212939129604082,0.00419230767159746,0.0153936532190166,-0.0314549170870169
2263,-0.0243254532050384,0.0135371888630011,0.0192032587010876,-0.0133531807596308
2264,-0.0132802167186923,0.0136210595213407,-0.00872966252621088,-0.027209671549464
2265,-0.0213500035198182,0.0120337367566292,-0.00263993144021686,-0.0113413466262302
2266,-0.0131092095456388,0.0102390528581838,-0.0250167420801969,0.00580212145208662
2267,-0.0212098099521589,0.00872658499844421,0.0153899129617976,-0.026662851791047
2268,-0.0128339854994778,0.0116734839097225,-0.00510721144054608,-0.020797581268638
2269,-0.00855018382252763,0.013862189624535,-0.00450670727531652,-0.0148346229300929
2270,-0.00707838310454953,0.00806028594887419,-0.0029371530551879,-0.0111578524522247
2271,-0.0210404501639832,0.00469465149092799,-0.00664577651611792,0.00330199257917426
2272,-0.00314598075950078,0.000325169723706174,-0.00662226769654012,-0.00534822392905915
2273,-0.00743859074486852,0.000975562182953455,-0.012016285272894,-0.0144557761322543
2274,-0.00530470699649849,-0.0165829406270408,-0.00676074304357741,4.13466372872303e-05
2275,-0.0235952429901712,-0.00545040665975387,0.0142741270635818,-0.0194733661342751
2276,-0.0153122230934391,0.0116179838044784,-0.0211780412980425,-0.0196749030063313
2277,-0.0202911265511116,0.00402717838477725,-0.00327984819970241,0.00353991888138443
2278,-0.0229783023435015,0.0179013215530227,0.00200108158929818,-0.0190002590150202
2279,-0.0151529126581973,0.0165955692533164,-0.0151240035273005,-0.0204266456979356
2280,-0.0125260841163867,-0.00772665311853251,-0.0308136156561755,-0.00205389863778442
2281,-0.0126196663353613,0.00847889540952249,-0.0250436680702757,0.00505243191590841
2282,-0.0218246391153729,0.00493945890308554,-0.00135796698871635,0.0161620153025944
2283,-0.0171114232844703,-0.0109702720927445,-0.00383127639073395,-0.021947539871169
2284,-0.0208596944052784,0.0128027315954718,-0.00354576578560838,-0.0157085103203869
2285,-0.00773105490443614,0.00623555539733143,-0.0228492943654142,-0.0129910766218601
2286,-0.0206363200906409,0.0206689066454469,-0.00164030080284432,-0.00342328786580255
2287,-0.00841378220080376,-0.0109649516742718,-0.0127980028491349,0.00691504786646452
2288,-0.000967210582387526,-0.00123961681519037,0.000919653821497548,0.00783096018439354
2289,-0.0110567073189373,-0.0241870778346824,-0.00308728977716099,0.00744767214933422
2290,-0.011101304609709,-0.0128519628832433,-0.0118780112152631,-0.00102726194165775
2291,-0.008967104969025,-0.0120916153395079,-0.0104792328197629,-0.0117712205693125
2292,-0.000378991453618866,-0.000117894623155577,-0.00107052595621629,0.00049438055106394
2293,-0.0200421102689142,0.0194972279883633,-0.00321070242451446,0.00848595916104954
2294,-0.00191149138645923,-0.00474050488989205,-0.00490850533354806,-0.0014954614337037
2295,-0.00148802435763881,-0.00369756982788598,-0.000893067173916654,-0.00167988864959705
2296,-0.0135806602378342,-0.0420066957674811,0.0176890917185248,-0.0265418603575737
2297,-0.0246153288415176,0.0200084709624765,0.0146391060623611,-0.00482437289242645
2298,-0.0139442485710657,0.0174428994455308,-0.0193172961566425,0.00561890875238869
2299,-0.0168966087869564,0.0120634535020982,0.00238706281673115,0.0208389947595768
2300,-0.00861614980532301,-0.0329150862763832,-0.00639696765351398,0.01896697013919
2301,-0.0102203076869266,-0.0119229286130241,-0.00801036373539305,0.00585260161471105
2302,-0.0145812133984344,-0.0243717880773823,-0.00655956217522225,-0.0601139480113712
2303,-0.0185153805288247,0.0115750979034681,-0.0208603352841447,-0.000590270996810794
2304,-0.0137499313305466,0.00817416302823031,-0.0302590319874358,-0.000364126986352679
2305,-0.0106317354338653,0.0125342286743657,-0.0264122712223449,-0.0225798592496646
2306,-0.0125825892214839,-0.0175186297023255,-0.0249305184151947,-0.00376425588455477
2307,-0.0136569517288523,0.00612347818767895,-0.0203482429131761,0.0209983576555124
2308,-0.0288053383393198,0.0157990723029534,0.0120074281821168,0.0224784498499765
2309,-0.0274071278236385,0.0200788566646372,0.0192717027893326,0.0057855242688395
2310,-0.00420369073089242,-0.0245162419844649,0.00181183174153174,-0.00204817862661057
2311,-0.015315540971322,0.00456132450596508,-0.0287336657230297,0.0160227123122215
2312,-0.0183146211820051,0.0135214782182752,-0.00684542925151109,0.00768949005664728
2313,-0.015162832429575,0.0061400562377008,-0.0386321041487234,0.0165738647722285
2314,-0.0127939261291654,-0.00651186842112463,-0.0145124812442912,0.000148755227516262
2315,-0.00416866547401982,-0.00476460826099296,-0.011886357026983,-0.00329177452974815
2316,-0.00252938269897223,-0.00196527838114746,-0.00929567992206138,-0.000595009867322987
2317,-0.0146168643515446,-0.0392586214866457,0.00781382280106978,-0.0130267323833426
2318,-0.00646552223969477,-0.0238884615414498,0.00443705981147653,-0.00714642480035829
2319,-0.0190225302513241,0.0230275139632879,-0.00206716334460173,-0.0179346562427306
2320,-0.0113781150422599,0.0181352580488626,-0.0105848729891514,-0.0081542009646397
2321,-0.00695436655358881,0.00666889880203934,-0.0125379366848835,-0.00886502471472047
2322,-0.00648896193705707,0.0121214851772362,-0.0114404012065267,-0.0110590220277106
2323,-0.0197568778338104,0.0154397596476961,0.00112049213042493,-0.0136043478500025
2324,-0.0205745412129176,0.00517376604556949,-0.0097766874557691,0.00817976081759199
2325,-0.0155828980875337,-0.00316400605695231,-0.00419322255158271,-0.0438720086935193
2326,-0.0175391955296812,-0.00280135754778561,-0.0092882018009448,-0.0107981304911599
2327,-0.0125634563261113,-0.0124977345069678,-0.0125312495255222,-0.00500497886178419
2328,-0.0106814223731341,-0.00417786545547457,-0.0202590052515346,-0.00872724701944915
2329,-0.00833005356016783,-0.0112431286410226,-0.0126683099303581,-0.00813283597800794
2330,-0.0172779226772667,0.00867298578210508,-0.00836960686782165,-0.0291201684050666
2331,-0.0126623541736888,0.00105810157954791,-0.00891091466509443,-0.0189633179768707
2332,-0.0128127617201153,0.00918269082938427,-0.00265968384795456,-0.0324009300269376
2333,-0.0208271996681769,0.00448106420518994,0.00243960412084925,-0.0304665587475409
2334,-0.0207860704706385,0.00826754289903402,0.00128463494612126,-0.0335741803683836
2335,-0.0249639485728897,0.00879779778423391,0.0173883349984131,-0.023185275307483
2336,-0.0163029482331926,0.00342876597654706,-0.0073058917220278,-0.0392332261170128
2337,-0.0158893274812817,0.0129671255095627,-0.00825239821112519,-0.0330879202790308
2338,-0.015988637720577,0.00606878842307351,-0.00681294981271202,-0.0348091859141073
2339,-0.0174340932768845,0.00567939506690659,-0.00672110829998651,-0.034397100834657
2340,-0.00454253999085596,-0.0028874042770152,-0.00668739092944537,-0.00917169498387759
2341,-0.0136806051461503,-0.00525749729255311,-0.0190249057473294,-0.0167161750319144
2342,-0.00708066638403142,-0.00728571045495689,-0.0113298418143934,-0.00544416403677498
2343,-0.00689701126257366,-0.00500373242952308,-0.0138564166152553,-0.00509903232215577
2344,-0.00244038150319026,-0.00998005419367915,-0.000941243982094428,-0.00384890430843579
2345,-0.0212288032420106,0.0113447511988175,-0.00665364967748075,0.020969128164305
2346,-0.0186875496574571,0.0132546508545204,-0.00926462738277261,-0.00224438961085755
2347,-0.0218521534349154,0.0214021326510882,0.00672367134007857,0.0139278476707266
2348,-0.028224525995196,0.0163706182263274,0.0217036751705642,0.0131383848707543
2349,-0.0011387112358057,-0.00267956209324335,-0.00203031658668466,-0.000287487568785033
2350,-0.00358759814507478,-0.0130293686551388,-0.00190199300703275,0.00801929982547695
2351,-0.00379321436996104,-0.00889319292697481,-0.0122351271242525,0.00180234132524549
2352,-0.0178957978464808,0.0201534784762786,-0.00787840689049703,0.0262195537634781
2353,-0.0111832313183678,0.0171434090912972,-0.0133470472199754,-0.0119511174350131
2354,-0.00948212033428839,0.0149673099829846,-0.0291310050958291,-0.0300464647069392
2355,-0.0197556475540205,-0.0097719795507763,0.00852374750723031,-0.0391098587878675
2356,-0.0170271874989207,-0.0193967945523509,0.00160048627703174,0.00682464109637566
2357,-0.00622677140976938,0.00555776781435975,-0.0265738891514634,0.00113188446462417
2358,-0.0173524511943541,-0.00716311401536418,0.00215074002273612,-0.0428054227896325
2359,-0.015059862661219,-0.00583189805975333,-0.00356087733636832,-0.0523544466421977
2360,-0.00967541510126691,0.0135261921593009,-0.0120419088843444,0.00394555549526487
2361,-0.000811110908361536,-0.000340385100351979,-0.0027216217052293,0.000545985769970822
2362,-0.00284905739657276,-0.00737955547345632,-0.00333797768564395,-0.00425560785497673
2363,-0.0126988633911801,0.00915201880453733,-0.0314900429659507,0.00610133938738601
2364,-0.006704323829476,0.0012092541602576,-0.0282423169263124,0.00122560524181925
2365,-0.020702215031949,0.01269280871399,0.00550958217819993,0.000690510603679181
2366,-0.0166616369069221,0.00373016585053509,-0.0188019789521687,0.0160654900720424
2367,-0.0043805218978476,-0.00921340626541215,-0.00979557656561581,0.00118454767578059
2368,-0.000980635730318955,-0.00152081201223891,-0.00261661955302884,-0.000525151527537033
2369,-0.0205118548187231,-0.0159393078245658,-0.0079590695049828,-0.0187897894501423
2370,-0.00849877949972201,-0.00309660309282438,-0.0292407421262011,0.00219806942624805
2371,-0.0187311974508196,0.00712088624784733,-0.0147525875577102,0.0186874934779031
2372,-0.0132985998627025,0.0196765126344019,-0.00449148792499241,-5.43101186872643e-05
2373,-0.00395914610621759,-0.00668737107706284,-0.00715800545894737,0.00274547782948343
2374,-0.0145983588152213,-0.0284049990019525,-0.0178899388138517,0.0259362404897179
2375,-0.0312558838061433,0.0256212482197686,0.0231765898029898,-0.00359041760753902
2376,-0.0228316831884711,0.0195248934807677,0.00172751885846409,0.0174663402329906
2377,-0.0109686722666416,-0.0269964933629585,-0.0163943111085232,0.0225641366265649
2378,-0.0153522905203279,0.0195693161773103,-0.0144121733889,0.0109691613259851
2379,-0.0185783757933586,-0.0292832325913409,0.013877927049141,0.037886460123837
2380,-0.000932948986881862,-0.00300647798539371,-0.000283535724477456,0.000918817046899994
2381,-0.00793933296138521,-0.0209198830596789,-0.0174643200247993,-0.000291484928137504
2382,-0.00168635183944466,-0.00132190477885588,-0.00345133049429576,-0.00904052584486422
2383,-0.00052804533220459,-0.00235610393425039,7.55579414863214e-05,-0.00176831704865874
2384,-0.0275385721093429,0.0152600052755484,0.0197120227988618,0.0151191808040153
2385,-0.0212057622961351,0.0175767660728514,-0.00154752806251268,0.0065421898382787
2386,-0.0131525079014086,0.0086691596596968,-0.0311895702177353,0.00444495134923195
2387,-0.0202723257014863,-0.0166905298196361,0.0104383626823166,0.0172181215207242
2388,-0.000568487180428299,-0.000176841934733365,-0.00160578893432444,0.000741570826595911
2389,-0.0121286935250882,-0.0246054656747013,0.00841200280487812,0.033415753582308
2390,-0.00687562707293686,-0.00678116283806077,-0.0165002026439637,-0.000192660733379485
2391,-0.0133808951873764,0.00607286499226508,-0.0348683141037273,0.0221970558419177
2392,-0.0103623979708681,-0.012639651521565,-0.0217083326137421,0.0119651449634349
2393,-0.0101729110961811,-0.0198948084309079,-0.022647080964762,-0.000856705343853134
2394,7.5585320611793e-05,3.23859559128918e-05,0.00170943784781943,0.00249651137070173
2396,-0.0114454294707595,-0.0214905265881957,0.00356067077534192,0.00596196391650643
2397,-0.0131939022636643,-0.0234831796378423,-0.00870757607279447,-0.0081067001640013
2398,-0.0205447274295061,0.00313094246524177,-0.0157752706962173,0.0321451033572217
2399,-0.0103697507648095,0.00886897050685069,-0.0336058463500695,0.0108722887999502
2400,-0.0216844583901475,0.0153237114011411,0.00875232719555525,0.0100034896439334
2401,-0.0279587937097122,0.00611185540128558,0.0275510329019619,0.0180160925664043
2402,-0.0232767580050894,0.00862287982199724,0.0212324624831393,-0.00821122948816675
2403,-0.000416775285700062,0.000353224985314627,0.00014224041142172,0.00272664614510875
2404,-0.0215410640421014,0.0245736731566123,0.00235779624371002,-0.00279726572197314
2405,-0.0164575306849012,0.023044002671193,-0.00771121105229501,-0.00783631698579896
2406,-0.0164340211805425,-0.0160902501358559,-0.019334330520229,0.0443612940660711
2407,-0.00155047540370911,0.000328705083650316,-0.00112225498724744,-0.00131468139872684
2408,-0.0166477807328634,-0.0331156279851689,-0.00155176007658617,0.0249325914400189
2409,-0.0119013489027023,-0.0338745583809558,-0.00681531284293044,0.0219810469306668
2410,-0.0168863009058057,-0.0288070240208067,-0.0048288248405117,0.0324105566544331
2411,-0.0158148932962606,-0.0420499024495272,0.00955603008407039,0.00151247300239836
2412,-0.0174994356243326,0.00259808214660561,-0.00539874852526155,-0.0284792209807194
2413,-0.00730348713204756,0.00330145018995898,-0.00992861718446478,-0.016404087218382
2414,-0.014130814101086,0.010808015192215,-0.0270266676266215,-0.0370471560592545
2415,-0.0177809748876661,0.0117325680183238,-0.00150419993141116,-0.00567438239899766
2416,-0.021408236275054,0.0190680435599598,-0.00167484282830255,-0.0194678904271681
2417,-0.0132330679463888,-0.0203716013700099,-0.0205291316657421,0.0177640003673637
2418,-0.00060952559027623,-0.00175513702729575,-0.00184489211874582,-0.000132772238257642
2419,-0.011533379974942,-0.0222733240863526,-0.0138236455406343,0.0119485630320507
2420,-0.0147584793711478,-0.0275397874205663,-0.011689783962251,0.018258643984647
2421,-0.0235434935210403,0.0119007053191886,0.00887012082159514,-0.00284965645479554
2422,-0.00124398452454075,-0.000361100461966521,-0.000310269565305985,-0.0013704501761607
2423,-0.0202642081071029,-0.0230178250902599,0.0214130493857065,0.0140796520667609
2424,-0.0134439772972091,0.0110943243210053,-0.0253615934695581,0.0032344418892732
2425,-0.010062786016971,-0.0246330324683982,-0.00609663128807757,0.00537417453611635
2426,-0.00392281467836227,-0.00764015397277183,-0.00407773016438943,0.00756269398235332
2427,-0.0239129150186315,0.0239348359436645,0.00865920458478371,-0.0101644321443877
2428,-0.0152387897892809,0.00739599127746197,-0.019645632104654,0.0107192440881355
2429,-0.00953599598460719,-0.021681391580001,0.0210281431582007,0.0196391779006723
2430,-0.000392265688680181,-0.00196256112222307,-0.00102420055875834,0.00151090443771504
2431,-0.00268960660007027,-0.0140250756463996,0.00972332278751776,-0.00605082760110991
2432,-0.0187613764181619,-0.00824241003783173,-0.000340825924138571,-0.0423339737961704
2433,-0.0152843065424066,-0.00391483695565272,-0.0105856306558039,-0.0404323447479097
2434,-0.00752312294423942,-0.00571483454688267,0.00334723239392975,-0.0328346027743292
2435,-0.00356205203746571,-0.00644816822025268,0.000872822886806759,-0.0154958499324914
2436,-0.00785476048969366,-0.0146206009874982,-0.00462082741087045,-0.0213060266899019
2437,-0.00888279263757207,-0.0108592133652173,-0.0117727084821236,-0.0266405612967238
2438,-0.0169298656316882,-0.00835108459563176,-0.00850652489678898,0.0127567152953989
2439,-0.0236230928495057,0.0143405678861336,0.00581849158359401,-0.0168178825017299
2440,-0.0203605031169933,0.0137831911133723,-0.000374918927918601,-0.0185199241496816
2441,-0.0122388017409789,0.0120297305377073,-0.0232934387237399,-0.018076257614615
2442,-0.00899174628750149,0.0119043230652075,-0.0252965543568531,-0.0203086152189893
2443,-0.0211031208958693,-0.0144007027494182,0.0141132931000833,-0.0396658550714503
2444,-0.0158651220031976,-0.013546704505859,-0.00402478665175687,-0.0427188969775167
2445,-0.00953359005729212,-0.0142313737702553,-0.00379033024220679,-0.0329139269571422
2446,-0.0115518246052036,-0.0139807694028784,-0.0019345633757028,-0.0381901573227865
2447,-0.0236037678250948,-0.0115573389496528,0.0205145793496211,-0.0266865248536347
2448,-0.0128072905785164,-0.0231611117512298,0.000935510473052428,-0.0403035360449852
2449,-0.00832179547366753,-0.0137842139351949,-0.00861441449791059,-0.0256003875765012
2450,-0.0156065359773226,-0.00924150211136671,-0.000485832836480994,-0.0343105789811142
2451,-0.0107808065837234,-0.0142014965046052,-0.00538869242151867,-0.0371974112361994
2452,-0.00987211056734697,-0.0165051097794545,0.00561869297420114,-0.0287557414163357
2453,-0.0190211342384795,-0.0138835844355249,0.00849523319333574,-0.0436779949422114
2454,-0.00681324461968849,0.00181739553742992,-0.00422388629832184,-0.0208293484178777
2455,-0.00953355337812492,-0.00807816644384234,-0.0143180655097017,-0.0442369845527602
2456,-0.0229077923484177,0.00573843406195765,0.0181007852649081,-0.0150887044424623
2457,-0.00506834956232043,-0.00754746260485641,-0.00892598234606287,-0.0228455403687865
2458,-0.0105005719011887,-0.0209938747175627,-0.0144253752421842,-0.0141972233870676
2459,-0.0154819507802785,-0.0270445204017593,-0.00259004069920987,-0.0614730255857703
2460,-0.0129053309539328,-0.0158345693097959,-0.0105207640505741,-0.0574817377411111
2461,-0.0220671609150659,-0.000806749626908635,0.00670280162434201,-0.0452615047988756
2462,-0.0100476616805614,-0.0123569508184927,-0.0123001998842945,-0.0496364913386543
2463,-0.023034790763875,-0.00690405960001297,0.0155979570803252,-0.036400461218059
2464,-0.0109761756835466,-0.01539833466219,-0.016221194576629,-0.0637232746610738
2465,-0.00651123810366316,-0.014365857042307,0.00377160624117041,-0.0421409602101304
2466,-0.00985456310697899,-0.00934126873295374,-0.0123378083797301,-0.042362190207471
2467,-0.014470962296541,0.0090621181000034,-0.0104239985138359,-0.0223748186683843
2468,-0.0207054967102465,-0.00661927717522567,0.00866896746685836,-0.0361187252210154
2469,-0.0249570369026248,-0.00209336239522289,0.0197046699445487,-0.0245889215149336
2470,-0.0216993704880402,0.0120302122599921,-0.0160432217065827,0.0149015437347182
2471,-0.0213218967485594,0.0212301806418852,0.00324811869229812,-0.0177816304269279
2472,-0.00326056950243965,-0.0144251639329154,2.10959060266722e-06,-0.00428449440635159
2473,-0.00640814472049937,-0.0148103945552809,-0.0102788008878631,0.0135266239509236
2474,-0.00444118061145395,-0.00663361113018604,-0.0124240370528851,-0.00354922641005109
2475,-0.0199757305404472,0.0268687123353653,-0.00284827084167437,0.00475462927621007
2476,-0.0213259486829219,-0.0192620407854237,0.015620043002288,0.0331922338284109
2477,-0.00808516091679777,-0.00594155500566474,-0.00895719731080316,0.0132035985089768
2478,-0.00115100535514894,2.85609639844069e-05,-0.000420407113313613,-0.00620810124970235
2479,-0.0103877983567231,-0.0118897747715923,-0.0143256883167956,-0.044157676019792
2480,-0.0176919900772447,-0.0277204418606364,-0.00679037240383654,0.0204108649116374
2481,-0.0238535132932875,0.0229656420101021,0.0100732274847713,0.0105661484178892
2482,-0.00286073781676224,-0.0062185438957718,-0.00470722934350957,0.000894854997658469
2483,-0.02808994032157,0.0115446477001264,0.0198216902715221,0.0200613300367305
2484,-0.0237704125327379,0.0159064749321254,-0.00400747307756254,0.000848268077347295
2485,-0.0218558745489618,0.0223776247646112,0.00577450938195535,0.00614716582760393
2486,-0.0110730248632858,-0.0208320070503632,-0.013190260997282,0.0149976881669465
2487,-0.0240069631375835,0.00426390559385462,0.0032825071859567,0.0284132641037908
2488,-0.00532931599373299,-0.0131079196605417,0.0012533763321068,-0.00356811339614285
2489,-0.0305570707726891,0.0136960171928805,0.0253183504384041,0.0124037310709509
2490,-0.0241849289628662,-0.0013799876676435,0.00465606137715611,0.012116048122027
2491,-0.020034203565005,0.0264793685993515,0.000794413291389512,0.0109387117442861
2492,-0.00218275363930609,0.00222966864502622,0.00407087713939406,0.00212521128548175
2493,-0.016654691973204,-0.0222939635531474,-0.013034388209636,0.0115786895045748
2494,-0.0119579209146048,-0.0332819300310651,-0.013010115039682,0.00556404908805341
2495,-0.0215360905484104,0.0156587105111581,0.0121787248171333,-0.00536920980916389
2496,-0.0277957743361462,0.0153899299076057,0.0285658867355916,0.00889202417377313
2497,-0.01368205177065,0.0200209039345272,-0.00640861556262117,-0.00824502682416777
2498,-0.0223015693648896,0.00569299979183235,0.01571465738022,0.0230250975915957
2499,-0.000672549080354888,-0.00116342411806803,-0.00113490622224513,-0.000940852366977284
2500,-0.00881781131987388,-0.0307686370087932,-0.00801454827793976,6.6810786121644e-06
2501,-0.00252598617985868,-0.00883482626658411,-0.0029332277753393,-0.00604786185149554
2502,-0.0259503246819373,0.0253015525411388,0.0118641376477566,0.0128946437124867
2503,-0.024906780208755,0.0218871905273384,0.012692644774778,0.0131773126897299
2504,-0.0128813161866771,-0.0329911549302701,-0.00631266532692259,0.00965179264363149
2505,-0.0194197048525528,0.0185885914083084,-0.0123865671908883,0.00832721230306351
2506,-0.0222575992277312,0.010332947519898,0.0165582322472495,0.00578674195897429
2507,-0.0105317022659938,-0.0252383405469344,-0.020206460132843,0.0135828179232029
2508,-0.023688277943353,0.00501387773432691,0.0291373008070548,0.0104213397370787
2509,-0.0165171923540359,0.0194712567717109,-0.00282943325685011,-0.00903616902473013
2510,-0.0160672522273115,0.0179172786585757,-0.00635655449965565,0.021087748553895
2511,-0.00447812761150693,-0.00341467869329446,-0.00973686316104286,0.00133763275451952
2512,-0.0283748571302737,0.0193385130668256,0.0201382728646638,-0.00815733117558274
2513,-0.0187079022717201,0.0177267145861809,-0.00307945880992098,-0.0115991150932393
2514,-0.0219311700459296,0.00902759256332594,0.00599766061063856,0.0137412649119107
2515,-0.0154525858636648,0.0203733458749954,-0.00381260742090448,-0.00513412388649969
2516,-0.013674738608527,0.0162237580083299,-0.00674976124422591,-0.00530047991708297
2517,-0.018310297994853,-0.0155894344188746,-0.00887909187882367,0.0257915288442349
2518,-0.0193647239391376,0.021644436362635,0.0030006141336608,-0.0102265828232108
2519,-0.021675924633681,0.0141384021215175,0.0135928523190236,-0.000847030210411452
2520,-0.020407804863144,0.0219811173340145,-0.00489009913928949,0.00268029073442419
2521,-0.0154867982891239,-0.0253905001969628,-0.0162191910146701,0.0377338892815536
2522,-0.0183066357491081,-0.0315471390387205,0.0259529827030285,-0.0272135826279076
2523,-0.00770274286952689,-0.0289911499996427,0.0169957309141559,-0.0167514760425523
2524,-0.0262799103224859,-0.00158755283013392,0.0197328160343376,-0.0101829590391626
2525,-0.0182661755575534,-0.0310140581655777,0.0152595345317406,-0.00379985019735261
2526,-0.0161929946903456,-0.0315652576445302,0.0169581373892443,-0.0113883122654926
2527,-0.0162155417085673,-0.0459035893506493,0.0212689507486438,-0.00403120665646406
2528,-0.0142256323817553,-0.0455012453588654,0.0123777121766663,-0.000343562531835512
2529,-0.00804418080299553,-0.00551945390625771,-0.0291390716098745,-0.0170264680595265
2530,-0.0243077640016532,0.0109732679781629,0.0216733113760909,0.00939445019716726
2531,-0.0172648169513587,0.017997059352926,-0.0142906917184785,-0.00869021291504325
2532,-0.018168865174648,-0.00857792778087177,-0.0121895872760461,0.0185161942913374
2533,-0.00620293608882494,-0.000783083077848583,-0.0232236699489043,-0.0121877929225439
2534,-0.0131903999546937,-0.0280700312127645,-0.01889870421777,0.00362330786941317
2535,-0.0246780064960947,0.00175571084228067,0.00547264462345827,0.0351697503691387
2536,-0.00458590324533904,0.000863112930205204,0.000961772478160743,-0.0250319304605455
2537,-0.0129459657391578,-0.0019821522554875,-0.0245875757012057,-0.0174582965504504
2538,-0.000378991453618866,-0.000117894623155577,-0.00107052595621629,0.00049438055106394
2539,-0.00755280268008715,-0.0191076237461963,-0.00669429663638315,0.00265894400476636
2540,-0.0108868894646895,-0.0297982388900667,-0.00382823001107178,0.00574902299466546
2541,-0.0210547004313705,-0.0130465404856583,-0.00601645058109958,0.0295972068870776
2542,-0.0227389282248328,0.00600135442028713,0.0127416813638238,-0.0127876677734833
2543,-0.0217344269706165,0.00471090550508776,0.00718785713626464,-0.0162550799057279
2544,-0.0103165336620383,0.0127890134226273,-0.020364875877933,-0.0172395086170716
2545,-0.0139351057578898,-0.0210333923155407,-0.00936197003431669,-0.00805736883887651
2546,-0.0198385584385297,-0.0165331681515266,0.00250804760490457,0.0172137340082756
2547,-0.0124214697929203,-0.00163994977700536,-0.0180856801708735,0.00669174989758884
2548,-0.0150602412725093,-0.00409009011440676,-0.0188869938472787,-0.0134062812374936
2549,-0.0137684503152837,-0.0158978381689667,-0.0225396186608799,-0.00471934514700697
2550,-0.00357154685964365,-0.00152873798123536,-0.00446864998657629,-0.00542419161034324
2551,-0.00859953433862986,-0.00992393429387413,-0.0190457923779938,-0.00461532550913168
2552,-0.0102150976257256,-0.00138993525963916,-0.0234043522240415,-0.0152069046403572
2553,-0.0183026035806371,-0.0306440177282654,0.0192436241402754,0.0145898901245016
2554,-0.00845741288358951,-0.0193856273724177,-0.0104665207242561,0.00247843710687973
2555,-0.0226205074593815,0.00508497346333831,0.00536022884048264,0.0247572135666709
2556,-0.00277816203433905,-0.00290200389682673,-0.00245638309362249,0.0073182932092038
2557,-0.0296292870159228,0.0130572307011403,0.0254881825209693,0.000216834741162238
2558,-0.0321013923173168,0.0219006596468901,0.0230661165589848,0.0072033927396058
2559,-0.0258572434108711,0.0206331011905044,0.0115551129125913,0.000365112611774098
2560,-0.0232122012018765,0.00541008671705889,0.00489553945212908,-0.0119575539938885
2561,-0.00222919257202932,-0.00534632533617843,-0.00295802757115954,0.00016949111050064
2562,-0.00884653257953444,-0.0113639531709184,-0.0198717760537043,0.0181448565036235
2563,-0.00841989433102503,-0.0173129697435282,-0.0186709767213392,-0.0017914044137876
2564,-0.00405130187796585,-0.00989913061692493,-0.0131402223960192,0.00362798507778274
2565,-0.00732220754323054,-0.0119725653265431,0.0119552539322236,0.022187233588372
2566,-0.0237240728129857,0.0125346965277941,0.0149438339146687,0.00738775258843496
2567,-0.0161261905169975,0.0208683019935135,-0.0106176398256257,0.0319296707410946
2568,-0.019393291736808,0.0205912457275527,-0.00104782152142725,0.0148995885147929
2569,-0.00280552082519706,-0.00922935068849724,0.000944341805867878,0.00499335402548001
2570,-0.0150907621437366,-0.0124662282156063,-0.0298979918389203,0.014830551726811
2571,-0.00402231644623961,-0.00986205674448841,-0.00432696864419658,0.00889944649978011
2572,-0.00663213126623166,-0.0217824477662625,0.000616966003854337,-0.00682213965806513
2573,-0.00170911158764945,0.00140909858367673,-0.00592275767724796,-0.00205925603520683
2574,-0.00676264379480233,-0.00184381474727654,-0.0215401804875528,-0.00171675119959615
2575,-0.0204013768329085,-0.004669188186168,-0.00669014676884257,-0.00794360881905951
2576,-0.0121133485450963,-0.0171936510013395,-0.0118768297687628,-0.0485837831805708
2577,-0.0120907833790459,-0.0106953984957668,0.00237985777492837,-0.0462285643045475
2578,-0.0156123817879714,-0.0111941252390493,-0.00570581947102856,-0.051836227654253
2579,-0.00227477353459701,-0.00575408700381637,-0.000496862933664866,-0.0136344716582717
2580,-0.0121730162250626,-0.0108363434827697,0.0031504730418698,-0.043370828787303
2581,-0.00582263318679321,-0.0118107329607683,0.00147713832941498,-0.0257535386556204
2582,-0.00946612674854011,-0.00675145039501211,-0.0310038296294218,-0.00157453775523353
2583,-0.0169973084092491,0.0095907238550756,-0.0102860219204268,-0.0147403685940227
2584,-0.0270392672598445,0.00199614409783303,0.0184533663816157,-0.00955711726129516
2585,-0.0175477679563374,0.0018937164053994,0.00218054083604005,-0.0239094057016719
2586,-0.0120972261002885,-0.00418583397962153,-0.0135081769875651,-0.0186238690696392
2587,-0.0293910344000974,0.0172847949412694,0.0269079242749325,-0.00131007073278946
2588,-0.0210701271553987,0.0204700727963774,0.00838432347390459,-0.00530657297320244
2589,-0.016833585277249,0.0180880047511654,-0.0105445731119742,-0.0104892415138084
2590,-0.0175434148042687,0.0182461962032113,-0.0178212008391128,0.00646275686742997
2591,-0.0264109413049184,0.0207525874620142,0.00583461607450272,0.0132160340540998
2592,-0.0145720221671795,0.00947258937567203,-0.034082716807093,0.0070357738282924
2593,-0.0281368541610065,0.0179863197767928,0.019373156040551,0.000337988098746441
2594,-0.009128921503797,0.00897432199563629,-0.0217373131375543,0.00386560739106053
2595,-0.0064567112649959,0.00840981190927519,-0.022190445270385,0.00437935703598201
2596,-0.00778750110832908,0.000565492652274457,-0.025539488018747,-0.00675897827765707
2597,-0.0139594200679043,-0.0270342200044562,-0.0236153657421761,0.012076695455153
2598,-0.0200906596419517,0.0131687265866253,-0.000507611215272282,0.000568302095867641
2599,-0.0201805120480805,0.0179437142685262,-0.0123397763864275,0.0113614471001595
2600,-0.0311206472629343,0.0170317689057496,0.0274534170795096,0.00762006051689313
2601,-0.0195658835568845,0.0203577587849434,0.00114702941847646,0.000632833248757454
2602,-0.0161099904747011,0.0198082600961109,-0.00991311714306146,0.00541226724879081
2603,-0.00725930098648989,0.0139668029261959,-0.0213567888712955,-0.014631830825583
2604,-0.0138061391091082,0.0192532490917503,-0.0169465622359353,-0.0213422846079835
2605,-0.00283026998153189,0.00285686710316888,-0.00792807438709763,0.00894120539794374
2606,-0.0118992469625587,-0.000507235681710946,-0.0366177515417808,-0.0187378711302535
2607,-0.000598002890169699,-0.000290480584497878,-0.00251461215814202,5.18149586242027e-05
2608,-0.0113517104221103,0.0127697094215664,-0.0220593706641812,0.0144940095188651
2609,-0.0103960792573583,-0.0236786095572588,0.00289545788675426,0.00206189767779038
2610,-0.0019404191650385,-0.00266943270929357,0.00160852007034659,-0.0170723880945091
2611,-0.0140000134810245,0.0195185039591196,-0.0225226110625057,-0.0146267008455467
2612,-0.00978023057849789,0.0102766243539345,-0.0176712291923142,-0.00748551340729444
2613,-0.00851066985068056,0.0111226712275427,-0.0144384415746023,-0.0174785576226002
2614,-0.00576446966324514,0.00700309226097547,-0.0157470733889315,-0.013424821367885
2615,-0.0236527440088229,-0.0106545221467197,0.0147394899158581,-0.0211808795464821
2616,-0.0143183475989673,-0.0272111493507107,-0.00784481778407567,-0.00498491072775409
2617,-0.00206703477288537,-0.00300841661217705,-0.00534719632034444,-0.00222671372369755
2618,-0.0157605314302897,0.0161420580486235,-0.0278439898081039,-0.00746100295986035
2619,-0.00160752090442584,-0.00315913200123933,-0.00390569522027535,-0.0015644096490907
2620,-0.00438835539451398,-0.0175438846623314,0.00403368231900479,0.00303220037599975
2621,-0.000869309621803346,-0.00452707597674189,0.00104149700503614,-0.00239844705959956
2622,-0.021464160632733,0.0213641559517881,0.00604807734344837,-0.0154406464844135
2623,-0.017285740857718,0.0201961428759216,0.00177467301775441,0.00359463266130459
2624,-0.011016509527472,0.0122537044122067,-0.0193172249838248,0.000682053538410105
2625,-0.0156020776145209,-0.00215376460438956,-0.0192695956666442,0.0175997237954927
2626,-0.00405314808434163,-0.0170662019888002,0.00154763665042646,0.00120183226912444
2627,-0.00268954022302114,0.000601963269858465,-0.011311906384605,-0.00498543242828312
2628,-0.00274688554266305,-0.00900057404814253,-0.00172094578546525,-0.000360553540235656
2629,-0.00545830973405842,-0.0064996855723167,-0.0217404817645614,0.00226157148522166
2630,-0.00986362915032159,0.010567581975616,-0.0275499624956466,-0.00933171483145155
2631,-0.0173983727376459,0.00378469113937663,-0.0191657711896868,0.0359564293009012
2632,-0.00642063114476511,-0.0109271247871307,-0.0022577021288537,0.00708809953627906
2633,-0.00479903404193247,-0.0125589004060735,-0.00794578450581499,0.0055703380688869
2634,-0.0198051259587077,0.0225489620209938,0.00149367975898225,0.00469449217628324
2635,-0.025474128171994,0.021141780399464,0.0104282918564686,0.00460466020487348
2636,-0.011675980538052,-0.000814601726453056,-0.0119073364198044,0.0245895136478405
2637,-0.00808797934225304,-0.0218813830933166,-0.000379144138016173,0.0200222991469355
2638,-0.0143165407117002,-0.0128677749383182,-0.0024821738529902,0.0149439717169904
2639,-0.000115751382188012,0.000606857871344945,-0.000610966600279887,0.000734571937709741
2640,-0.0174048333372529,0.00104593358617186,-0.0253632861786326,-0.00262567111708347
2641,-0.00965696286854079,-0.035128500339966,-0.000243582777943693,-0.0203363830717133
2642,-0.0114452578762565,-0.0311954474322243,0.0109584942203314,-0.0177787786872622
2643,-0.00790428161420061,-0.0183200453863604,-0.0184598118329893,-0.000717588075198467
2644,-0.00322762158887642,-0.00696595723896461,-0.00695616162112578,-0.00399109619471323
2645,-0.0107580942352553,0.00068382790666962,-0.0201335329510064,-0.038933722255616
2646,-0.0200548572656494,-0.0169980418297766,-0.0044791850698644,0.0121343593712976
2647,-0.00750486081861915,0.00145370160675693,0.00161254489371884,-0.00418644101120516
2648,-0.00263193988519213,-0.000455327841676606,-0.00620121865586053,-0.00752458187021866
2649,-0.00273054177343564,-0.00369019437268255,-0.00557584012152594,-0.00691509048302929
2650,-0.0151116943468267,0.00914993851716931,0.0036478032709638,0.00250623252157171
2651,-0.0216117366888113,-0.00764693844580393,0.00533436114081356,-0.0187148770170259
2652,-0.0314875350112425,0.0156276629015961,0.0292911503097924,0.0175992564225818
2653,-0.01941229944302,-0.0334691067173224,0.0260155513886653,-0.000448097824243549
2654,-0.0145227323333165,0.0210034542028951,-0.0308370163029964,0.0122892987450264
2655,-0.0211503611557558,0.0249355712196707,-0.00404445495111329,0.00781357419105827
2656,-0.0120766053052256,-0.010336695436321,-0.0142889992176356,-0.00379823861350913
2657,-0.0234399642635534,-0.0112406927775247,0.0204240291178653,-0.00780949541837306
2658,-0.00667778683761184,-0.0126210527498773,-0.0113701074511236,0.00869135324269969
2659,-0.00559766720584349,-0.0178488355851106,0.00563762412162937,0.0129468684378175
2660,-0.0203143451080352,-0.0148571821942193,0.00284414820619385,0.00677842155789944
2661,-0.0210151685920149,0.0143897473742043,-0.00102773301287792,-0.0312916543450282
2662,-0.0104002824488681,0.000900238748113834,-0.0161599614122771,-0.0139448955527604
2663,-1.09469749797284e-05,-1.40931219159832e-05,-6.62166082443073e-05,0.000207983849347425
2664,-0.0191896658558776,-0.0109627649982238,-0.00543903265436972,-0.00808623364791073
2665,-0.0275841490951964,0.00589699997611386,0.0267530028732696,-0.00534936455469783
2666,-0.0258616328808039,0.0140865078131007,0.0147904975873016,-0.0211313305813211
2667,-0.00639294947069596,-0.0163572368684116,-0.00649244482107563,0.00147878162215804
2668,-0.013374081251999,-0.0223763455485671,-0.0234724910390088,-0.0191514187804209
2669,-0.0187694970027813,0.0118790871622826,-0.0183205426753208,-0.00431721010360916
2670,-0.00869529165987687,-0.00294731050201054,-0.0362744918493978,-0.00555215739105849
2671,-0.0146617372376092,-0.0130781017570815,-0.0112667307955878,-0.0152590302788952
2672,-0.00767634646031871,-0.00442942298216038,-0.0146118268490229,-0.0178306198658368
2673,-0.0198632272226944,0.0148763999715912,-0.0146915834962485,-0.0107359309077722
2674,-0.0159120304772361,0.0127472052452201,-0.0223555745513426,-0.00979641844739632
2675,-0.021964925948605,0.0238104517706779,0.00397286310316638,-0.00270759700626957
2676,-0.0158781716547873,0.0134640273760988,-0.00869260726564481,0.0175393234720835
2677,-0.0215199554198905,-0.00201357387364122,-0.00387344904772324,0.0325653712148292
2678,-0.00741833855244539,-0.00456067178942499,-0.02227814388461,0.0086306039828088
2679,-0.0113510153493211,-0.0278803599463935,-0.0176486507260501,0.0149706337888386
2680,-0.00724641601574342,-0.00176348351609391,-0.0207724167589074,0.000770162534700499
2681,-0.000531385297916264,0.00213228534476162,0.000647301156727783,0.000101583701356348
2682,-0.0118470073424665,0.0226362403722515,-0.0261293250649214,0.0094824457758332
2683,-0.0205593246436047,0.0108923959543564,-0.0105550303249637,0.0346585782820372
2684,-0.0278776686211018,0.0114114843343086,0.0271109399778575,0.0153147013744672
2685,-0.0204996414815395,-0.00495226634029205,-0.00624320872570425,0.0292904696358973
2686,-0.00404479247012797,-0.00337374998611724,-0.0118669422293105,-0.00246080636620426
2687,-0.00738815064655391,-0.00818751540026749,-0.00350548525528544,0.00914844537967975
2688,-0.00640410529307646,-0.0147787618330255,-0.000340496022727534,-0.00210521403787021
2689,-0.000669042040804081,-9.83057152231669e-05,-0.000736417807635948,-0.00251520352538892
2690,-0.00942847960504288,-0.0139735392890325,-0.00842564248930824,-0.0263602372865483
2691,-0.00539888955550927,-0.0178052394512005,0.00158550496032082,-0.00219911431396765
2692,-0.0146089737992116,0.00986045670429902,-0.0147117172926891,-0.0242788258922507
2693,-0.0179090680060401,-0.013750141872202,-0.0117176230197334,-0.0335948006150945
2694,-0.0162820140617465,0.0137852643228035,0.00339075453556409,-0.0244909447694227
2695,-0.0204996861953058,0.0110923587282132,0.0104797935175479,-0.0231312080919951
2696,-0.0144086393383382,0.00659491655407039,-0.00749393986751278,-0.0167384118562527
2697,-0.0109344648888166,0.00612310667014647,-0.00792562233246116,-0.00918314378609417
2698,-0.00632282079240991,-0.0300464145825206,0.00536644368247592,-0.0027160126914145
2699,-0.0190520795256123,-0.0245391390670273,0.0101352160253162,-0.0343414129265806
2700,-0.0154611317512999,0.0157821719828988,-0.00383158748623089,0.00911330073005124
2701,-0.0136483579173502,0.0160787994072047,-0.0135895122104982,0.0196592339689562
2702,-0.0273212356518707,0.00241511431015863,0.0250015904259493,0.0300006855146434
2703,9.32520027034868e-05,-0.000614564041329414,0.00432741783860181,0.0010929863616828
2704,-0.00398588425161904,-0.00722461269528223,-0.0109256223749636,0.0012907951223576
2705,-0.0246810175647821,-0.00262967131244077,0.0275608091874007,0.0134424833660245
2706,-0.00634879875663374,0.00461680914016649,-0.018675638961969,-0.00408242740244897
2707,-0.0019204989939404,-0.00218456963021144,-0.0054249437378918,0.00741860464764319
2708,-0.026397717046533,0.0150363495290903,0.0181784186924876,0.00599497416686913
2709,-0.0259339678517002,0.0200642129386412,0.0159083703549008,-0.0126155129810172
2710,-0.0263847375969495,-0.00110219982241707,0.0242434014194197,-0.00285549657889861
2711,-0.0302158202983581,0.0214137288347826,0.0221451907893672,0.0111947379860194
2712,-0.0209882263426725,-0.0215341123100884,0.0161988461235946,0.00192175425443808
2713,-0.0136320088370201,-0.0489096873985456,0.0157994821926158,-0.00381079417510458
2714,-0.0254977382547316,0.00323165918857955,0.021448558948632,-0.0196391680167156
2715,-0.0233715717405715,0.00616873594519222,0.00974601939601079,-0.0300293943818762
2716,-0.00728737487178462,-0.0166577112584445,-0.00609673403579355,-0.0115458886259317
2717,-0.022278257191348,-0.00867632558611162,0.0208968915757122,-0.0332451327539488
2718,-0.0124010573359531,-0.0453897132719959,0.0229552927792082,-0.00785772579268793
2719,-0.0197202197533915,-0.0109959306704812,0.00481228345669086,0.0153208845478038
2720,-0.014049216502166,-0.0441002901571929,0.0155296840334539,-0.0182490270708056
2721,-0.0141796625150728,-0.0202247866141459,-0.0143966600608431,-0.000989709568771267
2722,-0.0175874282547337,-0.0235400945263372,0.00147144448295883,0.0124076025484859
2723,-0.00238486860410882,-0.00787279470883844,0.0037233516940358,0.00342680313234662
2724,-0.00547762622392626,-0.0111389018833438,0.00669610499896505,-0.0047698432513761
2725,-0.0137232531605304,-0.0437998308243724,0.0142340016838021,-0.00752029946155588
2726,-0.00190449566074351,-0.00720941632030371,0.000540572071965194,-0.00274425298622818
2727,-0.000978734720049326,-0.0022052463456598,-0.00112788207718544,0.00239381404477908
2728,-0.0156740866284393,-0.043980032984066,0.0120258999219685,-0.0205666706878663
2729,-0.0153649164902153,-0.0456820937931827,0.0110750008342343,-0.0189424797464698
2730,-0.0153350217872716,-0.0453333251432674,0.0115551065332758,-0.0278180349623239
2731,-0.0103524774127142,-0.028359577694974,-0.0114302144971047,-0.00800765944198299
2732,-0.0120262462889344,-0.0341765699884358,-0.000318175917526802,-0.0128271647246657
2733,-0.0144437224713229,-0.0430579586465375,0.0191143103601938,-0.0344105929896937
2734,-0.0170184226934407,-0.0222678749956093,-0.00944378346203977,-0.0271596020481165
2735,-0.0174924825469905,0.00729609473997608,-0.0199265686845817,0.00287460496596238
2736,-0.0167443110333904,-0.0257031065819371,-0.0080981177280464,0.0328314275280848
2737,-0.0277327303449657,0.0134468745160273,0.0200048347558781,-0.0189847318441628
2738,-0.00841366603233877,-0.0178338884300399,-0.0123468953951329,-0.00986587221274185
2739,-0.0194509736007382,-0.0164975477495865,-0.00313665806887049,-0.0192871050995183
2740,-0.0279929283850267,0.0147335324409632,0.0209336098082898,-0.0156247370803179
2741,-0.0272086127429487,0.0145082499168833,0.0197512192132594,-0.018935709223383
2742,-0.0266643832506464,0.0133060745671622,0.0172648209850208,-0.0205767293570584
2743,-0.0139791705510244,0.0141039513104578,-0.0162293784093623,0.000368995751272692
2744,-0.0268487272257513,0.00922934568864686,0.0226620543907228,-0.0224647862922527
2745,-0.0216230687616162,-0.0152337965550172,0.0238159461421107,0.0194546946787269
2746,-0.0116801059050637,0.0112679418473894,-0.0254608004105824,0.00122044799398741
2747,-0.00166276346194896,-0.00196680842999668,-0.00675457193140846,-0.000792027079925801
2748,-0.0170451383553611,-0.00355771183238107,-0.00861621370654707,-0.0121010618410732
2749,-0.0297534479325915,0.0160249736941143,0.0256818952463355,0.0101385307371652
2750,-0.00212831533774473,-0.00570022166719669,-0.00387937710982052,0.00378201111061298
2751,-0.0173532231388423,0.0182701560406129,-0.0118516687171264,0.012343068820988
2752,-0.00295714151753554,-0.00415125379298458,-0.00632911940512823,-0.00452450804065273
2753,-0.00472405496203572,-0.0155318111489517,-0.0055812628891837,0.00562402240722093
2754,-0.00047612599771956,-0.00734410363004597,0.00136157913860365,-0.00383308879258543
2755,-0.0084303456248517,0.0103495526940349,-0.016926116738783,0.00246445064396952
2756,-0.0250107404151517,-0.00623416782750743,0.0213177788799932,0.0253512617221821
2757,-0.0160714044190398,-0.0304523370193757,-0.00423319198160591,-0.0104319975107032
2758,-0.0246683721257796,0.00626943954420079,0.0179981569886729,-0.0214515086617329
2759,-0.0139918176290989,-0.0442269377900894,0.00322190492874098,-0.00170820817116098
2760,-0.0157548126038136,-0.0378076744480664,0.0111853776773433,-0.0197113126972852
2761,-0.0200538121208402,-0.0213885166063866,0.0111042454125672,-0.0144101652917171
2762,-0.0148921933872004,-0.0386696406926498,0.0050954450775978,-0.00862240074120558
2763,-0.0231447748964598,-0.015979685435289,0.0201907869412602,0.0106889134741909
2764,-0.00810690750927376,0.00883242156567357,-0.0167909088367336,-0.00646764589147019
2765,-0.0155427992538797,0.0166258970781113,-0.0131264321259494,0.0273497828222407
2766,-0.0225945310495997,0.00660233114853072,0.0241079398783969,0.011334059312019
2767,-0.00903152369065551,-0.000247102528929014,-0.0281865865941678,0.0203979967720688
2768,-0.0132152781438474,0.0110372540930313,-0.0289182954896531,0.0131266947954356
2769,-0.00557083507716447,0.00131678339283404,-0.00183705045264196,0.0143057252533935
2770,-0.00609911518499011,-0.0167027607584857,-0.00518960030834245,-0.0151852079835306
2771,-0.00783480928930091,-0.005266774996594,-0.0122487940745687,-0.0133280039182484
2772,-0.0161636778431713,-0.0354279505295611,0.00393603204401434,-0.0258890220356893
2773,-0.00271958994509178,-0.00378900635920031,0.0011680287489442,-0.00744642507891714
2774,-0.0239784162728803,0.0130323691981516,0.014910791089756,-0.0168503852993846
2775,-0.0141069504892402,0.0124788793376282,-0.00847423528892253,-0.0266357975162587
2776,-0.0268869782608899,0.0158189349090252,0.0209980902345451,-0.00428662587754954
2777,-0.0153003699921756,-0.0333010258348698,0.0042784044004418,-0.00168124498854946
2778,-0.0215983919127554,0.0172883322209926,-0.00777125366691247,-0.0186401066504015
2779,-0.0192168699489343,0.0180292848754862,-0.0105753389529642,-0.0211142110664969
2780,-0.0234727461247754,0.0172221355682971,0.00598610887644623,-0.0228018285964738
2781,-0.00751459618431471,-0.00105587448806495,-0.0118236605333062,-0.0222575574254359
2782,-0.023704685754884,0.0133532525992884,0.00563074700819082,-0.0282482464545497
2783,-0.00431755775798065,-0.0122998854664681,-0.00891058935154776,0.00457665168390417
2784,-0.0151234280651336,0.0208599882964764,0.00170821990661948,-0.0154336747440197
2785,-0.016565678943089,-0.00623875243833296,-0.0240273746519038,0.0420374593854476
2786,-0.0297394109122666,0.00822979764556848,0.0316727827748881,0.0167086686596444
2787,-0.00392373108585942,-0.0128765189906608,-0.00270803644803775,0.00924820534628959
2788,-0.00265548672716036,-0.00264700654942767,-0.00445403599303451,0.0016783053610408
2789,-0.0272469116838751,0.0148505925224685,0.00357400414964653,-0.0296048802503696
2790,-0.0016813980319597,-0.00099128520491607,-0.00260622233480075,0.000619391694530711
2791,-0.00977775924339481,-0.0286088463975888,0.0169755232914628,-0.00783156732284858
2792,-0.00222270846666968,-0.00280379752158317,-0.00400220067650482,0.00237694875160103
2793,-0.0158809334622585,0.0201144345933902,-0.00832154069936496,0.00751766623991563
2794,-0.0233843356519115,0.0238008576462862,0.00541808058033901,0.00823130170306551
2795,-0.028790544091892,0.00866825434252403,0.0253602286515162,0.0167532753455201
2796,-0.0249285870238922,-0.00747761158625694,0.0264332977855272,0.03349173067333
2797,-0.013366915380876,-0.021193624579797,-0.00839137010909109,0.0175946779907429
2798,-0.00764505273588998,-0.0359521774201174,-0.00219047110757171,0.0120825745946896
2799,-0.0153900262591989,-0.0369242332840685,0.0122555311508879,-0.00302195707772375
2800,-0.00447948076336796,-0.0100524406118852,-0.00154441533942152,-0.00174925962166094
2801,-0.0139440757560782,-0.00173521805573538,-0.010374662294682,-0.0234943391613921
2802,-0.0118979230933513,-0.00816927319718036,-0.0290653156191635,-0.00443727190621188
2803,-0.0170409957589195,-0.0134595403939582,-0.00321651572036198,-0.0170775879108219
2804,-0.0223207590329322,0.0184481176947972,0.0118171483206585,-0.00895960084236934
2805,-0.0135237281543088,0.0122721642891711,-0.0130965614306875,-0.017918742459041
2806,-0.0220599381080701,0.00350663305211638,0.0151247816718084,-0.0317613978132474
2807,-0.0233397896593447,-0.0116347700810047,0.0229252610804865,0.0225710371716011
2808,-0.024397966519473,0.0155010384601359,0.0118100019270286,0.0019870086266007
2809,-0.00901987038126752,-0.00419199202050508,-0.00911627576665089,-0.0251448163743224
2810,-0.017981296951227,-0.0485393616271716,0.0143738059900495,-0.00464421108514481
2811,-0.0122412022094352,0.00314670125761487,-0.00717516167570511,-0.0346129129897352
2812,-0.00533386751474117,-0.0109192084197406,-0.0110601814901495,-0.0117049006036351
2813,-0.00146439536587201,-0.00102614725788196,-0.00320718116372705,-0.00266659068992224
2814,-0.00113888696629411,-0.00119037977429022,-0.0010518016321537,-0.00176123782671293
2815,-0.0160446124276406,-0.0252187336257984,-0.0197338824644089,-0.0195615142081795
2816,-0.0188542844897712,0.00245821225171486,-0.00893134674004747,-0.0145912484687256
2817,-0.0212059171323988,-0.0328719363839193,0.0235073791889587,-0.0123202024813209
2818,-0.00798260928663658,0.00204415212921535,-0.0258192731241546,-0.00497938021474196
2819,-0.0173232598951318,-0.00109755840294883,-0.011040752264516,-0.0531988667511682
2820,-0.0226185187737228,0.0253720468725821,0.0031715970328057,-0.00862575997501922
2821,-0.0213494016129088,0.00625998229979475,-0.014710830084585,-0.0203919072997745
2822,-0.0244024770728819,-0.011698957508035,0.0166619049043037,-0.0236222005514019
2823,-0.0167556872859522,-0.00925389438626712,-0.0112503248204072,-0.0154966688362038
2824,-0.0273762686413658,0.00380137886841577,0.0262712261301032,-0.00976075275469263
2825,-0.0144657636857576,-0.0494586666838091,0.00930372777324405,-0.00846639228179369
2826,-0.0275290960120029,0.0188809344548458,0.0150620216072961,0.00655660543267821
2827,-0.0200799695687389,0.00497392982619634,-0.00614726469592308,-0.00402809833729046
2828,-0.0073329758800313,0.00239589255239999,-0.0223452577841854,0.00162849133780991
2829,-0.00666300529840634,0.00187942078283826,-0.0173359220467157,0.00345529128812134
2830,-0.00562777026319271,0.00533245370561933,-0.0191000124620631,0.00498022796080796
2831,-0.0269650478839957,0.0116340962392256,0.0133142347636232,0.00439582695054693
2832,-0.01218464743492,-0.0169023594891301,-0.032546224234708,0.00369441409314928
2833,-0.0162559658700426,-0.0177679257972211,-0.0189071475674693,0.0129533950711327
2834,-0.0063103796209008,-0.0228249367214357,-0.00131465198337508,-0.00733545438007438
2835,-0.00996169522670756,-0.00390618577511736,-0.0308189246150262,-0.00267976095299382
2836,-0.0114452001486293,-0.0237791819163927,-0.0134973521276826,-0.0134753031887267
2837,-0.00495925607127239,-0.00198378118165204,-0.0188470596564638,0.00742895888853238
2838,-0.0176313324644712,0.00361992493963416,-0.00429913518510648,0.0270601926704265
2839,-0.0267599012218818,0.0219839895160464,0.0109954635029335,0.00451610959775707
2840,-0.0212626529763122,0.0211537910369852,0.00223592504027354,0.00713147560502478
2841,-0.00947142196709943,0.0106673961482946,-0.0214078557949021,-0.00956084496916449
2842,-0.0142703809843737,-0.0265179768587423,0.0100080481474569,0.0219170100280019
2843,-0.00194331601020858,-0.00182018441264278,-0.00648064365160189,-0.0012026171788296
2844,-0.00128782083554184,-0.00279159210294639,-0.00229758194733435,-4.76498249218229e-05
2845,-0.00379834005902899,-0.00467940853346085,-0.00551363015980756,-0.0130092870651338
2846,-0.0249533599054596,0.0035407834571386,0.0103091973998306,0.030119679984722
2847,-0.0168468333202358,-0.0249823313480492,-0.0121829923688155,-0.0376602681161449
2848,-0.0255695236309598,0.00422247456668535,0.0180657317809098,-0.0344002507730645
2849,-0.014514744635364,0.00529427544195193,-0.0218141420187554,0.00685169498482324
2850,-0.00944621842947545,0.00719553017526105,-0.0246275633437687,0.00512856284041606
2851,-0.000687870266791242,-0.00183901968177953,-0.00061323845182533,-1.64965412837499e-05
2852,-0.0195957438176937,-0.00628011545892938,-0.00640586738038012,-0.0311306864216267
2853,-0.0184513935203913,-0.0286582616266239,0.0121114539804698,0.02195613641918
2854,-0.0227442156721244,-0.0132583746141312,0.015841834484214,0.00259261916054741
2855,-0.0141106824258543,-0.0334638316076391,-0.00775326057613168,-0.0118724828680476
2856,-0.0207655247075772,0.00335688816483886,0.0052508173618269,-0.0314257253049599
2857,-0.0222334699556741,-0.000896671451667434,-0.00610806253608389,0.0300442395105607
2858,-0.0273711904709085,0.00796809868543802,0.0256370822707937,0.0103248498408459
2859,-0.0108240189570596,-0.0169435869734092,-0.0163520825786438,-0.0201237816265927
2860,-0.0217760218527173,-0.0111756046567552,0.0124291549661836,-0.0298589647810134
2861,-0.0131408719334573,-0.0467502276199352,0.0120001349982675,-0.0198070503512498
2862,-0.015318011778365,-0.030354673998451,-0.0128150923582158,-0.0218928753882331
2863,-0.0161366894864108,-0.0375099875816597,0.0224033543784611,0.0184019487661664
2864,-0.0187882191508257,-0.0105966512072682,-0.00601325134400758,0.0443775308127575
2865,-0.0188942710587583,-0.0223994176500919,-0.00947683286971756,0.0232350175147785
2866,-0.0256599218300316,0.0184543531840246,0.0195518849356804,-0.0012893241498743
2867,-0.0234543785243534,0.0236845711135963,0.00890020206094498,-0.0101854999650135
2868,-0.0237499820703106,-0.0105122349292403,0.0170755875666093,0.036161201678396
2869,-0.000805158292931144,-0.00382333944901113,0.00232266749848501,-0.00168069909892525
2870,-0.000743884308296646,-0.000233556346669482,-0.00169509808467771,-0.00179914555920355
2871,-0.0162989942557675,-0.015350019121793,-0.0157460126097982,-0.018331171100778
2872,-0.0212626013337147,0.012742009693254,-0.0105525754019213,0.00540452304146107
2873,-0.0223458965907712,-0.0152375618575056,0.00602067529105435,-0.0140028268800356
2874,-0.0186812444900499,-0.0411940543795173,0.0197622904787183,0.0111119668001208
2875,-0.0178283114157688,-0.0387177478774683,0.0126456455599734,0.00639006115046274
2876,-0.0195816702290473,-0.0339871473419812,0.0200992609749753,-0.0107744361548017
2877,-0.00854627610473819,-0.0201928597770214,-0.00603455795785639,-0.0104514078537294
2878,-0.0166180598371216,-0.0334328840799007,0.0149933195986534,-0.0150781979099706
2879,-0.0139613778831952,-0.0418751025839484,-0.00747200016643316,0.00666135484030416
2880,-0.0252058060162969,-0.0154533097670011,0.022922386722107,0.00743688929561179
2881,-0.0161312032222187,-0.0355648901186999,-0.000911757989160334,-0.0355717535450225
2882,-0.0180351967798761,-0.0345536584581199,0.00425123906188429,-0.0114506031819849
2883,-0.0265584710537543,0.0119699121358013,0.0105414284729994,0.0230142573361109
2884,-0.0154022499203359,-0.0245199521601749,-0.000705022472421179,-0.00910776293983081
2885,-0.0240556689674246,0.00327285619270935,0.00654293503026514,0.0315000102360808
2886,-0.0276489211703113,0.0190597891560256,0.0231954208777062,0.00760034980883518
2887,-0.0229111433295531,0.00478276402018879,0.00274429651863785,-0.00291989571752658
2888,-0.011389916788355,-0.0206898792449159,-0.0246892241368251,0.0115217782578822
2889,-0.0277899684373176,0.0132779087885341,0.0243978620960212,-0.000838362219480874
2890,-0.0252749574802367,0.0126009353485088,0.00468029734336558,0.0309066039511423
2891,-0.00886091004018212,-0.0207242760419995,-0.0146582088129562,-0.00387183671965654
2892,-0.0234722230958457,0.024484695238635,0.00271806056407214,0.00236807756731872
2893,-0.0253113139029095,0.0077327435313857,0.0165360354330382,0.0188434458324639
2894,-0.0136325765762189,-0.0148841322348915,-0.0242826882269679,0.00252706365759901
2895,-0.0109360560183679,-0.024176227254081,-0.0134973782298471,-0.00322584183297756
2896,-0.0183071056111053,-0.022023132029836,-0.00759204561854789,0.0238444171865868
2897,-0.0143651363571505,-0.0243858152226067,-0.0151442692502774,0.0148646903457728
2898,-0.017348708904709,0.0231322453304937,-0.000508879718543359,-0.00478285371548461
2899,-0.0311486968391072,0.0191060956271205,0.0233568332730396,0.00102930468175623
2900,-0.0149437605805629,-0.0062406441347537,-0.00541148311175001,0.0381963098219104
2901,-0.00247353066704781,-0.00763776584499446,-0.000984667088300115,0.00787915452940357
2902,-0.0152504565184102,-0.012938002931873,-0.0015359532873234,0.0081729567056961
2903,-0.0134139316610493,-0.023944702433548,-0.0126427016833612,0.038035792092032
2904,-0.000159178716972922,-0.00113106007431829,0.000101800699693048,0.000871316687348222
2905,-0.0134449406258498,0.0086535646454899,-0.0366068816516631,0.0133394407366321
2906,-0.00430147995343094,-0.010996282629952,0.0161309909319473,-0.016050639915402
2907,-0.0102276759170271,-0.0177812078544908,-0.0085591833621477,-0.0191573387894112
2908,-0.000109304605485546,-0.000485984150778869,-1.27350327768263e-05,0.000929016671907592
2909,-0.0086448131796089,-0.0167405644188461,0.00958263295434458,0.0165567948137853
2910,-0.0182595431034878,-0.0185592626877278,0.00156907132326893,0.0418028933011182
2911,-0.000614879706711234,-0.000187129165814375,0.00156729393395484,-0.00135562958155308
2912,-0.0119865355600427,-0.0210605703565093,-0.0174196639176531,0.0126595991264656
2913,-0.0112372839552084,-0.0258145609594437,-0.0180736190955717,0.0161992110004486
2914,-0.0210910246307403,-0.00900165046393608,0.00898588054651804,0.0416539026106246
2915,-0.0118306785585967,-0.000498984691177749,-0.0205128830032321,0.0141803223300446
2916,-0.00162343873509805,-0.0039252412693962,-0.00293948139938009,0.00284864336552305
2917,-0.0118743634581255,-0.0320635001444013,-0.0130460720899664,-0.0157263973504954
2918,-0.0120645079772497,-0.0315507606887295,0.00527233773310906,-0.0232248946525672
2919,-0.0148295565750063,-0.053338945658981,0.0176920886928526,-0.0131582014211804
2920,-0.0196997678650364,-0.0268362103698806,0.00720838040706543,0.00474602880486085
2921,-0.00112419003761646,-0.000871016779404183,-0.00323685261287534,-0.000829088518562554
2922,-0.00742328868499033,-0.0102082409461469,-0.0149816670108004,-0.0138336089549853
2923,-0.0141859869487361,-0.0111142362168379,-0.022342371282701,0.016133300903293
2924,-0.00674247925395464,-0.0105545888209893,-0.0123329604499903,-0.0197656188339856
2925,-0.00260386245322466,-0.00897073895023687,0.00189978461292832,-0.00335638892672186
2926,-0.0124041853400555,-0.0184912383063678,-0.0172412888688176,0.00748125716265739
2927,-0.0182664388117906,-0.0114857269032872,-0.00832276538225486,0.0180024743814186
2928,-0.0121189236942259,-0.0226515843171455,-0.0101392354621885,-0.0162778889089608
2929,-0.011524284942622,-0.0138044814181498,-0.0274880328521195,-0.0186413765818465
2930,-0.0207344372156179,-0.000414166416238019,8.42884590391713e-05,0.0291387000545217
2931,-0.0172141290582307,0.0226225488433612,-0.00601293484745044,0.0148701059095615
2932,-0.0299244025017898,0.0256607098283994,0.0164150829324572,0.00935127640987874
2933,-0.0284254929790986,0.0158888935754255,0.0194165932592852,0.0208807822167492
2934,-0.00185429858077839,0.00267250275569503,0.0013594728881368,-0.000824918981861433
2935,-0.013915628568496,-0.022154122387322,0.022301512101426,0.00982717242497871
2936,-0.000294425568279344,-0.00115267699309454,-0.000242278331704325,-0.000519488791802015
2937,-0.0183839455246114,-0.0344974553887046,0.0142012008008741,-0.00355043571753488
2938,-0.0186946897846407,-0.001759608724791,-5.06930706783224e-05,-0.0514058743803854
2939,-0.00197928962413714,-0.00660173793652316,0.000823908674921554,-0.00978020511042053
2940,-0.0222002156763657,0.0167795570801554,-0.00316316211533294,0.0212985140315114
2941,-0.0183546007250588,0.0272811583271588,-0.00493671713558478,-0.0120886407320218
2942,-0.0223512047199768,0.0158639545899809,0.00619284866516407,0.00516657745965368
2943,-0.0129481117888851,-0.0247580504770671,-0.0143745747376396,0.0148945117359514
2944,-0.0274522059992335,0.0213327413852662,0.0113324422229805,-0.00309867403340266
2945,-0.0278275090509449,0.00663158337332118,0.0324746859342283,0.0155671371241721
2946,-0.00596144818072456,-0.0111952108668921,-0.0147656944709066,0.0124066289601174
2947,-0.00503933198248387,-0.00572966956317851,-0.0075144453433229,0.012041698067055
2948,-0.0206258174220554,-0.0169326180714327,0.0186990337578209,0.0231891643735102
2949,-0.000428814963315774,0.001255320972221,-0.00658244191520185,-0.000550263397927505
2950,-0.0117097092566897,-0.000862542560585173,-0.0268292300624169,-0.00556984252702805
2951,-0.00112192082304999,3.80551068494788e-06,-0.00315465484719765,1.46877874236445e-05
2952,-0.0154247318506128,-0.0350261135974296,0.00708817764737565,-0.0169031315836956
2953,-0.0254192802262333,0.00122543176573898,0.0236292054846102,-0.00412965214659019
2954,-0.0211792917544116,-0.00967596230444436,0.0132181671494973,0.0120467071045853
2955,-0.0083447244171984,-0.0325353035395091,0.00161553019981518,-0.012086007239317
2956,-0.000520509079258994,-0.00213849494262641,0.00347335364769526,-0.000112595397456383
2957,-0.0226915829147281,0.0193827435931327,0.0126181928433598,0.006131623464618
2958,-0.024949514835946,0.0129562750038918,0.0180520229540801,0.0159715013099285
2959,-0.027407086479104,0.0164447264196568,0.0198836110987387,-0.0101415085499036
2960,-0.0249184380638115,0.00566849104258405,0.0228496881572166,0.0191765076346852
2961,-0.0136771191427496,0.020119577663662,-0.00507500654865657,0.0224805406965857
2962,-0.0266457118634083,0.0173057133282886,0.011074083685548,0.0202132800499994
2963,-0.02174876271609,0.00732515529428027,0.0078773332396021,0.039694775674194
2964,-0.00934059158096993,0.0127830262935776,-0.0193072383220411,0.018579970523429
2965,-0.0217309660899756,-0.00550663332961732,-0.00243876297103613,0.00955052527596772
2966,-0.0163374733791104,-0.0357780372265381,0.0236009726333977,0.0131045322335476
2967,-0.0123618516168034,-0.0221855340925118,-0.00951474735652206,0.0140146695941906
2968,-0.00098911126619366,-1.92371826556773e-05,-0.00174455399579804,-0.00730580064151155
2969,-0.0233068639827972,0.00662594725564067,0.0132074595524384,0.0276839296585077
2970,-0.0225936511038003,0.00999456353478321,0.00562173838327673,0.0320642728602329
2971,-0.000705121828971742,-0.00290570489235899,0.000110906938608666,6.87939903449934e-05
2972,-0.0132091848245132,-0.0202638565636505,0.00497985009917924,0.0154018669524769
2973,-0.0234711131489673,0.00758698978465592,-0.00250187897891743,0.0290088910309984
2974,-0.0130318969662649,0.0152575055324996,-0.00145303676553606,-0.0109453156731533
2975,-0.00709499283903061,-0.0211797924819792,-0.0046607224178795,0.0095992979850615
2976,-0.0162411395350655,-0.020509966862904,-0.0063843628206949,0.00897264716825816
2977,-0.0239215091715588,-0.0185594734207645,0.0167426789485183,-0.0129173635802008
2978,-0.0190023504921561,0.0131682838124236,-0.0148823569577633,-0.0174592739750944
2979,-0.0252935753385376,-0.00819613035083225,0.0181485586180266,0.00886345220307003
2980,-0.0102002257269582,-0.039241028078152,-0.0126472034969174,-0.0227176725554313
2981,-0.0182801261759645,-0.0273742969930127,0.00824339789176984,-0.0255022905184201
2982,-0.0213480839518425,-0.020520817022687,0.0240908482872391,-0.00937514767204768
2983,1.75483252598653e-05,0.000524209076544532,-0.000177172104802357,0.000546005222053077
2984,-0.0268576180103877,0.0161577825084983,0.0204728123072855,0.00725873140524226
2985,-0.0197293249320063,-0.0147587174482581,0.00512654862482914,-0.0141402909229507
2986,-0.000426457811802876,-0.000832721248258241,-0.000872182108312703,0.00061921597738458
2987,-0.0173985136487874,-0.00110225204498293,-0.0163932997667851,0.00294612388213126
2988,-0.00111197686922466,-0.0053450535853607,0.00658806653172037,0.00172581075231363
2989,-0.0165108468429243,0.0188984024598805,-0.0111798644162816,-0.0107956932566673
2990,-4.13443892576848e-05,-3.85940167062688e-05,8.43818442168984e-05,0.000757466427776339
2991,-0.0280989286112897,0.016986862713588,0.0225739682479272,0.0114995354433098
2992,-0.0138252674199451,-0.0282275713930769,-0.0136918951312603,0.00861650671576086
2993,-0.00128306816593717,-0.00190789985850767,-0.00309906589002949,0.00014936344527658
2994,-0.0211945119873108,0.00940928260973979,-0.0179019111163151,-0.0169080773982533
2995,-0.0167944266754032,-0.0104128523780103,-0.0164574589805755,0.00157950979136023
2996,-0.00456548758623486,-0.0161931126681908,0.00518580760760826,-0.00279735096586088
2997,-0.00146785342636518,-0.00131878503113885,0.00226131017097561,-0.0125836000977267
2998,-0.0130732083835459,-0.0365177568286456,-0.0058261057870192,-0.00455282227320173
2999,-0.00936957707619524,-0.0202617523275552,-0.0148288906562055,0.00120356011656258
3000,-0.0233172972572419,0.0200100553435186,0.011602224670389,0.0108303827884929
3001,-0.000378991453618866,-0.000117894623155577,-0.00107052595621629,0.00049438055106394
3002,-0.00876972350122542,-0.0261075584627647,-0.00326663358794568,-0.00211972963649632
3003,-0.0117624141148096,-0.0314592316449988,-0.010332050223965,0.000581869792817511
3004,-0.00812171374442577,-0.0277360877763854,-6.41511454198268e-05,-0.00286243589566228
3005,-0.0131977238683181,-0.0452468743289472,0.019278820975537,-0.00903207966332534
3006,-0.0128100216212788,0.0135496212217888,-0.0245303096440379,0.0197331009380504
3007,-1.09469749797284e-05,-1.40931219159832e-05,-6.62166082443073e-05,0.000207983849347425
3009,-0.0169039433249976,-0.0248520553786391,-0.000575795823388299,-0.0190806204096593
3010,-0.00209775117741298,-0.00262671260422145,0.00417675566126367,-0.00414544528873454
3011,-0.00101899742055663,-0.00375501844331669,0.000796300289647059,0.00647031398051679
3012,-0.0130746440279578,-0.0128025558854614,-0.0127484594712628,-0.00345469642219516
3013,-0.000495016247096264,0.00227039244991393,0.000305348986794496,-0.0039656346916172
3014,-0.000196283062353411,-0.000594323784915329,-0.000437612954601344,0.000250340837212429
3015,-0.0143834567796226,0.00922279778581456,0.0061252253763595,0.0176901732891492
3016,-0.00840647544210583,-0.00634575242908182,-0.0103536276521793,0.0120258937901075
3017,-0.00802118016817434,-0.00586574187063056,-0.00813956184569231,0.0194055946137546
3018,-0.0133009484753245,-0.0267632532257391,0.00670796745757159,0.0233117821575444
3019,-0.00162396281895117,-0.00571305118920008,-0.000880017108976266,0.00365071390515981
3020,-0.0123510188486177,0.0106529665977054,-0.0290699480347524,0.00226028102923089
3021,-0.0193156108762211,-0.0124127591584514,-0.00330577342868715,-0.01988525615284
3023,-0.0254116672937665,0.00154902392889515,0.0111848323254518,0.0291268051274033
3024,-0.0183984975769369,0.0123531294469619,-0.018992416080949,-0.000436473617947685
3025,-0.0114761375556809,0.00930993692376684,-0.0324986829722204,0.000970441962859301
3026,-0.0195762800829657,0.0181074726470063,-0.0111614933574994,0.00980793458574689
3027,-0.0223494362613605,0.0101886725971473,0.00235938242714565,0.0253010250120016
3028,-0.0195428089379218,-0.00928962597341049,0.00368300239466481,0.00402998060659232
3029,-0.0244717937988263,0.0158176984033742,0.00102158343257901,0.0277360910051614
3030,-0.0262396659412168,0.0175417975904277,0.0193183900793369,0.00841218515191383
3031,-0.017393857836108,0.0108741487764906,-0.00925108109760833,0.00975841649176194
3032,-0.024432623410098,0.0143179671716775,0.00137678245041346,0.0161441740404922
3033,-0.0268090153002947,0.0233119438546678,0.0155654291324527,-0.00538233099904452
3034,-0.0176548347206836,0.0194282755607324,-0.0118101447768167,-0.000990496495124497
3035,-0.0149392169819086,0.00548556390265244,-0.019621042533518,0.00241002323426952
3036,-0.0185616663557361,0.0169402192281646,-0.0236357173535208,0.0110992357747152
3037,-0.0203469416527541,-0.0150528665926035,0.00565259907948875,0.0364466855485229
3038,-0.0207466729784901,0.00408460944228892,-0.00906032429316709,0.0245029865703319
3039,-0.0168474287415023,-0.00770402658009752,-0.00814620946640077,0.00326629733865759
3040,-0.0222349317762605,0.0131221577753812,0.00977347955966534,0.0154356242806884
3041,-0.0199014762385439,0.0118686052177515,-0.00278461380975182,-0.0137534655088676
3042,-0.0295047370396509,0.0107669709652344,0.0262426452328743,-0.00218550141700566
3043,-0.0202114541341122,-0.0198278334031907,0.0176665712284035,0.00580465435084635
3044,-0.026536473377018,0.0123208394131989,0.0224825129980024,0.00359832039342802
3045,-0.00810963016438004,0.0119189404695224,-0.0223854970820193,-0.00421889822368757
3046,-0.0180910169550233,0.0150733887891209,-0.0173006748885287,-0.0152106536937357
3047,-0.0170882195831621,0.0100842336082925,-0.0276888777780755,0.0229739269132688
3048,-0.0230324747942969,0.00353839507433541,-0.00769268671735448,0.0384692923799477
3049,-0.0180699453312317,-0.0129798299721979,0.00660461510161858,0.00884728188040676
3050,-0.0185918668858713,0.022754244742726,0.00078695810781041,-0.00154360811354168
3051,-0.0201343133297491,0.0159148954974019,-0.00686575169330685,0.0032456613655301
3052,-0.0176559499978278,0.0139918997675834,-0.00989660328881508,0.0073598927287425
3053,-0.00828338191538846,0.0088520927554502,-0.0118444749849338,0.0182446691919422
3054,-0.00108764516423067,-0.0024554226000876,-0.00206780918028065,-0.00148476458960091
3055,-0.00066257757543888,0.00289929144021914,0.00242996495643148,0.000125707019757584
3056,-0.0138899623965309,-0.0312385722102171,0.00481466002249687,0.0201844247748058
3057,-0.00358174200599097,-0.0110547201837923,-0.00561162345700419,0.0021568371234356
3058,-0.00708411212560156,-0.0183089309219999,-0.00281696148655,-0.00240906402768024
3059,-0.0120811107360124,-0.035810093659882,-0.00464520724043704,-0.0236366277848499
3060,-0.018548526945395,0.0173678986977763,0.00257007150166369,0.0126516688318706
3061,-0.0122657122060824,0.0122066133330044,-0.0114842984791765,0.00954212713574756
3062,-0.0158704710762141,0.0109315359367191,-0.00797915193660872,0.00797865161555029
3063,-0.00175164221092404,-0.0060062884943148,-0.000434129524914272,5.8086935289301e-05
3064,-0.0126555136516643,-0.0307622865945668,0.0180718685485401,0.0122659626590767
3065,-0.000300945862420656,-0.000241281193140143,0.000501598712798247,-0.0026651046866094
3067,-0.000813355476074453,-0.00105331287003553,-0.000107724754156156,0.00019115697780181
3068,-0.00249563999647084,-0.00935165471297717,-0.00778017852702085,-0.00219893684208151
3069,-0.000718862175210772,0.000923567277061338,0.00173584630144007,-0.00287720684958993
3070,8.1559093862317e-05,-0.00252957339861287,0.000147678202951836,-0.000878666405107867
3071,-0.0188716740032868,-0.0259039907296023,-0.00261879617822784,-0.00181788872218463
3072,2.78609639403969e-05,0.000243645355596965,0.000647122786606521,-0.0033156712246981
3073,-0.0249154671420208,0.0140340815237782,0.0145827922492256,0.0126446649903679
3074,-0.0122233463688876,0.00585170166585721,-0.0221827599254826,0.0197026983577493
3075,-0.0225764253405696,0.0225339372854685,0.0100594712221381,-0.0140217418857383
3076,-0.0234619371617984,0.0228585302684327,0.00539841037672677,0.00349772195319067
3077,-0.0113083753869096,-0.0201626203319792,0.00557417956580148,0.0257237308475863
3078,-0.000891008956821978,0.00244139293142037,0.00292430451116166,0.000423925466994286
3079,-0.0129150332658425,-0.0330702739561103,0.00183091275126222,-0.00988409215167968
3080,-0.000998418655341093,-0.00406394778755392,0.00325005311776824,-0.00196763118939801
3081,-0.00942792415315173,-0.0302582854596793,-0.00727802032314089,-0.0163196593141352
3082,-0.0208542917402337,-0.0334018382319905,0.0192574200524742,0.00308306271220241
3083,-0.0181795193966266,-0.00728550266245495,-0.00348586318104846,0.0149850922896412
3084,-0.00940330808296662,-0.0210151004607136,-0.0138456121746379,-0.00778891505409946
3085,-0.014592234390455,-0.0318606234587122,-0.000454091251239674,-0.0246516941244616
3086,-0.0117606690597446,-0.028106852055235,-0.00823595351529025,-0.0245805977657393
3087,-0.000189495726809433,-5.89473115777883e-05,-0.000535262978108147,0.00024719027553197
3088,-0.00536659434984045,-0.0076297898625737,-0.0177958692224931,-0.00293617034443434
3089,-0.000731408809481504,0.00174173648087779,-0.00147533404772233,-0.0066812683418168
3091,-0.0177399527357868,0.0232686583161294,-0.00294340085622928,0.0161501291132715
3092,-0.0252896011690379,-0.00170307817627827,0.0189172619828804,0.038344098264584
3093,-0.01098208151383,-0.00709114270668954,-0.00494215432432066,0.00840602367065657
3094,-0.00616938055355462,-0.0170888052823797,0.00669930984692567,0.00884269177887214
3095,-0.00895937266208347,-0.0280770418733235,0.00197715146671865,0.0110527910298795
3096,-0.000378991453618866,-0.000117894623155577,-0.00107052595621629,0.00049438055106394
3097,-0.00141100923022252,0.00422129415863718,0.000166855032649441,0.00383216292399844
3098,-0.000130310982626081,-6.59494786305681e-05,6.86496421048219e-05,0.00186018446379478
3099,-0.0163022655495822,0.0144286862085306,-0.0102072592840607,0.0160927445834268
3100,-0.0134324359005628,0.0157943134455759,-0.0198086166562597,0.018111272608123
3101,-0.0176379409784111,0.0171757418518788,-0.00789858033934146,0.0242891249220686
3102,-0.0205644585999509,0.00937726803883275,-0.00456049483490878,0.0161867044435767
3103,-0.0256375006484718,-0.00174155950576864,0.0253593181464783,0.0103134696346535
3104,-0.00933827772847859,-0.0281543549658152,-0.00661124440462401,-0.00158735450121397
3105,-0.0149678966690167,-0.0372385588839588,-0.00413021254589188,-0.00616589426124406
3106,-0.00789499366242834,-0.00852546564238178,-0.020203292551894,0.000557053473190412
3107,-0.00776404846656145,-0.0206470722387467,-0.00780115473590159,-0.00291345825598545
3108,-0.0242411788950093,-0.0104647951537854,0.0237445436537069,-0.0191976745381775
3109,-0.00295141620484304,-0.00364812885811785,0.010018650458398,-0.00475850094038221
3111,4.98163174540156e-05,0.00121466157000925,0.000926988390404873,-0.00623971285748798
3112,-0.0104199201231131,-0.0267236677604453,-0.00523865000358992,-0.00786453060636852
3113,-0.014397563515533,-0.0197922251046285,-0.00793284587698616,-0.0200147002893925
3114,-0.0103163694123298,-0.0235323795892227,0.00859090538410039,-0.0372266568295668
3115,-0.0157962122835199,-0.0445031506798796,0.00402432058648388,-0.0166078078730577
3116,-0.0194688687352617,-0.0261675273480897,0.00965187156900468,0.00539200568943178
3117,-0.00801255544915236,-0.0128722176226539,-0.0200818173496013,-0.00176745787464543
3118,-0.00553931123903709,-0.00526661954701927,0.00670186841895931,-0.016866730310487
3119,-0.00678108071423393,-0.00845617183649055,-0.0170825063849299,-0.0233293267018173
3120,-0.00136061589669474,-0.00672968352453725,-0.0025948400889795,-0.0047604119891263
3121,-0.0218313707401217,-0.0162732726291169,0.0042543137416044,0.0108146519055889
3122,-0.00913153433810857,-0.0216722816145492,-0.0110381631904928,-0.0186425266020256
3123,-0.0192044025593822,-0.0290949453047862,0.00351794627007676,0.0061770139322404
3124,-0.00548476818246081,-0.00502060928611102,0.00481689025320092,-0.0287293798022419
3125,-0.000887052349414109,-0.00311648240481246,-0.00228370010695871,0.00332143256168831
3126,-0.00120246188448983,-0.00310431113954555,-0.00316348406510191,-0.00139655784670603
3127,-0.0177564783242882,0.0200376114615942,0.00332734002426015,-0.0112744029476589
3128,-0.0199374874040848,0.01205993651654,0.00642566621164267,0.014326791593457
3129,-0.0160322308349256,-0.0302267475722701,0.00529874919348247,0.0395154563447979
3130,-0.0222452776582949,0.0009185320072043,-0.00509199253038139,0.0224165115361925
3131,-0.0257120353114002,-0.00771713150346397,0.0256010239628289,0.00311724892767639
3132,-0.0280205711911072,0.014238703536532,0.0166158964193665,0.0197525025743833
3133,-0.0278504708585905,0.013194315199548,0.0238010474403014,0.0131483906998804
3134,-0.0278319168167223,0.00657531386192447,0.0284331493105152,0.00785942073393249
3135,-0.0287769601054134,0.00992495955866476,0.0268916186436306,-0.00616111669336375
3136,-0.0189739779034361,-0.027387718097243,0.018685713623657,-0.0255178242175948
3137,-0.0217665520577489,-0.0235427953331988,0.0198877877250356,-0.0264468643551752
3138,-0.0224044102696038,0.0026660909588513,0.0110777330219596,-0.0455666283143402
3139,-0.0123602821118354,-0.0144330628791183,-0.0098851329282435,-0.0246565363024798
3140,-0.0150354118336698,-0.0288299411846136,-0.00939857340102594,-0.0213955298682415
3141,-0.0164341482323258,-0.0167955255975096,-0.0124541952698416,0.00765852881559055
3142,-0.0135396136891108,-0.0353762060795858,0.000277808455489086,0.00119678153874269
3143,-0.014717893133423,-0.00998851559072756,-0.011905500968173,-0.0293785228616402
3144,-0.00191918313108512,-0.00146147382361873,-0.00285523170820369,-0.00112592403645996
3145,-0.00503470987562454,-0.0127660015430381,-0.00780173000493988,0.0049731077404979
3146,-0.0108208423519643,-0.0189067631681108,-0.0137054388280046,-0.0519325237920969
3147,1.75483252598653e-05,0.000524209076544532,-0.000177172104802357,0.000546005222053077
3148,6.11693203967378e-05,-0.00189718004895965,0.000110758652213877,-0.0006589998038309
3149,-0.00281753948457307,-0.00700167034528826,-0.00373847866964301,0.00186361762340044
3150,-0.0168929767038041,-0.0311824083847113,0.00922712962661383,-0.0111305506119533
3151,-0.000651029811527526,-0.00203109657042933,0.00023530986233552,0.0018497841065971
3152,-0.00148418648577923,0.000281607540919926,5.12993637328283e-05,0.00218852283835708
3153,-0.000217184971043468,-0.000109915797717614,0.000114416070174703,0.00310030743965797
3154,-0.0247285850921453,0.0033683295429811,0.0249307504708974,-0.0270913785508963
3155,-0.0127056014435508,0.00291680964239709,-0.026773506359904,0.00566686132132236
3156,-0.0269548877641278,0.0138484127677533,0.0163878959937607,0.0137524519886902
3157,-0.0138306283335609,0.00722833930863979,-0.0268524009879486,0.0078064311256061
3158,-0.0141917769302942,0.00909287616838769,-0.0235112597788739,-0.00440677423568258
3159,-0.00956040012946263,-0.00711508768194544,-0.0203905839826686,-0.00877060588501278
3160,-0.00509528048325081,-0.00199161930945175,-0.0107370008515015,-0.00829254181639822
3161,-0.00944885790360693,0.000542662278447285,-0.0311321942310601,0.00457562702558361
3162,-0.00851401799357785,-0.000426981999618045,-0.026871246497022,-0.00167118140525516
3163,-0.00731171715569552,0.00281389591475057,-0.0329325695485991,-0.00510237698258567
3164,-0.0143688160679347,0.00547564306049012,-0.023373301860642,0.00167267617676431
3165,-0.010746672772988,-0.01726438483431,-0.0213875353290803,-0.00599734163057605
3166,-0.0260586898526497,0.00840454486776812,0.012200967449778,-0.00833350498059388
3167,-0.020714204831715,0.00362381680226916,-0.0190167516904458,-0.00545912399316908
3168,-0.018763186423097,0.00434886999424394,-0.0253320292000901,-0.0023671552439502
3169,-0.0130623738531459,0.00132373184553907,-0.0407502834575352,-0.000748448876499527
3170,-0.00674656201860276,0.00217402282005542,-0.0283486803633648,0.00286239018766556
3171,-0.00915983871824599,0.00375361462167344,-0.029655515488706,-0.0264548492785157
3172,-0.00827091638071289,-0.0245521390644258,-0.00363246789590145,0.00187489281209385
3173,-0.00758905447418146,-0.00768960967896384,-0.0209475678824849,-0.00941389111927173
3174,-0.0232566661542906,0.0107967405038103,0.00238703093249721,-0.0126781098803872
3175,-0.0206685111408063,-0.0185492858203323,0.00606178910609778,-0.0215550896239981
3176,-0.0185884679980392,-0.0124244055925927,0.0056178054715719,-0.0473070031489659
3177,-0.000721179507520541,-0.000271104155813564,-0.00102803540273731,0.000416614334692701
3178,-0.0281596857239832,0.0188163171895099,0.0156662527133783,0.0128055747989554
3179,-0.0226323770427237,0.0255824454834824,0.00574790691875257,0.00131670977161555
3180,-0.00349741166427356,-0.00996599793082653,0.00349695720139673,0.0037175192383505
3181,-0.0184452144760374,-0.00740965779185654,-0.0123595400026963,-0.00116838789353362
3182,-0.000973887850880304,-0.00201588792039248,-0.0019608742581136,0.000141726447837707
3183,-0.0106885807430414,-0.0294067410012578,-0.0105929786048098,-0.0128179058972739
3184,-0.00661528372618591,-0.021478474843498,0.014089649454209,-0.00982962280899579
3185,-0.0132358446956494,-0.039993024977805,0.00318188002749932,-0.00479687649645648
3186,-0.0144709305363736,-0.0243861136030685,-0.009597615976245,-0.0403498299616
3187,-0.026959680929376,0.009468722759778,0.0220791256761019,0.013147294881994
3188,-0.00592596432737588,-0.0171873528993423,-0.00784871499103618,-0.00413475503046869
3189,-0.0221596413739292,-0.00564199051652807,0.0058636086548178,-0.00152006911013419
3190,-0.03060253512819,0.0211748869492654,0.0300183857789719,0.0035327939516976
3191,-0.0177570844047589,-0.0185737673578663,0.00585013695090014,0.00747011557189171
3192,-0.0132571604824781,-0.0174224798400447,-0.0143883020070695,0.00654940196127676
3193,-0.0256295571220697,-0.00248579304594816,0.0220126417548716,0.0270621129616876
3194,-0.0143092416934569,-0.0196971900117808,-0.0179116890181185,0.0178305693769653
3195,-0.0180000309575927,-0.00652309673210816,-0.00889968862017319,0.0133655814625903
3196,-0.0146543434940368,-0.0180579558419994,-0.0188458550078675,-0.0198181453433667
3197,-0.0120618869530745,-0.0152036372115379,-0.0114179054279429,0.00833162257129764
3198,-0.0274792134512412,-0.00808044211354822,0.0163921587936442,-0.00184425981197425
3199,-0.0195573752482313,0.00756287063866282,-0.00675153025160797,-0.0298192197962945
3200,-0.0123485805226252,0.00528216512873322,-0.0293657063197385,-0.00570221347766684
3201,-0.00995994276329964,0.00240963009798507,-0.0265314992188526,-0.00608890581538887
3202,-0.00815832427659662,-0.000143747803191107,-0.0232836475209642,-0.00896645789086885
3203,-0.00723769789232655,0.0058520680247023,-0.0249677442199349,-0.0133094787248077
3204,-0.0269941961609951,-0.00764374436392328,0.0280650572193331,-0.0143784124040097
3205,-0.0128450576901834,0.00813860005440075,-0.0331857550087729,0.0159267008386598
3206,-0.00269982248332492,0.00373903973057249,-0.00916294359797269,0.00135451892360688
3207,-0.0160421969221919,0.0151938883655197,-0.0092883123735482,-0.0245119581825913
3208,-0.010208250386998,0.0185165012803803,-0.0228824726801814,-0.0187774690923604
3209,-0.00915762706838191,0.0142879223179657,-0.0235430674875549,-0.0196294176325057
3210,-0.0211424744024795,0.0229087589945045,-0.00731201076789055,-0.0125397129879869
3211,-0.00811767556687264,-0.000475184672035988,-0.0235560428313346,-0.00989916587510608
3212,-0.00213071366023569,0.00149847440422628,-0.00814820731671028,-0.00857608061331613
3213,-0.0181704531115307,0.0221339433741346,-0.0202952167130826,-0.00829970625325977
3214,-0.0165080221081082,-0.0138039677634948,0.000347634629015447,-0.0280523196996026
3215,-0.0117234001112721,-0.0263455175217123,-0.0118460439775756,0.00129748748392293
3216,-0.0135341205392651,-0.0410453384130188,-0.000361938781769723,-0.0212116679587295
3217,-0.0268962395998397,0.0196789868573517,0.0128153111602104,0.0116784985779758
3218,-0.00887077762823084,-0.0187824996809584,-0.0150932800561593,-0.00898167164761788
3219,-0.0238341098367895,0.0208612522007878,0.00526857863499502,0.00140459374180653
3220,-0.0218625256200373,-0.011462669410822,0.00126887866170214,-0.0156197790196214
3221,-0.02132420890557,0.0230247047607055,0.00369829651819649,0.00776019231071481
3222,-0.0104510437298688,0.0148981660972508,-0.0109730627854427,0.0256003428678703
3223,-0.00811414850789424,0.0122263217220119,-0.0190482668295405,0.0207527738489007
3224,-0.0147049680521172,-0.031924157167807,0.0091361611409944,0.0139816791247355
3225,-0.0184489195892983,-0.00211196247702825,0.0108318793572544,0.0173381817975832
3226,-0.000399014983871354,0.000972255515904009,-0.00197503274865579,0.00105700858952524
3227,-0.0110445940255446,-0.0174786084073298,-0.00998422484130256,-0.0135695579636323
3228,-0.00013240041504455,-0.000614904854298725,-1.77459992887819e-05,-0.000276328522866666
3229,-0.0249389113535502,0.00404389859132694,0.017063741036128,1.54732361832157e-05
3230,-0.019806722481704,-0.0358510879588452,0.0180285017548523,0.00124649394544945
3231,-0.00221189546033835,0.00218974300368934,-0.00899102758907531,0.00183357778049672
3232,-0.00494059602574507,0.00696157914326591,-0.0146893318797849,-0.0195552813897835
3233,-0.00639286570412536,-0.0173348403989777,-0.0153569225430921,-7.53665495704511e-05
3234,-0.0194102140793239,0.00930806084751443,-0.0223095191960093,-0.0029795296925946
3235,-0.0194874450410503,-0.0303791847363746,0.0247148620268797,-0.0240899782821552
3236,-0.026358519702776,-0.00810024628182691,0.0265153213670214,-0.00221256092787376
3237,-0.0217750626054968,-0.0290359313149606,0.0152282882003532,0.00247810548576543
3238,-0.0159549508178792,-0.0411125928524102,0.0253566257147015,-0.00911317132972547
3239,-0.0285153102153793,0.0128354513961469,0.0241727476407201,-0.0122028340734533
3240,-0.00100971257186384,-0.00183919916243101,-0.00287166393830457,0.000588595548727393
3241,-0.00602891274459975,-0.026065452090688,0.0166897832282477,-0.00781131174429968
3242,-0.0038025996889109,0.002840956654362,-0.00275864390618501,-0.0204566052708766
3243,-0.0156984993346532,-0.0416229166748653,0.00621649934667134,-0.00893051343766572
3244,-0.026387294309677,0.0125706491203226,0.0240555413811409,0.00682647044451472
3245,-0.017862509011817,0.0149950571242575,-0.0168821571587208,0.0215368283137377
3246,-0.0198658994180266,0.00528729136999682,-0.00850380154271352,0.0120788957465077
3247,-0.0206962131005882,0.008714885709892,-0.00929726072645788,-0.0397797156440262
3248,-0.0185222162314855,-0.000202458945834494,-0.023795420194084,0.0182893011318882
3249,-0.0285549470556072,0.0105449910909112,0.0266164179136503,0.00986993944813169
3250,-0.00121480690374569,-0.00129284863262812,-0.00323332598651722,0.00162308888244064
3251,-0.0165505718152301,0.00852457805760927,-0.0246626810206439,0.0116385439819719
3252,-0.015538686200218,0.0293004909963993,-0.00487744538571743,0.00938202511870572
3253,-0.000276227674535023,-0.000633501723202363,0.000185820606176566,0.000739044562162968
3254,-0.00258732578497582,-0.0089147237366131,0.000705799099208136,-0.0236783002661297
3255,-0.0163754996413741,-0.0158510893583026,-0.00848725529573602,-0.0306667548814374
3256,-0.00363027509656645,-0.00755456884671418,-0.000391548635047831,-0.0234874546868085
3257,-0.0181863066498986,0.0205418185294346,-0.0113806551282258,-0.0196856840119749
3258,-0.00497027244727629,-0.00957996737182186,-0.00140718649122953,-0.00673618932849329
3259,-0.0124273646541692,-0.00697014086191432,-0.0261230235774999,-0.0118052583227668
3260,-0.00589741588995152,-0.017521887233168,-0.00876366171430609,-0.00751654751447181
3261,-0.000252475323911196,-0.000350104651953473,-0.000616396369838767,7.49024615991058e-05
3262,-0.0228670510387459,-0.000743567034133756,0.0129072772862339,-0.0312703957528091
3263,-0.00604492065726088,-0.00838968734692837,-0.0152613512720458,-0.00224073716927933
3264,-0.0131779696880202,-0.0253194010485718,-0.0093768624158869,0.0036742182735836
3265,-0.013357122074911,-0.00888432897007317,-0.028667290323436,-0.00192265451244799
3266,-0.023808871056403,-0.0115035073127152,0.0166469024395419,0.00116988488652104
3267,-0.0282170762859179,0.0180543413894953,0.0239653682975378,0.00291206431304568
3268,-0.0133321469833863,-0.00697258432924084,-0.0204136532286158,0.0128766406627779
3269,-0.0188023558415882,-0.00390844104998566,-0.0188697518374577,-0.00279646183518427
3270,-0.0151449055261322,0.00143332089359305,-0.0355584943596774,0.0251607159155424
3271,-0.0138653889962155,-0.0298607493769316,0.0103186406802035,-0.0411786054909367
3272,-0.0249463577705862,-0.00870323626944458,0.0243749525819124,0.00331936405818076
3273,-0.0258779090581184,0.00810654506024821,0.0124372604982741,-0.0105155367442536
3274,-0.0181151519656565,-0.010226079554273,-0.00798266860075126,-0.00174564020772196
3275,-0.0227563692116995,-0.0120841006766092,0.00379919875137868,-0.0137983684288332
3276,-0.027168235712628,0.00927746245029696,0.0172945583067637,-0.0205232503163791
3277,-0.0123519504859352,-0.00673386369759478,0.0208578014136629,0.0340878942012128
3278,-0.0270781623571311,0.023157035971247,0.0149257720635499,0.00123612653680717
3279,-0.00993691448759846,0.0239237595342017,-0.0127694951308527,0.0153615345112606
3280,-0.0266072825922986,0.0195573347615825,0.00692631846555287,0.0107428058260545
3281,-0.0233964072050079,0.0234758854134988,0.0109462789240775,0.00476778707449431
3282,-0.00999452586968721,-0.0225364250354053,0.00707007226692082,0.00997436233062446
3283,-0.0205319908659351,0.0116282089082282,0.0159012710526304,0.0242604714689873
3284,-0.0233736185673744,-0.00433588133410055,0.0150247012663183,-0.00551321759987337
3285,-0.00221686896893583,-0.00643325909649665,-0.00485468561158869,-0.000932442712198832
3286,-0.0106595569040557,-0.0172206422563503,-0.00818532600438565,-0.000483059823453413
3287,-0.0191437190580159,0.00646080063800723,-0.00130588186076955,-0.0332030273976395
3288,-0.0074937923603256,-0.0105590804181819,-0.0171568547789545,-0.0185666440808713
3289,-0.0188899324031775,-0.0269889130226247,0.0133945302707506,-0.00124559475576942
3290,-0.000452364087510704,-0.00265146547425298,0.00256300540934732,-0.00189194007856904
3291,-0.00322259141239331,-0.00281995322851923,-0.00488799835379448,-0.00688412806327252
3292,-0.0225594995736114,0.00872644720100978,0.00554602276578902,-0.00253010914717249
3293,-0.0198082876669122,0.015285928429264,-0.0090632771339301,0.0072793161685908
3294,-0.0261937474607985,0.0119727756369085,0.0122484436262285,0.0180172048484137
3295,-0.0253329283289503,0.0214478923745447,0.0137150492834256,-0.0162797671777959
3296,-0.0151710265152913,-0.00451116114345059,-0.0272598351756185,0.0234949431217805
3297,-0.018171043479888,-0.0177060708294216,0.00285291811579803,-0.00614810005237024
3298,-0.000119032480198469,-0.00115198579749616,0.00253091439939626,0.000947147036689223
3299,-0.00619741673814054,-0.0251239892466061,0.00979828965434378,0.00604612733341084
3300,-0.00697590642753427,-0.0278739546265549,0.00632192093453012,-0.0142064314410718
3301,-0.00346674643223203,-0.0115433181269866,0.000947988437301104,0.000361919705322514
3302,-0.0213355216132201,0.0180988040416588,0.00930314124419757,0.0134072868754424
3303,-0.0237174366160798,0.00908205385487063,0.0256495253223067,-0.000183982783273712
3304,-0.025061847042164,0.0162887866432894,0.000599118383770756,0.0233204760130957
3305,-0.00663329105053944,-0.00565284513028021,-0.00509287080920189,0.0163149313448982
3306,-0.0200831123127454,-0.0134035855779593,0.0117625923932474,0.0313818923253686
3307,-0.0110319811880105,-0.0255536641831807,0.0104216716809736,0.0104531739515858
3308,-0.00666809062885072,-0.0082809527789187,-0.0022183153984101,0.0124110447691496
3309,-0.00116570518528899,-0.0047304849088844,-0.00237108960339539,-0.000899836077829787
3310,-0.0276539159530691,0.00718966808598018,0.0270446761188296,0.0179134537019736
3311,-0.0159518101503876,-0.00541859178908644,-0.0170623077941739,-0.00589975362040839
3312,-0.021045156527584,-0.0232770860197662,0.0160577711906344,-0.00789073786336104
3313,-0.0192048655051076,-0.0239457744481139,0.00985333670929846,-0.00765224829536442
3314,-0.014366525057143,-0.0351930867627213,0.00323736096423408,-0.012557345953149
3315,-0.0216652911740056,-0.0156866113936468,0.00608142091948835,-0.000781136767602552
3316,-0.0178260149428061,-0.0249144615451406,-0.0109141539839493,-0.0191624997245185
3317,-0.0173046483069757,-0.0184124751134403,0.00911722997177682,-0.02974369657707
3318,-0.0244720410071621,-0.00492459477871377,0.0219614110616056,-0.0161655281340866
3319,-0.0289709102282621,0.0259041198667115,0.0231377662046696,0.00193592421538859
3320,-0.0113342409623845,0.0142194927251822,-0.00903015109672522,0.0301597337159357
3321,-0.0174436071677385,0.00398893622695357,-0.00111275366288685,0.0409515247556538
3322,-0.0252401611581068,0.0254569824153235,0.0159887640906946,-0.00239615338891004
3323,-0.0210754631420031,-0.00919847067693983,0.0205953023656178,0.0424874572420932
3324,-0.014818325176898,-0.00684617488356285,-0.0156212684203469,0.00378372794825034
3325,-0.00892712379361822,-0.0360154129203881,-0.0015156858060221,-0.0109106478102625
3326,-0.00527014766231798,-0.00299335046618539,0.00328669811880146,0.0130316302593006
3327,-0.000687701027243228,0.00160357855222908,-9.63776804904847e-05,0.00138770054946462
3328,-0.010022191141938,0.0134483754222974,-0.00673921205227707,0.00901149826932403
3329,-0.0201265773020779,0.0198124036780411,-0.00929362019580001,0.0239866585022312
3330,-0.0228753641435737,0.000984983514183982,0.0153196776010071,0.0228723247982957
3331,-0.00876896107321455,-0.0210730230258442,-0.00261678698711653,0.0192424985040265
3332,-0.00612322019355612,-0.010763679890752,0.00630730579582559,0.0046960161199897
3333,-0.00819710715894469,-0.024934969808495,0.0168600800028653,0.00925988133435152
3334,-0.00439025574346732,-0.00709772420431172,-0.00110211893573818,0.00846126695476029
3335,-0.0185143640872486,-0.00864520104102376,0.0150357618145307,0.0250646268636258
3336,-0.00809478871705304,0.00484559760703082,-0.00822041347324956,-0.0242945469266623
3337,-0.00347933331847254,-0.00240031393562227,-0.00599846167584874,-0.0134661719240282
3338,-0.00197058046827303,-0.00162888465712759,-0.00343281618459037,-0.00462217716799644
3339,-0.00143428144028208,-0.00253681512630141,-0.00302815329848982,-0.00100292970710136
3340,-0.021501775724063,-0.00089777769633387,0.00856325509749934,-0.0347347569983353
3341,-0.0112233387231202,-0.00868375716742942,-0.0197525352822333,0.00849839949769055
3342,-0.0302107004877932,0.0257891534754056,0.020572993494426,0.00196858570027661
3343,-0.00992043138369167,0.00636937806001488,0.000815819800810399,0.02777889333157
3344,-0.00723600710687842,-0.0203189818302421,0.000264024338085859,0.00700172460349432
3345,-0.00179652679689079,-0.00313974541188631,0.000424087224881728,0.00508880290375754
3346,-0.0143612168010808,-0.0049992326982998,-0.0102349012217341,-0.00406493183147273
3347,-0.00803960507783533,-0.0113562689008902,-0.0129945263414851,-0.0187326312939874
3348,-0.0097652012641174,-0.0202663575781249,-0.0123969866125695,0.00882384093258902
3349,-0.00940990108955014,-0.00373164648763252,-0.0175257320564053,-0.0139773424931677
3350,-0.0112547812811223,-0.0317479478538791,-0.00039771010901013,-0.0100642735159528
3351,-0.0130364493659613,-0.0145297814712468,-0.0158480422062667,-0.00886068960679797
3352,-0.0229297390466402,0.018072569145017,0.000531392182775934,-0.00142131563634437
3353,-0.00273354390007578,-0.00356184214405108,-0.00124590861903843,-0.00925197367141961
3354,-0.0105773672392344,0.0171322200629591,-0.000423471285769912,-0.00943548559719493
3355,-0.0192266954283513,0.0143742721283902,-0.00935325717846069,0.0406973135522722
3356,-0.000484294003720893,0.000941679602389603,0.00618370872911178,0.00627293789378162
3357,-0.0107452237160884,0.0157753756656107,-0.0106060333045588,0.0104674499475556
3358,-0.00322819933191738,0.00176274398930618,-0.00316472857051065,0.0131772623730372
3359,-0.0205893886247131,-0.014268194419322,0.0189701477233764,0.0191345781808869
3360,-0.0136951103430897,-0.0284083506336556,-0.0280867041770231,-0.0295128405311375
3361,-0.0121290647170443,-0.0118368886417807,-0.019897750068996,-0.0303843000872744
3362,-0.000312238971963479,0.0029607023407594,-0.00397491651327481,-0.001759599405827
3363,-0.0106334549214018,-0.0148805215568626,-0.0196565959407837,-0.0266548126361379
3364,-0.00115982964029774,-0.00146916765498278,0.000254001820116587,-0.00703024324399397
3365,-0.0145417780824172,-0.0286896556265884,-0.0190506268021475,-0.0251712483634181
3366,-0.0106456884146158,-0.0236049613116404,-0.018073302675604,-0.0215100240108346
3367,-0.0190063836544102,-0.0280190704496454,0.0141779427521686,-0.0221541374661792
3368,-0.000600463786178336,0.000404679889690432,-0.00371523657950663,-0.00318195054440009
3369,-0.0245319460867769,0.00536306326155988,0.0217980728041976,0.00242197137499026
3370,-0.00170324666913923,-0.00636739009876995,0.00615980902411675,0.00170767039090886
3371,-0.00719447017376716,-0.0150171690830714,-0.0201414576272318,-0.0160715816069999
3372,-0.00442263433452813,-0.0030499595257865,-0.0180680911899548,-0.00965947917187237
3373,-0.00918513105100975,-0.0189675056354607,-0.0262703391371878,-0.0174774495158566
3374,-0.0155082193143514,-0.033833758135317,0.00111012786936713,-0.0082435779799555
3375,-0.0216139389168667,0.0117484834342091,0.00234831876474716,0.000545561349302736
3376,-0.0220613020181331,0.0228918802758439,0.00222658894040774,-0.00207249023600246
3377,-0.011889050606344,0.0118921010639004,-0.010187819487631,0.02889865822375
3378,-0.0217423431006999,0.0263627424403744,0.00226650554953872,0.0221883985344982
3379,-0.0235992274303032,0.00554796833044559,0.0134661885467058,0.0237403829070437
3380,-0.0173408326702153,-0.00556106414280627,-0.0095249469472962,0.00180984108406207
3381,-0.0107654697083796,-0.0193393733549213,-0.0215609927072849,0.0192162580551688
3382,-0.00038571462554686,0.000226766986535418,0.00077643021171336,-0.000463333533375476
3383,-0.014907052579522,-0.0323232781403409,-0.00465877571437061,-0.029929800593222
3384,-0.0225157035295901,0.0251419108501283,0.00861609776835075,-0.000370892146616534
3385,-0.0268247425142679,0.0210979317072807,0.0187545087071543,-0.00100198501754606
3386,-0.00393335039277608,0.00269545545023811,0.00048664336625501,0.00321241054492548
3387,-0.00821929126527941,-0.0157685935830699,-0.00197582845495291,0.00219895106267161
3388,-0.0146786282847478,-0.0274076415422245,0.0165558114599373,-0.0447195589538185
3389,-0.0163650856678134,-0.0108188960622937,-0.00690202784118923,-0.0453495900368416
3390,-0.0194728431650752,-0.0371280843377577,0.0150624425512099,-0.0095893610347402
3391,-0.000264208922740734,-0.000578341842804286,-0.00104170845273767,0.000678624167990711
3392,-0.0106886189400094,-0.035628422509085,0.000709832771864482,-0.0199859617859969
3393,-0.0220758467058783,0.00943532089573814,0.00602672750669414,-0.0263760078630041
3394,-0.0220548804678165,-0.0253706534518363,0.0149475509055246,-0.0254029899958202
3395,-0.0243201052345154,0.0193163690580511,0.00742293372871177,-0.0137957079159562
3396,-0.00262265911293965,-0.00761927525744771,-0.000370116677207968,0.0029861489142427
3397,-0.00904067433978695,-0.0169058015210401,-0.00648559560230687,-0.0155377833178022
3398,-0.0200333967093688,0.0206696546408191,-0.0068236591007566,-0.0223488987405963
3399,-0.0238051649120154,0.0186998092683254,0.00742082084771399,-0.0242202072731179
3400,-0.00490419155341641,-0.0122650860697252,0.000514316705713667,-0.0185140887032232
3401,-0.00325063657776801,-0.00856205229797273,-0.00155195084271123,-0.00112549347713561
3402,-0.00517706632075949,-0.0117814535448611,-0.00563774924760363,-0.0176208511045784
3403,-0.0171196226450672,-0.00903097478074487,-0.0117889790512801,-0.0327960332372901
3404,-0.00631063418030543,-0.0142615285431398,-0.00477149774771369,-0.0269894976310276
3405,-0.00582007315126912,-0.020192317174689,0.000526084428052892,-0.00123066450531265
3406,-0.0137630804418428,0.0208574102598253,-0.0104442116785185,0.0257315877930363
3407,0.000189744253001412,0.000524987329339591,0.00528484264202745,-0.00319733533024616
3408,-0.00293585014997779,-0.00249154752801668,-0.000406845439705117,-0.0138892270901259
3409,-0.020525767289485,-0.00493277867993648,0.0167845953990273,0.0087520869508041
3410,-0.000107201138883458,-0.000855430335127791,0.000116287029880236,0.00125525438534145
3411,-0.00082565395570801,0.00135515567300227,0.00304505223761358,-0.00509817746762055
3412,-0.020837864169782,-0.0134731953312796,0.00949232470627957,-0.0206914664055481
3413,-0.0263300879699853,0.00815351047312656,0.0189564918746595,-0.0260027232971097
3414,-0.013038406519765,-0.0347048648539412,0.00468354523662286,-0.013710086799125
3415,-0.000299150028777286,-0.00344425523879942,0.000911954146452801,-0.00319476314313161
3416,-0.00284785463036582,-0.0110336573324697,-0.000394595990468779,-0.00961071314716118
3417,-0.0109081336893218,-0.0223763329364372,-0.00620864484867316,-0.064695200702862
3418,-0.00789523978700198,-0.0162037312574709,-0.00182159148778903,-0.0501930070167902
3419,-0.0151705737354715,0.0154459742169287,-0.0152476524345073,-0.0274549486983672
3420,-0.00998152944751904,0.0107630130235336,-0.0185072227117684,-0.0218256478471938
3421,-0.00938966706728379,0.00995286431937439,-0.00793612407945023,-0.0339237095071308
3422,-0.00666703538875407,0.0104699465622388,-0.0106072932691651,-0.0226496716748362
3423,-0.00524781564461602,0.00987052145022178,-0.00955530184900942,-0.0207192060794335
3424,-0.00321709880064619,0.0047433923332981,-0.00598263934896454,-0.0186135453945172
3425,-0.00128993896606929,-0.0022843244566527,-0.0022279690855896,-0.0036501223702906
3426,-0.00633458873061514,0.00241790653439358,-0.0190628482248569,-0.00378052561131717
3427,-0.0231359475927537,-0.0116896121798383,0.00492187908988033,0.00507415160624251
3428,-0.0088453396712635,0.0100722266201319,-0.0341969324437534,-0.00139385735629757
3429,-0.00744388180329059,-0.0184715757395618,0.00543886115142683,-0.0210124069120846
3430,-0.0297098873954755,0.0152721853265165,0.0272171536803664,-0.00181972516358411
3431,-0.0151709786395445,-0.00143117052365025,-0.0218268776184647,-0.0156377244109976
3432,-0.00707285492061139,0.00122761006765002,-0.0270694747475528,-0.00725753890617085
3433,-0.00954464645821293,-0.0084291818383168,-0.0297188476315817,-0.00896090266175772
3434,-0.0198238402637364,-0.00794878994913197,-0.0133149751520032,-0.0367885789307618
3435,-0.0180134538352204,-0.0188643690278936,0.0192490645335653,-0.0298877867169167
3436,-0.0140484194592084,-0.026304156463587,-0.0123944428928023,0.00699268445671013
3437,-0.0160196080794028,-0.0362775724004171,0.00183778271751097,-0.00530350688267552
3438,-0.0158755779351049,-0.0357812523070663,0.00959024715605089,-0.00914345803320934
3439,-0.0149304128084045,-0.0256459961379065,0.00409098583247591,-0.000476390221497202
3440,-0.0246872521394958,-0.00106356549519217,0.0199862944184944,-0.0253648548796627
3441,-0.0212691915927576,-0.00300595324949693,0.00327127538090427,-0.0328928259877486
3442,-0.027873679011381,0.000382627333131235,0.0298980289516238,0.00514283005635862
3443,-0.0193064097043751,-0.0138941299758829,0.00687516893344124,0.00679915361384711
3444,-0.0235828425401138,-0.00164631174645166,0.0229747111985292,0.00282862598322561
3445,-0.0220203272860987,0.0193209562699741,0.000873934674728085,0.00644649548022334
3446,-0.000378991453618866,-0.000117894623155577,-0.00107052595621629,0.00049438055106394
3447,-0.0170202194792855,0.0169717761293399,-0.0113929333651967,-0.00559223891973115
3448,-0.00999499436640809,0.00726418665406054,-0.0234474482192076,-0.0021496242919298
3449,-0.00985169905954661,0.00973526236943911,-0.0237605111802258,-0.00327612243772159
3450,-0.00952434336380731,-0.0036805955509161,-0.0255338625356459,0.00537255014934913
3451,-0.0105940109593692,-0.00316816209251366,-0.0151160813075496,-0.0064733249590513
3452,-0.0168811972572203,0.0100146994104967,0.00158947450610227,-0.0176492657382219
3453,-0.00858398917159578,0.00214874052253283,-0.00669853308702527,-0.0145301738795526
3454,-0.00703274408875512,0.00119833492961919,-0.0157091698161527,-0.0129482094544803
3455,-0.00990891159642152,0.00906938754663644,-0.00711839264081063,-0.0330829158707825
3456,-0.017802696997873,0.0186233630586838,-0.0049943886617608,-0.0197831799437271
3457,-0.0208776954915636,0.0169942659087117,0.000777587485740878,-0.0162983284842148
3458,-0.0227825566045357,0.00835487932293372,0.00706216598383371,-0.0193869105267186
3459,-0.016983020188599,-0.0269339986978669,0.0107616135762306,-0.0348316617199757
3460,-0.0200338818514257,0.00867067586503022,0.00195152602648582,-0.0288063713743746
3461,-0.0253212050803947,0.0112715863329493,0.0203621019871606,-0.0178274508401359
3462,-0.0247923130556284,0.0091989930729704,0.0192167171814264,-0.0242764793557086
3463,-0.0209231881569374,0.0118839906282053,0.00820501230523162,-0.0218343355362721
3464,-0.0147764777849369,0.0168508649388856,-0.0172014223714179,-0.0130442149844506
3465,-0.0231525588454357,0.00324506092837321,0.0215066352385062,-0.0147025169044204
3466,-0.0191679491563156,0.000680561673082619,-0.000918536753386568,0.0144727663653372
3467,-0.0173262492607242,0.0143280143846,-0.0119833530243804,-0.0153956692105714
3468,-0.0133077202427647,0.0104741539830126,-0.0166440817381924,-0.00833034200750862
3469,-0.0124556676188339,0.0110390875529264,-0.0180580686040634,-0.0146845443648354
3470,-0.00936980306823359,-0.0170463863710568,-0.0176500391076574,0.00239196602115617
3471,-0.02015336354731,0.00366715027148603,-0.00526149077694766,0.00794658326480824
3472,-0.0157594159816308,-0.0251444919001579,-0.024362582832428,0.0277393796852017
3473,-0.0133455070493285,-0.0174663463058625,-0.0171489048691203,-0.0112028018473925
3474,-0.0109723855648692,0.00251577423262357,-0.0305855421815767,-0.0138200374171624
3475,-0.0102987924445538,-0.00177093982129005,-0.0242910332545544,-0.0107057471678262
3476,-0.0191987808175432,0.0282594340341565,-0.00122319341536296,0.00614364404274967
3477,-0.0124109908047913,-0.0139000298174721,0.00717748517379655,0.00904838520191438
3478,-0.00903367141232767,-0.0110030074728117,-0.00954736364027655,0.0114455558668629
3479,-0.0135989942160887,-0.0326619878470483,0.0102886308975069,0.0224744736864809
3480,-0.00323518970560957,-0.00606028076727521,0.00276436251818466,0.00180142904471514
3482,-0.0222764567028081,-0.00188922027202749,-0.0060786124741681,0.0222663791999093
3483,-0.019598129562882,-0.0223502784103434,0.0125951920294043,-0.00457882896170115
3484,-0.0153993920573395,-0.0148718620122489,-0.0145411682546486,-0.00733388691097788
3485,-0.0188855916007352,-0.00856444949626469,0.000632191428823618,-0.0306673539976105
3486,-0.0208160640239,-0.00903151368520752,0.00716912768194453,-0.0293757181372923
3487,-0.0204231989409096,-0.0251509585663015,0.0167996009878718,0.014631288806912
3488,-0.0217059453269927,0.00463455654239596,0.00452526698342679,-0.0133345957436656
3489,-0.0221659966996203,-0.0244424778822515,0.0237943950099964,-0.0135686097900793
3490,-0.0116811503383996,-0.0297998061080965,-0.00910481041438929,-0.00425875800669042
3491,-0.0135176551691926,-0.0177371347516281,-0.00130763734396208,-0.0218585628272554
3492,-0.0214616230539018,-0.0184848603659294,0.0142320085802733,0.00604668074001976
3493,-0.0133437654917216,-0.0326366147271367,-0.00566084363835795,-0.0146560601974896
3494,-0.0259194687523738,-0.00259103842269171,0.0224005201548711,-0.000397548458115746
3495,-0.0108548713503704,-0.0340245461212399,0.00307773777318387,-0.0142648395234112
3496,-0.013857539149925,-0.0381615680784862,0.00340398023344303,-0.0214122212923585
3497,-0.0129385077648692,-0.0364746718478298,-0.00269260889383946,-0.0140393659724467
3498,-0.0129031574401692,-0.0278608447083507,0.0011910520266295,-0.0162741867636946
3499,-0.0225006353830102,0.0200592719045088,0.00543722788657126,-0.024937766413857
3500,-0.018772358859358,-0.0313249243562109,0.0230777208859488,-0.0170074211535474
3501,-0.0181705908525835,-0.0360288447455888,0.0192656471565106,0.00456171307362685
3502,-0.00884454678934962,0.0179398561281542,-0.0186293098723306,0.0252056685421553
3503,-0.0229389676042861,0.0235833712911502,0.00792715578559967,0.00940500709177587
3504,-0.0238531638999026,0.0224089611160321,0.00616723332899004,-0.00705525483481951
3505,-0.014093627148951,-0.0263943252102693,0.0153756992210521,0.0236540324400675
3506,-0.0190373237901992,-0.022141531842357,0.022316632152114,0.0277267372346942
3508,-0.00549735685216792,-0.0146397844947378,-8.57506499978185e-05,0.00504187153118041
3509,-0.0293740957176448,0.0155705822075898,0.0272346804718503,0.0021556073918187
3510,-0.0206744515819466,0.0222232576951998,0.0067673851093762,0.0188486671318279
3511,-0.0264502138760141,0.0315749938944049,0.00969793197974271,0.000778645205606911
3512,-0.0177343190001363,0.0148645221064832,-0.00517325936624711,0.00105828204255771
3513,-0.0246883836762709,0.019426353637289,0.0160831467007515,0.00383982038094631
3515,-0.0062254178999514,-0.0131795550173176,-0.00469262117073613,-0.019141537030684
3516,-0.013125014900334,-0.00404127155396369,-0.0208078745337039,-0.0330980269318187
3517,-0.010593202143504,-0.00879247228237888,-0.0326093568088269,-0.0169149708592424
3518,-0.0235954065999446,0.00876157342738691,0.00926172360076886,-0.00321464461991105
3519,-0.00721024770380519,-0.00071132967918462,-0.00759747307230701,-0.00832124431888153
3520,-0.00045959616406364,0.000330709384332056,0.000590079757737653,0.000424133225825306
3521,-0.0251584871066703,0.0154856232842326,0.0188837086484495,-0.0177642390239514
3522,-0.0169799010075561,0.0173570949205828,-0.0045046731079382,-0.0112955586120231
3523,-0.00978224721861115,-0.0152683711996952,-0.00478886775070766,-0.0010231979162195
3524,-0.0145506317840534,0.0103345356948247,-0.0150318246587372,-0.0213969526309847
3525,-0.0105236854149648,0.00421904268177499,-0.0179616044741438,-0.0143306810608487
3526,-0.00939731223572345,0.00748541668589321,-0.022142844910918,-0.0179006011361178
3527,-0.0202135100123081,-0.00151429269452197,0.00950575312490758,-0.0298422966940869
3528,-0.0215238428971763,0.0124264535222406,-0.00146255973163877,-0.0269238290766635
3529,-0.017712337088314,0.00287394307681037,-0.00575091514524919,-0.0450308650908126
3530,-0.000747605157851754,-0.00184158256057138,-0.00244808262685974,-0.00205176681853564
3531,-0.0163768197015855,0.00832975461324863,-0.0150959502577258,0.00743346736195255
3532,-0.00809012208423757,0.0100804854255346,-0.0208392209270637,0.00275535690445133
3533,-0.00589225240468912,-0.0042031584612706,-0.0173478129868485,-0.0122881721563041
3534,-0.00905094765664044,-0.00548753439441254,-0.0267036371183888,-0.010689519985557
3535,-0.00277537594240521,-0.00370606602745782,6.16811901850327e-05,-0.0105718732170623
3536,-0.00357598232647072,-0.00718648095217046,-0.00369122467429331,-0.00162979749817274
3537,-0.00026833094744426,-0.000114318384735656,0.000665264276248303,0.000798177815368063
3538,-0.0097543927540963,-0.0105497650009249,-0.0138375794018528,-0.0475087211339509
3539,-0.00805050053697472,0.00247443848636242,-0.00323954745311907,-0.00659543282011233
3540,-0.0107273801055401,-0.00207033129009714,-0.0034122430645294,-0.0139616210404693
3541,-0.0214393441288227,-0.0187125043387315,0.0243254748678252,0.0269113558425205
3542,-0.0159683458065438,0.010691049412533,-0.0250875254642212,0.0243858007511449
3543,-0.0212883588026947,0.0251253029016511,0.0127040621080315,0.00838375173513486
3544,-0.0207490645648738,0.000123422146934191,0.0056479503894505,0.019269491513008
3545,-0.0126355799739335,-0.0228478570026542,0.00413276147426034,0.0241337387440247
3546,-0.0177422715374669,-0.0290200408577995,0.0181266159857684,-0.026279237991372
3547,-0.0170569725551712,-0.0444641032878175,0.0149999716090341,-0.00846958460152497
3548,-0.00909544721843074,-0.00435321297481021,-0.00676740584039557,0.0156963710544727
3549,-0.0206508648428537,0.018417775989194,-0.00375674697747473,0.00192571466610605
3550,-0.0141007375447547,-0.029698678643765,0.00378225388832541,-0.0339653843151841
3551,-0.0275467978801081,0.0233466183275157,0.016909284495198,-0.0083131798010748
3552,-0.012200046439507,-0.0282748175525883,0.0127198945234285,0.026784340342851
3553,-0.0130821597392256,-0.0203068557201637,0.0119684460048695,5.92884678206896e-05
3554,-0.00154149060839357,-0.00596377879217196,0.0018951743552492,0.00254151739837082
3555,-0.00379199873653693,0.00272754854048278,-0.00536149565195902,0.00798972241601425
3556,-0.0231280525866676,0.0264116240496273,0.0086586414172057,0.0082600857788422
3557,-0.00690166472598465,0.0143336805868357,-0.0110229772663852,-0.0169812555794695
3558,-0.000600597530358441,-0.0029837571192373,-2.74866939749234e-05,0.000535040472179428
3559,-0.0218535561940567,-0.0266986174689678,0.0191516830169343,-0.0263618523582014
3560,-0.0137720206495911,0.0177999672137238,-0.0167477170715692,-0.0207024970698136
3561,-0.00582046155802447,-0.0157052238518894,-0.0048365237818615,-0.00370831639286574
3562,-0.00872574458901015,-0.000784566519599544,-0.0277379270162942,-0.00297384322347653
3563,-0.00998451958751663,-0.00665410356616023,-0.0183790162656995,-0.01352145429919
3564,-0.0136191979474095,-0.00708242954178045,-0.0189121413238041,-0.0332501584687979
3565,-0.01569833288021,5.43823252375644e-05,-0.0196905515329753,-0.0350089403007938
3566,-0.0144744015543956,-0.0377009699775948,0.00381809292043893,-0.014474800478161
3567,-0.0239232791723062,0.0181856076246817,0.00887245226555379,0.00658508213264305
3568,-0.0157129626736018,-0.00375362076102534,-0.0127817850374242,0.00983738451107788
3569,-0.022690199730863,-0.02008289966092,0.0229772096594004,-0.00393936081198581
3570,-0.022888057924212,0.000942511841746599,0.0132444439040342,-0.0142486231518763
3571,-0.0116118796834244,-0.0383953352239357,0.00172381924702735,-0.0048358517627516
3572,-0.0213881061834201,-0.0205397963084035,0.014931980311943,-0.0140447604925894
3573,-0.00998623856402427,-0.0336922494197445,-0.00114503814374511,0.0197935687066513
3574,-0.0045548979460383,-0.00854425591503162,-0.00931267392324043,0.00250103034408708
3575,-0.00206403475440944,-0.0046185998503991,0.000696712824658963,-0.00265975030708146
3576,-0.0224275258589585,-0.0196095046144584,0.0208256873409535,-0.00554957672935034
3577,-0.00470604255216008,0.0042105565713779,-0.0151120548450817,0.00244089441232204
3578,-0.0159087446910951,0.0196528440736651,-0.00686572222420014,0.0178452136119759
3579,-0.0133878582436379,-0.0332801655473251,0.000138038828991528,0.0124453848917287
3580,-0.0116962321555049,-0.0241206596733589,0.0149977613468087,0.0383541372905629
3581,-0.00948863020780529,0.0125387404222558,-0.0110718734516787,0.0286150816411372
3582,-0.0150697552231494,0.0263927942858964,-0.0176565333733032,0.0174064679113064
3583,-0.0170947146565333,0.0259837455346659,0.000162718764024391,-0.00389506011412488
3584,-0.0245231660977722,0.0211265329179859,0.00905863530287327,-0.000912511269998393
3585,-0.000731204356127914,-0.00189109777594927,-0.00180402243741405,-0.00158735931203525
3586,-0.00111342554265709,-0.00602734189133681,0.00454029046585454,0.00308973219871987
3587,-0.0185513694821133,-0.00918594816792087,-0.0134850352948644,0.0448828390442081
3588,-0.00618245423636868,-0.0139376121874478,-0.00990326041987652,-0.0225409589227477
3589,-0.00943266933534806,-0.00669595262257229,-0.00625694357804728,-0.0426513310749554
3590,-0.0151239756632629,-0.00416452777026954,-0.0092850286093428,-0.0230315359454865
3591,-0.0164650944883926,0.0185040266812636,-0.0133959934065309,-0.00512124494920618
3592,-0.0258541185372071,0.0128667794053275,0.0169894933992025,-0.0283312380273289
3593,-0.0133436719233586,0.00916289955050175,-0.013189914670793,-0.031101236417532
3594,-0.00850955475748919,0.00833165776355755,-0.013702731835244,-0.0186007119914739
3595,-0.0086691857638923,0.0125398370746886,-0.0025563442590569,-0.030428876455495
3596,-0.0135395978183821,0.0115183020068305,-0.00891869109151072,-0.0266736427132369
3597,-0.0170602552016229,0.0155982867678261,-0.00588153064934532,-0.0181244062767689
3598,-0.000226608499822943,0.00204193871340734,0.00142656995927254,-0.0010623836706282
3599,-0.00795040130122341,0.0012138668876694,-0.0201801981151068,-0.00863240244256985
3600,-0.023787823540608,0.0154569785592356,-0.00279207395840332,0.0243180296839226
3601,-0.00963623988340586,-0.0185873847863647,-0.00634980518443728,-0.0184125115799244
3602,-0.0174582132974049,0.00701206721692311,-0.0226669369165031,0.00122328657993303
3603,-0.00765079124659548,-0.0083796852124559,-0.00890167967796457,-0.0230319012629525
3604,-0.0075626686132045,-0.00881930226110284,-0.0206787775435068,0.00134187505434512
3605,-0.0138486445956832,-0.0278079032705832,0.00107809760440261,-0.0363772990783866
3606,-0.00414053234733203,-0.00887042698586176,0.00219711735437056,-0.0136814773754521
3607,-0.0092175994075746,-0.0192125971128011,-0.00745840954036067,0.0144162087031125
3608,-0.0206822709082352,-0.00798123711320135,0.00575655630254866,0.0388179455450275
3609,-0.00436015929368264,-0.00702189062161743,-7.03610784309594e-05,0.000763601763549238
3610,-0.00450627480976385,-0.0130802566723369,0.000141094135730633,0.0030501674148843
3611,-0.00662151866653089,-0.0260647863461347,0.00732967218789585,0.00977324671450641
3612,-0.00647493478225355,0.0158864694712959,-0.00595152044616122,0.00544476656043114
3613,-0.0108832526923402,-0.0103399174201349,0.00487472256304991,0.0100641890243459
3614,-0.0132279356966083,-0.0368090237978369,0.00892697219099917,0.0161276746725664
3615,-0.00298807625018807,-0.00658110233574463,-0.000701683662688908,0.000112434117929079
3616,-0.0177710313447392,0.0194676199371196,-0.011169982766405,0.031030330373524
3618,-0.0239042920655533,0.0148078299544487,0.0160649976503719,0.00348738272023495
3619,-0.0158582336687934,0.0157492012940504,-0.00463667384704573,-0.0183070455579087
3620,-0.0190697509353303,0.00295344502247076,-0.00204261918349439,0.0237969366873525
3621,-0.00225020670463084,-0.00548660819611272,-0.00246348125859371,-0.00761808076786688
3622,-0.00283454068497219,0.00171256560877636,-0.00172251697915179,0.00821400486288527
3623,-0.0267607539673904,0.0171094088469693,0.0174088306119892,0.00319613306935684
3624,-0.0207084144432957,0.0131326599784306,3.84320892025838e-05,0.0151636074756215
3625,-0.012783276332412,-0.0329069380491656,-0.00788757270159692,-0.00671413201351042
3626,-0.0241710798587473,-0.00686641556581878,0.0224319463390596,-0.0148274211973104
3627,-0.0169907235491113,-0.0344998807874299,0.0194941885449843,-0.0086496079007983
3628,-0.021656893842371,-0.009348102795421,0.0133219967593722,-0.0276699391183401
3629,-0.00756194431124337,-0.0150975422024468,-0.0131188010776279,-0.00178119249907967
3630,-0.000767850369282839,-0.00423194235879847,-0.000777390033946683,-0.0101934596693158
3631,-0.00123721660190241,-0.000107867477914,-0.00285461677042397,-0.00130920360198368
3632,-0.00951877437354506,0.0096340356281369,-0.0233684665536134,-0.0220765715578556
3633,-0.00460255470697541,-0.0105609805597322,-0.00733693287772451,-0.0202479261818078
3634,-0.0147368899074976,0.0222649790963364,-0.00502632111932289,0.00714038946314377
3635,-0.00475022774981802,-0.016153738098024,0.00730895198028524,0.0123686275884369
3636,-0.000513611783294305,0.00264347354820419,-0.00402839865683046,0.00217644093507695
3637,-0.0196088965800721,0.0197461165257177,-0.00111748689325907,0.0152100688823961
3638,-0.00221748257549385,-0.00363314231378119,0.00259237655998246,0.00923069131815749
3639,-0.00633679484106269,0.00373155545485892,-0.0139434075278538,0.0102083354789044
3640,-0.00697647251026789,-0.00470319516910497,-0.00170638945687465,0.00808346262094087
3641,-0.0047193423022979,-0.0093626246453713,0.0044667693367499,0.0106073263719989
3642,-0.000642844089490989,0.00189146199546972,-0.0011191291727077,0.00751300041217171
3644,-0.0116758505257116,0.0222775113261536,-0.0171457247720307,-0.0181782605323184
3645,-2.83941452903461e-05,0.000253683636831024,0.000991054622568064,0.00125243532900239
3646,-0.0011000091510129,0.000957094908231899,-0.00135053529799252,-0.0031631639864415
3647,-0.000767029504057403,0.000815070213416411,-4.92973045540296e-05,0.00298572911000601
3648,-0.0255251975501321,0.0134564551493623,0.021665519776838,0.0175368010334101
3649,-0.00546793532263256,-0.0162242236582032,-0.00116430022135408,0.00747216841354216
3650,-0.00997389060282159,0.0103113872123218,-0.00691999385846606,0.0149859940918517
3651,-0.0207595178664637,0.00768534461525193,0.00752693482454916,0.0237586408752787
3652,-0.0310841185794027,0.017304268062223,0.0284536602413388,0.0128836948385688
3653,-0.00834725095384855,0.00498007593638903,-0.0103306103288111,0.0109726183075176
3654,-0.000416696400153552,-5.14351824428179e-05,-0.00156908266793402,-0.000374116660030504
3655,-0.00265660689308131,-0.00606711618541617,-0.000893817697308504,-0.00244669080434426
3656,-0.0105877281415641,0.000214431605659493,-0.0123874470854716,0.0247922963730775
3657,-0.00202260377920636,-0.00241075321605523,0.00812126110503787,-0.00125710616675541
3658,-0.00980685830591676,-0.0253745047099007,0.00454948311763358,0.00707023338760847
3659,-4.368361370337e-05,-3.12117879297512e-05,0.000182265021546391,0.000415823103324904
3661,-0.00224769717422433,-0.00424141179344849,-0.00216550914181889,0.00264890749578886
3662,-0.00946443072562836,0.0149104899834921,0.00166901757165174,0.0109265777890978
3663,-0.00911611030344728,-0.0087530229447793,-9.35533369961538e-05,0.0201357400765122
3664,-0.0192754906149943,-0.0237579687341281,0.0340215010292989,0.0228265387443056
3665,-0.0291370490059144,0.00970061800204183,0.030818776527523,0.0191135004428384
3666,-0.00461079035473659,-0.000413803818466669,-0.00556243980696398,0.00204697969868833
3667,-0.00662621810739215,-0.00197230522513637,-0.000874848693486258,0.012107580978394
3668,-0.0106908410479921,-0.0172133614692962,0.00110102152670377,0.0275546143878744
3669,-0.0147780643289729,-0.0178794110465773,0.0291493459649575,0.0299148393530823
3670,-0.0276297446037218,0.026906837315271,0.00339985367931177,0.0134240798661605
3671,-0.019609168427369,0.0110464612491365,0.00703934275327403,-0.0331864244036852
3672,-0.0160962407215555,0.00940112750297951,0.00369584298175635,-0.0367584014017705
3673,-0.0106356218874464,0.0107106289235292,-0.0112245771516786,-0.0227413455574317
3674,-0.0133963427479009,-0.0309899493498821,0.00554390767268115,-0.012117218175175
3675,-0.00977018683997294,-0.0090656878413191,-0.0100789560116769,-0.0227515713296896
3676,-0.00840026108116576,-0.00538913865519337,-0.0060153911635517,-0.0215970018512921
3677,-0.0128299541407507,-0.00590561506552648,0.00244872861970343,-0.0332610953902046
3678,-0.00628604721858846,-0.0133213023849992,-0.00703239285647432,-0.0229342826521623
3679,-0.0160936833635427,-0.0376271326955756,0.0252875653919634,0.00815293963840053
3680,-0.0178299331239594,-0.00190562127510852,-0.00391985475237896,-0.043615672149725
3681,-0.0207550333354125,0.00183041883141279,0.00500794778596628,-0.0421340711618696
3682,-0.0214665295354206,0.00318850261710261,0.00799729590241486,-0.0300898599773386
3683,-0.018026146348414,-0.0348354057001022,0.02712249650733,-0.0189879776679663
3684,-0.0189445802824319,-0.00373727263281928,0.0160389422736805,-0.0362005524676893
3685,-0.00474439625519784,-0.00528424834511834,-0.00288586818558045,-0.0235300522768805
3686,-0.0200983794320653,-0.0128329189546475,0.0169162436046104,-0.0409724783602745
3687,-0.00239704780764858,0.000846598538652921,0.00330962875344433,-0.016253703749742
3688,-0.00760529813783291,-0.0122003697593616,0.00182944230676479,-0.0343034146660282
3689,-0.00353781671380824,-0.0121077638313477,0.0114760549505012,-0.019265276838209
3690,-0.0189970387538626,-0.0200057296796526,0.00469644876264775,-0.0298087991942309
3691,-0.0157916391606122,0.0072196774929072,-0.00890719604642795,-0.0375511665254697
3692,-0.00533599084410997,0.00296233227390997,-0.00546648631611393,-0.0107980417918387
3693,-0.00446366182300844,0.00422322043996418,-0.000415093446327685,-0.0135012451699031
3694,-0.00285582424091586,0.000421962323188824,-0.00414126847816972,-0.00447344857109081
3695,-0.00453607653264265,0.000536927207283089,-0.0078274978835315,-0.014331605952719
3696,-0.00473314607998512,0.00184227042492941,-0.00458501696784475,-0.0140786293773633
3697,-0.010647344154618,-0.00936661886865757,0.00432375794529196,0.0152442461887942
3698,-0.00205083694092546,-0.003406813689236,-0.00249129124784694,0.00178147298000751
3699,-0.00420430780355605,0.00586397622319925,-0.0147196979058288,-0.00409384890656635
3700,-0.0110771087904949,0.0105064387683168,-0.00213955591035974,0.000983865167581026
3701,-0.0109427723571296,-0.0230352755478106,0.0154792422212693,-0.0210343082753773
3702,-0.0269835157575427,0.0232392296426458,0.0167793157812599,0.0113754450949122
3703,-0.0233648374419169,-0.0128576647960616,0.0332035805590657,0.0292721960951428
3704,-0.0035531503796328,-0.0114994084858829,0.0138931138006988,0.0136676142590326
3705,-0.0080408778171017,-0.0233175195689514,0.0138367421267612,0.0276906212706319
3706,-0.0254574998006377,0.0070249447993456,0.021126579799752,0.0246182558312259
